timestamp,elapsed_sec,ear_left,ear_right,ear_avg,mar,perclos,status,ear_counter,mar_counter,platform,lighting_condition
23:05:29.728,2.482,0.4115,0.4,0.4057,0.3842,0.0,NORMAL,0,0,Windows,unspecified
23:05:29.820,2.574,0.4115,0.4134,0.4124,0.3842,0.0,NORMAL,0,0,Windows,unspecified
23:05:29.850,2.604,0.3946,0.3987,0.3966,0.3754,0.0,NORMAL,0,0,Windows,unspecified
23:05:29.921,2.675,0.3967,0.398,0.3973,0.3882,0.0,NORMAL,0,0,Windows,unspecified
23:05:29.956,2.71,0.3819,0.3893,0.3856,0.3881,0.0,NORMAL,0,0,Windows,unspecified
23:05:29.985,2.739,0.3819,0.3819,0.3819,0.3817,0.0,NORMAL,0,0,Windows,unspecified
23:05:30.029,2.783,0.3967,0.3708,0.3837,0.38,0.0,NORMAL,0,0,Windows,unspecified
23:05:30.061,2.815,0.3943,0.3819,0.3881,0.3891,0.0,NORMAL,0,0,Windows,unspecified
23:05:30.094,2.847,0.3796,0.3799,0.3798,0.3891,0.0,NORMAL,0,0,Windows,unspecified
23:05:30.124,2.878,0.3943,0.3819,0.3881,0.3802,0.0,NORMAL,0,0,Windows,unspecified
23:05:30.153,2.907,0.3966,0.3819,0.3893,0.3829,0.0,NORMAL,0,0,Windows,unspecified
23:05:30.186,2.94,0.3819,0.3967,0.3893,0.3864,0.0,NORMAL,0,0,Windows,unspecified
23:05:30.220,2.974,0.3966,0.3987,0.3977,0.3829,0.0,NORMAL,0,0,Windows,unspecified
23:05:30.248,3.002,0.3967,0.3987,0.3977,0.38,0.0,NORMAL,0,0,Windows,unspecified
23:05:30.281,3.035,0.3967,0.3987,0.3977,0.3829,0.0,NORMAL,0,0,Windows,unspecified
23:05:30.321,3.075,0.3946,0.3987,0.3966,0.3847,0.0,NORMAL,0,0,Windows,unspecified
23:05:30.359,3.113,0.3946,0.3987,0.3966,0.3847,0.0,NORMAL,0,0,Windows,unspecified
23:05:30.389,3.143,0.3946,0.3987,0.3966,0.3881,0.0,NORMAL,0,0,Windows,unspecified
23:05:30.428,3.182,0.3966,0.4134,0.405,0.3897,0.0,NORMAL,0,0,Windows,unspecified
23:05:30.452,3.206,0.3966,0.3819,0.3893,0.3817,0.0,NORMAL,0,0,Windows,unspecified
23:05:30.483,3.237,0.3966,0.3819,0.3893,0.3817,0.0,NORMAL,0,0,Windows,unspecified
23:05:30.523,3.277,0.3946,0.3987,0.3966,0.3909,0.0,NORMAL,0,0,Windows,unspecified
23:05:30.546,3.299,0.3967,0.38,0.3883,0.3879,0.0,NORMAL,0,0,Windows,unspecified
23:05:30.581,3.334,0.3987,0.3946,0.3966,0.3879,0.0,NORMAL,0,0,Windows,unspecified
23:05:30.619,3.373,0.3964,0.3694,0.3829,0.3738,0.0,NORMAL,0,0,Windows,unspecified
23:05:30.658,3.412,0.3836,0.3857,0.3847,0.3953,0.0,NORMAL,0,0,Windows,unspecified
23:05:30.687,3.441,0.3966,0.4156,0.4061,0.3859,0.0,NORMAL,0,0,Windows,unspecified
23:05:30.715,3.469,0.4322,0.4662,0.4492,0.41,0.0,NORMAL,0,0,Windows,unspecified
23:05:30.752,3.506,0.4644,0.4694,0.4669,0.4021,0.0,NORMAL,0,0,Windows,unspecified
23:05:30.782,3.536,0.4377,0.4861,0.4619,0.3982,0.0,NORMAL,0,0,Windows,unspecified
23:05:30.832,3.586,0.4806,0.4662,0.4734,0.3999,0.0,NORMAL,0,0,Windows,unspecified
23:05:30.861,3.615,0.4495,0.4684,0.459,0.3802,0.0,NORMAL,0,0,Windows,unspecified
23:05:30.893,3.647,0.4532,0.465,0.4591,0.3854,0.0,NORMAL,0,0,Windows,unspecified
23:05:30.922,3.676,0.447,0.4525,0.4497,0.404,0.0,NORMAL,0,0,Windows,unspecified
23:05:30.955,3.708,0.4305,0.4342,0.4323,0.3933,0.0,NORMAL,0,0,Windows,unspecified
23:05:30.986,3.74,0.4303,0.4324,0.4314,0.3933,0.0,NORMAL,0,0,Windows,unspecified
23:05:31.019,3.773,0.4115,0.4357,0.4236,0.4002,0.0,NORMAL,0,0,Windows,unspecified
23:05:31.048,3.802,0.3966,0.3966,0.3966,0.3821,0.0,NORMAL,0,0,Windows,unspecified
23:05:31.082,3.835,0.3966,0.3966,0.3966,0.3885,0.0,NORMAL,0,0,Windows,unspecified
23:05:31.114,3.868,0.4134,0.3987,0.4061,0.3964,0.0,NORMAL,0,0,Windows,unspecified
23:05:31.142,3.896,0.4113,0.4156,0.4134,0.3882,0.0,NORMAL,0,0,Windows,unspecified
23:05:31.171,3.925,0.3946,0.4156,0.4051,0.3802,0.0,NORMAL,0,0,Windows,unspecified
23:05:31.228,3.982,0.3959,0.402,0.3989,0.3853,0.0,NORMAL,0,0,Windows,unspecified
23:05:31.265,4.019,0.3979,0.4216,0.4098,0.3841,0.0,NORMAL,0,0,Windows,unspecified
23:05:31.295,4.049,0.398,0.402,0.4,0.3867,0.0,NORMAL,0,0,Windows,unspecified
23:05:31.327,4.081,0.4123,0.4164,0.4143,0.3884,0.0,NORMAL,0,0,Windows,unspecified
23:05:31.359,4.113,0.3982,0.402,0.4001,0.3878,0.0,NORMAL,0,0,Windows,unspecified
23:05:31.391,4.144,0.4115,0.402,0.4067,0.4002,0.0,NORMAL,0,0,Windows,unspecified
23:05:31.419,4.173,0.4123,0.4377,0.425,0.3992,0.0,NORMAL,0,0,Windows,unspecified
23:05:31.452,4.206,0.4123,0.4322,0.4223,0.3946,0.0,NORMAL,0,0,Windows,unspecified
23:05:31.500,4.254,0.4137,0.418,0.4158,0.3894,0.0,NORMAL,0,0,Windows,unspecified
23:05:31.531,4.285,0.3994,0.4079,0.4036,0.3912,0.0,NORMAL,0,0,Windows,unspecified
23:05:31.562,4.316,0.3835,0.3872,0.3853,0.3846,0.0,NORMAL,0,0,Windows,unspecified
23:05:31.594,4.348,0.3835,0.377,0.3802,0.3823,0.0,NORMAL,0,0,Windows,unspecified
23:05:31.628,4.382,0.4117,0.4097,0.4107,0.3868,0.0,NORMAL,0,0,Windows,unspecified
23:05:31.656,4.41,0.385,0.4065,0.3957,0.386,0.0,NORMAL,0,0,Windows,unspecified
23:05:31.688,4.442,0.3698,0.3939,0.3818,0.3861,0.0,NORMAL,0,0,Windows,unspecified
23:05:31.722,4.476,0.4012,0.397,0.3991,0.3894,0.0,NORMAL,0,0,Windows,unspecified
23:05:31.751,4.505,0.3852,0.3939,0.3896,0.4037,0.0,NORMAL,0,0,Windows,unspecified
23:05:31.779,4.533,0.3866,0.3826,0.3846,0.3976,0.0,NORMAL,0,0,Windows,unspecified
23:05:31.820,4.574,0.3734,0.3957,0.3845,0.3879,0.0,NORMAL,0,0,Windows,unspecified
23:05:31.843,4.597,0.3737,0.362,0.3678,0.3788,0.0,NORMAL,0,0,Windows,unspecified
23:05:31.875,4.629,0.3737,0.3632,0.3684,0.381,0.0,NORMAL,0,0,Windows,unspecified
23:05:31.930,4.684,0.4166,0.4064,0.4115,0.3902,0.0,NORMAL,0,0,Windows,unspecified
23:05:31.968,4.722,0.4012,0.4208,0.411,0.3908,0.0,NORMAL,0,0,Windows,unspecified
23:05:32.000,4.753,0.4012,0.405,0.4031,0.3933,0.0,NORMAL,0,0,Windows,unspecified
23:05:32.030,4.784,0.4171,0.419,0.4181,0.3964,0.0,NORMAL,0,0,Windows,unspecified
23:05:32.061,4.815,0.4171,0.4062,0.4117,0.4012,0.0,NORMAL,0,0,Windows,unspecified
23:05:32.094,4.848,0.4152,0.4062,0.4107,0.3998,0.0,NORMAL,0,0,Windows,unspecified
23:05:32.121,4.875,0.3922,0.3921,0.3922,0.3954,0.0,NORMAL,0,0,Windows,unspecified
23:05:32.156,4.91,0.3772,0.3939,0.3856,0.3954,0.0,NORMAL,0,0,Windows,unspecified
23:05:32.185,4.939,0.3772,0.3939,0.3856,0.4012,0.0,NORMAL,0,0,Windows,unspecified
23:05:32.219,4.973,0.4043,0.3921,0.3982,0.3977,0.0,NORMAL,0,0,Windows,unspecified
23:05:32.250,5.004,0.3941,0.3709,0.3825,0.3977,0.0,NORMAL,0,0,Windows,unspecified
23:05:32.280,5.034,0.3663,0.3803,0.3733,0.3931,0.0,NORMAL,0,0,Windows,unspecified
23:05:32.332,5.086,0.3791,0.382,0.3806,0.3905,0.0,NORMAL,0,0,Windows,unspecified
23:05:32.358,5.112,0.3791,0.3834,0.3812,0.3953,0.0,NORMAL,0,0,Windows,unspecified
23:05:32.390,5.144,0.3772,0.3564,0.3668,0.4016,0.0,NORMAL,0,0,Windows,unspecified
23:05:32.428,5.182,0.3825,0.3853,0.3839,0.3845,0.0,NORMAL,0,0,Windows,unspecified
23:05:32.453,5.206,0.3941,0.3842,0.3892,0.3845,0.0,NORMAL,0,0,Windows,unspecified
23:05:32.484,5.238,0.3767,0.3803,0.3785,0.3903,0.0,NORMAL,0,0,Windows,unspecified
23:05:32.527,5.281,0.3939,0.409,0.4014,0.3952,0.0,NORMAL,0,0,Windows,unspecified
23:05:32.563,5.317,0.3807,0.409,0.3948,0.3983,0.0,NORMAL,0,0,Windows,unspecified
23:05:32.593,5.347,0.392,0.3842,0.3881,0.3959,0.0,NORMAL,0,0,Windows,unspecified
23:05:32.625,5.379,0.3794,0.409,0.3942,0.3942,0.0,NORMAL,0,0,Windows,unspecified
23:05:32.653,5.407,0.3794,0.3971,0.3883,0.3942,0.0,NORMAL,0,0,Windows,unspecified
23:05:32.688,5.442,0.3794,0.3971,0.3883,0.3905,0.0,NORMAL,0,0,Windows,unspecified
23:05:32.730,5.484,0.4117,0.4169,0.4143,0.3913,0.0,NORMAL,0,0,Windows,unspecified
23:05:32.766,5.52,0.4096,0.3986,0.4041,0.3936,0.0,NORMAL,0,0,Windows,unspecified
23:05:32.795,5.549,0.4084,0.3986,0.4035,0.3936,0.0,NORMAL,0,0,Windows,unspecified
23:05:32.828,5.582,0.3984,0.4301,0.4143,0.389,0.0,NORMAL,0,0,Windows,unspecified
23:05:32.859,5.613,0.3965,0.3885,0.3925,0.3969,0.0,NORMAL,0,0,Windows,unspecified
23:05:32.890,5.644,0.387,0.387,0.387,0.3976,0.0,NORMAL,0,0,Windows,unspecified
23:05:32.922,5.675,0.3838,0.4169,0.4003,0.3874,0.0,NORMAL,0,0,Windows,unspecified
23:05:32.953,5.707,0.3994,0.3885,0.394,0.3929,0.0,NORMAL,0,0,Windows,unspecified
23:05:32.984,5.738,0.3857,0.387,0.3864,0.3928,0.0,NORMAL,0,0,Windows,unspecified
23:05:33.019,5.773,0.3965,0.3885,0.3925,0.3982,0.0,NORMAL,0,0,Windows,unspecified
23:05:33.046,5.799,0.3965,0.3912,0.3939,0.3945,0.0,NORMAL,0,0,Windows,unspecified
23:05:33.077,5.831,0.3996,0.4053,0.4024,0.3945,0.0,NORMAL,0,0,Windows,unspecified
23:05:33.137,5.891,0.3984,0.4026,0.4005,0.3913,0.0,NORMAL,0,0,Windows,unspecified
23:05:33.170,5.924,0.3965,0.3998,0.3982,0.3905,0.0,NORMAL,0,0,Windows,unspecified
23:05:33.202,5.956,0.3965,0.3998,0.3982,0.3905,0.0,NORMAL,0,0,Windows,unspecified
23:05:33.233,5.987,0.4001,0.4039,0.402,0.3883,0.0,NORMAL,0,0,Windows,unspecified
23:05:33.264,6.018,0.3965,0.3986,0.3976,0.3944,0.0,NORMAL,0,0,Windows,unspecified
23:05:33.294,6.048,0.397,0.3986,0.3978,0.3874,0.0,NORMAL,0,0,Windows,unspecified
23:05:33.324,6.077,0.4101,0.4024,0.4063,0.3851,0.0,NORMAL,0,0,Windows,unspecified
23:05:33.357,6.111,0.4079,0.4115,0.4097,0.3972,0.0,NORMAL,0,0,Windows,unspecified
23:05:33.389,6.143,0.4084,0.3999,0.4042,0.3972,0.0,NORMAL,0,0,Windows,unspecified
23:05:33.436,6.19,0.4001,0.3859,0.393,0.3911,0.0,NORMAL,0,0,Windows,unspecified
23:05:33.467,6.221,0.41,0.3986,0.4043,0.3956,0.0,NORMAL,0,0,Windows,unspecified
23:05:33.500,6.254,0.3954,0.3971,0.3963,0.3933,0.0,NORMAL,0,0,Windows,unspecified
23:05:33.532,6.286,0.4001,0.3753,0.3877,0.3977,0.0,NORMAL,0,0,Windows,unspecified
23:05:33.561,6.315,0.3971,0.3752,0.3861,0.4001,0.0,NORMAL,0,0,Windows,unspecified
23:05:33.592,6.346,0.3859,0.3753,0.3806,0.4125,0.0,NORMAL,0,0,Windows,unspecified
23:05:33.626,6.38,0.4153,0.3753,0.3953,0.3964,0.0,NORMAL,0,0,Windows,unspecified
23:05:33.655,6.409,0.3891,0.3875,0.3883,0.3971,0.0,NORMAL,0,0,Windows,unspecified
23:05:33.686,6.44,0.4027,0.3875,0.3951,0.4035,0.0,NORMAL,0,0,Windows,unspecified
23:05:33.721,6.475,0.4023,0.4014,0.4019,0.3977,0.0,NORMAL,0,0,Windows,unspecified
23:05:33.750,6.503,0.3843,0.389,0.3866,0.3909,0.0,NORMAL,0,0,Windows,unspecified
23:05:33.779,6.533,0.4001,0.4027,0.4014,0.3931,0.0,NORMAL,0,0,Windows,unspecified
23:05:33.820,6.574,0.1552,0.1454,0.1503,0.3885,0.0083,NORMAL,1,0,Windows,unspecified
23:05:33.841,6.595,0.1552,0.1114,0.1333,0.3888,0.0164,NORMAL,2,0,Windows,unspecified
23:05:33.873,6.627,0.1456,0.0958,0.1207,0.3888,0.0244,NORMAL,3,0,Windows,unspecified
23:05:33.930,6.684,0.1583,0.1332,0.1457,0.3858,0.0323,NORMAL,4,0,Windows,unspecified
23:05:33.968,6.722,0.1737,0.1246,0.1492,0.3898,0.04,NORMAL,5,0,Windows,unspecified
23:05:33.999,6.753,0.1824,0.1378,0.1601,0.3898,0.0476,NORMAL,6,0,Windows,unspecified
23:05:34.031,6.785,0.1876,0.1772,0.1824,0.3961,0.0551,NORMAL,7,0,Windows,unspecified
23:05:34.062,6.816,0.1876,0.2279,0.2078,0.3926,0.0625,NORMAL,8,0,Windows,unspecified
23:05:34.094,6.848,0.2222,0.2441,0.2331,0.3924,0.0698,NORMAL,9,0,Windows,unspecified
23:05:34.122,6.876,0.2589,0.2355,0.2472,0.3851,0.0769,WARNING,10,0,Windows,unspecified
23:05:34.157,6.911,0.2823,0.2537,0.268,0.3781,0.084,WARNING,11,0,Windows,unspecified
23:05:34.186,6.94,0.2944,0.2671,0.2808,0.3829,0.0909,WARNING,12,0,Windows,unspecified
23:05:34.220,6.973,0.3003,0.3081,0.3042,0.3871,0.0902,NORMAL,0,0,Windows,unspecified
23:05:34.250,7.004,0.2994,0.2968,0.2981,0.3829,0.097,NORMAL,1,0,Windows,unspecified
23:05:34.282,7.036,0.3157,0.3354,0.3255,0.3886,0.0963,NORMAL,0,0,Windows,unspecified
23:05:34.313,7.067,0.3425,0.3402,0.3414,0.3905,0.0956,NORMAL,0,0,Windows,unspecified
23:05:34.344,7.098,0.3437,0.3262,0.335,0.3908,0.0949,NORMAL,0,0,Windows,unspecified
23:05:34.376,7.13,0.3564,0.3463,0.3514,0.3865,0.0942,NORMAL,0,0,Windows,unspecified
23:05:34.405,7.159,0.3425,0.3533,0.3479,0.3961,0.0935,NORMAL,0,0,Windows,unspecified
23:05:34.438,7.192,0.3564,0.3262,0.3413,0.4023,0.0929,NORMAL,0,0,Windows,unspecified
23:05:34.470,7.224,0.3547,0.3533,0.354,0.4208,0.0922,NORMAL,0,0,Windows,unspecified
23:05:34.501,7.255,0.3435,0.3359,0.3397,0.4217,0.0915,NORMAL,0,0,Windows,unspecified
23:05:34.529,7.283,0.3418,0.3533,0.3475,0.4206,0.0909,NORMAL,0,0,Windows,unspecified
23:05:34.562,7.316,0.3563,0.3402,0.3482,0.4227,0.0903,NORMAL,0,0,Windows,unspecified
23:05:34.610,7.364,0.3467,0.3495,0.3481,0.4265,0.0897,NORMAL,0,0,Windows,unspecified
23:05:34.641,7.395,0.3547,0.3495,0.3521,0.4299,0.089,NORMAL,0,0,Windows,unspecified
23:05:34.671,7.425,0.3467,0.3495,0.3481,0.4359,0.0884,NORMAL,0,0,Windows,unspecified
23:05:34.704,7.458,0.3705,0.3391,0.3548,0.4285,0.0878,NORMAL,0,0,Windows,unspecified
23:05:34.731,7.485,0.3467,0.3631,0.3549,0.4293,0.0872,NORMAL,0,0,Windows,unspecified
23:05:34.765,7.519,0.3467,0.3657,0.3562,0.4334,0.0867,NORMAL,0,0,Windows,unspecified
23:05:34.799,7.553,0.3581,0.3615,0.3598,0.4199,0.0867,NORMAL,0,0,Windows,unspecified
23:05:34.825,7.579,0.3467,0.3657,0.3562,0.4128,0.0867,NORMAL,0,0,Windows,unspecified
23:05:34.862,7.616,0.3617,0.3483,0.355,0.3975,0.0867,NORMAL,0,0,Windows,unspecified
23:05:34.889,7.643,0.3495,0.3483,0.3489,0.3924,0.0867,NORMAL,0,0,Windows,unspecified
23:05:34.926,7.68,0.3594,0.3705,0.3649,0.3811,0.0867,NORMAL,0,0,Windows,unspecified
23:05:34.952,7.706,0.3594,0.372,0.3657,0.3836,0.0867,NORMAL,0,0,Windows,unspecified
23:05:34.991,7.745,0.3594,0.3581,0.3587,0.3799,0.0867,NORMAL,0,0,Windows,unspecified
23:05:35.015,7.769,0.3594,0.3609,0.3601,0.3752,0.0867,NORMAL,0,0,Windows,unspecified
23:05:35.067,7.821,0.3734,0.3511,0.3622,0.3763,0.0867,NORMAL,0,0,Windows,unspecified
23:05:35.091,7.845,0.3734,0.3523,0.3629,0.3739,0.0867,NORMAL,0,0,Windows,unspecified
23:05:35.131,7.885,0.3479,0.3402,0.344,0.3873,0.0867,NORMAL,0,0,Windows,unspecified
23:05:35.155,7.909,0.3577,0.3523,0.355,0.3873,0.0867,NORMAL,0,0,Windows,unspecified
23:05:35.199,7.953,0.3701,0.3523,0.3612,0.3874,0.0867,NORMAL,0,0,Windows,unspecified
23:05:35.233,7.987,0.3705,0.3391,0.3548,0.3873,0.0867,NORMAL,0,0,Windows,unspecified
23:05:35.266,8.019,0.3719,0.3523,0.3621,0.3873,0.0867,NORMAL,0,0,Windows,unspecified
23:05:35.296,8.05,0.3479,0.3657,0.3568,0.3851,0.0867,NORMAL,0,0,Windows,unspecified
23:05:35.328,8.081,0.3626,0.3667,0.3647,0.3832,0.0867,NORMAL,0,0,Windows,unspecified
23:05:35.357,8.111,0.3479,0.3619,0.3549,0.3774,0.0867,NORMAL,0,0,Windows,unspecified
23:05:35.390,8.143,0.3692,0.3397,0.3544,0.3849,0.0867,NORMAL,0,0,Windows,unspecified
23:05:35.421,8.174,0.3427,0.3246,0.3337,0.3724,0.0867,NORMAL,0,0,Windows,unspecified
23:05:35.472,8.226,0.1824,0.1628,0.1726,0.3794,0.0933,NORMAL,1,0,Windows,unspecified
23:05:35.497,8.251,0.1317,0.1223,0.127,0.3794,0.1,NORMAL,2,0,Windows,unspecified
23:05:35.534,8.288,0.0903,0.0853,0.0878,0.3752,0.1067,NORMAL,3,0,Windows,unspecified
23:05:35.560,8.314,0.0878,0.0588,0.0733,0.3849,0.1133,NORMAL,4,0,Windows,unspecified
23:05:35.598,8.352,0.1317,0.0983,0.115,0.3863,0.12,NORMAL,5,0,Windows,unspecified
23:05:35.623,8.377,0.1737,0.1412,0.1574,0.3852,0.1267,NORMAL,6,0,Windows,unspecified
23:05:35.662,8.416,0.2019,0.1821,0.192,0.3841,0.1333,NORMAL,7,0,Windows,unspecified
23:05:35.699,8.453,0.2444,0.2154,0.2299,0.3839,0.14,NORMAL,8,0,Windows,unspecified
23:05:35.731,8.485,0.2728,0.2341,0.2535,0.3838,0.1467,NORMAL,9,0,Windows,unspecified
23:05:35.761,8.515,0.2728,0.2618,0.2673,0.3903,0.1533,WARNING,10,0,Windows,unspecified
23:05:35.795,8.549,0.287,0.2895,0.2883,0.3887,0.16,WARNING,11,0,Windows,unspecified
23:05:35.826,8.58,0.3012,0.2895,0.2954,0.3841,0.1667,WARNING,12,0,Windows,unspecified
23:05:35.866,8.62,0.3155,0.3155,0.3155,0.3847,0.1667,NORMAL,0,0,Windows,unspecified
23:05:35.903,8.656,0.3202,0.3436,0.3319,0.3938,0.1667,NORMAL,0,0,Windows,unspecified
23:05:35.936,8.69,0.3471,0.3483,0.3477,0.382,0.1667,NORMAL,0,0,Windows,unspecified
23:05:35.965,8.719,0.3595,0.3617,0.3606,0.3851,0.1667,NORMAL,0,0,Windows,unspecified
23:05:36.000,8.754,0.3504,0.3467,0.3486,0.3907,0.1667,NORMAL,0,0,Windows,unspecified
23:05:36.028,8.782,0.3488,0.3467,0.3478,0.3874,0.1667,NORMAL,0,0,Windows,unspecified
23:05:36.062,8.816,0.3626,0.3375,0.3501,0.3846,0.1667,NORMAL,0,0,Windows,unspecified
23:05:36.089,8.843,0.3633,0.3467,0.355,0.3846,0.1667,NORMAL,0,0,Windows,unspecified
23:05:36.125,8.879,0.3633,0.3467,0.355,0.3846,0.1667,NORMAL,0,0,Windows,unspecified
23:05:36.154,8.908,0.3633,0.3603,0.3618,0.3846,0.1667,NORMAL,0,0,Windows,unspecified
23:05:36.192,8.946,0.3626,0.3375,0.3501,0.3877,0.1667,NORMAL,0,0,Windows,unspecified
23:05:36.217,8.97,0.3626,0.3467,0.3547,0.3812,0.1667,NORMAL,0,0,Windows,unspecified
23:05:36.271,9.025,0.3641,0.3619,0.363,0.377,0.1667,NORMAL,0,0,Windows,unspecified
23:05:36.291,9.045,0.3504,0.3619,0.3562,0.3848,0.1667,NORMAL,0,0,Windows,unspecified
23:05:36.335,9.089,0.3504,0.3645,0.3575,0.3867,0.1667,NORMAL,0,0,Windows,unspecified
23:05:36.372,9.126,0.3604,0.3615,0.361,0.3792,0.1667,NORMAL,0,0,Windows,unspecified
23:05:36.402,9.156,0.3587,0.3615,0.3601,0.3874,0.1667,NORMAL,0,0,Windows,unspecified
23:05:36.431,9.185,0.3587,0.3467,0.3527,0.3796,0.1667,NORMAL,0,0,Windows,unspecified
23:05:36.463,9.217,0.0891,0.0691,0.0791,0.3865,0.1733,NORMAL,1,0,Windows,unspecified
23:05:36.495,9.249,0.0363,0.0438,0.04,0.3865,0.18,NORMAL,2,0,Windows,unspecified
23:05:36.523,9.277,0.0362,0.0559,0.0461,0.3887,0.1867,NORMAL,3,0,Windows,unspecified
23:05:36.557,9.311,0.0363,0.0675,0.0519,0.3884,0.1933,NORMAL,4,0,Windows,unspecified
23:05:36.588,9.341,0.0878,0.1246,0.1062,0.3892,0.2,NORMAL,5,0,Windows,unspecified
23:05:36.620,9.374,0.1408,0.1551,0.1479,0.3816,0.2067,NORMAL,6,0,Windows,unspecified
23:05:36.674,9.428,0.2021,0.2099,0.206,0.3793,0.2133,NORMAL,7,0,Windows,unspecified
23:05:36.698,9.452,0.233,0.2374,0.2352,0.3854,0.22,NORMAL,8,0,Windows,unspecified
23:05:36.736,9.489,0.2606,0.2787,0.2697,0.3798,0.2267,NORMAL,9,0,Windows,unspecified
23:05:36.761,9.515,0.289,0.2861,0.2876,0.3824,0.2333,WARNING,10,0,Windows,unspecified
23:05:36.800,9.554,0.303,0.3144,0.3087,0.3824,0.2333,NORMAL,0,0,Windows,unspecified
23:05:36.839,9.593,0.3172,0.3144,0.3158,0.3852,0.2333,NORMAL,0,0,Windows,unspecified
23:05:36.871,9.624,0.3172,0.3144,0.3158,0.3873,0.2333,NORMAL,0,0,Windows,unspecified
23:05:36.901,9.655,0.3312,0.3144,0.3228,0.3873,0.2333,NORMAL,0,0,Windows,unspecified
23:05:36.935,9.689,0.3293,0.3144,0.3219,0.3948,0.2333,NORMAL,0,0,Windows,unspecified
23:05:36.965,9.719,0.3312,0.3049,0.3181,0.3908,0.2333,NORMAL,0,0,Windows,unspecified
23:05:36.997,9.751,0.3504,0.3206,0.3355,0.3812,0.2333,NORMAL,0,0,Windows,unspecified
23:05:37.027,9.781,0.3447,0.3206,0.3326,0.3908,0.2333,NORMAL,0,0,Windows,unspecified
23:05:37.073,9.826,0.3368,0.3187,0.3277,0.3824,0.2333,NORMAL,0,0,Windows,unspecified
23:05:37.105,9.858,0.3368,0.3187,0.3277,0.3824,0.2333,NORMAL,0,0,Windows,unspecified
23:05:37.138,9.892,0.3463,0.334,0.3402,0.3824,0.2333,NORMAL,0,0,Windows,unspecified
23:05:37.169,9.923,0.3463,0.3359,0.3411,0.3846,0.2333,NORMAL,0,0,Windows,unspecified
23:05:37.200,9.954,0.3471,0.3359,0.3415,0.3867,0.2333,NORMAL,0,0,Windows,unspecified
23:05:37.232,9.986,0.3471,0.3359,0.3415,0.3874,0.2333,NORMAL,0,0,Windows,unspecified
23:05:37.262,10.016,0.3604,0.3347,0.3475,0.3812,0.2333,NORMAL,0,0,Windows,unspecified
23:05:37.294,10.048,0.3633,0.3483,0.3558,0.3789,0.2333,NORMAL,0,0,Windows,unspecified
23:05:37.326,10.08,0.3633,0.3467,0.355,0.3788,0.2333,NORMAL,0,0,Windows,unspecified
23:05:37.355,10.109,0.3587,0.333,0.3459,0.3848,0.2333,NORMAL,0,0,Windows,unspecified
23:05:37.391,10.145,0.3587,0.3453,0.352,0.3881,0.2333,NORMAL,0,0,Windows,unspecified
23:05:37.419,10.173,0.3579,0.3467,0.3523,0.3863,0.2333,NORMAL,0,0,Windows,unspecified
23:05:37.471,10.225,0.3625,0.3453,0.3539,0.3902,0.2333,NORMAL,0,0,Windows,unspecified
23:05:37.498,10.252,0.3504,0.3603,0.3554,0.3834,0.2333,NORMAL,0,0,Windows,unspecified
23:05:37.534,10.288,0.3504,0.3467,0.3486,0.3925,0.2333,NORMAL,0,0,Windows,unspecified
23:05:37.561,10.315,0.3641,0.3316,0.3479,0.3863,0.2333,NORMAL,0,0,Windows,unspecified
23:05:37.600,10.354,0.3495,0.3453,0.3474,0.3876,0.2333,NORMAL,0,0,Windows,unspecified
23:05:37.622,10.376,0.3481,0.3453,0.3467,0.3874,0.2333,NORMAL,0,0,Windows,unspecified
23:05:37.665,10.419,0.3481,0.3469,0.3475,0.3862,0.2333,NORMAL,0,0,Windows,unspecified
23:05:37.700,10.454,0.3579,0.3362,0.3471,0.3863,0.2333,NORMAL,0,0,Windows,unspecified
23:05:37.731,10.485,0.339,0.3453,0.3421,0.3855,0.2333,NORMAL,0,0,Windows,unspecified
23:05:37.762,10.515,0.3359,0.3453,0.3406,0.3863,0.2333,NORMAL,0,0,Windows,unspecified
23:05:37.795,10.549,0.3495,0.3467,0.3481,0.3815,0.2333,NORMAL,0,0,Windows,unspecified
23:05:37.840,10.594,0.3495,0.3467,0.3481,0.3815,0.2333,NORMAL,0,0,Windows,unspecified
23:05:37.873,10.627,0.3481,0.3619,0.355,0.3862,0.2333,NORMAL,0,0,Windows,unspecified
23:05:37.903,10.657,0.3495,0.3603,0.3549,0.3815,0.2333,NORMAL,0,0,Windows,unspecified
23:05:37.936,10.69,0.3504,0.3483,0.3494,0.3851,0.2333,NORMAL,0,0,Windows,unspecified
23:05:37.968,10.722,0.3479,0.3603,0.3541,0.3863,0.2333,NORMAL,0,0,Windows,unspecified
23:05:37.999,10.753,0.3488,0.3604,0.3546,0.3908,0.2333,NORMAL,0,0,Windows,unspecified
23:05:38.030,10.784,0.3504,0.3645,0.3575,0.3876,0.2333,NORMAL,0,0,Windows,unspecified
23:05:38.064,10.818,0.3495,0.3603,0.3549,0.3905,0.2333,NORMAL,0,0,Windows,unspecified
23:05:38.094,10.848,0.3495,0.3603,0.3549,0.3905,0.2333,NORMAL,0,0,Windows,unspecified
23:05:38.128,10.882,0.3495,0.3603,0.3549,0.3908,0.2333,NORMAL,0,0,Windows,unspecified
23:05:38.155,10.909,0.3495,0.3467,0.3481,0.3841,0.2333,NORMAL,0,0,Windows,unspecified
23:05:38.193,10.947,0.3495,0.3483,0.3489,0.3911,0.2333,NORMAL,0,0,Windows,unspecified
23:05:38.221,10.975,0.3479,0.3483,0.3481,0.3947,0.2333,NORMAL,0,0,Windows,unspecified
23:05:38.271,11.025,0.3479,0.3391,0.3435,0.3908,0.2333,NORMAL,0,0,Windows,unspecified
23:05:38.297,11.051,0.3479,0.3391,0.3435,0.3863,0.2333,NORMAL,0,0,Windows,unspecified
23:05:38.331,11.085,0.3359,0.3242,0.33,0.3947,0.2333,NORMAL,0,0,Windows,unspecified
23:05:38.359,11.113,0.3495,0.333,0.3413,0.3895,0.2333,NORMAL,0,0,Windows,unspecified
23:05:38.399,11.153,0.3481,0.3258,0.337,0.3847,0.2333,NORMAL,0,0,Windows,unspecified
23:05:38.422,11.176,0.3481,0.3242,0.3361,0.3802,0.2333,NORMAL,0,0,Windows,unspecified
23:05:38.463,11.217,0.3359,0.333,0.3345,0.3899,0.2333,NORMAL,0,0,Windows,unspecified
23:05:38.485,11.239,0.3343,0.333,0.3337,0.3911,0.2333,NORMAL,0,0,Windows,unspecified
23:05:38.526,11.28,0.3577,0.3347,0.3462,0.3887,0.2333,NORMAL,0,0,Windows,unspecified
23:05:38.549,11.303,0.3587,0.3467,0.3527,0.3887,0.2333,NORMAL,0,0,Windows,unspecified
23:05:38.587,11.341,0.3504,0.3467,0.3486,0.3841,0.2333,NORMAL,0,0,Windows,unspecified
23:05:38.612,11.366,0.3488,0.3467,0.3478,0.3877,0.2333,NORMAL,0,0,Windows,unspecified
23:05:38.673,11.427,0.3577,0.3359,0.3468,0.3877,0.2333,NORMAL,0,0,Windows,unspecified
23:05:38.723,11.477,0.3577,0.3467,0.3522,0.3841,0.2333,NORMAL,0,0,Windows,unspecified
23:05:38.751,11.505,0.3495,0.3467,0.3481,0.3874,0.2333,NORMAL,0,0,Windows,unspecified
23:05:38.783,11.537,0.3479,0.3603,0.3541,0.3755,0.2333,NORMAL,0,0,Windows,unspecified
23:05:38.816,11.57,0.3479,0.3619,0.3549,0.3804,0.2267,NORMAL,0,0,Windows,unspecified
23:05:38.848,11.602,0.3343,0.3511,0.3427,0.3804,0.22,NORMAL,0,0,Windows,unspecified
23:05:38.876,11.63,0.3488,0.3511,0.35,0.3843,0.2133,NORMAL,0,0,Windows,unspecified
23:05:38.907,11.661,0.3479,0.3511,0.3495,0.39,0.2067,NORMAL,0,0,Windows,unspecified
23:05:38.940,11.694,0.3481,0.3511,0.3496,0.393,0.2,NORMAL,0,0,Windows,unspecified
23:05:38.971,11.725,0.3479,0.3619,0.3549,0.3864,0.1933,NORMAL,0,0,Windows,unspecified
23:05:39.003,11.757,0.3478,0.3467,0.3473,0.3895,0.1867,NORMAL,0,0,Windows,unspecified
23:05:39.034,11.788,0.3495,0.3362,0.3428,0.3916,0.18,NORMAL,0,0,Windows,unspecified
23:05:39.071,11.825,0.3753,0.3511,0.3632,0.3883,0.1733,NORMAL,0,0,Windows,unspecified
23:05:39.096,11.85,0.3495,0.3603,0.3549,0.3947,0.1667,NORMAL,0,0,Windows,unspecified
23:05:39.136,11.89,0.3479,0.3523,0.3501,0.3965,0.16,NORMAL,0,0,Windows,unspecified
23:05:39.159,11.913,0.3479,0.3641,0.356,0.3902,0.1533,NORMAL,0,0,Windows,unspecified
23:05:39.199,11.953,0.3534,0.3467,0.3501,0.3776,0.1533,NORMAL,0,0,Windows,unspecified
23:05:39.236,11.989,0.3617,0.3523,0.357,0.3905,0.1467,NORMAL,0,0,Windows,unspecified
23:05:39.268,12.021,0.3667,0.3645,0.3656,0.3873,0.1467,NORMAL,0,0,Windows,unspecified
23:05:39.300,12.053,0.3523,0.3523,0.3523,0.3905,0.1467,NORMAL,0,0,Windows,unspecified
23:05:39.330,12.084,0.3534,0.3536,0.3535,0.3907,0.1467,NORMAL,0,0,Windows,unspecified
23:05:39.361,12.115,0.3753,0.3548,0.3651,0.387,0.1467,NORMAL,0,0,Windows,unspecified
23:05:39.392,12.145,0.3534,0.3641,0.3588,0.3836,0.1467,NORMAL,0,0,Windows,unspecified
23:05:39.422,12.176,0.3667,0.3641,0.3654,0.379,0.1467,NORMAL,0,0,Windows,unspecified
23:05:39.471,12.225,0.3655,0.3548,0.3602,0.3849,0.1467,NORMAL,0,0,Windows,unspecified
23:05:39.501,12.255,0.3788,0.3533,0.366,0.3856,0.1467,NORMAL,0,0,Windows,unspecified
23:05:39.531,12.285,0.367,0.3548,0.3609,0.387,0.1467,NORMAL,0,0,Windows,unspecified
23:05:39.563,12.317,0.3523,0.3523,0.3523,0.3811,0.1467,NORMAL,0,0,Windows,unspecified
23:05:39.600,12.354,0.3656,0.3441,0.3549,0.3845,0.1467,NORMAL,0,0,Windows,unspecified
23:05:39.625,12.379,0.3523,0.3666,0.3595,0.3833,0.1467,NORMAL,0,0,Windows,unspecified
23:05:39.662,12.416,0.3523,0.3534,0.3528,0.3798,0.1467,NORMAL,0,0,Windows,unspecified
23:05:39.689,12.443,0.3523,0.3699,0.3611,0.3798,0.1467,NORMAL,0,0,Windows,unspecified
23:05:39.727,12.48,0.3656,0.3773,0.3714,0.3868,0.1467,NORMAL,0,0,Windows,unspecified
23:05:39.753,12.507,0.3668,0.3685,0.3676,0.3798,0.1467,NORMAL,0,0,Windows,unspecified
23:05:39.791,12.545,0.3693,0.3641,0.3667,0.3839,0.1467,NORMAL,0,0,Windows,unspecified
23:05:39.812,12.566,0.3667,0.3302,0.3485,0.3843,0.1467,NORMAL,0,0,Windows,unspecified
23:05:39.871,12.625,0.2693,0.2191,0.2442,0.3752,0.1533,NORMAL,1,0,Windows,unspecified
23:05:39.908,12.662,0.2195,0.1928,0.2062,0.3829,0.16,NORMAL,2,0,Windows,unspecified
23:05:39.938,12.692,0.1555,0.0674,0.1115,0.3819,0.1667,NORMAL,3,0,Windows,unspecified
23:05:39.970,12.724,0.1327,0.0558,0.0943,0.3786,0.1733,NORMAL,4,0,Windows,unspecified
23:05:40.002,12.756,0.1624,0.1415,0.152,0.3785,0.18,NORMAL,5,0,Windows,unspecified
23:05:40.033,12.787,0.1853,0.1687,0.177,0.3796,0.1867,NORMAL,6,0,Windows,unspecified
23:05:40.065,12.819,0.2153,0.1751,0.1952,0.3799,0.1933,NORMAL,7,0,Windows,unspecified
23:05:40.095,12.849,0.2417,0.1804,0.2111,0.3799,0.2,NORMAL,8,0,Windows,unspecified
23:05:40.126,12.88,0.2797,0.2393,0.2595,0.3846,0.2067,NORMAL,9,0,Windows,unspecified
23:05:40.157,12.911,0.2872,0.2393,0.2632,0.3846,0.2133,WARNING,10,0,Windows,unspecified
23:05:40.192,12.946,0.312,0.2582,0.2851,0.3854,0.22,WARNING,11,0,Windows,unspecified
23:05:40.220,12.974,0.3126,0.2905,0.3016,0.3779,0.22,NORMAL,0,0,Windows,unspecified
23:05:40.272,13.026,0.3243,0.3145,0.3194,0.38,0.22,NORMAL,0,0,Windows,unspecified
23:05:40.299,13.053,0.3377,0.3438,0.3407,0.3857,0.22,NORMAL,0,0,Windows,unspecified
23:05:40.335,13.089,0.3225,0.3463,0.3344,0.3851,0.22,NORMAL,0,0,Windows,unspecified
23:05:40.361,13.115,0.3259,0.3277,0.3268,0.3806,0.22,NORMAL,0,0,Windows,unspecified
23:05:40.395,13.149,0.3225,0.3296,0.3261,0.3751,0.22,NORMAL,0,0,Windows,unspecified
23:05:40.426,13.18,0.3375,0.3454,0.3415,0.3751,0.22,NORMAL,0,0,Windows,unspecified
23:05:40.463,13.217,0.3495,0.3438,0.3466,0.3851,0.2133,NORMAL,0,0,Windows,unspecified
23:05:40.488,13.242,0.3479,0.3569,0.3524,0.3837,0.2067,NORMAL,0,0,Windows,unspecified
23:05:40.524,13.278,0.3495,0.3693,0.3594,0.386,0.2,NORMAL,0,0,Windows,unspecified
23:05:40.549,13.303,0.3523,0.3619,0.3571,0.3759,0.1933,NORMAL,0,0,Windows,unspecified
23:05:40.592,13.346,0.3509,0.3596,0.3553,0.3804,0.1867,NORMAL,0,0,Windows,unspecified
23:05:40.627,13.381,0.3375,0.3572,0.3473,0.3901,0.18,NORMAL,0,0,Windows,unspecified
23:05:40.672,13.426,0.3375,0.3505,0.344,0.391,0.1733,NORMAL,0,0,Windows,unspecified
23:05:40.705,13.459,0.3272,0.3572,0.3422,0.3879,0.1667,NORMAL,0,0,Windows,unspecified
23:05:40.735,13.489,0.3467,0.3313,0.339,0.3937,0.16,NORMAL,0,0,Windows,unspecified
23:05:40.769,13.523,0.3391,0.3303,0.3347,0.3981,0.1533,NORMAL,0,0,Windows,unspecified
23:05:40.800,13.554,0.3391,0.3456,0.3423,0.3947,0.1467,NORMAL,0,0,Windows,unspecified
23:05:40.831,13.585,0.3391,0.3456,0.3423,0.398,0.14,NORMAL,0,0,Windows,unspecified
23:05:40.863,13.616,0.3495,0.3419,0.3457,0.395,0.14,NORMAL,0,0,Windows,unspecified
23:05:40.894,13.648,0.3562,0.3456,0.3509,0.3894,0.14,NORMAL,0,0,Windows,unspecified
23:05:40.922,13.676,0.3669,0.3534,0.3602,0.4016,0.14,NORMAL,0,0,Windows,unspecified
23:05:40.959,13.712,0.3438,0.3317,0.3377,0.4003,0.14,NORMAL,0,0,Windows,unspecified
23:05:40.987,13.741,0.3569,0.3534,0.3551,0.405,0.14,NORMAL,0,0,Windows,unspecified
23:05:41.021,13.775,0.3811,0.3518,0.3665,0.4068,0.14,NORMAL,0,0,Windows,unspecified
23:05:41.071,13.825,0.3252,0.3148,0.32,0.4118,0.14,NORMAL,0,0,Windows,unspecified
23:05:41.098,13.852,0.3049,0.2983,0.3016,0.416,0.14,NORMAL,0,0,Windows,unspecified
23:05:41.135,13.889,0.2645,0.2244,0.2444,0.4314,0.1467,NORMAL,1,0,Windows,unspecified
23:05:41.161,13.915,0.2282,0.181,0.2046,0.4334,0.1533,NORMAL,2,0,Windows,unspecified
23:05:41.199,13.953,0.2708,0.2403,0.2555,0.432,0.16,NORMAL,3,0,Windows,unspecified
23:05:41.224,13.978,0.2668,0.2403,0.2535,0.4334,0.1667,NORMAL,4,0,Windows,unspecified
23:05:41.261,14.015,0.2979,0.2929,0.2954,0.4074,0.1733,NORMAL,5,0,Windows,unspecified
23:05:41.287,14.041,0.3115,0.2852,0.2983,0.3978,0.18,NORMAL,6,0,Windows,unspecified
23:05:41.327,14.081,0.3338,0.3214,0.3276,0.3888,0.18,NORMAL,0,0,Windows,unspecified
23:05:41.349,14.103,0.3463,0.3329,0.3396,0.3889,0.18,NORMAL,0,0,Windows,unspecified
23:05:41.388,14.142,0.3533,0.326,0.3396,0.3911,0.18,NORMAL,0,0,Windows,unspecified
23:05:41.415,14.169,0.3571,0.318,0.3376,0.3899,0.18,NORMAL,0,0,Windows,unspecified
23:05:41.472,14.226,0.3373,0.3304,0.3338,0.3851,0.1733,NORMAL,0,0,Windows,unspecified
23:05:41.505,14.259,0.3373,0.3404,0.3388,0.3863,0.1667,NORMAL,0,0,Windows,unspecified
23:05:41.535,14.289,0.3373,0.3444,0.3408,0.3796,0.16,NORMAL,0,0,Windows,unspecified
23:05:41.569,14.323,0.3467,0.3532,0.35,0.3819,0.1533,NORMAL,0,0,Windows,unspecified
23:05:41.599,14.353,0.3492,0.3532,0.3512,0.3833,0.1467,NORMAL,0,0,Windows,unspecified
23:05:41.632,14.386,0.3528,0.3466,0.3497,0.3879,0.14,NORMAL,0,0,Windows,unspecified
23:05:41.663,14.417,0.3492,0.3555,0.3523,0.3867,0.1333,NORMAL,0,0,Windows,unspecified
23:05:41.693,14.447,0.3534,0.343,0.3482,0.3842,0.1267,NORMAL,0,0,Windows,unspecified
23:05:41.722,14.476,0.3478,0.3555,0.3516,0.3866,0.12,NORMAL,0,0,Windows,unspecified
23:05:41.756,14.51,0.3501,0.3517,0.3509,0.3818,0.1133,NORMAL,0,0,Windows,unspecified
23:05:41.791,14.545,0.3534,0.3517,0.3526,0.387,0.1133,NORMAL,0,0,Windows,unspecified
23:05:41.816,14.57,0.3619,0.3624,0.3622,0.3809,0.1133,NORMAL,0,0,Windows,unspecified
23:05:41.872,14.625,0.3596,0.3444,0.352,0.3904,0.1133,NORMAL,0,0,Windows,unspecified
23:05:41.894,14.648,0.3469,0.3555,0.3512,0.3846,0.1133,NORMAL,0,0,Windows,unspecified
23:05:41.937,14.691,0.3596,0.3444,0.352,0.3872,0.1133,NORMAL,0,0,Windows,unspecified
23:05:41.973,14.727,0.3619,0.3683,0.3651,0.3833,0.1133,NORMAL,0,0,Windows,unspecified
23:05:42.005,14.759,0.3619,0.3428,0.3524,0.3937,0.1133,NORMAL,0,0,Windows,unspecified
23:05:42.037,14.791,0.3596,0.3389,0.3493,0.3921,0.1133,NORMAL,0,0,Windows,unspecified
23:05:42.068,14.822,0.3667,0.3572,0.362,0.3905,0.1133,NORMAL,0,0,Windows,unspecified
23:05:42.100,14.854,0.3596,0.3534,0.3565,0.3926,0.1133,NORMAL,0,0,Windows,unspecified
23:05:42.132,14.886,0.3585,0.3666,0.3626,0.3891,0.1133,NORMAL,0,0,Windows,unspecified
23:05:42.164,14.918,0.3655,0.3796,0.3726,0.3915,0.1133,NORMAL,0,0,Windows,unspecified
23:05:42.196,14.95,0.3704,0.3699,0.3702,0.3885,0.1133,NORMAL,0,0,Windows,unspecified
23:05:42.226,14.98,0.3681,0.3699,0.369,0.3872,0.1133,NORMAL,0,0,Windows,unspecified
23:05:42.273,15.027,0.3715,0.3699,0.3707,0.3971,0.1133,NORMAL,0,0,Windows,unspecified
23:05:42.305,15.059,0.369,0.3699,0.3694,0.4011,0.1133,NORMAL,0,0,Windows,unspecified
23:05:42.338,15.092,0.3585,0.3842,0.3714,0.4016,0.1133,NORMAL,0,0,Windows,unspecified
23:05:42.367,15.121,0.3715,0.3828,0.3771,0.3966,0.1133,NORMAL,0,0,Windows,unspecified
23:05:42.398,15.152,0.3701,0.3699,0.37,0.4081,0.1133,NORMAL,0,0,Windows,unspecified
23:05:42.430,15.184,0.3701,0.3828,0.3764,0.4127,0.1133,NORMAL,0,0,Windows,unspecified
23:05:42.463,15.217,0.3699,0.3828,0.3763,0.4246,0.1133,NORMAL,0,0,Windows,unspecified
23:05:42.490,15.244,0.3722,0.3699,0.3711,0.4151,0.1133,NORMAL,0,0,Windows,unspecified
23:05:42.526,15.28,0.3826,0.3716,0.3771,0.4201,0.1133,NORMAL,0,0,Windows,unspecified
23:05:42.552,15.306,0.3699,0.3849,0.3774,0.4169,0.1133,NORMAL,0,0,Windows,unspecified
23:05:42.591,15.345,0.3699,0.3849,0.3774,0.4145,0.1133,NORMAL,0,0,Windows,unspecified
23:05:42.630,15.384,0.3699,0.3988,0.3844,0.4225,0.1133,NORMAL,0,0,Windows,unspecified
23:05:42.671,15.425,0.3828,0.3988,0.3908,0.4186,0.1133,NORMAL,0,0,Windows,unspecified
23:05:42.693,15.447,0.3828,0.3988,0.3908,0.4049,0.1133,NORMAL,0,0,Windows,unspecified
23:05:42.736,15.49,0.3828,0.3988,0.3908,0.4028,0.1133,NORMAL,0,0,Windows,unspecified
23:05:42.772,15.526,0.3828,0.3864,0.3846,0.4028,0.1133,NORMAL,0,0,Windows,unspecified
23:05:42.803,15.557,0.3828,0.3861,0.3844,0.3861,0.1133,NORMAL,0,0,Windows,unspecified
23:05:42.836,15.59,0.3828,0.3737,0.3782,0.3806,0.1133,NORMAL,0,0,Windows,unspecified
23:05:42.866,15.62,0.3828,0.3861,0.3844,0.377,0.1133,NORMAL,0,0,Windows,unspecified
23:05:42.897,15.651,0.3811,0.3861,0.3836,0.377,0.1133,NORMAL,0,0,Windows,unspecified
23:05:42.929,15.683,0.3701,0.3753,0.3727,0.3684,0.1133,NORMAL,0,0,Windows,unspecified
23:05:42.959,15.713,0.3701,0.3753,0.3727,0.367,0.1133,NORMAL,0,0,Windows,unspecified
23:05:42.991,15.745,0.3828,0.3629,0.3728,0.3622,0.1133,NORMAL,0,0,Windows,unspecified
23:05:43.022,15.776,0.3828,0.3753,0.379,0.3681,0.1133,NORMAL,0,0,Windows,unspecified
23:05:43.072,15.826,0.3828,0.3753,0.379,0.3659,0.1133,NORMAL,0,0,Windows,unspecified
23:05:43.099,15.853,0.3828,0.3722,0.3775,0.3621,0.1133,NORMAL,0,0,Windows,unspecified
23:05:43.135,15.889,0.3828,0.3722,0.3775,0.3605,0.1133,NORMAL,0,0,Windows,unspecified
23:05:43.162,15.916,0.3828,0.3976,0.3902,0.3601,0.1133,NORMAL,0,0,Windows,unspecified
23:05:43.199,15.953,0.3699,0.3976,0.3838,0.3556,0.1133,NORMAL,0,0,Windows,unspecified
23:05:43.223,15.976,0.3699,0.3955,0.3827,0.354,0.1133,NORMAL,0,0,Windows,unspecified
23:05:43.261,16.015,0.3572,0.3842,0.3707,0.3572,0.1133,NORMAL,0,0,Windows,unspecified
23:05:43.285,16.039,0.3585,0.3606,0.3596,0.3593,0.1133,NORMAL,0,0,Windows,unspecified
23:05:43.326,16.08,0.2926,0.3201,0.3064,0.367,0.1133,NORMAL,0,0,Windows,unspecified
23:05:43.347,16.101,0.3137,0.334,0.3238,0.3629,0.1133,NORMAL,0,0,Windows,unspecified
23:05:43.387,16.141,0.2872,0.3111,0.2991,0.3609,0.12,NORMAL,1,0,Windows,unspecified
23:05:43.411,16.165,0.2872,0.3237,0.3055,0.3676,0.12,NORMAL,0,0,Windows,unspecified
23:05:43.470,16.224,0.115,0.1045,0.1097,0.3689,0.1267,NORMAL,1,0,Windows,unspecified
23:05:43.505,16.259,0.0887,0.0823,0.0855,0.3706,0.1333,NORMAL,2,0,Windows,unspecified
23:05:43.536,16.29,0.0394,0.0416,0.0405,0.3706,0.14,NORMAL,3,0,Windows,unspecified
23:05:43.565,16.319,0.0302,0.0244,0.0273,0.3706,0.1467,NORMAL,4,0,Windows,unspecified
23:05:43.599,16.353,0.1599,0.1497,0.1548,0.3615,0.1533,NORMAL,5,0,Windows,unspecified
23:05:43.628,16.382,0.2115,0.2191,0.2153,0.3627,0.16,NORMAL,6,0,Windows,unspecified
23:05:43.662,16.416,0.3046,0.3114,0.308,0.3761,0.16,NORMAL,0,0,Windows,unspecified
23:05:43.691,16.445,0.3137,0.3201,0.3169,0.3883,0.16,NORMAL,0,0,Windows,unspecified
23:05:43.722,16.476,0.3676,0.3699,0.3688,0.3773,0.16,NORMAL,0,0,Windows,unspecified
23:05:43.754,16.508,0.3677,0.3805,0.3741,0.3915,0.16,NORMAL,0,0,Windows,unspecified
23:05:43.793,16.547,0.4025,0.4084,0.4054,0.3878,0.16,NORMAL,0,0,Windows,unspecified
23:05:43.831,16.584,0.3805,0.3861,0.3833,0.3883,0.16,NORMAL,0,0,Windows,unspecified
23:05:43.873,16.627,0.3922,0.3982,0.3952,0.3856,0.16,NORMAL,0,0,Windows,unspecified
23:05:43.895,16.649,0.3934,0.384,0.3887,0.3966,0.16,NORMAL,0,0,Windows,unspecified
23:05:43.935,16.689,0.3934,0.384,0.3887,0.3949,0.16,NORMAL,0,0,Windows,unspecified
23:05:43.959,16.713,0.3957,0.3965,0.3961,0.3915,0.16,NORMAL,0,0,Windows,unspecified
23:05:43.998,16.752,0.3957,0.3938,0.3947,0.3949,0.16,NORMAL,0,0,Windows,unspecified
23:05:44.022,16.776,0.3944,0.384,0.3892,0.3992,0.16,NORMAL,0,0,Windows,unspecified
23:05:44.063,16.817,0.3846,0.384,0.3843,0.3856,0.16,NORMAL,0,0,Windows,unspecified
23:05:44.103,16.857,0.4062,0.3965,0.4014,0.389,0.16,NORMAL,0,0,Windows,unspecified
23:05:44.133,16.887,0.3971,0.3982,0.3976,0.3887,0.16,NORMAL,0,0,Windows,unspecified
23:05:44.164,16.918,0.3871,0.3957,0.3914,0.3995,0.16,NORMAL,0,0,Windows,unspecified
23:05:44.195,16.949,0.3971,0.3857,0.3914,0.3856,0.16,NORMAL,0,0,Windows,unspecified
23:05:44.226,16.98,0.3971,0.4084,0.4028,0.3891,0.16,NORMAL,0,0,Windows,unspecified
23:05:44.267,17.021,0.3948,0.397,0.3959,0.3833,0.16,NORMAL,0,0,Windows,unspecified
23:05:44.304,17.057,0.3871,0.4045,0.3958,0.3912,0.16,NORMAL,0,0,Windows,unspecified
23:05:44.332,17.086,0.3948,0.3965,0.3957,0.3891,0.16,NORMAL,0,0,Windows,unspecified
23:05:44.365,17.119,0.3891,0.3827,0.3859,0.3958,0.16,NORMAL,0,0,Windows,unspecified
23:05:44.398,17.152,0.3971,0.3916,0.3944,0.3913,0.16,NORMAL,0,0,Windows,unspecified
23:05:44.428,17.182,0.3971,0.3827,0.3899,0.3899,0.16,NORMAL,0,0,Windows,unspecified
23:05:44.464,17.218,0.3948,0.384,0.3894,0.4092,0.16,NORMAL,0,0,Windows,unspecified
23:05:44.491,17.244,0.3837,0.3904,0.387,0.4067,0.16,NORMAL,0,0,Windows,unspecified
23:05:44.526,17.28,0.3971,0.384,0.3906,0.4262,0.16,NORMAL,0,0,Windows,unspecified
23:05:44.554,17.308,0.3819,0.3904,0.3861,0.4302,0.16,NORMAL,0,0,Windows,unspecified
23:05:44.591,17.345,0.3957,0.4061,0.4009,0.44,0.16,NORMAL,0,0,Windows,unspecified
23:05:44.616,17.37,0.3957,0.3811,0.3884,0.4436,0.16,NORMAL,0,0,Windows,unspecified
23:05:44.671,17.425,0.3971,0.3938,0.3955,0.4375,0.16,NORMAL,0,0,Windows,unspecified
23:05:44.695,17.449,0.3842,0.4084,0.3963,0.4408,0.16,NORMAL,0,0,Windows,unspecified
23:05:44.741,17.495,0.3934,0.391,0.3922,0.4308,0.16,NORMAL,0,0,Windows,unspecified
23:05:44.776,17.53,0.3948,0.3904,0.3926,0.4211,0.16,NORMAL,0,0,Windows,unspecified
23:05:44.805,17.559,0.3828,0.4066,0.3947,0.399,0.16,NORMAL,0,0,Windows,unspecified
23:05:44.834,17.588,0.3934,0.3982,0.3958,0.3891,0.16,NORMAL,0,0,Windows,unspecified
23:05:44.865,17.619,0.3977,0.3841,0.3909,0.381,0.1533,NORMAL,0,0,Windows,unspecified
23:05:44.898,17.652,0.3857,0.3939,0.3898,0.3685,0.1467,NORMAL,0,0,Windows,unspecified
23:05:44.928,17.682,0.3857,0.3939,0.3898,0.3722,0.14,NORMAL,0,0,Windows,unspecified
23:05:44.960,17.714,0.3857,0.3939,0.3898,0.3699,0.1333,NORMAL,0,0,Windows,unspecified
23:05:45.007,17.761,0.3934,0.3965,0.3949,0.3833,0.1267,NORMAL,0,0,Windows,unspecified
23:05:45.038,17.791,0.3957,0.4084,0.402,0.3824,0.12,NORMAL,0,0,Windows,unspecified
23:05:45.071,17.825,0.3828,0.3938,0.3883,0.3809,0.1133,NORMAL,0,0,Windows,unspecified
23:05:45.102,17.856,0.3863,0.384,0.3852,0.3809,0.1067,NORMAL,0,0,Windows,unspecified
23:05:45.135,17.889,0.3819,0.3704,0.3761,0.3738,0.1,NORMAL,0,0,Windows,unspecified
23:05:45.164,17.918,0.3891,0.3957,0.3924,0.3817,0.0933,NORMAL,0,0,Windows,unspecified
23:05:45.199,17.953,0.3745,0.3828,0.3786,0.3828,0.0867,NORMAL,0,0,Windows,unspecified
23:05:45.226,17.98,0.3736,0.3805,0.377,0.3782,0.0867,NORMAL,0,0,Windows,unspecified
23:05:45.262,18.016,0.2741,0.2568,0.2654,0.3782,0.0933,NORMAL,1,0,Windows,unspecified
23:05:45.288,18.042,0.2553,0.2324,0.2439,0.3805,0.1,NORMAL,2,0,Windows,unspecified
23:05:45.329,18.083,0.1541,0.1143,0.1342,0.3808,0.1067,NORMAL,3,0,Windows,unspecified
23:05:45.353,18.106,0.133,0.1173,0.1252,0.3877,0.1133,NORMAL,4,0,Windows,unspecified
23:05:45.392,18.146,0.158,0.134,0.146,0.3832,0.12,NORMAL,5,0,Windows,unspecified
23:05:45.415,18.169,0.1709,0.1586,0.1647,0.3857,0.1267,NORMAL,6,0,Windows,unspecified
23:05:45.470,18.224,0.2021,0.1753,0.1887,0.3782,0.1333,NORMAL,7,0,Windows,unspecified
23:05:45.492,18.245,0.2156,0.1894,0.2025,0.3836,0.14,NORMAL,8,0,Windows,unspecified
23:05:45.534,18.288,0.2598,0.2151,0.2374,0.3853,0.1467,NORMAL,9,0,Windows,unspecified
23:05:45.570,18.324,0.2755,0.2481,0.2618,0.3803,0.1533,WARNING,10,0,Windows,unspecified
23:05:45.603,18.357,0.2752,0.2537,0.2645,0.3871,0.16,WARNING,11,0,Windows,unspecified
23:05:45.632,18.386,0.2752,0.2669,0.2711,0.3832,0.1667,WARNING,12,0,Windows,unspecified
23:05:45.659,18.413,0.3017,0.2933,0.2975,0.3843,0.1733,WARNING,13,0,Windows,unspecified
23:05:45.693,18.447,0.3017,0.2933,0.2975,0.3837,0.18,WARNING,14,0,Windows,unspecified
23:05:45.723,18.477,0.3438,0.3132,0.3285,0.3876,0.18,NORMAL,0,0,Windows,unspecified
23:05:45.756,18.51,0.3569,0.3245,0.3407,0.3803,0.18,NORMAL,0,0,Windows,unspecified
23:05:45.808,18.562,0.3716,0.3475,0.3595,0.386,0.18,NORMAL,0,0,Windows,unspecified
23:05:45.834,18.588,0.3667,0.3539,0.3603,0.3814,0.18,NORMAL,0,0,Windows,unspecified
23:05:45.869,18.623,0.3481,0.3683,0.3582,0.3789,0.18,NORMAL,0,0,Windows,unspecified
23:05:45.897,18.651,0.3848,0.3682,0.3765,0.3751,0.18,NORMAL,0,0,Windows,unspecified
23:05:45.944,18.698,0.4119,0.4084,0.4102,0.3771,0.18,NORMAL,0,0,Windows,unspecified
23:05:45.975,18.729,0.3977,0.4066,0.4021,0.3784,0.18,NORMAL,0,0,Windows,unspecified
23:05:46.007,18.761,0.3849,0.3811,0.383,0.3787,0.18,NORMAL,0,0,Windows,unspecified
23:05:46.038,18.792,0.3977,0.384,0.3908,0.3811,0.18,NORMAL,0,0,Windows,unspecified
23:05:46.085,18.839,0.395,0.3716,0.3833,0.3883,0.18,NORMAL,0,0,Windows,unspecified
23:05:46.119,18.873,0.395,0.3732,0.3841,0.3892,0.18,NORMAL,0,0,Windows,unspecified
23:05:46.149,18.903,0.4097,0.387,0.3983,0.3836,0.1733,NORMAL,0,0,Windows,unspecified
23:05:46.179,18.933,0.3905,0.3857,0.3881,0.3774,0.1667,NORMAL,0,0,Windows,unspecified
23:05:46.211,18.965,0.4053,0.3856,0.3954,0.3838,0.16,NORMAL,0,0,Windows,unspecified
23:05:46.243,18.997,0.392,0.387,0.3895,0.3801,0.1533,NORMAL,0,0,Windows,unspecified
23:05:46.275,19.029,0.392,0.3762,0.3841,0.3837,0.1467,NORMAL,0,0,Windows,unspecified
23:05:46.306,19.06,0.3813,0.3763,0.3788,0.3857,0.14,NORMAL,0,0,Windows,unspecified
23:05:46.337,19.091,0.409,0.3884,0.3987,0.3904,0.14,NORMAL,0,0,Windows,unspecified
23:05:46.369,19.123,0.4208,0.3877,0.4042,0.3904,0.14,NORMAL,0,0,Windows,unspecified
23:05:46.399,19.153,0.392,0.3763,0.3842,0.3857,0.14,NORMAL,0,0,Windows,unspecified
23:05:46.430,19.184,0.3942,0.384,0.3891,0.382,0.14,NORMAL,0,0,Windows,unspecified
23:05:46.462,19.216,0.3942,0.3856,0.3899,0.3807,0.14,NORMAL,0,0,Windows,unspecified
23:05:46.492,19.246,0.3826,0.3857,0.3842,0.3825,0.14,NORMAL,0,0,Windows,unspecified
23:05:46.526,19.28,0.3805,0.384,0.3822,0.3844,0.14,NORMAL,0,0,Windows,unspecified
23:05:46.555,19.308,0.3828,0.3641,0.3734,0.3809,0.14,NORMAL,0,0,Windows,unspecified
23:05:46.605,19.359,0.4053,0.384,0.3946,0.3868,0.14,NORMAL,0,0,Windows,unspecified
23:05:46.634,19.388,0.4053,0.384,0.3947,0.387,0.14,NORMAL,0,0,Windows,unspecified
23:05:46.672,19.425,0.3936,0.4084,0.401,0.3808,0.14,NORMAL,0,0,Windows,unspecified
23:05:46.697,19.451,0.3948,0.3955,0.3952,0.3811,0.14,NORMAL,0,0,Windows,unspecified
23:05:46.736,19.49,0.4187,0.397,0.4078,0.3773,0.14,NORMAL,0,0,Windows,unspecified
23:05:46.761,19.514,0.392,0.3697,0.3809,0.379,0.14,NORMAL,0,0,Windows,unspecified
23:05:46.799,19.553,0.3933,0.3955,0.3944,0.3857,0.14,NORMAL,0,0,Windows,unspecified
23:05:46.823,19.577,0.4051,0.3922,0.3987,0.3895,0.14,NORMAL,0,0,Windows,unspecified
23:05:46.862,19.616,0.38,0.3606,0.3703,0.4003,0.14,NORMAL,0,0,Windows,unspecified
23:05:46.885,19.639,0.3826,0.3571,0.3698,0.3883,0.14,NORMAL,0,0,Windows,unspecified
23:05:46.925,19.679,0.3863,0.3591,0.3727,0.3925,0.14,NORMAL,0,0,Windows,unspecified
23:05:46.950,19.704,0.3863,0.3605,0.3734,0.3925,0.14,NORMAL,0,0,Windows,unspecified
23:05:47.004,19.758,0.3944,0.3483,0.3713,0.3863,0.14,NORMAL,0,0,Windows,unspecified
23:05:47.027,19.781,0.3796,0.3605,0.37,0.3857,0.14,NORMAL,0,0,Windows,unspecified
23:05:47.068,19.822,0.3863,0.3727,0.3795,0.3844,0.14,NORMAL,0,0,Windows,unspecified
23:05:47.104,19.858,0.3736,0.3605,0.367,0.3865,0.14,NORMAL,0,0,Windows,unspecified
23:05:47.134,19.888,0.3418,0.3584,0.3501,0.3942,0.14,NORMAL,0,0,Windows,unspecified
23:05:47.166,19.92,0.3429,0.3194,0.3311,0.3844,0.14,NORMAL,0,0,Windows,unspecified
23:05:47.199,19.953,0.2823,0.2541,0.2682,0.3986,0.1467,NORMAL,1,0,Windows,unspecified
23:05:47.228,19.982,0.274,0.2477,0.2609,0.3961,0.1533,NORMAL,2,0,Windows,unspecified
23:05:47.263,20.017,0.2468,0.2191,0.2329,0.3941,0.16,NORMAL,3,0,Windows,unspecified
23:05:47.291,20.045,0.2185,0.1961,0.2073,0.3926,0.1667,NORMAL,4,0,Windows,unspecified
23:05:47.328,20.082,0.2392,0.2545,0.2469,0.3956,0.1733,NORMAL,5,0,Windows,unspecified
23:05:47.353,20.107,0.2719,0.2347,0.2533,0.3847,0.18,NORMAL,6,0,Windows,unspecified
23:05:47.406,20.16,0.246,0.2216,0.2338,0.394,0.1867,NORMAL,7,0,Windows,unspecified
23:05:47.431,20.185,0.2468,0.2226,0.2347,0.3846,0.1933,NORMAL,8,0,Windows,unspecified
23:05:47.471,20.225,0.2463,0.26,0.2531,0.3823,0.2,NORMAL,9,0,Windows,unspecified
23:05:47.509,20.263,0.2764,0.2477,0.2621,0.3846,0.2067,WARNING,10,0,Windows,unspecified
23:05:47.539,20.293,0.2951,0.2771,0.2861,0.387,0.2133,WARNING,11,0,Windows,unspecified
23:05:47.570,20.324,0.307,0.2946,0.3008,0.3904,0.22,WARNING,12,0,Windows,unspecified
23:05:47.602,20.356,0.3242,0.3146,0.3194,0.3904,0.22,NORMAL,0,0,Windows,unspecified
23:05:47.634,20.388,0.3137,0.3208,0.3172,0.3857,0.22,NORMAL,0,0,Windows,unspecified
23:05:47.665,20.419,0.3391,0.3317,0.3354,0.3904,0.22,NORMAL,0,0,Windows,unspecified
23:05:47.695,20.449,0.3495,0.3334,0.3414,0.3904,0.22,NORMAL,0,0,Windows,unspecified
23:05:47.728,20.482,0.3655,0.3547,0.3601,0.3871,0.22,NORMAL,0,0,Windows,unspecified
23:05:47.759,20.513,0.3779,0.3471,0.3625,0.3773,0.22,NORMAL,0,0,Windows,unspecified
23:05:47.808,20.562,0.3667,0.3471,0.3569,0.3904,0.22,NORMAL,0,0,Windows,unspecified
23:05:47.835,20.589,0.3391,0.3345,0.3368,0.3911,0.22,NORMAL,0,0,Windows,unspecified
23:05:47.871,20.625,0.3655,0.3571,0.3613,0.3856,0.22,NORMAL,0,0,Windows,unspecified
23:05:47.898,20.652,0.3666,0.3547,0.3607,0.3833,0.22,NORMAL,0,0,Windows,unspecified
23:05:47.935,20.689,0.3641,0.3534,0.3587,0.3856,0.22,NORMAL,0,0,Windows,unspecified
23:05:47.962,20.716,0.3641,0.3548,0.3594,0.3889,0.22,NORMAL,0,0,Windows,unspecified
23:05:47.998,20.751,0.3547,0.3606,0.3577,0.3923,0.22,NORMAL,0,0,Windows,unspecified
23:05:48.025,20.779,0.3681,0.3597,0.3639,0.4028,0.22,NORMAL,0,0,Windows,unspecified
23:05:48.059,20.813,0.3561,0.353,0.3545,0.3947,0.22,NORMAL,0,0,Windows,unspecified
23:05:48.084,20.838,0.3655,0.3517,0.3586,0.3982,0.22,NORMAL,0,0,Windows,unspecified
23:05:48.128,20.882,0.3655,0.3459,0.3557,0.3976,0.22,NORMAL,0,0,Windows,unspecified
23:05:48.164,20.917,0.3641,0.3495,0.3568,0.3984,0.22,NORMAL,0,0,Windows,unspecified
23:05:48.207,20.961,0.3666,0.3495,0.3581,0.3997,0.22,NORMAL,0,0,Windows,unspecified
23:05:48.241,20.995,0.3655,0.3505,0.358,0.3916,0.22,NORMAL,0,0,Windows,unspecified
23:05:48.272,21.026,0.3641,0.3641,0.3641,0.3988,0.22,NORMAL,0,0,Windows,unspecified
23:05:48.304,21.058,0.38,0.3585,0.3693,0.4091,0.22,NORMAL,0,0,Windows,unspecified
23:05:48.335,21.089,0.3788,0.3432,0.361,0.4071,0.22,NORMAL,0,0,Windows,unspecified
23:05:48.365,21.119,0.3641,0.3713,0.3677,0.4055,0.22,NORMAL,0,0,Windows,unspecified
23:05:48.398,21.152,0.3655,0.3456,0.3556,0.3993,0.2133,NORMAL,0,0,Windows,unspecified
23:05:48.428,21.182,0.3652,0.3495,0.3573,0.4048,0.2133,NORMAL,0,0,Windows,unspecified
23:05:48.464,21.218,0.3641,0.3572,0.3606,0.4129,0.2067,NORMAL,0,0,Windows,unspecified
23:05:48.491,21.245,0.3666,0.3572,0.3619,0.4138,0.2,NORMAL,0,0,Windows,unspecified
23:05:48.526,21.28,0.3681,0.3572,0.3626,0.4182,0.1933,NORMAL,0,0,Windows,unspecified
23:05:48.553,21.307,0.3641,0.3739,0.369,0.4101,0.1867,NORMAL,0,0,Windows,unspecified
23:05:48.605,21.359,0.3681,0.3572,0.3626,0.4141,0.18,NORMAL,0,0,Windows,unspecified
23:05:48.630,21.384,0.3704,0.3699,0.3702,0.4095,0.1733,NORMAL,0,0,Windows,unspecified
23:05:48.671,21.425,0.3572,0.3699,0.3635,0.4126,0.1733,NORMAL,0,0,Windows,unspecified
23:05:48.694,21.448,0.3944,0.3863,0.3904,0.4162,0.1733,NORMAL,0,0,Windows,unspecified
23:05:48.730,21.483,0.357,0.3699,0.3635,0.4241,0.1733,NORMAL,0,0,Windows,unspecified
23:05:48.756,21.51,0.3813,0.3699,0.3756,0.4193,0.1733,NORMAL,0,0,Windows,unspecified
23:05:48.798,21.552,0.3548,0.3606,0.3577,0.4209,0.1733,NORMAL,0,0,Windows,unspecified
23:05:48.834,21.587,0.3666,0.3676,0.3671,0.4205,0.1733,NORMAL,0,0,Windows,unspecified
23:05:48.865,21.619,0.3701,0.3606,0.3654,0.4162,0.1733,NORMAL,0,0,Windows,unspecified
23:05:48.896,21.649,0.3585,0.3701,0.3643,0.4194,0.1733,NORMAL,0,0,Windows,unspecified
23:05:48.927,21.681,0.3944,0.3699,0.3821,0.4147,0.1733,NORMAL,0,0,Windows,unspecified
23:05:48.959,21.713,0.3715,0.3699,0.3707,0.4119,0.1733,NORMAL,0,0,Windows,unspecified
23:05:49.006,21.76,0.3966,0.3606,0.3786,0.4105,0.1733,NORMAL,0,0,Windows,unspecified
23:05:49.035,21.789,0.3966,0.3699,0.3832,0.4096,0.1733,NORMAL,0,0,Windows,unspecified
23:05:49.072,21.826,0.3966,0.3659,0.3813,0.4065,0.1733,NORMAL,0,0,Windows,unspecified
23:05:49.100,21.854,0.3765,0.3811,0.3788,0.4044,0.1733,NORMAL,0,0,Windows,unspecified
23:05:49.135,21.888,0.369,0.3747,0.3718,0.4062,0.1733,NORMAL,0,0,Windows,unspecified
23:05:49.160,21.914,0.3944,0.3606,0.3775,0.4081,0.1733,NORMAL,0,0,Windows,unspecified
23:05:49.196,21.95,0.4051,0.3699,0.3875,0.4083,0.1733,NORMAL,0,0,Windows,unspecified
23:05:49.224,21.978,0.3666,0.3613,0.364,0.4074,0.1733,NORMAL,0,0,Windows,unspecified
23:05:49.259,22.013,0.3813,0.3629,0.3721,0.4157,0.1733,NORMAL,0,0,Windows,unspecified
23:05:49.285,22.039,0.3842,0.3637,0.3739,0.4139,0.1733,NORMAL,0,0,Windows,unspecified
23:05:49.328,22.082,0.3901,0.3629,0.3765,0.4134,0.1733,NORMAL,0,0,Windows,unspecified
23:05:49.365,22.118,0.369,0.3659,0.3674,0.4123,0.1733,NORMAL,0,0,Windows,unspecified
23:05:49.407,22.161,0.3798,0.3842,0.382,0.4061,0.1733,NORMAL,0,0,Windows,unspecified
23:05:49.445,22.199,0.3798,0.3505,0.3652,0.4073,0.1733,NORMAL,0,0,Windows,unspecified
23:05:49.474,22.228,0.3773,0.3595,0.3684,0.4178,0.1733,NORMAL,0,0,Windows,unspecified
23:05:49.505,22.259,0.3901,0.3835,0.3868,0.4082,0.1733,NORMAL,0,0,Windows,unspecified
23:05:49.535,22.289,0.3649,0.3572,0.3611,0.4078,0.1733,NORMAL,0,0,Windows,unspecified
23:05:49.566,22.32,0.3676,0.3608,0.3642,0.411,0.1733,NORMAL,0,0,Windows,unspecified
23:05:49.597,22.351,0.3676,0.3767,0.3722,0.4014,0.1733,NORMAL,0,0,Windows,unspecified
23:05:49.630,22.384,0.3701,0.3672,0.3687,0.4014,0.1733,NORMAL,0,0,Windows,unspecified
23:05:49.659,22.413,0.3811,0.3713,0.3762,0.4098,0.1733,NORMAL,0,0,Windows,unspecified
23:05:49.692,22.446,0.3699,0.3713,0.3706,0.4099,0.1733,NORMAL,0,0,Windows,unspecified
23:05:49.726,22.48,0.3517,0.3595,0.3556,0.4008,0.1733,NORMAL,0,0,Windows,unspecified
23:05:49.755,22.509,0.3517,0.3701,0.3609,0.4181,0.1733,NORMAL,0,0,Windows,unspecified
23:05:49.809,22.563,0.3561,0.3756,0.3658,0.4119,0.1733,NORMAL,0,0,Windows,unspecified
23:05:49.831,22.585,0.3686,0.3781,0.3733,0.4143,0.1733,NORMAL,0,0,Windows,unspecified
23:05:49.867,22.621,0.3528,0.3759,0.3643,0.4216,0.1733,NORMAL,0,0,Windows,unspecified
23:05:49.894,22.648,0.3411,0.3736,0.3574,0.4243,0.1733,NORMAL,0,0,Windows,unspecified
23:05:49.934,22.688,0.3569,0.37,0.3634,0.4209,0.1733,NORMAL,0,0,Windows,unspecified
23:05:49.970,22.724,0.3478,0.3722,0.36,0.4182,0.1733,NORMAL,0,0,Windows,unspecified
23:05:50.001,22.755,0.3569,0.37,0.3634,0.4191,0.1733,NORMAL,0,0,Windows,unspecified
23:05:50.033,22.787,0.3569,0.37,0.3634,0.4268,0.1733,NORMAL,0,0,Windows,unspecified
23:05:50.065,22.819,0.36,0.3806,0.3703,0.4286,0.1733,NORMAL,0,0,Windows,unspecified
23:05:50.095,22.849,0.36,0.37,0.365,0.4202,0.1733,NORMAL,0,0,Windows,unspecified
23:05:50.128,22.882,0.3737,0.3806,0.3771,0.4239,0.1733,NORMAL,0,0,Windows,unspecified
23:05:50.160,22.914,0.3639,0.3599,0.3619,0.4175,0.1733,NORMAL,0,0,Windows,unspecified
23:05:50.205,22.959,0.3737,0.3621,0.3679,0.4201,0.1733,NORMAL,0,0,Windows,unspecified
23:05:50.237,22.991,0.36,0.3645,0.3622,0.4181,0.1733,NORMAL,0,0,Windows,unspecified
23:05:50.267,23.021,0.382,0.3586,0.3703,0.4277,0.1667,NORMAL,0,0,Windows,unspecified
23:05:50.302,23.055,0.3986,0.3882,0.3934,0.4137,0.16,NORMAL,0,0,Windows,unspecified
23:05:50.334,23.088,0.421,0.3882,0.4046,0.4325,0.1533,NORMAL,0,0,Windows,unspecified
23:05:50.360,23.114,0.4083,0.3781,0.3932,0.4397,0.1467,NORMAL,0,0,Windows,unspecified
23:05:50.398,23.152,0.4271,0.3822,0.4046,0.433,0.14,NORMAL,0,0,Windows,unspecified
23:05:50.455,23.209,0.388,0.3946,0.3913,0.4239,0.1333,NORMAL,0,0,Windows,unspecified
23:05:50.485,23.239,0.3986,0.3822,0.3904,0.4272,0.1267,NORMAL,0,0,Windows,unspecified
23:05:50.517,23.271,0.3989,0.384,0.3915,0.4345,0.12,NORMAL,0,0,Windows,unspecified
23:05:50.565,23.319,0.4032,0.3861,0.3946,0.4263,0.1133,NORMAL,0,0,Windows,unspecified
23:05:50.597,23.351,0.4149,0.3783,0.3966,0.4334,0.1067,NORMAL,0,0,Windows,unspecified
23:05:50.627,23.381,0.4077,0.3838,0.3958,0.4172,0.1,NORMAL,0,0,Windows,unspecified
23:05:50.659,23.413,0.4353,0.3851,0.4102,0.4245,0.0933,NORMAL,0,0,Windows,unspecified
23:05:50.690,23.444,0.4037,0.3752,0.3894,0.4294,0.0867,NORMAL,0,0,Windows,unspecified
23:05:50.722,23.476,0.4201,0.3622,0.3912,0.4269,0.08,NORMAL,0,0,Windows,unspecified
23:05:50.754,23.508,0.3884,0.3668,0.3776,0.4271,0.08,NORMAL,0,0,Windows,unspecified
23:05:50.785,23.539,0.4037,0.3668,0.3852,0.4313,0.08,NORMAL,0,0,Windows,unspecified
23:05:50.815,23.569,0.3875,0.383,0.3853,0.4278,0.08,NORMAL,0,0,Windows,unspecified
23:05:50.848,23.602,0.3904,0.3557,0.373,0.4188,0.08,NORMAL,0,0,Windows,unspecified
23:05:50.880,23.634,0.3712,0.3891,0.3802,0.4226,0.08,NORMAL,0,0,Windows,unspecified
23:05:50.909,23.663,0.3935,0.3674,0.3804,0.4123,0.08,NORMAL,0,0,Windows,unspecified
23:05:50.940,23.694,0.3966,0.3891,0.3928,0.4103,0.08,NORMAL,0,0,Windows,unspecified
23:05:50.971,23.725,0.3951,0.3852,0.3901,0.4107,0.08,NORMAL,0,0,Windows,unspecified
23:05:51.005,23.759,0.3863,0.3993,0.3928,0.4056,0.08,NORMAL,0,0,Windows,unspecified
23:05:51.034,23.788,0.4,0.3953,0.3976,0.4074,0.08,NORMAL,0,0,Windows,unspecified
23:05:51.072,23.826,0.3926,0.3907,0.3916,0.4024,0.08,NORMAL,0,0,Windows,unspecified
23:05:51.095,23.849,0.3885,0.3895,0.389,0.4,0.08,NORMAL,0,0,Windows,unspecified
23:05:51.134,23.888,0.3748,0.3849,0.3799,0.4062,0.08,NORMAL,0,0,Windows,unspecified
23:05:51.158,23.912,0.384,0.3699,0.3769,0.4071,0.08,NORMAL,0,0,Windows,unspecified
23:05:51.200,23.954,0.3661,0.4062,0.3862,0.4108,0.08,NORMAL,0,0,Windows,unspecified
23:05:51.238,23.992,0.3996,0.3811,0.3903,0.423,0.08,NORMAL,0,0,Windows,unspecified
23:05:51.265,24.019,0.3777,0.3769,0.3773,0.4108,0.08,NORMAL,0,0,Windows,unspecified
23:05:51.297,24.051,0.3777,0.3822,0.3799,0.4108,0.08,NORMAL,0,0,Windows,unspecified
23:05:51.329,24.083,0.4162,0.3918,0.404,0.4196,0.08,NORMAL,0,0,Windows,unspecified
23:05:51.360,24.114,0.3991,0.3769,0.388,0.4191,0.08,NORMAL,0,0,Windows,unspecified
23:05:51.402,24.156,0.4141,0.4002,0.4071,0.4403,0.08,NORMAL,0,0,Windows,unspecified
23:05:51.438,24.192,0.4021,0.4149,0.4085,0.4322,0.08,NORMAL,0,0,Windows,unspecified
23:05:51.471,24.225,0.4035,0.3925,0.398,0.4214,0.08,NORMAL,0,0,Windows,unspecified
23:05:51.500,24.254,0.4035,0.3832,0.3934,0.4145,0.08,NORMAL,0,0,Windows,unspecified
23:05:51.535,24.289,0.4143,0.3952,0.4047,0.4291,0.08,NORMAL,0,0,Windows,unspecified
23:05:51.563,24.316,0.4242,0.3878,0.406,0.4295,0.08,NORMAL,0,0,Windows,unspecified
23:05:51.595,24.349,0.4229,0.3972,0.41,0.4353,0.08,NORMAL,0,0,Windows,unspecified
23:05:51.625,24.379,0.4259,0.375,0.4004,0.4359,0.08,NORMAL,0,0,Windows,unspecified
23:05:51.663,24.417,0.3983,0.3916,0.3949,0.4235,0.08,NORMAL,0,0,Windows,unspecified
23:05:51.689,24.443,0.395,0.4089,0.402,0.4288,0.08,NORMAL,0,0,Windows,unspecified
23:05:51.726,24.479,0.4015,0.3903,0.3959,0.4325,0.08,NORMAL,0,0,Windows,unspecified
23:05:51.752,24.506,0.3991,0.381,0.3901,0.4208,0.08,NORMAL,0,0,Windows,unspecified
23:05:51.808,24.562,0.3874,0.3823,0.3848,0.4191,0.08,NORMAL,0,0,Windows,unspecified
23:05:51.829,24.583,0.3867,0.3823,0.3845,0.4164,0.08,NORMAL,0,0,Windows,unspecified
23:05:51.871,24.625,0.3743,0.3817,0.378,0.418,0.08,NORMAL,0,0,Windows,unspecified
23:05:51.909,24.663,0.3736,0.3691,0.3714,0.4138,0.08,NORMAL,0,0,Windows,unspecified
23:05:51.940,24.694,0.3904,0.3691,0.3797,0.4099,0.08,NORMAL,0,0,Windows,unspecified
23:05:51.971,24.725,0.3757,0.3846,0.3801,0.4167,0.08,NORMAL,0,0,Windows,unspecified
23:05:52.000,24.754,0.3651,0.366,0.3656,0.3966,0.08,NORMAL,0,0,Windows,unspecified
23:05:52.034,24.788,0.3657,0.3969,0.3813,0.4081,0.08,NORMAL,0,0,Windows,unspecified
23:05:52.080,24.834,0.3769,0.3946,0.3858,0.4107,0.08,NORMAL,0,0,Windows,unspecified
23:05:52.109,24.863,0.3914,0.3691,0.3803,0.4119,0.08,NORMAL,0,0,Windows,unspecified
23:05:52.142,24.895,0.3926,0.4141,0.4033,0.4135,0.08,NORMAL,0,0,Windows,unspecified
23:05:52.171,24.925,0.3893,0.4033,0.3963,0.4185,0.08,NORMAL,0,0,Windows,unspecified
23:05:52.207,24.961,0.3926,0.4147,0.4036,0.4076,0.0733,NORMAL,0,0,Windows,unspecified
23:05:52.234,24.988,0.3926,0.4229,0.4077,0.4052,0.0667,NORMAL,0,0,Windows,unspecified
23:05:52.273,25.027,0.4033,0.4035,0.4034,0.4077,0.06,NORMAL,0,0,Windows,unspecified
23:05:52.296,25.05,0.3908,0.4018,0.3963,0.414,0.0533,NORMAL,0,0,Windows,unspecified
23:05:52.335,25.089,0.4001,0.3861,0.3931,0.3957,0.0467,NORMAL,0,0,Windows,unspecified
23:05:52.359,25.113,0.3795,0.3819,0.3807,0.3995,0.04,NORMAL,0,0,Windows,unspecified
23:05:52.398,25.152,0.2823,0.2839,0.2831,0.4299,0.04,NORMAL,1,0,Windows,unspecified
23:05:52.421,25.175,0.2552,0.233,0.2441,0.4222,0.04,NORMAL,2,0,Windows,unspecified
23:05:52.461,25.215,0.0751,0.0405,0.0578,0.4204,0.04,NORMAL,3,0,Windows,unspecified
23:05:52.482,25.236,0.0516,0.0287,0.0402,0.4129,0.04,NORMAL,4,0,Windows,unspecified
23:05:52.526,25.28,0.1281,0.1175,0.1228,0.4184,0.04,NORMAL,5,0,Windows,unspecified
23:05:52.563,25.317,0.185,0.1637,0.1743,0.4158,0.04,NORMAL,6,0,Windows,unspecified
23:05:52.606,25.36,0.2815,0.2202,0.2509,0.414,0.0467,NORMAL,7,0,Windows,unspecified
23:05:52.641,25.395,0.2863,0.2556,0.2709,0.4073,0.0533,NORMAL,8,0,Windows,unspecified
23:05:52.670,25.424,0.3509,0.3237,0.3373,0.4185,0.0533,NORMAL,0,0,Windows,unspecified
23:05:52.703,25.457,0.3666,0.3303,0.3485,0.4083,0.0533,NORMAL,0,0,Windows,unspecified
23:05:52.735,25.489,0.3773,0.3585,0.3679,0.4102,0.0533,NORMAL,0,0,Windows,unspecified
23:05:52.765,25.519,0.366,0.3699,0.368,0.411,0.0533,NORMAL,0,0,Windows,unspecified
23:05:52.800,25.554,0.3701,0.3699,0.37,0.4092,0.0533,NORMAL,0,0,Windows,unspecified
23:05:52.827,25.581,0.369,0.3672,0.3681,0.4109,0.0533,NORMAL,0,0,Windows,unspecified
23:05:52.862,25.616,0.3855,0.3672,0.3764,0.4081,0.0533,NORMAL,0,0,Windows,unspecified
23:05:52.889,25.643,0.3572,0.365,0.3611,0.4119,0.0533,NORMAL,0,0,Windows,unspecified
23:05:52.925,25.679,0.3802,0.3659,0.3731,0.4099,0.0533,NORMAL,0,0,Windows,unspecified
23:05:52.965,25.719,0.3699,0.3637,0.3668,0.4208,0.0533,NORMAL,0,0,Windows,unspecified
23:05:53.009,25.763,0.3828,0.3699,0.3763,0.4167,0.0533,NORMAL,0,0,Windows,unspecified
23:05:53.045,25.799,0.3773,0.3766,0.377,0.4057,0.0533,NORMAL,0,0,Windows,unspecified
23:05:53.076,25.83,0.3685,0.3828,0.3756,0.4069,0.0533,NORMAL,0,0,Windows,unspecified
23:05:53.107,25.861,0.3743,0.3732,0.3737,0.4077,0.0533,NORMAL,0,0,Windows,unspecified
23:05:53.139,25.893,0.3887,0.3783,0.3835,0.4136,0.0533,NORMAL,0,0,Windows,unspecified
23:05:53.169,25.922,0.4025,0.389,0.3958,0.4205,0.0533,NORMAL,0,0,Windows,unspecified
23:05:53.201,25.955,0.3874,0.3842,0.3858,0.4137,0.0533,NORMAL,0,0,Windows,unspecified
23:05:53.232,25.986,0.3805,0.3766,0.3785,0.4074,0.0533,NORMAL,0,0,Windows,unspecified
23:05:53.258,26.012,0.4005,0.3828,0.3917,0.4231,0.0533,NORMAL,0,0,Windows,unspecified
23:05:53.294,26.048,0.391,0.3895,0.3903,0.4198,0.0533,NORMAL,0,0,Windows,unspecified
23:05:53.322,26.076,0.4061,0.3893,0.3977,0.411,0.0533,NORMAL,0,0,Windows,unspecified
23:05:53.355,26.109,0.4019,0.3753,0.3886,0.4096,0.0533,NORMAL,0,0,Windows,unspecified
23:05:53.406,26.16,0.4037,0.3828,0.3933,0.4584,0.0533,NORMAL,0,0,Windows,unspecified
23:05:53.434,26.188,0.4061,0.3781,0.3921,0.4715,0.0533,NORMAL,0,0,Windows,unspecified
23:05:53.468,26.222,0.3957,0.3797,0.3877,0.4326,0.0533,NORMAL,0,0,Windows,unspecified
23:05:53.496,26.25,0.3887,0.3766,0.3827,0.4345,0.0533,NORMAL,0,0,Windows,unspecified
23:05:53.531,26.285,0.4037,0.389,0.3964,0.4256,0.0533,NORMAL,0,0,Windows,unspecified
23:05:53.560,26.314,0.3887,0.3766,0.3827,0.4199,0.0533,NORMAL,0,0,Windows,unspecified
23:05:53.598,26.352,0.3828,0.3797,0.3812,0.4076,0.0533,NORMAL,0,0,Windows,unspecified
23:05:53.625,26.379,0.3699,0.3895,0.3797,0.4067,0.0533,NORMAL,0,0,Windows,unspecified
23:05:53.662,26.416,0.3856,0.3739,0.3798,0.4026,0.0533,NORMAL,0,0,Windows,unspecified
23:05:53.687,26.441,0.3887,0.3998,0.3943,0.4022,0.0533,NORMAL,0,0,Windows,unspecified
23:05:53.728,26.482,0.3721,0.3767,0.3744,0.4088,0.0533,NORMAL,0,0,Windows,unspecified
23:05:53.765,26.519,0.3874,0.3766,0.382,0.4229,0.0533,NORMAL,0,0,Windows,unspecified
23:05:53.802,26.556,0.3875,0.3893,0.3884,0.4193,0.0533,NORMAL,0,0,Windows,unspecified
23:05:53.829,26.583,0.3756,0.3641,0.3699,0.4237,0.0533,NORMAL,0,0,Windows,unspecified
23:05:53.866,26.62,0.3759,0.3528,0.3643,0.4062,0.0533,NORMAL,0,0,Windows,unspecified
23:05:53.890,26.644,0.3875,0.3596,0.3736,0.4066,0.0533,NORMAL,0,0,Windows,unspecified
23:05:53.934,26.688,0.3773,0.3466,0.362,0.4159,0.0533,NORMAL,0,0,Windows,unspecified
23:05:53.970,26.724,0.3875,0.3552,0.3713,0.4136,0.0533,NORMAL,0,0,Windows,unspecified
23:05:54.016,26.77,0.3856,0.3703,0.378,0.4236,0.0533,NORMAL,0,0,Windows,unspecified
23:05:54.048,26.802,0.3843,0.3703,0.3773,0.4191,0.0533,NORMAL,0,0,Windows,unspecified
23:05:54.080,26.834,0.3962,0.3703,0.3833,0.4139,0.0533,NORMAL,0,0,Windows,unspecified
23:05:54.123,26.877,0.3875,0.3496,0.3685,0.4205,0.0533,NORMAL,0,0,Windows,unspecified
23:05:54.157,26.911,0.3983,0.3582,0.3782,0.4203,0.0533,NORMAL,0,0,Windows,unspecified
23:05:54.187,26.941,0.3884,0.3672,0.3778,0.4169,0.0533,NORMAL,0,0,Windows,unspecified
23:05:54.219,26.973,0.3928,0.3619,0.3774,0.4093,0.0533,NORMAL,0,0,Windows,unspecified
23:05:54.250,27.003,0.3756,0.3597,0.3676,0.4109,0.0533,NORMAL,0,0,Windows,unspecified
23:05:54.279,27.033,0.3662,0.3597,0.3629,0.401,0.0533,NORMAL,0,0,Windows,unspecified
23:05:54.314,27.068,0.3642,0.3471,0.3556,0.3924,0.0533,NORMAL,0,0,Windows,unspecified
23:05:54.345,27.099,0.3431,0.3621,0.3526,0.4166,0.0533,NORMAL,0,0,Windows,unspecified
23:05:54.375,27.129,0.3608,0.3676,0.3642,0.427,0.0533,NORMAL,0,0,Windows,unspecified
23:05:54.407,27.161,0.3686,0.3646,0.3666,0.4378,0.0533,NORMAL,0,0,Windows,unspecified
23:05:54.438,27.191,0.3714,0.366,0.3687,0.4349,0.0533,NORMAL,0,0,Windows,unspecified
23:05:54.469,27.223,0.3683,0.3969,0.3826,0.4131,0.0533,NORMAL,0,0,Windows,unspecified
23:05:54.500,27.254,0.3862,0.3969,0.3916,0.4013,0.0533,NORMAL,0,0,Windows,unspecified
23:05:54.533,27.287,0.3683,0.3956,0.382,0.4001,0.0533,NORMAL,0,0,Windows,unspecified
23:05:54.562,27.316,0.3683,0.3853,0.3768,0.3972,0.0533,NORMAL,0,0,Windows,unspecified
23:05:54.605,27.359,0.3766,0.3998,0.3882,0.3922,0.0533,NORMAL,0,0,Windows,unspecified
23:05:54.641,27.395,0.3842,0.3788,0.3815,0.4017,0.0533,NORMAL,0,0,Windows,unspecified
23:05:54.670,27.424,0.3431,0.3811,0.3621,0.3883,0.0533,NORMAL,0,0,Windows,unspecified
23:05:54.705,27.459,0.3662,0.3788,0.3725,0.3897,0.0533,NORMAL,0,0,Windows,unspecified
23:05:54.736,27.49,0.3875,0.3809,0.3842,0.4008,0.0533,NORMAL,0,0,Windows,unspecified
23:05:54.767,27.521,0.3905,0.3877,0.3891,0.3987,0.0533,NORMAL,0,0,Windows,unspecified
23:05:54.799,27.553,0.3991,0.389,0.3941,0.4333,0.0533,NORMAL,0,0,Windows,unspecified
23:05:54.828,27.582,0.3856,0.3797,0.3827,0.4256,0.0533,NORMAL,0,0,Windows,unspecified
23:05:54.861,27.615,0.4072,0.3701,0.3887,0.4577,0.0533,NORMAL,0,0,Windows,unspecified
23:05:54.891,27.645,0.4063,0.3732,0.3897,0.4405,0.0533,NORMAL,0,0,Windows,unspecified
23:05:54.922,27.676,0.3809,0.3741,0.3775,0.4463,0.0533,NORMAL,0,0,Windows,unspecified
23:05:54.955,27.709,0.3701,0.3642,0.3671,0.4504,0.0533,NORMAL,0,0,Windows,unspecified
23:05:55.008,27.762,0.3822,0.3622,0.3722,0.4313,0.0533,NORMAL,0,0,Windows,unspecified
23:05:55.033,27.787,0.4063,0.3505,0.3784,0.4236,0.0533,NORMAL,0,0,Windows,unspecified
23:05:55.071,27.825,0.382,0.3562,0.3691,0.4265,0.0533,NORMAL,0,0,Windows,unspecified
23:05:55.095,27.849,0.3956,0.3683,0.3819,0.4215,0.0533,NORMAL,0,0,Windows,unspecified
23:05:55.131,27.885,0.3978,0.3641,0.381,0.4156,0.0533,NORMAL,0,0,Windows,unspecified
23:05:55.160,27.914,0.3978,0.3907,0.3942,0.4091,0.0533,NORMAL,0,0,Windows,unspecified
23:05:55.199,27.953,0.3892,0.3596,0.3744,0.3984,0.0533,NORMAL,0,0,Windows,unspecified
23:05:55.238,27.992,0.3892,0.3863,0.3878,0.3983,0.0533,NORMAL,0,0,Windows,unspecified
23:05:55.266,28.02,0.3805,0.3842,0.3823,0.3916,0.0533,NORMAL,0,0,Windows,unspecified
23:05:55.301,28.055,0.3792,0.3796,0.3794,0.3887,0.0533,NORMAL,0,0,Windows,unspecified
23:05:55.330,28.084,0.3585,0.3773,0.3679,0.3829,0.0533,NORMAL,0,0,Windows,unspecified
23:05:55.363,28.117,0.3618,0.3662,0.364,0.3795,0.0533,NORMAL,0,0,Windows,unspecified
23:05:55.403,28.157,0.3528,0.3759,0.3643,0.4074,0.0533,NORMAL,0,0,Windows,unspecified
23:05:55.425,28.179,0.3528,0.3779,0.3653,0.4174,0.0533,NORMAL,0,0,Windows,unspecified
23:05:55.471,28.225,0.3536,0.361,0.3573,0.4402,0.0533,NORMAL,0,0,Windows,unspecified
23:05:55.506,28.259,0.3661,0.3854,0.3757,0.4299,0.0533,NORMAL,0,0,Windows,unspecified
23:05:55.535,28.289,0.3661,0.3608,0.3634,0.4216,0.0533,NORMAL,0,0,Windows,unspecified
23:05:55.566,28.32,0.3777,0.3974,0.3876,0.4264,0.0533,NORMAL,0,0,Windows,unspecified
23:05:55.597,28.351,0.3652,0.3961,0.3807,0.4114,0.0533,NORMAL,0,0,Windows,unspecified
23:05:55.630,28.384,0.3652,0.3628,0.364,0.4166,0.0533,NORMAL,0,0,Windows,unspecified
23:05:55.661,28.415,0.3835,0.3642,0.3739,0.423,0.0533,NORMAL,0,0,Windows,unspecified
23:05:55.690,28.444,0.3826,0.3642,0.3734,0.4172,0.0533,NORMAL,0,0,Windows,unspecified
23:05:55.726,28.48,0.3854,0.3574,0.3714,0.4265,0.0533,NORMAL,0,0,Windows,unspecified
23:05:55.752,28.506,0.3944,0.3574,0.3759,0.4326,0.0533,NORMAL,0,0,Windows,unspecified
23:05:55.805,28.559,0.3944,0.3699,0.3821,0.442,0.0533,NORMAL,0,0,Windows,unspecified
23:05:55.831,28.585,0.3939,0.3716,0.3828,0.4295,0.0533,NORMAL,0,0,Windows,unspecified
23:05:55.871,28.625,0.4051,0.3606,0.3829,0.4289,0.0533,NORMAL,0,0,Windows,unspecified
23:05:55.908,28.662,0.4074,0.3694,0.3884,0.4281,0.0533,NORMAL,0,0,Windows,unspecified
23:05:55.937,28.691,0.3781,0.3591,0.3686,0.4292,0.0533,NORMAL,0,0,Windows,unspecified
23:05:55.970,28.724,0.3755,0.3606,0.3681,0.4314,0.0533,NORMAL,0,0,Windows,unspecified
23:05:56.000,28.754,0.3875,0.3552,0.3713,0.4255,0.0533,NORMAL,0,0,Windows,unspecified
23:05:56.034,28.787,0.3983,0.3409,0.3696,0.4255,0.0533,NORMAL,0,0,Windows,unspecified
23:05:56.065,28.819,0.3843,0.3517,0.368,0.4182,0.0533,NORMAL,0,0,Windows,unspecified
23:05:56.095,28.849,0.386,0.355,0.3705,0.419,0.0533,NORMAL,0,0,Windows,unspecified
23:05:56.126,28.88,0.3874,0.3528,0.3701,0.4325,0.0533,NORMAL,0,0,Windows,unspecified
23:05:56.157,28.911,0.3775,0.3652,0.3714,0.4237,0.0533,NORMAL,0,0,Windows,unspecified
23:05:56.206,28.96,0.3874,0.3713,0.3793,0.4245,0.0533,NORMAL,0,0,Windows,unspecified
23:05:56.236,28.99,0.3762,0.3619,0.369,0.4269,0.0533,NORMAL,0,0,Windows,unspecified
23:05:56.270,29.024,0.3775,0.3724,0.375,0.408,0.0533,NORMAL,0,0,Windows,unspecified
23:05:56.298,29.052,0.3788,0.3811,0.38,0.4148,0.0533,NORMAL,0,0,Windows,unspecified
23:05:56.336,29.09,0.3662,0.3736,0.3699,0.4284,0.0533,NORMAL,0,0,Windows,unspecified
23:05:56.359,29.113,0.3905,0.3842,0.3874,0.4238,0.0533,NORMAL,0,0,Windows,unspecified
23:05:56.399,29.153,0.3298,0.3548,0.3423,0.4205,0.0533,NORMAL,0,0,Windows,unspecified
23:05:56.421,29.175,0.3258,0.3246,0.3252,0.4146,0.0533,NORMAL,0,0,Windows,unspecified
23:05:56.458,29.212,0.2541,0.2594,0.2567,0.4208,0.06,NORMAL,1,0,Windows,unspecified
23:05:56.484,29.238,0.2522,0.2571,0.2546,0.4118,0.0667,NORMAL,2,0,Windows,unspecified
23:05:56.526,29.28,0.2251,0.2149,0.22,0.4107,0.0733,NORMAL,3,0,Windows,unspecified
23:05:56.561,29.315,0.2377,0.2015,0.2196,0.4023,0.08,NORMAL,4,0,Windows,unspecified
23:05:56.606,29.36,0.2523,0.2283,0.2403,0.4014,0.0867,NORMAL,5,0,Windows,unspecified
23:05:56.641,29.395,0.2514,0.2353,0.2433,0.4126,0.0933,NORMAL,6,0,Windows,unspecified
23:05:56.673,29.427,0.2289,0.2013,0.2151,0.413,0.1,NORMAL,7,0,Windows,unspecified
23:05:56.705,29.458,0.2436,0.1915,0.2176,0.4071,0.1067,NORMAL,8,0,Windows,unspecified
23:05:56.736,29.49,0.2436,0.1988,0.2212,0.4189,0.1133,NORMAL,9,0,Windows,unspecified
23:05:56.769,29.523,0.2559,0.2026,0.2292,0.4208,0.12,WARNING,10,0,Windows,unspecified
23:05:56.800,29.554,0.2874,0.2327,0.26,0.4355,0.1267,WARNING,11,0,Windows,unspecified
23:05:56.829,29.583,0.3023,0.288,0.2952,0.4374,0.1333,WARNING,12,0,Windows,unspecified
23:05:56.863,29.617,0.3242,0.2923,0.3083,0.4509,0.1333,NORMAL,0,0,Windows,unspecified
23:05:56.893,29.646,0.3522,0.3083,0.3303,0.4483,0.1333,NORMAL,0,0,Windows,unspecified
23:05:56.925,29.679,0.3641,0.3232,0.3437,0.4598,0.1333,NORMAL,0,0,Windows,unspecified
23:05:56.956,29.71,0.3655,0.3333,0.3494,0.4635,0.1333,NORMAL,0,0,Windows,unspecified
23:05:57.005,29.759,0.3755,0.332,0.3537,0.4481,0.1333,NORMAL,0,0,Windows,unspecified
23:05:57.034,29.788,0.3679,0.3428,0.3554,0.4485,0.1333,NORMAL,0,0,Windows,unspecified
23:05:57.066,29.82,0.3711,0.3384,0.3548,0.4389,0.1333,NORMAL,0,0,Windows,unspecified
23:05:57.096,29.85,0.3711,0.3483,0.3597,0.4391,0.1333,NORMAL,0,0,Windows,unspecified
23:05:57.135,29.889,0.3715,0.3606,0.366,0.4363,0.1333,NORMAL,0,0,Windows,unspecified
23:05:57.159,29.913,0.3715,0.3606,0.366,0.4446,0.1333,NORMAL,0,0,Windows,unspecified
23:05:57.199,29.953,0.3715,0.3715,0.3715,0.4255,0.1333,NORMAL,0,0,Windows,unspecified
23:05:57.221,29.975,0.3561,0.3819,0.369,0.4198,0.1333,NORMAL,0,0,Windows,unspecified
23:05:57.263,30.017,0.3699,0.3788,0.3744,0.4165,0.1333,NORMAL,0,0,Windows,unspecified
23:05:57.300,30.054,0.3928,0.3904,0.3916,0.4193,0.1333,NORMAL,0,0,Windows,unspecified
23:05:57.332,30.086,0.3828,0.3716,0.3772,0.407,0.1333,NORMAL,0,0,Windows,unspecified
23:05:57.362,30.116,0.3828,0.3694,0.3761,0.4172,0.1333,NORMAL,0,0,Windows,unspecified
23:05:57.405,30.159,0.3828,0.3788,0.3808,0.4031,0.1267,NORMAL,0,0,Windows,unspecified
23:05:57.441,30.195,0.3713,0.3682,0.3697,0.4122,0.12,NORMAL,0,0,Windows,unspecified
23:05:57.474,30.228,0.3863,0.3757,0.381,0.4204,0.1133,NORMAL,0,0,Windows,unspecified
23:05:57.503,30.257,0.3842,0.3811,0.3826,0.4128,0.1067,NORMAL,0,0,Windows,unspecified
23:05:57.534,30.288,0.3842,0.366,0.3751,0.4106,0.1,NORMAL,0,0,Windows,unspecified
23:05:57.565,30.319,0.369,0.3591,0.3641,0.4126,0.0933,NORMAL,0,0,Windows,unspecified
23:05:57.599,30.353,0.3805,0.3682,0.3743,0.4141,0.0867,NORMAL,0,0,Windows,unspecified
23:05:57.630,30.384,0.3805,0.3811,0.3808,0.4089,0.08,NORMAL,0,0,Windows,unspecified
23:05:57.662,30.415,0.3805,0.3716,0.3761,0.4266,0.08,NORMAL,0,0,Windows,unspecified
23:05:57.696,30.449,0.3805,0.3556,0.368,0.4349,0.08,NORMAL,0,0,Windows,unspecified
23:05:57.726,30.48,0.3805,0.3788,0.3797,0.4749,0.08,NORMAL,0,0,Windows,unspecified
23:05:57.756,30.51,0.3647,0.3716,0.3682,0.4931,0.08,NORMAL,0,0,Windows,unspecified
23:05:57.808,30.562,0.3624,0.3548,0.3586,0.5265,0.08,NORMAL,0,0,Windows,unspecified
23:05:57.849,30.602,0.3756,0.3431,0.3593,0.535,0.08,NORMAL,0,0,Windows,unspecified
23:05:57.880,30.634,0.366,0.3606,0.3633,0.5575,0.08,NORMAL,0,0,Windows,unspecified
23:05:57.910,30.664,0.3624,0.3459,0.3541,0.5592,0.08,NORMAL,0,0,Windows,unspecified
23:05:57.941,30.695,0.3874,0.3459,0.3666,0.5483,0.08,NORMAL,0,0,Windows,unspecified
23:05:57.975,30.729,0.3756,0.3591,0.3674,0.5313,0.08,NORMAL,0,0,Windows,unspecified
23:05:58.005,30.759,0.3775,0.3468,0.3622,0.5113,0.08,NORMAL,0,0,Windows,unspecified
23:05:58.038,30.792,0.391,0.3468,0.3689,0.5088,0.08,NORMAL,0,0,Windows,unspecified
23:05:58.068,30.822,0.3781,0.3556,0.3669,0.5047,0.08,NORMAL,0,0,Windows,unspecified
23:05:58.100,30.854,0.3887,0.3459,0.3673,0.501,0.08,NORMAL,0,0,Windows,unspecified
23:05:58.131,30.885,0.3788,0.371,0.3749,0.5115,0.08,NORMAL,0,0,Windows,unspecified
23:05:58.164,30.918,0.3756,0.3468,0.3612,0.5279,0.08,NORMAL,0,0,Windows,unspecified
23:05:58.206,30.96,0.3905,0.3606,0.3756,0.5415,0.08,NORMAL,0,0,Windows,unspecified
23:05:58.240,30.994,0.3887,0.3495,0.3691,0.5551,0.08,NORMAL,0,0,Windows,unspecified
23:05:58.272,31.026,0.3775,0.3606,0.3691,0.5571,0.08,NORMAL,0,0,Windows,unspecified
23:05:58.303,31.057,0.3628,0.3357,0.3493,0.5597,0.08,NORMAL,0,0,Windows,unspecified
23:05:58.336,31.09,0.3873,0.3357,0.3615,0.5525,0.08,NORMAL,0,0,Windows,unspecified
23:05:58.365,31.119,0.3887,0.3443,0.3665,0.5568,0.08,NORMAL,0,0,Windows,unspecified
23:05:58.399,31.153,0.3775,0.3419,0.3597,0.5151,0.08,NORMAL,0,0,Windows,unspecified
23:05:58.429,31.183,0.3775,0.3357,0.3566,0.5027,0.08,NORMAL,0,0,Windows,unspecified
23:05:58.462,31.216,0.3811,0.3357,0.3584,0.4454,0.08,NORMAL,0,0,Windows,unspecified
23:05:58.493,31.247,0.391,0.3595,0.3753,0.4359,0.08,NORMAL,0,0,Windows,unspecified
23:05:58.528,31.282,0.369,0.3443,0.3567,0.4083,0.08,NORMAL,0,0,Windows,unspecified
23:05:58.555,31.309,0.3781,0.369,0.3735,0.3911,0.08,NORMAL,0,0,Windows,unspecified
23:05:58.607,31.361,0.369,0.3828,0.3759,0.3613,0.08,NORMAL,0,0,Windows,unspecified
23:05:58.635,31.388,0.3796,0.3629,0.3712,0.3532,0.08,NORMAL,0,0,Windows,unspecified
23:05:58.671,31.424,0.3923,0.3629,0.3776,0.366,0.08,NORMAL,0,0,Windows,unspecified
23:05:58.695,31.449,0.3756,0.3753,0.3754,0.3765,0.08,NORMAL,0,0,Windows,unspecified
23:05:58.734,31.488,0.369,0.3608,0.3649,0.3858,0.08,NORMAL,0,0,Windows,unspecified
23:05:58.759,31.513,0.391,0.3753,0.3832,0.3972,0.08,NORMAL,0,0,Windows,unspecified
23:05:58.799,31.553,0.3673,0.3515,0.3594,0.4078,0.08,NORMAL,0,0,Windows,unspecified
23:05:58.821,31.575,0.3649,0.3672,0.3661,0.41,0.08,NORMAL,0,0,Windows,unspecified
23:05:58.861,31.615,0.3641,0.3753,0.3697,0.4407,0.08,NORMAL,0,0,Windows,unspecified
23:05:58.883,31.636,0.3624,0.3753,0.3689,0.4445,0.08,NORMAL,0,0,Windows,unspecified
23:05:58.928,31.682,0.3641,0.3753,0.3697,0.4722,0.08,NORMAL,0,0,Windows,unspecified
23:05:58.963,31.717,0.3641,0.3722,0.3681,0.4711,0.08,NORMAL,0,0,Windows,unspecified
23:05:59.002,31.756,0.361,0.3629,0.3619,0.4557,0.08,NORMAL,0,0,Windows,unspecified
23:05:59.039,31.793,0.361,0.3722,0.3666,0.4471,0.08,NORMAL,0,0,Windows,unspecified
23:05:59.072,31.826,0.3779,0.3713,0.3746,0.4502,0.08,NORMAL,0,0,Windows,unspecified
23:05:59.101,31.854,0.3756,0.3767,0.3761,0.4502,0.08,NORMAL,0,0,Windows,unspecified
23:05:59.135,31.889,0.3756,0.3517,0.3636,0.4214,0.08,NORMAL,0,0,Windows,unspecified
23:05:59.163,31.917,0.3773,0.3517,0.3645,0.4256,0.08,NORMAL,0,0,Windows,unspecified
23:05:59.198,31.952,0.3796,0.3699,0.3748,0.4313,0.08,NORMAL,0,0,Windows,unspecified
23:05:59.225,31.979,0.3699,0.3699,0.3699,0.4313,0.08,NORMAL,0,0,Windows,unspecified
23:05:59.265,32.019,0.3699,0.3699,0.3699,0.4279,0.08,NORMAL,0,0,Windows,unspecified
23:05:59.287,32.041,0.3676,0.3699,0.3688,0.4182,0.08,NORMAL,0,0,Windows,unspecified
23:05:59.327,32.081,0.3685,0.3699,0.3692,0.4294,0.08,NORMAL,0,0,Windows,unspecified
23:05:59.352,32.106,0.366,0.3699,0.368,0.4336,0.08,NORMAL,0,0,Windows,unspecified
23:05:59.405,32.159,0.3685,0.3699,0.3692,0.4125,0.08,NORMAL,0,0,Windows,unspecified
23:05:59.429,32.183,0.3676,0.3699,0.3688,0.4068,0.08,NORMAL,0,0,Windows,unspecified
23:05:59.470,32.224,0.3698,0.3699,0.3698,0.4033,0.08,NORMAL,0,0,Windows,unspecified
23:05:59.506,32.26,0.3798,0.3699,0.3749,0.396,0.08,NORMAL,0,0,Windows,unspecified
23:05:59.539,32.293,0.3796,0.3722,0.3759,0.3985,0.08,NORMAL,0,0,Windows,unspecified
23:05:59.569,32.323,0.357,0.3699,0.3635,0.3953,0.08,NORMAL,0,0,Windows,unspecified
23:05:59.599,32.353,0.3655,0.3796,0.3726,0.3877,0.08,NORMAL,0,0,Windows,unspecified
23:05:59.631,32.385,0.3715,0.3699,0.3707,0.3864,0.08,NORMAL,0,0,Windows,unspecified
23:05:59.660,32.414,0.3928,0.3683,0.3806,0.3992,0.08,NORMAL,0,0,Windows,unspecified
23:05:59.693,32.447,0.3905,0.391,0.3908,0.3951,0.08,NORMAL,0,0,Windows,unspecified
23:05:59.723,32.477,0.3655,0.3887,0.3771,0.3866,0.08,NORMAL,0,0,Windows,unspecified
23:05:59.755,32.509,0.3655,0.391,0.3783,0.3985,0.08,NORMAL,0,0,Windows,unspecified
23:05:59.808,32.562,0.3699,0.3811,0.3755,0.3971,0.08,NORMAL,0,0,Windows,unspecified
23:05:59.834,32.588,0.3796,0.3849,0.3823,0.3945,0.08,NORMAL,0,0,Windows,unspecified
23:05:59.869,32.623,0.3792,0.3811,0.3801,0.4136,0.08,NORMAL,0,0,Windows,unspecified
23:05:59.895,32.649,0.3892,0.3842,0.3867,0.4144,0.08,NORMAL,0,0,Windows,unspecified
23:05:59.934,32.688,0.3905,0.3699,0.3802,0.4225,0.08,NORMAL,0,0,Windows,unspecified
23:05:59.959,32.713,0.3905,0.3796,0.3851,0.4296,0.08,NORMAL,0,0,Windows,unspecified
23:05:59.999,32.753,0.3874,0.3699,0.3786,0.4335,0.08,NORMAL,0,0,Windows,unspecified
23:06:00.020,32.774,0.3878,0.3606,0.3742,0.4374,0.08,NORMAL,0,0,Windows,unspecified
23:06:00.061,32.815,0.3745,0.3713,0.3729,0.4324,0.08,NORMAL,0,0,Windows,unspecified
23:06:00.082,32.836,0.3627,0.3608,0.3618,0.435,0.08,NORMAL,0,0,Windows,unspecified
23:06:00.126,32.88,0.3963,0.3736,0.3849,0.4285,0.08,NORMAL,0,0,Windows,unspecified
23:06:00.145,32.899,0.3887,0.3713,0.38,0.4327,0.08,NORMAL,0,0,Windows,unspecified
23:06:00.207,32.961,0.3721,0.3767,0.3744,0.4418,0.08,NORMAL,0,0,Windows,unspecified
23:06:00.240,32.994,0.3709,0.3875,0.3792,0.4367,0.08,NORMAL,0,0,Windows,unspecified
23:06:00.273,33.027,0.3963,0.3619,0.3791,0.4474,0.08,NORMAL,0,0,Windows,unspecified
23:06:00.302,33.056,0.3691,0.3745,0.3718,0.4443,0.08,NORMAL,0,0,Windows,unspecified
23:06:00.330,33.084,0.3887,0.3724,0.3806,0.4418,0.08,NORMAL,0,0,Windows,unspecified
23:06:00.365,33.119,0.3874,0.3652,0.3763,0.4422,0.08,NORMAL,0,0,Windows,unspecified
23:06:00.400,33.154,0.3743,0.3642,0.3692,0.4355,0.08,NORMAL,0,0,Windows,unspecified
23:06:00.428,33.182,0.3743,0.3528,0.3635,0.4435,0.08,NORMAL,0,0,Windows,unspecified
23:06:00.465,33.219,0.3627,0.3517,0.3572,0.4351,0.08,NORMAL,0,0,Windows,unspecified
23:06:00.490,33.244,0.3627,0.3517,0.3572,0.4323,0.08,NORMAL,0,0,Windows,unspecified
23:06:00.525,33.279,0.3759,0.3641,0.37,0.435,0.08,NORMAL,0,0,Windows,unspecified
23:06:00.555,33.309,0.3759,0.3766,0.3762,0.4311,0.08,NORMAL,0,0,Windows,unspecified
23:06:00.605,33.359,0.3759,0.3797,0.3778,0.4256,0.08,NORMAL,0,0,Windows,unspecified
23:06:00.635,33.389,0.3788,0.3895,0.3842,0.4282,0.08,NORMAL,0,0,Windows,unspecified
23:06:00.667,33.421,0.3788,0.3797,0.3793,0.4122,0.08,NORMAL,0,0,Windows,unspecified
23:06:00.695,33.449,0.3788,0.3797,0.3793,0.4047,0.08,NORMAL,0,0,Windows,unspecified
23:06:00.735,33.489,0.3811,0.3767,0.3789,0.4053,0.08,NORMAL,0,0,Windows,unspecified
23:06:00.759,33.513,0.3788,0.3767,0.3778,0.4032,0.08,NORMAL,0,0,Windows,unspecified
23:06:00.799,33.553,0.3805,0.3767,0.3786,0.4006,0.08,NORMAL,0,0,Windows,unspecified
23:06:00.822,33.576,0.3934,0.3641,0.3788,0.3965,0.08,NORMAL,0,0,Windows,unspecified
23:06:00.862,33.616,0.3805,0.3767,0.3786,0.3927,0.08,NORMAL,0,0,Windows,unspecified
23:06:00.885,33.639,0.3584,0.3713,0.3648,0.3927,0.08,NORMAL,0,0,Windows,unspecified
23:06:00.928,33.682,0.3811,0.3713,0.3762,0.4027,0.08,NORMAL,0,0,Windows,unspecified
23:06:00.965,33.719,0.3743,0.3715,0.3729,0.3968,0.08,NORMAL,0,0,Windows,unspecified
23:06:01.002,33.756,0.3773,0.3944,0.3858,0.4052,0.08,NORMAL,0,0,Windows,unspecified
23:06:01.027,33.781,0.3792,0.3955,0.3873,0.4093,0.08,NORMAL,0,0,Windows,unspecified
23:06:01.068,33.822,0.3663,0.3676,0.367,0.4029,0.08,NORMAL,0,0,Windows,unspecified
23:06:01.105,33.859,0.3805,0.3716,0.3761,0.4071,0.08,NORMAL,0,0,Windows,unspecified
23:06:01.137,33.891,0.3828,0.3828,0.3828,0.4042,0.08,NORMAL,0,0,Windows,unspecified
23:06:01.168,33.922,0.3775,0.3805,0.379,0.3976,0.08,NORMAL,0,0,Windows,unspecified
23:06:01.199,33.953,0.3533,0.3699,0.3616,0.4018,0.08,NORMAL,0,0,Windows,unspecified
23:06:01.230,33.984,0.3627,0.3419,0.3523,0.4094,0.08,NORMAL,0,0,Windows,unspecified
23:06:01.261,34.015,0.3611,0.3676,0.3644,0.3973,0.08,NORMAL,0,0,Windows,unspecified
23:06:01.293,34.047,0.3595,0.3561,0.3578,0.4005,0.08,NORMAL,0,0,Windows,unspecified
23:06:01.325,34.079,0.3641,0.3419,0.353,0.405,0.08,NORMAL,0,0,Windows,unspecified
23:06:01.355,34.108,0.361,0.3419,0.3515,0.405,0.08,NORMAL,0,0,Windows,unspecified
23:06:01.407,34.161,0.3624,0.3443,0.3534,0.4018,0.08,NORMAL,0,0,Windows,unspecified
23:06:01.436,34.19,0.3624,0.3548,0.3586,0.3942,0.08,NORMAL,0,0,Windows,unspecified
23:06:01.471,34.225,0.3611,0.3456,0.3534,0.4023,0.0733,NORMAL,0,0,Windows,unspecified
23:06:01.498,34.252,0.3519,0.3432,0.3475,0.3918,0.0667,NORMAL,0,0,Windows,unspecified
23:06:01.535,34.289,0.3519,0.3724,0.3621,0.3918,0.06,NORMAL,0,0,Windows,unspecified
23:06:01.558,34.312,0.3762,0.363,0.3696,0.399,0.0533,NORMAL,0,0,Windows,unspecified
23:06:01.598,34.352,0.3878,0.3652,0.3765,0.3935,0.0467,NORMAL,0,0,Windows,unspecified
23:06:01.622,34.376,0.3775,0.363,0.3703,0.3989,0.04,NORMAL,0,0,Windows,unspecified
23:06:01.663,34.417,0.3775,0.3641,0.3708,0.3918,0.0333,NORMAL,0,0,Windows,unspecified
23:06:01.699,34.453,0.3778,0.3456,0.3617,0.3918,0.0267,NORMAL,0,0,Windows,unspecified
23:06:01.729,34.483,0.4005,0.3955,0.398,0.3971,0.02,NORMAL,0,0,Windows,unspecified
23:06:01.760,34.514,0.4033,0.4062,0.4048,0.3994,0.0133,NORMAL,0,0,Windows,unspecified
23:06:01.803,34.557,0.4033,0.434,0.4186,0.404,0.0067,NORMAL,0,0,Windows,unspecified
23:06:01.824,34.578,0.4269,0.4468,0.4368,0.4059,0.0,NORMAL,0,0,Windows,unspecified
23:06:01.867,34.621,0.443,0.4356,0.4393,0.4016,0.0,NORMAL,0,0,Windows,unspecified
23:06:01.903,34.656,0.4302,0.4367,0.4334,0.4014,0.0,NORMAL,0,0,Windows,unspecified
23:06:01.934,34.688,0.428,0.4356,0.4318,0.4047,0.0,NORMAL,0,0,Windows,unspecified
23:06:01.965,34.719,0.4203,0.4356,0.428,0.4094,0.0,NORMAL,0,0,Windows,unspecified
23:06:01.998,34.752,0.431,0.4356,0.4333,0.4191,0.0,NORMAL,0,0,Windows,unspecified
23:06:02.026,34.78,0.429,0.434,0.4315,0.4119,0.0,NORMAL,0,0,Windows,unspecified
23:06:02.061,34.815,0.4402,0.434,0.4371,0.413,0.0,NORMAL,0,0,Windows,unspecified
23:06:02.091,34.845,0.443,0.4356,0.4393,0.4144,0.0,NORMAL,0,0,Windows,unspecified
23:06:02.126,34.88,0.4419,0.4232,0.4326,0.4156,0.0,NORMAL,0,0,Windows,unspecified
23:06:02.154,34.908,0.4141,0.4232,0.4186,0.4143,0.0,NORMAL,0,0,Windows,unspecified
23:06:02.202,34.956,0.1804,0.1749,0.1776,0.4084,0.0067,NORMAL,1,0,Windows,unspecified
23:06:02.231,34.985,0.1587,0.1712,0.165,0.4138,0.0133,NORMAL,2,0,Windows,unspecified
23:06:02.267,35.021,0.0557,0.0658,0.0608,0.4136,0.02,NORMAL,3,0,Windows,unspecified
23:06:02.293,35.047,0.0544,0.0642,0.0593,0.4131,0.0267,NORMAL,4,0,Windows,unspecified
23:06:02.331,35.085,0.1855,0.1599,0.1727,0.4198,0.0333,NORMAL,5,0,Windows,unspecified
23:06:02.356,35.11,0.2033,0.1933,0.1983,0.4161,0.04,NORMAL,6,0,Windows,unspecified
23:06:02.400,35.154,0.2159,0.2009,0.2084,0.4126,0.0467,NORMAL,7,0,Windows,unspecified
23:06:02.434,35.188,0.2425,0.2158,0.2292,0.4182,0.0533,NORMAL,8,0,Windows,unspecified
23:06:02.465,35.219,0.2983,0.2789,0.2886,0.4207,0.06,NORMAL,9,0,Windows,unspecified
23:06:02.496,35.25,0.326,0.3082,0.3171,0.4267,0.06,NORMAL,0,0,Windows,unspecified
23:06:02.527,35.281,0.3641,0.3369,0.3505,0.4222,0.06,NORMAL,0,0,Windows,unspecified
23:06:02.560,35.314,0.3792,0.3619,0.3705,0.42,0.06,NORMAL,0,0,Windows,unspecified
23:06:02.604,35.358,0.3788,0.3745,0.3767,0.4138,0.06,NORMAL,0,0,Windows,unspecified
23:06:02.637,35.391,0.3819,0.3673,0.3746,0.4179,0.06,NORMAL,0,0,Windows,unspecified
23:06:02.671,35.425,0.3794,0.3552,0.3673,0.421,0.06,NORMAL,0,0,Windows,unspecified
23:06:02.701,35.454,0.3808,0.387,0.3839,0.4156,0.06,NORMAL,0,0,Windows,unspecified
23:06:02.735,35.489,0.3903,0.387,0.3886,0.4217,0.06,NORMAL,0,0,Windows,unspecified
23:06:02.764,35.518,0.3668,0.3795,0.3731,0.428,0.06,NORMAL,0,0,Windows,unspecified
23:06:02.798,35.552,0.3788,0.387,0.3829,0.4242,0.06,NORMAL,0,0,Windows,unspecified
23:06:02.826,35.58,0.3682,0.389,0.3786,0.4136,0.06,NORMAL,0,0,Windows,unspecified
23:06:02.864,35.618,0.3944,0.3762,0.3853,0.4073,0.06,NORMAL,0,0,Windows,unspecified
23:06:02.889,35.643,0.3961,0.3762,0.3861,0.4105,0.06,NORMAL,0,0,Windows,unspecified
23:06:02.922,35.676,0.3965,0.3877,0.3921,0.4148,0.06,NORMAL,0,0,Windows,unspecified
23:06:02.950,35.704,0.3944,0.3856,0.39,0.413,0.06,NORMAL,0,0,Windows,unspecified
23:06:03.005,35.759,0.3841,0.3856,0.3849,0.4222,0.06,NORMAL,0,0,Windows,unspecified
23:06:03.047,35.801,0.3944,0.3856,0.39,0.4307,0.06,NORMAL,0,0,Windows,unspecified
23:06:03.079,35.833,0.3801,0.3856,0.3828,0.4401,0.06,NORMAL,0,0,Windows,unspecified
23:06:03.111,35.865,0.4033,0.3716,0.3874,0.4389,0.06,NORMAL,0,0,Windows,unspecified
23:06:03.139,35.893,0.3904,0.3591,0.3748,0.4426,0.06,NORMAL,0,0,Windows,unspecified
23:06:03.173,35.927,0.3694,0.3856,0.3775,0.4423,0.06,NORMAL,0,0,Windows,unspecified
23:06:03.205,35.959,0.3788,0.3856,0.3822,0.4521,0.06,NORMAL,0,0,Windows,unspecified
23:06:03.235,35.989,0.3775,0.3732,0.3754,0.4454,0.06,NORMAL,0,0,Windows,unspecified
23:06:03.266,36.02,0.3805,0.3606,0.3706,0.4439,0.06,NORMAL,0,0,Windows,unspecified
23:06:03.300,36.054,0.3775,0.3877,0.3826,0.4435,0.06,NORMAL,0,0,Windows,unspecified
23:06:03.331,36.085,0.3775,0.3856,0.3816,0.4307,0.06,NORMAL,0,0,Windows,unspecified
23:06:03.361,36.115,0.3775,0.3606,0.3691,0.4339,0.06,NORMAL,0,0,Windows,unspecified
23:06:03.405,36.159,0.2907,0.3046,0.2976,0.4385,0.0667,NORMAL,1,0,Windows,unspecified
23:06:03.439,36.193,0.2983,0.2975,0.2979,0.4486,0.0733,NORMAL,2,0,Windows,unspecified
23:06:03.472,36.226,0.2537,0.2256,0.2396,0.4589,0.08,NORMAL,3,0,Windows,unspecified
23:06:03.500,36.254,0.2079,0.2216,0.2148,0.464,0.0867,NORMAL,4,0,Windows,unspecified
23:06:03.535,36.289,0.2249,0.2422,0.2335,0.4827,0.0933,NORMAL,5,0,Windows,unspecified
23:06:03.562,36.316,0.2413,0.242,0.2416,0.4867,0.1,NORMAL,6,0,Windows,unspecified
23:06:03.594,36.348,0.2997,0.2778,0.2887,0.4728,0.1067,NORMAL,7,0,Windows,unspecified
23:06:03.625,36.379,0.3034,0.3023,0.3029,0.4627,0.1067,NORMAL,0,0,Windows,unspecified
23:06:03.662,36.416,0.3303,0.3227,0.3265,0.4459,0.1067,NORMAL,0,0,Windows,unspecified
23:06:03.690,36.444,0.3291,0.3234,0.3262,0.4359,0.1067,NORMAL,0,0,Windows,unspecified
23:06:03.726,36.48,0.3404,0.3317,0.3361,0.4085,0.1067,NORMAL,0,0,Windows,unspecified
23:06:03.750,36.504,0.3556,0.3381,0.3469,0.3913,0.1067,NORMAL,0,0,Windows,unspecified
23:06:03.809,36.563,0.366,0.3443,0.3552,0.3892,0.1067,NORMAL,0,0,Windows,unspecified
23:06:03.844,36.598,0.3683,0.3629,0.3656,0.393,0.1067,NORMAL,0,0,Windows,unspecified
23:06:03.875,36.629,0.3505,0.3659,0.3582,0.3704,0.1067,NORMAL,0,0,Windows,unspecified
23:06:03.908,36.661,0.3737,0.3381,0.3559,0.371,0.1067,NORMAL,0,0,Windows,unspecified
23:06:03.939,36.693,0.3788,0.3767,0.3778,0.3719,0.1067,NORMAL,0,0,Windows,unspecified
23:06:03.968,36.722,0.3788,0.3767,0.3778,0.3736,0.1067,NORMAL,0,0,Windows,unspecified
23:06:04.000,36.754,0.3811,0.3642,0.3727,0.3877,0.1067,NORMAL,0,0,Windows,unspecified
23:06:04.031,36.785,0.3532,0.3515,0.3523,0.3871,0.1067,NORMAL,0,0,Windows,unspecified
23:06:04.065,36.819,0.3646,0.3481,0.3564,0.4117,0.1067,NORMAL,0,0,Windows,unspecified
23:06:04.095,36.849,0.3556,0.3548,0.3552,0.4213,0.1067,NORMAL,0,0,Windows,unspecified
23:06:04.128,36.882,0.3811,0.3642,0.3727,0.423,0.1067,NORMAL,0,0,Windows,unspecified
23:06:04.159,36.913,0.3701,0.3481,0.3591,0.4306,0.1067,NORMAL,0,0,Windows,unspecified
23:06:04.206,36.96,0.3532,0.3515,0.3523,0.4268,0.1067,NORMAL,0,0,Windows,unspecified
23:06:04.235,36.989,0.3532,0.3681,0.3606,0.4207,0.1067,NORMAL,0,0,Windows,unspecified
23:06:04.271,37.025,0.3668,0.3468,0.3568,0.4233,0.1067,NORMAL,0,0,Windows,unspecified
23:06:04.300,37.054,0.3663,0.3502,0.3583,0.4296,0.1067,NORMAL,0,0,Windows,unspecified
23:06:04.335,37.089,0.3676,0.3585,0.3631,0.437,0.1067,NORMAL,0,0,Windows,unspecified
23:06:04.363,37.117,0.3743,0.3642,0.3692,0.4516,0.1067,NORMAL,0,0,Windows,unspecified
23:06:04.398,37.152,0.3627,0.3456,0.3542,0.4774,0.1067,NORMAL,0,0,Windows,unspecified
23:06:04.425,37.179,0.3687,0.3364,0.3526,0.4765,0.1067,NORMAL,0,0,Windows,unspecified
23:06:04.461,37.215,0.3627,0.3274,0.345,0.4915,0.1067,NORMAL,0,0,Windows,unspecified
23:06:04.490,37.244,0.3585,0.3211,0.3398,0.5031,0.1067,NORMAL,0,0,Windows,unspecified
23:06:04.528,37.282,0.3495,0.3585,0.354,0.4978,0.1067,NORMAL,0,0,Windows,unspecified
23:06:04.551,37.305,0.3495,0.3443,0.3469,0.4904,0.1067,NORMAL,0,0,Windows,unspecified
23:06:04.605,37.359,0.3495,0.3237,0.3366,0.4732,0.1067,NORMAL,0,0,Windows,unspecified
23:06:04.629,37.383,0.3479,0.3237,0.3358,0.4563,0.1067,NORMAL,0,0,Windows,unspecified
23:06:04.671,37.425,0.3474,0.3264,0.3369,0.4469,0.1067,NORMAL,0,0,Windows,unspecified
23:06:04.707,37.461,0.349,0.3391,0.344,0.4431,0.1067,NORMAL,0,0,Windows,unspecified
23:06:04.739,37.493,0.3495,0.3329,0.3412,0.4404,0.1067,NORMAL,0,0,Windows,unspecified
23:06:04.770,37.524,0.359,0.3443,0.3516,0.4435,0.1067,NORMAL,0,0,Windows,unspecified
23:06:04.802,37.556,0.3548,0.3364,0.3456,0.4214,0.1067,NORMAL,0,0,Windows,unspecified
23:06:04.832,37.586,0.3756,0.3562,0.3659,0.4153,0.1067,NORMAL,0,0,Windows,unspecified
23:06:04.865,37.619,0.366,0.3459,0.3559,0.4058,0.1067,NORMAL,0,0,Windows,unspecified
23:06:04.897,37.651,0.3874,0.3642,0.3758,0.3936,0.1067,NORMAL,0,0,Windows,unspecified
23:06:04.927,37.681,0.391,0.3642,0.3776,0.3887,0.1067,NORMAL,0,0,Windows,unspecified
23:06:04.959,37.713,0.3811,0.3629,0.372,0.3945,0.1067,NORMAL,0,0,Windows,unspecified
23:06:05.003,37.757,0.3811,0.3642,0.3727,0.3816,0.1067,NORMAL,0,0,Windows,unspecified
23:06:05.037,37.791,0.391,0.3517,0.3714,0.3814,0.1067,NORMAL,0,0,Windows,unspecified
23:06:05.070,37.824,0.3775,0.3641,0.3708,0.3904,0.1067,NORMAL,0,0,Windows,unspecified
23:06:05.097,37.851,0.3792,0.3606,0.3699,0.3949,0.1067,NORMAL,0,0,Windows,unspecified
23:06:05.135,37.888,0.3792,0.3732,0.3762,0.3892,0.1067,NORMAL,0,0,Windows,unspecified
23:06:05.160,37.914,0.3805,0.3732,0.3768,0.4,0.1067,NORMAL,0,0,Windows,unspecified
23:06:05.196,37.95,0.3646,0.3849,0.3748,0.41,0.1067,NORMAL,0,0,Windows,unspecified
23:06:05.222,37.976,0.391,0.3619,0.3765,0.4121,0.1067,NORMAL,0,0,Windows,unspecified
23:06:05.263,38.017,0.366,0.3642,0.3651,0.4118,0.1067,NORMAL,0,0,Windows,unspecified
23:06:05.301,38.055,0.3662,0.3608,0.3635,0.4188,0.1067,NORMAL,0,0,Windows,unspecified
23:06:05.332,38.086,0.3627,0.3456,0.3542,0.4188,0.1067,NORMAL,0,0,Windows,unspecified
23:06:05.363,38.117,0.3796,0.3713,0.3755,0.4124,0.1067,NORMAL,0,0,Windows,unspecified
23:06:05.406,38.16,0.3928,0.3713,0.3821,0.4015,0.1067,NORMAL,0,0,Windows,unspecified
23:06:05.441,38.195,0.3676,0.3495,0.3586,0.4074,0.1067,NORMAL,0,0,Windows,unspecified
23:06:05.472,38.226,0.3798,0.3732,0.3765,0.4124,0.1067,NORMAL,0,0,Windows,unspecified
23:06:05.520,38.274,0.3676,0.3881,0.3778,0.4197,0.1067,NORMAL,0,0,Windows,unspecified
23:06:05.551,38.305,0.3773,0.3722,0.3747,0.4312,0.1067,NORMAL,0,0,Windows,unspecified
23:06:05.581,38.335,0.366,0.3753,0.3707,0.43,0.1067,NORMAL,0,0,Windows,unspecified
23:06:05.614,38.368,0.3773,0.3753,0.3763,0.4313,0.1067,NORMAL,0,0,Windows,unspecified
23:06:05.644,38.398,0.4035,0.3753,0.3894,0.4179,0.1067,NORMAL,0,0,Windows,unspecified
23:06:05.676,38.43,0.3773,0.3798,0.3786,0.4114,0.1067,NORMAL,0,0,Windows,unspecified
23:06:05.705,38.459,0.3756,0.3706,0.3731,0.4062,0.1067,NORMAL,0,0,Windows,unspecified
23:06:05.738,38.492,0.3795,0.3722,0.3758,0.3911,0.1067,NORMAL,0,0,Windows,unspecified
23:06:05.768,38.522,0.3927,0.3849,0.3888,0.384,0.1067,NORMAL,0,0,Windows,unspecified
23:06:05.806,38.56,0.3778,0.3699,0.3738,0.3934,0.1067,NORMAL,0,0,Windows,unspecified
23:06:05.830,38.584,0.3756,0.3699,0.3727,0.3898,0.1067,NORMAL,0,0,Windows,unspecified
23:06:05.869,38.623,0.3796,0.3722,0.3759,0.3858,0.1067,NORMAL,0,0,Windows,unspecified
23:06:05.893,38.647,0.3796,0.3722,0.3759,0.3898,0.1067,NORMAL,0,0,Windows,unspecified
23:06:05.935,38.689,0.3699,0.3722,0.371,0.373,0.1067,NORMAL,0,0,Windows,unspecified
23:06:05.971,38.725,0.3811,0.3753,0.3782,0.386,0.1067,NORMAL,0,0,Windows,unspecified
23:06:06.002,38.756,0.3928,0.3714,0.3821,0.3875,0.1067,NORMAL,0,0,Windows,unspecified
23:06:06.034,38.788,0.3699,0.3629,0.3664,0.3986,0.1067,NORMAL,0,0,Windows,unspecified
23:06:06.065,38.819,0.3796,0.3737,0.3767,0.4006,0.1067,NORMAL,0,0,Windows,unspecified
23:06:06.095,38.849,0.3572,0.3706,0.3639,0.3982,0.1067,NORMAL,0,0,Windows,unspecified
23:06:06.125,38.879,0.3779,0.3722,0.375,0.3992,0.1067,NORMAL,0,0,Windows,unspecified
23:06:06.157,38.911,0.3795,0.3572,0.3684,0.4148,0.1067,NORMAL,0,0,Windows,unspecified
23:06:06.207,38.961,0.3778,0.3572,0.3675,0.4086,0.1067,NORMAL,0,0,Windows,unspecified
23:06:06.235,38.989,0.3887,0.3859,0.3873,0.4086,0.1067,NORMAL,0,0,Windows,unspecified
23:06:06.270,39.024,0.3887,0.3699,0.3793,0.4098,0.1067,NORMAL,0,0,Windows,unspecified
23:06:06.298,39.052,0.3909,0.3699,0.3804,0.4142,0.1067,NORMAL,0,0,Windows,unspecified
23:06:06.333,39.087,0.3909,0.3722,0.3815,0.4142,0.1067,NORMAL,0,0,Windows,unspecified
23:06:06.360,39.114,0.3887,0.3722,0.3804,0.4142,0.1067,NORMAL,0,0,Windows,unspecified
23:06:06.398,39.152,0.3756,0.3849,0.3802,0.4184,0.1067,NORMAL,0,0,Windows,unspecified
23:06:06.422,39.176,0.3887,0.3722,0.3804,0.4223,0.1067,NORMAL,0,0,Windows,unspecified
23:06:06.462,39.215,0.3887,0.3722,0.3804,0.4212,0.1067,NORMAL,0,0,Windows,unspecified
23:06:06.485,39.239,0.3887,0.3699,0.3793,0.4212,0.1067,NORMAL,0,0,Windows,unspecified
23:06:06.526,39.28,0.3887,0.3713,0.38,0.4226,0.1067,NORMAL,0,0,Windows,unspecified
23:06:06.549,39.303,0.3887,0.3699,0.3793,0.4186,0.1067,NORMAL,0,0,Windows,unspecified
23:06:06.606,39.359,0.3867,0.3699,0.3783,0.4205,0.1067,NORMAL,0,0,Windows,unspecified
23:06:06.628,39.382,0.3887,0.3828,0.3857,0.4263,0.1067,NORMAL,0,0,Windows,unspecified
23:06:06.672,39.426,0.391,0.3756,0.3833,0.4112,0.1067,NORMAL,0,0,Windows,unspecified
23:06:06.705,39.459,0.3887,0.3753,0.382,0.415,0.1067,NORMAL,0,0,Windows,unspecified
23:06:06.736,39.489,0.391,0.3881,0.3895,0.4239,0.1067,NORMAL,0,0,Windows,unspecified
23:06:06.767,39.521,0.3887,0.3753,0.382,0.4196,0.1067,NORMAL,0,0,Windows,unspecified
23:06:06.800,39.554,0.391,0.3753,0.3832,0.4157,0.1067,NORMAL,0,0,Windows,unspecified
23:06:06.846,39.6,0.3788,0.3722,0.3755,0.4103,0.1067,NORMAL,0,0,Windows,unspecified
23:06:06.877,39.631,0.391,0.3756,0.3833,0.4044,0.1067,NORMAL,0,0,Windows,unspecified
23:06:06.907,39.661,0.3788,0.382,0.3804,0.4114,0.1067,NORMAL,0,0,Windows,unspecified
23:06:06.929,39.683,0.3811,0.3881,0.3846,0.4034,0.1067,NORMAL,0,0,Windows,unspecified
23:06:06.956,39.71,0.3716,0.3753,0.3735,0.4034,0.1067,NORMAL,0,0,Windows,unspecified
23:06:07.005,39.759,0.3556,0.3595,0.3576,0.4015,0.1067,NORMAL,0,0,Windows,unspecified
23:06:07.035,39.789,0.3759,0.3629,0.3694,0.3994,0.1067,NORMAL,0,0,Windows,unspecified
23:06:07.068,39.822,0.3664,0.3453,0.3559,0.3993,0.1067,NORMAL,0,0,Windows,unspecified
23:06:07.096,39.85,0.3759,0.3629,0.3694,0.394,0.1067,NORMAL,0,0,Windows,unspecified
23:06:07.134,39.888,0.3687,0.3595,0.3641,0.4021,0.1067,NORMAL,0,0,Windows,unspecified
23:06:07.159,39.913,0.3664,0.369,0.3677,0.3959,0.1067,NORMAL,0,0,Windows,unspecified
23:06:07.199,39.953,0.3539,0.3629,0.3584,0.3972,0.1,NORMAL,0,0,Windows,unspecified
23:06:07.236,39.99,0.3539,0.3629,0.3584,0.3922,0.0933,NORMAL,0,0,Windows,unspecified
23:06:07.267,40.021,0.3539,0.3629,0.3584,0.3922,0.0867,NORMAL,0,0,Windows,unspecified
23:06:07.300,40.054,0.3539,0.3629,0.3584,0.3959,0.08,NORMAL,0,0,Windows,unspecified
23:06:07.330,40.084,0.33,0.3286,0.3293,0.4122,0.0733,NORMAL,0,0,Windows,unspecified
23:06:07.361,40.115,0.3042,0.2974,0.3008,0.4144,0.0733,NORMAL,1,0,Windows,unspecified
23:06:07.407,40.161,0.2403,0.1828,0.2115,0.419,0.0733,NORMAL,2,0,Windows,unspecified
23:06:07.439,40.193,0.2136,0.1704,0.192,0.4124,0.0733,NORMAL,3,0,Windows,unspecified
23:06:07.469,40.223,0.2332,0.2072,0.2202,0.4123,0.0733,NORMAL,4,0,Windows,unspecified
23:06:07.502,40.256,0.2479,0.2015,0.2247,0.4162,0.08,NORMAL,5,0,Windows,unspecified
23:06:07.534,40.288,0.2403,0.2204,0.2303,0.4141,0.0867,NORMAL,6,0,Windows,unspecified
23:06:07.562,40.316,0.2608,0.2277,0.2442,0.4141,0.0933,NORMAL,7,0,Windows,unspecified
23:06:07.599,40.353,0.2671,0.2582,0.2627,0.3936,0.1,NORMAL,8,0,Windows,unspecified
23:06:07.626,40.38,0.2806,0.2751,0.2779,0.3937,0.1067,NORMAL,9,0,Windows,unspecified
23:06:07.662,40.416,0.2884,0.2805,0.2845,0.3826,0.1133,WARNING,10,0,Windows,unspecified
23:06:07.689,40.443,0.2983,0.2979,0.2981,0.3792,0.12,WARNING,11,0,Windows,unspecified
23:06:07.728,40.482,0.3301,0.2935,0.3118,0.3754,0.12,NORMAL,0,0,Windows,unspecified
23:06:07.751,40.505,0.3377,0.3224,0.3301,0.3672,0.12,NORMAL,0,0,Windows,unspecified
23:06:07.807,40.561,0.3469,0.3234,0.3352,0.3627,0.12,NORMAL,0,0,Windows,unspecified
23:06:07.829,40.583,0.356,0.3399,0.3479,0.3743,0.12,NORMAL,0,0,Windows,unspecified
23:06:07.872,40.626,0.326,0.3455,0.3358,0.3754,0.12,NORMAL,0,0,Windows,unspecified
23:06:07.907,40.661,0.3604,0.3443,0.3524,0.3721,0.12,NORMAL,0,0,Windows,unspecified
23:06:07.939,40.693,0.356,0.3481,0.352,0.3729,0.12,NORMAL,0,0,Windows,unspecified
23:06:07.969,40.723,0.3523,0.3429,0.3476,0.3708,0.12,NORMAL,0,0,Windows,unspecified
23:06:07.999,40.753,0.3632,0.3354,0.3493,0.3732,0.12,NORMAL,0,0,Windows,unspecified
23:06:08.031,40.785,0.3523,0.3585,0.3554,0.3744,0.12,NORMAL,0,0,Windows,unspecified
23:06:08.062,40.816,0.3511,0.3443,0.3477,0.3734,0.12,NORMAL,0,0,Windows,unspecified
23:06:08.092,40.846,0.3377,0.3454,0.3416,0.3708,0.12,NORMAL,0,0,Windows,unspecified
23:06:08.122,40.876,0.3377,0.3481,0.3429,0.3682,0.12,NORMAL,0,0,Windows,unspecified
23:06:08.154,40.908,0.3377,0.3481,0.3429,0.3661,0.12,NORMAL,0,0,Windows,unspecified
23:06:08.207,40.96,0.3509,0.356,0.3534,0.3682,0.12,NORMAL,0,0,Windows,unspecified
23:06:08.232,40.986,0.3509,0.356,0.3534,0.374,0.12,NORMAL,0,0,Windows,unspecified
23:06:08.271,41.024,0.3362,0.3467,0.3414,0.4154,0.12,NORMAL,0,0,Windows,unspecified
23:06:08.295,41.049,0.3362,0.3429,0.3395,0.4207,0.12,NORMAL,0,0,Windows,unspecified
23:06:08.334,41.088,0.3605,0.3429,0.3517,0.433,0.12,NORMAL,0,0,Windows,unspecified
23:06:08.355,41.109,0.3362,0.3416,0.3389,0.4576,0.12,NORMAL,0,0,Windows,unspecified
23:06:08.399,41.152,0.3419,0.3296,0.3358,0.4657,0.1133,NORMAL,0,0,Windows,unspecified
23:06:08.421,41.175,0.3605,0.3194,0.3399,0.4659,0.1067,NORMAL,0,0,Windows,unspecified
23:06:08.461,41.215,0.3464,0.3253,0.3359,0.4615,0.1,NORMAL,0,0,Windows,unspecified
23:06:08.482,41.236,0.3362,0.3324,0.3343,0.4538,0.0933,NORMAL,0,0,Windows,unspecified
23:06:08.525,41.278,0.3464,0.3324,0.3394,0.4346,0.0867,NORMAL,0,0,Windows,unspecified
23:06:08.545,41.299,0.3452,0.3334,0.3393,0.431,0.08,NORMAL,0,0,Windows,unspecified
23:06:08.606,41.36,0.3604,0.3361,0.3483,0.4142,0.0733,NORMAL,0,0,Windows,unspecified
23:06:08.639,41.393,0.3347,0.3364,0.3356,0.4116,0.0733,NORMAL,0,0,Windows,unspecified
23:06:08.666,41.42,0.3347,0.3492,0.3419,0.3918,0.0733,NORMAL,0,0,Windows,unspecified
23:06:08.703,41.457,0.352,0.3527,0.3524,0.3771,0.0733,NORMAL,0,0,Windows,unspecified
23:06:08.735,41.489,0.361,0.3361,0.3486,0.3713,0.0733,NORMAL,0,0,Windows,unspecified
23:06:08.765,41.518,0.361,0.3492,0.3551,0.3713,0.0733,NORMAL,0,0,Windows,unspecified
23:06:08.799,41.553,0.3624,0.362,0.3622,0.3663,0.0733,NORMAL,0,0,Windows,unspecified
23:06:08.830,41.584,0.3721,0.362,0.3671,0.3659,0.0733,NORMAL,0,0,Windows,unspecified
23:06:08.863,41.617,0.3721,0.3588,0.3655,0.371,0.0733,NORMAL,0,0,Windows,unspecified
23:06:08.890,41.644,0.3502,0.3716,0.3609,0.3693,0.0733,NORMAL,0,0,Windows,unspecified
23:06:08.925,41.679,0.3493,0.3481,0.3487,0.368,0.0733,NORMAL,0,0,Windows,unspecified
23:06:08.952,41.706,0.3587,0.3364,0.3476,0.368,0.0733,NORMAL,0,0,Windows,unspecified
23:06:09.004,41.758,0.3704,0.3364,0.3534,0.3706,0.0733,NORMAL,0,0,Windows,unspecified
23:06:09.031,41.785,0.3721,0.3716,0.3719,0.3709,0.0733,NORMAL,0,0,Windows,unspecified
23:06:09.070,41.824,0.3721,0.3619,0.367,0.3802,0.0733,NORMAL,0,0,Windows,unspecified
23:06:09.094,41.848,0.3704,0.3534,0.3619,0.3801,0.0733,NORMAL,0,0,Windows,unspecified
23:06:09.134,41.888,0.3627,0.3569,0.3598,0.3861,0.0733,NORMAL,0,0,Windows,unspecified
23:06:09.187,41.941,0.3721,0.3534,0.3628,0.3805,0.0733,NORMAL,0,0,Windows,unspecified
23:06:09.219,41.973,0.3691,0.3594,0.3643,0.4145,0.0733,NORMAL,0,0,Windows,unspecified
23:06:09.250,42.004,0.361,0.35,0.3555,0.4198,0.0733,NORMAL,0,0,Windows,unspecified
23:06:09.281,42.035,0.3627,0.35,0.3563,0.4333,0.0733,NORMAL,0,0,Windows,unspecified
23:06:09.315,42.069,0.3739,0.35,0.362,0.4406,0.0733,NORMAL,0,0,Windows,unspecified
23:06:09.346,42.1,0.3707,0.3463,0.3585,0.4365,0.0733,NORMAL,0,0,Windows,unspecified
23:06:09.376,42.13,0.3725,0.3526,0.3625,0.4465,0.0733,NORMAL,0,0,Windows,unspecified
23:06:09.407,42.161,0.3453,0.3118,0.3285,0.4314,0.0733,NORMAL,0,0,Windows,unspecified
23:06:09.441,42.195,0.3604,0.3501,0.3552,0.4306,0.0733,NORMAL,0,0,Windows,unspecified
23:06:09.469,42.223,0.2608,0.2324,0.2466,0.4277,0.08,NORMAL,1,0,Windows,unspecified
23:06:09.501,42.255,0.2373,0.2352,0.2363,0.4133,0.0867,NORMAL,2,0,Windows,unspecified
23:06:09.534,42.288,0.0946,0.0707,0.0826,0.4143,0.0933,NORMAL,3,0,Windows,unspecified
23:06:09.564,42.318,0.0572,0.0559,0.0565,0.4068,0.1,NORMAL,4,0,Windows,unspecified
23:06:09.595,42.349,0.1158,0.0981,0.1069,0.4091,0.1067,NORMAL,5,0,Windows,unspecified
23:06:09.625,42.379,0.1054,0.0925,0.0989,0.4134,0.1133,NORMAL,6,0,Windows,unspecified
23:06:09.657,42.411,0.1616,0.1115,0.1366,0.4168,0.12,NORMAL,7,0,Windows,unspecified
23:06:09.690,42.443,0.1789,0.1401,0.1595,0.4216,0.1267,NORMAL,8,0,Windows,unspecified
23:06:09.742,42.496,0.2734,0.2576,0.2655,0.4275,0.1333,NORMAL,9,0,Windows,unspecified
23:06:09.767,42.521,0.327,0.3172,0.3221,0.4401,0.1333,NORMAL,0,0,Windows,unspecified
23:06:09.806,42.559,0.3469,0.3364,0.3417,0.4456,0.1333,NORMAL,0,0,Windows,unspecified
23:06:09.829,42.583,0.3481,0.3492,0.3486,0.456,0.1333,NORMAL,0,0,Windows,unspecified
23:06:09.870,42.624,0.3362,0.3253,0.3307,0.438,0.1333,NORMAL,0,0,Windows,unspecified
23:06:09.894,42.647,0.3347,0.3416,0.3381,0.4392,0.1333,NORMAL,0,0,Windows,unspecified
23:06:09.934,42.688,0.3389,0.3244,0.3316,0.4314,0.1333,NORMAL,0,0,Windows,unspecified
23:06:09.957,42.711,0.3347,0.3328,0.3337,0.4272,0.1333,NORMAL,0,0,Windows,unspecified
23:06:09.998,42.752,0.3649,0.3456,0.3553,0.4224,0.1333,NORMAL,0,0,Windows,unspecified
23:06:10.019,42.773,0.3756,0.3642,0.3699,0.4167,0.1333,NORMAL,0,0,Windows,unspecified
23:06:10.062,42.816,0.3736,0.3517,0.3627,0.4147,0.1333,NORMAL,0,0,Windows,unspecified
23:06:10.095,42.849,0.3874,0.3642,0.3758,0.4171,0.1333,NORMAL,0,0,Windows,unspecified
23:06:10.140,42.894,0.3887,0.3641,0.3764,0.4141,0.1333,NORMAL,0,0,Windows,unspecified
23:06:10.175,42.928,0.3605,0.3619,0.3612,0.4107,0.1333,NORMAL,0,0,Windows,unspecified
23:06:10.207,42.961,0.3605,0.3561,0.3583,0.4026,0.1333,NORMAL,0,0,Windows,unspecified
23:06:10.238,42.992,0.3605,0.3528,0.3566,0.4026,0.1333,NORMAL,0,0,Windows,unspecified
23:06:10.272,43.026,0.3591,0.3561,0.3576,0.4048,0.1333,NORMAL,0,0,Windows,unspecified
23:06:10.301,43.055,0.363,0.3642,0.3636,0.3998,0.1333,NORMAL,0,0,Windows,unspecified
23:06:10.335,43.089,0.3591,0.3653,0.3622,0.4092,0.1333,NORMAL,0,0,Windows,unspecified
23:06:10.363,43.117,0.3701,0.3528,0.3614,0.4036,0.1333,NORMAL,0,0,Windows,unspecified
23:06:10.399,43.153,0.3714,0.3653,0.3684,0.3977,0.1333,NORMAL,0,0,Windows,unspecified
23:06:10.426,43.18,0.3591,0.3653,0.3622,0.3958,0.1333,NORMAL,0,0,Windows,unspecified
23:06:10.462,43.216,0.3831,0.3714,0.3772,0.3876,0.1333,NORMAL,0,0,Windows,unspecified
23:06:10.488,43.242,0.3854,0.3714,0.3784,0.394,0.1333,NORMAL,0,0,Windows,unspecified
23:06:10.539,43.293,0.3723,0.3714,0.3718,0.3928,0.1333,NORMAL,0,0,Windows,unspecified
23:06:10.567,43.321,0.3723,0.3683,0.3703,0.3909,0.1333,NORMAL,0,0,Windows,unspecified
23:06:10.607,43.36,0.3721,0.3683,0.3702,0.4017,0.1333,NORMAL,0,0,Windows,unspecified
23:06:10.630,43.384,0.3723,0.3779,0.3751,0.4058,0.1333,NORMAL,0,0,Windows,unspecified
23:06:10.672,43.426,0.3591,0.3653,0.3622,0.4153,0.1333,NORMAL,0,0,Windows,unspecified
23:06:10.693,43.447,0.3591,0.3653,0.3622,0.409,0.1333,NORMAL,0,0,Windows,unspecified
23:06:10.734,43.488,0.3844,0.3608,0.3726,0.3967,0.1333,NORMAL,0,0,Windows,unspecified
23:06:10.757,43.511,0.3867,0.3528,0.3697,0.3952,0.1333,NORMAL,0,0,Windows,unspecified
23:06:10.798,43.552,0.3736,0.3548,0.3642,0.3849,0.1333,NORMAL,0,0,Windows,unspecified
23:06:10.834,43.587,0.3714,0.3469,0.3592,0.3806,0.1333,NORMAL,0,0,Windows,unspecified
23:06:10.868,43.622,0.3605,0.3581,0.3593,0.3779,0.1333,NORMAL,0,0,Windows,unspecified
23:06:10.896,43.65,0.3722,0.3592,0.3657,0.3787,0.1333,NORMAL,0,0,Windows,unspecified
23:06:10.944,43.698,0.3854,0.3469,0.3661,0.376,0.1333,NORMAL,0,0,Windows,unspecified
23:06:10.975,43.729,0.3723,0.356,0.3641,0.3873,0.1333,NORMAL,0,0,Windows,unspecified
23:06:11.024,43.778,0.3591,0.3549,0.357,0.3976,0.1333,NORMAL,0,0,Windows,unspecified
23:06:11.050,43.804,0.3591,0.3642,0.3617,0.4078,0.1333,NORMAL,0,0,Windows,unspecified
23:06:11.085,43.839,0.3539,0.3642,0.359,0.4239,0.1333,NORMAL,0,0,Windows,unspecified
23:06:11.113,43.867,0.3501,0.3642,0.3571,0.4303,0.1333,NORMAL,0,0,Windows,unspecified
23:06:11.147,43.9,0.3501,0.3517,0.3509,0.4437,0.1333,NORMAL,0,0,Windows,unspecified
23:06:11.182,43.936,0.3501,0.3642,0.3571,0.4382,0.1333,NORMAL,0,0,Windows,unspecified
23:06:11.209,43.963,0.3591,0.3492,0.3541,0.4481,0.1333,NORMAL,0,0,Windows,unspecified
23:06:11.240,43.994,0.3591,0.3526,0.3558,0.4383,0.1333,NORMAL,0,0,Windows,unspecified
23:06:11.273,44.027,0.3591,0.3517,0.3554,0.4432,0.1333,NORMAL,0,0,Windows,unspecified
23:06:11.300,44.054,0.3757,0.3747,0.3752,0.4464,0.1333,NORMAL,0,0,Windows,unspecified
23:06:11.343,44.097,0.3486,0.355,0.3518,0.4464,0.1333,NORMAL,0,0,Windows,unspecified
23:06:11.379,44.133,0.3723,0.355,0.3637,0.4382,0.1333,NORMAL,0,0,Windows,unspecified
23:06:11.416,44.17,0.3664,0.3641,0.3653,0.4426,0.1333,NORMAL,0,0,Windows,unspecified
23:06:11.440,44.194,0.3757,0.3683,0.372,0.4395,0.1333,NORMAL,0,0,Windows,unspecified
23:06:11.473,44.227,0.3501,0.3517,0.3509,0.4511,0.1333,NORMAL,0,0,Windows,unspecified
23:06:11.505,44.259,0.3627,0.3495,0.3561,0.4392,0.1333,NORMAL,0,0,Windows,unspecified
23:06:11.534,44.288,0.3629,0.3608,0.3619,0.4341,0.1333,NORMAL,0,0,Windows,unspecified
23:06:11.569,44.323,0.3723,0.3517,0.362,0.4349,0.1333,NORMAL,0,0,Windows,unspecified
23:06:11.605,44.359,0.3642,0.3431,0.3536,0.4344,0.1333,NORMAL,0,0,Windows,unspecified
23:06:11.635,44.388,0.3723,0.3517,0.362,0.434,0.1333,NORMAL,0,0,Windows,unspecified
23:06:11.666,44.42,0.3769,0.3517,0.3643,0.4332,0.1333,NORMAL,0,0,Windows,unspecified
23:06:11.694,44.448,0.3722,0.3517,0.362,0.4291,0.1333,NORMAL,0,0,Windows,unspecified
23:06:11.745,44.499,0.3514,0.3517,0.3516,0.4353,0.1333,NORMAL,0,0,Windows,unspecified
23:06:11.772,44.526,0.3514,0.3642,0.3578,0.4322,0.1333,NORMAL,0,0,Windows,unspecified
23:06:11.806,44.56,0.3591,0.3619,0.3605,0.4322,0.1333,NORMAL,0,0,Windows,unspecified
23:06:11.836,44.59,0.3605,0.3629,0.3617,0.4307,0.1333,NORMAL,0,0,Windows,unspecified
23:06:11.874,44.628,0.3741,0.3659,0.37,0.4301,0.1333,NORMAL,0,0,Windows,unspecified
23:06:11.913,44.667,0.3887,0.3753,0.382,0.4245,0.1333,NORMAL,0,0,Windows,unspecified
23:06:11.943,44.697,0.4013,0.389,0.3952,0.422,0.1333,NORMAL,0,0,Windows,unspecified
23:06:11.976,44.73,0.3811,0.3905,0.3858,0.4289,0.1333,NORMAL,0,0,Windows,unspecified
23:06:12.005,44.759,0.3775,0.3763,0.3769,0.4222,0.1333,NORMAL,0,0,Windows,unspecified
23:06:12.039,44.793,0.3757,0.3732,0.3744,0.4284,0.1333,NORMAL,0,0,Windows,unspecified
23:06:12.069,44.823,0.3811,0.3763,0.3787,0.4222,0.1333,NORMAL,0,0,Windows,unspecified
23:06:12.100,44.854,0.4025,0.403,0.4027,0.4289,0.1333,NORMAL,0,0,Windows,unspecified
23:06:12.137,44.891,0.4025,0.4001,0.4013,0.4311,0.1333,NORMAL,0,0,Windows,unspecified
23:06:12.162,44.916,0.4002,0.3877,0.3939,0.4242,0.1333,NORMAL,0,0,Windows,unspecified
23:06:12.209,44.963,0.3769,0.3877,0.3823,0.4268,0.1333,NORMAL,0,0,Windows,unspecified
23:06:12.241,44.995,0.3664,0.3905,0.3785,0.4345,0.1333,NORMAL,0,0,Windows,unspecified
23:06:12.272,45.026,0.3664,0.3905,0.3785,0.441,0.1333,NORMAL,0,0,Windows,unspecified
23:06:12.304,45.057,0.3664,0.3905,0.3785,0.4328,0.1333,NORMAL,0,0,Windows,unspecified
23:06:12.337,45.091,0.3682,0.3869,0.3775,0.4394,0.1333,NORMAL,0,0,Windows,unspecified
23:06:12.366,45.12,0.3694,0.3748,0.3721,0.431,0.1267,NORMAL,0,0,Windows,unspecified
23:06:12.395,45.149,0.3716,0.3748,0.3732,0.4286,0.12,NORMAL,0,0,Windows,unspecified
23:06:12.431,45.185,0.3704,0.3872,0.3788,0.4328,0.1133,NORMAL,0,0,Windows,unspecified
23:06:12.466,45.22,0.3897,0.3762,0.3829,0.4339,0.1067,NORMAL,0,0,Windows,unspecified
23:06:12.505,45.259,0.4025,0.3856,0.394,0.4351,0.1,NORMAL,0,0,Windows,unspecified
23:06:12.543,45.297,0.4025,0.3671,0.3848,0.437,0.0933,NORMAL,0,0,Windows,unspecified
23:06:12.569,45.323,0.3935,0.3877,0.3906,0.4463,0.0867,NORMAL,0,0,Windows,unspecified
23:06:12.606,45.36,0.4025,0.3661,0.3843,0.4405,0.08,NORMAL,0,0,Windows,unspecified
23:06:12.630,45.384,0.4025,0.3877,0.3951,0.4366,0.0733,NORMAL,0,0,Windows,unspecified
23:06:12.678,45.432,0.3812,0.3877,0.3844,0.4282,0.0667,NORMAL,0,0,Windows,unspecified
23:06:12.710,45.464,0.4033,0.3885,0.3959,0.4221,0.06,NORMAL,0,0,Windows,unspecified
23:06:12.743,45.497,0.4025,0.3903,0.3964,0.4281,0.06,NORMAL,0,0,Windows,unspecified
23:06:12.772,45.526,0.4025,0.3782,0.3903,0.4344,0.06,NORMAL,0,0,Windows,unspecified
23:06:12.818,45.572,0.3769,0.3877,0.3823,0.4375,0.06,NORMAL,0,0,Windows,unspecified
23:06:12.852,45.606,0.3927,0.3905,0.3916,0.4375,0.06,NORMAL,0,0,Windows,unspecified
23:06:12.885,45.639,0.3808,0.379,0.3799,0.4439,0.06,NORMAL,0,0,Windows,unspecified
23:06:12.912,45.666,0.3904,0.3782,0.3843,0.4455,0.06,NORMAL,0,0,Windows,unspecified
23:06:12.944,45.698,0.4025,0.3888,0.3956,0.4558,0.06,NORMAL,0,0,Windows,unspecified
23:06:12.975,45.729,0.3893,0.3762,0.3827,0.464,0.06,NORMAL,0,0,Windows,unspecified
23:06:13.008,45.762,0.3915,0.379,0.3852,0.4777,0.06,NORMAL,0,0,Windows,unspecified
23:06:13.044,45.798,0.3914,0.3838,0.3876,0.474,0.06,NORMAL,0,0,Windows,unspecified
23:06:13.067,45.821,0.3926,0.3903,0.3914,0.4907,0.06,NORMAL,0,0,Windows,unspecified
23:06:13.101,45.854,0.3914,0.3884,0.3899,0.4915,0.06,NORMAL,0,0,Windows,unspecified
23:06:13.137,45.891,0.3885,0.3763,0.3824,0.4988,0.06,NORMAL,0,0,Windows,unspecified
23:06:13.165,45.919,0.3788,0.3661,0.3725,0.5029,0.06,NORMAL,0,0,Windows,unspecified
23:06:13.199,45.953,0.3775,0.3641,0.3708,0.5071,0.06,NORMAL,0,0,Windows,unspecified
23:06:13.226,45.98,0.3788,0.3603,0.3695,0.5058,0.06,NORMAL,0,0,Windows,unspecified
23:06:13.263,46.017,0.3788,0.3661,0.3725,0.5068,0.06,NORMAL,0,0,Windows,unspecified
23:06:13.290,46.044,0.4013,0.3782,0.3897,0.5068,0.06,NORMAL,0,0,Windows,unspecified
23:06:13.340,46.094,0.3897,0.3767,0.3832,0.4986,0.06,NORMAL,0,0,Windows,unspecified
23:06:13.369,46.123,0.4025,0.3661,0.3843,0.4982,0.06,NORMAL,0,0,Windows,unspecified
23:06:13.407,46.161,0.4025,0.3782,0.3903,0.4495,0.06,NORMAL,0,0,Windows,unspecified
23:06:13.430,46.184,0.4013,0.3782,0.3897,0.4342,0.06,NORMAL,0,0,Windows,unspecified
23:06:13.470,46.224,0.3914,0.3931,0.3923,0.3736,0.06,NORMAL,0,0,Windows,unspecified
23:06:13.495,46.249,0.3914,0.381,0.3862,0.3663,0.06,NORMAL,0,0,Windows,unspecified
23:06:13.534,46.288,0.4058,0.3762,0.391,0.3369,0.06,NORMAL,0,0,Windows,unspecified
23:06:13.556,46.31,0.405,0.3782,0.3916,0.3332,0.06,NORMAL,0,0,Windows,unspecified
23:06:13.599,46.353,0.4193,0.381,0.4002,0.3319,0.06,NORMAL,0,0,Windows,unspecified
23:06:13.637,46.391,0.4193,0.4051,0.4122,0.3348,0.06,NORMAL,0,0,Windows,unspecified
23:06:13.665,46.419,0.434,0.3943,0.4142,0.3296,0.06,NORMAL,0,0,Windows,unspecified
23:06:13.699,46.453,0.4195,0.3943,0.4069,0.331,0.06,NORMAL,0,0,Windows,unspecified
23:06:13.745,46.499,0.3965,0.4065,0.4015,0.3231,0.06,NORMAL,0,0,Windows,unspecified
23:06:13.777,46.53,0.4069,0.4091,0.408,0.3275,0.06,NORMAL,0,0,Windows,unspecified
23:06:13.806,46.56,0.3965,0.4065,0.4015,0.3261,0.06,NORMAL,0,0,Windows,unspecified
23:06:13.837,46.591,0.407,0.4051,0.406,0.3244,0.06,NORMAL,0,0,Windows,unspecified
23:06:13.873,46.627,0.3972,0.3931,0.3952,0.3231,0.06,NORMAL,0,0,Windows,unspecified
23:06:13.900,46.654,0.4194,0.3931,0.4063,0.326,0.06,NORMAL,0,0,Windows,unspecified
23:06:13.938,46.692,0.3964,0.3945,0.3954,0.3277,0.06,NORMAL,0,0,Windows,unspecified
23:06:13.964,46.718,0.4214,0.3931,0.4073,0.3322,0.06,NORMAL,0,0,Windows,unspecified
23:06:14.000,46.753,0.4195,0.393,0.4062,0.3264,0.06,NORMAL,0,0,Windows,unspecified
23:06:14.025,46.779,0.4088,0.3917,0.4002,0.3218,0.06,NORMAL,0,0,Windows,unspecified
23:06:14.066,46.82,0.4213,0.4146,0.418,0.3175,0.06,NORMAL,0,0,Windows,unspecified
23:06:14.105,46.859,0.4112,0.4025,0.4068,0.3276,0.06,NORMAL,0,0,Windows,unspecified
23:06:14.141,46.895,0.4464,0.4173,0.4318,0.3174,0.06,NORMAL,0,0,Windows,unspecified
23:06:14.167,46.92,0.4232,0.4268,0.425,0.3115,0.06,NORMAL,0,0,Windows,unspecified
23:06:14.207,46.961,0.4357,0.4128,0.4243,0.3224,0.06,NORMAL,0,0,Windows,unspecified
23:06:14.246,47.0,0.4322,0.4375,0.4348,0.316,0.06,NORMAL,0,0,Windows,unspecified
23:06:14.275,47.029,0.4214,0.4307,0.4261,0.3169,0.06,NORMAL,0,0,Windows,unspecified
23:06:14.307,47.061,0.4195,0.4025,0.411,0.3135,0.06,NORMAL,0,0,Windows,unspecified
23:06:14.337,47.091,0.4112,0.4307,0.421,0.323,0.06,NORMAL,0,0,Windows,unspecified
23:06:14.370,47.124,0.434,0.4323,0.4331,0.323,0.06,NORMAL,0,0,Windows,unspecified
23:06:14.401,47.155,0.4424,0.439,0.4407,0.3185,0.06,NORMAL,0,0,Windows,unspecified
23:06:14.431,47.185,0.4233,0.4146,0.419,0.3171,0.06,NORMAL,0,0,Windows,unspecified
23:06:14.464,47.218,0.4355,0.4146,0.4251,0.3145,0.0533,NORMAL,0,0,Windows,unspecified
23:06:14.495,47.249,0.4336,0.4268,0.4302,0.3207,0.0467,NORMAL,0,0,Windows,unspecified
23:06:14.545,47.299,0.4215,0.4309,0.4262,0.323,0.04,NORMAL,0,0,Windows,unspecified
23:06:14.570,47.324,0.4215,0.4323,0.4269,0.3216,0.0333,NORMAL,0,0,Windows,unspecified
23:06:14.602,47.356,0.434,0.4204,0.4272,0.3203,0.0267,NORMAL,0,0,Windows,unspecified
23:06:14.646,47.4,0.4112,0.4282,0.4197,0.3317,0.02,NORMAL,0,0,Windows,unspecified
23:06:14.678,47.432,0.4214,0.416,0.4187,0.3344,0.0133,NORMAL,0,0,Windows,unspecified
23:06:14.709,47.463,0.4464,0.4073,0.4268,0.3345,0.0067,NORMAL,0,0,Windows,unspecified
23:06:14.740,47.494,0.4106,0.4093,0.4099,0.3345,0.0,NORMAL,0,0,Windows,unspecified
23:06:14.772,47.526,0.4213,0.4047,0.413,0.3349,0.0,NORMAL,0,0,Windows,unspecified
23:06:14.804,47.558,0.4193,0.4073,0.4133,0.34,0.0,NORMAL,0,0,Windows,unspecified
23:06:14.838,47.592,0.4126,0.4069,0.4097,0.3333,0.0,NORMAL,0,0,Windows,unspecified
23:06:14.866,47.62,0.4107,0.4192,0.415,0.336,0.0,NORMAL,0,0,Windows,unspecified
23:06:14.899,47.652,0.4213,0.4093,0.4153,0.3349,0.0,NORMAL,0,0,Windows,unspecified
23:06:14.938,47.692,0.4089,0.4069,0.4079,0.3317,0.0,NORMAL,0,0,Windows,unspecified
23:06:14.961,47.715,0.4089,0.4069,0.4079,0.3358,0.0,NORMAL,0,0,Windows,unspecified
23:06:15.008,47.762,0.3944,0.4069,0.4007,0.3336,0.0,NORMAL,0,0,Windows,unspecified
23:06:15.043,47.797,0.4232,0.3953,0.4092,0.3324,0.0,NORMAL,0,0,Windows,unspecified
23:06:15.071,47.825,0.3987,0.4131,0.4059,0.3303,0.0,NORMAL,0,0,Windows,unspecified
23:06:15.101,47.854,0.4107,0.415,0.4129,0.325,0.0,NORMAL,0,0,Windows,unspecified
23:06:15.136,47.89,0.3961,0.4019,0.399,0.3249,0.0,NORMAL,0,0,Windows,unspecified
23:06:15.165,47.919,0.3835,0.3774,0.3805,0.3249,0.0,NORMAL,0,0,Windows,unspecified
23:06:15.199,47.953,0.3961,0.3734,0.3847,0.3232,0.0,NORMAL,0,0,Windows,unspecified
23:06:15.228,47.982,0.3778,0.3631,0.3705,0.3177,0.0,NORMAL,0,0,Windows,unspecified
23:06:15.263,48.017,0.2384,0.2482,0.2433,0.3232,0.0067,NORMAL,1,0,Windows,unspecified
23:06:15.291,48.045,0.2134,0.2112,0.2123,0.3232,0.0133,NORMAL,2,0,Windows,unspecified
23:06:15.342,48.096,0.1808,0.1864,0.1836,0.3159,0.02,NORMAL,3,0,Windows,unspecified
23:06:15.368,48.122,0.1589,0.1866,0.1727,0.3155,0.0267,NORMAL,4,0,Windows,unspecified
23:06:15.408,48.162,0.2384,0.252,0.2452,0.318,0.0333,NORMAL,5,0,Windows,unspecified
23:06:15.444,48.198,0.2669,0.2764,0.2716,0.3184,0.04,NORMAL,6,0,Windows,unspecified
23:06:15.479,48.233,0.3547,0.3641,0.3594,0.3221,0.04,NORMAL,0,0,Windows,unspecified
23:06:15.508,48.262,0.3583,0.3777,0.368,0.3236,0.04,NORMAL,0,0,Windows,unspecified
23:06:15.542,48.296,0.405,0.4027,0.4039,0.3196,0.04,NORMAL,0,0,Windows,unspecified
23:06:15.572,48.326,0.4033,0.4001,0.4017,0.3183,0.04,NORMAL,0,0,Windows,unspecified
23:06:15.615,48.369,0.4183,0.4015,0.4099,0.3153,0.04,NORMAL,0,0,Windows,unspecified
23:06:15.647,48.401,0.4302,0.3897,0.4099,0.3195,0.04,NORMAL,0,0,Windows,unspecified
23:06:15.684,48.438,0.4045,0.3897,0.3971,0.325,0.04,NORMAL,0,0,Windows,unspecified
23:06:15.709,48.463,0.4045,0.3897,0.3971,0.326,0.04,NORMAL,0,0,Windows,unspecified
23:06:15.742,48.496,0.0614,0.0766,0.069,0.3194,0.0467,NORMAL,1,0,Windows,unspecified
23:06:15.776,48.53,0.0329,0.0603,0.0466,0.321,0.0533,NORMAL,2,0,Windows,unspecified
23:06:15.808,48.562,0.0751,0.0962,0.0856,0.3225,0.06,NORMAL,3,0,Windows,unspecified
23:06:15.837,48.591,0.0872,0.1065,0.0969,0.3264,0.0667,NORMAL,4,0,Windows,unspecified
23:06:15.871,48.625,0.1293,0.1589,0.1441,0.3264,0.0733,NORMAL,5,0,Windows,unspecified
23:06:15.897,48.651,0.1599,0.1742,0.1671,0.3264,0.08,NORMAL,6,0,Windows,unspecified
23:06:15.936,48.69,0.2111,0.2216,0.2163,0.3242,0.0867,NORMAL,7,0,Windows,unspecified
23:06:15.960,48.714,0.2241,0.2214,0.2227,0.3259,0.0933,NORMAL,8,0,Windows,unspecified
23:06:16.000,48.754,0.251,0.2577,0.2543,0.3194,0.1,NORMAL,9,0,Windows,unspecified
23:06:16.026,48.78,0.2772,0.2697,0.2734,0.3221,0.1067,WARNING,10,0,Windows,unspecified
23:06:16.062,48.816,0.3028,0.2935,0.2982,0.3271,0.1133,WARNING,11,0,Windows,unspecified
23:06:16.086,48.84,0.3159,0.3084,0.3121,0.3188,0.1133,NORMAL,0,0,Windows,unspecified
23:06:16.143,48.897,0.3532,0.3295,0.3414,0.317,0.1133,NORMAL,0,0,Windows,unspecified
23:06:16.180,48.934,0.3418,0.3417,0.3417,0.317,0.1133,NORMAL,0,0,Windows,unspecified
23:06:16.210,48.964,0.3922,0.3902,0.3912,0.3212,0.1133,NORMAL,0,0,Windows,unspecified
23:06:16.245,48.999,0.3922,0.3766,0.3844,0.3212,0.1133,NORMAL,0,0,Windows,unspecified
23:06:16.279,49.033,0.3823,0.3766,0.3795,0.3192,0.1133,NORMAL,0,0,Windows,unspecified
23:06:16.306,49.06,0.3823,0.3922,0.3873,0.3275,0.1133,NORMAL,0,0,Windows,unspecified
23:06:16.335,49.089,0.371,0.3922,0.3816,0.3303,0.1133,NORMAL,0,0,Windows,unspecified
23:06:16.366,49.12,0.371,0.3933,0.3821,0.3303,0.1133,NORMAL,0,0,Windows,unspecified
23:06:16.396,49.15,0.371,0.3933,0.3821,0.3286,0.1133,NORMAL,0,0,Windows,unspecified
23:06:16.432,49.186,0.371,0.3836,0.3773,0.3314,0.1133,NORMAL,0,0,Windows,unspecified
23:06:16.460,49.214,0.3719,0.3806,0.3762,0.3244,0.1133,NORMAL,0,0,Windows,unspecified
23:06:16.493,49.247,0.3697,0.3908,0.3803,0.3144,0.1133,NORMAL,0,0,Windows,unspecified
23:06:16.543,49.297,0.371,0.3897,0.3803,0.3321,0.1133,NORMAL,0,0,Windows,unspecified
23:06:16.569,49.323,0.3856,0.3897,0.3877,0.3358,0.1133,NORMAL,0,0,Windows,unspecified
23:06:16.607,49.361,0.3933,0.3804,0.3868,0.3451,0.1133,NORMAL,0,0,Windows,unspecified
23:06:16.630,49.384,0.3961,0.3917,0.3939,0.3629,0.1133,NORMAL,0,0,Windows,unspecified
23:06:16.669,49.423,0.4079,0.4133,0.4106,0.3616,0.1133,NORMAL,0,0,Windows,unspecified
23:06:16.697,49.451,0.407,0.4153,0.4111,0.3692,0.1133,NORMAL,0,0,Windows,unspecified
23:06:16.739,49.493,0.4203,0.425,0.4227,0.3713,0.1133,NORMAL,0,0,Windows,unspecified
23:06:16.817,49.571,0.4173,0.4025,0.4099,0.3704,0.1133,NORMAL,0,0,Windows,unspecified
23:06:16.884,49.638,0.4033,0.4035,0.4034,0.3739,0.1133,NORMAL,0,0,Windows,unspecified
23:06:16.961,49.715,0.4173,0.4277,0.4225,0.3792,0.1133,NORMAL,0,0,Windows,unspecified
23:06:17.039,49.793,0.4191,0.4038,0.4115,0.381,0.1133,NORMAL,0,0,Windows,unspecified
23:06:17.104,49.858,0.429,0.4073,0.4182,0.3835,0.1133,NORMAL,0,0,Windows,unspecified
23:06:17.211,49.965,0.4058,0.4035,0.4047,0.3903,0.1133,NORMAL,0,0,Windows,unspecified
23:06:17.291,50.045,0.3914,0.4155,0.4034,0.3897,0.1133,NORMAL,0,0,Windows,unspecified
23:06:17.413,50.167,0.4302,0.4006,0.4154,0.3961,0.1133,NORMAL,0,0,Windows,unspecified
23:06:17.491,50.245,0.4062,0.4015,0.4039,0.3943,0.1133,NORMAL,0,0,Windows,unspecified
23:06:17.556,50.31,0.4037,0.3774,0.3906,0.3927,0.1133,NORMAL,0,0,Windows,unspecified
23:06:17.632,50.386,0.3823,0.3776,0.38,0.3891,0.1133,NORMAL,0,0,Windows,unspecified
23:06:17.725,50.479,0.3934,0.3777,0.3855,0.3894,0.1133,NORMAL,0,0,Windows,unspecified
23:06:17.842,50.596,0.3683,0.3663,0.3673,0.3847,0.1133,NORMAL,0,0,Windows,unspecified
23:06:17.945,50.699,0.3905,0.3734,0.3819,0.3913,0.1133,NORMAL,0,0,Windows,unspecified
23:06:18.024,50.778,0.3891,0.3619,0.3755,0.394,0.1133,NORMAL,0,0,Windows,unspecified
23:06:18.133,50.887,0.3874,0.3763,0.3819,0.3975,0.1133,NORMAL,0,0,Windows,unspecified
23:06:18.210,50.964,0.4157,0.3912,0.4035,0.4018,0.1133,NORMAL,0,0,Windows,unspecified
23:06:18.293,51.047,0.4173,0.45,0.4336,0.3968,0.1133,NORMAL,0,0,Windows,unspecified
23:06:18.366,51.12,0.4535,0.4251,0.4393,0.3937,0.1133,NORMAL,0,0,Windows,unspecified
23:06:18.474,51.228,0.4559,0.4481,0.452,0.3963,0.1133,NORMAL,0,0,Windows,unspecified
23:06:18.568,51.322,0.4678,0.4464,0.4571,0.396,0.1133,NORMAL,0,0,Windows,unspecified
23:06:18.631,51.385,0.4439,0.4387,0.4413,0.3887,0.1133,NORMAL,0,0,Windows,unspecified
23:06:18.693,51.447,0.4163,0.405,0.4106,0.3824,0.1133,NORMAL,0,0,Windows,unspecified
23:06:18.804,51.558,0.4218,0.3917,0.4067,0.4013,0.1133,NORMAL,0,0,Windows,unspecified
23:06:18.884,51.638,0.4218,0.4043,0.4131,0.4013,0.1133,NORMAL,0,0,Windows,unspecified
23:06:18.960,51.714,0.4072,0.4006,0.4039,0.3933,0.1133,NORMAL,0,0,Windows,unspecified
23:06:19.038,51.792,0.4328,0.4128,0.4228,0.395,0.1133,NORMAL,0,0,Windows,unspecified
23:06:19.104,51.858,0.4328,0.4251,0.4289,0.3995,0.1133,NORMAL,0,0,Windows,unspecified
23:06:19.165,51.919,0.4309,0.4251,0.428,0.3976,0.1133,NORMAL,0,0,Windows,unspecified
23:06:19.231,51.985,0.432,0.4109,0.4215,0.3926,0.1133,NORMAL,0,0,Windows,unspecified
23:06:19.292,52.046,0.4309,0.4247,0.4278,0.3878,0.1133,NORMAL,0,0,Windows,unspecified
23:06:19.370,52.124,0.4309,0.4247,0.4278,0.3892,0.1133,NORMAL,0,0,Windows,unspecified
23:06:19.434,52.187,0.4309,0.4282,0.4296,0.3879,0.1133,NORMAL,0,0,Windows,unspecified
23:06:19.496,52.25,0.4302,0.4264,0.4283,0.3869,0.1133,NORMAL,0,0,Windows,unspecified
23:06:19.556,52.31,0.429,0.4264,0.4277,0.3964,0.1133,NORMAL,0,0,Windows,unspecified
23:06:19.618,52.372,0.4439,0.4128,0.4284,0.3985,0.1133,NORMAL,0,0,Windows,unspecified
23:06:19.682,52.436,0.4439,0.4251,0.4345,0.3997,0.1133,NORMAL,0,0,Windows,unspecified
23:06:19.776,52.53,0.4419,0.4251,0.4335,0.3997,0.1133,NORMAL,0,0,Windows,unspecified
23:06:19.838,52.592,0.4173,0.425,0.4212,0.3913,0.1133,NORMAL,0,0,Windows,unspecified
23:06:19.902,52.656,0.4439,0.4251,0.4345,0.3939,0.1133,NORMAL,0,0,Windows,unspecified
23:06:19.963,52.717,0.445,0.4251,0.435,0.4008,0.1133,NORMAL,0,0,Windows,unspecified
23:06:20.026,52.78,0.4173,0.4128,0.4151,0.4008,0.1133,NORMAL,0,0,Windows,unspecified
23:06:20.085,52.839,0.4045,0.4142,0.4094,0.3947,0.1133,NORMAL,0,0,Windows,unspecified
23:06:20.162,52.916,0.3805,0.3508,0.3657,0.393,0.1133,NORMAL,0,0,Windows,unspecified
23:06:20.241,52.995,0.3662,0.3418,0.354,0.3918,0.1133,NORMAL,0,0,Windows,unspecified
23:06:20.303,53.057,0.3778,0.3418,0.3598,0.3918,0.1133,NORMAL,0,0,Windows,unspecified
23:06:20.365,53.119,0.3878,0.387,0.3874,0.4008,0.1133,NORMAL,0,0,Windows,unspecified
23:06:20.428,53.182,0.4162,0.4212,0.4187,0.4008,0.1133,NORMAL,0,0,Windows,unspecified
23:06:20.523,53.277,0.429,0.4123,0.4207,0.3976,0.1133,NORMAL,0,0,Windows,unspecified
23:06:20.623,53.377,0.4439,0.4232,0.4335,0.3873,0.1133,NORMAL,0,0,Windows,unspecified
23:06:20.694,53.448,0.4439,0.4251,0.4345,0.393,0.1133,NORMAL,0,0,Windows,unspecified
23:06:20.756,53.51,0.4328,0.4251,0.4289,0.3906,0.1133,NORMAL,0,0,Windows,unspecified
23:06:20.816,53.57,0.4201,0.4251,0.4226,0.3906,0.1133,NORMAL,0,0,Windows,unspecified
23:06:20.881,53.635,0.4184,0.4128,0.4156,0.3939,0.1133,NORMAL,0,0,Windows,unspecified
23:06:20.974,53.728,0.4184,0.4142,0.4163,0.3829,0.1133,NORMAL,0,0,Windows,unspecified
23:06:21.037,53.791,0.4058,0.4128,0.4093,0.3824,0.1133,NORMAL,0,0,Windows,unspecified
23:06:21.100,53.854,0.4184,0.4128,0.4156,0.3859,0.1133,NORMAL,0,0,Windows,unspecified
23:06:21.217,53.971,0.4075,0.4006,0.4041,0.3867,0.1133,NORMAL,0,0,Windows,unspecified
23:06:21.293,54.047,0.4079,0.399,0.4035,0.3782,0.1133,NORMAL,0,0,Windows,unspecified
23:06:21.373,54.127,0.432,0.4056,0.4188,0.3828,0.1133,NORMAL,0,0,Windows,unspecified
23:06:21.501,54.255,0.4173,0.3921,0.4047,0.3882,0.1133,NORMAL,0,0,Windows,unspecified
23:06:21.621,54.375,0.407,0.4032,0.4051,0.3901,0.1133,NORMAL,0,0,Windows,unspecified
23:06:21.698,54.452,0.4203,0.4128,0.4166,0.3915,0.1133,NORMAL,0,0,Windows,unspecified
23:06:21.776,54.53,0.409,0.4112,0.4101,0.3933,0.1133,NORMAL,0,0,Windows,unspecified
23:06:21.837,54.59,0.4302,0.4233,0.4267,0.3926,0.1133,NORMAL,0,0,Windows,unspecified
23:06:21.930,54.684,0.4302,0.4133,0.4217,0.3915,0.1133,NORMAL,0,0,Windows,unspecified
23:06:22.026,54.78,0.4184,0.4233,0.4208,0.3883,0.1133,NORMAL,0,0,Windows,unspecified
23:06:22.084,54.838,0.407,0.4233,0.4151,0.3903,0.1133,NORMAL,0,0,Windows,unspecified
23:06:22.164,54.918,0.409,0.415,0.412,0.3879,0.1133,NORMAL,0,0,Windows,unspecified
23:06:22.242,54.996,0.4195,0.4133,0.4164,0.3884,0.1133,NORMAL,0,0,Windows,unspecified
23:06:22.302,55.056,0.4184,0.404,0.4112,0.3939,0.1133,NORMAL,0,0,Windows,unspecified
23:06:22.498,55.252,0.4184,0.4073,0.4128,0.3939,0.1133,NORMAL,0,0,Windows,unspecified
23:06:22.569,55.323,0.3933,0.3967,0.395,0.3939,0.1133,NORMAL,0,0,Windows,unspecified
23:06:22.635,55.389,0.3933,0.3838,0.3886,0.3939,0.1133,NORMAL,0,0,Windows,unspecified
23:06:22.739,55.493,0.4195,0.399,0.4092,0.3914,0.1133,NORMAL,0,0,Windows,unspecified
23:06:22.820,55.574,0.432,0.4006,0.4163,0.3913,0.1133,NORMAL,0,0,Windows,unspecified
23:06:22.895,55.649,0.4195,0.4128,0.4162,0.3943,0.1133,NORMAL,0,0,Windows,unspecified
23:06:22.975,55.729,0.4184,0.4173,0.4178,0.3883,0.1133,NORMAL,0,0,Windows,unspecified
23:06:23.034,55.788,0.4184,0.4166,0.4175,0.3883,0.1133,NORMAL,0,0,Windows,unspecified
23:06:23.098,55.852,0.4082,0.425,0.4166,0.3824,0.1133,NORMAL,0,0,Windows,unspecified
23:06:23.159,55.913,0.431,0.425,0.428,0.3857,0.1133,NORMAL,0,0,Windows,unspecified
23:06:23.216,55.97,0.4184,0.419,0.4187,0.3902,0.1133,NORMAL,0,0,Windows,unspecified
23:06:23.250,56.004,0.434,0.419,0.4265,0.3884,0.1133,NORMAL,0,0,Windows,unspecified
23:06:23.275,56.029,0.432,0.4166,0.4243,0.3903,0.1133,NORMAL,0,0,Windows,unspecified
23:06:23.318,56.072,0.432,0.4166,0.4243,0.3889,0.1133,NORMAL,0,0,Windows,unspecified
23:06:23.344,56.098,0.432,0.4148,0.4234,0.3844,0.1133,NORMAL,0,0,Windows,unspecified
23:06:23.377,56.13,0.4195,0.425,0.4222,0.3824,0.1133,NORMAL,0,0,Windows,unspecified
23:06:23.404,56.158,0.4184,0.425,0.4217,0.3906,0.1133,NORMAL,0,0,Windows,unspecified
23:06:23.456,56.21,0.4184,0.4128,0.4156,0.3902,0.1133,NORMAL,0,0,Windows,unspecified
23:06:23.487,56.241,0.4184,0.4128,0.4156,0.3902,0.1133,NORMAL,0,0,Windows,unspecified
23:06:23.519,56.273,0.431,0.403,0.417,0.3927,0.1133,NORMAL,0,0,Windows,unspecified
23:06:23.546,56.3,0.431,0.4175,0.4242,0.3905,0.1133,NORMAL,0,0,Windows,unspecified
23:06:23.598,56.352,0.4184,0.4175,0.4179,0.3859,0.1133,NORMAL,0,0,Windows,unspecified
23:06:23.633,56.387,0.4184,0.4173,0.4178,0.3859,0.1133,NORMAL,0,0,Windows,unspecified
23:06:23.659,56.413,0.4435,0.4173,0.4304,0.3859,0.1133,NORMAL,0,0,Windows,unspecified
23:06:23.693,56.447,0.4435,0.4128,0.4282,0.3869,0.1133,NORMAL,0,0,Windows,unspecified
23:06:23.728,56.482,0.4338,0.4128,0.4233,0.3869,0.1133,NORMAL,0,0,Windows,unspecified
23:06:23.752,56.506,0.4215,0.4251,0.4233,0.3913,0.1133,NORMAL,0,0,Windows,unspecified
23:06:23.775,56.529,0.434,0.4128,0.4234,0.3867,0.1133,NORMAL,0,0,Windows,unspecified
23:06:23.801,56.555,0.4203,0.4166,0.4185,0.3881,0.1133,NORMAL,0,0,Windows,unspecified
23:06:23.849,56.603,0.4184,0.415,0.4167,0.3859,0.1133,NORMAL,0,0,Windows,unspecified
23:06:23.875,56.629,0.4184,0.419,0.4187,0.3859,0.1133,NORMAL,0,0,Windows,unspecified
23:06:23.916,56.67,0.4184,0.419,0.4187,0.3905,0.1133,NORMAL,0,0,Windows,unspecified
23:06:23.944,56.698,0.4328,0.4073,0.42,0.3905,0.1133,NORMAL,0,0,Windows,unspecified
23:06:23.971,56.725,0.4328,0.4073,0.42,0.3895,0.1133,NORMAL,0,0,Windows,unspecified
23:06:24.005,56.759,0.4328,0.4073,0.42,0.3859,0.1067,NORMAL,0,0,Windows,unspecified
23:06:24.035,56.789,0.432,0.4192,0.4256,0.3859,0.1,NORMAL,0,0,Windows,unspecified
23:06:24.066,56.82,0.4093,0.4073,0.4083,0.386,0.0933,NORMAL,0,0,Windows,unspecified
23:06:24.101,56.855,0.4093,0.4073,0.4083,0.3902,0.0867,NORMAL,0,0,Windows,unspecified
23:06:24.131,56.885,0.4232,0.4073,0.4153,0.3902,0.08,NORMAL,0,0,Windows,unspecified
23:06:24.159,56.913,0.4232,0.4073,0.4153,0.3859,0.0733,NORMAL,0,0,Windows,unspecified
23:06:24.195,56.949,0.431,0.4073,0.4191,0.3859,0.0733,NORMAL,0,0,Windows,unspecified
23:06:24.224,56.978,0.431,0.4192,0.4251,0.3859,0.0733,NORMAL,0,0,Windows,unspecified
23:06:24.254,57.007,0.431,0.4192,0.4251,0.387,0.0733,NORMAL,0,0,Windows,unspecified
23:06:24.310,57.064,0.431,0.4058,0.4184,0.3889,0.0733,NORMAL,0,0,Windows,unspecified
23:06:24.352,57.106,0.431,0.415,0.423,0.3889,0.0733,NORMAL,0,0,Windows,unspecified
23:06:24.397,57.151,0.4184,0.415,0.4167,0.3889,0.0733,NORMAL,0,0,Windows,unspecified
23:06:24.426,57.18,0.4184,0.415,0.4167,0.3889,0.0733,NORMAL,0,0,Windows,unspecified
23:06:24.463,57.217,0.4184,0.4166,0.4175,0.3846,0.0733,NORMAL,0,0,Windows,unspecified
23:06:24.509,57.263,0.4184,0.4166,0.4175,0.3846,0.0667,NORMAL,0,0,Windows,unspecified
23:06:24.536,57.29,0.4453,0.4166,0.431,0.3846,0.06,NORMAL,0,0,Windows,unspecified
23:06:24.572,57.326,0.431,0.4285,0.4297,0.3859,0.0533,NORMAL,0,0,Windows,unspecified
23:06:24.599,57.352,0.4435,0.4285,0.436,0.3859,0.0467,NORMAL,0,0,Windows,unspecified
23:06:24.629,57.383,0.4435,0.4285,0.436,0.3938,0.04,NORMAL,0,0,Windows,unspecified
23:06:24.660,57.414,0.4338,0.4285,0.4311,0.3902,0.0333,NORMAL,0,0,Windows,unspecified
23:06:24.708,57.462,0.4338,0.4285,0.4311,0.3865,0.0267,NORMAL,0,0,Windows,unspecified
23:06:24.739,57.493,0.4093,0.403,0.4061,0.3865,0.02,NORMAL,0,0,Windows,unspecified
23:06:24.804,57.558,0.3849,0.391,0.3879,0.3832,0.0133,NORMAL,0,0,Windows,unspecified
23:06:24.831,57.585,0.3944,0.4128,0.4036,0.3813,0.0067,NORMAL,0,0,Windows,unspecified
23:06:24.862,57.616,0.3944,0.4006,0.3975,0.3813,0.0,NORMAL,0,0,Windows,unspecified
23:06:24.894,57.648,0.3944,0.4006,0.3975,0.3813,0.0,NORMAL,0,0,Windows,unspecified
23:06:24.944,57.698,0.407,0.4142,0.4106,0.3813,0.0,NORMAL,0,0,Windows,unspecified
23:06:24.971,57.725,0.4195,0.403,0.4112,0.3813,0.0,NORMAL,0,0,Windows,unspecified
23:06:25.008,57.762,0.4212,0.403,0.4121,0.3833,0.0,NORMAL,0,0,Windows,unspecified
23:06:25.033,57.787,0.4338,0.415,0.4244,0.3833,0.0,NORMAL,0,0,Windows,unspecified
23:06:25.072,57.826,0.432,0.415,0.4235,0.3833,0.0,NORMAL,0,0,Windows,unspecified
23:06:25.144,57.897,0.4195,0.415,0.4172,0.3868,0.0,NORMAL,0,0,Windows,unspecified
23:06:25.233,57.987,0.4195,0.4148,0.4172,0.386,0.0,NORMAL,0,0,Windows,unspecified
23:06:25.336,58.09,0.4195,0.4133,0.4164,0.3859,0.0,NORMAL,0,0,Windows,unspecified
23:06:25.428,58.182,0.4093,0.4173,0.4133,0.3859,0.0,NORMAL,0,0,Windows,unspecified
23:06:25.504,58.258,0.432,0.4268,0.4294,0.3902,0.0,NORMAL,0,0,Windows,unspecified
23:06:25.569,58.323,0.432,0.415,0.4235,0.3938,0.0,NORMAL,0,0,Windows,unspecified
23:06:25.676,58.43,0.4328,0.415,0.4239,0.3938,0.0,NORMAL,0,0,Windows,unspecified
23:06:25.776,58.53,0.4328,0.4047,0.4187,0.3879,0.0,NORMAL,0,0,Windows,unspecified
23:06:25.833,58.587,0.4128,0.367,0.3899,0.3946,0.0,NORMAL,0,0,Windows,unspecified
23:06:25.903,58.657,0.4001,0.3537,0.3769,0.4013,0.0,NORMAL,0,0,Windows,unspecified
23:06:26.007,58.761,0.4104,0.3687,0.3895,0.4167,0.0,NORMAL,0,0,Windows,unspecified
23:06:26.084,58.838,0.434,0.3526,0.3933,0.4109,0.0,NORMAL,0,0,Windows,unspecified
23:06:26.185,58.939,0.4148,0.3789,0.3969,0.4208,0.0,NORMAL,0,0,Windows,unspecified
23:06:26.292,59.046,0.43,0.3737,0.4018,0.4054,0.0,NORMAL,0,0,Windows,unspecified
23:06:26.365,59.119,0.4485,0.4056,0.4271,0.4099,0.0,NORMAL,0,0,Windows,unspecified
23:06:26.476,59.23,0.4357,0.4015,0.4186,0.4085,0.0,NORMAL,0,0,Windows,unspecified
23:06:26.554,59.308,0.4394,0.4078,0.4236,0.4,0.0,NORMAL,0,0,Windows,unspecified
23:06:26.635,59.389,0.4471,0.3923,0.4197,0.4151,0.0,NORMAL,0,0,Windows,unspecified
23:06:26.697,59.451,0.4192,0.4154,0.4173,0.399,0.0,NORMAL,0,0,Windows,unspecified
23:06:26.809,59.563,0.4133,0.4133,0.4133,0.3924,0.0,NORMAL,0,0,Windows,unspecified
23:06:26.887,59.641,0.4126,0.4251,0.4188,0.3905,0.0,NORMAL,0,0,Windows,unspecified
23:06:26.968,59.722,0.4387,0.3997,0.4192,0.3941,0.0,NORMAL,0,0,Windows,unspecified
23:06:27.034,59.788,0.4015,0.4217,0.4116,0.3933,0.0,NORMAL,0,0,Windows,unspecified
23:06:27.121,59.875,0.4001,0.3877,0.3939,0.3973,0.0,NORMAL,0,0,Windows,unspecified
23:06:27.199,59.953,0.3797,0.3554,0.3675,0.386,0.0,NORMAL,0,0,Windows,unspecified
23:06:27.277,60.031,0.3869,0.3819,0.3844,0.3818,0.0,NORMAL,0,0,Windows,unspecified
23:06:27.356,60.11,0.3965,0.3929,0.3947,0.3889,0.0,NORMAL,0,0,Windows,unspecified
23:06:27.449,60.203,0.4045,0.391,0.3977,0.3889,0.0,NORMAL,0,0,Windows,unspecified
23:06:27.556,60.31,0.4089,0.4148,0.4119,0.3891,0.0,NORMAL,0,0,Windows,unspecified
23:06:27.620,60.374,0.4108,0.4133,0.4121,0.3856,0.0,NORMAL,0,0,Windows,unspecified
23:06:27.684,60.438,0.4126,0.4133,0.4129,0.3823,0.0,NORMAL,0,0,Windows,unspecified
23:06:27.762,60.516,0.4212,0.4115,0.4164,0.3822,0.0,NORMAL,0,0,Windows,unspecified
23:06:27.838,60.592,0.425,0.4115,0.4183,0.3834,0.0,NORMAL,0,0,Windows,unspecified
23:06:27.904,60.658,0.4106,0.3929,0.4017,0.3845,0.0,NORMAL,0,0,Windows,unspecified
23:06:27.999,60.753,0.4126,0.4011,0.4068,0.3899,0.0,NORMAL,0,0,Windows,unspecified
23:06:28.089,60.843,0.4126,0.391,0.4018,0.3803,0.0,NORMAL,0,0,Windows,unspecified
23:06:28.168,60.922,0.3641,0.3364,0.3503,0.3766,0.0,NORMAL,0,0,Windows,unspecified
23:06:28.229,60.983,0.327,0.3065,0.3167,0.389,0.0,NORMAL,0,0,Windows,unspecified
23:06:28.291,61.045,0.3333,0.3043,0.3188,0.3855,0.0,NORMAL,0,0,Windows,unspecified
23:06:28.356,61.11,0.1421,0.1245,0.1333,0.389,0.0067,NORMAL,1,0,Windows,unspecified
23:06:28.418,61.172,0.2032,0.1767,0.1899,0.3845,0.0133,NORMAL,2,0,Windows,unspecified
23:06:28.497,61.251,0.2158,0.2006,0.2082,0.3855,0.02,NORMAL,3,0,Windows,unspecified
23:06:28.573,61.327,0.3055,0.2936,0.2995,0.381,0.0267,NORMAL,4,0,Windows,unspecified
23:06:28.639,61.393,0.3572,0.328,0.3426,0.3863,0.0267,NORMAL,0,0,Windows,unspecified
23:06:28.700,61.454,0.3572,0.3469,0.3521,0.3884,0.0267,NORMAL,0,0,Windows,unspecified
23:06:28.765,61.519,0.3726,0.3605,0.3665,0.3831,0.0267,NORMAL,0,0,Windows,unspecified
23:06:28.869,61.623,0.3756,0.3741,0.3749,0.3867,0.0267,NORMAL,0,0,Windows,unspecified
23:06:28.963,61.717,0.3835,0.3865,0.385,0.3875,0.0267,NORMAL,0,0,Windows,unspecified
23:06:29.040,61.794,0.3723,0.3754,0.3738,0.3869,0.0267,NORMAL,0,0,Windows,unspecified
23:06:29.102,61.856,0.3482,0.3927,0.3705,0.3983,0.0267,NORMAL,0,0,Windows,unspecified
23:06:29.212,61.966,0.3792,0.3908,0.385,0.3925,0.0267,NORMAL,0,0,Windows,unspecified
23:06:29.289,62.043,0.3557,0.3683,0.362,0.3802,0.0267,NORMAL,0,0,Windows,unspecified
23:06:29.367,62.121,0.3443,0.3683,0.3563,0.3808,0.0267,NORMAL,0,0,Windows,unspecified
23:06:29.428,62.182,0.2622,0.2977,0.28,0.3813,0.0333,NORMAL,1,0,Windows,unspecified
23:06:29.492,62.246,0.2391,0.2887,0.2639,0.383,0.04,NORMAL,2,0,Windows,unspecified
23:06:29.542,62.296,0.237,0.2642,0.2506,0.3849,0.0467,NORMAL,3,0,Windows,unspecified
23:06:29.619,62.373,0.1095,0.1007,0.1051,0.3973,0.0533,NORMAL,4,0,Windows,unspecified
23:06:29.693,62.447,0.1851,0.1886,0.1868,0.398,0.06,NORMAL,5,0,Windows,unspecified
23:06:29.776,62.529,0.2139,0.2167,0.2153,0.3886,0.0667,NORMAL,6,0,Windows,unspecified
23:06:29.896,62.65,0.3269,0.3149,0.3209,0.4026,0.0667,NORMAL,0,0,Windows,unspecified
23:06:29.961,62.715,0.3321,0.3291,0.3306,0.4074,0.0667,NORMAL,0,0,Windows,unspecified
23:06:30.053,62.807,0.3298,0.34,0.3349,0.4049,0.0667,NORMAL,0,0,Windows,unspecified
23:06:30.154,62.908,0.3436,0.3508,0.3472,0.4038,0.0667,NORMAL,0,0,Windows,unspecified
23:06:30.245,62.999,0.3441,0.3592,0.3517,0.4004,0.0667,NORMAL,0,0,Windows,unspecified
23:06:30.324,63.078,0.3436,0.3508,0.3472,0.396,0.0667,NORMAL,0,0,Windows,unspecified
23:06:30.414,63.168,0.3697,0.352,0.3609,0.3989,0.0667,NORMAL,0,0,Windows,unspecified
23:06:30.491,63.245,0.354,0.376,0.365,0.3916,0.0667,NORMAL,0,0,Windows,unspecified
23:06:30.617,63.371,0.3693,0.3673,0.3683,0.3891,0.0667,NORMAL,0,0,Windows,unspecified
23:06:30.694,63.448,0.386,0.376,0.381,0.4,0.0667,NORMAL,0,0,Windows,unspecified
23:06:30.759,63.513,0.409,0.3852,0.3971,0.3949,0.0667,NORMAL,0,0,Windows,unspecified
23:06:30.823,63.577,0.409,0.3893,0.3991,0.3947,0.0667,NORMAL,0,0,Windows,unspecified
23:06:30.890,63.643,0.4078,0.3877,0.3977,0.396,0.0667,NORMAL,0,0,Windows,unspecified
23:06:30.979,63.733,0.3721,0.3784,0.3752,0.3947,0.0667,NORMAL,0,0,Windows,unspecified
23:06:31.042,63.796,0.3819,0.3911,0.3865,0.3952,0.0667,NORMAL,0,0,Windows,unspecified
23:06:31.104,63.858,0.3723,0.3773,0.3748,0.4022,0.0667,NORMAL,0,0,Windows,unspecified
23:06:31.168,63.922,0.3975,0.3792,0.3884,0.4026,0.0667,NORMAL,0,0,Windows,unspecified
23:06:31.241,63.994,0.3975,0.3801,0.3888,0.4041,0.0667,NORMAL,0,0,Windows,unspecified
23:06:31.341,64.095,0.4078,0.379,0.3934,0.4034,0.0667,NORMAL,0,0,Windows,unspecified
23:06:31.445,64.199,0.3854,0.3652,0.3753,0.4043,0.0667,NORMAL,0,0,Windows,unspecified
23:06:31.547,64.301,0.3975,0.367,0.3823,0.4036,0.0667,NORMAL,0,0,Windows,unspecified
23:06:31.674,64.428,0.4135,0.366,0.3897,0.3984,0.0667,NORMAL,0,0,Windows,unspecified
23:06:31.753,64.507,0.3888,0.3904,0.3896,0.4086,0.0667,NORMAL,0,0,Windows,unspecified
23:06:31.784,64.538,0.3877,0.3922,0.3899,0.3954,0.0667,NORMAL,0,0,Windows,unspecified
23:06:31.809,64.563,0.3897,0.3893,0.3895,0.3887,0.0667,NORMAL,0,0,Windows,unspecified
23:06:31.841,64.595,0.4024,0.4001,0.4012,0.3875,0.0667,NORMAL,0,0,Windows,unspecified
23:06:31.871,64.625,0.4024,0.3985,0.4005,0.3864,0.0667,NORMAL,0,0,Windows,unspecified
23:06:31.904,64.658,0.4024,0.3985,0.4005,0.3887,0.0667,NORMAL,0,0,Windows,unspecified
23:06:31.930,64.683,0.4123,0.4122,0.4123,0.3876,0.0667,NORMAL,0,0,Windows,unspecified
23:06:31.965,64.719,0.4112,0.4215,0.4164,0.3865,0.0667,NORMAL,0,0,Windows,unspecified
23:06:31.995,64.748,0.4112,0.4221,0.4167,0.3893,0.0667,NORMAL,0,0,Windows,unspecified
23:06:32.028,64.782,0.4236,0.4221,0.4229,0.3847,0.0667,NORMAL,0,0,Windows,unspecified
23:06:32.060,64.814,0.4109,0.4232,0.4171,0.3846,0.0667,NORMAL,0,0,Windows,unspecified
23:06:32.090,64.844,0.405,0.4327,0.4189,0.3849,0.0667,NORMAL,0,0,Windows,unspecified
23:06:32.121,64.875,0.3949,0.4232,0.409,0.3915,0.0667,NORMAL,0,0,Windows,unspecified
23:06:32.152,64.906,0.3949,0.4264,0.4107,0.389,0.0667,NORMAL,0,0,Windows,unspecified
23:06:32.182,64.936,0.4184,0.4086,0.4135,0.3837,0.0667,NORMAL,0,0,Windows,unspecified
23:06:32.213,64.967,0.4075,0.4123,0.4099,0.3859,0.0667,NORMAL,0,0,Windows,unspecified
23:06:32.245,64.999,0.3987,0.4353,0.417,0.389,0.0667,NORMAL,0,0,Windows,unspecified
23:06:32.275,65.029,0.4201,0.4212,0.4207,0.394,0.0667,NORMAL,0,0,Windows,unspecified
23:06:32.309,65.063,0.4189,0.4019,0.4104,0.3948,0.0667,NORMAL,0,0,Windows,unspecified
23:06:32.341,65.095,0.4069,0.4019,0.4044,0.3884,0.0667,NORMAL,0,0,Windows,unspecified
23:06:32.372,65.126,0.4058,0.4264,0.4161,0.3879,0.0667,NORMAL,0,0,Windows,unspecified
23:06:32.401,65.155,0.4201,0.4006,0.4103,0.3825,0.0667,NORMAL,0,0,Windows,unspecified
23:06:32.434,65.188,0.4172,0.4142,0.4157,0.3844,0.0667,NORMAL,0,0,Windows,unspecified
23:06:32.465,65.219,0.4201,0.4019,0.411,0.3902,0.0667,NORMAL,0,0,Windows,unspecified
23:06:32.496,65.25,0.431,0.4019,0.4164,0.3881,0.0667,NORMAL,0,0,Windows,unspecified
23:06:32.542,65.296,0.431,0.4019,0.4164,0.3917,0.0667,NORMAL,0,0,Windows,unspecified
23:06:32.575,65.329,0.4184,0.3923,0.4053,0.3917,0.0667,NORMAL,0,0,Windows,unspecified
23:06:32.607,65.361,0.431,0.3923,0.4116,0.3838,0.0667,NORMAL,0,0,Windows,unspecified
23:06:32.638,65.392,0.4207,0.4024,0.4115,0.3907,0.0667,NORMAL,0,0,Windows,unspecified
23:06:32.668,65.422,0.4439,0.4142,0.429,0.3925,0.0667,NORMAL,0,0,Windows,unspecified
23:06:32.700,65.454,0.4098,0.4042,0.407,0.3895,0.0667,NORMAL,0,0,Windows,unspecified
23:06:32.736,65.49,0.4172,0.4019,0.4096,0.386,0.0667,NORMAL,0,0,Windows,unspecified
23:06:32.761,65.515,0.3936,0.3914,0.3925,0.3885,0.0667,NORMAL,0,0,Windows,unspecified
23:06:32.801,65.555,0.4042,0.4154,0.4098,0.3924,0.0667,NORMAL,0,0,Windows,unspecified
23:06:32.824,65.578,0.3948,0.3923,0.3935,0.3971,0.0667,NORMAL,0,0,Windows,unspecified
23:06:32.862,65.616,0.4172,0.3897,0.4035,0.3924,0.0667,NORMAL,0,0,Windows,unspecified
23:06:32.902,65.656,0.4316,0.403,0.4173,0.3889,0.0667,NORMAL,0,0,Windows,unspecified
23:06:32.941,65.695,0.4182,0.3933,0.4057,0.3979,0.0667,NORMAL,0,0,Windows,unspecified
23:06:32.979,65.733,0.4186,0.4053,0.4119,0.3924,0.0667,NORMAL,0,0,Windows,unspecified
23:06:33.010,65.764,0.3022,0.3017,0.302,0.3858,0.0667,NORMAL,0,0,Windows,unspecified
23:06:33.039,65.793,0.2714,0.2715,0.2715,0.3914,0.0733,NORMAL,1,0,Windows,unspecified
23:06:33.072,65.826,0.2775,0.2455,0.2615,0.3962,0.08,NORMAL,2,0,Windows,unspecified
23:06:33.103,65.857,0.2658,0.2197,0.2427,0.3861,0.0867,NORMAL,3,0,Windows,unspecified
23:06:33.135,65.889,0.3169,0.3094,0.3132,0.3838,0.0867,NORMAL,0,0,Windows,unspecified
23:06:33.165,65.919,0.3287,0.336,0.3323,0.3864,0.0867,NORMAL,0,0,Windows,unspecified
23:06:33.195,65.949,0.3594,0.3742,0.3668,0.39,0.0867,NORMAL,0,0,Windows,unspecified
23:06:33.231,65.984,0.3806,0.3664,0.3735,0.395,0.0867,NORMAL,0,0,Windows,unspecified
23:06:33.278,66.032,0.3734,0.3652,0.3693,0.3921,0.0867,NORMAL,0,0,Windows,unspecified
23:06:33.308,66.062,0.386,0.3652,0.3756,0.3959,0.0867,NORMAL,0,0,Windows,unspecified
23:06:33.342,66.096,0.4007,0.3772,0.389,0.3865,0.0867,NORMAL,0,0,Windows,unspecified
23:06:33.369,66.123,0.3984,0.3865,0.3925,0.3922,0.0867,NORMAL,0,0,Windows,unspecified
23:06:33.403,66.157,0.3996,0.3819,0.3907,0.3969,0.0867,NORMAL,0,0,Windows,unspecified
23:06:33.430,66.184,0.3975,0.3968,0.3972,0.3976,0.0867,NORMAL,0,0,Windows,unspecified
23:06:33.471,66.225,0.4007,0.3971,0.3989,0.3923,0.0867,NORMAL,0,0,Windows,unspecified
23:06:33.493,66.247,0.4154,0.373,0.3942,0.3876,0.0867,NORMAL,0,0,Windows,unspecified
23:06:33.534,66.288,0.4078,0.373,0.3904,0.3895,0.0867,NORMAL,0,0,Windows,unspecified
23:06:33.555,66.309,0.414,0.3865,0.4003,0.3851,0.0867,NORMAL,0,0,Windows,unspecified
23:06:33.599,66.352,0.4015,0.3985,0.4,0.3898,0.0867,NORMAL,0,0,Windows,unspecified
23:06:33.635,66.389,0.4122,0.3971,0.4046,0.3923,0.0867,NORMAL,0,0,Windows,unspecified
23:06:33.678,66.432,0.4078,0.376,0.3919,0.3865,0.0867,NORMAL,0,0,Windows,unspecified
23:06:33.712,66.466,0.3996,0.4006,0.4001,0.3853,0.0867,NORMAL,0,0,Windows,unspecified
23:06:33.744,66.498,0.3986,0.3638,0.3812,0.3904,0.0867,NORMAL,0,0,Windows,unspecified
23:06:33.775,66.529,0.3849,0.391,0.3879,0.3954,0.0867,NORMAL,0,0,Windows,unspecified
23:06:33.807,66.561,0.4007,0.3777,0.3892,0.4038,0.0867,NORMAL,0,0,Windows,unspecified
23:06:33.835,66.589,0.3992,0.3614,0.3803,0.4043,0.0867,NORMAL,0,0,Windows,unspecified
23:06:33.870,66.624,0.2529,0.2651,0.259,0.403,0.0933,NORMAL,1,0,Windows,unspecified
23:06:33.899,66.653,0.2552,0.2384,0.2468,0.392,0.1,NORMAL,2,0,Windows,unspecified
23:06:33.934,66.688,0.1539,0.1513,0.1526,0.3898,0.1067,NORMAL,3,0,Windows,unspecified
23:06:33.961,66.715,0.1811,0.1421,0.1616,0.3975,0.1133,NORMAL,4,0,Windows,unspecified
23:06:33.999,66.753,0.1761,0.1626,0.1694,0.3942,0.12,NORMAL,5,0,Windows,unspecified
23:06:34.040,66.794,0.1718,0.1626,0.1672,0.4,0.1267,NORMAL,6,0,Windows,unspecified
23:06:34.079,66.833,0.2004,0.1862,0.1933,0.3997,0.1333,NORMAL,7,0,Windows,unspecified
23:06:34.103,66.857,0.1864,0.1806,0.1835,0.391,0.14,NORMAL,8,0,Windows,unspecified
23:06:34.142,66.896,0.1672,0.1759,0.1716,0.3896,0.1467,NORMAL,9,0,Windows,unspecified
23:06:34.168,66.922,0.1672,0.1621,0.1647,0.386,0.1533,WARNING,10,0,Windows,unspecified
23:06:34.208,66.961,0.1869,0.1804,0.1836,0.3897,0.16,WARNING,11,0,Windows,unspecified
23:06:34.230,66.984,0.216,0.2056,0.2108,0.3861,0.1667,WARNING,12,0,Windows,unspecified
23:06:34.270,67.024,0.2588,0.2622,0.2605,0.39,0.1733,WARNING,13,0,Windows,unspecified
23:06:34.291,67.045,0.2637,0.2752,0.2694,0.3864,0.18,WARNING,14,0,Windows,unspecified
23:06:34.333,67.087,0.3412,0.3194,0.3303,0.3931,0.18,NORMAL,0,0,Windows,unspecified
23:06:34.370,67.124,0.3402,0.3534,0.3468,0.3946,0.18,NORMAL,0,0,Windows,unspecified
23:06:34.401,67.155,0.3547,0.3534,0.354,0.3894,0.18,NORMAL,0,0,Windows,unspecified
23:06:34.431,67.185,0.357,0.3571,0.357,0.3872,0.18,NORMAL,0,0,Windows,unspecified
23:06:34.480,67.234,0.3806,0.3606,0.3706,0.3891,0.18,NORMAL,0,0,Windows,unspecified
23:06:34.512,67.266,0.3697,0.3606,0.3651,0.3885,0.18,NORMAL,0,0,Windows,unspecified
23:06:34.542,67.296,0.381,0.3619,0.3714,0.3932,0.18,NORMAL,0,0,Windows,unspecified
23:06:34.590,67.344,0.3683,0.3619,0.3651,0.3914,0.18,NORMAL,0,0,Windows,unspecified
23:06:34.635,67.389,0.3668,0.3742,0.3705,0.3921,0.18,NORMAL,0,0,Windows,unspecified
23:06:34.667,67.421,0.405,0.3886,0.3968,0.3885,0.18,NORMAL,0,0,Windows,unspecified
23:06:34.697,67.45,0.3823,0.3754,0.3789,0.3864,0.18,NORMAL,0,0,Windows,unspecified
23:06:34.729,67.483,0.3823,0.3849,0.3836,0.3921,0.18,NORMAL,0,0,Windows,unspecified
23:06:34.759,67.513,0.3683,0.3754,0.3719,0.3966,0.18,NORMAL,0,0,Windows,unspecified
23:06:34.792,67.546,0.3697,0.3774,0.3736,0.3894,0.18,NORMAL,0,0,Windows,unspecified
23:06:34.824,67.577,0.3819,0.3619,0.3719,0.3894,0.18,NORMAL,0,0,Windows,unspecified
23:06:34.854,67.608,0.3948,0.3772,0.386,0.3949,0.18,NORMAL,0,0,Windows,unspecified
23:06:34.885,67.639,0.3871,0.3652,0.3762,0.3986,0.18,NORMAL,0,0,Windows,unspecified
23:06:34.915,67.669,0.4078,0.391,0.3994,0.3972,0.18,NORMAL,0,0,Windows,unspecified
23:06:34.947,67.701,0.3835,0.3638,0.3737,0.3918,0.18,NORMAL,0,0,Windows,unspecified
23:06:34.978,67.732,0.3934,0.3792,0.3863,0.3867,0.18,NORMAL,0,0,Windows,unspecified
23:06:35.009,67.763,0.3948,0.3891,0.392,0.3969,0.18,NORMAL,0,0,Windows,unspecified
23:06:35.040,67.794,0.3996,0.388,0.3938,0.401,0.18,NORMAL,0,0,Windows,unspecified
23:06:35.073,67.827,0.3856,0.3772,0.3814,0.3915,0.18,NORMAL,0,0,Windows,unspecified
23:06:35.104,67.858,0.3836,0.3784,0.381,0.3805,0.18,NORMAL,0,0,Windows,unspecified
23:06:35.151,67.904,0.3935,0.3897,0.3916,0.3955,0.18,NORMAL,0,0,Windows,unspecified
23:06:35.182,67.936,0.4099,0.3897,0.3998,0.3918,0.18,NORMAL,0,0,Windows,unspecified
23:06:35.213,67.967,0.3922,0.3917,0.3919,0.3927,0.18,NORMAL,0,0,Windows,unspecified
23:06:35.246,68.0,0.4065,0.3917,0.3991,0.3834,0.18,NORMAL,0,0,Windows,unspecified
23:06:35.279,68.033,0.3922,0.3774,0.3848,0.3864,0.18,NORMAL,0,0,Windows,unspecified
23:06:35.310,68.064,0.3934,0.3795,0.3864,0.3864,0.1733,NORMAL,0,0,Windows,unspecified
23:06:35.343,68.097,0.3948,0.3877,0.3913,0.3856,0.1667,NORMAL,0,0,Windows,unspecified
23:06:35.371,68.125,0.3922,0.3754,0.3838,0.3954,0.16,NORMAL,0,0,Windows,unspecified
23:06:35.408,68.162,0.3922,0.3653,0.3787,0.3873,0.1533,NORMAL,0,0,Windows,unspecified
23:06:35.433,68.187,0.3836,0.3754,0.3795,0.3879,0.1533,NORMAL,0,0,Windows,unspecified
23:06:35.472,68.226,0.3935,0.3774,0.3855,0.3936,0.1533,NORMAL,0,0,Windows,unspecified
23:06:35.495,68.249,0.3922,0.3754,0.3838,0.39,0.1533,NORMAL,0,0,Windows,unspecified
23:06:35.535,68.289,0.3806,0.3774,0.379,0.3908,0.1533,NORMAL,0,0,Windows,unspecified
23:06:35.558,68.312,0.3788,0.3756,0.3772,0.3915,0.1533,NORMAL,0,0,Windows,unspecified
23:06:35.598,68.352,0.3788,0.3742,0.3765,0.397,0.1533,NORMAL,0,0,Windows,unspecified
23:06:35.622,68.376,0.3788,0.3628,0.3708,0.3862,0.1533,NORMAL,0,0,Windows,unspecified
23:06:35.677,68.431,0.3819,0.3727,0.3773,0.4045,0.1533,NORMAL,0,0,Windows,unspecified
23:06:35.712,68.466,0.3984,0.3864,0.3924,0.389,0.1533,NORMAL,0,0,Windows,unspecified
23:06:35.743,68.497,0.3676,0.3628,0.3652,0.3938,0.1533,NORMAL,0,0,Windows,unspecified
23:06:35.775,68.529,0.3907,0.3741,0.3824,0.3985,0.1467,NORMAL,0,0,Windows,unspecified
23:06:35.806,68.56,0.3824,0.3723,0.3773,0.3875,0.14,NORMAL,0,0,Windows,unspecified
23:06:35.837,68.591,0.3944,0.3849,0.3896,0.4008,0.1333,NORMAL,0,0,Windows,unspecified
23:06:35.872,68.626,0.4014,0.3713,0.3863,0.3906,0.1267,NORMAL,0,0,Windows,unspecified
23:06:35.899,68.652,0.3904,0.3854,0.3879,0.3812,0.12,NORMAL,0,0,Windows,unspecified
23:06:35.935,68.689,0.3829,0.38,0.3814,0.3929,0.1133,NORMAL,0,0,Windows,unspecified
23:06:35.960,68.714,0.3859,0.3831,0.3845,0.3869,0.1133,NORMAL,0,0,Windows,unspecified
23:06:35.998,68.752,0.372,0.3655,0.3688,0.3972,0.1133,NORMAL,0,0,Windows,unspecified
23:06:36.025,68.779,0.3653,0.3699,0.3676,0.4006,0.1133,NORMAL,0,0,Windows,unspecified
23:06:36.079,68.833,0.3604,0.3788,0.3696,0.3692,0.1133,NORMAL,0,0,Windows,unspecified
23:06:36.105,68.859,0.3862,0.3687,0.3775,0.3771,0.1133,NORMAL,0,0,Windows,unspecified
23:06:36.143,68.897,0.387,0.396,0.3915,0.3757,0.1133,NORMAL,0,0,Windows,unspecified
23:06:36.165,68.919,0.3762,0.3943,0.3852,0.3731,0.1133,NORMAL,0,0,Windows,unspecified
23:06:36.207,68.961,0.3762,0.3831,0.3796,0.3799,0.1133,NORMAL,0,0,Windows,unspecified
23:06:36.244,68.998,0.387,0.3831,0.3851,0.3811,0.1133,NORMAL,0,0,Windows,unspecified
23:06:36.275,69.029,0.3633,0.3774,0.3703,0.4106,0.1133,NORMAL,0,0,Windows,unspecified
23:06:36.305,69.059,0.3737,0.3673,0.3705,0.4219,0.1133,NORMAL,0,0,Windows,unspecified
23:06:36.334,69.088,0.389,0.392,0.3905,0.4032,0.1133,NORMAL,0,0,Windows,unspecified
23:06:36.369,69.123,0.3737,0.3933,0.3835,0.401,0.1133,NORMAL,0,0,Windows,unspecified
23:06:36.400,69.154,0.4027,0.38,0.3914,0.4672,0.1133,NORMAL,0,0,Windows,unspecified
23:06:36.432,69.186,0.3875,0.3667,0.3771,0.4581,0.1133,NORMAL,0,0,Windows,unspecified
23:06:36.460,69.214,0.3637,0.3667,0.3652,0.4432,0.1133,NORMAL,0,0,Windows,unspecified
23:06:36.492,69.246,0.3747,0.341,0.3579,0.3889,0.1133,NORMAL,0,0,Windows,unspecified
23:06:36.541,69.295,0.2861,0.3178,0.302,0.3768,0.1133,NORMAL,0,0,Windows,unspecified
23:06:36.571,69.325,0.294,0.3145,0.3042,0.3794,0.1133,NORMAL,0,0,Windows,unspecified
23:06:36.609,69.363,0.2841,0.2885,0.2863,0.4039,0.12,NORMAL,1,0,Windows,unspecified
23:06:36.634,69.388,0.2701,0.2962,0.2831,0.4158,0.1267,NORMAL,2,0,Windows,unspecified
23:06:36.681,69.435,0.2693,0.288,0.2786,0.3879,0.1333,NORMAL,3,0,Windows,unspecified
23:06:36.710,69.464,0.2825,0.2865,0.2845,0.3842,0.14,NORMAL,4,0,Windows,unspecified
23:06:36.743,69.497,0.27,0.2808,0.2754,0.3856,0.1467,NORMAL,5,0,Windows,unspecified
23:06:36.775,69.529,0.2834,0.288,0.2857,0.3835,0.1533,NORMAL,6,0,Windows,unspecified
23:06:36.805,69.559,0.2834,0.2959,0.2897,0.3833,0.16,NORMAL,7,0,Windows,unspecified
23:06:36.835,69.589,0.2834,0.3101,0.2968,0.3781,0.1667,NORMAL,8,0,Windows,unspecified
23:06:36.869,69.623,0.2693,0.3237,0.2965,0.374,0.1733,NORMAL,9,0,Windows,unspecified
23:06:36.898,69.652,0.2834,0.2965,0.2899,0.3781,0.18,WARNING,10,0,Windows,unspecified
23:06:36.941,69.695,0.2819,0.2925,0.2872,0.3961,0.1867,WARNING,11,0,Windows,unspecified
23:06:36.978,69.732,0.2952,0.2946,0.2949,0.408,0.1933,WARNING,12,0,Windows,unspecified
23:06:37.009,69.763,0.3307,0.333,0.3319,0.4072,0.1933,NORMAL,0,0,Windows,unspecified
23:06:37.042,69.796,0.3324,0.3611,0.3468,0.402,0.1933,NORMAL,0,0,Windows,unspecified
23:06:37.071,69.824,0.3499,0.3395,0.3447,0.4102,0.1933,NORMAL,0,0,Windows,unspecified
23:06:37.103,69.856,0.3408,0.3457,0.3432,0.4103,0.1933,NORMAL,0,0,Windows,unspecified
23:06:37.134,69.888,0.3354,0.3368,0.3361,0.3994,0.1933,NORMAL,0,0,Windows,unspecified
23:06:37.166,69.92,0.337,0.3368,0.3369,0.4096,0.1933,NORMAL,0,0,Windows,unspecified
23:06:37.194,69.948,0.3532,0.3566,0.3549,0.3993,0.1933,NORMAL,0,0,Windows,unspecified
23:06:37.227,69.981,0.3669,0.3513,0.3591,0.3934,0.1933,NORMAL,0,0,Windows,unspecified
23:06:37.257,70.011,0.3538,0.3363,0.345,0.398,0.1933,NORMAL,0,0,Windows,unspecified
23:06:37.290,70.044,0.3688,0.3142,0.3415,0.3898,0.1933,NORMAL,0,0,Windows,unspecified
23:06:37.344,70.098,0.3453,0.3236,0.3345,0.3881,0.1933,NORMAL,0,0,Windows,unspecified
23:06:37.369,70.123,0.3475,0.3382,0.3429,0.3998,0.1933,NORMAL,0,0,Windows,unspecified
23:06:37.405,70.159,0.3429,0.3468,0.3448,0.3967,0.1933,NORMAL,0,0,Windows,unspecified
23:06:37.430,70.184,0.3551,0.3382,0.3467,0.4066,0.1933,NORMAL,0,0,Windows,unspecified
23:06:37.471,70.225,0.3468,0.3382,0.3425,0.4073,0.1933,NORMAL,0,0,Windows,unspecified
23:06:37.493,70.247,0.3461,0.3466,0.3464,0.4117,0.1933,NORMAL,0,0,Windows,unspecified
23:06:37.534,70.288,0.3475,0.3518,0.3497,0.4154,0.1933,NORMAL,0,0,Windows,unspecified
23:06:37.555,70.309,0.3489,0.3505,0.3497,0.4275,0.1933,NORMAL,0,0,Windows,unspecified
23:06:37.595,70.349,0.3475,0.3508,0.3492,0.4307,0.1933,NORMAL,0,0,Windows,unspecified
23:06:37.619,70.373,0.3468,0.3457,0.3462,0.4426,0.1933,NORMAL,0,0,Windows,unspecified
23:06:37.648,70.402,0.3481,0.3583,0.3532,0.435,0.1933,NORMAL,0,0,Windows,unspecified
23:06:37.681,70.435,0.3632,0.347,0.3551,0.424,0.1933,NORMAL,0,0,Windows,unspecified
23:06:37.738,70.491,0.3526,0.3544,0.3535,0.3708,0.1933,NORMAL,0,0,Windows,unspecified
23:06:37.759,70.513,0.3481,0.3361,0.3421,0.366,0.1933,NORMAL,0,0,Windows,unspecified
23:06:37.807,70.561,0.3395,0.3619,0.3507,0.3585,0.1933,NORMAL,0,0,Windows,unspecified
23:06:37.867,70.621,0.3468,0.3696,0.3582,0.3572,0.1933,NORMAL,0,0,Windows,unspecified
23:06:37.899,70.653,0.3475,0.3597,0.3536,0.3594,0.1933,NORMAL,0,0,Windows,unspecified
23:06:37.930,70.684,0.3734,0.3836,0.3785,0.3566,0.1933,NORMAL,0,0,Windows,unspecified
23:06:37.961,70.715,0.3466,0.357,0.3518,0.3734,0.1933,NORMAL,0,0,Windows,unspecified
23:06:37.993,70.747,0.3734,0.3836,0.3785,0.3685,0.1933,NORMAL,0,0,Windows,unspecified
23:06:38.024,70.778,0.3355,0.3471,0.3413,0.3759,0.1933,NORMAL,0,0,Windows,unspecified
23:06:38.055,70.809,0.3429,0.3676,0.3552,0.3726,0.1867,NORMAL,0,0,Windows,unspecified
23:06:38.087,70.841,0.3429,0.3676,0.3552,0.3767,0.18,NORMAL,0,0,Windows,unspecified
23:06:38.119,70.873,0.2267,0.2085,0.2176,0.3844,0.18,NORMAL,1,0,Windows,unspecified
23:06:38.150,70.904,0.1345,0.1306,0.1325,0.3751,0.1867,NORMAL,2,0,Windows,unspecified
23:06:38.183,70.936,0.1278,0.1048,0.1163,0.3708,0.1933,NORMAL,3,0,Windows,unspecified
23:06:38.213,70.967,0.1886,0.2056,0.1971,0.3732,0.2,NORMAL,4,0,Windows,unspecified
23:06:38.245,70.999,0.2315,0.2352,0.2333,0.3693,0.2067,NORMAL,5,0,Windows,unspecified
23:06:38.276,71.03,0.269,0.2601,0.2646,0.3718,0.2133,NORMAL,6,0,Windows,unspecified
23:06:38.307,71.061,0.2891,0.2835,0.2863,0.3742,0.22,NORMAL,7,0,Windows,unspecified
23:06:38.338,71.092,0.3039,0.2817,0.2928,0.3755,0.2267,NORMAL,8,0,Windows,unspecified
23:06:38.369,71.123,0.3055,0.2817,0.2936,0.3767,0.2333,NORMAL,9,0,Windows,unspecified
23:06:38.401,71.155,0.3205,0.3319,0.3262,0.3845,0.2333,NORMAL,0,0,Windows,unspecified
23:06:38.430,71.184,0.3466,0.3361,0.3414,0.3773,0.2333,NORMAL,0,0,Windows,unspecified
23:06:38.463,71.217,0.3481,0.3361,0.3421,0.3777,0.2333,NORMAL,0,0,Windows,unspecified
23:06:38.493,71.247,0.3481,0.3556,0.3518,0.3807,0.2333,NORMAL,0,0,Windows,unspecified
23:06:38.544,71.298,0.3468,0.3431,0.3449,0.3872,0.2333,NORMAL,0,0,Windows,unspecified
23:06:38.573,71.327,0.3558,0.3445,0.3501,0.3746,0.2333,NORMAL,0,0,Windows,unspecified
23:06:38.605,71.359,0.3481,0.3457,0.3469,0.3794,0.2333,NORMAL,0,0,Windows,unspecified
23:06:38.635,71.389,0.3213,0.3456,0.3335,0.3825,0.2333,NORMAL,0,0,Windows,unspecified
23:06:38.667,71.421,0.3298,0.3466,0.3382,0.3819,0.2333,NORMAL,0,0,Windows,unspecified
23:06:38.696,71.45,0.3229,0.3331,0.328,0.3832,0.2333,NORMAL,0,0,Windows,unspecified
23:06:38.732,71.486,0.3282,0.3331,0.3306,0.3796,0.2333,NORMAL,0,0,Windows,unspecified
23:06:38.760,71.514,0.3429,0.3249,0.3339,0.3774,0.2333,NORMAL,0,0,Windows,unspecified
23:06:38.795,71.548,0.3229,0.3331,0.328,0.3814,0.2333,NORMAL,0,0,Windows,unspecified
23:06:38.821,71.575,0.3213,0.3263,0.3238,0.3832,0.2333,NORMAL,0,0,Windows,unspecified
23:06:38.852,71.606,0.3229,0.3345,0.3287,0.3832,0.2267,NORMAL,0,0,Windows,unspecified
23:06:38.885,71.639,0.3272,0.3249,0.326,0.385,0.22,NORMAL,0,0,Windows,unspecified
23:06:38.938,71.692,0.3402,0.3466,0.3434,0.3915,0.2133,NORMAL,0,0,Windows,unspecified
23:06:38.960,71.714,0.3342,0.3229,0.3285,0.3831,0.2067,NORMAL,0,0,Windows,unspecified
23:06:39.005,71.759,0.3402,0.3451,0.3426,0.3864,0.2,NORMAL,0,0,Windows,unspecified
23:06:39.041,71.795,0.3272,0.3451,0.3361,0.3816,0.1933,NORMAL,0,0,Windows,unspecified
23:06:39.072,71.826,0.3389,0.358,0.3485,0.3864,0.1867,NORMAL,0,0,Windows,unspecified
23:06:39.103,71.857,0.3502,0.3566,0.3534,0.3897,0.18,NORMAL,0,0,Windows,unspecified
23:06:39.135,71.889,0.3621,0.3451,0.3536,0.3872,0.1733,NORMAL,0,0,Windows,unspecified
23:06:39.165,71.918,0.326,0.3457,0.3358,0.3902,0.1667,NORMAL,0,0,Windows,unspecified
23:06:39.194,71.948,0.337,0.3597,0.3484,0.3967,0.16,NORMAL,0,0,Windows,unspecified
23:06:39.227,71.981,0.3616,0.3222,0.3419,0.3976,0.1533,NORMAL,0,0,Windows,unspecified
23:06:39.256,72.01,0.3621,0.3222,0.3421,0.4012,0.1467,NORMAL,0,0,Windows,unspecified
23:06:39.289,72.043,0.3402,0.3115,0.3259,0.4119,0.14,NORMAL,0,0,Windows,unspecified
23:06:39.342,72.096,0.3607,0.3327,0.3467,0.4189,0.14,NORMAL,0,0,Windows,unspecified
23:06:39.367,72.121,0.3487,0.3268,0.3378,0.4192,0.14,NORMAL,0,0,Windows,unspecified
23:06:39.405,72.159,0.334,0.3245,0.3293,0.423,0.14,NORMAL,0,0,Windows,unspecified
23:06:39.430,72.184,0.3527,0.3271,0.3399,0.42,0.14,NORMAL,0,0,Windows,unspecified
23:06:39.471,72.225,0.3137,0.3141,0.3139,0.4317,0.14,NORMAL,0,0,Windows,unspecified
23:06:39.507,72.261,0.3345,0.3066,0.3206,0.4264,0.14,NORMAL,0,0,Windows,unspecified
23:06:39.539,72.293,0.308,0.3047,0.3063,0.4398,0.14,NORMAL,0,0,Windows,unspecified
23:06:39.570,72.324,0.3092,0.3092,0.3092,0.417,0.14,NORMAL,0,0,Windows,unspecified
23:06:39.601,72.355,0.3402,0.3392,0.3397,0.4212,0.14,NORMAL,0,0,Windows,unspecified
23:06:39.634,72.388,0.3386,0.3308,0.3347,0.412,0.14,NORMAL,0,0,Windows,unspecified
23:06:39.666,72.42,0.3499,0.3396,0.3447,0.4136,0.14,NORMAL,0,0,Windows,unspecified
23:06:39.697,72.451,0.3359,0.343,0.3394,0.4081,0.14,NORMAL,0,0,Windows,unspecified
23:06:39.739,72.493,0.3386,0.3505,0.3446,0.3921,0.14,NORMAL,0,0,Windows,unspecified
23:06:39.759,72.513,0.3381,0.3504,0.3442,0.3836,0.14,NORMAL,0,0,Windows,unspecified
23:06:39.804,72.558,0.337,0.3073,0.3221,0.387,0.14,NORMAL,0,0,Windows,unspecified
23:06:39.837,72.591,0.3247,0.3058,0.3152,0.3864,0.14,NORMAL,0,0,Windows,unspecified
23:06:39.870,72.624,0.3307,0.3173,0.324,0.3967,0.14,NORMAL,0,0,Windows,unspecified
23:06:39.900,72.654,0.3325,0.3216,0.327,0.3967,0.14,NORMAL,0,0,Windows,unspecified
23:06:39.933,72.687,0.3462,0.3407,0.3435,0.4024,0.14,NORMAL,0,0,Windows,unspecified
23:06:39.965,72.719,0.36,0.3369,0.3484,0.4057,0.14,NORMAL,0,0,Windows,unspecified
23:06:39.995,72.749,0.3467,0.3493,0.348,0.3917,0.14,NORMAL,0,0,Windows,unspecified
23:06:40.028,72.782,0.374,0.3619,0.368,0.3945,0.14,NORMAL,0,0,Windows,unspecified
23:06:40.058,72.812,0.3667,0.3471,0.3569,0.3915,0.14,NORMAL,0,0,Windows,unspecified
23:06:40.089,72.843,0.3787,0.3619,0.3703,0.3738,0.14,NORMAL,0,0,Windows,unspecified
23:06:40.141,72.895,0.3513,0.3704,0.3609,0.3764,0.14,NORMAL,0,0,Windows,unspecified
23:06:40.168,72.922,0.3513,0.3982,0.3748,0.3874,0.14,NORMAL,0,0,Windows,unspecified
23:06:40.202,72.956,0.3447,0.3948,0.3697,0.3961,0.14,NORMAL,0,0,Windows,unspecified
23:06:40.230,72.984,0.3634,0.3686,0.366,0.3933,0.14,NORMAL,0,0,Windows,unspecified
23:06:40.270,73.024,0.3605,0.3514,0.356,0.3975,0.14,NORMAL,0,0,Windows,unspecified
23:06:40.305,73.058,0.3667,0.3662,0.3665,0.3942,0.14,NORMAL,0,0,Windows,unspecified
23:06:40.339,73.092,0.3587,0.3496,0.3542,0.4048,0.14,NORMAL,0,0,Windows,unspecified
23:06:40.369,73.123,0.374,0.3386,0.3563,0.4147,0.14,NORMAL,0,0,Windows,unspecified
23:06:40.401,73.155,0.3619,0.3386,0.3502,0.4105,0.14,NORMAL,0,0,Windows,unspecified
23:06:40.432,73.186,0.345,0.3508,0.3479,0.4112,0.14,NORMAL,0,0,Windows,unspecified
23:06:40.466,73.22,0.345,0.3518,0.3484,0.4134,0.14,NORMAL,0,0,Windows,unspecified
23:06:40.496,73.25,0.3402,0.3272,0.3337,0.3945,0.14,NORMAL,0,0,Windows,unspecified
23:06:40.542,73.296,0.334,0.3288,0.3314,0.3779,0.14,NORMAL,0,0,Windows,unspecified
23:06:40.572,73.326,0.3062,0.3375,0.3219,0.3807,0.14,NORMAL,0,0,Windows,unspecified
23:06:40.605,73.359,0.3348,0.3276,0.3312,0.3874,0.14,NORMAL,0,0,Windows,unspecified
23:06:40.635,73.388,0.3327,0.3417,0.3372,0.3912,0.14,NORMAL,0,0,Windows,unspecified
23:06:40.670,73.424,0.3484,0.3626,0.3555,0.3901,0.14,NORMAL,0,0,Windows,unspecified
23:06:40.700,73.454,0.3543,0.3627,0.3585,0.389,0.14,NORMAL,0,0,Windows,unspecified
23:06:40.735,73.489,0.3534,0.3432,0.3483,0.3846,0.14,NORMAL,0,0,Windows,unspecified
23:06:40.760,73.514,0.3504,0.3585,0.3544,0.3854,0.14,NORMAL,0,0,Windows,unspecified
23:06:40.794,73.548,0.3509,0.3456,0.3483,0.3983,0.14,NORMAL,0,0,Windows,unspecified
23:06:40.825,73.579,0.3507,0.3558,0.3533,0.4033,0.14,NORMAL,0,0,Windows,unspecified
23:06:40.855,73.609,0.3507,0.3369,0.3438,0.4031,0.14,NORMAL,0,0,Windows,unspecified
23:06:40.886,73.64,0.3502,0.3355,0.3429,0.4057,0.14,NORMAL,0,0,Windows,unspecified
23:06:40.944,73.698,0.3402,0.3505,0.3454,0.3916,0.14,NORMAL,0,0,Windows,unspecified
23:06:40.981,73.735,0.3402,0.3481,0.3441,0.3868,0.14,NORMAL,0,0,Windows,unspecified
23:06:41.010,73.764,0.3534,0.3441,0.3488,0.389,0.14,NORMAL,0,0,Windows,unspecified
23:06:41.042,73.796,0.352,0.3667,0.3594,0.3858,0.14,NORMAL,0,0,Windows,unspecified
23:06:41.072,73.826,0.3534,0.3544,0.3539,0.3816,0.14,NORMAL,0,0,Windows,unspecified
23:06:41.104,73.858,0.3617,0.3678,0.3648,0.3866,0.14,NORMAL,0,0,Windows,unspecified
23:06:41.135,73.889,0.3354,0.356,0.3457,0.3799,0.14,NORMAL,0,0,Windows,unspecified
23:06:41.165,73.919,0.3479,0.3615,0.3547,0.3839,0.14,NORMAL,0,0,Windows,unspecified
23:06:41.196,73.95,0.3445,0.3313,0.3379,0.385,0.14,NORMAL,0,0,Windows,unspecified
23:06:41.228,73.982,0.3582,0.3262,0.3422,0.3944,0.14,NORMAL,0,0,Windows,unspecified
23:06:41.262,74.016,0.3587,0.3321,0.3454,0.3946,0.14,NORMAL,0,0,Windows,unspecified
23:06:41.292,74.046,0.3696,0.3492,0.3594,0.3969,0.14,NORMAL,0,0,Windows,unspecified
23:06:41.341,74.095,0.3812,0.3505,0.3659,0.3942,0.14,NORMAL,0,0,Windows,unspecified
23:06:41.370,74.124,0.372,0.3505,0.3613,0.4014,0.14,NORMAL,0,0,Windows,unspecified
23:06:41.405,74.159,0.359,0.3505,0.3547,0.3893,0.14,NORMAL,0,0,Windows,unspecified
23:06:41.433,74.187,0.3523,0.3456,0.349,0.3839,0.14,NORMAL,0,0,Windows,unspecified
23:06:41.472,74.226,0.3402,0.3681,0.3541,0.3833,0.14,NORMAL,0,0,Windows,unspecified
23:06:41.496,74.249,0.3495,0.3596,0.3546,0.3882,0.14,NORMAL,0,0,Windows,unspecified
23:06:41.535,74.289,0.341,0.3402,0.3406,0.3814,0.14,NORMAL,0,0,Windows,unspecified
23:06:41.559,74.313,0.3438,0.3534,0.3486,0.3797,0.14,NORMAL,0,0,Windows,unspecified
23:06:41.594,74.348,0.3647,0.3427,0.3537,0.3888,0.1333,NORMAL,0,0,Windows,unspecified
23:06:41.619,74.373,0.3647,0.3594,0.362,0.3848,0.1267,NORMAL,0,0,Windows,unspecified
23:06:41.653,74.407,0.3378,0.3481,0.343,0.3914,0.12,NORMAL,0,0,Windows,unspecified
23:06:41.699,74.453,0.352,0.3607,0.3564,0.4009,0.1133,NORMAL,0,0,Windows,unspecified
23:06:41.741,74.495,0.3395,0.3583,0.3489,0.4146,0.1067,NORMAL,0,0,Windows,unspecified
23:06:41.778,74.532,0.3504,0.3468,0.3486,0.4079,0.1,NORMAL,0,0,Windows,unspecified
23:06:41.808,74.562,0.103,0.0999,0.1014,0.3934,0.1,NORMAL,1,0,Windows,unspecified
23:06:41.840,74.594,0.0768,0.0751,0.0759,0.3826,0.1,NORMAL,2,0,Windows,unspecified
23:06:41.871,74.625,0.0435,0.0357,0.0396,0.38,0.1,NORMAL,3,0,Windows,unspecified
23:06:41.904,74.657,0.0329,0.0445,0.0387,0.3759,0.1,NORMAL,4,0,Windows,unspecified
23:06:41.933,74.687,0.1057,0.1054,0.1055,0.3909,0.1,NORMAL,5,0,Windows,unspecified
23:06:41.965,74.719,0.0934,0.1223,0.1079,0.3791,0.1,NORMAL,6,0,Windows,unspecified
23:06:41.994,74.748,0.1943,0.2143,0.2043,0.3849,0.1067,NORMAL,7,0,Windows,unspecified
23:06:42.029,74.783,0.2494,0.2469,0.2482,0.3929,0.1133,NORMAL,8,0,Windows,unspecified
23:06:42.060,74.814,0.2535,0.2537,0.2536,0.3983,0.12,NORMAL,9,0,Windows,unspecified
23:06:42.092,74.846,0.2925,0.2986,0.2956,0.397,0.1267,WARNING,10,0,Windows,unspecified
23:06:42.143,74.897,0.322,0.3092,0.3156,0.3933,0.1267,NORMAL,0,0,Windows,unspecified
23:06:42.170,74.924,0.3101,0.3092,0.3097,0.3846,0.1267,NORMAL,0,0,Windows,unspecified
23:06:42.205,74.959,0.2965,0.2891,0.2928,0.3865,0.1333,NORMAL,1,0,Windows,unspecified
23:06:42.232,74.986,0.2946,0.3102,0.3024,0.3794,0.1333,NORMAL,0,0,Windows,unspecified
23:06:42.273,75.027,0.3214,0.3184,0.3199,0.3917,0.1333,NORMAL,0,0,Windows,unspecified
23:06:42.297,75.051,0.3395,0.3402,0.3398,0.379,0.1333,NORMAL,0,0,Windows,unspecified
23:06:42.333,75.087,0.3488,0.3402,0.3445,0.3836,0.1333,NORMAL,0,0,Windows,unspecified
23:06:42.359,75.113,0.3394,0.341,0.3402,0.3917,0.1333,NORMAL,0,0,Windows,unspecified
23:06:42.396,75.15,0.3436,0.3236,0.3336,0.3895,0.1333,NORMAL,0,0,Windows,unspecified
23:06:42.424,75.178,0.3299,0.3262,0.3281,0.3865,0.1333,NORMAL,0,0,Windows,unspecified
23:06:42.455,75.208,0.3436,0.3245,0.334,0.3948,0.1333,NORMAL,0,0,Windows,unspecified
23:06:42.485,75.239,0.3436,0.3115,0.3276,0.3899,0.1333,NORMAL,0,0,Windows,unspecified
23:06:42.541,75.295,0.3627,0.3469,0.3548,0.4072,0.1333,NORMAL,0,0,Windows,unspecified
23:06:42.563,75.317,0.3807,0.3376,0.3591,0.3953,0.1333,NORMAL,0,0,Windows,unspecified
23:06:42.607,75.361,0.3259,0.3211,0.3235,0.3991,0.1333,NORMAL,0,0,Windows,unspecified
23:06:42.641,75.395,0.3531,0.3474,0.3503,0.3987,0.1333,NORMAL,0,0,Windows,unspecified
23:06:42.672,75.426,0.3445,0.3474,0.346,0.3981,0.1333,NORMAL,0,0,Windows,unspecified
23:06:42.720,75.474,0.3354,0.3228,0.3291,0.4039,0.1333,NORMAL,0,0,Windows,unspecified
23:06:42.749,75.503,0.3225,0.3147,0.3186,0.3978,0.1333,NORMAL,0,0,Windows,unspecified
23:06:42.784,75.538,0.322,0.323,0.3225,0.3945,0.1333,NORMAL,0,0,Windows,unspecified
23:06:42.830,75.584,0.3236,0.3144,0.319,0.396,0.1333,NORMAL,0,0,Windows,unspecified
23:06:42.863,75.617,0.3102,0.3144,0.3123,0.3984,0.1333,NORMAL,0,0,Windows,unspecified
23:06:42.894,75.648,0.3102,0.3018,0.306,0.3934,0.1333,NORMAL,0,0,Windows,unspecified
23:06:42.924,75.678,0.319,0.2945,0.3067,0.4142,0.1333,NORMAL,0,0,Windows,unspecified
23:06:42.957,75.711,0.3277,0.3167,0.3222,0.3998,0.1333,NORMAL,0,0,Windows,unspecified
23:06:42.988,75.742,0.3467,0.3326,0.3397,0.4145,0.1333,NORMAL,0,0,Windows,unspecified
23:06:43.019,75.773,0.3587,0.344,0.3514,0.3942,0.1333,NORMAL,0,0,Windows,unspecified
23:06:43.051,75.805,0.3603,0.344,0.3522,0.4016,0.1333,NORMAL,0,0,Windows,unspecified
23:06:43.083,75.837,0.3573,0.3242,0.3407,0.3949,0.1333,NORMAL,0,0,Windows,unspecified
23:06:43.112,75.866,0.3507,0.3161,0.3334,0.3854,0.1267,NORMAL,0,0,Windows,unspecified
23:06:43.144,75.898,0.3276,0.3387,0.3331,0.3947,0.12,NORMAL,0,0,Windows,unspecified
23:06:43.191,75.945,0.3359,0.3427,0.3393,0.3902,0.1133,NORMAL,0,0,Windows,unspecified
23:06:43.224,75.978,0.3386,0.3298,0.3342,0.3909,0.1067,NORMAL,0,0,Windows,unspecified
23:06:43.255,76.009,0.329,0.341,0.335,0.3852,0.1,NORMAL,0,0,Windows,unspecified
23:06:43.287,76.041,0.3647,0.3534,0.359,0.381,0.0933,NORMAL,0,0,Windows,unspecified
23:06:43.318,76.072,0.3306,0.3443,0.3374,0.3852,0.0867,NORMAL,0,0,Windows,unspecified
23:06:43.349,76.103,0.3197,0.3442,0.332,0.3938,0.08,NORMAL,0,0,Windows,unspecified
23:06:43.381,76.134,0.3283,0.3386,0.3335,0.3967,0.0733,NORMAL,0,0,Windows,unspecified
23:06:43.413,76.167,0.3416,0.3174,0.3295,0.4051,0.0733,NORMAL,0,0,Windows,unspecified
23:06:43.443,76.197,0.3395,0.3272,0.3333,0.4102,0.0733,NORMAL,0,0,Windows,unspecified
23:06:43.476,76.229,0.3395,0.313,0.3262,0.4011,0.0733,NORMAL,0,0,Windows,unspecified
23:06:43.507,76.261,0.3402,0.3361,0.3381,0.4028,0.0733,NORMAL,0,0,Windows,unspecified
23:06:43.537,76.291,0.3667,0.3361,0.3514,0.3896,0.0733,NORMAL,0,0,Windows,unspecified
23:06:43.569,76.323,0.3414,0.3374,0.3394,0.3919,0.0733,NORMAL,0,0,Windows,unspecified
23:06:43.602,76.356,0.3321,0.3431,0.3376,0.4,0.0733,NORMAL,0,0,Windows,unspecified
23:06:43.634,76.388,0.3451,0.3431,0.3441,0.4071,0.0733,NORMAL,0,0,Windows,unspecified
23:06:43.665,76.419,0.3569,0.3431,0.35,0.4102,0.0733,NORMAL,0,0,Windows,unspecified
23:06:43.695,76.449,0.3577,0.3627,0.3602,0.3962,0.0733,NORMAL,0,0,Windows,unspecified
23:06:43.742,76.496,0.3566,0.3557,0.3562,0.3934,0.0733,NORMAL,0,0,Windows,unspecified
23:06:43.788,76.542,0.3566,0.3431,0.3499,0.3855,0.0733,NORMAL,0,0,Windows,unspecified
23:06:43.835,76.589,0.3676,0.3443,0.356,0.3934,0.0733,NORMAL,0,0,Windows,unspecified
23:06:43.866,76.62,0.3543,0.3443,0.3493,0.3914,0.0733,NORMAL,0,0,Windows,unspecified
23:06:43.899,76.653,0.3438,0.3583,0.351,0.3969,0.0733,NORMAL,0,0,Windows,unspecified
23:06:43.929,76.683,0.3648,0.3412,0.353,0.3971,0.0733,NORMAL,0,0,Windows,unspecified
23:06:43.961,76.715,0.3534,0.3331,0.3432,0.3922,0.0733,NORMAL,0,0,Windows,unspecified
23:06:43.992,76.746,0.3402,0.3432,0.3417,0.3921,0.0733,NORMAL,0,0,Windows,unspecified
23:06:44.021,76.775,0.3481,0.3374,0.3428,0.3828,0.0733,NORMAL,0,0,Windows,unspecified
23:06:44.054,76.808,0.3467,0.3597,0.3532,0.3797,0.0733,NORMAL,0,0,Windows,unspecified
23:06:44.084,76.838,0.3456,0.3597,0.3527,0.3794,0.0733,NORMAL,0,0,Windows,unspecified
23:06:44.116,76.87,0.3561,0.3357,0.3459,0.3884,0.0733,NORMAL,0,0,Windows,unspecified
23:06:44.149,76.903,0.3701,0.3459,0.358,0.3876,0.0733,NORMAL,0,0,Windows,unspecified
23:06:44.179,76.933,0.3844,0.3432,0.3638,0.394,0.0733,NORMAL,0,0,Windows,unspecified
23:06:44.210,76.964,0.3653,0.3547,0.36,0.3995,0.0733,NORMAL,0,0,Windows,unspecified
23:06:44.241,76.995,0.3688,0.3547,0.3618,0.401,0.0733,NORMAL,0,0,Windows,unspecified
23:06:44.272,77.026,0.3558,0.3331,0.3444,0.3899,0.0733,NORMAL,0,0,Windows,unspecified
23:06:44.305,77.059,0.3558,0.3676,0.3617,0.3946,0.0733,NORMAL,0,0,Windows,unspecified
23:06:44.335,77.089,0.3677,0.3734,0.3705,0.3867,0.0733,NORMAL,0,0,Windows,unspecified
23:06:44.367,77.121,0.3662,0.3756,0.3709,0.3808,0.0733,NORMAL,0,0,Windows,unspecified
23:06:44.395,77.148,0.3641,0.371,0.3676,0.3865,0.0733,NORMAL,0,0,Windows,unspecified
23:06:44.429,77.183,0.3626,0.3638,0.3632,0.3882,0.0733,NORMAL,0,0,Windows,unspecified
23:06:44.460,77.214,0.3759,0.3638,0.3699,0.3979,0.0733,NORMAL,0,0,Windows,unspecified
23:06:44.491,77.245,0.376,0.3481,0.3621,0.3845,0.0733,NORMAL,0,0,Windows,unspecified
23:06:44.539,77.293,0.361,0.3519,0.3565,0.3882,0.0733,NORMAL,0,0,Windows,unspecified
23:06:44.569,77.322,0.3595,0.3666,0.3631,0.3844,0.0733,NORMAL,0,0,Windows,unspecified
23:06:44.605,77.359,0.3727,0.3697,0.3712,0.3818,0.0733,NORMAL,0,0,Windows,unspecified
23:06:44.631,77.385,0.3727,0.3416,0.3572,0.383,0.0733,NORMAL,0,0,Windows,unspecified
23:06:44.671,77.425,0.3595,0.367,0.3632,0.3738,0.0733,NORMAL,0,0,Windows,unspecified
23:06:44.694,77.447,0.3458,0.3521,0.3489,0.3686,0.0733,NORMAL,0,0,Windows,unspecified
23:06:44.735,77.489,0.3519,0.323,0.3374,0.379,0.0733,NORMAL,0,0,Windows,unspecified
23:06:44.771,77.525,0.3547,0.3287,0.3417,0.3825,0.0733,NORMAL,0,0,Windows,unspecified
23:06:44.803,77.557,0.3199,0.3199,0.3199,0.3916,0.0733,NORMAL,0,0,Windows,unspecified
23:06:44.835,77.589,0.3412,0.3161,0.3287,0.396,0.0733,NORMAL,0,0,Windows,unspecified
23:06:44.865,77.619,0.3282,0.3303,0.3292,0.3992,0.0733,NORMAL,0,0,Windows,unspecified
23:06:44.895,77.649,0.3418,0.2959,0.3189,0.3901,0.0733,NORMAL,0,0,Windows,unspecified
23:06:44.942,77.696,0.3236,0.2889,0.3063,0.4188,0.0733,NORMAL,0,0,Windows,unspecified
23:06:44.975,77.728,0.3244,0.2889,0.3067,0.4121,0.0733,NORMAL,0,0,Windows,unspecified
23:06:45.007,77.761,0.3479,0.311,0.3294,0.4111,0.0733,NORMAL,0,0,Windows,unspecified
23:06:45.035,77.789,0.36,0.3118,0.3359,0.4147,0.0733,NORMAL,0,0,Windows,unspecified
23:06:45.072,77.826,0.3483,0.3424,0.3453,0.4079,0.0733,NORMAL,0,0,Windows,unspecified
23:06:45.100,77.854,0.3655,0.3344,0.3499,0.4117,0.0733,NORMAL,0,0,Windows,unspecified
23:06:45.137,77.891,0.3874,0.3508,0.3691,0.419,0.0733,NORMAL,0,0,Windows,unspecified
23:06:45.160,77.914,0.3874,0.3471,0.3673,0.414,0.0733,NORMAL,0,0,Windows,unspecified
23:06:45.195,77.949,0.4052,0.342,0.3736,0.4113,0.0733,NORMAL,0,0,Windows,unspecified
23:06:45.224,77.978,0.3504,0.3508,0.3506,0.414,0.0733,NORMAL,0,0,Windows,unspecified
23:06:45.255,78.009,0.3874,0.3457,0.3666,0.413,0.0733,NORMAL,0,0,Windows,unspecified
23:06:45.286,78.04,0.3885,0.3583,0.3734,0.4198,0.0733,NORMAL,0,0,Windows,unspecified
23:06:45.339,78.093,0.3763,0.3584,0.3674,0.4246,0.0733,NORMAL,0,0,Windows,unspecified
23:06:45.364,78.118,0.3543,0.3482,0.3513,0.4144,0.0733,NORMAL,0,0,Windows,unspecified
23:06:45.407,78.161,0.3803,0.3519,0.3661,0.4043,0.0733,NORMAL,0,0,Windows,unspecified
23:06:45.443,78.197,0.3534,0.3619,0.3576,0.4093,0.0733,NORMAL,0,0,Windows,unspecified
23:06:45.475,78.229,0.3554,0.3582,0.3568,0.4167,0.0733,NORMAL,0,0,Windows,unspecified
23:06:45.504,78.258,0.3776,0.3673,0.3725,0.4226,0.0733,NORMAL,0,0,Windows,unspecified
23:06:45.537,78.29,0.3105,0.2871,0.2988,0.3944,0.08,NORMAL,1,0,Windows,unspecified
23:06:45.584,78.338,0.3221,0.2899,0.306,0.3905,0.08,NORMAL,0,0,Windows,unspecified
23:06:45.614,78.368,0.077,0.0807,0.0788,0.3925,0.0867,NORMAL,1,0,Windows,unspecified
23:06:45.646,78.4,0.0658,0.0808,0.0733,0.3842,0.0933,NORMAL,2,0,Windows,unspecified
23:06:45.672,78.426,0.0642,0.0671,0.0657,0.3949,0.1,NORMAL,3,0,Windows,unspecified
23:06:45.708,78.462,0.1274,0.0873,0.1073,0.3782,0.1067,NORMAL,4,0,Windows,unspecified
23:06:45.742,78.496,0.2156,0.198,0.2068,0.3829,0.1133,NORMAL,5,0,Windows,unspecified
23:06:45.770,78.523,0.2529,0.211,0.232,0.3924,0.12,NORMAL,6,0,Windows,unspecified
23:06:45.805,78.559,0.2733,0.263,0.2682,0.3971,0.1267,NORMAL,7,0,Windows,unspecified
23:06:45.830,78.584,0.3053,0.2853,0.2953,0.396,0.1333,NORMAL,8,0,Windows,unspecified
23:06:45.871,78.625,0.2888,0.2765,0.2827,0.3928,0.14,NORMAL,9,0,Windows,unspecified
23:06:45.894,78.648,0.2738,0.2765,0.2751,0.3928,0.1467,WARNING,10,0,Windows,unspecified
23:06:45.933,78.687,0.3002,0.2775,0.2889,0.396,0.1533,WARNING,11,0,Windows,unspecified
23:06:45.957,78.711,0.285,0.3076,0.2963,0.3914,0.16,WARNING,12,0,Windows,unspecified
23:06:45.995,78.749,0.3002,0.325,0.3126,0.3886,0.16,NORMAL,0,0,Windows,unspecified
23:06:46.051,78.805,0.2949,0.3632,0.3291,0.3786,0.16,NORMAL,0,0,Windows,unspecified
23:06:46.081,78.835,0.3002,0.3747,0.3375,0.3824,0.16,NORMAL,0,0,Windows,unspecified
23:06:46.112,78.866,0.3416,0.3551,0.3484,0.3908,0.16,NORMAL,0,0,Windows,unspecified
23:06:46.146,78.9,0.3427,0.3427,0.3427,0.3937,0.16,NORMAL,0,0,Windows,unspecified
23:06:46.175,78.929,0.3558,0.3468,0.3513,0.386,0.16,NORMAL,0,0,Windows,unspecified
23:06:46.206,78.96,0.3543,0.3429,0.3486,0.3954,0.16,NORMAL,0,0,Windows,unspecified
23:06:46.237,78.991,0.3412,0.3298,0.3355,0.3854,0.16,NORMAL,0,0,Windows,unspecified
23:06:46.270,79.024,0.3653,0.3427,0.354,0.3848,0.16,NORMAL,0,0,Windows,unspecified
23:06:46.298,79.052,0.3543,0.3213,0.3378,0.3831,0.16,NORMAL,0,0,Windows,unspecified
23:06:46.335,79.089,0.3641,0.3298,0.347,0.386,0.16,NORMAL,0,0,Windows,unspecified
23:06:46.362,79.116,0.3543,0.3214,0.3379,0.3848,0.16,NORMAL,0,0,Windows,unspecified
23:06:46.396,79.15,0.3558,0.3214,0.3386,0.3936,0.16,NORMAL,0,0,Windows,unspecified
23:06:46.424,79.178,0.3558,0.3156,0.3357,0.3961,0.16,NORMAL,0,0,Windows,unspecified
23:06:46.455,79.209,0.3558,0.3265,0.3411,0.3875,0.16,NORMAL,0,0,Windows,unspecified
23:06:46.486,79.24,0.3697,0.3142,0.3419,0.3978,0.16,NORMAL,0,0,Windows,unspecified
23:06:46.543,79.297,0.3547,0.3402,0.3475,0.3965,0.16,NORMAL,0,0,Windows,unspecified
23:06:46.565,79.319,0.3626,0.3389,0.3507,0.3984,0.16,NORMAL,0,0,Windows,unspecified
23:06:46.605,79.359,0.3532,0.3308,0.342,0.392,0.16,NORMAL,0,0,Windows,unspecified
23:06:46.629,79.383,0.3487,0.3287,0.3387,0.4014,0.16,NORMAL,0,0,Windows,unspecified
23:06:46.670,79.424,0.3335,0.321,0.3272,0.3945,0.16,NORMAL,0,0,Windows,unspecified
23:06:46.692,79.446,0.3335,0.3311,0.3323,0.3974,0.16,NORMAL,0,0,Windows,unspecified
23:06:46.736,79.489,0.3385,0.3189,0.3287,0.396,0.16,NORMAL,0,0,Windows,unspecified
23:06:46.770,79.524,0.3385,0.3545,0.3465,0.3942,0.16,NORMAL,0,0,Windows,unspecified
23:06:46.798,79.552,0.3452,0.3358,0.3405,0.395,0.1533,NORMAL,0,0,Windows,unspecified
23:06:46.832,79.586,0.3452,0.3296,0.3374,0.3913,0.1467,NORMAL,0,0,Windows,unspecified
23:06:46.865,79.619,0.3585,0.3296,0.3441,0.391,0.14,NORMAL,0,0,Windows,unspecified
23:06:46.896,79.65,0.3307,0.3394,0.335,0.3873,0.1333,NORMAL,0,0,Windows,unspecified
23:06:46.959,79.713,0.3145,0.3511,0.3328,0.3861,0.1267,NORMAL,0,0,Windows,unspecified
23:06:46.991,79.745,0.314,0.3469,0.3305,0.3899,0.12,NORMAL,0,0,Windows,unspecified
23:06:47.022,79.776,0.3049,0.3578,0.3313,0.3865,0.1133,NORMAL,0,0,Windows,unspecified
23:06:47.052,79.806,0.3128,0.3608,0.3368,0.3868,0.1067,NORMAL,0,0,Windows,unspecified
23:06:47.085,79.839,0.315,0.3645,0.3397,0.3805,0.1,NORMAL,0,0,Windows,unspecified
23:06:47.116,79.87,0.3145,0.3822,0.3484,0.3764,0.0933,NORMAL,0,0,Windows,unspecified
23:06:47.148,79.902,0.3196,0.3822,0.3509,0.3746,0.0933,NORMAL,0,0,Windows,unspecified
23:06:47.180,79.934,0.3074,0.3752,0.3413,0.3676,0.0933,NORMAL,0,0,Windows,unspecified
23:06:47.209,79.963,0.3196,0.3673,0.3435,0.3702,0.0867,NORMAL,0,0,Windows,unspecified
23:06:47.240,79.994,0.3226,0.3753,0.349,0.3767,0.0867,NORMAL,0,0,Windows,unspecified
23:06:47.271,80.025,0.3226,0.3753,0.349,0.3752,0.0867,NORMAL,0,0,Windows,unspecified
23:06:47.304,80.058,0.315,0.3752,0.3451,0.3758,0.0867,NORMAL,0,0,Windows,unspecified
23:06:47.342,80.096,0.3015,0.3414,0.3214,0.3615,0.0867,NORMAL,0,0,Windows,unspecified
23:06:47.367,80.121,0.3089,0.3457,0.3273,0.3574,0.0867,NORMAL,0,0,Windows,unspecified
23:06:47.407,80.161,0.2921,0.3293,0.3107,0.3692,0.0867,NORMAL,0,0,Windows,unspecified
23:06:47.428,80.182,0.293,0.3312,0.3121,0.3732,0.0867,NORMAL,0,0,Windows,unspecified
23:06:47.471,80.225,0.2895,0.3202,0.3048,0.3866,0.0867,NORMAL,0,0,Windows,unspecified
23:06:47.507,80.261,0.2648,0.3115,0.2882,0.378,0.0933,NORMAL,1,0,Windows,unspecified
23:06:47.538,80.292,0.2847,0.2804,0.2826,0.3858,0.1,NORMAL,2,0,Windows,unspecified
23:06:47.585,80.339,0.2683,0.2986,0.2835,0.3839,0.1067,NORMAL,3,0,Windows,unspecified
23:06:47.618,80.372,0.2755,0.2891,0.2823,0.3983,0.1133,NORMAL,4,0,Windows,unspecified
23:06:47.649,80.403,0.2889,0.3021,0.2955,0.402,0.12,NORMAL,5,0,Windows,unspecified
23:06:47.680,80.434,0.2888,0.3024,0.2956,0.3954,0.1267,NORMAL,6,0,Windows,unspecified
23:06:47.709,80.463,0.3211,0.2799,0.3005,0.4122,0.1333,NORMAL,7,0,Windows,unspecified
23:06:47.744,80.498,0.3473,0.312,0.3296,0.412,0.1333,NORMAL,0,0,Windows,unspecified
23:06:47.772,80.526,0.3154,0.321,0.3182,0.4099,0.1333,NORMAL,0,0,Windows,unspecified
23:06:47.805,80.559,0.357,0.3344,0.3457,0.4178,0.1333,NORMAL,0,0,Windows,unspecified
23:06:47.835,80.589,0.3565,0.3121,0.3343,0.4207,0.1333,NORMAL,0,0,Windows,unspecified
23:06:47.871,80.624,0.3537,0.336,0.3449,0.4274,0.1333,NORMAL,0,0,Windows,unspecified
23:06:47.896,80.65,0.3674,0.3283,0.3478,0.4321,0.1333,NORMAL,0,0,Windows,unspecified
23:06:47.930,80.684,0.3752,0.3254,0.3503,0.4381,0.1333,NORMAL,0,0,Windows,unspecified
23:06:47.960,80.714,0.3717,0.3348,0.3532,0.4472,0.1333,NORMAL,0,0,Windows,unspecified
23:06:47.995,80.749,0.3744,0.3255,0.3499,0.477,0.1333,NORMAL,0,0,Windows,unspecified
23:06:48.023,80.777,0.3752,0.3308,0.353,0.4886,0.1333,NORMAL,0,0,Windows,unspecified
23:06:48.053,80.807,0.3893,0.3073,0.3483,0.4791,0.1333,NORMAL,0,0,Windows,unspecified
23:06:48.085,80.839,0.3779,0.3277,0.3528,0.4787,0.1333,NORMAL,0,0,Windows,unspecified
23:06:48.143,80.897,0.3854,0.3104,0.3479,0.4587,0.1333,NORMAL,0,0,Windows,unspecified
23:06:48.179,80.933,0.3971,0.3313,0.3642,0.4496,0.1333,NORMAL,0,0,Windows,unspecified
23:06:48.209,80.963,0.3663,0.3385,0.3524,0.4569,0.1333,NORMAL,0,0,Windows,unspecified
23:06:48.256,81.01,0.3696,0.3197,0.3446,0.4551,0.1333,NORMAL,0,0,Windows,unspecified
23:06:48.306,81.06,0.3809,0.3222,0.3515,0.4448,0.1333,NORMAL,0,0,Windows,unspecified
23:06:48.336,81.09,0.3657,0.2989,0.3323,0.4514,0.1333,NORMAL,0,0,Windows,unspecified
23:06:48.367,81.121,0.3307,0.2873,0.309,0.4186,0.1333,NORMAL,0,0,Windows,unspecified
23:06:48.400,81.154,0.345,0.302,0.3235,0.4215,0.1333,NORMAL,0,0,Windows,unspecified
23:06:48.479,81.233,0.2953,0.2967,0.296,0.4136,0.14,NORMAL,1,0,Windows,unspecified
23:06:48.538,81.292,0.2877,0.2736,0.2806,0.4124,0.1467,NORMAL,2,0,Windows,unspecified
23:06:48.572,81.326,0.2828,0.2794,0.2811,0.4041,0.1533,NORMAL,3,0,Windows,unspecified
23:06:48.606,81.36,0.2758,0.3034,0.2896,0.3782,0.16,NORMAL,4,0,Windows,unspecified
23:06:48.635,81.389,0.2936,0.2968,0.2952,0.3891,0.1667,NORMAL,5,0,Windows,unspecified
23:06:48.670,81.424,0.2936,0.3323,0.3129,0.3912,0.1667,NORMAL,0,0,Windows,unspecified
23:06:48.695,81.449,0.2864,0.3053,0.2958,0.3897,0.1733,NORMAL,1,0,Windows,unspecified
23:06:48.735,81.488,0.2943,0.3425,0.3184,0.3891,0.1733,NORMAL,0,0,Windows,unspecified
23:06:48.759,81.513,0.3178,0.3466,0.3322,0.3824,0.1733,NORMAL,0,0,Windows,unspecified
23:06:48.805,81.559,0.31,0.3466,0.3283,0.3922,0.1733,NORMAL,0,0,Windows,unspecified
23:06:48.837,81.591,0.3194,0.3466,0.333,0.385,0.1733,NORMAL,0,0,Windows,unspecified
23:06:48.870,81.624,0.3194,0.3753,0.3473,0.3781,0.1733,NORMAL,0,0,Windows,unspecified
23:06:48.901,81.655,0.2925,0.3367,0.3146,0.38,0.1733,NORMAL,0,0,Windows,unspecified
23:06:48.941,81.695,0.3178,0.3273,0.3226,0.3838,0.1733,NORMAL,0,0,Windows,unspecified
23:06:48.977,81.731,0.3194,0.3273,0.3233,0.3847,0.1733,NORMAL,0,0,Windows,unspecified
23:06:49.009,81.763,0.3189,0.3072,0.3131,0.3869,0.1733,NORMAL,0,0,Windows,unspecified
23:06:49.039,81.793,0.3272,0.3071,0.3171,0.3858,0.1733,NORMAL,0,0,Windows,unspecified
23:06:49.070,81.824,0.3021,0.3018,0.302,0.3884,0.1733,NORMAL,0,0,Windows,unspecified
23:06:49.118,81.872,0.2986,0.3018,0.3002,0.3876,0.18,NORMAL,1,0,Windows,unspecified
23:06:49.149,81.903,0.312,0.2871,0.2995,0.3872,0.1867,NORMAL,2,0,Windows,unspecified
23:06:49.180,81.934,0.3181,0.2989,0.3085,0.3948,0.1867,NORMAL,0,0,Windows,unspecified
23:06:49.211,81.965,0.3206,0.3038,0.3122,0.4098,0.1867,NORMAL,0,0,Windows,unspecified
23:06:49.242,81.996,0.3181,0.3262,0.3222,0.4078,0.1867,NORMAL,0,0,Windows,unspecified
23:06:49.273,82.027,0.3181,0.3268,0.3224,0.4115,0.1867,NORMAL,0,0,Windows,unspecified
23:06:49.305,82.059,0.3517,0.2984,0.3251,0.4127,0.1867,NORMAL,0,0,Windows,unspecified
23:06:49.342,82.096,0.3705,0.3174,0.344,0.4194,0.1867,NORMAL,0,0,Windows,unspecified
23:06:49.369,82.123,0.3683,0.3295,0.3489,0.4328,0.1867,NORMAL,0,0,Windows,unspecified
23:06:49.406,82.16,0.3672,0.3319,0.3495,0.4294,0.1867,NORMAL,0,0,Windows,unspecified
23:06:49.431,82.185,0.3632,0.3418,0.3525,0.4277,0.1867,NORMAL,0,0,Windows,unspecified
23:06:49.472,82.226,0.3895,0.344,0.3667,0.4242,0.1867,NORMAL,0,0,Windows,unspecified
23:06:49.493,82.247,0.3788,0.3319,0.3553,0.4103,0.1867,NORMAL,0,0,Windows,unspecified
23:06:49.540,82.294,0.3722,0.3453,0.3588,0.4191,0.1867,NORMAL,0,0,Windows,unspecified
23:06:49.573,82.327,0.3545,0.3486,0.3515,0.4201,0.1867,NORMAL,0,0,Windows,unspecified
23:06:49.602,82.356,0.3525,0.3367,0.3446,0.4241,0.1867,NORMAL,0,0,Windows,unspecified
23:06:49.634,82.388,0.3545,0.3368,0.3456,0.4191,0.1867,NORMAL,0,0,Windows,unspecified
23:06:49.665,82.419,0.339,0.3249,0.3319,0.419,0.1867,NORMAL,0,0,Windows,unspecified
23:06:49.698,82.452,0.1274,0.1659,0.1466,0.4254,0.1933,NORMAL,1,0,Windows,unspecified
23:06:49.741,82.495,0.0124,0.0443,0.0284,0.4348,0.2,NORMAL,2,0,Windows,unspecified
23:06:49.775,82.529,0.0353,0.0293,0.0323,0.4343,0.2067,NORMAL,3,0,Windows,unspecified
23:06:49.804,82.558,0.0301,0.0543,0.0422,0.4459,0.2133,NORMAL,4,0,Windows,unspecified
23:06:49.837,82.591,0.0301,0.0556,0.0429,0.4471,0.22,NORMAL,5,0,Windows,unspecified
23:06:49.871,82.625,0.055,0.1349,0.095,0.4468,0.2267,NORMAL,6,0,Windows,unspecified
23:06:49.899,82.653,0.0871,0.1575,0.1223,0.4372,0.2333,NORMAL,7,0,Windows,unspecified
23:06:49.933,82.687,0.1991,0.2183,0.2087,0.4395,0.24,NORMAL,8,0,Windows,unspecified
23:06:49.961,82.715,0.2402,0.2563,0.2483,0.4459,0.2467,NORMAL,9,0,Windows,unspecified
23:06:49.994,82.748,0.2816,0.2993,0.2904,0.4473,0.2533,WARNING,10,0,Windows,unspecified
23:06:50.023,82.777,0.2863,0.2995,0.2929,0.4483,0.26,WARNING,11,0,Windows,unspecified
23:06:50.054,82.808,0.2942,0.3082,0.3012,0.4561,0.26,NORMAL,0,0,Windows,unspecified
23:06:50.085,82.839,0.3089,0.3167,0.3128,0.4354,0.26,NORMAL,0,0,Windows,unspecified
23:06:50.141,82.895,0.2876,0.2917,0.2897,0.4352,0.2667,NORMAL,1,0,Windows,unspecified
23:06:50.166,82.92,0.2949,0.3039,0.2994,0.4426,0.2733,NORMAL,2,0,Windows,unspecified
23:06:50.204,82.958,0.3095,0.3127,0.3111,0.4291,0.2733,NORMAL,0,0,Windows,unspecified
23:06:50.225,82.979,0.3234,0.3208,0.3221,0.423,0.2733,NORMAL,0,0,Windows,unspecified
23:06:50.270,83.024,0.3166,0.3123,0.3145,0.4291,0.2733,NORMAL,0,0,Windows,unspecified
23:06:50.304,83.058,0.3453,0.2996,0.3225,0.4277,0.2733,NORMAL,0,0,Windows,unspecified
23:06:50.334,83.088,0.3431,0.3123,0.3277,0.4133,0.2733,NORMAL,0,0,Windows,unspecified
23:06:50.366,83.119,0.334,0.3208,0.3274,0.4134,0.2733,NORMAL,0,0,Windows,unspecified
23:06:50.399,83.153,0.3225,0.3118,0.3172,0.4255,0.2733,NORMAL,0,0,Windows,unspecified
23:06:50.431,83.185,0.3462,0.3123,0.3293,0.4255,0.2733,NORMAL,0,0,Windows,unspecified
23:06:50.460,83.214,0.345,0.3091,0.3271,0.4411,0.2733,NORMAL,0,0,Windows,unspecified
23:06:50.492,83.246,0.3462,0.341,0.3436,0.4354,0.2733,NORMAL,0,0,Windows,unspecified
23:06:50.542,83.296,0.3479,0.3342,0.341,0.4171,0.2733,NORMAL,0,0,Windows,unspecified
23:06:50.573,83.327,0.3478,0.3252,0.3365,0.425,0.2733,NORMAL,0,0,Windows,unspecified
23:06:50.605,83.359,0.3359,0.3375,0.3367,0.432,0.2733,NORMAL,0,0,Windows,unspecified
23:06:50.634,83.388,0.3145,0.3402,0.3273,0.4224,0.2667,NORMAL,0,0,Windows,unspecified
23:06:50.669,83.423,0.3471,0.322,0.3345,0.4144,0.2667,NORMAL,0,0,Windows,unspecified
23:06:50.696,83.45,0.3374,0.3151,0.3263,0.4117,0.26,NORMAL,0,0,Windows,unspecified
23:06:50.730,83.483,0.3241,0.337,0.3306,0.4071,0.2533,NORMAL,0,0,Windows,unspecified
23:06:50.763,83.517,0.3237,0.3238,0.3238,0.4042,0.2467,NORMAL,0,0,Windows,unspecified
23:06:50.795,83.549,0.3237,0.3086,0.3162,0.4089,0.24,NORMAL,0,0,Windows,unspecified
23:06:50.824,83.578,0.3268,0.3142,0.3205,0.4079,0.2333,NORMAL,0,0,Windows,unspecified
23:06:50.855,83.609,0.3237,0.3142,0.319,0.4141,0.2267,NORMAL,0,0,Windows,unspecified
23:06:50.885,83.639,0.3268,0.3272,0.327,0.4037,0.22,NORMAL,0,0,Windows,unspecified
23:06:50.942,83.695,0.3405,0.3074,0.324,0.4163,0.2133,NORMAL,0,0,Windows,unspecified
23:06:50.978,83.732,0.3374,0.3116,0.3245,0.4128,0.2067,NORMAL,0,0,Windows,unspecified
23:06:51.010,83.764,0.3237,0.3198,0.3218,0.4089,0.2,NORMAL,0,0,Windows,unspecified
23:06:51.041,83.795,0.3402,0.3111,0.3257,0.4067,0.1933,NORMAL,0,0,Windows,unspecified
23:06:51.071,83.825,0.3365,0.3313,0.3339,0.4007,0.1867,NORMAL,0,0,Windows,unspecified
23:06:51.103,83.857,0.339,0.3245,0.3318,0.3947,0.1867,NORMAL,0,0,Windows,unspecified
23:06:51.135,83.889,0.327,0.3116,0.3193,0.4068,0.1867,NORMAL,0,0,Windows,unspecified
23:06:51.167,83.921,0.3469,0.3209,0.3339,0.4029,0.1867,NORMAL,0,0,Windows,unspecified
23:06:51.199,83.953,0.3409,0.3214,0.3312,0.4181,0.1867,NORMAL,0,0,Windows,unspecified
23:06:51.231,83.985,0.33,0.3116,0.3208,0.4103,0.1867,NORMAL,0,0,Windows,unspecified
23:06:51.261,84.015,0.3181,0.3116,0.3149,0.4055,0.1867,NORMAL,0,0,Windows,unspecified
23:06:51.292,84.046,0.3307,0.3116,0.3212,0.4139,0.1867,NORMAL,0,0,Windows,unspecified
23:06:51.339,84.093,0.3488,0.326,0.3374,0.4091,0.1867,NORMAL,0,0,Windows,unspecified
23:06:51.370,84.124,0.3352,0.3291,0.3321,0.4112,0.1867,NORMAL,0,0,Windows,unspecified
23:06:51.405,84.159,0.3231,0.3246,0.3238,0.4167,0.1867,NORMAL,0,0,Windows,unspecified
23:06:51.434,84.188,0.3254,0.313,0.3192,0.4069,0.1867,NORMAL,0,0,Windows,unspecified
23:06:51.470,84.224,0.3254,0.313,0.3192,0.4002,0.1867,NORMAL,0,0,Windows,unspecified
23:06:51.495,84.249,0.3402,0.3246,0.3324,0.4125,0.1867,NORMAL,0,0,Windows,unspecified
23:06:51.535,84.289,0.3504,0.3389,0.3447,0.4092,0.1867,NORMAL,0,0,Windows,unspecified
23:06:51.558,84.312,0.3533,0.3391,0.3462,0.4066,0.1867,NORMAL,0,0,Windows,unspecified
23:06:51.594,84.348,0.3269,0.3391,0.333,0.4004,0.1867,NORMAL,0,0,Windows,unspecified
23:06:51.621,84.375,0.3343,0.3523,0.3433,0.3987,0.1867,NORMAL,0,0,Windows,unspecified
23:06:51.650,84.404,0.3206,0.3523,0.3364,0.3926,0.1867,NORMAL,0,0,Windows,unspecified
23:06:51.683,84.437,0.3479,0.3523,0.3501,0.403,0.1867,NORMAL,0,0,Windows,unspecified
23:06:51.743,84.497,0.3225,0.3391,0.3308,0.4068,0.1867,NORMAL,0,0,Windows,unspecified
23:06:51.775,84.529,0.3269,0.3429,0.3349,0.4057,0.1867,NORMAL,0,0,Windows,unspecified
23:06:51.822,84.576,0.3005,0.3137,0.3071,0.4096,0.1867,NORMAL,0,0,Windows,unspecified
23:06:51.853,84.607,0.307,0.3012,0.3041,0.4065,0.1867,NORMAL,0,0,Windows,unspecified
23:06:51.884,84.638,0.2644,0.2648,0.2646,0.4158,0.1933,NORMAL,1,0,Windows,unspecified
23:06:51.914,84.668,0.2637,0.2462,0.2549,0.4185,0.2,NORMAL,2,0,Windows,unspecified
23:06:51.945,84.699,0.2431,0.2547,0.2489,0.4124,0.2067,NORMAL,3,0,Windows,unspecified
23:06:51.975,84.729,0.25,0.2551,0.2526,0.4165,0.2133,NORMAL,4,0,Windows,unspecified
23:06:52.006,84.76,0.244,0.253,0.2485,0.4123,0.22,NORMAL,5,0,Windows,unspecified
23:06:52.039,84.793,0.2431,0.2583,0.2507,0.4102,0.2267,NORMAL,6,0,Windows,unspecified
23:06:52.069,84.823,0.2432,0.2486,0.2459,0.4114,0.2333,NORMAL,7,0,Windows,unspecified
23:06:52.102,84.856,0.2297,0.262,0.2459,0.4034,0.24,NORMAL,8,0,Windows,unspecified
23:06:52.138,84.892,0.2361,0.2401,0.2381,0.4108,0.2467,NORMAL,9,0,Windows,unspecified
23:06:52.164,84.917,0.2637,0.2397,0.2517,0.4062,0.2533,WARNING,10,0,Windows,unspecified
23:06:52.205,84.959,0.2644,0.2727,0.2686,0.4244,0.26,WARNING,11,0,Windows,unspecified
23:06:52.226,84.98,0.2644,0.2802,0.2723,0.4292,0.2667,WARNING,12,0,Windows,unspecified
23:06:52.270,85.024,0.3003,0.2986,0.2994,0.4315,0.2733,WARNING,13,0,Windows,unspecified
23:06:52.306,85.06,0.3214,0.3195,0.3204,0.4325,0.2733,NORMAL,0,0,Windows,unspecified
23:06:52.336,85.09,0.3343,0.3375,0.3359,0.4452,0.2733,NORMAL,0,0,Windows,unspecified
23:06:52.367,85.121,0.3395,0.3287,0.3341,0.4452,0.2733,NORMAL,0,0,Windows,unspecified
23:06:52.394,85.148,0.3488,0.3386,0.3437,0.4405,0.2733,NORMAL,0,0,Windows,unspecified
23:06:52.429,85.183,0.3488,0.3375,0.3432,0.4385,0.2733,NORMAL,0,0,Windows,unspecified
23:06:52.459,85.213,0.3395,0.3359,0.3377,0.4354,0.2733,NORMAL,0,0,Windows,unspecified
23:06:52.490,85.244,0.341,0.3287,0.3348,0.4354,0.2733,NORMAL,0,0,Windows,unspecified
23:06:52.542,85.296,0.341,0.3432,0.3421,0.4352,0.2733,NORMAL,0,0,Windows,unspecified
23:06:52.568,85.322,0.341,0.3432,0.3421,0.4326,0.2733,NORMAL,0,0,Windows,unspecified
23:06:52.606,85.36,0.3488,0.3298,0.3393,0.4199,0.2667,NORMAL,0,0,Windows,unspecified
23:06:52.632,85.385,0.3543,0.3534,0.3539,0.4159,0.26,NORMAL,0,0,Windows,unspecified
23:06:52.670,85.424,0.3523,0.3402,0.3462,0.406,0.2533,NORMAL,0,0,Windows,unspecified
23:06:52.693,85.447,0.3386,0.3523,0.3455,0.3989,0.2467,NORMAL,0,0,Windows,unspecified
23:06:52.735,85.489,0.3386,0.3432,0.3409,0.4151,0.24,NORMAL,0,0,Windows,unspecified
23:06:52.771,85.525,0.3437,0.3417,0.3427,0.4138,0.2333,NORMAL,0,0,Windows,unspecified
23:06:52.804,85.557,0.3386,0.3519,0.3452,0.4172,0.2267,NORMAL,0,0,Windows,unspecified
23:06:52.835,85.589,0.3402,0.3627,0.3514,0.4028,0.2267,NORMAL,0,0,Windows,unspecified
23:06:52.867,85.621,0.3479,0.3402,0.3441,0.4164,0.2267,NORMAL,0,0,Windows,unspecified
23:06:52.897,85.651,0.3386,0.3494,0.344,0.412,0.2267,NORMAL,0,0,Windows,unspecified
23:06:52.942,85.696,0.3386,0.3417,0.3401,0.4112,0.2267,NORMAL,0,0,Windows,unspecified
23:06:52.975,85.729,0.3402,0.3417,0.3409,0.4092,0.2267,NORMAL,0,0,Windows,unspecified
23:06:53.007,85.76,0.3479,0.3507,0.3493,0.4092,0.2267,NORMAL,0,0,Windows,unspecified
23:06:53.038,85.792,0.3667,0.3432,0.3549,0.4138,0.2267,NORMAL,0,0,Windows,unspecified
23:06:53.070,85.824,0.3495,0.3641,0.3568,0.4164,0.2267,NORMAL,0,0,Windows,unspecified
23:06:53.101,85.855,0.3479,0.3655,0.3567,0.4091,0.2267,NORMAL,0,0,Windows,unspecified
23:06:53.134,85.888,0.3402,0.3534,0.3468,0.407,0.2267,NORMAL,0,0,Windows,unspecified
23:06:53.165,85.919,0.3558,0.3417,0.3487,0.4016,0.2267,NORMAL,0,0,Windows,unspecified
23:06:53.195,85.949,0.3386,0.3641,0.3514,0.407,0.2267,NORMAL,0,0,Windows,unspecified
23:06:53.226,85.98,0.3547,0.3534,0.354,0.408,0.2267,NORMAL,0,0,Windows,unspecified
23:06:53.257,86.011,0.3572,0.3547,0.3559,0.4062,0.2267,NORMAL,0,0,Windows,unspecified
23:06:53.288,86.042,0.3547,0.3483,0.3515,0.4059,0.2267,NORMAL,0,0,Windows,unspecified
23:06:53.341,86.095,0.3641,0.3547,0.3594,0.4043,0.2267,NORMAL,0,0,Windows,unspecified
23:06:53.365,86.119,0.3655,0.3432,0.3544,0.4043,0.2267,NORMAL,0,0,Windows,unspecified
23:06:53.405,86.159,0.3667,0.3655,0.3661,0.4079,0.2267,NORMAL,0,0,Windows,unspecified
23:06:53.428,86.182,0.3534,0.3655,0.3595,0.4015,0.2267,NORMAL,0,0,Windows,unspecified
23:06:53.471,86.225,0.3375,0.3585,0.348,0.4048,0.2267,NORMAL,0,0,Windows,unspecified
23:06:53.507,86.261,0.3492,0.3572,0.3532,0.4103,0.22,NORMAL,0,0,Windows,unspecified
23:06:53.538,86.292,0.3359,0.3229,0.3294,0.4099,0.2133,NORMAL,0,0,Windows,unspecified
23:06:53.569,86.323,0.3534,0.3492,0.3513,0.4083,0.2067,NORMAL,0,0,Windows,unspecified
23:06:53.601,86.355,0.3432,0.3493,0.3463,0.4133,0.2,NORMAL,0,0,Windows,unspecified
23:06:53.631,86.385,0.3532,0.3505,0.3519,0.4143,0.1933,NORMAL,0,0,Windows,unspecified
23:06:53.665,86.419,0.3626,0.3504,0.3565,0.413,0.1933,NORMAL,0,0,Windows,unspecified
23:06:53.695,86.449,0.3509,0.3345,0.3427,0.4269,0.1867,NORMAL,0,0,Windows,unspecified
23:06:53.743,86.497,0.3492,0.3369,0.3431,0.4204,0.1867,NORMAL,0,0,Windows,unspecified
23:06:53.774,86.528,0.3492,0.3597,0.3544,0.4349,0.1867,NORMAL,0,0,Windows,unspecified
23:06:53.804,86.558,0.3504,0.3597,0.355,0.4354,0.1867,NORMAL,0,0,Windows,unspecified
23:06:53.837,86.591,0.3725,0.369,0.3707,0.4393,0.1867,NORMAL,0,0,Windows,unspecified
23:06:53.870,86.624,0.3587,0.369,0.3639,0.4424,0.1867,NORMAL,0,0,Windows,unspecified
23:06:53.897,86.651,0.3492,0.3619,0.3556,0.4496,0.1867,NORMAL,0,0,Windows,unspecified
23:06:53.932,86.686,0.3492,0.3432,0.3462,0.4465,0.1867,NORMAL,0,0,Windows,unspecified
23:06:53.961,86.715,0.3487,0.3505,0.3496,0.4414,0.1867,NORMAL,0,0,Windows,unspecified
23:06:53.994,86.748,0.3479,0.3379,0.3429,0.4595,0.1867,NORMAL,0,0,Windows,unspecified
23:06:54.025,86.779,0.3759,0.3505,0.3632,0.4619,0.1867,NORMAL,0,0,Windows,unspecified
23:06:54.056,86.81,0.3893,0.363,0.3761,0.465,0.1867,NORMAL,0,0,Windows,unspecified
23:06:54.087,86.841,0.3662,0.3481,0.3572,0.4406,0.18,NORMAL,0,0,Windows,unspecified
23:06:54.142,86.896,0.3611,0.3505,0.3558,0.4411,0.1733,NORMAL,0,0,Windows,unspecified
23:06:54.181,86.935,0.3622,0.3481,0.3552,0.4379,0.1733,NORMAL,0,0,Windows,unspecified
23:06:54.213,86.967,0.3519,0.3481,0.35,0.4431,0.1733,NORMAL,0,0,Windows,unspecified
23:06:54.245,86.999,0.3627,0.3701,0.3664,0.4431,0.1733,NORMAL,0,0,Windows,unspecified
23:06:54.276,87.03,0.3611,0.3724,0.3668,0.4451,0.1733,NORMAL,0,0,Windows,unspecified
23:06:54.306,87.06,0.3641,0.3493,0.3567,0.4398,0.1733,NORMAL,0,0,Windows,unspecified
23:06:54.339,87.093,0.3626,0.3432,0.3529,0.4456,0.1733,NORMAL,0,0,Windows,unspecified
23:06:54.368,87.122,0.3775,0.3596,0.3686,0.438,0.1733,NORMAL,0,0,Windows,unspecified
23:06:54.401,87.155,0.3759,0.369,0.3725,0.4461,0.1733,NORMAL,0,0,Windows,unspecified
23:06:54.430,87.184,0.3627,0.369,0.3658,0.438,0.1733,NORMAL,0,0,Windows,unspecified
23:06:54.462,87.216,0.3627,0.369,0.3658,0.4417,0.1733,NORMAL,0,0,Windows,unspecified
23:06:54.492,87.246,0.3648,0.3619,0.3634,0.4351,0.1733,NORMAL,0,0,Windows,unspecified
23:06:54.541,87.295,0.3675,0.3619,0.3647,0.4385,0.1733,NORMAL,0,0,Windows,unspecified
23:06:54.571,87.325,0.3648,0.3676,0.3662,0.4335,0.1733,NORMAL,0,0,Windows,unspecified
23:06:54.606,87.359,0.3641,0.3606,0.3624,0.4173,0.1733,NORMAL,0,0,Windows,unspecified
23:06:54.635,87.388,0.3548,0.3606,0.3577,0.4186,0.1733,NORMAL,0,0,Windows,unspecified
23:06:54.671,87.424,0.3699,0.3745,0.3722,0.42,0.1733,NORMAL,0,0,Windows,unspecified
23:06:54.694,87.448,0.3547,0.3724,0.3636,0.4195,0.1667,NORMAL,0,0,Windows,unspecified
23:06:54.735,87.489,0.3627,0.3676,0.3651,0.4123,0.16,NORMAL,0,0,Windows,unspecified
23:06:54.757,87.511,0.3788,0.3662,0.3725,0.4096,0.1533,NORMAL,0,0,Windows,unspecified
23:06:54.795,87.549,0.3547,0.369,0.3618,0.4149,0.1467,NORMAL,0,0,Windows,unspecified
23:06:54.819,87.573,0.3547,0.3561,0.3554,0.4149,0.14,NORMAL,0,0,Windows,unspecified
23:06:54.851,87.605,0.3547,0.3561,0.3554,0.4172,0.1333,NORMAL,0,0,Windows,unspecified
23:06:54.881,87.635,0.3547,0.3676,0.3611,0.4193,0.1267,NORMAL,0,0,Windows,unspecified
23:06:54.937,87.691,0.3547,0.3676,0.3611,0.4128,0.12,NORMAL,0,0,Windows,unspecified
23:06:54.961,87.715,0.3534,0.3561,0.3547,0.4153,0.1133,NORMAL,0,0,Windows,unspecified
23:06:55.004,87.758,0.3534,0.3456,0.3495,0.407,0.1067,NORMAL,0,0,Windows,unspecified
23:06:55.041,87.795,0.3561,0.3585,0.3573,0.403,0.1,NORMAL,0,0,Windows,unspecified
23:06:55.071,87.825,0.3773,0.369,0.3731,0.4032,0.1,NORMAL,0,0,Windows,unspecified
23:06:55.102,87.856,0.3548,0.3676,0.3612,0.4121,0.1,NORMAL,0,0,Windows,unspecified
23:06:55.134,87.888,0.3676,0.3561,0.3618,0.4029,0.0933,NORMAL,0,0,Windows,unspecified
23:06:55.165,87.919,0.3561,0.3561,0.3561,0.4018,0.0867,NORMAL,0,0,Windows,unspecified
23:06:55.198,87.952,0.3547,0.3585,0.3566,0.3967,0.0867,NORMAL,0,0,Windows,unspecified
23:06:55.229,87.983,0.3547,0.3369,0.3458,0.4002,0.0867,NORMAL,0,0,Windows,unspecified
23:06:55.260,88.013,0.3457,0.3493,0.3475,0.4088,0.0867,NORMAL,0,0,Windows,unspecified
23:06:55.292,88.046,0.3547,0.3572,0.3559,0.4195,0.0867,NORMAL,0,0,Windows,unspecified
23:06:55.339,88.093,0.3611,0.3572,0.3592,0.4156,0.0867,NORMAL,0,0,Windows,unspecified
23:06:55.370,88.124,0.3627,0.3619,0.3623,0.4167,0.0867,NORMAL,0,0,Windows,unspecified
23:06:55.407,88.161,0.3627,0.3475,0.3551,0.4125,0.0867,NORMAL,0,0,Windows,unspecified
23:06:55.434,88.188,0.3641,0.3603,0.3622,0.4025,0.0867,NORMAL,0,0,Windows,unspecified
23:06:55.470,88.224,0.3662,0.3442,0.3552,0.399,0.0867,NORMAL,0,0,Windows,unspecified
23:06:55.495,88.249,0.3663,0.3572,0.3618,0.3935,0.0867,NORMAL,0,0,Windows,unspecified
23:06:55.530,88.284,0.3663,0.3572,0.3618,0.4025,0.0867,NORMAL,0,0,Windows,unspecified
23:06:55.559,88.313,0.3534,0.3572,0.3553,0.4075,0.0867,NORMAL,0,0,Windows,unspecified
23:06:55.595,88.349,0.3641,0.3432,0.3536,0.4198,0.0867,NORMAL,0,0,Windows,unspecified
23:06:55.620,88.374,0.3245,0.3534,0.339,0.429,0.0867,NORMAL,0,0,Windows,unspecified
23:06:55.651,88.405,0.3389,0.3544,0.3467,0.4348,0.0867,NORMAL,0,0,Windows,unspecified
23:06:55.685,88.439,0.326,0.3303,0.3281,0.4458,0.0867,NORMAL,0,0,Windows,unspecified
23:06:55.743,88.497,0.3362,0.3386,0.3374,0.4183,0.0867,NORMAL,0,0,Windows,unspecified
23:06:55.776,88.53,0.3213,0.341,0.3311,0.4059,0.0867,NORMAL,0,0,Windows,unspecified
23:06:55.807,88.561,0.2765,0.2823,0.2794,0.4003,0.0933,NORMAL,1,0,Windows,unspecified
23:06:55.839,88.593,0.2537,0.2693,0.2615,0.4021,0.1,NORMAL,2,0,Windows,unspecified
23:06:55.866,88.62,0.2226,0.2042,0.2134,0.3905,0.1067,NORMAL,3,0,Windows,unspecified
23:06:55.900,88.654,0.2086,0.1836,0.1961,0.3909,0.1133,NORMAL,4,0,Windows,unspecified
23:06:55.934,88.688,0.2063,0.1707,0.1885,0.3893,0.12,NORMAL,5,0,Windows,unspecified
23:06:55.965,88.719,0.1961,0.1721,0.1841,0.3854,0.1267,NORMAL,6,0,Windows,unspecified
23:06:55.994,88.748,0.2086,0.1707,0.1896,0.3923,0.1333,NORMAL,7,0,Windows,unspecified
23:06:56.026,88.78,0.2226,0.1933,0.2079,0.3867,0.14,NORMAL,8,0,Windows,unspecified
23:06:56.057,88.811,0.2226,0.199,0.2108,0.3924,0.1467,NORMAL,9,0,Windows,unspecified
23:06:56.089,88.842,0.2216,0.2201,0.2208,0.3897,0.1533,WARNING,10,0,Windows,unspecified
23:06:56.141,88.895,0.2545,0.2417,0.2481,0.3915,0.16,WARNING,11,0,Windows,unspecified
23:06:56.166,88.92,0.25,0.2552,0.2526,0.3879,0.1667,WARNING,12,0,Windows,unspecified
23:06:56.205,88.959,0.2806,0.2823,0.2814,0.3945,0.1733,WARNING,13,0,Windows,unspecified
23:06:56.229,88.983,0.2951,0.2823,0.2887,0.3988,0.18,WARNING,14,0,Windows,unspecified
23:06:56.271,89.025,0.2951,0.2959,0.2955,0.39,0.1867,WARNING,15,0,Windows,unspecified
23:06:56.308,89.061,0.3005,0.3087,0.3046,0.3941,0.1867,NORMAL,0,0,Windows,unspecified
23:06:56.339,89.093,0.2994,0.2823,0.2909,0.3922,0.1933,NORMAL,1,0,Windows,unspecified
23:06:56.369,89.123,0.2852,0.2823,0.2838,0.3945,0.2,NORMAL,2,0,Windows,unspecified
23:06:56.399,89.153,0.3118,0.2959,0.3039,0.3964,0.2,NORMAL,0,0,Windows,unspecified
23:06:56.430,89.184,0.3108,0.3223,0.3166,0.3935,0.2,NORMAL,0,0,Windows,unspecified
23:06:56.461,89.215,0.3126,0.3076,0.3101,0.3952,0.2,NORMAL,0,0,Windows,unspecified
23:06:56.495,89.249,0.3126,0.3359,0.3243,0.3884,0.2,NORMAL,0,0,Windows,unspecified
23:06:56.542,89.296,0.3259,0.3359,0.3309,0.3933,0.2,NORMAL,0,0,Windows,unspecified
23:06:56.573,89.327,0.3391,0.3252,0.3321,0.3863,0.2,NORMAL,0,0,Windows,unspecified
23:06:56.605,89.359,0.3377,0.3402,0.3389,0.3957,0.2,NORMAL,0,0,Windows,unspecified
23:06:56.635,89.389,0.3391,0.3402,0.3396,0.3927,0.2,NORMAL,0,0,Windows,unspecified
23:06:56.670,89.424,0.3391,0.3269,0.333,0.389,0.2,NORMAL,0,0,Windows,unspecified
23:06:56.697,89.45,0.3377,0.3303,0.334,0.3907,0.2,NORMAL,0,0,Windows,unspecified
23:06:56.735,89.489,0.3345,0.3269,0.3307,0.3849,0.2,NORMAL,0,0,Windows,unspecified
23:06:56.760,89.514,0.3375,0.3269,0.3322,0.398,0.2,NORMAL,0,0,Windows,unspecified
23:06:56.812,89.566,0.326,0.3523,0.3391,0.3927,0.2,NORMAL,0,0,Windows,unspecified
23:06:56.839,89.593,0.3391,0.3258,0.3324,0.3928,0.2,NORMAL,0,0,Windows,unspecified
23:06:56.871,89.625,0.3272,0.3046,0.3159,0.3881,0.1933,NORMAL,0,0,Windows,unspecified
23:06:56.900,89.654,0.3391,0.3269,0.333,0.3903,0.1867,NORMAL,0,0,Windows,unspecified
23:06:56.942,89.695,0.3534,0.3534,0.3534,0.4009,0.18,NORMAL,0,0,Windows,unspecified
23:06:56.978,89.732,0.3467,0.3402,0.3434,0.4021,0.1733,NORMAL,0,0,Windows,unspecified
23:06:57.010,89.764,0.3604,0.3534,0.3569,0.4066,0.1667,NORMAL,0,0,Windows,unspecified
23:06:57.040,89.794,0.3509,0.3402,0.3455,0.4095,0.16,NORMAL,0,0,Windows,unspecified
23:06:57.073,89.827,0.3282,0.3141,0.3212,0.4004,0.1533,NORMAL,0,0,Windows,unspecified
23:06:57.103,89.857,0.3206,0.3115,0.3161,0.4014,0.1467,NORMAL,0,0,Windows,unspecified
23:06:57.136,89.889,0.3594,0.3033,0.3313,0.4555,0.14,NORMAL,0,0,Windows,unspecified
23:06:57.165,89.919,0.3435,0.3033,0.3234,0.4653,0.1333,NORMAL,0,0,Windows,unspecified
23:06:57.209,89.963,0.3729,0.314,0.3435,0.4815,0.1267,NORMAL,0,0,Windows,unspecified
23:06:57.244,89.998,0.3663,0.3193,0.3428,0.4873,0.12,NORMAL,0,0,Windows,unspecified
23:06:57.274,90.028,0.3382,0.3304,0.3343,0.4921,0.1133,NORMAL,0,0,Windows,unspecified
23:06:57.307,90.06,0.3528,0.3319,0.3423,0.4851,0.1133,NORMAL,0,0,Windows,unspecified
23:06:57.341,90.095,0.3382,0.3047,0.3215,0.5216,0.1133,NORMAL,0,0,Windows,unspecified
23:06:57.370,90.124,0.3286,0.2913,0.31,0.5248,0.1133,NORMAL,0,0,Windows,unspecified
23:06:57.407,90.161,0.3202,0.2792,0.2997,0.4936,0.12,NORMAL,1,0,Windows,unspecified
23:06:57.433,90.187,0.3009,0.2915,0.2962,0.483,0.1267,NORMAL,2,0,Windows,unspecified
23:06:57.470,90.224,0.3076,0.2809,0.2943,0.4455,0.1333,NORMAL,3,0,Windows,unspecified
23:06:57.495,90.249,0.3078,0.2992,0.3035,0.4557,0.1333,NORMAL,0,0,Windows,unspecified
23:06:57.531,90.285,0.292,0.3037,0.2978,0.4419,0.14,NORMAL,1,0,Windows,unspecified
23:06:57.556,90.31,0.3058,0.2941,0.2999,0.4366,0.1467,NORMAL,2,0,Windows,unspecified
23:06:57.612,90.366,0.3174,0.3021,0.3097,0.4203,0.1467,NORMAL,0,0,Windows,unspecified
23:06:57.637,90.391,0.3058,0.2939,0.2998,0.4331,0.1533,NORMAL,1,0,Windows,unspecified
23:06:57.670,90.424,0.3049,0.3071,0.306,0.4298,0.1533,NORMAL,0,0,Windows,unspecified
23:06:57.700,90.454,0.3128,0.3137,0.3132,0.4272,0.1533,NORMAL,0,0,Windows,unspecified
23:06:57.743,90.497,0.3021,0.3086,0.3053,0.4335,0.1533,NORMAL,0,0,Windows,unspecified
23:06:57.777,90.531,0.3021,0.287,0.2945,0.4457,0.16,NORMAL,1,0,Windows,unspecified
23:06:57.809,90.563,0.3104,0.2946,0.3025,0.452,0.16,NORMAL,0,0,Windows,unspecified
23:06:57.839,90.593,0.2898,0.3312,0.3105,0.4598,0.16,NORMAL,0,0,Windows,unspecified
23:06:57.872,90.626,0.3151,0.3237,0.3194,0.4542,0.16,NORMAL,0,0,Windows,unspecified
23:06:57.900,90.654,0.3225,0.3224,0.3225,0.4559,0.16,NORMAL,0,0,Windows,unspecified
23:06:57.933,90.687,0.3142,0.3241,0.3191,0.4646,0.16,NORMAL,0,0,Windows,unspecified
23:06:57.964,90.717,0.3298,0.3361,0.3329,0.4716,0.16,NORMAL,0,0,Windows,unspecified
23:06:58.009,90.763,0.3087,0.327,0.3179,0.4787,0.16,NORMAL,0,0,Windows,unspecified
23:06:58.041,90.795,0.3142,0.3378,0.326,0.4743,0.16,NORMAL,0,0,Windows,unspecified
23:06:58.071,90.825,0.3158,0.3378,0.3268,0.4743,0.16,NORMAL,0,0,Windows,unspecified
23:06:58.104,90.858,0.3236,0.322,0.3228,0.4811,0.16,NORMAL,0,0,Windows,unspecified
23:06:58.141,90.895,0.3252,0.3134,0.3193,0.4458,0.16,NORMAL,0,0,Windows,unspecified
23:06:58.166,90.92,0.3354,0.3134,0.3244,0.4323,0.16,NORMAL,0,0,Windows,unspecified
23:06:58.201,90.955,0.3236,0.3294,0.3265,0.4373,0.16,NORMAL,0,0,Windows,unspecified
23:06:58.228,90.982,0.323,0.3327,0.3278,0.4334,0.16,NORMAL,0,0,Windows,unspecified
23:06:58.270,91.024,0.3325,0.3068,0.3196,0.4215,0.16,NORMAL,0,0,Windows,unspecified
23:06:58.306,91.06,0.3325,0.3182,0.3253,0.4098,0.16,NORMAL,0,0,Windows,unspecified
23:06:58.338,91.091,0.3225,0.3118,0.3172,0.4101,0.16,NORMAL,0,0,Windows,unspecified
23:06:58.369,91.123,0.3354,0.3038,0.3196,0.4045,0.16,NORMAL,0,0,Windows,unspecified
23:06:58.409,91.163,0.3445,0.3144,0.3294,0.4078,0.16,NORMAL,0,0,Windows,unspecified
23:06:58.432,91.186,0.3354,0.3144,0.3249,0.4074,0.16,NORMAL,0,0,Windows,unspecified
23:06:58.465,91.219,0.3439,0.3168,0.3304,0.4074,0.16,NORMAL,0,0,Windows,unspecified
23:06:58.496,91.25,0.3176,0.3047,0.3111,0.4318,0.16,NORMAL,0,0,Windows,unspecified
23:06:58.541,91.295,0.3401,0.3171,0.3286,0.4368,0.16,NORMAL,0,0,Windows,unspecified
23:06:58.571,91.325,0.3425,0.3144,0.3285,0.4393,0.16,NORMAL,0,0,Windows,unspecified
23:06:58.605,91.359,0.3245,0.3085,0.3165,0.4276,0.16,NORMAL,0,0,Windows,unspecified
23:06:58.635,91.389,0.3431,0.3167,0.3299,0.4257,0.16,NORMAL,0,0,Windows,unspecified
23:06:58.670,91.424,0.3294,0.3168,0.3231,0.4201,0.16,NORMAL,0,0,Windows,unspecified
23:06:58.711,91.465,0.3207,0.3171,0.3189,0.4156,0.16,NORMAL,0,0,Windows,unspecified
23:06:58.745,91.499,0.3163,0.3171,0.3167,0.4129,0.16,NORMAL,0,0,Windows,unspecified
23:06:58.775,91.529,0.3299,0.3118,0.3209,0.4094,0.16,NORMAL,0,0,Windows,unspecified
23:06:58.809,91.563,0.3294,0.31,0.3197,0.427,0.16,NORMAL,0,0,Windows,unspecified
23:06:58.837,91.591,0.3176,0.3047,0.3111,0.4289,0.16,NORMAL,0,0,Windows,unspecified
23:06:58.870,91.624,0.3345,0.302,0.3183,0.4271,0.16,NORMAL,0,0,Windows,unspecified
23:06:58.916,91.67,0.3431,0.3227,0.3329,0.4318,0.16,NORMAL,0,0,Windows,unspecified
23:06:58.948,91.702,0.3313,0.3227,0.327,0.4264,0.16,NORMAL,0,0,Windows,unspecified
23:06:58.979,91.733,0.3364,0.3127,0.3246,0.4313,0.16,NORMAL,0,0,Windows,unspecified
23:06:59.011,91.765,0.3445,0.3127,0.3286,0.4341,0.16,NORMAL,0,0,Windows,unspecified
23:06:59.041,91.795,0.3157,0.3338,0.3247,0.4258,0.16,NORMAL,0,0,Windows,unspecified
23:06:59.072,91.826,0.3176,0.315,0.3163,0.4375,0.16,NORMAL,0,0,Windows,unspecified
23:06:59.104,91.858,0.3345,0.3224,0.3285,0.4335,0.16,NORMAL,0,0,Windows,unspecified
23:06:59.135,91.889,0.3176,0.3338,0.3257,0.4268,0.16,NORMAL,0,0,Windows,unspecified
23:06:59.169,91.923,0.3086,0.3311,0.3198,0.428,0.16,NORMAL,0,0,Windows,unspecified
23:06:59.209,91.963,0.3436,0.3317,0.3376,0.4161,0.16,NORMAL,0,0,Windows,unspecified
23:06:59.246,92.0,0.334,0.3283,0.3312,0.4226,0.16,NORMAL,0,0,Windows,unspecified
23:06:59.279,92.033,0.3453,0.3226,0.334,0.4193,0.16,NORMAL,0,0,Windows,unspecified
23:06:59.310,92.064,0.334,0.3339,0.334,0.4257,0.16,NORMAL,0,0,Windows,unspecified
23:06:59.342,92.096,0.3354,0.3292,0.3323,0.4062,0.16,NORMAL,0,0,Windows,unspecified
23:06:59.372,92.126,0.322,0.3422,0.3321,0.4102,0.16,NORMAL,0,0,Windows,unspecified
23:06:59.405,92.159,0.345,0.3321,0.3386,0.4063,0.16,NORMAL,0,0,Windows,unspecified
23:06:59.437,92.19,0.334,0.3416,0.3378,0.4097,0.16,NORMAL,0,0,Windows,unspecified
23:06:59.467,92.221,0.3375,0.3305,0.334,0.4061,0.16,NORMAL,0,0,Windows,unspecified
23:06:59.500,92.254,0.3359,0.3261,0.331,0.4112,0.16,NORMAL,0,0,Windows,unspecified
23:06:59.533,92.287,0.3303,0.341,0.3357,0.4007,0.16,NORMAL,0,0,Windows,unspecified
23:06:59.561,92.315,0.3298,0.3429,0.3364,0.3871,0.16,NORMAL,0,0,Windows,unspecified
23:06:59.610,92.364,0.3229,0.334,0.3284,0.4113,0.16,NORMAL,0,0,Windows,unspecified
23:06:59.638,92.392,0.3558,0.3338,0.3448,0.3943,0.16,NORMAL,0,0,Windows,unspecified
23:06:59.672,92.426,0.3418,0.3184,0.3301,0.3972,0.16,NORMAL,0,0,Windows,unspecified
23:06:59.701,92.455,0.3506,0.3184,0.3345,0.3923,0.16,NORMAL,0,0,Windows,unspecified
23:06:59.741,92.495,0.3507,0.3252,0.338,0.4097,0.16,NORMAL,0,0,Windows,unspecified
23:06:59.763,92.517,0.3507,0.3359,0.3433,0.424,0.16,NORMAL,0,0,Windows,unspecified
23:06:59.805,92.559,0.3402,0.3252,0.3327,0.4223,0.16,NORMAL,0,0,Windows,unspecified
23:06:59.841,92.595,0.3418,0.3269,0.3343,0.4213,0.16,NORMAL,0,0,Windows,unspecified
23:06:59.871,92.625,0.3272,0.3184,0.3228,0.4113,0.16,NORMAL,0,0,Windows,unspecified
23:06:59.904,92.658,0.3386,0.3269,0.3328,0.4154,0.16,NORMAL,0,0,Windows,unspecified
23:06:59.934,92.688,0.3386,0.3252,0.3319,0.415,0.16,NORMAL,0,0,Windows,unspecified
23:06:59.966,92.72,0.3282,0.3269,0.3275,0.4284,0.16,NORMAL,0,0,Windows,unspecified
23:06:59.997,92.75,0.3282,0.3137,0.3209,0.4301,0.16,NORMAL,0,0,Windows,unspecified
23:07:00.029,92.783,0.3225,0.3277,0.3251,0.4177,0.16,NORMAL,0,0,Windows,unspecified
23:07:00.061,92.815,0.3272,0.3395,0.3333,0.4147,0.16,NORMAL,0,0,Windows,unspecified
23:07:00.093,92.847,0.3272,0.3288,0.328,0.4181,0.16,NORMAL,0,0,Windows,unspecified
23:07:00.138,92.892,0.317,0.3017,0.3094,0.4188,0.16,NORMAL,0,0,Windows,unspecified
23:07:00.170,92.924,0.2952,0.2912,0.2932,0.4244,0.1667,NORMAL,1,0,Windows,unspecified
23:07:00.201,92.955,0.2953,0.288,0.2916,0.4104,0.1733,NORMAL,2,0,Windows,unspecified
23:07:00.234,92.987,0.2956,0.2915,0.2935,0.4043,0.18,NORMAL,3,0,Windows,unspecified
23:07:00.271,93.025,0.309,0.2885,0.2987,0.4095,0.1867,NORMAL,4,0,Windows,unspecified
23:07:00.294,93.048,0.2956,0.2885,0.292,0.4095,0.1933,NORMAL,5,0,Windows,unspecified
23:07:00.334,93.088,0.2956,0.2866,0.2911,0.4115,0.2,NORMAL,6,0,Windows,unspecified
23:07:00.358,93.112,0.2968,0.3123,0.3046,0.4157,0.2,NORMAL,0,0,Windows,unspecified
23:07:00.387,93.141,0.3313,0.3121,0.3217,0.4077,0.2,NORMAL,0,0,Windows,unspecified
23:07:00.418,93.172,0.2885,0.2727,0.2806,0.4098,0.2067,NORMAL,1,0,Windows,unspecified
23:07:00.449,93.203,0.301,0.2727,0.2868,0.4064,0.2133,NORMAL,2,0,Windows,unspecified
23:07:00.480,93.234,0.2775,0.2683,0.2729,0.4156,0.22,NORMAL,3,0,Windows,unspecified
23:07:00.542,93.296,0.2637,0.2426,0.2532,0.4121,0.2267,NORMAL,4,0,Windows,unspecified
23:07:00.575,93.329,0.2369,0.2333,0.2351,0.4053,0.2333,NORMAL,5,0,Windows,unspecified
23:07:00.601,93.355,0.2644,0.2683,0.2664,0.4164,0.24,NORMAL,6,0,Windows,unspecified
23:07:00.637,93.391,0.2644,0.2715,0.2679,0.4103,0.2467,NORMAL,7,0,Windows,unspecified
23:07:00.667,93.421,0.3076,0.2614,0.2845,0.4185,0.2533,NORMAL,8,0,Windows,unspecified
23:07:00.699,93.453,0.294,0.2489,0.2714,0.4291,0.26,NORMAL,9,0,Windows,unspecified
23:07:00.730,93.484,0.3204,0.2699,0.2952,0.4229,0.2667,WARNING,10,0,Windows,unspecified
23:07:00.760,93.514,0.3187,0.2984,0.3086,0.4386,0.2667,NORMAL,0,0,Windows,unspecified
23:07:00.792,93.546,0.3195,0.2977,0.3086,0.4292,0.26,NORMAL,0,0,Windows,unspecified
23:07:00.824,93.578,0.3195,0.3155,0.3175,0.4366,0.2533,NORMAL,0,0,Windows,unspecified
23:07:00.854,93.608,0.3286,0.3155,0.3221,0.4536,0.2467,NORMAL,0,0,Windows,unspecified
23:07:00.885,93.639,0.356,0.3129,0.3344,0.4799,0.24,NORMAL,0,0,Windows,unspecified
23:07:00.943,93.697,0.3479,0.3146,0.3313,0.5342,0.2333,NORMAL,0,0,Windows,unspecified
23:07:00.979,93.733,0.3176,0.3279,0.3228,0.4629,0.2267,NORMAL,0,0,Windows,unspecified
23:07:01.009,93.763,0.3641,0.3374,0.3508,0.4521,0.22,NORMAL,0,0,Windows,unspecified
23:07:01.040,93.794,0.3604,0.3403,0.3503,0.4584,0.2133,NORMAL,0,0,Windows,unspecified
23:07:01.071,93.825,0.3478,0.331,0.3394,0.4402,0.2067,NORMAL,0,0,Windows,unspecified
23:07:01.102,93.856,0.3743,0.3552,0.3647,0.4273,0.2,NORMAL,0,0,Windows,unspecified
23:07:01.130,93.884,0.3708,0.353,0.3619,0.4442,0.1933,NORMAL,0,0,Windows,unspecified
23:07:01.165,93.919,0.3722,0.3466,0.3594,0.4469,0.1867,NORMAL,0,0,Windows,unspecified
23:07:01.195,93.949,0.3628,0.3466,0.3547,0.4519,0.18,NORMAL,0,0,Windows,unspecified
23:07:01.243,93.997,0.3642,0.3552,0.3597,0.4353,0.1733,NORMAL,0,0,Windows,unspecified
23:07:01.275,94.029,0.3646,0.3661,0.3654,0.4351,0.1667,NORMAL,0,0,Windows,unspecified
23:07:01.305,94.059,0.3627,0.3552,0.3589,0.4329,0.1667,NORMAL,0,0,Windows,unspecified
23:07:01.337,94.091,0.4005,0.3782,0.3894,0.4362,0.16,NORMAL,0,0,Windows,unspecified
23:07:01.368,94.122,0.3904,0.3774,0.3839,0.4334,0.1533,NORMAL,0,0,Windows,unspecified
23:07:01.403,94.157,0.3891,0.3754,0.3822,0.4499,0.1533,NORMAL,0,0,Windows,unspecified
23:07:01.430,94.184,0.3908,0.3672,0.379,0.4599,0.1533,NORMAL,0,0,Windows,unspecified
23:07:01.470,94.224,0.4016,0.3987,0.4001,0.4631,0.1533,NORMAL,0,0,Windows,unspecified
23:07:01.493,94.247,0.402,0.3864,0.3942,0.4715,0.1533,NORMAL,0,0,Windows,unspecified
23:07:01.531,94.284,0.4274,0.4128,0.4201,0.4923,0.1533,NORMAL,0,0,Windows,unspecified
23:07:01.555,94.309,0.4189,0.3987,0.4088,0.4719,0.1533,NORMAL,0,0,Windows,unspecified
23:07:01.588,94.342,0.3932,0.3784,0.3858,0.4733,0.1533,NORMAL,0,0,Windows,unspecified
23:07:01.619,94.373,0.4274,0.4109,0.4192,0.4744,0.1533,NORMAL,0,0,Windows,unspecified
23:07:01.650,94.404,0.3936,0.3904,0.392,0.4655,0.1533,NORMAL,0,0,Windows,unspecified
23:07:01.680,94.434,0.4278,0.3987,0.4132,0.4825,0.1533,NORMAL,0,0,Windows,unspecified
23:07:01.741,94.495,0.4164,0.3987,0.4075,0.4746,0.1533,NORMAL,0,0,Windows,unspecified
23:07:01.774,94.528,0.4053,0.3877,0.3965,0.4669,0.1533,NORMAL,0,0,Windows,unspecified
23:07:01.804,94.558,0.4293,0.4221,0.4257,0.4656,0.1533,NORMAL,0,0,Windows,unspecified
23:07:01.837,94.591,0.4163,0.3987,0.4075,0.464,0.1533,NORMAL,0,0,Windows,unspecified
23:07:01.866,94.62,0.4297,0.4098,0.4198,0.4477,0.1533,NORMAL,0,0,Windows,unspecified
23:07:01.899,94.653,0.4196,0.3987,0.4091,0.452,0.1533,NORMAL,0,0,Windows,unspecified
23:07:01.930,94.684,0.4183,0.4085,0.4134,0.449,0.1533,NORMAL,0,0,Windows,unspecified
23:07:01.963,94.717,0.4179,0.4216,0.4198,0.4624,0.1533,NORMAL,0,0,Windows,unspecified
23:07:01.994,94.748,0.4183,0.4063,0.4123,0.4612,0.1533,NORMAL,0,0,Windows,unspecified
23:07:02.023,94.777,0.4325,0.4327,0.4326,0.4691,0.1533,NORMAL,0,0,Windows,unspecified
23:07:02.054,94.808,0.4313,0.4327,0.432,0.4656,0.1533,NORMAL,0,0,Windows,unspecified
23:07:02.085,94.839,0.4423,0.4327,0.4375,0.4689,0.1533,NORMAL,0,0,Windows,unspecified
23:07:02.138,94.892,0.4167,0.4236,0.4201,0.453,0.1533,NORMAL,0,0,Windows,unspecified
23:07:02.164,94.918,0.4293,0.4123,0.4208,0.4655,0.1533,NORMAL,0,0,Windows,unspecified
23:07:02.205,94.959,0.4289,0.4216,0.4253,0.4518,0.1533,NORMAL,0,0,Windows,unspecified
23:07:02.229,94.983,0.4422,0.4224,0.4323,0.4438,0.1533,NORMAL,0,0,Windows,unspecified
23:07:02.270,95.024,0.4285,0.3941,0.4113,0.4582,0.1533,NORMAL,0,0,Windows,unspecified
23:07:02.305,95.059,0.4406,0.4071,0.4239,0.4601,0.1533,NORMAL,0,0,Windows,unspecified
23:07:02.335,95.089,0.4135,0.3814,0.3974,0.475,0.1533,NORMAL,0,0,Windows,unspecified
23:07:02.367,95.121,0.4121,0.3858,0.399,0.4752,0.1533,NORMAL,0,0,Windows,unspecified
23:07:02.398,95.152,0.4121,0.3884,0.4002,0.4717,0.1467,NORMAL,0,0,Windows,unspecified
23:07:02.430,95.184,0.4525,0.3897,0.4211,0.471,0.14,NORMAL,0,0,Windows,unspecified
23:07:02.462,95.216,0.4406,0.3989,0.4197,0.4604,0.1333,NORMAL,0,0,Windows,unspecified
23:07:02.495,95.248,0.4293,0.3965,0.4129,0.4562,0.1333,NORMAL,0,0,Windows,unspecified
23:07:02.542,95.296,0.4145,0.3983,0.4064,0.4375,0.1267,NORMAL,0,0,Windows,unspecified
23:07:02.572,95.326,0.4016,0.3822,0.3919,0.4295,0.12,NORMAL,0,0,Windows,unspecified
23:07:02.607,95.361,0.3932,0.4008,0.397,0.4402,0.12,NORMAL,0,0,Windows,unspecified
23:07:02.635,95.389,0.3932,0.3847,0.389,0.4435,0.1133,NORMAL,0,0,Windows,unspecified
23:07:02.670,95.424,0.3836,0.4065,0.3951,0.4412,0.1133,NORMAL,0,0,Windows,unspecified
23:07:02.697,95.451,0.3936,0.3935,0.3936,0.4452,0.1133,NORMAL,0,0,Windows,unspecified
23:07:02.731,95.485,0.405,0.4144,0.4097,0.4475,0.1133,NORMAL,0,0,Windows,unspecified
23:07:02.759,95.513,0.3963,0.414,0.4051,0.4603,0.1067,NORMAL,0,0,Windows,unspecified
23:07:02.808,95.562,0.3963,0.414,0.4051,0.459,0.1067,NORMAL,0,0,Windows,unspecified
23:07:02.838,95.592,0.3908,0.4273,0.409,0.4475,0.1067,NORMAL,0,0,Windows,unspecified
23:07:02.866,95.62,0.4017,0.429,0.4153,0.4671,0.1067,NORMAL,0,0,Windows,unspecified
23:07:02.900,95.654,0.3923,0.4006,0.3965,0.4896,0.1067,NORMAL,0,0,Windows,unspecified
23:07:02.938,95.692,0.364,0.3538,0.3589,0.4453,0.1067,NORMAL,0,0,Windows,unspecified
23:07:02.962,95.716,0.3616,0.3664,0.364,0.4349,0.1067,NORMAL,0,0,Windows,unspecified
23:07:03.005,95.759,0.3993,0.3725,0.3859,0.4336,0.1067,NORMAL,0,0,Windows,unspecified
23:07:03.039,95.793,0.3993,0.3852,0.3923,0.4235,0.1067,NORMAL,0,0,Windows,unspecified
23:07:03.072,95.826,0.4052,0.3822,0.3937,0.4326,0.1067,NORMAL,0,0,Windows,unspecified
23:07:03.101,95.855,0.4189,0.3579,0.3884,0.4237,0.1067,NORMAL,0,0,Windows,unspecified
23:07:03.130,95.884,0.3933,0.352,0.3727,0.4381,0.1067,NORMAL,0,0,Windows,unspecified
23:07:03.164,95.918,0.4014,0.3652,0.3833,0.4355,0.1067,NORMAL,0,0,Windows,unspecified
23:07:03.198,95.951,0.4027,0.3652,0.384,0.4356,0.1067,NORMAL,0,0,Windows,unspecified
23:07:03.244,95.998,0.4287,0.3695,0.3991,0.4486,0.1067,NORMAL,0,0,Windows,unspecified
23:07:03.275,96.029,0.4273,0.3812,0.4043,0.4483,0.1067,NORMAL,0,0,Windows,unspecified
23:07:03.306,96.06,0.404,0.3724,0.3882,0.4687,0.1067,NORMAL,0,0,Windows,unspecified
23:07:03.341,96.095,0.4287,0.3854,0.4071,0.4692,0.1067,NORMAL,0,0,Windows,unspecified
23:07:03.368,96.122,0.415,0.3853,0.4002,0.4687,0.1067,NORMAL,0,0,Windows,unspecified
23:07:03.405,96.159,0.4252,0.3849,0.405,0.478,0.1067,NORMAL,0,0,Windows,unspecified
23:07:03.431,96.185,0.4207,0.3922,0.4065,0.4818,0.1067,NORMAL,0,0,Windows,unspecified
23:07:03.471,96.225,0.4273,0.3942,0.4108,0.4798,0.1067,NORMAL,0,0,Windows,unspecified
23:07:03.509,96.263,0.4256,0.3947,0.4102,0.4809,0.1067,NORMAL,0,0,Windows,unspecified
23:07:03.541,96.295,0.4011,0.3942,0.3977,0.4775,0.1067,NORMAL,0,0,Windows,unspecified
23:07:03.571,96.325,0.4144,0.3947,0.4046,0.4723,0.1067,NORMAL,0,0,Windows,unspecified
23:07:03.602,96.356,0.4179,0.3818,0.3998,0.4682,0.1067,NORMAL,0,0,Windows,unspecified
23:07:03.633,96.387,0.4011,0.3922,0.3966,0.4635,0.1067,NORMAL,0,0,Windows,unspecified
23:07:03.666,96.42,0.4011,0.3896,0.3953,0.4625,0.1067,NORMAL,0,0,Windows,unspecified
23:07:03.695,96.449,0.3908,0.3681,0.3794,0.4439,0.1067,NORMAL,0,0,Windows,unspecified
23:07:03.739,96.493,0.3778,0.3869,0.3823,0.4127,0.1067,NORMAL,0,0,Windows,unspecified
23:07:03.773,96.527,0.3778,0.3649,0.3714,0.4166,0.1067,NORMAL,0,0,Windows,unspecified
23:07:03.807,96.561,0.4037,0.409,0.4064,0.4128,0.1067,NORMAL,0,0,Windows,unspecified
23:07:03.835,96.589,0.4037,0.3862,0.3949,0.4095,0.1067,NORMAL,0,0,Windows,unspecified
23:07:03.870,96.624,0.3936,0.3947,0.3942,0.4094,0.1067,NORMAL,0,0,Windows,unspecified
23:07:03.899,96.652,0.3774,0.409,0.3932,0.4001,0.1067,NORMAL,0,0,Windows,unspecified
23:07:03.929,96.683,0.3778,0.3881,0.3829,0.4168,0.1067,NORMAL,0,0,Windows,unspecified
23:07:03.962,96.716,0.3774,0.3756,0.3765,0.4039,0.1067,NORMAL,0,0,Windows,unspecified
23:07:03.993,96.747,0.3683,0.3881,0.3782,0.4016,0.1067,NORMAL,0,0,Windows,unspecified
23:07:04.025,96.779,0.392,0.3908,0.3914,0.4064,0.1067,NORMAL,0,0,Windows,unspecified
23:07:04.055,96.808,0.392,0.3814,0.3867,0.4038,0.1067,NORMAL,0,0,Windows,unspecified
23:07:04.085,96.839,0.3992,0.4065,0.4028,0.4291,0.1067,NORMAL,0,0,Windows,unspecified
23:07:04.138,96.892,0.4016,0.3821,0.3919,0.4184,0.1067,NORMAL,0,0,Windows,unspecified
23:07:04.165,96.919,0.3903,0.3923,0.3913,0.4173,0.1067,NORMAL,0,0,Windows,unspecified
23:07:04.207,96.961,0.4125,0.4169,0.4147,0.4228,0.1067,NORMAL,0,0,Windows,unspecified
23:07:04.242,96.996,0.4125,0.4122,0.4123,0.4275,0.1067,NORMAL,0,0,Windows,unspecified
23:07:04.276,97.03,0.4026,0.3863,0.3945,0.423,0.1067,NORMAL,0,0,Windows,unspecified
23:07:04.305,97.059,0.4011,0.3881,0.3946,0.4306,0.1067,NORMAL,0,0,Windows,unspecified
23:07:04.335,97.089,0.3778,0.3649,0.3714,0.4022,0.1067,NORMAL,0,0,Windows,unspecified
23:07:04.370,97.124,0.3774,0.3649,0.3711,0.4058,0.1067,NORMAL,0,0,Windows,unspecified
23:07:04.398,97.152,0.3778,0.3793,0.3786,0.3993,0.1067,NORMAL,0,0,Windows,unspecified
23:07:04.430,97.184,0.3778,0.3721,0.375,0.4085,0.1067,NORMAL,0,0,Windows,unspecified
23:07:04.460,97.214,0.3886,0.3701,0.3794,0.4091,0.1067,NORMAL,0,0,Windows,unspecified
23:07:04.493,97.247,0.3855,0.3583,0.3719,0.4228,0.1067,NORMAL,0,0,Windows,unspecified
23:07:04.543,97.297,0.3873,0.3575,0.3724,0.4213,0.1067,NORMAL,0,0,Windows,unspecified
23:07:04.573,97.327,0.3855,0.368,0.3768,0.4218,0.1067,NORMAL,0,0,Windows,unspecified
23:07:04.604,97.358,0.3983,0.3644,0.3814,0.4348,0.1067,NORMAL,0,0,Windows,unspecified
23:07:04.634,97.388,0.3882,0.367,0.3776,0.4412,0.1067,NORMAL,0,0,Windows,unspecified
23:07:04.667,97.421,0.4682,0.4054,0.4368,0.4936,0.1067,NORMAL,0,0,Windows,unspecified
23:07:04.696,97.45,0.4265,0.3929,0.4097,0.5077,0.1067,NORMAL,0,0,Windows,unspecified
23:07:04.730,97.484,0.4252,0.4001,0.4126,0.5095,0.1067,NORMAL,0,0,Windows,unspecified
23:07:04.761,97.515,0.3954,0.3927,0.394,0.4935,0.1067,NORMAL,0,0,Windows,unspecified
23:07:04.790,97.544,0.412,0.3923,0.4022,0.489,0.1067,NORMAL,0,0,Windows,unspecified
23:07:04.822,97.576,0.3969,0.402,0.3995,0.4534,0.1067,NORMAL,0,0,Windows,unspecified
23:07:04.855,97.609,0.3962,0.3891,0.3927,0.4502,0.1067,NORMAL,0,0,Windows,unspecified
23:07:04.887,97.641,0.3772,0.366,0.3716,0.4273,0.1067,NORMAL,0,0,Windows,unspecified
23:07:04.938,97.691,0.3863,0.3911,0.3887,0.4405,0.1067,NORMAL,0,0,Windows,unspecified
23:07:04.965,97.719,0.3867,0.3786,0.3826,0.4459,0.1067,NORMAL,0,0,Windows,unspecified
23:07:05.003,97.757,0.4015,0.3548,0.3782,0.4453,0.1067,NORMAL,0,0,Windows,unspecified
23:07:05.028,97.782,0.3863,0.3765,0.3814,0.4457,0.1067,NORMAL,0,0,Windows,unspecified
23:07:05.071,97.825,0.3887,0.3548,0.3717,0.4433,0.1067,NORMAL,0,0,Windows,unspecified
23:07:05.105,97.859,0.3867,0.3764,0.3816,0.4556,0.1067,NORMAL,0,0,Windows,unspecified
23:07:05.135,97.889,0.3996,0.3764,0.388,0.4793,0.1067,NORMAL,0,0,Windows,unspecified
23:07:05.169,97.923,0.4016,0.3641,0.3828,0.4899,0.1,NORMAL,0,0,Windows,unspecified
23:07:05.202,97.956,0.3886,0.3869,0.3878,0.4831,0.0933,NORMAL,0,0,Windows,unspecified
23:07:05.230,97.984,0.3664,0.3641,0.3653,0.4824,0.0867,NORMAL,0,0,Windows,unspecified
23:07:05.262,98.016,0.3757,0.3629,0.3693,0.4857,0.08,NORMAL,0,0,Windows,unspecified
23:07:05.292,98.046,0.3886,0.3869,0.3878,0.4714,0.0733,NORMAL,0,0,Windows,unspecified
23:07:05.341,98.095,0.3886,0.3764,0.3825,0.472,0.0667,NORMAL,0,0,Windows,unspecified
23:07:05.370,98.124,0.4033,0.3881,0.3957,0.4705,0.0667,NORMAL,0,0,Windows,unspecified
23:07:05.404,98.158,0.3891,0.3847,0.3869,0.4963,0.0667,NORMAL,0,0,Windows,unspecified
23:07:05.434,98.188,0.392,0.3742,0.3831,0.4884,0.06,NORMAL,0,0,Windows,unspecified
23:07:05.470,98.224,0.3762,0.387,0.3816,0.4461,0.0533,NORMAL,0,0,Windows,unspecified
23:07:05.495,98.249,0.4033,0.3857,0.3945,0.4358,0.0467,NORMAL,0,0,Windows,unspecified
23:07:05.529,98.283,0.3668,0.3619,0.3643,0.4217,0.04,NORMAL,0,0,Windows,unspecified
23:07:05.557,98.311,0.3778,0.3742,0.376,0.4154,0.0333,NORMAL,0,0,Windows,unspecified
23:07:05.590,98.344,0.3664,0.3742,0.3703,0.4108,0.0267,NORMAL,0,0,Windows,unspecified
23:07:05.622,98.376,0.3762,0.3723,0.3742,0.421,0.02,NORMAL,0,0,Windows,unspecified
23:07:05.654,98.407,0.3794,0.363,0.3712,0.4309,0.0133,NORMAL,0,0,Windows,unspecified
23:07:05.684,98.438,0.402,0.387,0.3945,0.4442,0.0067,NORMAL,0,0,Windows,unspecified
23:07:05.741,98.495,0.402,0.3881,0.395,0.4066,0.0,NORMAL,0,0,Windows,unspecified
23:07:05.762,98.516,0.4033,0.387,0.3951,0.4127,0.0,NORMAL,0,0,Windows,unspecified
23:07:05.807,98.561,0.3874,0.3849,0.3861,0.4162,0.0,NORMAL,0,0,Windows,unspecified
23:07:05.840,98.594,0.4011,0.3723,0.3867,0.4225,0.0,NORMAL,0,0,Windows,unspecified
23:07:05.873,98.627,0.3762,0.371,0.3736,0.435,0.0,NORMAL,0,0,Windows,unspecified
23:07:05.905,98.659,0.4011,0.3806,0.3908,0.4455,0.0,NORMAL,0,0,Windows,unspecified
23:07:05.936,98.69,0.4037,0.3756,0.3897,0.421,0.0,NORMAL,0,0,Windows,unspecified
23:07:05.967,98.721,0.3778,0.3849,0.3813,0.4182,0.0,NORMAL,0,0,Windows,unspecified
23:07:05.999,98.753,0.3908,0.371,0.3809,0.4176,0.0,NORMAL,0,0,Windows,unspecified
23:07:06.030,98.784,0.3805,0.3518,0.3662,0.4251,0.0,NORMAL,0,0,Windows,unspecified
23:07:06.063,98.817,0.3892,0.387,0.3881,0.4315,0.0,NORMAL,0,0,Windows,unspecified
23:07:06.093,98.847,0.3792,0.3495,0.3643,0.4605,0.0,NORMAL,0,0,Windows,unspecified
23:07:06.142,98.896,0.386,0.3495,0.3677,0.475,0.0,NORMAL,0,0,Windows,unspecified
23:07:06.170,98.924,0.3759,0.387,0.3814,0.4766,0.0,NORMAL,0,0,Windows,unspecified
23:07:06.207,98.96,0.3627,0.3774,0.3701,0.5053,0.0,NORMAL,0,0,Windows,unspecified
23:07:06.232,98.986,0.3861,0.3754,0.3808,0.5008,0.0,NORMAL,0,0,Windows,unspecified
23:07:06.270,99.024,0.3999,0.3662,0.383,0.4577,0.0,NORMAL,0,0,Windows,unspecified
23:07:06.312,99.066,0.3878,0.3663,0.377,0.4397,0.0,NORMAL,0,0,Windows,unspecified
23:07:06.339,99.093,0.3892,0.3671,0.3781,0.4292,0.0,NORMAL,0,0,Windows,unspecified
23:07:06.371,99.125,0.3862,0.3734,0.3798,0.4254,0.0,NORMAL,0,0,Windows,unspecified
23:07:06.404,99.158,0.3862,0.386,0.3861,0.4212,0.0,NORMAL,0,0,Windows,unspecified
23:07:06.434,99.188,0.3893,0.3607,0.375,0.4322,0.0,NORMAL,0,0,Windows,unspecified
23:07:06.465,99.219,0.3862,0.3765,0.3813,0.4488,0.0,NORMAL,0,0,Windows,unspecified
23:07:06.497,99.251,0.3862,0.3616,0.3739,0.4697,0.0,NORMAL,0,0,Windows,unspecified
23:07:06.540,99.294,0.3626,0.3733,0.3679,0.4879,0.0,NORMAL,0,0,Windows,unspecified
23:07:06.578,99.332,0.3862,0.3616,0.3739,0.5109,0.0,NORMAL,0,0,Windows,unspecified
23:07:06.609,99.362,0.3875,0.384,0.3858,0.4994,0.0,NORMAL,0,0,Windows,unspecified
23:07:06.641,99.395,0.389,0.3616,0.3753,0.5153,0.0,NORMAL,0,0,Windows,unspecified
23:07:06.670,99.424,0.3871,0.3742,0.3807,0.4952,0.0,NORMAL,0,0,Windows,unspecified
23:07:06.704,99.458,0.3862,0.3765,0.3813,0.4952,0.0,NORMAL,0,0,Windows,unspecified
23:07:06.735,99.489,0.3999,0.3733,0.3866,0.479,0.0,NORMAL,0,0,Windows,unspecified
23:07:06.766,99.52,0.3857,0.3733,0.3795,0.4796,0.0,NORMAL,0,0,Windows,unspecified
23:07:06.800,99.554,0.3862,0.3742,0.3802,0.4716,0.0,NORMAL,0,0,Windows,unspecified
23:07:06.829,99.583,0.3611,0.3489,0.355,0.4739,0.0,NORMAL,0,0,Windows,unspecified
23:07:06.860,99.614,0.3709,0.3526,0.3617,0.4769,0.0,NORMAL,0,0,Windows,unspecified
23:07:06.890,99.644,0.3611,0.3387,0.3499,0.4866,0.0,NORMAL,0,0,Windows,unspecified
23:07:06.941,99.695,0.3709,0.358,0.3645,0.4937,0.0,NORMAL,0,0,Windows,unspecified
23:07:06.969,99.723,0.3431,0.3321,0.3376,0.4922,0.0,NORMAL,0,0,Windows,unspecified
23:07:07.006,99.76,0.3607,0.3442,0.3525,0.5077,0.0,NORMAL,0,0,Windows,unspecified
23:07:07.031,99.785,0.3325,0.3543,0.3434,0.5073,0.0,NORMAL,0,0,Windows,unspecified
23:07:07.071,99.824,0.3431,0.3321,0.3376,0.5081,0.0,NORMAL,0,0,Windows,unspecified
23:07:07.093,99.847,0.3335,0.341,0.3373,0.5049,0.0,NORMAL,0,0,Windows,unspecified
23:07:07.130,99.884,0.3532,0.358,0.3556,0.4517,0.0,NORMAL,0,0,Windows,unspecified
23:07:07.155,99.909,0.3519,0.3489,0.3504,0.4273,0.0,NORMAL,0,0,Windows,unspecified
23:07:07.184,99.938,0.3509,0.3513,0.3511,0.4331,0.0,NORMAL,0,0,Windows,unspecified
23:07:07.217,99.971,0.3621,0.3489,0.3555,0.4257,0.0,NORMAL,0,0,Windows,unspecified
23:07:07.246,100.0,0.3754,0.3733,0.3744,0.4163,0.0,NORMAL,0,0,Windows,unspecified
23:07:07.279,100.033,0.3846,0.3733,0.3789,0.4241,0.0,NORMAL,0,0,Windows,unspecified
23:07:07.336,100.09,0.4026,0.3765,0.3896,0.4057,0.0,NORMAL,0,0,Windows,unspecified
23:07:07.373,100.127,0.3893,0.3885,0.3889,0.419,0.0,NORMAL,0,0,Windows,unspecified
23:07:07.407,100.161,0.3607,0.3621,0.3614,0.4115,0.0,NORMAL,0,0,Windows,unspecified
23:07:07.434,100.187,0.3873,0.3756,0.3815,0.4158,0.0,NORMAL,0,0,Windows,unspecified
23:07:07.470,100.224,0.3822,0.3634,0.3728,0.4552,0.0,NORMAL,0,0,Windows,unspecified
23:07:07.496,100.25,0.359,0.3457,0.3523,0.4588,0.0,NORMAL,0,0,Windows,unspecified
23:07:07.533,100.287,0.3585,0.3489,0.3537,0.4789,0.0,NORMAL,0,0,Windows,unspecified
23:07:07.558,100.312,0.3602,0.3495,0.3548,0.4811,0.0,NORMAL,0,0,Windows,unspecified
23:07:07.590,100.344,0.3704,0.3485,0.3594,0.493,0.0,NORMAL,0,0,Windows,unspecified
23:07:07.622,100.376,0.3607,0.3495,0.3551,0.469,0.0,NORMAL,0,0,Windows,unspecified
23:07:07.652,100.406,0.3585,0.3457,0.3521,0.4476,0.0,NORMAL,0,0,Windows,unspecified
23:07:07.684,100.438,0.3691,0.358,0.3636,0.4369,0.0,NORMAL,0,0,Windows,unspecified
23:07:07.742,100.496,0.3982,0.371,0.3846,0.4232,0.0,NORMAL,0,0,Windows,unspecified
23:07:07.776,100.53,0.4011,0.3742,0.3876,0.4218,0.0,NORMAL,0,0,Windows,unspecified
23:07:07.809,100.563,0.3841,0.3765,0.3803,0.4409,0.0,NORMAL,0,0,Windows,unspecified
23:07:07.839,100.592,0.3954,0.3765,0.3859,0.4531,0.0,NORMAL,0,0,Windows,unspecified
23:07:07.870,100.624,0.3982,0.3742,0.3862,0.4606,0.0,NORMAL,0,0,Windows,unspecified
23:07:07.901,100.655,0.4093,0.3733,0.3913,0.4681,0.0,NORMAL,0,0,Windows,unspecified
23:07:07.930,100.684,0.3607,0.3701,0.3654,0.4598,0.0,NORMAL,0,0,Windows,unspecified
23:07:07.965,100.719,0.3602,0.3765,0.3683,0.4565,0.0,NORMAL,0,0,Windows,unspecified
23:07:07.995,100.749,0.3851,0.3638,0.3744,0.4608,0.0,NORMAL,0,0,Windows,unspecified
23:07:08.025,100.779,0.3691,0.3513,0.3602,0.4464,0.0,NORMAL,0,0,Windows,unspecified
23:07:08.058,100.812,0.3573,0.3363,0.3468,0.4394,0.0,NORMAL,0,0,Windows,unspecified
23:07:08.089,100.843,0.3725,0.374,0.3732,0.4378,0.0,NORMAL,0,0,Windows,unspecified
23:07:08.138,100.892,0.3829,0.3666,0.3748,0.4563,0.0,NORMAL,0,0,Windows,unspecified
23:07:08.169,100.923,0.3984,0.3763,0.3874,0.4635,0.0,NORMAL,0,0,Windows,unspecified
23:07:08.207,100.96,0.328,0.2999,0.314,0.4238,0.0,NORMAL,0,0,Windows,unspecified
23:07:08.233,100.987,0.328,0.3192,0.3236,0.44,0.0,NORMAL,0,0,Windows,unspecified
23:07:08.272,101.026,0.3003,0.292,0.2961,0.4662,0.0067,NORMAL,1,0,Windows,unspecified
23:07:08.295,101.049,0.2994,0.2915,0.2955,0.4586,0.0133,NORMAL,2,0,Windows,unspecified
23:07:08.331,101.085,0.3138,0.2865,0.3001,0.4751,0.02,NORMAL,3,0,Windows,unspecified
23:07:08.357,101.111,0.2995,0.2732,0.2864,0.4726,0.0267,NORMAL,4,0,Windows,unspecified
23:07:08.387,101.141,0.309,0.2593,0.2842,0.4735,0.0333,NORMAL,5,0,Windows,unspecified
23:07:08.418,101.172,0.2854,0.2727,0.2791,0.4808,0.04,NORMAL,6,0,Windows,unspecified
23:07:08.449,101.203,0.2925,0.3126,0.3026,0.4803,0.04,NORMAL,0,0,Windows,unspecified
23:07:08.478,101.232,0.3003,0.2898,0.295,0.478,0.0467,NORMAL,1,0,Windows,unspecified
23:07:08.543,101.297,0.3003,0.3045,0.3024,0.4659,0.0467,NORMAL,0,0,Windows,unspecified
23:07:08.575,101.329,0.2995,0.2933,0.2964,0.4642,0.0533,NORMAL,1,0,Windows,unspecified
23:07:08.607,101.361,0.327,0.3159,0.3215,0.4398,0.0533,NORMAL,0,0,Windows,unspecified
23:07:08.636,101.39,0.3422,0.3252,0.3337,0.4474,0.0533,NORMAL,0,0,Windows,unspecified
23:07:08.670,101.424,0.3667,0.3636,0.3652,0.4394,0.0533,NORMAL,0,0,Windows,unspecified
23:07:08.700,101.454,0.3667,0.3759,0.3713,0.4346,0.0533,NORMAL,0,0,Windows,unspecified
23:07:08.745,101.499,0.3753,0.3893,0.3823,0.4349,0.0533,NORMAL,0,0,Windows,unspecified
23:07:08.777,101.531,0.3753,0.3792,0.3773,0.4325,0.0533,NORMAL,0,0,Windows,unspecified
23:07:08.808,101.562,0.3737,0.3935,0.3836,0.4325,0.0533,NORMAL,0,0,Windows,unspecified
23:07:08.841,101.595,0.4013,0.3792,0.3902,0.4405,0.0533,NORMAL,0,0,Windows,unspecified
23:07:08.878,101.632,0.416,0.3935,0.4048,0.4668,0.0533,NORMAL,0,0,Windows,unspecified
23:07:08.905,101.659,0.392,0.3935,0.3928,0.4763,0.0533,NORMAL,0,0,Windows,unspecified
23:07:08.944,101.698,0.4014,0.4026,0.402,0.4739,0.0533,NORMAL,0,0,Windows,unspecified
23:07:08.969,101.723,0.404,0.3806,0.3923,0.4694,0.0533,NORMAL,0,0,Windows,unspecified
23:07:09.005,101.759,0.4165,0.3947,0.4056,0.4481,0.0533,NORMAL,0,0,Windows,unspecified
23:07:09.029,101.783,0.4344,0.4101,0.4222,0.4381,0.0533,NORMAL,0,0,Windows,unspecified
23:07:09.070,101.824,0.43,0.3974,0.4137,0.4407,0.0533,NORMAL,0,0,Windows,unspecified
23:07:09.110,101.864,0.4393,0.396,0.4177,0.4432,0.0533,NORMAL,0,0,Windows,unspecified
23:07:09.140,101.894,0.3935,0.3649,0.3792,0.4443,0.0533,NORMAL,0,0,Windows,unspecified
23:07:09.171,101.925,0.3759,0.3729,0.3744,0.4528,0.0533,NORMAL,0,0,Windows,unspecified
23:07:09.203,101.957,0.3878,0.3518,0.3698,0.4582,0.0533,NORMAL,0,0,Windows,unspecified
23:07:09.234,101.988,0.4026,0.3818,0.3922,0.4557,0.0533,NORMAL,0,0,Windows,unspecified
23:07:09.266,102.02,0.3792,0.3818,0.3805,0.454,0.0533,NORMAL,0,0,Windows,unspecified
23:07:09.298,102.052,0.4011,0.3922,0.3967,0.4355,0.0533,NORMAL,0,0,Windows,unspecified
23:07:09.342,102.096,0.4125,0.409,0.4107,0.4154,0.0533,NORMAL,0,0,Windows,unspecified
23:07:09.375,102.128,0.4006,0.3986,0.3996,0.4102,0.0533,NORMAL,0,0,Windows,unspecified
23:07:09.407,102.161,0.3963,0.386,0.3912,0.4048,0.0533,NORMAL,0,0,Windows,unspecified
23:07:09.439,102.193,0.3992,0.4017,0.4004,0.4144,0.0533,NORMAL,0,0,Windows,unspecified
23:07:09.470,102.224,0.4144,0.3763,0.3953,0.4121,0.0533,NORMAL,0,0,Windows,unspecified
23:07:09.503,102.257,0.414,0.389,0.4015,0.4158,0.0533,NORMAL,0,0,Windows,unspecified
23:07:09.530,102.284,0.3414,0.301,0.3212,0.4162,0.0533,NORMAL,0,0,Windows,unspecified
23:07:09.564,102.318,0.3065,0.2845,0.2955,0.4194,0.06,NORMAL,1,0,Windows,unspecified
23:07:09.598,102.352,0.2933,0.2758,0.2846,0.4191,0.0667,NORMAL,2,0,Windows,unspecified
23:07:09.644,102.398,0.2854,0.2834,0.2844,0.4704,0.0733,NORMAL,3,0,Windows,unspecified
23:07:09.674,102.428,0.3064,0.3079,0.3071,0.4822,0.0733,NORMAL,0,0,Windows,unspecified
23:07:09.704,102.458,0.3124,0.3329,0.3226,0.4919,0.0733,NORMAL,0,0,Windows,unspecified
23:07:09.738,102.492,0.3379,0.3328,0.3353,0.4498,0.0733,NORMAL,0,0,Windows,unspecified
23:07:09.768,102.522,0.3212,0.3488,0.335,0.447,0.0733,NORMAL,0,0,Windows,unspecified
23:07:09.807,102.561,0.3613,0.3409,0.3511,0.4304,0.0733,NORMAL,0,0,Windows,unspecified
23:07:09.829,102.583,0.3522,0.3364,0.3443,0.4252,0.0733,NORMAL,0,0,Windows,unspecified
23:07:09.869,102.623,0.3397,0.3243,0.332,0.4219,0.0733,NORMAL,0,0,Windows,unspecified
23:07:09.892,102.646,0.3485,0.3454,0.3469,0.4153,0.0733,NORMAL,0,0,Windows,unspecified
23:07:09.930,102.684,0.3479,0.2916,0.3198,0.4889,0.0733,NORMAL,0,0,Windows,unspecified
23:07:09.955,102.709,0.3261,0.2996,0.3129,0.499,0.0733,NORMAL,0,0,Windows,unspecified
23:07:09.986,102.74,0.3346,0.292,0.3133,0.5014,0.0733,NORMAL,0,0,Windows,unspecified
23:07:10.017,102.771,0.3288,0.2948,0.3118,0.4446,0.0733,NORMAL,0,0,Windows,unspecified
23:07:10.079,102.833,0.3464,0.302,0.3242,0.5054,0.0733,NORMAL,0,0,Windows,unspecified
23:07:10.110,102.864,0.3351,0.2932,0.3141,0.5154,0.0733,NORMAL,0,0,Windows,unspecified
23:07:10.141,102.895,0.3395,0.312,0.3258,0.5425,0.0733,NORMAL,0,0,Windows,unspecified
23:07:10.175,102.929,0.3124,0.312,0.3122,0.5766,0.0733,NORMAL,0,0,Windows,unspecified
23:07:10.205,102.959,0.3224,0.304,0.3132,0.5367,0.0733,NORMAL,0,0,Windows,unspecified
23:07:10.236,102.99,0.3283,0.2997,0.314,0.4955,0.0733,NORMAL,0,0,Windows,unspecified
23:07:10.270,103.024,0.3302,0.2969,0.3136,0.4827,0.0733,NORMAL,0,0,Windows,unspecified
23:07:10.300,103.054,0.339,0.3162,0.3276,0.4505,0.0733,NORMAL,0,0,Windows,unspecified
23:07:10.329,103.083,0.353,0.3085,0.3308,0.4352,0.0733,NORMAL,0,0,Windows,unspecified
23:07:10.363,103.117,0.3666,0.3281,0.3474,0.4199,0.0733,NORMAL,0,0,Windows,unspecified
23:07:10.393,103.147,0.3536,0.3162,0.3349,0.4246,0.0733,NORMAL,0,0,Windows,unspecified
23:07:10.424,103.178,0.3536,0.36,0.3568,0.4237,0.0733,NORMAL,0,0,Windows,unspecified
23:07:10.477,103.231,0.3452,0.3351,0.3401,0.4637,0.0733,NORMAL,0,0,Windows,unspecified
23:07:10.502,103.256,0.3573,0.3279,0.3426,0.4764,0.0733,NORMAL,0,0,Windows,unspecified
23:07:10.541,103.295,0.3359,0.3112,0.3235,0.5067,0.0733,NORMAL,0,0,Windows,unspecified
23:07:10.567,103.321,0.3391,0.3253,0.3322,0.5184,0.0733,NORMAL,0,0,Windows,unspecified
23:07:10.606,103.36,0.3394,0.3222,0.3308,0.4541,0.0733,NORMAL,0,0,Windows,unspecified
23:07:10.627,103.381,0.327,0.3405,0.3337,0.4364,0.0733,NORMAL,0,0,Windows,unspecified
23:07:10.670,103.424,0.3253,0.3363,0.3308,0.4222,0.0733,NORMAL,0,0,Windows,unspecified
23:07:10.689,103.443,0.3313,0.3262,0.3288,0.4242,0.0733,NORMAL,0,0,Windows,unspecified
23:07:10.730,103.484,0.3391,0.3184,0.3288,0.469,0.0733,NORMAL,0,0,Windows,unspecified
23:07:10.755,103.509,0.3272,0.311,0.3191,0.4781,0.0733,NORMAL,0,0,Windows,unspecified
23:07:10.785,103.539,0.3402,0.3205,0.3303,0.4842,0.0733,NORMAL,0,0,Windows,unspecified
23:07:10.819,103.573,0.3707,0.35,0.3603,0.4241,0.0733,NORMAL,0,0,Windows,unspecified
23:07:10.849,103.603,0.361,0.3373,0.3491,0.4133,0.0733,NORMAL,0,0,Windows,unspecified
23:07:10.879,103.633,0.3806,0.3544,0.3675,0.4068,0.0733,NORMAL,0,0,Windows,unspecified
23:07:10.942,103.696,0.3657,0.3437,0.3547,0.419,0.0733,NORMAL,0,0,Windows,unspecified
23:07:10.973,103.726,0.3502,0.3246,0.3374,0.4114,0.0733,NORMAL,0,0,Windows,unspecified
23:07:11.006,103.76,0.3788,0.3603,0.3695,0.4225,0.0733,NORMAL,0,0,Windows,unspecified
23:07:11.036,103.79,0.3539,0.3488,0.3513,0.4182,0.0733,NORMAL,0,0,Windows,unspecified
23:07:11.066,103.82,0.3539,0.3362,0.345,0.4515,0.0733,NORMAL,0,0,Windows,unspecified
23:07:11.097,103.851,0.3334,0.3141,0.3237,0.4499,0.0733,NORMAL,0,0,Windows,unspecified
23:07:11.130,103.884,0.3461,0.3316,0.3389,0.4541,0.0733,NORMAL,0,0,Windows,unspecified
23:07:11.158,103.912,0.357,0.3315,0.3443,0.4513,0.0733,NORMAL,0,0,Windows,unspecified
23:07:11.192,103.946,0.3442,0.3284,0.3363,0.4522,0.0733,NORMAL,0,0,Windows,unspecified
23:07:11.223,103.977,0.3486,0.3482,0.3484,0.4306,0.0733,NORMAL,0,0,Windows,unspecified
23:07:11.279,104.033,0.3466,0.3715,0.3591,0.4065,0.0733,NORMAL,0,0,Windows,unspecified
23:07:11.315,104.069,0.3366,0.3715,0.3541,0.3983,0.0733,NORMAL,0,0,Windows,unspecified
23:07:11.346,104.1,0.3417,0.3595,0.3506,0.4256,0.0733,NORMAL,0,0,Windows,unspecified
23:07:11.377,104.131,0.3441,0.3277,0.3359,0.4256,0.0733,NORMAL,0,0,Windows,unspecified
23:07:11.409,104.163,0.3464,0.3437,0.345,0.4439,0.0733,NORMAL,0,0,Windows,unspecified
23:07:11.440,104.194,0.3606,0.343,0.3518,0.4477,0.0733,NORMAL,0,0,Windows,unspecified
23:07:11.469,104.223,0.3583,0.3622,0.3602,0.401,0.0733,NORMAL,0,0,Windows,unspecified
23:07:11.502,104.256,0.3587,0.374,0.3663,0.3942,0.0733,NORMAL,0,0,Windows,unspecified
23:07:11.534,104.288,0.36,0.3588,0.3594,0.4023,0.0733,NORMAL,0,0,Windows,unspecified
23:07:11.565,104.319,0.36,0.3433,0.3517,0.4062,0.0733,NORMAL,0,0,Windows,unspecified
23:07:11.597,104.351,0.36,0.3588,0.3594,0.4123,0.0733,NORMAL,0,0,Windows,unspecified
23:07:11.629,104.383,0.3472,0.3547,0.351,0.4415,0.0733,NORMAL,0,0,Windows,unspecified
23:07:11.679,104.433,0.3596,0.3313,0.3455,0.4775,0.0733,NORMAL,0,0,Windows,unspecified
23:07:11.706,104.46,0.3592,0.3432,0.3512,0.4843,0.0733,NORMAL,0,0,Windows,unspecified
23:07:11.742,104.495,0.2949,0.2809,0.2879,0.4874,0.08,NORMAL,1,0,Windows,unspecified
23:07:11.769,104.523,0.2969,0.2577,0.2773,0.487,0.0867,NORMAL,2,0,Windows,unspecified
23:07:11.808,104.562,0.2335,0.1718,0.2026,0.4475,0.0933,NORMAL,3,0,Windows,unspecified
23:07:11.879,104.633,0.2112,0.1648,0.188,0.4328,0.1,NORMAL,4,0,Windows,unspecified
23:07:11.911,104.665,0.1975,0.1676,0.1826,0.4105,0.1067,NORMAL,5,0,Windows,unspecified
23:07:11.941,104.695,0.0973,0.1245,0.1109,0.3815,0.1133,NORMAL,6,0,Windows,unspecified
23:07:12.014,104.768,0.2407,0.2343,0.2375,0.3709,0.12,NORMAL,7,0,Windows,unspecified
23:07:12.049,104.803,0.2638,0.2475,0.2557,0.3584,0.1267,NORMAL,8,0,Windows,unspecified
23:07:12.081,104.834,0.2974,0.2982,0.2978,0.3732,0.1333,NORMAL,9,0,Windows,unspecified
23:07:12.140,104.894,0.2389,0.2868,0.2629,0.3864,0.14,WARNING,10,0,Windows,unspecified
23:07:12.174,104.928,0.2621,0.3129,0.2875,0.3968,0.1467,WARNING,11,0,Windows,unspecified
23:07:12.207,104.961,0.3676,0.3977,0.3827,0.462,0.1467,NORMAL,0,0,Windows,unspecified
23:07:12.238,104.992,0.3768,0.3689,0.3729,0.4717,0.1467,NORMAL,0,0,Windows,unspecified
23:07:12.270,105.024,0.3792,0.3712,0.3752,0.4803,0.1467,NORMAL,0,0,Windows,unspecified
23:07:12.302,105.056,0.3719,0.3481,0.36,0.4858,0.1467,NORMAL,0,0,Windows,unspecified
23:07:12.330,105.084,0.3653,0.3399,0.3526,0.4799,0.1467,NORMAL,0,0,Windows,unspecified
23:07:12.365,105.119,0.3808,0.34,0.3604,0.4794,0.1467,NORMAL,0,0,Windows,unspecified
23:07:12.396,105.15,0.3812,0.3281,0.3547,0.4648,0.1467,NORMAL,0,0,Windows,unspecified
23:07:12.458,105.212,0.3502,0.3453,0.3478,0.4915,0.1467,NORMAL,0,0,Windows,unspecified
23:07:12.491,105.245,0.3614,0.3308,0.3461,0.4976,0.1467,NORMAL,0,0,Windows,unspecified
23:07:12.522,105.276,0.3396,0.3284,0.334,0.5017,0.1467,NORMAL,0,0,Windows,unspecified
23:07:12.555,105.309,0.3431,0.3227,0.3329,0.4942,0.1467,NORMAL,0,0,Windows,unspecified
23:07:12.584,105.338,0.3494,0.3387,0.344,0.4866,0.1467,NORMAL,0,0,Windows,unspecified
23:07:12.616,105.37,0.3404,0.3303,0.3353,0.4549,0.1467,NORMAL,0,0,Windows,unspecified
23:07:12.647,105.401,0.3377,0.3198,0.3288,0.4424,0.1467,NORMAL,0,0,Windows,unspecified
23:07:12.679,105.433,0.3604,0.3561,0.3583,0.4317,0.1467,NORMAL,0,0,Windows,unspecified
23:07:12.709,105.463,0.359,0.3492,0.3541,0.4354,0.1467,NORMAL,0,0,Windows,unspecified
23:07:12.740,105.494,0.374,0.3322,0.3531,0.4396,0.1467,NORMAL,0,0,Windows,unspecified
23:07:12.769,105.523,0.3688,0.3373,0.353,0.4355,0.1467,NORMAL,0,0,Windows,unspecified
23:07:12.803,105.556,0.3672,0.3245,0.3458,0.4366,0.1467,NORMAL,0,0,Windows,unspecified
23:07:12.836,105.59,0.3587,0.3136,0.3362,0.446,0.1467,NORMAL,0,0,Windows,unspecified
23:07:12.866,105.62,0.3318,0.3292,0.3305,0.4447,0.1467,NORMAL,0,0,Windows,unspecified
23:07:12.897,105.651,0.3688,0.3348,0.3518,0.4131,0.1467,NORMAL,0,0,Windows,unspecified
23:07:12.941,105.695,0.3547,0.3224,0.3385,0.4443,0.1467,NORMAL,0,0,Windows,unspecified
23:07:12.975,105.729,0.3564,0.3283,0.3424,0.4381,0.1467,NORMAL,0,0,Windows,unspecified
23:07:13.005,105.759,0.3526,0.3378,0.3452,0.451,0.1467,NORMAL,0,0,Windows,unspecified
23:07:13.039,105.793,0.3564,0.3481,0.3523,0.4553,0.1467,NORMAL,0,0,Windows,unspecified
23:07:13.071,105.825,0.3564,0.3469,0.3517,0.4688,0.1467,NORMAL,0,0,Windows,unspecified
23:07:13.100,105.854,0.3425,0.3338,0.3382,0.469,0.1467,NORMAL,0,0,Windows,unspecified
23:07:13.129,105.883,0.3402,0.357,0.3486,0.4517,0.1467,NORMAL,0,0,Windows,unspecified
23:07:13.164,105.918,0.3504,0.3166,0.3335,0.4488,0.1467,NORMAL,0,0,Windows,unspecified
23:07:13.194,105.948,0.3504,0.3166,0.3335,0.4533,0.1467,NORMAL,0,0,Windows,unspecified
23:07:13.224,105.978,0.3305,0.33,0.3303,0.461,0.1467,NORMAL,0,0,Windows,unspecified
23:07:13.274,106.028,0.3135,0.3003,0.3069,0.4335,0.1467,NORMAL,0,0,Windows,unspecified
23:07:13.304,106.058,0.3296,0.2969,0.3133,0.4167,0.1467,NORMAL,0,0,Windows,unspecified
23:07:13.342,106.096,0.3214,0.3054,0.3134,0.3834,0.1467,NORMAL,0,0,Windows,unspecified
23:07:13.364,106.118,0.329,0.3136,0.3213,0.3663,0.14,NORMAL,0,0,Windows,unspecified
23:07:13.406,106.16,0.3392,0.3256,0.3324,0.3785,0.1333,NORMAL,0,0,Windows,unspecified
23:07:13.441,106.195,0.3517,0.3367,0.3442,0.3766,0.1267,NORMAL,0,0,Windows,unspecified
23:07:13.473,106.227,0.3069,0.2969,0.3019,0.478,0.12,NORMAL,0,0,Windows,unspecified
23:07:13.504,106.258,0.2983,0.3003,0.2993,0.494,0.12,NORMAL,1,0,Windows,unspecified
23:07:13.537,106.291,0.283,0.2789,0.281,0.5178,0.12,NORMAL,2,0,Windows,unspecified
23:07:13.568,106.322,0.2747,0.2734,0.274,0.5246,0.1267,NORMAL,3,0,Windows,unspecified
23:07:13.601,106.355,0.274,0.2693,0.2716,0.5161,0.1267,NORMAL,4,0,Windows,unspecified
23:07:13.631,106.385,0.2808,0.2693,0.275,0.5465,0.1333,NORMAL,5,0,Windows,unspecified
23:07:13.678,106.432,0.2559,0.2715,0.2637,0.5365,0.1333,NORMAL,6,0,Windows,unspecified
23:07:13.710,106.464,0.2491,0.2635,0.2563,0.5171,0.14,NORMAL,7,0,Windows,unspecified
23:07:13.743,106.497,0.2758,0.3002,0.288,0.5658,0.1467,NORMAL,8,0,Windows,unspecified
23:07:13.773,106.526,0.2701,0.2968,0.2834,0.5411,0.1533,NORMAL,9,0,Windows,unspecified
23:07:13.807,106.561,0.294,0.2968,0.2954,0.5525,0.16,WARNING,10,0,Windows,unspecified
23:07:13.838,106.592,0.3078,0.3174,0.3126,0.5096,0.16,NORMAL,0,0,Windows,unspecified
23:07:13.873,106.627,0.3009,0.3053,0.3031,0.4613,0.16,NORMAL,0,0,Windows,unspecified
23:07:13.900,106.654,0.2929,0.3101,0.3015,0.4552,0.16,NORMAL,0,0,Windows,unspecified
23:07:13.930,106.684,0.3305,0.3101,0.3203,0.4634,0.16,NORMAL,0,0,Windows,unspecified
23:07:13.966,106.719,0.3003,0.3101,0.3052,0.4849,0.16,NORMAL,0,0,Windows,unspecified
23:07:13.992,106.746,0.3015,0.3053,0.3034,0.4801,0.16,NORMAL,0,0,Windows,unspecified
23:07:14.022,106.775,0.3206,0.3017,0.3111,0.4802,0.16,NORMAL,0,0,Windows,unspecified
23:07:14.055,106.809,0.3187,0.3017,0.3102,0.4986,0.16,NORMAL,0,0,Windows,unspecified
23:07:14.087,106.841,0.2988,0.3017,0.3003,0.4759,0.1667,NORMAL,1,0,Windows,unspecified
23:07:14.141,106.895,0.311,0.3218,0.3164,0.4388,0.1667,NORMAL,0,0,Windows,unspecified
23:07:14.165,106.919,0.3118,0.3047,0.3083,0.4217,0.1667,NORMAL,0,0,Windows,unspecified
23:07:14.206,106.96,0.3058,0.3135,0.3096,0.4323,0.1667,NORMAL,0,0,Windows,unspecified
23:07:14.229,106.983,0.3039,0.3104,0.3072,0.4295,0.1667,NORMAL,0,0,Windows,unspecified
23:07:14.272,107.026,0.345,0.3099,0.3274,0.4461,0.1667,NORMAL,0,0,Windows,unspecified
23:07:14.306,107.06,0.3176,0.3052,0.3114,0.4331,0.1667,NORMAL,0,0,Windows,unspecified
23:07:14.337,107.091,0.2825,0.28,0.2813,0.469,0.1733,NORMAL,1,0,Windows,unspecified
23:07:14.371,107.125,0.3092,0.3101,0.3096,0.4777,0.1733,NORMAL,0,0,Windows,unspecified
23:07:14.400,107.154,0.3086,0.3,0.3043,0.4764,0.1733,NORMAL,0,0,Windows,unspecified
23:07:14.431,107.185,0.2988,0.2684,0.2836,0.5021,0.18,NORMAL,1,0,Windows,unspecified
23:07:14.478,107.231,0.2564,0.2405,0.2484,0.4869,0.1867,NORMAL,2,0,Windows,unspecified
23:07:14.510,107.264,0.2347,0.2624,0.2486,0.4956,0.1933,NORMAL,3,0,Windows,unspecified
23:07:14.543,107.297,0.2226,0.2404,0.2315,0.447,0.2,NORMAL,4,0,Windows,unspecified
23:07:14.575,107.329,0.1941,0.2491,0.2216,0.4409,0.2067,NORMAL,5,0,Windows,unspecified
23:07:14.607,107.361,0.1671,0.191,0.1791,0.4272,0.2133,NORMAL,6,0,Windows,unspecified
23:07:14.638,107.392,0.1664,0.1939,0.1801,0.4118,0.22,NORMAL,7,0,Windows,unspecified
23:07:14.670,107.424,0.125,0.1721,0.1485,0.435,0.22,NORMAL,8,0,Windows,unspecified
23:07:14.698,107.452,0.1527,0.1913,0.172,0.4323,0.22,NORMAL,9,0,Windows,unspecified
23:07:14.729,107.483,0.2433,0.2471,0.2452,0.4986,0.22,WARNING,10,0,Windows,unspecified
23:07:14.762,107.516,0.2158,0.2471,0.2315,0.4906,0.2267,WARNING,11,0,Windows,unspecified
23:07:14.792,107.546,0.2441,0.2471,0.2456,0.4893,0.2333,WARNING,12,0,Windows,unspecified
23:07:14.823,107.577,0.2994,0.2978,0.2986,0.4352,0.24,WARNING,13,0,Windows,unspecified
23:07:14.873,107.627,0.3293,0.3219,0.3256,0.4311,0.24,NORMAL,0,0,Windows,unspecified
23:07:14.902,107.656,0.3105,0.318,0.3142,0.4383,0.24,NORMAL,0,0,Windows,unspecified
23:07:14.941,107.695,0.387,0.3543,0.3706,0.4133,0.24,NORMAL,0,0,Windows,unspecified
23:07:14.963,107.717,0.4141,0.3606,0.3874,0.4098,0.24,NORMAL,0,0,Windows,unspecified
23:07:15.006,107.76,0.3753,0.3382,0.3567,0.4218,0.24,NORMAL,0,0,Windows,unspecified
23:07:15.041,107.795,0.3617,0.3357,0.3487,0.4235,0.24,NORMAL,0,0,Windows,unspecified
23:07:15.074,107.828,0.3406,0.3136,0.3271,0.4352,0.24,NORMAL,0,0,Windows,unspecified
23:07:15.106,107.859,0.3467,0.3268,0.3368,0.436,0.24,NORMAL,0,0,Windows,unspecified
23:07:15.135,107.889,0.345,0.3262,0.3356,0.464,0.24,NORMAL,0,0,Windows,unspecified
23:07:15.167,107.921,0.3436,0.3262,0.3349,0.4724,0.24,NORMAL,0,0,Windows,unspecified
23:07:15.199,107.953,0.3436,0.3262,0.3349,0.4779,0.24,NORMAL,0,0,Windows,unspecified
23:07:15.229,107.982,0.3436,0.3387,0.3411,0.5115,0.24,NORMAL,0,0,Windows,unspecified
23:07:15.279,108.033,0.3431,0.3354,0.3392,0.5265,0.24,NORMAL,0,0,Windows,unspecified
23:07:15.308,108.062,0.3704,0.3378,0.3541,0.5195,0.24,NORMAL,0,0,Windows,unspecified
23:07:15.341,108.095,0.3547,0.3342,0.3444,0.4849,0.24,NORMAL,0,0,Windows,unspecified
23:07:15.370,108.124,0.3401,0.3444,0.3422,0.4772,0.24,NORMAL,0,0,Windows,unspecified
23:07:15.405,108.159,0.36,0.3469,0.3535,0.4457,0.24,NORMAL,0,0,Windows,unspecified
23:07:15.433,108.187,0.3564,0.3357,0.3461,0.4379,0.24,NORMAL,0,0,Windows,unspecified
23:07:15.467,108.221,0.3479,0.3438,0.3458,0.5036,0.24,NORMAL,0,0,Windows,unspecified
23:07:15.494,108.248,0.3519,0.3348,0.3433,0.5174,0.24,NORMAL,0,0,Windows,unspecified
23:07:15.530,108.284,0.3462,0.3321,0.3392,0.467,0.24,NORMAL,0,0,Windows,unspecified
23:07:15.557,108.311,0.3462,0.3192,0.3327,0.4554,0.24,NORMAL,0,0,Windows,unspecified
23:07:15.592,108.346,0.337,0.3269,0.3319,0.4551,0.24,NORMAL,0,0,Windows,unspecified
23:07:15.621,108.375,0.3386,0.3429,0.3408,0.4452,0.24,NORMAL,0,0,Windows,unspecified
23:07:15.675,108.429,0.3375,0.3354,0.3364,0.4915,0.24,NORMAL,0,0,Windows,unspecified
23:07:15.699,108.453,0.3243,0.3218,0.3231,0.4898,0.24,NORMAL,0,0,Windows,unspecified
23:07:15.738,108.492,0.3272,0.3162,0.3217,0.4689,0.24,NORMAL,0,0,Windows,unspecified
23:07:15.762,108.516,0.3391,0.3348,0.3369,0.4612,0.24,NORMAL,0,0,Windows,unspecified
23:07:15.805,108.559,0.345,0.3321,0.3386,0.4263,0.24,NORMAL,0,0,Windows,unspecified
23:07:15.839,108.593,0.3467,0.3378,0.3423,0.4172,0.24,NORMAL,0,0,Windows,unspecified
23:07:15.870,108.624,0.3436,0.3178,0.3307,0.4597,0.24,NORMAL,0,0,Windows,unspecified
23:07:15.903,108.657,0.356,0.3311,0.3435,0.4645,0.24,NORMAL,0,0,Windows,unspecified
23:07:15.930,108.684,0.3332,0.3463,0.3397,0.4371,0.24,NORMAL,0,0,Windows,unspecified
23:07:15.964,108.718,0.3547,0.3438,0.3492,0.4523,0.24,NORMAL,0,0,Windows,unspecified
23:07:15.994,108.748,0.3406,0.341,0.3408,0.4506,0.24,NORMAL,0,0,Windows,unspecified
23:07:16.026,108.78,0.3563,0.341,0.3487,0.4377,0.24,NORMAL,0,0,Windows,unspecified
23:07:16.073,108.827,0.3547,0.3463,0.3505,0.4,0.24,NORMAL,0,0,Windows,unspecified
23:07:16.105,108.859,0.3603,0.3438,0.352,0.4,0.24,NORMAL,0,0,Windows,unspecified
23:07:16.137,108.891,0.3604,0.3444,0.3524,0.3851,0.24,NORMAL,0,0,Windows,unspecified
23:07:16.166,108.92,0.3479,0.3311,0.3395,0.3837,0.24,NORMAL,0,0,Windows,unspecified
23:07:16.206,108.96,0.3187,0.3047,0.3117,0.3776,0.24,NORMAL,0,0,Windows,unspecified
23:07:16.228,108.982,0.3049,0.3021,0.3035,0.3714,0.24,NORMAL,0,0,Windows,unspecified
23:07:16.271,109.025,0.2905,0.2888,0.2897,0.3768,0.2467,NORMAL,1,0,Windows,unspecified
23:07:16.310,109.064,0.2761,0.2968,0.2864,0.3805,0.2533,NORMAL,2,0,Windows,unspecified
23:07:16.339,109.093,0.2507,0.262,0.2564,0.3752,0.26,NORMAL,3,0,Windows,unspecified
23:07:16.372,109.126,0.2576,0.2491,0.2533,0.3906,0.2667,NORMAL,4,0,Windows,unspecified
23:07:16.402,109.156,0.2578,0.2469,0.2523,0.3944,0.2733,NORMAL,5,0,Windows,unspecified
23:07:16.433,109.187,0.2297,0.2335,0.2316,0.3761,0.28,NORMAL,6,0,Windows,unspecified
23:07:16.466,109.22,0.2498,0.2466,0.2482,0.3801,0.2867,NORMAL,7,0,Windows,unspecified
23:07:16.498,109.252,0.2512,0.2444,0.2478,0.3813,0.2933,NORMAL,8,0,Windows,unspecified
23:07:16.542,109.295,0.2578,0.2422,0.25,0.405,0.3,NORMAL,9,0,Windows,unspecified
23:07:16.574,109.328,0.2578,0.2417,0.2498,0.4052,0.3067,WARNING,10,0,Windows,unspecified
23:07:16.606,109.36,0.2644,0.2488,0.2566,0.4139,0.3133,WARNING,11,0,Windows,unspecified
23:07:16.637,109.391,0.2775,0.268,0.2727,0.427,0.32,WARNING,12,0,Windows,unspecified
23:07:16.670,109.423,0.2492,0.2554,0.2523,0.4329,0.3267,WARNING,13,0,Windows,unspecified
23:07:16.700,109.454,0.2768,0.261,0.2689,0.4346,0.3333,WARNING,14,0,Windows,unspecified
23:07:16.730,109.483,0.2767,0.2676,0.2722,0.4241,0.34,WARNING,15,0,Windows,unspecified
23:07:16.762,109.516,0.2988,0.2489,0.2738,0.4254,0.3467,WARNING,16,0,Windows,unspecified
23:07:16.793,109.547,0.2912,0.2621,0.2767,0.4223,0.3533,DROWSY,17,0,Windows,unspecified
23:07:16.825,109.579,0.2775,0.297,0.2872,0.4322,0.3533,DROWSY,18,0,Windows,unspecified
23:07:16.857,109.611,0.2912,0.3051,0.2981,0.4313,0.3533,DROWSY,19,0,Windows,unspecified
23:07:16.890,109.644,0.374,0.3373,0.3556,0.4225,0.3467,NORMAL,0,0,Windows,unspecified
23:07:16.941,109.695,0.3982,0.3756,0.3869,0.4399,0.34,NORMAL,0,0,Windows,unspecified
23:07:16.967,109.72,0.3892,0.3854,0.3873,0.4442,0.3333,NORMAL,0,0,Windows,unspecified
23:07:17.005,109.759,0.4167,0.3996,0.4081,0.4775,0.3267,NORMAL,0,0,Windows,unspecified
23:07:17.030,109.784,0.4519,0.4113,0.4316,0.4831,0.32,NORMAL,0,0,Windows,unspecified
23:07:17.070,109.824,0.4033,0.3772,0.3903,0.5198,0.3133,NORMAL,0,0,Windows,unspecified
23:07:17.093,109.847,0.4121,0.3871,0.3996,0.5124,0.3067,NORMAL,0,0,Windows,unspecified
23:07:17.130,109.884,0.4007,0.3756,0.3881,0.4622,0.3,NORMAL,0,0,Windows,unspecified
23:07:17.156,109.91,0.4144,0.4142,0.4143,0.4473,0.2933,NORMAL,0,0,Windows,unspecified
23:07:17.186,109.94,0.4011,0.4013,0.4012,0.4535,0.2933,NORMAL,0,0,Windows,unspecified
23:07:17.219,109.973,0.4037,0.3881,0.3959,0.4332,0.2933,NORMAL,0,0,Windows,unspecified
23:07:17.250,110.004,0.4307,0.4122,0.4214,0.4197,0.2933,NORMAL,0,0,Windows,unspecified
23:07:17.281,110.035,0.4307,0.3996,0.4151,0.4134,0.2933,NORMAL,0,0,Windows,unspecified
23:07:17.338,110.092,0.4393,0.4007,0.42,0.411,0.2933,NORMAL,0,0,Windows,unspecified
23:07:17.375,110.129,0.4138,0.4133,0.4135,0.4122,0.2933,NORMAL,0,0,Windows,unspecified
23:07:17.407,110.161,0.4529,0.4133,0.4331,0.4191,0.2933,NORMAL,0,0,Windows,unspecified
23:07:17.439,110.193,0.4406,0.4121,0.4263,0.4058,0.2933,NORMAL,0,0,Windows,unspecified
23:07:17.470,110.224,0.441,0.4259,0.4335,0.4203,0.2933,NORMAL,0,0,Windows,unspecified
23:07:17.500,110.254,0.4306,0.3881,0.4094,0.4296,0.2933,NORMAL,0,0,Windows,unspecified
23:07:17.530,110.284,0.4041,0.3756,0.3898,0.4328,0.2933,NORMAL,0,0,Windows,unspecified
23:07:17.562,110.316,0.3948,0.3489,0.3719,0.4151,0.2933,NORMAL,0,0,Windows,unspecified
23:07:17.592,110.346,0.3697,0.3756,0.3726,0.4175,0.2933,NORMAL,0,0,Windows,unspecified
23:07:17.623,110.377,0.3878,0.3572,0.3725,0.4278,0.2933,NORMAL,0,0,Windows,unspecified
23:07:17.679,110.432,0.2712,0.2693,0.2702,0.4412,0.3,NORMAL,1,0,Windows,unspecified
23:07:17.705,110.459,0.243,0.2491,0.246,0.4456,0.3067,NORMAL,2,0,Windows,unspecified
23:07:17.742,110.496,0.204,0.2194,0.2117,0.4738,0.3133,NORMAL,3,0,Windows,unspecified
23:07:17.780,110.534,0.1997,0.1935,0.1966,0.4638,0.32,NORMAL,4,0,Windows,unspecified
23:07:17.812,110.566,0.1969,0.1991,0.198,0.4967,0.3267,NORMAL,5,0,Windows,unspecified
23:07:17.844,110.598,0.1825,0.2068,0.1946,0.5136,0.3333,NORMAL,6,0,Windows,unspecified
23:07:17.875,110.629,0.2161,0.2503,0.2332,0.534,0.34,NORMAL,7,0,Windows,unspecified
23:07:17.905,110.659,0.2222,0.2355,0.2288,0.5407,0.3467,NORMAL,8,0,Windows,unspecified
23:07:17.939,110.693,0.2769,0.2767,0.2768,0.5301,0.3533,DROWSY,9,0,Windows,unspecified
23:07:17.969,110.723,0.2823,0.2631,0.2727,0.5349,0.36,DROWSY,10,0,Windows,unspecified
23:07:18.001,110.755,0.2814,0.2763,0.2789,0.5474,0.3667,DROWSY,11,0,Windows,unspecified
23:07:18.032,110.786,0.356,0.3431,0.3495,0.5312,0.3667,DROWSY,0,0,Windows,unspecified
23:07:18.063,110.817,0.3437,0.3162,0.33,0.5179,0.3667,DROWSY,0,0,Windows,unspecified
23:07:18.096,110.849,0.374,0.3836,0.3788,0.5292,0.3667,DROWSY,0,0,Windows,unspecified
23:07:18.140,110.894,0.3725,0.3577,0.3651,0.5194,0.3667,DROWSY,0,0,Windows,unspecified
23:07:18.173,110.927,0.3705,0.3565,0.3635,0.5097,0.3667,DROWSY,0,0,Windows,unspecified
23:07:18.206,110.96,0.3704,0.37,0.3702,0.5156,0.3667,DROWSY,0,0,Windows,unspecified
23:07:18.237,110.99,0.3845,0.37,0.3773,0.5013,0.3667,DROWSY,0,0,Windows,unspecified
23:07:18.272,111.026,0.3845,0.37,0.3773,0.5174,0.3667,DROWSY,0,0,Windows,unspecified
23:07:18.300,111.054,0.3845,0.37,0.3773,0.5074,0.3667,DROWSY,0,0,Windows,unspecified
23:07:18.329,111.083,0.3845,0.3785,0.3815,0.5026,0.3667,DROWSY,0,0,Windows,unspecified
23:07:18.363,111.117,0.3845,0.3811,0.3828,0.5082,0.3667,DROWSY,0,0,Windows,unspecified
23:07:18.393,111.147,0.384,0.3674,0.3757,0.496,0.3667,DROWSY,0,0,Windows,unspecified
23:07:18.424,111.178,0.3986,0.3674,0.383,0.5026,0.3667,DROWSY,0,0,Windows,unspecified
23:07:18.476,111.23,0.3986,0.3778,0.3882,0.5027,0.3667,DROWSY,0,0,Windows,unspecified
23:07:18.503,111.257,0.3986,0.3702,0.3844,0.5027,0.36,DROWSY,0,0,Windows,unspecified
23:07:18.541,111.295,0.4126,0.3702,0.3914,0.503,0.3533,DROWSY,0,0,Windows,unspecified
23:07:18.566,111.32,0.4111,0.3833,0.3972,0.5066,0.3467,NORMAL,0,0,Windows,unspecified
23:07:18.609,111.363,0.4111,0.3857,0.3984,0.5066,0.34,NORMAL,0,0,Windows,unspecified
23:07:18.645,111.398,0.4014,0.3833,0.3923,0.5088,0.3333,NORMAL,0,0,Windows,unspecified
23:07:18.679,111.433,0.4014,0.3857,0.3935,0.5137,0.3267,NORMAL,0,0,Windows,unspecified
23:07:18.710,111.464,0.4126,0.3833,0.398,0.5146,0.32,NORMAL,0,0,Windows,unspecified
23:07:18.741,111.495,0.4126,0.3733,0.393,0.5116,0.3133,NORMAL,0,0,Windows,unspecified
23:07:18.772,111.526,0.4014,0.3857,0.3935,0.5097,0.3067,NORMAL,0,0,Windows,unspecified
23:07:18.803,111.557,0.4014,0.3857,0.3935,0.5072,0.3,NORMAL,0,0,Windows,unspecified
23:07:18.834,111.588,0.4151,0.3733,0.3942,0.5007,0.3,NORMAL,0,0,Windows,unspecified
23:07:18.879,111.633,0.4014,0.3967,0.399,0.5209,0.3,NORMAL,0,0,Windows,unspecified
23:07:18.912,111.666,0.4388,0.3967,0.4177,0.5336,0.3,NORMAL,0,0,Windows,unspecified
23:07:18.943,111.697,0.3992,0.3957,0.3975,0.5278,0.3,NORMAL,0,0,Windows,unspecified
23:07:18.978,111.732,0.4374,0.3833,0.4104,0.5222,0.3,NORMAL,0,0,Windows,unspecified
23:07:19.007,111.76,0.3992,0.3863,0.3928,0.5095,0.3,NORMAL,0,0,Windows,unspecified
23:07:19.040,111.793,0.4126,0.3967,0.4046,0.5061,0.3,NORMAL,0,0,Windows,unspecified
23:07:19.086,111.839,0.4249,0.3854,0.4051,0.5163,0.3,NORMAL,0,0,Windows,unspecified
23:07:19.114,111.868,0.4134,0.3733,0.3933,0.5278,0.2933,NORMAL,0,0,Windows,unspecified
23:07:19.164,111.918,0.4014,0.3863,0.3938,0.5145,0.2933,NORMAL,0,0,Windows,unspecified
23:07:19.195,111.949,0.415,0.3863,0.4006,0.5147,0.2933,NORMAL,0,0,Windows,unspecified
23:07:19.241,111.995,0.4014,0.3863,0.3938,0.5091,0.2933,NORMAL,0,0,Windows,unspecified
23:07:19.304,112.058,0.4134,0.3854,0.3994,0.5077,0.2933,NORMAL,0,0,Windows,unspecified
23:07:19.336,112.089,0.3997,0.3863,0.393,0.5014,0.2933,NORMAL,0,0,Windows,unspecified
23:07:19.367,112.12,0.415,0.3863,0.4006,0.5181,0.2933,NORMAL,0,0,Windows,unspecified
23:07:19.399,112.153,0.4147,0.3854,0.4,0.5123,0.2867,NORMAL,0,0,Windows,unspecified
23:07:19.430,112.184,0.4147,0.3724,0.3935,0.5053,0.2867,NORMAL,0,0,Windows,unspecified
23:07:19.461,112.215,0.4134,0.3724,0.3929,0.5358,0.2867,NORMAL,0,0,Windows,unspecified
23:07:19.507,112.261,0.4134,0.3693,0.3913,0.5303,0.28,NORMAL,0,0,Windows,unspecified
23:07:19.538,112.292,0.4014,0.3667,0.384,0.5511,0.2733,NORMAL,0,0,Windows,unspecified
23:07:19.572,112.325,0.4014,0.3596,0.3805,0.56,0.2667,NORMAL,0,0,Windows,unspecified
23:07:19.614,112.368,0.3775,0.3596,0.3686,0.5272,0.26,NORMAL,0,0,Windows,unspecified
23:07:19.678,112.432,0.3878,0.3605,0.3741,0.498,0.2533,NORMAL,0,0,Windows,unspecified
23:07:19.711,112.465,0.3892,0.3489,0.369,0.4875,0.2467,NORMAL,0,0,Windows,unspecified
23:07:19.744,112.498,0.3774,0.3596,0.3685,0.4668,0.24,NORMAL,0,0,Windows,unspecified
23:07:19.772,112.526,0.3907,0.3596,0.3752,0.4737,0.2333,NORMAL,0,0,Windows,unspecified
23:07:19.806,112.56,0.3907,0.3596,0.3752,0.4613,0.2267,NORMAL,0,0,Windows,unspecified
23:07:19.835,112.589,0.3907,0.3596,0.3752,0.4604,0.22,NORMAL,0,0,Windows,unspecified
23:07:19.870,112.624,0.3986,0.3596,0.3791,0.4629,0.2133,NORMAL,0,0,Windows,unspecified
23:07:19.899,112.653,0.3986,0.3585,0.3786,0.4629,0.2067,NORMAL,0,0,Windows,unspecified
23:07:19.930,112.684,0.3859,0.3467,0.3663,0.4477,0.2,NORMAL,0,0,Windows,unspecified
23:07:19.962,112.716,0.3986,0.3534,0.376,0.4426,0.2,NORMAL,0,0,Windows,unspecified
23:07:19.993,112.747,0.3986,0.3667,0.3827,0.4385,0.2,NORMAL,0,0,Windows,unspecified
23:07:20.025,112.779,0.374,0.3667,0.3704,0.4207,0.2,NORMAL,0,0,Windows,unspecified
23:07:20.080,112.834,0.3859,0.3572,0.3715,0.4237,0.2,NORMAL,0,0,Windows,unspecified
23:07:20.105,112.859,0.3901,0.3596,0.3749,0.4162,0.2,NORMAL,0,0,Windows,unspecified
23:07:20.143,112.896,0.3971,0.3596,0.3784,0.4452,0.2,NORMAL,0,0,Windows,unspecified
23:07:20.166,112.919,0.3859,0.3481,0.367,0.4504,0.2,NORMAL,0,0,Windows,unspecified
23:07:20.207,112.961,0.3874,0.3281,0.3578,0.4949,0.2,NORMAL,0,0,Windows,unspecified
23:07:20.244,112.998,0.3859,0.3471,0.3665,0.5052,0.2,NORMAL,0,0,Windows,unspecified
23:07:20.274,113.028,0.3874,0.3369,0.3622,0.4936,0.2,NORMAL,0,0,Windows,unspecified
23:07:20.305,113.059,0.3859,0.3345,0.3602,0.4936,0.2,NORMAL,0,0,Windows,unspecified
23:07:20.347,113.101,0.3983,0.3471,0.3727,0.4787,0.2,NORMAL,0,0,Windows,unspecified
23:07:20.384,113.138,0.3859,0.3457,0.3658,0.4804,0.2,NORMAL,0,0,Windows,unspecified
23:07:20.416,113.17,0.4001,0.3331,0.3666,0.4862,0.2,NORMAL,0,0,Windows,unspecified
23:07:20.446,113.2,0.3885,0.3331,0.3608,0.4615,0.2,NORMAL,0,0,Windows,unspecified
23:07:20.479,113.233,0.3768,0.3369,0.3568,0.4839,0.2,NORMAL,0,0,Windows,unspecified
23:07:20.509,113.263,0.3874,0.3229,0.3552,0.4951,0.2,NORMAL,0,0,Windows,unspecified
23:07:20.541,113.295,0.3753,0.3355,0.3554,0.4976,0.2,NORMAL,0,0,Windows,unspecified
23:07:20.570,113.324,0.3753,0.3355,0.3554,0.5079,0.2,NORMAL,0,0,Windows,unspecified
23:07:20.603,113.357,0.3845,0.334,0.3592,0.511,0.2,NORMAL,0,0,Windows,unspecified
23:07:20.631,113.385,0.374,0.3369,0.3555,0.5108,0.2,NORMAL,0,0,Windows,unspecified
23:07:20.671,113.425,0.3725,0.3345,0.3535,0.5094,0.2,NORMAL,0,0,Windows,unspecified
23:07:20.694,113.448,0.372,0.3456,0.3588,0.5065,0.2,NORMAL,0,0,Windows,unspecified
23:07:20.746,113.499,0.3725,0.3369,0.3547,0.5175,0.2,NORMAL,0,0,Windows,unspecified
23:07:20.773,113.527,0.3587,0.3369,0.3478,0.522,0.2,NORMAL,0,0,Windows,unspecified
23:07:20.807,113.561,0.359,0.3369,0.3479,0.522,0.2,NORMAL,0,0,Windows,unspecified
23:07:20.835,113.589,0.3689,0.3369,0.3529,0.5074,0.2,NORMAL,0,0,Windows,unspecified
23:07:20.879,113.633,0.397,0.3331,0.365,0.5053,0.2,NORMAL,0,0,Windows,unspecified
23:07:20.912,113.666,0.3859,0.3331,0.3595,0.5097,0.2,NORMAL,0,0,Windows,unspecified
23:07:20.944,113.698,0.3874,0.3286,0.358,0.4863,0.2,NORMAL,0,0,Windows,unspecified
23:07:20.976,113.73,0.3845,0.3517,0.3681,0.4788,0.2,NORMAL,0,0,Windows,unspecified
23:07:21.010,113.764,0.4041,0.3517,0.3779,0.4629,0.2,NORMAL,0,0,Windows,unspecified
23:07:21.038,113.792,0.3874,0.3597,0.3735,0.465,0.2,NORMAL,0,0,Windows,unspecified
23:07:21.069,113.823,0.418,0.353,0.3855,0.4517,0.2,NORMAL,0,0,Windows,unspecified
23:07:21.103,113.857,0.3874,0.3495,0.3685,0.456,0.2,NORMAL,0,0,Windows,unspecified
23:07:21.147,113.901,0.4171,0.3483,0.3827,0.4325,0.2,NORMAL,0,0,Windows,unspecified
23:07:21.179,113.933,0.3885,0.3397,0.3641,0.4305,0.2,NORMAL,0,0,Windows,unspecified
23:07:21.209,113.963,0.3986,0.3518,0.3752,0.437,0.2,NORMAL,0,0,Windows,unspecified
23:07:21.245,113.999,0.404,0.3496,0.3768,0.4323,0.2,NORMAL,0,0,Windows,unspecified
23:07:21.278,114.032,0.3885,0.3518,0.3702,0.4388,0.2,NORMAL,0,0,Windows,unspecified
23:07:21.308,114.062,0.3885,0.3614,0.375,0.4388,0.2,NORMAL,0,0,Windows,unspecified
23:07:21.341,114.095,0.3912,0.3361,0.3636,0.4305,0.2,NORMAL,0,0,Windows,unspecified
23:07:21.371,114.125,0.3901,0.3361,0.3631,0.4305,0.1933,NORMAL,0,0,Windows,unspecified
23:07:21.404,114.158,0.4014,0.3361,0.3687,0.4307,0.1867,NORMAL,0,0,Windows,unspecified
23:07:21.433,114.187,0.4014,0.3361,0.3687,0.4239,0.18,NORMAL,0,0,Windows,unspecified
23:07:21.471,114.225,0.404,0.3371,0.3705,0.4247,0.1733,NORMAL,0,0,Windows,unspecified
23:07:21.496,114.25,0.3874,0.3361,0.3617,0.4225,0.1667,NORMAL,0,0,Windows,unspecified
23:07:21.548,114.302,0.3874,0.3483,0.3678,0.4191,0.16,NORMAL,0,0,Windows,unspecified
23:07:21.574,114.328,0.4014,0.3614,0.3814,0.415,0.1533,NORMAL,0,0,Windows,unspecified
23:07:21.605,114.359,0.4014,0.3507,0.3761,0.4106,0.1467,NORMAL,0,0,Windows,unspecified
23:07:21.637,114.391,0.4014,0.3387,0.3701,0.4191,0.14,NORMAL,0,0,Windows,unspecified
23:07:21.678,114.432,0.3901,0.3421,0.3661,0.423,0.1333,NORMAL,0,0,Windows,unspecified
23:07:21.714,114.468,0.3885,0.3268,0.3577,0.4266,0.1267,NORMAL,0,0,Windows,unspecified
23:07:21.743,114.497,0.3774,0.3268,0.3521,0.4146,0.12,NORMAL,0,0,Windows,unspecified
23:07:21.776,114.53,0.3885,0.3268,0.3577,0.4232,0.1133,NORMAL,0,0,Windows,unspecified
23:07:21.802,114.556,0.3885,0.3605,0.3745,0.4307,0.1067,NORMAL,0,0,Windows,unspecified
23:07:21.824,114.578,0.3912,0.3469,0.3691,0.4262,0.1,NORMAL,0,0,Windows,unspecified
23:07:21.870,114.624,0.3912,0.3348,0.363,0.435,0.0933,NORMAL,0,0,Windows,unspecified
23:07:21.904,114.658,0.3804,0.3469,0.3637,0.4331,0.0867,NORMAL,0,0,Windows,unspecified
23:07:21.948,114.702,0.3949,0.3387,0.3668,0.433,0.08,NORMAL,0,0,Windows,unspecified
23:07:21.983,114.737,0.3927,0.3281,0.3604,0.433,0.0733,NORMAL,0,0,Windows,unspecified
23:07:22.017,114.771,0.3941,0.3387,0.3664,0.4346,0.0733,NORMAL,0,0,Windows,unspecified
23:07:22.047,114.801,0.4034,0.34,0.3717,0.4307,0.0733,NORMAL,0,0,Windows,unspecified
23:07:22.079,114.833,0.3947,0.34,0.3673,0.4242,0.0733,NORMAL,0,0,Windows,unspecified
23:07:22.109,114.863,0.3785,0.3507,0.3646,0.4326,0.0733,NORMAL,0,0,Windows,unspecified
23:07:22.141,114.895,0.3789,0.34,0.3595,0.4326,0.0733,NORMAL,0,0,Windows,unspecified
23:07:22.170,114.923,0.3915,0.3387,0.3651,0.4284,0.0733,NORMAL,0,0,Windows,unspecified
23:07:22.200,114.954,0.3763,0.3434,0.3599,0.4301,0.0733,NORMAL,0,0,Windows,unspecified
23:07:22.234,114.988,0.3676,0.3184,0.343,0.4231,0.0733,NORMAL,0,0,Windows,unspecified
23:07:22.268,115.022,0.3471,0.2826,0.3148,0.4265,0.0733,NORMAL,0,0,Windows,unspecified
23:07:22.295,115.049,0.3202,0.2826,0.3014,0.4265,0.0733,NORMAL,0,0,Windows,unspecified
23:07:22.347,115.101,0.3176,0.2595,0.2885,0.4265,0.08,NORMAL,1,0,Windows,unspecified
23:07:22.374,115.128,0.3193,0.2588,0.2891,0.4225,0.0867,NORMAL,2,0,Windows,unspecified
23:07:22.407,115.161,0.3193,0.2588,0.2891,0.4225,0.0933,NORMAL,3,0,Windows,unspecified
23:07:22.440,115.194,0.3193,0.2707,0.295,0.4265,0.1,NORMAL,4,0,Windows,unspecified
23:07:22.479,115.233,0.3193,0.265,0.2922,0.4254,0.1067,NORMAL,5,0,Windows,unspecified
23:07:22.515,115.269,0.3193,0.2534,0.2864,0.419,0.1133,NORMAL,6,0,Windows,unspecified
23:07:22.547,115.301,0.2968,0.2417,0.2693,0.4314,0.12,NORMAL,7,0,Windows,unspecified
23:07:22.579,115.333,0.3088,0.2588,0.2838,0.4311,0.1267,NORMAL,8,0,Windows,unspecified
23:07:22.608,115.362,0.3105,0.2714,0.2909,0.4378,0.1333,NORMAL,9,0,Windows,unspecified
23:07:22.640,115.394,0.3374,0.2945,0.316,0.4378,0.1333,NORMAL,0,0,Windows,unspecified
23:07:22.672,115.426,0.3648,0.3073,0.336,0.4354,0.1333,NORMAL,0,0,Windows,unspecified
23:07:22.707,115.461,0.3641,0.3171,0.3406,0.4372,0.1333,NORMAL,0,0,Windows,unspecified
23:07:22.747,115.5,0.3641,0.3249,0.3445,0.4321,0.1333,NORMAL,0,0,Windows,unspecified
23:07:22.782,115.536,0.3641,0.3249,0.3445,0.4355,0.1267,NORMAL,0,0,Windows,unspecified
23:07:22.809,115.563,0.3641,0.3249,0.3445,0.4398,0.12,NORMAL,0,0,Windows,unspecified
23:07:22.844,115.598,0.3778,0.3361,0.3569,0.4248,0.1133,NORMAL,0,0,Windows,unspecified
23:07:22.873,115.627,0.4026,0.3361,0.3694,0.4164,0.1067,NORMAL,0,0,Windows,unspecified
23:07:22.909,115.663,0.3939,0.3281,0.361,0.4229,0.1,NORMAL,0,0,Windows,unspecified
23:07:22.942,115.696,0.4062,0.3294,0.3678,0.4229,0.0933,NORMAL,0,0,Windows,unspecified
23:07:22.970,115.724,0.4052,0.3281,0.3666,0.4229,0.0867,NORMAL,0,0,Windows,unspecified
23:07:23.007,115.761,0.4052,0.3281,0.3666,0.425,0.08,NORMAL,0,0,Windows,unspecified
23:07:23.033,115.787,0.4052,0.352,0.3786,0.4226,0.0733,NORMAL,0,0,Windows,unspecified
23:07:23.072,115.825,0.3923,0.3507,0.3715,0.4164,0.0667,NORMAL,0,0,Windows,unspecified
23:07:23.096,115.85,0.3922,0.3268,0.3595,0.4164,0.06,NORMAL,0,0,Windows,unspecified
23:07:23.151,115.905,0.4052,0.34,0.3726,0.4171,0.06,NORMAL,0,0,Windows,unspecified
23:07:23.173,115.927,0.3915,0.3507,0.3711,0.4191,0.06,NORMAL,0,0,Windows,unspecified
23:07:23.205,115.958,0.3915,0.3387,0.3651,0.4191,0.06,NORMAL,0,0,Windows,unspecified
23:07:23.236,115.99,0.3778,0.3217,0.3497,0.4196,0.06,NORMAL,0,0,Windows,unspecified
23:07:23.279,116.033,0.3943,0.354,0.3742,0.4152,0.06,NORMAL,0,0,Windows,unspecified
23:07:23.315,116.069,0.4038,0.3321,0.3679,0.4086,0.06,NORMAL,0,0,Windows,unspecified
23:07:23.350,116.104,0.3967,0.3413,0.369,0.4236,0.06,NORMAL,0,0,Windows,unspecified
23:07:23.381,116.135,0.3943,0.3413,0.3678,0.4193,0.06,NORMAL,0,0,Windows,unspecified
23:07:23.413,116.167,0.4038,0.3483,0.3761,0.4315,0.06,NORMAL,0,0,Windows,unspecified
23:07:23.441,116.195,0.4038,0.34,0.3719,0.4333,0.06,NORMAL,0,0,Windows,unspecified
23:07:23.473,116.227,0.3943,0.3387,0.3665,0.4249,0.06,NORMAL,0,0,Windows,unspecified
23:07:23.504,116.258,0.3901,0.3483,0.3692,0.4251,0.06,NORMAL,0,0,Windows,unspecified
23:07:23.537,116.291,0.3891,0.3361,0.3626,0.4237,0.06,NORMAL,0,0,Windows,unspecified
23:07:23.569,116.323,0.4038,0.352,0.3779,0.4313,0.06,NORMAL,0,0,Windows,unspecified
23:07:23.599,116.353,0.4038,0.352,0.3779,0.4249,0.06,NORMAL,0,0,Windows,unspecified
23:07:23.630,116.384,0.4038,0.3532,0.3785,0.4315,0.06,NORMAL,0,0,Windows,unspecified
23:07:23.680,116.434,0.3753,0.3281,0.3517,0.4238,0.06,NORMAL,0,0,Windows,unspecified
23:07:23.709,116.462,0.3763,0.34,0.3582,0.4238,0.06,NORMAL,0,0,Windows,unspecified
23:07:23.742,116.496,0.3702,0.3294,0.3498,0.4262,0.06,NORMAL,0,0,Windows,unspecified
23:07:23.773,116.527,0.3943,0.3333,0.3638,0.4176,0.06,NORMAL,0,0,Windows,unspecified
23:07:23.807,116.561,0.3753,0.3281,0.3517,0.4217,0.06,NORMAL,0,0,Windows,unspecified
23:07:23.836,116.59,0.4038,0.3413,0.3726,0.4198,0.06,NORMAL,0,0,Windows,unspecified
23:07:23.866,116.619,0.3763,0.3294,0.3528,0.4217,0.06,NORMAL,0,0,Windows,unspecified
23:07:23.897,116.651,0.4038,0.3413,0.3726,0.4255,0.06,NORMAL,0,0,Windows,unspecified
23:07:23.929,116.683,0.3753,0.3294,0.3523,0.4255,0.06,NORMAL,0,0,Windows,unspecified
23:07:23.960,116.714,0.3763,0.3413,0.3588,0.4198,0.06,NORMAL,0,0,Windows,unspecified
23:07:23.990,116.744,0.4038,0.3413,0.3726,0.4198,0.06,NORMAL,0,0,Windows,unspecified
23:07:24.022,116.776,0.4038,0.3519,0.3779,0.4258,0.06,NORMAL,0,0,Windows,unspecified
23:07:24.079,116.833,0.381,0.3519,0.3665,0.4275,0.06,NORMAL,0,0,Windows,unspecified
23:07:24.101,116.855,0.381,0.3281,0.3546,0.4233,0.06,NORMAL,0,0,Windows,unspecified
23:07:24.141,116.895,0.3667,0.3321,0.3494,0.426,0.06,NORMAL,0,0,Windows,unspecified
23:07:24.164,116.918,0.3778,0.3321,0.3549,0.4281,0.06,NORMAL,0,0,Windows,unspecified
23:07:24.206,116.96,0.3702,0.3332,0.3517,0.4276,0.06,NORMAL,0,0,Windows,unspecified
23:07:24.242,116.996,0.39,0.3217,0.3558,0.4356,0.06,NORMAL,0,0,Windows,unspecified
23:07:24.273,117.027,0.3943,0.3204,0.3574,0.4356,0.06,NORMAL,0,0,Windows,unspecified
23:07:24.305,117.058,0.3693,0.3413,0.3553,0.4415,0.06,NORMAL,0,0,Windows,unspecified
23:07:24.336,117.09,0.3753,0.34,0.3577,0.4331,0.06,NORMAL,0,0,Windows,unspecified
23:07:24.369,117.123,0.2686,0.2345,0.2516,0.4609,0.0667,NORMAL,1,0,Windows,unspecified
23:07:24.401,117.155,0.2282,0.2004,0.2143,0.4676,0.0733,NORMAL,2,0,Windows,unspecified
23:07:24.431,117.185,0.1178,0.0655,0.0916,0.4525,0.08,NORMAL,3,0,Windows,unspecified
23:07:24.479,117.233,0.1673,0.1238,0.1455,0.4118,0.0867,NORMAL,4,0,Windows,unspecified
23:07:24.509,117.263,0.208,0.1426,0.1753,0.4149,0.0933,NORMAL,5,0,Windows,unspecified
23:07:24.541,117.295,0.254,0.1951,0.2246,0.3965,0.1,NORMAL,6,0,Windows,unspecified
23:07:24.570,117.324,0.2752,0.2324,0.2538,0.3886,0.1067,NORMAL,7,0,Windows,unspecified
23:07:24.605,117.359,0.2867,0.24,0.2634,0.387,0.1133,NORMAL,8,0,Windows,unspecified
23:07:24.632,117.386,0.3028,0.2673,0.2851,0.384,0.12,NORMAL,9,0,Windows,unspecified
23:07:24.667,117.421,0.3172,0.2643,0.2907,0.39,0.1267,WARNING,10,0,Windows,unspecified
23:07:24.696,117.45,0.3165,0.2764,0.2965,0.3886,0.1333,WARNING,11,0,Windows,unspecified
23:07:24.726,117.48,0.3183,0.2764,0.2974,0.3886,0.14,WARNING,12,0,Windows,unspecified
23:07:24.759,117.513,0.3231,0.2886,0.3059,0.3831,0.14,NORMAL,0,0,Windows,unspecified
23:07:24.790,117.544,0.3231,0.2859,0.3045,0.3825,0.14,NORMAL,0,0,Windows,unspecified
23:07:24.820,117.574,0.3374,0.2792,0.3083,0.3859,0.14,NORMAL,0,0,Windows,unspecified
23:07:24.875,117.629,0.3374,0.2775,0.3075,0.3784,0.14,NORMAL,0,0,Windows,unspecified
23:07:24.899,117.653,0.347,0.2859,0.3165,0.3672,0.14,NORMAL,0,0,Windows,unspecified
23:07:24.943,117.696,0.3374,0.3044,0.3209,0.3572,0.14,NORMAL,0,0,Windows,unspecified
23:07:24.976,117.73,0.3511,0.3044,0.3277,0.3473,0.14,NORMAL,0,0,Windows,unspecified
23:07:25.010,117.764,0.3504,0.3248,0.3376,0.3421,0.14,NORMAL,0,0,Windows,unspecified
23:07:25.040,117.794,0.3424,0.3239,0.3332,0.3423,0.14,NORMAL,0,0,Windows,unspecified
23:07:25.066,117.82,0.3641,0.3361,0.3501,0.3407,0.14,NORMAL,0,0,Windows,unspecified
23:07:25.100,117.854,0.3667,0.3281,0.3474,0.3406,0.14,NORMAL,0,0,Windows,unspecified
23:07:25.131,117.885,0.3569,0.3291,0.343,0.3406,0.14,NORMAL,0,0,Windows,unspecified
23:07:25.162,117.916,0.3641,0.3268,0.3455,0.3415,0.14,NORMAL,0,0,Windows,unspecified
23:07:25.192,117.946,0.3667,0.3361,0.3514,0.3411,0.14,NORMAL,0,0,Windows,unspecified
23:07:25.224,117.978,0.3794,0.3361,0.3577,0.3335,0.14,NORMAL,0,0,Windows,unspecified
23:07:25.279,118.033,0.3778,0.3361,0.3569,0.3322,0.14,NORMAL,0,0,Windows,unspecified
23:07:25.303,118.057,0.3495,0.3374,0.3435,0.3381,0.14,NORMAL,0,0,Windows,unspecified
23:07:25.342,118.096,0.3929,0.3361,0.3645,0.3311,0.14,NORMAL,0,0,Windows,unspecified
23:07:25.364,118.118,0.3768,0.3374,0.3571,0.3309,0.14,NORMAL,0,0,Windows,unspecified
23:07:25.406,118.16,0.38,0.3387,0.3594,0.3334,0.14,NORMAL,0,0,Windows,unspecified
23:07:25.443,118.197,0.3794,0.3374,0.3584,0.3352,0.14,NORMAL,0,0,Windows,unspecified
23:07:25.475,118.229,0.358,0.3374,0.3477,0.3415,0.14,NORMAL,0,0,Windows,unspecified
23:07:25.505,118.259,0.3667,0.3374,0.3521,0.3472,0.14,NORMAL,0,0,Windows,unspecified
23:07:25.536,118.29,0.358,0.3361,0.3471,0.3486,0.14,NORMAL,0,0,Windows,unspecified
23:07:25.567,118.321,0.341,0.3444,0.3427,0.3725,0.14,NORMAL,0,0,Windows,unspecified
23:07:25.613,118.366,0.3676,0.3471,0.3574,0.3874,0.14,NORMAL,0,0,Windows,unspecified
23:07:25.643,118.396,0.3676,0.3432,0.3554,0.3912,0.14,NORMAL,0,0,Windows,unspecified
23:07:25.679,118.433,0.3667,0.3667,0.3667,0.399,0.14,NORMAL,0,0,Windows,unspecified
23:07:25.709,118.463,0.3479,0.3467,0.3473,0.389,0.14,NORMAL,0,0,Windows,unspecified
23:07:25.741,118.495,0.3563,0.3348,0.3455,0.3875,0.14,NORMAL,0,0,Windows,unspecified
23:07:25.770,118.524,0.3479,0.3192,0.3335,0.3959,0.14,NORMAL,0,0,Windows,unspecified
23:07:25.805,118.559,0.3582,0.3236,0.3409,0.3964,0.14,NORMAL,0,0,Windows,unspecified
23:07:25.834,118.587,0.3445,0.3451,0.3448,0.3924,0.14,NORMAL,0,0,Windows,unspecified
23:07:25.866,118.62,0.345,0.3236,0.3343,0.3938,0.14,NORMAL,0,0,Windows,unspecified
23:07:25.896,118.649,0.3467,0.3451,0.3459,0.3897,0.14,NORMAL,0,0,Windows,unspecified
23:07:25.928,118.682,0.3467,0.3451,0.3459,0.3903,0.14,NORMAL,0,0,Windows,unspecified
23:07:25.960,118.714,0.3265,0.315,0.3208,0.3965,0.14,NORMAL,0,0,Windows,unspecified
23:07:25.993,118.747,0.2843,0.2917,0.288,0.398,0.1467,NORMAL,1,0,Windows,unspecified
23:07:26.023,118.777,0.2355,0.2309,0.2332,0.4096,0.1533,NORMAL,2,0,Windows,unspecified
23:07:26.078,118.832,0.2564,0.2308,0.2436,0.4224,0.16,NORMAL,3,0,Windows,unspecified
23:07:26.102,118.856,0.2564,0.2202,0.2383,0.4203,0.1667,NORMAL,4,0,Windows,unspecified
23:07:26.142,118.896,0.2854,0.2557,0.2705,0.4204,0.1733,NORMAL,5,0,Windows,unspecified
23:07:26.164,118.918,0.2911,0.2653,0.2782,0.4288,0.18,NORMAL,6,0,Windows,unspecified
23:07:26.206,118.959,0.2843,0.2401,0.2622,0.3993,0.1867,NORMAL,7,0,Windows,unspecified
23:07:26.228,118.982,0.2983,0.2661,0.2822,0.3982,0.1933,NORMAL,8,0,Windows,unspecified
23:07:26.266,119.02,0.278,0.2677,0.2729,0.3895,0.2,NORMAL,9,0,Windows,unspecified
23:07:26.292,119.046,0.2608,0.2579,0.2593,0.3775,0.2067,WARNING,10,0,Windows,unspecified
23:07:26.322,119.076,0.2573,0.2638,0.2606,0.3708,0.2133,WARNING,11,0,Windows,unspecified
23:07:26.356,119.11,0.1512,0.212,0.1816,0.3832,0.22,WARNING,12,0,Windows,unspecified
23:07:26.387,119.141,0.1704,0.2012,0.1858,0.4014,0.2267,WARNING,13,0,Windows,unspecified
23:07:26.419,119.173,0.2554,0.2463,0.2509,0.3892,0.2333,WARNING,14,0,Windows,unspecified
23:07:26.479,119.233,0.3281,0.3274,0.3277,0.3845,0.2333,NORMAL,0,0,Windows,unspecified
23:07:26.510,119.264,0.31,0.3089,0.3095,0.3872,0.2333,NORMAL,0,0,Windows,unspecified
23:07:26.543,119.296,0.3691,0.3578,0.3634,0.3843,0.2333,NORMAL,0,0,Windows,unspecified
23:07:26.573,119.327,0.3989,0.3706,0.3847,0.3795,0.2333,NORMAL,0,0,Windows,unspecified
23:07:26.607,119.361,0.4171,0.3991,0.4081,0.4028,0.2333,NORMAL,0,0,Windows,unspecified
23:07:26.638,119.392,0.4357,0.3991,0.4174,0.3926,0.2333,NORMAL,0,0,Windows,unspecified
23:07:26.667,119.421,0.4281,0.3931,0.4106,0.4022,0.2333,NORMAL,0,0,Windows,unspecified
23:07:26.702,119.455,0.4014,0.388,0.3947,0.4085,0.2333,NORMAL,0,0,Windows,unspecified
23:07:26.732,119.485,0.3916,0.3792,0.3854,0.4081,0.2333,NORMAL,0,0,Windows,unspecified
23:07:26.762,119.516,0.387,0.391,0.389,0.4005,0.2333,NORMAL,0,0,Windows,unspecified
23:07:26.793,119.547,0.388,0.3982,0.3931,0.3913,0.2333,NORMAL,0,0,Windows,unspecified
23:07:26.825,119.579,0.3918,0.3941,0.3929,0.3907,0.2333,NORMAL,0,0,Windows,unspecified
23:07:26.878,119.632,0.3704,0.4453,0.4079,0.3966,0.2333,NORMAL,0,0,Windows,unspecified
23:07:26.903,119.657,0.3819,0.4572,0.4196,0.4054,0.2333,NORMAL,0,0,Windows,unspecified
23:07:26.941,119.695,0.4273,0.4433,0.4353,0.3965,0.2333,NORMAL,0,0,Windows,unspecified
23:07:26.964,119.718,0.4472,0.4339,0.4405,0.4049,0.2333,NORMAL,0,0,Windows,unspecified
23:07:27.006,119.76,0.4585,0.4704,0.4644,0.3986,0.2333,NORMAL,0,0,Windows,unspecified
23:07:27.041,119.795,0.4366,0.4316,0.4341,0.3841,0.2333,NORMAL,0,0,Windows,unspecified
23:07:27.074,119.828,0.4544,0.4607,0.4576,0.3789,0.2333,NORMAL,0,0,Windows,unspecified
23:07:27.107,119.861,0.4262,0.4528,0.4395,0.3824,0.2333,NORMAL,0,0,Windows,unspecified
23:07:27.139,119.892,0.4376,0.4472,0.4424,0.3782,0.2333,NORMAL,0,0,Windows,unspecified
23:07:27.171,119.925,0.4365,0.4618,0.4491,0.3881,0.2333,NORMAL,0,0,Windows,unspecified
23:07:27.202,119.956,0.4365,0.4528,0.4447,0.3861,0.2333,NORMAL,0,0,Windows,unspecified
23:07:27.233,119.987,0.4507,0.471,0.4608,0.387,0.2333,NORMAL,0,0,Windows,unspecified
23:07:27.274,120.028,0.4443,0.4336,0.439,0.3948,0.2333,NORMAL,0,0,Windows,unspecified
23:07:27.294,120.048,0.4477,0.4581,0.4529,0.3936,0.2333,NORMAL,0,0,Windows,unspecified
23:07:27.343,120.097,0.4284,0.4326,0.4305,0.401,0.2267,NORMAL,0,0,Windows,unspecified
23:07:27.375,120.128,0.432,0.441,0.4365,0.4235,0.22,NORMAL,0,0,Windows,unspecified
23:07:27.401,120.155,0.3872,0.4034,0.3953,0.4154,0.2133,NORMAL,0,0,Windows,unspecified
23:07:27.434,120.188,0.3767,0.3892,0.383,0.399,0.2067,NORMAL,0,0,Windows,unspecified
23:07:27.465,120.219,0.3511,0.3916,0.3714,0.4011,0.2,NORMAL,0,0,Windows,unspecified
23:07:27.513,120.267,0.3741,0.4013,0.3877,0.3897,0.1933,NORMAL,0,0,Windows,unspecified
23:07:27.543,120.297,0.3876,0.4048,0.3962,0.3945,0.1867,NORMAL,0,0,Windows,unspecified
23:07:27.576,120.33,0.3581,0.3865,0.3723,0.3717,0.18,NORMAL,0,0,Windows,unspecified
23:07:27.606,120.36,0.3448,0.3607,0.3527,0.375,0.1733,NORMAL,0,0,Windows,unspecified
23:07:27.639,120.393,0.3241,0.3607,0.3424,0.3772,0.1733,NORMAL,0,0,Windows,unspecified
23:07:27.679,120.433,0.3374,0.3513,0.3444,0.3772,0.1733,NORMAL,0,0,Windows,unspecified
23:07:27.702,120.456,0.3539,0.363,0.3585,0.3777,0.1733,NORMAL,0,0,Windows,unspecified
23:07:27.741,120.495,0.3529,0.3513,0.3521,0.3802,0.1733,NORMAL,0,0,Windows,unspecified
23:07:27.765,120.519,0.3533,0.3625,0.3579,0.3811,0.1733,NORMAL,0,0,Windows,unspecified
23:07:27.807,120.561,0.3432,0.3319,0.3376,0.3795,0.1733,NORMAL,0,0,Windows,unspecified
23:07:27.844,120.598,0.3143,0.3193,0.3168,0.3839,0.1733,NORMAL,0,0,Windows,unspecified
23:07:27.877,120.631,0.3185,0.2979,0.3082,0.3788,0.1733,NORMAL,0,0,Windows,unspecified
23:07:27.909,120.663,0.2941,0.3274,0.3107,0.3905,0.1733,NORMAL,0,0,Windows,unspecified
23:07:27.939,120.692,0.2789,0.3199,0.2994,0.3818,0.18,NORMAL,1,0,Windows,unspecified
23:07:27.969,120.723,0.2937,0.3199,0.3068,0.3881,0.18,NORMAL,0,0,Windows,unspecified
23:07:28.003,120.757,0.2941,0.2991,0.2966,0.3962,0.1867,NORMAL,1,0,Windows,unspecified
23:07:28.034,120.788,0.3034,0.297,0.3002,0.4054,0.1933,NORMAL,2,0,Windows,unspecified
23:07:28.077,120.831,0.3387,0.3104,0.3245,0.4032,0.1933,NORMAL,0,0,Windows,unspecified
23:07:28.110,120.864,0.3238,0.311,0.3174,0.4077,0.1933,NORMAL,0,0,Windows,unspecified
23:07:28.141,120.895,0.3661,0.3436,0.3548,0.4117,0.1933,NORMAL,0,0,Windows,unspecified
23:07:28.175,120.929,0.3722,0.345,0.3586,0.4147,0.1933,NORMAL,0,0,Windows,unspecified
23:07:28.205,120.959,0.3717,0.3682,0.37,0.4075,0.1933,NORMAL,0,0,Windows,unspecified
23:07:28.237,120.991,0.3862,0.3594,0.3728,0.4126,0.1933,NORMAL,0,0,Windows,unspecified
23:07:28.266,121.02,0.3854,0.3637,0.3746,0.4204,0.1933,NORMAL,0,0,Windows,unspecified
23:07:28.299,121.053,0.3728,0.3427,0.3578,0.421,0.1933,NORMAL,0,0,Windows,unspecified
23:07:28.330,121.084,0.3587,0.3637,0.3612,0.4188,0.1933,NORMAL,0,0,Windows,unspecified
23:07:28.363,121.117,0.3854,0.3759,0.3806,0.4131,0.1933,NORMAL,0,0,Windows,unspecified
23:07:28.394,121.148,0.3854,0.374,0.3797,0.411,0.1933,NORMAL,0,0,Windows,unspecified
23:07:28.424,121.178,0.3587,0.3626,0.3607,0.4045,0.1933,NORMAL,0,0,Windows,unspecified
23:07:28.476,121.23,0.387,0.3503,0.3687,0.398,0.1933,NORMAL,0,0,Windows,unspecified
23:07:28.506,121.26,0.387,0.3615,0.3743,0.395,0.1933,NORMAL,0,0,Windows,unspecified
23:07:28.539,121.293,0.3854,0.3753,0.3803,0.4092,0.1933,NORMAL,0,0,Windows,unspecified
23:07:28.567,121.321,0.387,0.3503,0.3687,0.404,0.1933,NORMAL,0,0,Windows,unspecified
23:07:28.605,121.358,0.3809,0.3625,0.3717,0.4142,0.1933,NORMAL,0,0,Windows,unspecified
23:07:28.629,121.383,0.3696,0.3625,0.3661,0.4151,0.1933,NORMAL,0,0,Windows,unspecified
23:07:28.664,121.418,0.3663,0.3625,0.3644,0.4041,0.1933,NORMAL,0,0,Windows,unspecified
23:07:28.692,121.446,0.3794,0.3641,0.3717,0.3987,0.1933,NORMAL,0,0,Windows,unspecified
23:07:28.724,121.477,0.3547,0.3641,0.3594,0.4051,0.1933,NORMAL,0,0,Windows,unspecified
23:07:28.755,121.509,0.3517,0.357,0.3544,0.4057,0.1933,NORMAL,0,0,Windows,unspecified
23:07:28.788,121.542,0.3504,0.3595,0.3549,0.3962,0.1933,NORMAL,0,0,Windows,unspecified
23:07:28.817,121.571,0.3173,0.3341,0.3257,0.397,0.1933,NORMAL,0,0,Windows,unspecified
23:07:28.879,121.633,0.2284,0.2673,0.2478,0.4108,0.2,NORMAL,1,0,Windows,unspecified
23:07:28.928,121.681,0.2189,0.2363,0.2276,0.4071,0.2067,NORMAL,2,0,Windows,unspecified
23:07:28.959,121.713,0.188,0.2281,0.208,0.4162,0.2133,NORMAL,3,0,Windows,unspecified
23:07:28.989,121.742,0.2189,0.212,0.2155,0.416,0.22,NORMAL,4,0,Windows,unspecified
23:07:29.019,121.773,0.183,0.221,0.202,0.4166,0.2267,NORMAL,5,0,Windows,unspecified
23:07:29.051,121.805,0.1836,0.2054,0.1945,0.4209,0.2333,NORMAL,6,0,Windows,unspecified
23:07:29.084,121.837,0.183,0.2209,0.2019,0.4225,0.24,NORMAL,7,0,Windows,unspecified
23:07:29.114,121.868,0.2039,0.2363,0.2201,0.4284,0.2467,NORMAL,8,0,Windows,unspecified
23:07:29.145,121.899,0.2039,0.228,0.216,0.43,0.2533,NORMAL,9,0,Windows,unspecified
23:07:29.177,121.931,0.2193,0.2659,0.2426,0.4209,0.26,WARNING,10,0,Windows,unspecified
23:07:29.209,121.963,0.2039,0.2363,0.2201,0.427,0.2667,WARNING,11,0,Windows,unspecified
23:07:29.240,121.994,0.2284,0.2675,0.2479,0.4108,0.2733,WARNING,12,0,Windows,unspecified
23:07:29.279,122.033,0.2416,0.2984,0.27,0.4094,0.28,WARNING,13,0,Windows,unspecified
23:07:29.302,122.056,0.2724,0.2984,0.2854,0.4028,0.2867,WARNING,14,0,Windows,unspecified
23:07:29.341,122.095,0.3025,0.3346,0.3185,0.4189,0.2867,NORMAL,0,0,Windows,unspecified
23:07:29.364,122.118,0.3025,0.3492,0.3258,0.4198,0.28,NORMAL,0,0,Windows,unspecified
23:07:29.405,122.159,0.3176,0.3585,0.338,0.4169,0.2733,NORMAL,0,0,Windows,unspecified
23:07:29.428,122.182,0.3341,0.3634,0.3487,0.4279,0.2667,NORMAL,0,0,Windows,unspecified
23:07:29.466,122.22,0.3236,0.343,0.3333,0.4175,0.26,NORMAL,0,0,Windows,unspecified
23:07:29.490,122.244,0.3144,0.3585,0.3365,0.4085,0.2533,NORMAL,0,0,Windows,unspecified
23:07:29.523,122.277,0.3389,0.3594,0.3492,0.4086,0.2467,NORMAL,0,0,Windows,unspecified
23:07:29.553,122.307,0.3389,0.3784,0.3587,0.4195,0.24,NORMAL,0,0,Windows,unspecified
23:07:29.585,122.339,0.3389,0.3944,0.3667,0.4143,0.2333,NORMAL,0,0,Windows,unspecified
23:07:29.615,122.369,0.3674,0.37,0.3687,0.4054,0.2267,NORMAL,0,0,Windows,unspecified
23:07:29.678,122.432,0.3582,0.3409,0.3496,0.3931,0.22,NORMAL,0,0,Windows,unspecified
23:07:29.708,122.462,0.3564,0.3402,0.3483,0.4052,0.2133,NORMAL,0,0,Windows,unspecified
23:07:29.739,122.493,0.3471,0.3488,0.348,0.4,0.2067,NORMAL,0,0,Windows,unspecified
23:07:29.769,122.523,0.3293,0.3428,0.336,0.4023,0.2067,NORMAL,0,0,Windows,unspecified
23:07:29.805,122.559,0.3488,0.3587,0.3538,0.3957,0.2067,NORMAL,0,0,Windows,unspecified
23:07:29.833,122.587,0.3572,0.3692,0.3632,0.4088,0.2067,NORMAL,0,0,Windows,unspecified
23:07:29.864,122.618,0.3674,0.3719,0.3696,0.3999,0.2067,NORMAL,0,0,Windows,unspecified
23:07:29.895,122.649,0.3686,0.3681,0.3684,0.4022,0.2067,NORMAL,0,0,Windows,unspecified
23:07:29.926,122.68,0.3589,0.3517,0.3553,0.4111,0.2067,NORMAL,0,0,Windows,unspecified
23:07:29.951,122.704,0.357,0.3479,0.3525,0.4022,0.2067,NORMAL,0,0,Windows,unspecified
23:07:29.975,122.729,0.3686,0.3488,0.3587,0.3999,0.2067,NORMAL,0,0,Windows,unspecified
23:07:30.013,122.767,0.3587,0.3479,0.3533,0.4121,0.2067,NORMAL,0,0,Windows,unspecified
23:07:30.074,122.828,0.3554,0.3488,0.3521,0.4048,0.2067,NORMAL,0,0,Windows,unspecified
23:07:30.099,122.853,0.3686,0.3495,0.3591,0.3979,0.2067,NORMAL,0,0,Windows,unspecified
23:07:30.142,122.896,0.3286,0.3214,0.325,0.4049,0.2067,NORMAL,0,0,Windows,unspecified
23:07:30.178,122.932,0.3542,0.3214,0.3378,0.4063,0.2067,NORMAL,0,0,Windows,unspecified
23:07:30.212,122.966,0.3692,0.3395,0.3543,0.4098,0.2067,NORMAL,0,0,Windows,unspecified
23:07:30.242,122.996,0.3564,0.3368,0.3466,0.4018,0.2067,NORMAL,0,0,Windows,unspecified
23:07:30.271,123.025,0.3548,0.3352,0.345,0.4009,0.2067,NORMAL,0,0,Windows,unspecified
23:07:30.305,123.059,0.357,0.3488,0.3529,0.3977,0.2067,NORMAL,0,0,Windows,unspecified
23:07:30.335,123.089,0.357,0.335,0.346,0.4049,0.2067,NORMAL,0,0,Windows,unspecified
23:07:30.367,123.121,0.3548,0.3587,0.3568,0.4028,0.2067,NORMAL,0,0,Windows,unspecified
23:07:30.400,123.154,0.3428,0.3587,0.3508,0.407,0.2067,NORMAL,0,0,Windows,unspecified
23:07:30.430,123.184,0.3447,0.3368,0.3407,0.4021,0.2067,NORMAL,0,0,Windows,unspecified
23:07:30.479,123.233,0.3343,0.3368,0.3355,0.3976,0.2067,NORMAL,0,0,Windows,unspecified
23:07:30.509,123.263,0.3271,0.3368,0.3319,0.401,0.2067,NORMAL,0,0,Windows,unspecified
23:07:30.543,123.297,0.3206,0.3587,0.3396,0.4023,0.2067,NORMAL,0,0,Windows,unspecified
23:07:30.571,123.325,0.3296,0.3488,0.3392,0.4056,0.2067,NORMAL,0,0,Windows,unspecified
23:07:30.602,123.356,0.3319,0.3533,0.3426,0.3953,0.2067,NORMAL,0,0,Windows,unspecified
23:07:30.633,123.387,0.3564,0.3488,0.3526,0.4016,0.2067,NORMAL,0,0,Windows,unspecified
23:07:30.668,123.422,0.3488,0.341,0.3449,0.3983,0.2067,NORMAL,0,0,Windows,unspecified
23:07:30.694,123.448,0.3838,0.341,0.3624,0.401,0.2067,NORMAL,0,0,Windows,unspecified
23:07:30.728,123.482,0.3587,0.3676,0.3632,0.4009,0.2067,NORMAL,0,0,Windows,unspecified
23:07:30.758,123.512,0.3719,0.341,0.3565,0.4042,0.2067,NORMAL,0,0,Windows,unspecified
23:07:30.790,123.544,0.3577,0.3533,0.3555,0.397,0.2067,NORMAL,0,0,Windows,unspecified
23:07:30.823,123.577,0.356,0.3504,0.3532,0.3999,0.2067,NORMAL,0,0,Windows,unspecified
23:07:30.878,123.632,0.3541,0.3438,0.349,0.4046,0.2067,NORMAL,0,0,Windows,unspecified
23:07:30.900,123.654,0.3541,0.355,0.3546,0.4072,0.2067,NORMAL,0,0,Windows,unspecified
23:07:30.942,123.696,0.3332,0.341,0.3371,0.409,0.2067,NORMAL,0,0,Windows,unspecified
23:07:30.964,123.718,0.3313,0.3283,0.3298,0.409,0.2067,NORMAL,0,0,Windows,unspecified
23:07:31.004,123.758,0.345,0.3438,0.3444,0.409,0.2,NORMAL,0,0,Windows,unspecified
23:07:31.029,123.783,0.3595,0.3438,0.3516,0.4042,0.1933,NORMAL,0,0,Windows,unspecified
23:07:31.066,123.82,0.3696,0.341,0.3553,0.4014,0.1867,NORMAL,0,0,Windows,unspecified
23:07:31.090,123.844,0.3696,0.341,0.3553,0.4014,0.18,NORMAL,0,0,Windows,unspecified
23:07:31.120,123.874,0.3696,0.341,0.3553,0.4014,0.1733,NORMAL,0,0,Windows,unspecified
23:07:31.152,123.906,0.3595,0.3438,0.3516,0.4036,0.1667,NORMAL,0,0,Windows,unspecified
23:07:31.183,123.937,0.3595,0.3438,0.3516,0.4036,0.16,NORMAL,0,0,Windows,unspecified
23:07:31.215,123.969,0.3582,0.3438,0.351,0.4036,0.1533,NORMAL,0,0,Windows,unspecified
23:07:31.275,124.029,0.3457,0.3444,0.345,0.406,0.1467,NORMAL,0,0,Windows,unspecified
23:07:31.309,124.063,0.36,0.341,0.3505,0.4044,0.14,NORMAL,0,0,Windows,unspecified
23:07:31.339,124.093,0.3479,0.341,0.3445,0.4067,0.1333,NORMAL,0,0,Windows,unspecified
23:07:31.372,124.126,0.3479,0.3395,0.3437,0.3988,0.1267,NORMAL,0,0,Windows,unspecified
23:07:31.402,124.156,0.3364,0.3528,0.3446,0.4067,0.12,NORMAL,0,0,Windows,unspecified
23:07:31.435,124.189,0.36,0.3534,0.3567,0.3968,0.1133,NORMAL,0,0,Windows,unspecified
23:07:31.465,124.219,0.3595,0.3653,0.3624,0.4093,0.1133,NORMAL,0,0,Windows,unspecified
23:07:31.497,124.251,0.3696,0.3653,0.3675,0.4046,0.1133,NORMAL,0,0,Windows,unspecified
23:07:31.529,124.283,0.3707,0.3662,0.3684,0.4046,0.1133,NORMAL,0,0,Windows,unspecified
23:07:31.563,124.317,0.3466,0.3553,0.351,0.4063,0.1133,NORMAL,0,0,Windows,unspecified
23:07:31.592,124.346,0.3471,0.3306,0.3389,0.4017,0.1133,NORMAL,0,0,Windows,unspecified
23:07:31.623,124.377,0.3719,0.3676,0.3698,0.4032,0.1133,NORMAL,0,0,Windows,unspecified
23:07:31.678,124.432,0.345,0.3794,0.3622,0.3913,0.1133,NORMAL,0,0,Windows,unspecified
23:07:31.700,124.454,0.3587,0.3438,0.3513,0.397,0.1133,NORMAL,0,0,Windows,unspecified
23:07:31.741,124.495,0.345,0.3321,0.3386,0.4002,0.1133,NORMAL,0,0,Windows,unspecified
23:07:31.778,124.532,0.3467,0.3354,0.341,0.396,0.1133,NORMAL,0,0,Windows,unspecified
23:07:31.810,124.564,0.3445,0.333,0.3388,0.3995,0.1133,NORMAL,0,0,Windows,unspecified
23:07:31.840,124.594,0.345,0.3271,0.3361,0.401,0.1133,NORMAL,0,0,Windows,unspecified
23:07:31.874,124.628,0.3431,0.3638,0.3534,0.4065,0.1133,NORMAL,0,0,Windows,unspecified
23:07:31.905,124.659,0.3526,0.3383,0.3454,0.4037,0.1133,NORMAL,0,0,Windows,unspecified
23:07:31.935,124.688,0.3526,0.3296,0.3411,0.4017,0.1133,NORMAL,0,0,Windows,unspecified
23:07:31.966,124.72,0.3425,0.3382,0.3403,0.4011,0.1133,NORMAL,0,0,Windows,unspecified
23:07:31.997,124.751,0.3425,0.3296,0.3361,0.4006,0.1133,NORMAL,0,0,Windows,unspecified
23:07:32.034,124.788,0.3414,0.3343,0.3379,0.4031,0.1133,NORMAL,0,0,Windows,unspecified
23:07:32.078,124.832,0.3298,0.338,0.3339,0.3936,0.1133,NORMAL,0,0,Windows,unspecified
23:07:32.109,124.863,0.3408,0.3291,0.335,0.3955,0.1133,NORMAL,0,0,Windows,unspecified
23:07:32.142,124.896,0.341,0.3417,0.3414,0.4038,0.1133,NORMAL,0,0,Windows,unspecified
23:07:32.172,124.926,0.3277,0.329,0.3284,0.3983,0.1133,NORMAL,0,0,Windows,unspecified
23:07:32.204,124.958,0.3277,0.3328,0.3302,0.3959,0.1133,NORMAL,0,0,Windows,unspecified
23:07:32.235,124.989,0.3322,0.329,0.3306,0.391,0.1133,NORMAL,0,0,Windows,unspecified
23:07:32.265,125.019,0.355,0.3524,0.3537,0.4062,0.1133,NORMAL,0,0,Windows,unspecified
23:07:32.296,125.05,0.355,0.3435,0.3493,0.4012,0.1133,NORMAL,0,0,Windows,unspecified
23:07:32.329,125.083,0.3458,0.3435,0.3447,0.3999,0.1133,NORMAL,0,0,Windows,unspecified
23:07:32.362,125.116,0.3613,0.3559,0.3586,0.3955,0.1133,NORMAL,0,0,Windows,unspecified
23:07:32.391,125.145,0.3461,0.3559,0.351,0.4032,0.1133,NORMAL,0,0,Windows,unspecified
23:07:32.423,125.177,0.3528,0.3559,0.3544,0.3884,0.1133,NORMAL,0,0,Windows,unspecified
23:07:32.474,125.228,0.2894,0.2932,0.2913,0.4126,0.12,NORMAL,1,0,Windows,unspecified
23:07:32.500,125.254,0.2827,0.277,0.2799,0.4138,0.1267,NORMAL,2,0,Windows,unspecified
23:07:32.542,125.296,0.2668,0.2573,0.2621,0.4202,0.1333,NORMAL,3,0,Windows,unspecified
23:07:32.563,125.317,0.2385,0.2573,0.2479,0.4275,0.14,NORMAL,4,0,Windows,unspecified
23:07:32.605,125.358,0.2201,0.2249,0.2225,0.4172,0.1467,NORMAL,5,0,Windows,unspecified
23:07:32.626,125.38,0.2191,0.2256,0.2223,0.4097,0.1533,NORMAL,6,0,Windows,unspecified
23:07:32.666,125.419,0.2936,0.2614,0.2775,0.4143,0.16,NORMAL,7,0,Windows,unspecified
23:07:32.689,125.443,0.2775,0.2951,0.2863,0.4145,0.1667,NORMAL,8,0,Windows,unspecified
23:07:32.720,125.474,0.3074,0.2865,0.297,0.4154,0.1733,NORMAL,9,0,Windows,unspecified
23:07:32.752,125.506,0.3118,0.2924,0.3021,0.4179,0.1733,NORMAL,0,0,Windows,unspecified
23:07:32.782,125.536,0.3353,0.2999,0.3176,0.4186,0.1733,NORMAL,0,0,Windows,unspecified
23:07:32.830,125.584,0.3251,0.3171,0.3211,0.4088,0.1733,NORMAL,0,0,Windows,unspecified
23:07:32.877,125.631,0.3531,0.3203,0.3367,0.4167,0.1733,NORMAL,0,0,Windows,unspecified
23:07:32.908,125.662,0.341,0.3168,0.3289,0.4056,0.1733,NORMAL,0,0,Windows,unspecified
23:07:32.942,125.696,0.3386,0.3292,0.3339,0.4079,0.1667,NORMAL,0,0,Windows,unspecified
23:07:32.970,125.724,0.3549,0.3203,0.3376,0.3987,0.1667,NORMAL,0,0,Windows,unspecified
23:07:33.005,125.759,0.3508,0.3168,0.3338,0.4029,0.16,NORMAL,0,0,Windows,unspecified
23:07:33.045,125.799,0.3526,0.3325,0.3426,0.3974,0.1533,NORMAL,0,0,Windows,unspecified
23:07:33.079,125.833,0.3531,0.3287,0.3409,0.4069,0.1533,NORMAL,0,0,Windows,unspecified
23:07:33.110,125.864,0.327,0.3543,0.3407,0.3972,0.1533,NORMAL,0,0,Windows,unspecified
23:07:33.142,125.896,0.3531,0.35,0.3515,0.3964,0.1533,NORMAL,0,0,Windows,unspecified
23:07:33.172,125.926,0.3508,0.3287,0.3397,0.4046,0.1533,NORMAL,0,0,Windows,unspecified
23:07:33.204,125.958,0.3531,0.3322,0.3426,0.4012,0.1533,NORMAL,0,0,Windows,unspecified
23:07:33.236,125.99,0.3513,0.3415,0.3464,0.4004,0.1533,NORMAL,0,0,Windows,unspecified
23:07:33.278,126.032,0.3513,0.3338,0.3426,0.409,0.1533,NORMAL,0,0,Windows,unspecified
23:07:33.314,126.068,0.3513,0.3507,0.351,0.4051,0.1533,NORMAL,0,0,Windows,unspecified
23:07:33.345,126.099,0.3612,0.3246,0.3429,0.4051,0.1533,NORMAL,0,0,Windows,unspecified
23:07:33.378,126.132,0.3612,0.3251,0.3432,0.4042,0.1533,NORMAL,0,0,Windows,unspecified
23:07:33.410,126.164,0.3607,0.3378,0.3493,0.3967,0.1533,NORMAL,0,0,Windows,unspecified
23:07:33.440,126.194,0.3526,0.3255,0.339,0.3956,0.1533,NORMAL,0,0,Windows,unspecified
23:07:33.471,126.225,0.3632,0.3376,0.3504,0.3978,0.1533,NORMAL,0,0,Windows,unspecified
23:07:33.504,126.258,0.3751,0.3507,0.3629,0.4003,0.1533,NORMAL,0,0,Windows,unspecified
23:07:33.533,126.287,0.3632,0.3469,0.3551,0.3996,0.1533,NORMAL,0,0,Windows,unspecified
23:07:33.564,126.318,0.3621,0.3671,0.3646,0.4055,0.1533,NORMAL,0,0,Windows,unspecified
23:07:33.595,126.349,0.3771,0.3539,0.3655,0.3951,0.1533,NORMAL,0,0,Windows,unspecified
23:07:33.629,126.383,0.3627,0.3678,0.3652,0.3987,0.1533,NORMAL,0,0,Windows,unspecified
23:07:33.678,126.432,0.391,0.3565,0.3738,0.3962,0.1533,NORMAL,0,0,Windows,unspecified
23:07:33.707,126.46,0.3526,0.3543,0.3535,0.3985,0.1533,NORMAL,0,0,Windows,unspecified
23:07:33.740,126.494,0.3621,0.3671,0.3646,0.396,0.1533,NORMAL,0,0,Windows,unspecified
23:07:33.769,126.523,0.3632,0.3543,0.3588,0.3985,0.1533,NORMAL,0,0,Windows,unspecified
23:07:33.808,126.562,0.3621,0.3673,0.3647,0.3973,0.1533,NORMAL,0,0,Windows,unspecified
23:07:33.848,126.602,0.352,0.3545,0.3532,0.4015,0.1533,NORMAL,0,0,Windows,unspecified
23:07:33.880,126.634,0.3343,0.3646,0.3495,0.3994,0.1467,NORMAL,0,0,Windows,unspecified
23:07:33.912,126.666,0.3463,0.3571,0.3517,0.3977,0.14,NORMAL,0,0,Windows,unspecified
23:07:33.942,126.696,0.3612,0.3571,0.3592,0.3926,0.1333,NORMAL,0,0,Windows,unspecified
23:07:33.988,126.742,0.3557,0.3464,0.3511,0.4099,0.1267,NORMAL,0,0,Windows,unspecified
23:07:34.019,126.773,0.3481,0.3394,0.3438,0.394,0.12,NORMAL,0,0,Windows,unspecified
23:07:34.050,126.804,0.3138,0.289,0.3014,0.3946,0.1133,NORMAL,0,0,Windows,unspecified
23:07:34.083,126.837,0.262,0.2138,0.2379,0.4,0.1133,NORMAL,1,0,Windows,unspecified
23:07:34.115,126.869,0.2316,0.2058,0.2187,0.4033,0.1133,NORMAL,2,0,Windows,unspecified
23:07:34.145,126.899,0.1955,0.1708,0.1832,0.4099,0.1133,NORMAL,3,0,Windows,unspecified
23:07:34.175,126.929,0.1853,0.1023,0.1438,0.4026,0.1133,NORMAL,4,0,Windows,unspecified
23:07:34.208,126.962,0.1153,0.0635,0.0894,0.4037,0.1133,NORMAL,5,0,Windows,unspecified
23:07:34.238,126.992,0.0963,0.0699,0.0831,0.4038,0.1133,NORMAL,6,0,Windows,unspecified
23:07:34.268,127.022,0.0828,0.0489,0.0659,0.4019,0.1133,NORMAL,7,0,Windows,unspecified
23:07:34.300,127.054,0.069,0.0261,0.0476,0.4015,0.1133,NORMAL,8,0,Windows,unspecified
23:07:34.333,127.087,0.0414,0.0369,0.0392,0.3978,0.12,NORMAL,9,0,Windows,unspecified
23:07:34.365,127.118,0.0601,0.0189,0.0395,0.4066,0.1267,WARNING,10,0,Windows,unspecified
23:07:34.393,127.147,0.0569,0.0315,0.0442,0.4116,0.1333,WARNING,11,0,Windows,unspecified
23:07:34.425,127.179,0.0325,0.018,0.0253,0.4103,0.14,WARNING,12,0,Windows,unspecified
23:07:34.477,127.231,0.0262,0.0179,0.0221,0.4163,0.1467,WARNING,13,0,Windows,unspecified
23:07:34.518,127.272,0.0135,0.0127,0.0131,0.4069,0.1533,WARNING,14,0,Windows,unspecified
23:07:34.549,127.303,0.0191,0.0307,0.0249,0.417,0.16,WARNING,15,0,Windows,unspecified
23:07:34.581,127.335,0.0269,0.0307,0.0288,0.4123,0.1667,WARNING,16,0,Windows,unspecified
23:07:34.612,127.366,0.027,0.0262,0.0266,0.4186,0.1733,WARNING,17,0,Windows,unspecified
23:07:34.644,127.398,0.0326,0.0315,0.032,0.4116,0.18,WARNING,18,0,Windows,unspecified
23:07:34.675,127.429,0.0425,0.0308,0.0367,0.4198,0.1867,WARNING,19,0,Windows,unspecified
23:07:34.705,127.459,0.027,0.0128,0.0199,0.4228,0.1933,DROWSY,20,0,Windows,unspecified
23:07:34.738,127.492,0.0263,0.0,0.0131,0.4184,0.2,DROWSY,21,0,Windows,unspecified
23:07:34.770,127.524,0.0326,0.0,0.0163,0.4174,0.2067,DROWSY,22,0,Windows,unspecified
23:07:34.800,127.553,0.0263,0.018,0.0222,0.4079,0.2133,DROWSY,23,0,Windows,unspecified
23:07:34.830,127.584,0.0318,0.0186,0.0252,0.4037,0.22,DROWSY,24,0,Windows,unspecified
23:07:34.880,127.634,0.1426,0.1193,0.131,0.3965,0.2267,DROWSY,25,0,Windows,unspecified
23:07:34.908,127.662,0.1735,0.1631,0.1683,0.3932,0.2333,DROWSY,26,0,Windows,unspecified
23:07:34.937,127.691,0.2362,0.2377,0.237,0.4055,0.24,DROWSY,27,0,Windows,unspecified
23:07:34.970,127.724,0.2799,0.2652,0.2726,0.3978,0.2467,DROWSY,28,0,Windows,unspecified
23:07:35.011,127.765,0.3016,0.3034,0.3025,0.3997,0.2467,NORMAL,0,0,Windows,unspecified
23:07:35.036,127.79,0.2921,0.2968,0.2945,0.4068,0.2533,NORMAL,1,0,Windows,unspecified
23:07:35.067,127.821,0.3213,0.3488,0.3351,0.4009,0.2533,NORMAL,0,0,Windows,unspecified
23:07:35.099,127.853,0.3277,0.3633,0.3455,0.4018,0.2533,NORMAL,0,0,Windows,unspecified
23:07:35.128,127.882,0.3418,0.3533,0.3475,0.4009,0.2533,NORMAL,0,0,Windows,unspecified
23:07:35.161,127.915,0.3701,0.3794,0.3748,0.4042,0.2533,NORMAL,0,0,Windows,unspecified
23:07:35.190,127.944,0.3843,0.3778,0.381,0.4019,0.2533,NORMAL,0,0,Windows,unspecified
23:07:35.224,127.978,0.3829,0.3904,0.3867,0.3939,0.2533,NORMAL,0,0,Windows,unspecified
23:07:35.281,128.035,0.3985,0.4041,0.4013,0.3928,0.2533,NORMAL,0,0,Windows,unspecified
23:07:35.316,128.07,0.397,0.4041,0.4006,0.3978,0.2533,NORMAL,0,0,Windows,unspecified
23:07:35.349,128.103,0.3862,0.3933,0.3897,0.399,0.2533,NORMAL,0,0,Windows,unspecified
23:07:35.379,128.133,0.3862,0.3667,0.3764,0.3938,0.2533,NORMAL,0,0,Windows,unspecified
23:07:35.410,128.164,0.3862,0.3824,0.3843,0.3929,0.2533,NORMAL,0,0,Windows,unspecified
23:07:35.442,128.196,0.3725,0.3693,0.3709,0.3929,0.2533,NORMAL,0,0,Windows,unspecified
23:07:35.474,128.228,0.3862,0.3585,0.3724,0.389,0.2533,NORMAL,0,0,Windows,unspecified
23:07:35.505,128.259,0.3862,0.3596,0.3729,0.3929,0.2533,NORMAL,0,0,Windows,unspecified
23:07:35.535,128.289,0.3862,0.3561,0.3711,0.389,0.2533,NORMAL,0,0,Windows,unspecified
23:07:35.567,128.321,0.3846,0.3724,0.3785,0.3992,0.2533,NORMAL,0,0,Windows,unspecified
23:07:35.599,128.353,0.3862,0.3572,0.3717,0.3913,0.2533,NORMAL,0,0,Windows,unspecified
23:07:35.631,128.385,0.3846,0.3621,0.3733,0.3945,0.2533,NORMAL,0,0,Windows,unspecified
23:07:35.679,128.433,0.3862,0.3619,0.374,0.3937,0.2533,NORMAL,0,0,Windows,unspecified
23:07:35.708,128.462,0.3709,0.363,0.3669,0.3844,0.2533,NORMAL,0,0,Windows,unspecified
23:07:35.742,128.496,0.3862,0.3723,0.3792,0.3984,0.2533,NORMAL,0,0,Windows,unspecified
23:07:35.772,128.526,0.3878,0.3723,0.38,0.3922,0.2533,NORMAL,0,0,Windows,unspecified
23:07:35.806,128.56,0.376,0.3745,0.3752,0.3932,0.2533,NORMAL,0,0,Windows,unspecified
23:07:35.834,128.588,0.3775,0.3619,0.3697,0.3924,0.2533,NORMAL,0,0,Windows,unspecified
23:07:35.865,128.619,0.3775,0.3745,0.376,0.3913,0.2533,NORMAL,0,0,Windows,unspecified
23:07:35.896,128.65,0.3775,0.3723,0.3749,0.3839,0.2533,NORMAL,0,0,Windows,unspecified
23:07:35.929,128.683,0.3775,0.3723,0.3749,0.3918,0.2533,NORMAL,0,0,Windows,unspecified
23:07:35.959,128.713,0.3662,0.3723,0.3692,0.3859,0.2533,NORMAL,0,0,Windows,unspecified
23:07:35.990,128.744,0.3892,0.3745,0.3818,0.3817,0.2533,NORMAL,0,0,Windows,unspecified
23:07:36.020,128.774,0.3627,0.3619,0.3623,0.3828,0.2533,NORMAL,0,0,Windows,unspecified
23:07:36.077,128.831,0.2863,0.2955,0.2909,0.3885,0.26,NORMAL,1,0,Windows,unspecified
23:07:36.099,128.853,0.274,0.274,0.274,0.3909,0.2667,NORMAL,2,0,Windows,unspecified
23:07:36.149,128.903,0.201,0.191,0.196,0.3898,0.2733,NORMAL,3,0,Windows,unspecified
23:07:36.179,128.933,0.1928,0.1586,0.1757,0.3956,0.28,NORMAL,4,0,Windows,unspecified
23:07:36.210,128.964,0.099,0.091,0.095,0.3936,0.2867,NORMAL,5,0,Windows,unspecified
23:07:36.241,128.994,0.0748,0.0785,0.0766,0.3925,0.2933,NORMAL,6,0,Windows,unspecified
23:07:36.271,129.025,0.0545,0.0618,0.0581,0.3887,0.3,NORMAL,7,0,Windows,unspecified
23:07:36.302,129.056,0.0545,0.0545,0.0545,0.3881,0.3067,NORMAL,8,0,Windows,unspecified
23:07:36.332,129.086,0.0545,0.0658,0.0602,0.3862,0.3133,NORMAL,9,0,Windows,unspecified
23:07:36.364,129.118,0.0434,0.0445,0.044,0.3924,0.32,WARNING,10,0,Windows,unspecified
23:07:36.395,129.149,0.0532,0.0445,0.0489,0.3922,0.3267,WARNING,11,0,Windows,unspecified
23:07:36.426,129.18,0.0287,0.0385,0.0336,0.4016,0.3333,WARNING,12,0,Windows,unspecified
23:07:36.478,129.232,0.0238,0.0287,0.0263,0.3998,0.34,WARNING,13,0,Windows,unspecified
23:07:36.507,129.261,0.0238,0.0,0.0119,0.3936,0.3467,WARNING,14,0,Windows,unspecified
23:07:36.537,129.291,0.0122,0.0337,0.0229,0.4054,0.3533,DROWSY,15,0,Windows,unspecified
23:07:36.569,129.323,0.0,0.0329,0.0164,0.4054,0.36,DROWSY,16,0,Windows,unspecified
23:07:36.606,129.36,0.0122,0.0329,0.0225,0.4073,0.3667,DROWSY,17,0,Windows,unspecified
23:07:36.631,129.385,0.0,0.0287,0.0144,0.4016,0.3733,DROWSY,18,0,Windows,unspecified
23:07:36.667,129.421,0.0366,0.0445,0.0405,0.4054,0.38,DROWSY,19,0,Windows,unspecified
23:07:36.693,129.447,0.0488,0.0658,0.0573,0.4053,0.3867,DROWSY,20,0,Windows,unspecified
23:07:36.727,129.481,0.0645,0.0545,0.0595,0.3996,0.3933,DROWSY,21,0,Windows,unspecified
23:07:36.758,129.512,0.1378,0.1307,0.1342,0.3983,0.4,DROWSY,22,0,Windows,unspecified
23:07:36.789,129.543,0.1735,0.1471,0.1603,0.3908,0.4067,DROWSY,23,0,Windows,unspecified
23:07:36.820,129.574,0.2532,0.2201,0.2366,0.4008,0.4133,DROWSY,24,0,Windows,unspecified
23:07:36.878,129.632,0.2743,0.2401,0.2572,0.3908,0.42,DROWSY,25,0,Windows,unspecified
23:07:36.914,129.668,0.2719,0.2401,0.256,0.3928,0.4267,DROWSY,26,0,Windows,unspecified
23:07:36.944,129.698,0.3003,0.2752,0.2877,0.3936,0.4333,DROWSY,27,0,Windows,unspecified
23:07:36.975,129.729,0.2994,0.2752,0.2873,0.3969,0.44,DROWSY,28,0,Windows,unspecified
23:07:37.007,129.761,0.3003,0.2595,0.2799,0.3902,0.4467,DROWSY,29,0,Windows,unspecified
23:07:37.039,129.793,0.292,0.2727,0.2824,0.3963,0.4533,DROWSY,30,0,Windows,unspecified
23:07:37.070,129.824,0.2912,0.2854,0.2883,0.3866,0.46,DROWSY,31,0,Windows,unspecified
23:07:37.105,129.859,0.2968,0.312,0.3044,0.3825,0.46,DROWSY,0,0,Windows,unspecified
23:07:37.133,129.887,0.3102,0.312,0.3111,0.385,0.46,DROWSY,0,0,Windows,unspecified
23:07:37.180,129.934,0.3479,0.3252,0.3366,0.3895,0.46,DROWSY,0,0,Windows,unspecified
23:07:37.209,129.963,0.3467,0.312,0.3294,0.3922,0.46,DROWSY,0,0,Windows,unspecified
23:07:37.240,129.994,0.3462,0.3386,0.3424,0.3885,0.46,DROWSY,0,0,Windows,unspecified
23:07:37.278,130.032,0.352,0.3402,0.3461,0.3924,0.46,DROWSY,0,0,Windows,unspecified
23:07:37.304,130.058,0.3604,0.3402,0.3503,0.3878,0.46,DROWSY,0,0,Windows,unspecified
23:07:37.341,130.095,0.3604,0.3303,0.3454,0.3911,0.46,DROWSY,0,0,Windows,unspecified
23:07:37.367,130.121,0.3523,0.3442,0.3483,0.3967,0.46,DROWSY,0,0,Windows,unspecified
23:07:37.402,130.155,0.3509,0.3345,0.3427,0.3925,0.46,DROWSY,0,0,Windows,unspecified
23:07:37.429,130.183,0.3641,0.3379,0.351,0.3894,0.46,DROWSY,0,0,Windows,unspecified
23:07:37.465,130.219,0.3507,0.3432,0.347,0.3925,0.4533,DROWSY,0,0,Windows,unspecified
23:07:37.490,130.244,0.3626,0.3369,0.3497,0.395,0.4467,DROWSY,0,0,Windows,unspecified
23:07:37.522,130.276,0.3547,0.3369,0.3458,0.3865,0.44,DROWSY,0,0,Windows,unspecified
23:07:37.554,130.308,0.3418,0.322,0.3319,0.3898,0.4333,DROWSY,0,0,Windows,unspecified
23:07:37.585,130.338,0.3509,0.3246,0.3377,0.3871,0.4267,DROWSY,0,0,Windows,unspecified
23:07:37.616,130.37,0.3667,0.3246,0.3456,0.3976,0.42,DROWSY,0,0,Windows,unspecified
23:07:37.675,130.429,0.3523,0.3371,0.3447,0.3943,0.4133,DROWSY,0,0,Windows,unspecified
23:07:37.709,130.462,0.3391,0.3371,0.3381,0.3909,0.4067,DROWSY,0,0,Windows,unspecified
23:07:37.738,130.492,0.3509,0.3432,0.347,0.3905,0.4,DROWSY,0,0,Windows,unspecified
23:07:37.770,130.524,0.3492,0.3345,0.3419,0.3927,0.4,DROWSY,0,0,Windows,unspecified
23:07:37.805,130.559,0.3418,0.3471,0.3445,0.3862,0.4,DROWSY,0,0,Windows,unspecified
23:07:37.833,130.586,0.3509,0.3495,0.3502,0.3968,0.4,DROWSY,0,0,Windows,unspecified
23:07:37.868,130.622,0.3418,0.3371,0.3395,0.3905,0.4,DROWSY,0,0,Windows,unspecified
23:07:37.895,130.649,0.3509,0.3345,0.3427,0.3922,0.4,DROWSY,0,0,Windows,unspecified
23:07:37.945,130.698,0.3547,0.3457,0.3502,0.3922,0.4,DROWSY,0,0,Windows,unspecified
23:07:37.974,130.728,0.3547,0.3495,0.3521,0.3952,0.4,DROWSY,0,0,Windows,unspecified
23:07:38.006,130.76,0.3775,0.3561,0.3668,0.3922,0.4,DROWSY,0,0,Windows,unspecified
23:07:38.039,130.793,0.3677,0.3495,0.3586,0.3957,0.4,DROWSY,0,0,Windows,unspecified
23:07:38.076,130.83,0.3934,0.3653,0.3793,0.3943,0.4,DROWSY,0,0,Windows,unspecified
23:07:38.100,130.854,0.4207,0.3865,0.4036,0.3969,0.4,DROWSY,0,0,Windows,unspecified
23:07:38.143,130.897,0.409,0.3914,0.4002,0.3984,0.4,DROWSY,0,0,Windows,unspecified
23:07:38.179,130.933,0.4247,0.3958,0.4102,0.3984,0.4,DROWSY,0,0,Windows,unspecified
23:07:38.211,130.965,0.4353,0.4144,0.4249,0.395,0.4,DROWSY,0,0,Windows,unspecified
23:07:38.244,130.998,0.4354,0.4385,0.4369,0.3933,0.4,DROWSY,0,0,Windows,unspecified
23:07:38.274,131.028,0.4469,0.4293,0.4381,0.3909,0.4,DROWSY,0,0,Windows,unspecified
23:07:38.306,131.06,0.4345,0.4293,0.4319,0.3925,0.4,DROWSY,0,0,Windows,unspecified
23:07:38.340,131.094,0.4345,0.4283,0.4314,0.3925,0.4,DROWSY,0,0,Windows,unspecified
23:07:38.369,131.123,0.4606,0.4406,0.4506,0.3997,0.4,DROWSY,0,0,Windows,unspecified
23:07:38.399,131.153,0.4733,0.4416,0.4574,0.3943,0.4,DROWSY,0,0,Windows,unspecified
23:07:38.432,131.186,0.4723,0.441,0.4566,0.4017,0.4,DROWSY,0,0,Windows,unspecified
23:07:38.479,131.233,0.4493,0.4387,0.444,0.3927,0.4,DROWSY,0,0,Windows,unspecified
23:07:38.512,131.266,0.4607,0.4282,0.4445,0.3923,0.4,DROWSY,0,0,Windows,unspecified
23:07:38.542,131.296,0.4616,0.4285,0.4451,0.3855,0.4,DROWSY,0,0,Windows,unspecified
23:07:38.575,131.329,0.448,0.4387,0.4434,0.3941,0.4,DROWSY,0,0,Windows,unspecified
23:07:38.607,131.361,0.4493,0.4172,0.4332,0.3955,0.4,DROWSY,0,0,Windows,unspecified
23:07:38.636,131.39,0.4478,0.4275,0.4376,0.3907,0.4,DROWSY,0,0,Windows,unspecified
23:07:38.667,131.421,0.4388,0.4269,0.4328,0.3923,0.4,DROWSY,0,0,Windows,unspecified
23:07:38.698,131.452,0.4388,0.4265,0.4326,0.3968,0.4,DROWSY,0,0,Windows,unspecified
23:07:38.731,131.485,0.4388,0.4265,0.4326,0.4015,0.4,DROWSY,0,0,Windows,unspecified
23:07:38.761,131.515,0.4246,0.4024,0.4135,0.3901,0.4,DROWSY,0,0,Windows,unspecified
23:07:38.792,131.546,0.4355,0.4041,0.4198,0.3881,0.4,DROWSY,0,0,Windows,unspecified
23:07:38.823,131.577,0.4369,0.4268,0.4319,0.3899,0.4,DROWSY,0,0,Windows,unspecified
23:07:38.879,131.633,0.4388,0.4387,0.4387,0.3808,0.4,DROWSY,0,0,Windows,unspecified
23:07:38.901,131.655,0.4282,0.4387,0.4335,0.3888,0.4,DROWSY,0,0,Windows,unspecified
23:07:38.941,131.695,0.4268,0.4127,0.4198,0.3855,0.4,DROWSY,0,0,Windows,unspecified
23:07:38.963,131.717,0.4355,0.4259,0.4307,0.3943,0.4,DROWSY,0,0,Windows,unspecified
23:07:39.005,131.759,0.459,0.4275,0.4432,0.3983,0.4,DROWSY,0,0,Windows,unspecified
23:07:39.043,131.797,0.4355,0.4172,0.4263,0.3894,0.4,DROWSY,0,0,Windows,unspecified
23:07:39.073,131.827,0.4371,0.4035,0.4203,0.3882,0.3933,DROWSY,0,0,Windows,unspecified
23:07:39.104,131.858,0.4345,0.4251,0.4298,0.3979,0.3867,DROWSY,0,0,Windows,unspecified
23:07:39.137,131.89,0.4345,0.4269,0.4307,0.3978,0.38,DROWSY,0,0,Windows,unspecified
23:07:39.168,131.922,0.4468,0.4159,0.4313,0.3945,0.3733,DROWSY,0,0,Windows,unspecified
23:07:39.201,131.955,0.4371,0.4251,0.4311,0.3919,0.3667,DROWSY,0,0,Windows,unspecified
23:07:39.230,131.983,0.4496,0.445,0.4473,0.3888,0.36,DROWSY,0,0,Windows,unspecified
23:07:39.275,132.029,0.4388,0.445,0.4419,0.3964,0.3533,DROWSY,0,0,Windows,unspecified
23:07:39.309,132.063,0.4402,0.4345,0.4373,0.3893,0.3467,NORMAL,0,0,Windows,unspecified
23:07:39.342,132.096,0.4268,0.4204,0.4236,0.3918,0.34,NORMAL,0,0,Windows,unspecified
23:07:39.370,132.124,0.4345,0.4344,0.4344,0.3979,0.3333,NORMAL,0,0,Windows,unspecified
23:07:39.403,132.157,0.4222,0.4361,0.4291,0.3937,0.3267,NORMAL,0,0,Windows,unspecified
23:07:39.434,132.188,0.4232,0.4361,0.4296,0.3925,0.32,NORMAL,0,0,Windows,unspecified
23:07:39.464,132.218,0.4221,0.4241,0.4231,0.3885,0.3133,NORMAL,0,0,Windows,unspecified
23:07:39.498,132.252,0.4222,0.4241,0.4231,0.3944,0.3067,NORMAL,0,0,Windows,unspecified
23:07:39.529,132.283,0.4222,0.4142,0.4182,0.3944,0.3,NORMAL,0,0,Windows,unspecified
23:07:39.561,132.315,0.4246,0.4134,0.419,0.3908,0.2933,NORMAL,0,0,Windows,unspecified
23:07:39.592,132.346,0.4345,0.4134,0.4239,0.395,0.2867,NORMAL,0,0,Windows,unspecified
23:07:39.625,132.379,0.4328,0.4224,0.4276,0.3902,0.28,NORMAL,0,0,Windows,unspecified
23:07:39.675,132.429,0.4082,0.4134,0.4108,0.3893,0.2733,NORMAL,0,0,Windows,unspecified
23:07:39.703,132.457,0.4442,0.4134,0.4288,0.3893,0.2667,NORMAL,0,0,Windows,unspecified
23:07:39.739,132.493,0.4453,0.4253,0.4353,0.3902,0.26,NORMAL,0,0,Windows,unspecified
23:07:39.766,132.52,0.4204,0.4235,0.422,0.3936,0.2533,NORMAL,0,0,Windows,unspecified
23:07:39.807,132.561,0.4095,0.4173,0.4134,0.3951,0.2467,NORMAL,0,0,Windows,unspecified
23:07:39.845,132.598,0.4222,0.4293,0.4258,0.3958,0.24,NORMAL,0,0,Windows,unspecified
23:07:39.875,132.629,0.4067,0.4266,0.4166,0.3889,0.2333,NORMAL,0,0,Windows,unspecified
23:07:39.907,132.661,0.4067,0.4283,0.4175,0.3906,0.2267,NORMAL,0,0,Windows,unspecified
23:07:39.940,132.694,0.419,0.4032,0.4111,0.3906,0.22,NORMAL,0,0,Windows,unspecified
23:07:39.969,132.723,0.4442,0.4266,0.4354,0.3879,0.2133,NORMAL,0,0,Windows,unspecified
23:07:40.001,132.755,0.4442,0.4275,0.4358,0.3951,0.2133,NORMAL,0,0,Windows,unspecified
23:07:40.031,132.785,0.4424,0.4265,0.4344,0.4044,0.2067,NORMAL,0,0,Windows,unspecified
23:07:40.074,132.828,0.4334,0.3948,0.4141,0.396,0.2067,NORMAL,0,0,Windows,unspecified
23:07:40.110,132.864,0.4204,0.3958,0.4081,0.401,0.2067,NORMAL,0,0,Windows,unspecified
23:07:40.141,132.895,0.4194,0.4054,0.4124,0.4003,0.2067,NORMAL,0,0,Windows,unspecified
23:07:40.173,132.927,0.4442,0.3907,0.4175,0.3911,0.2067,NORMAL,0,0,Windows,unspecified
23:07:40.205,132.959,0.3936,0.3919,0.3928,0.3903,0.2067,NORMAL,0,0,Windows,unspecified
23:07:40.235,132.989,0.3963,0.3822,0.3893,0.3906,0.2067,NORMAL,0,0,Windows,unspecified
23:07:40.266,133.02,0.3078,0.3026,0.3052,0.3866,0.2067,NORMAL,0,0,Windows,unspecified
23:07:40.297,133.051,0.3012,0.2835,0.2923,0.3906,0.2133,NORMAL,1,0,Windows,unspecified
23:07:40.329,133.083,0.3012,0.2843,0.2928,0.388,0.22,NORMAL,2,0,Windows,unspecified
23:07:40.359,133.113,0.2492,0.2357,0.2425,0.3881,0.2267,NORMAL,3,0,Windows,unspecified
23:07:40.392,133.146,0.23,0.1834,0.2067,0.3881,0.2333,NORMAL,4,0,Windows,unspecified
23:07:40.421,133.175,0.1586,0.1424,0.1505,0.3914,0.24,NORMAL,5,0,Windows,unspecified
23:07:40.479,133.233,0.1543,0.124,0.1392,0.3914,0.2467,NORMAL,6,0,Windows,unspecified
23:07:40.516,133.27,0.1477,0.1123,0.13,0.3939,0.2533,NORMAL,7,0,Windows,unspecified
23:07:40.549,133.303,0.1477,0.1211,0.1344,0.3939,0.26,NORMAL,8,0,Windows,unspecified
23:07:40.595,133.349,0.1717,0.133,0.1523,0.3914,0.2667,NORMAL,9,0,Windows,unspecified
23:07:40.624,133.378,0.183,0.1482,0.1656,0.386,0.2733,WARNING,10,0,Windows,unspecified
23:07:40.659,133.413,0.1878,0.1482,0.168,0.3894,0.28,WARNING,11,0,Windows,unspecified
23:07:40.690,133.444,0.237,0.2261,0.2315,0.3894,0.2867,WARNING,12,0,Windows,unspecified
23:07:40.719,133.473,0.2476,0.25,0.2488,0.3965,0.2933,WARNING,13,0,Windows,unspecified
23:07:40.753,133.507,0.2601,0.2817,0.2709,0.397,0.3,WARNING,14,0,Windows,unspecified
23:07:40.782,133.536,0.3063,0.3087,0.3075,0.397,0.3,NORMAL,0,0,Windows,unspecified
23:07:40.814,133.568,0.3189,0.3026,0.3108,0.3938,0.3,NORMAL,0,0,Windows,unspecified
23:07:40.846,133.6,0.3347,0.3313,0.333,0.3854,0.3,NORMAL,0,0,Windows,unspecified
23:07:40.878,133.632,0.3683,0.342,0.3552,0.3921,0.3,NORMAL,0,0,Windows,unspecified
23:07:40.909,133.663,0.3717,0.3544,0.363,0.3894,0.3,NORMAL,0,0,Windows,unspecified
23:07:40.941,133.695,0.3852,0.3652,0.3752,0.3898,0.3,NORMAL,0,0,Windows,unspecified
23:07:40.971,133.725,0.3852,0.3652,0.3752,0.3953,0.3,NORMAL,0,0,Windows,unspecified
23:07:41.008,133.762,0.3702,0.3597,0.365,0.3919,0.3,NORMAL,0,0,Windows,unspecified
23:07:41.033,133.787,0.3717,0.3684,0.37,0.382,0.3,NORMAL,0,0,Windows,unspecified
23:07:41.067,133.821,0.373,0.3664,0.3697,0.382,0.2933,NORMAL,0,0,Windows,unspecified
23:07:41.096,133.85,0.3717,0.3664,0.369,0.382,0.2867,NORMAL,0,0,Windows,unspecified
23:07:41.127,133.881,0.3593,0.3664,0.3629,0.3889,0.28,NORMAL,0,0,Windows,unspecified
23:07:41.159,133.912,0.3702,0.3664,0.3683,0.3906,0.2733,NORMAL,0,0,Windows,unspecified
23:07:41.189,133.943,0.3702,0.3664,0.3683,0.3881,0.2667,NORMAL,0,0,Windows,unspecified
23:07:41.222,133.976,0.3825,0.3664,0.3744,0.3834,0.26,NORMAL,0,0,Windows,unspecified
23:07:41.273,134.027,0.384,0.3904,0.3872,0.4012,0.2533,NORMAL,0,0,Windows,unspecified
23:07:41.299,134.053,0.3849,0.3773,0.3811,0.3939,0.2467,NORMAL,0,0,Windows,unspecified
23:07:41.341,134.095,0.3852,0.3652,0.3752,0.3898,0.24,NORMAL,0,0,Windows,unspecified
23:07:41.378,134.132,0.384,0.3664,0.3752,0.3939,0.2333,NORMAL,0,0,Windows,unspecified
23:07:41.411,134.165,0.3717,0.3566,0.3641,0.3895,0.2267,NORMAL,0,0,Windows,unspecified
23:07:41.440,134.194,0.373,0.3664,0.3697,0.3881,0.22,NORMAL,0,0,Windows,unspecified
23:07:41.470,134.224,0.3754,0.3566,0.366,0.39,0.2133,NORMAL,0,0,Windows,unspecified
23:07:41.502,134.256,0.376,0.3664,0.3712,0.3903,0.2067,NORMAL,0,0,Windows,unspecified
23:07:41.533,134.287,0.3641,0.3652,0.3646,0.3903,0.2,NORMAL,0,0,Windows,unspecified
23:07:41.566,134.32,0.3741,0.3652,0.3697,0.3868,0.1933,NORMAL,0,0,Windows,unspecified
23:07:41.597,134.351,0.373,0.3566,0.3648,0.3852,0.1867,NORMAL,0,0,Windows,unspecified
23:07:41.629,134.383,0.3754,0.3652,0.3703,0.39,0.18,NORMAL,0,0,Windows,unspecified
23:07:41.675,134.428,0.371,0.3652,0.3681,0.3914,0.1733,NORMAL,0,0,Windows,unspecified
23:07:41.708,134.462,0.3631,0.3554,0.3593,0.3923,0.1667,NORMAL,0,0,Windows,unspecified
23:07:41.742,134.496,0.2962,0.3003,0.2982,0.3893,0.1667,NORMAL,1,0,Windows,unspecified
23:07:41.770,134.524,0.276,0.274,0.275,0.3893,0.1667,NORMAL,2,0,Windows,unspecified
23:07:41.805,134.559,0.2245,0.2303,0.2274,0.3869,0.1667,NORMAL,3,0,Windows,unspecified
23:07:41.832,134.586,0.2115,0.205,0.2083,0.3904,0.1667,NORMAL,4,0,Windows,unspecified
23:07:41.867,134.621,0.1808,0.1666,0.1737,0.3904,0.1667,NORMAL,5,0,Windows,unspecified
23:07:41.897,134.651,0.1516,0.1543,0.153,0.3923,0.1667,NORMAL,6,0,Windows,unspecified
23:07:41.927,134.681,0.1516,0.1421,0.1469,0.3923,0.1667,NORMAL,7,0,Windows,unspecified
23:07:41.961,134.715,0.1547,0.1241,0.1394,0.3952,0.1667,NORMAL,8,0,Windows,unspecified
23:07:41.991,134.745,0.1547,0.1003,0.1275,0.3934,0.1667,NORMAL,9,0,Windows,unspecified
23:07:42.022,134.776,0.1429,0.0988,0.1209,0.3965,0.1667,WARNING,10,0,Windows,unspecified
23:07:42.079,134.833,0.1466,0.1122,0.1294,0.3946,0.1667,WARNING,11,0,Windows,unspecified
23:07:42.115,134.869,0.1429,0.124,0.1335,0.3937,0.1733,WARNING,12,0,Windows,unspecified
23:07:42.147,134.901,0.1985,0.201,0.1997,0.3946,0.18,WARNING,13,0,Windows,unspecified
23:07:42.179,134.933,0.2209,0.2273,0.2241,0.3965,0.1867,WARNING,14,0,Windows,unspecified
23:07:42.210,134.964,0.2727,0.2781,0.2754,0.4003,0.1933,WARNING,15,0,Windows,unspecified
23:07:42.241,134.995,0.2977,0.3018,0.2998,0.3954,0.2,WARNING,16,0,Windows,unspecified
23:07:42.273,135.027,0.3229,0.3126,0.3178,0.391,0.2,NORMAL,0,0,Windows,unspecified
23:07:42.304,135.058,0.3345,0.3249,0.3297,0.3939,0.2,NORMAL,0,0,Windows,unspecified
23:07:42.336,135.09,0.3471,0.3249,0.336,0.3939,0.2,NORMAL,0,0,Windows,unspecified
23:07:42.364,135.118,0.3471,0.329,0.3381,0.3939,0.2,NORMAL,0,0,Windows,unspecified
23:07:42.397,135.151,0.3471,0.3398,0.3435,0.391,0.2,NORMAL,0,0,Windows,unspecified
23:07:42.429,135.183,0.3597,0.3387,0.3492,0.391,0.2,NORMAL,0,0,Windows,unspecified
23:07:42.478,135.232,0.3597,0.3387,0.3492,0.391,0.2,NORMAL,0,0,Windows,unspecified
23:07:42.507,135.261,0.3597,0.3387,0.3492,0.3892,0.2,NORMAL,0,0,Windows,unspecified
23:07:42.538,135.292,0.3597,0.3494,0.3546,0.3856,0.2,NORMAL,0,0,Windows,unspecified
23:07:42.569,135.323,0.3723,0.3494,0.3609,0.3973,0.2,NORMAL,0,0,Windows,unspecified
23:07:42.604,135.358,0.371,0.352,0.3615,0.4028,0.2,NORMAL,0,0,Windows,unspecified
23:07:42.632,135.386,0.3629,0.352,0.3574,0.3954,0.2,NORMAL,0,0,Windows,unspecified
23:07:42.665,135.419,0.3619,0.3605,0.3612,0.3885,0.2,NORMAL,0,0,Windows,unspecified
23:07:42.694,135.448,0.3619,0.3606,0.3612,0.3876,0.2,NORMAL,0,0,Windows,unspecified
23:07:42.725,135.479,0.3495,0.347,0.3483,0.3943,0.2,NORMAL,0,0,Windows,unspecified
23:07:42.759,135.513,0.3754,0.3494,0.3624,0.3922,0.2,NORMAL,0,0,Windows,unspecified
23:07:42.788,135.542,0.3631,0.3614,0.3623,0.3876,0.2,NORMAL,0,0,Windows,unspecified
23:07:42.822,135.576,0.3631,0.352,0.3575,0.3954,0.2,NORMAL,0,0,Windows,unspecified
23:07:42.879,135.632,0.3631,0.352,0.3575,0.3873,0.2,NORMAL,0,0,Windows,unspecified
23:07:42.916,135.67,0.3631,0.3652,0.3642,0.3873,0.2,NORMAL,0,0,Windows,unspecified
23:07:42.946,135.7,0.3741,0.3532,0.3637,0.3899,0.2,NORMAL,0,0,Windows,unspecified
23:07:42.978,135.732,0.3741,0.3519,0.363,0.3899,0.2,NORMAL,0,0,Windows,unspecified
23:07:43.009,135.763,0.3741,0.3638,0.369,0.3928,0.2,NORMAL,0,0,Windows,unspecified
23:07:43.042,135.796,0.3741,0.3638,0.369,0.3928,0.2,NORMAL,0,0,Windows,unspecified
23:07:43.072,135.826,0.3741,0.3554,0.3648,0.3954,0.2,NORMAL,0,0,Windows,unspecified
23:07:43.104,135.858,0.3741,0.3554,0.3648,0.3987,0.2,NORMAL,0,0,Windows,unspecified
23:07:43.136,135.89,0.3741,0.3567,0.3654,0.3987,0.2,NORMAL,0,0,Windows,unspecified
23:07:43.166,135.92,0.3741,0.3628,0.3685,0.3969,0.2,NORMAL,0,0,Windows,unspecified
23:07:43.195,135.949,0.3652,0.3555,0.3604,0.3969,0.2,NORMAL,0,0,Windows,unspecified
23:07:43.227,135.981,0.3641,0.364,0.364,0.3913,0.2,NORMAL,0,0,Windows,unspecified
23:07:43.280,136.034,0.373,0.364,0.3685,0.3913,0.2,NORMAL,0,0,Windows,unspecified
23:07:43.304,136.058,0.3717,0.364,0.3678,0.3913,0.2,NORMAL,0,0,Windows,unspecified
23:07:43.343,136.097,0.3717,0.364,0.3678,0.3913,0.2,NORMAL,0,0,Windows,unspecified
23:07:43.366,136.12,0.3741,0.376,0.3751,0.3973,0.2,NORMAL,0,0,Windows,unspecified
23:07:43.407,136.161,0.3741,0.376,0.3751,0.3913,0.2,NORMAL,0,0,Windows,unspecified
23:07:43.430,136.184,0.3741,0.376,0.3751,0.3913,0.2,NORMAL,0,0,Windows,unspecified
23:07:43.481,136.235,0.373,0.376,0.3745,0.397,0.2,NORMAL,0,0,Windows,unspecified
23:07:43.508,136.262,0.3717,0.376,0.3739,0.4023,0.2,NORMAL,0,0,Windows,unspecified
23:07:43.540,136.294,0.3717,0.376,0.3739,0.3966,0.2,NORMAL,0,0,Windows,unspecified
23:07:43.570,136.324,0.3717,0.376,0.3739,0.3966,0.2,NORMAL,0,0,Windows,unspecified
23:07:43.604,136.358,0.3717,0.376,0.3739,0.3932,0.2,NORMAL,0,0,Windows,unspecified
23:07:43.634,136.387,0.3717,0.376,0.3739,0.3917,0.2,NORMAL,0,0,Windows,unspecified
23:07:43.678,136.432,0.384,0.388,0.386,0.3972,0.2,NORMAL,0,0,Windows,unspecified
23:07:43.711,136.465,0.384,0.3652,0.3746,0.394,0.2,NORMAL,0,0,Windows,unspecified
23:07:43.743,136.497,0.3864,0.3567,0.3715,0.3897,0.2,NORMAL,0,0,Windows,unspecified
23:07:43.775,136.529,0.3864,0.3567,0.3715,0.3929,0.2,NORMAL,0,0,Windows,unspecified
23:07:43.805,136.559,0.3717,0.3626,0.3672,0.3987,0.2,NORMAL,0,0,Windows,unspecified
23:07:43.837,136.591,0.3741,0.364,0.3691,0.3954,0.2,NORMAL,0,0,Windows,unspecified
23:07:43.883,136.636,0.3238,0.3184,0.3211,0.3943,0.2,NORMAL,0,0,Windows,unspecified
23:07:43.915,136.669,0.3094,0.3018,0.3056,0.3943,0.2,NORMAL,0,0,Windows,unspecified
23:07:43.945,136.699,0.2936,0.2896,0.2916,0.3887,0.2067,NORMAL,1,0,Windows,unspecified
23:07:43.976,136.73,0.265,0.2537,0.2593,0.3887,0.2133,NORMAL,2,0,Windows,unspecified
23:07:44.007,136.761,0.2391,0.2352,0.2372,0.3931,0.22,NORMAL,3,0,Windows,unspecified
23:07:44.039,136.793,0.2134,0.1811,0.1973,0.3887,0.2267,NORMAL,4,0,Windows,unspecified
23:07:44.079,136.833,0.183,0.148,0.1655,0.3887,0.2333,NORMAL,5,0,Windows,unspecified
23:07:44.100,136.854,0.1613,0.1275,0.1444,0.3887,0.24,NORMAL,6,0,Windows,unspecified
23:07:44.139,136.892,0.1543,0.1275,0.1409,0.3919,0.2467,NORMAL,7,0,Windows,unspecified
23:07:44.164,136.918,0.1392,0.1137,0.1264,0.3921,0.2533,NORMAL,8,0,Windows,unspecified
23:07:44.205,136.959,0.1134,0.0979,0.1057,0.3887,0.26,NORMAL,9,0,Windows,unspecified
23:07:44.240,136.994,0.1019,0.0865,0.0942,0.3887,0.2667,WARNING,10,0,Windows,unspecified
23:07:44.281,137.035,0.0977,0.0865,0.0921,0.3875,0.2733,WARNING,11,0,Windows,unspecified
23:07:44.305,137.059,0.1021,0.0865,0.0943,0.3875,0.28,WARNING,12,0,Windows,unspecified
23:07:44.338,137.092,0.1021,0.0865,0.0943,0.3909,0.2867,WARNING,13,0,Windows,unspecified
23:07:44.370,137.124,0.0979,0.0897,0.0938,0.3888,0.2933,WARNING,14,0,Windows,unspecified
23:07:44.399,137.152,0.0965,0.0845,0.0905,0.3879,0.3,WARNING,15,0,Windows,unspecified
23:07:44.429,137.183,0.0903,0.0627,0.0765,0.3921,0.3067,WARNING,16,0,Windows,unspecified
23:07:44.479,137.233,0.0865,0.0627,0.0746,0.3955,0.3133,WARNING,17,0,Windows,unspecified
23:07:44.508,137.262,0.0845,0.0627,0.0736,0.3914,0.32,WARNING,18,0,Windows,unspecified
23:07:44.539,137.293,0.1552,0.1482,0.1517,0.3943,0.3267,WARNING,19,0,Windows,unspecified
23:07:44.572,137.326,0.1804,0.1912,0.1858,0.3854,0.3333,DROWSY,20,0,Windows,unspecified
23:07:44.607,137.361,0.2437,0.2278,0.2357,0.3932,0.34,DROWSY,21,0,Windows,unspecified
23:07:44.634,137.388,0.263,0.2524,0.2577,0.3932,0.3467,DROWSY,22,0,Windows,unspecified
23:07:44.681,137.435,0.2944,0.2714,0.2829,0.3932,0.3533,DROWSY,23,0,Windows,unspecified
23:07:44.716,137.47,0.3199,0.2953,0.3076,0.3899,0.3533,DROWSY,0,0,Windows,unspecified
23:07:44.745,137.499,0.3119,0.2938,0.3029,0.3899,0.3533,DROWSY,0,0,Windows,unspecified
23:07:44.778,137.531,0.3234,0.2953,0.3094,0.391,0.3533,DROWSY,0,0,Windows,unspecified
23:07:44.808,137.562,0.3234,0.3193,0.3214,0.387,0.3533,DROWSY,0,0,Windows,unspecified
23:07:44.841,137.595,0.3358,0.3508,0.3433,0.387,0.3533,DROWSY,0,0,Windows,unspecified
23:07:44.879,137.633,0.3443,0.3424,0.3433,0.3914,0.3533,DROWSY,0,0,Windows,unspecified
23:07:44.905,137.659,0.3358,0.3424,0.3391,0.3914,0.3533,DROWSY,0,0,Windows,unspecified
23:07:44.941,137.695,0.3593,0.3445,0.3519,0.3946,0.3533,DROWSY,0,0,Windows,unspecified
23:07:44.968,137.722,0.3593,0.3364,0.3479,0.3946,0.3533,DROWSY,0,0,Windows,unspecified
23:07:45.006,137.76,0.3607,0.3424,0.3515,0.3988,0.3533,DROWSY,0,0,Windows,unspecified
23:07:45.032,137.786,0.3619,0.3413,0.3516,0.3988,0.3533,DROWSY,0,0,Windows,unspecified
23:07:45.083,137.837,0.3741,0.3424,0.3583,0.3932,0.3533,DROWSY,0,0,Windows,unspecified
23:07:45.111,137.865,0.3864,0.3544,0.3704,0.3932,0.3533,DROWSY,0,0,Windows,unspecified
23:07:45.141,137.895,0.3864,0.3664,0.3764,0.3991,0.3533,DROWSY,0,0,Windows,unspecified
23:07:45.173,137.927,0.3864,0.3664,0.3764,0.3966,0.3533,DROWSY,0,0,Windows,unspecified
23:07:45.203,137.957,0.3717,0.3664,0.369,0.3966,0.3533,DROWSY,0,0,Windows,unspecified
23:07:45.234,137.988,0.3717,0.3664,0.369,0.3966,0.3533,DROWSY,0,0,Windows,unspecified
23:07:45.275,138.029,0.373,0.3664,0.3697,0.3932,0.3533,DROWSY,0,0,Windows,unspecified
23:07:45.312,138.066,0.3849,0.3652,0.375,0.3932,0.3467,NORMAL,0,0,Windows,unspecified
23:07:45.360,138.113,0.3741,0.3652,0.3697,0.3966,0.34,NORMAL,0,0,Windows,unspecified
23:07:45.390,138.144,0.3741,0.3532,0.3637,0.3876,0.3333,NORMAL,0,0,Windows,unspecified
23:07:45.421,138.175,0.3641,0.3652,0.3647,0.3864,0.3267,NORMAL,0,0,Windows,unspecified
23:07:45.452,138.206,0.3614,0.345,0.3532,0.3864,0.32,NORMAL,0,0,Windows,unspecified
23:07:45.481,138.235,0.3741,0.364,0.3691,0.3919,0.3133,NORMAL,0,0,Windows,unspecified
23:07:45.515,138.269,0.3619,0.3652,0.3635,0.3876,0.3067,NORMAL,0,0,Windows,unspecified
23:07:45.545,138.298,0.3532,0.3652,0.3592,0.3967,0.3,NORMAL,0,0,Windows,unspecified
23:07:45.580,138.334,0.3508,0.3638,0.3573,0.3996,0.2933,NORMAL,0,0,Windows,unspecified
23:07:45.610,138.364,0.3619,0.3727,0.3673,0.391,0.2867,NORMAL,0,0,Windows,unspecified
23:07:45.641,138.395,0.3532,0.3714,0.3623,0.3897,0.28,NORMAL,0,0,Windows,unspecified
23:07:45.678,138.432,0.3652,0.3626,0.3639,0.3939,0.2733,NORMAL,0,0,Windows,unspecified
23:07:45.704,138.458,0.352,0.3652,0.3586,0.3911,0.2667,NORMAL,0,0,Windows,unspecified
23:07:45.742,138.496,0.3532,0.3729,0.3631,0.3882,0.26,NORMAL,0,0,Windows,unspecified
23:07:45.765,138.519,0.3544,0.3593,0.3569,0.3828,0.26,NORMAL,0,0,Windows,unspecified
23:07:45.809,138.563,0.3532,0.3619,0.3575,0.3886,0.26,NORMAL,0,0,Windows,unspecified
23:07:45.845,138.598,0.3578,0.3593,0.3586,0.3818,0.26,NORMAL,0,0,Windows,unspecified
23:07:45.881,138.635,0.3544,0.3508,0.3526,0.3895,0.26,NORMAL,0,0,Windows,unspecified
23:07:45.906,138.66,0.352,0.352,0.352,0.3887,0.26,NORMAL,0,0,Windows,unspecified
23:07:45.937,138.691,0.345,0.352,0.3485,0.3887,0.26,NORMAL,0,0,Windows,unspecified
23:07:45.969,138.723,0.3695,0.3626,0.3661,0.385,0.26,NORMAL,0,0,Windows,unspecified
23:07:46.002,138.756,0.3695,0.3727,0.3711,0.385,0.26,NORMAL,0,0,Windows,unspecified
23:07:46.033,138.787,0.3461,0.3614,0.3538,0.3889,0.26,NORMAL,0,0,Windows,unspecified
23:07:46.077,138.831,0.3684,0.3702,0.3693,0.3921,0.26,NORMAL,0,0,Windows,unspecified
23:07:46.110,138.864,0.3714,0.3626,0.367,0.3835,0.26,NORMAL,0,0,Windows,unspecified
23:07:46.141,138.895,0.3684,0.3599,0.3641,0.3898,0.26,NORMAL,0,0,Windows,unspecified
23:07:46.172,138.926,0.3575,0.3611,0.3593,0.3844,0.26,NORMAL,0,0,Windows,unspecified
23:07:46.201,138.955,0.3553,0.3685,0.3619,0.3896,0.26,NORMAL,0,0,Windows,unspecified
23:07:46.233,138.987,0.3595,0.3563,0.3579,0.3952,0.26,NORMAL,0,0,Windows,unspecified
23:07:46.287,139.041,0.3149,0.3291,0.322,0.3896,0.26,NORMAL,0,0,Windows,unspecified
23:07:46.310,139.064,0.3134,0.3039,0.3086,0.3856,0.26,NORMAL,0,0,Windows,unspecified
23:07:46.341,139.095,0.3026,0.2929,0.2978,0.3883,0.2667,NORMAL,1,0,Windows,unspecified
23:07:46.373,139.127,0.2456,0.2254,0.2355,0.3728,0.2733,NORMAL,2,0,Windows,unspecified
23:07:46.405,139.159,0.2331,0.2167,0.2249,0.3838,0.28,NORMAL,3,0,Windows,unspecified
23:07:46.435,139.189,0.1742,0.1582,0.1662,0.3879,0.2867,NORMAL,4,0,Windows,unspecified
23:07:46.478,139.232,0.1588,0.1304,0.1446,0.3941,0.2933,NORMAL,5,0,Windows,unspecified
23:07:46.515,139.269,0.147,0.1043,0.1257,0.3969,0.3,NORMAL,6,0,Windows,unspecified
23:07:46.544,139.298,0.1573,0.1304,0.1439,0.385,0.3067,NORMAL,7,0,Windows,unspecified
23:07:46.575,139.329,0.1573,0.183,0.1702,0.3865,0.3133,NORMAL,8,0,Windows,unspecified
23:07:46.606,139.36,0.2352,0.25,0.2426,0.3961,0.32,NORMAL,9,0,Windows,unspecified
23:07:46.638,139.392,0.2575,0.2764,0.267,0.3994,0.3267,WARNING,10,0,Windows,unspecified
23:07:46.681,139.435,0.3263,0.3294,0.3278,0.394,0.3267,NORMAL,0,0,Windows,unspecified
23:07:46.718,139.472,0.3413,0.3496,0.3455,0.3906,0.3267,NORMAL,0,0,Windows,unspecified
23:07:46.746,139.5,0.3532,0.3519,0.3526,0.3871,0.32,NORMAL,0,0,Windows,unspecified
23:07:46.779,139.533,0.3664,0.3567,0.3615,0.3926,0.3133,NORMAL,0,0,Windows,unspecified
23:07:46.809,139.563,0.3741,0.3638,0.369,0.3874,0.3067,NORMAL,0,0,Windows,unspecified
23:07:46.841,139.595,0.3717,0.367,0.3694,0.3987,0.3,NORMAL,0,0,Windows,unspecified
23:07:46.879,139.633,0.384,0.3787,0.3814,0.3938,0.2933,NORMAL,0,0,Windows,unspecified
23:07:46.902,139.656,0.3864,0.3787,0.3825,0.3884,0.2867,NORMAL,0,0,Windows,unspecified
23:07:46.942,139.696,0.3865,0.3776,0.3821,0.3958,0.28,NORMAL,0,0,Windows,unspecified
23:07:46.966,139.72,0.3865,0.366,0.3762,0.399,0.2733,NORMAL,0,0,Windows,unspecified
23:07:47.001,139.755,0.3773,0.3644,0.3708,0.3993,0.2667,NORMAL,0,0,Windows,unspecified
23:07:47.029,139.783,0.3865,0.3655,0.376,0.4026,0.26,NORMAL,0,0,Windows,unspecified
23:07:47.061,139.815,0.3865,0.3865,0.3865,0.4026,0.2533,NORMAL,0,0,Windows,unspecified
23:07:47.091,139.845,0.3784,0.3776,0.378,0.399,0.2467,NORMAL,0,0,Windows,unspecified
23:07:47.123,139.877,0.3891,0.3659,0.3775,0.4012,0.24,NORMAL,0,0,Windows,unspecified
23:07:47.153,139.907,0.3772,0.3644,0.3708,0.3925,0.2333,NORMAL,0,0,Windows,unspecified
23:07:47.185,139.939,0.3891,0.376,0.3826,0.3956,0.2267,NORMAL,0,0,Windows,unspecified
23:07:47.217,139.971,0.3891,0.376,0.3826,0.3961,0.22,NORMAL,0,0,Windows,unspecified
23:07:47.279,140.033,0.3784,0.3542,0.3663,0.3921,0.22,NORMAL,0,0,Windows,unspecified
23:07:47.312,140.066,0.3784,0.3644,0.3714,0.3885,0.22,NORMAL,0,0,Windows,unspecified
23:07:47.343,140.096,0.3355,0.3135,0.3245,0.3867,0.22,NORMAL,0,0,Windows,unspecified
23:07:47.376,140.129,0.3168,0.2921,0.3044,0.3929,0.22,NORMAL,0,0,Windows,unspecified
23:07:47.407,140.161,0.2413,0.2259,0.2336,0.3841,0.2267,NORMAL,1,0,Windows,unspecified
23:07:47.437,140.191,0.2139,0.178,0.196,0.3908,0.2333,NORMAL,2,0,Windows,unspecified
23:07:47.468,140.222,0.2009,0.178,0.1895,0.3908,0.24,NORMAL,3,0,Windows,unspecified
23:07:47.502,140.256,0.2009,0.178,0.1895,0.3946,0.2467,NORMAL,4,0,Windows,unspecified
23:07:47.531,140.285,0.2009,0.178,0.1895,0.3915,0.2533,NORMAL,5,0,Windows,unspecified
23:07:47.564,140.318,0.25,0.2287,0.2394,0.3885,0.26,NORMAL,6,0,Windows,unspecified
23:07:47.592,140.346,0.2601,0.2485,0.2543,0.395,0.2667,NORMAL,7,0,Windows,unspecified
23:07:47.625,140.379,0.2977,0.2764,0.2871,0.3905,0.2733,NORMAL,8,0,Windows,unspecified
23:07:47.677,140.431,0.3481,0.3225,0.3353,0.3908,0.2733,NORMAL,0,0,Windows,unspecified
23:07:47.702,140.456,0.3471,0.336,0.3415,0.3885,0.2733,NORMAL,0,0,Windows,unspecified
23:07:47.743,140.497,0.3395,0.3267,0.3331,0.3872,0.2733,NORMAL,0,0,Windows,unspecified
23:07:47.766,140.52,0.3495,0.34,0.3448,0.3886,0.2733,NORMAL,0,0,Windows,unspecified
23:07:47.801,140.555,0.3505,0.34,0.3452,0.3904,0.2733,NORMAL,0,0,Windows,unspecified
23:07:47.831,140.585,0.3382,0.34,0.3391,0.3947,0.2733,NORMAL,0,0,Windows,unspecified
23:07:47.861,140.615,0.3382,0.34,0.3391,0.3915,0.2733,NORMAL,0,0,Windows,unspecified
23:07:47.893,140.647,0.3505,0.34,0.3452,0.3915,0.2733,NORMAL,0,0,Windows,unspecified
23:07:47.925,140.679,0.3505,0.34,0.3452,0.3905,0.2733,NORMAL,0,0,Windows,unspecified
23:07:47.957,140.711,0.3395,0.34,0.3398,0.3873,0.2733,NORMAL,0,0,Windows,unspecified
23:07:47.989,140.742,0.3466,0.34,0.3433,0.3929,0.2733,NORMAL,0,0,Windows,unspecified
23:07:48.020,140.774,0.1473,0.1438,0.1456,0.3929,0.28,NORMAL,1,0,Windows,unspecified
23:07:48.074,140.828,0.1509,0.1325,0.1417,0.3873,0.2867,NORMAL,2,0,Windows,unspecified
23:07:48.111,140.865,0.1509,0.1325,0.1417,0.3873,0.2933,NORMAL,3,0,Windows,unspecified
23:07:48.145,140.899,0.1834,0.1859,0.1847,0.3873,0.3,NORMAL,4,0,Windows,unspecified
23:07:48.176,140.93,0.1958,0.2152,0.2055,0.3873,0.3067,NORMAL,5,0,Windows,unspecified
23:07:48.205,140.959,0.2463,0.2511,0.2487,0.383,0.3133,NORMAL,6,0,Windows,unspecified
23:07:48.236,140.99,0.2714,0.2635,0.2674,0.3885,0.32,NORMAL,7,0,Windows,unspecified
23:07:48.269,141.022,0.2977,0.2757,0.2867,0.3885,0.3267,NORMAL,8,0,Windows,unspecified
23:07:48.299,141.053,0.3087,0.2879,0.2983,0.3885,0.3333,NORMAL,9,0,Windows,unspecified
23:07:48.332,141.086,0.3213,0.3003,0.3108,0.3885,0.3333,NORMAL,0,0,Windows,unspecified
23:07:48.361,141.115,0.3331,0.3238,0.3284,0.3885,0.3333,NORMAL,0,0,Windows,unspecified
23:07:48.393,141.147,0.3456,0.3238,0.3347,0.3885,0.3333,NORMAL,0,0,Windows,unspecified
23:07:48.425,141.179,0.3456,0.3361,0.3409,0.3885,0.3333,NORMAL,0,0,Windows,unspecified
23:07:48.480,141.234,0.3594,0.3347,0.347,0.3885,0.3333,NORMAL,0,0,Windows,unspecified
23:07:48.517,141.271,0.372,0.347,0.3595,0.3885,0.3333,NORMAL,0,0,Windows,unspecified
23:07:48.548,141.302,0.3582,0.3456,0.3519,0.3867,0.3333,NORMAL,0,0,Windows,unspecified
23:07:48.580,141.334,0.3583,0.3579,0.3581,0.3867,0.3333,NORMAL,0,0,Windows,unspecified
23:07:48.612,141.366,0.3709,0.3593,0.3651,0.3946,0.3333,NORMAL,0,0,Windows,unspecified
23:07:48.646,141.4,0.3696,0.3628,0.3662,0.3921,0.3333,NORMAL,0,0,Windows,unspecified
23:07:48.678,141.432,0.371,0.3626,0.3668,0.3885,0.3333,NORMAL,0,0,Windows,unspecified
23:07:48.707,141.461,0.3849,0.3626,0.3738,0.3944,0.3333,NORMAL,0,0,Windows,unspecified
23:07:48.740,141.494,0.3709,0.364,0.3675,0.3885,0.3333,NORMAL,0,0,Windows,unspecified
23:07:48.772,141.526,0.372,0.352,0.362,0.3867,0.3333,NORMAL,0,0,Windows,unspecified
23:07:48.803,141.557,0.3709,0.3507,0.3608,0.3885,0.3333,NORMAL,0,0,Windows,unspecified
23:07:48.833,141.587,0.371,0.352,0.3615,0.391,0.3333,NORMAL,0,0,Windows,unspecified
23:07:48.877,141.631,0.3629,0.3652,0.364,0.3892,0.3333,NORMAL,0,0,Windows,unspecified
23:07:48.909,141.663,0.3619,0.3652,0.3635,0.3869,0.3333,NORMAL,0,0,Windows,unspecified
23:07:48.936,141.69,0.3619,0.3424,0.3521,0.3975,0.3267,NORMAL,0,0,Windows,unspecified
23:07:48.971,141.725,0.3619,0.3413,0.3516,0.3948,0.32,NORMAL,0,0,Windows,unspecified
23:07:49.001,141.755,0.371,0.3664,0.3687,0.3973,0.3133,NORMAL,0,0,Windows,unspecified
23:07:49.035,141.789,0.381,0.3433,0.3621,0.395,0.3067,NORMAL,0,0,Windows,unspecified
23:07:49.064,141.818,0.3697,0.3544,0.362,0.3936,0.3,NORMAL,0,0,Windows,unspecified
23:07:49.094,141.848,0.3662,0.3518,0.359,0.4041,0.2933,NORMAL,0,0,Windows,unspecified
23:07:49.127,141.881,0.3799,0.3641,0.372,0.3986,0.2867,NORMAL,0,0,Windows,unspecified
23:07:49.158,141.912,0.3662,0.3629,0.3645,0.4001,0.28,NORMAL,0,0,Windows,unspecified
23:07:49.191,141.945,0.3565,0.3505,0.3535,0.3948,0.2733,NORMAL,0,0,Windows,unspecified
23:07:49.220,141.974,0.3687,0.3629,0.3658,0.4091,0.2667,NORMAL,0,0,Windows,unspecified
23:07:49.278,142.032,0.3453,0.3583,0.3518,0.3957,0.26,NORMAL,0,0,Windows,unspecified
23:07:49.315,142.069,0.3673,0.3481,0.3577,0.3863,0.2533,NORMAL,0,0,Windows,unspecified
23:07:49.346,142.1,0.3543,0.3355,0.3449,0.3833,0.2467,NORMAL,0,0,Windows,unspecified
23:07:49.379,142.133,0.3547,0.3583,0.3565,0.3922,0.24,NORMAL,0,0,Windows,unspecified
23:07:49.410,142.164,0.3558,0.3619,0.3588,0.3839,0.2333,NORMAL,0,0,Windows,unspecified
23:07:49.441,142.195,0.3641,0.3558,0.3599,0.3836,0.2267,NORMAL,0,0,Windows,unspecified
23:07:49.473,142.227,0.3775,0.3701,0.3738,0.3883,0.22,NORMAL,0,0,Windows,unspecified
23:07:49.504,142.258,0.3667,0.3505,0.3586,0.3803,0.2133,NORMAL,0,0,Windows,unspecified
23:07:49.536,142.29,0.3655,0.3355,0.3505,0.3802,0.2067,NORMAL,0,0,Windows,unspecified
23:07:49.566,142.32,0.3637,0.3355,0.3496,0.3906,0.2,NORMAL,0,0,Windows,unspecified
23:07:49.597,142.351,0.3523,0.3467,0.3495,0.3861,0.1933,NORMAL,0,0,Windows,unspecified
23:07:49.628,142.382,0.2712,0.268,0.2696,0.3853,0.1933,NORMAL,1,0,Windows,unspecified
23:07:49.679,142.433,0.2382,0.2347,0.2365,0.381,0.1933,NORMAL,2,0,Windows,unspecified
23:07:49.706,142.46,0.2237,0.2341,0.2289,0.3765,0.2,NORMAL,3,0,Windows,unspecified
23:07:49.741,142.495,0.2979,0.2683,0.2831,0.3803,0.2067,NORMAL,4,0,Windows,unspecified
23:07:49.769,142.523,0.2836,0.2873,0.2854,0.3864,0.2133,NORMAL,5,0,Windows,unspecified
23:07:49.801,142.555,0.3254,0.3076,0.3165,0.384,0.2133,NORMAL,0,0,Windows,unspecified
23:07:49.830,142.584,0.3302,0.3076,0.3189,0.3893,0.2133,NORMAL,0,0,Windows,unspecified
23:07:49.863,142.617,0.354,0.3375,0.3458,0.3798,0.2133,NORMAL,0,0,Windows,unspecified
23:07:49.894,142.648,0.354,0.3499,0.3519,0.3981,0.2133,NORMAL,0,0,Windows,unspecified
23:07:49.925,142.679,0.3594,0.3636,0.3615,0.3906,0.2133,NORMAL,0,0,Windows,unspecified
23:07:49.954,142.708,0.3791,0.354,0.3666,0.3908,0.2133,NORMAL,0,0,Windows,unspecified
23:07:49.987,142.741,0.3698,0.3755,0.3726,0.3908,0.2133,NORMAL,0,0,Windows,unspecified
23:07:50.017,142.771,0.354,0.3842,0.3691,0.3815,0.2133,NORMAL,0,0,Windows,unspecified
23:07:50.078,142.832,0.3667,0.3734,0.37,0.3871,0.2133,NORMAL,0,0,Windows,unspecified
23:07:50.110,142.864,0.3698,0.3728,0.3713,0.3813,0.2133,NORMAL,0,0,Windows,unspecified
23:07:50.142,142.896,0.3808,0.3613,0.3711,0.3884,0.2133,NORMAL,0,0,Windows,unspecified
23:07:50.175,142.929,0.3517,0.3583,0.355,0.3831,0.2133,NORMAL,0,0,Windows,unspecified
23:07:50.201,142.955,0.3626,0.3554,0.359,0.3895,0.2133,NORMAL,0,0,Windows,unspecified
23:07:50.237,142.991,0.3684,0.3554,0.3619,0.3846,0.2133,NORMAL,0,0,Windows,unspecified
23:07:50.267,143.021,0.3554,0.3554,0.3554,0.3875,0.2133,NORMAL,0,0,Windows,unspecified
23:07:50.299,143.053,0.3554,0.3739,0.3646,0.394,0.2133,NORMAL,0,0,Windows,unspecified
23:07:50.329,143.083,0.3681,0.3709,0.3695,0.3807,0.2133,NORMAL,0,0,Windows,unspecified
23:07:50.360,143.114,0.3608,0.3453,0.3531,0.3829,0.2133,NORMAL,0,0,Windows,unspecified
23:07:50.392,143.146,0.3667,0.3606,0.3637,0.3944,0.2133,NORMAL,0,0,Windows,unspecified
23:07:50.423,143.177,0.3772,0.3744,0.3758,0.3801,0.2133,NORMAL,0,0,Windows,unspecified
23:07:50.478,143.232,0.3649,0.3465,0.3557,0.3829,0.2133,NORMAL,0,0,Windows,unspecified
23:07:50.500,143.254,0.3649,0.3453,0.3551,0.3801,0.2133,NORMAL,0,0,Windows,unspecified
23:07:50.541,143.295,0.3663,0.3594,0.3628,0.3807,0.2133,NORMAL,0,0,Windows,unspecified
23:07:50.565,143.319,0.3663,0.3594,0.3628,0.3847,0.2133,NORMAL,0,0,Windows,unspecified
23:07:50.602,143.356,0.3684,0.3453,0.3569,0.3977,0.2133,NORMAL,0,0,Windows,unspecified
23:07:50.627,143.38,0.3698,0.3594,0.3646,0.3888,0.2133,NORMAL,0,0,Windows,unspecified
23:07:50.659,143.413,0.3681,0.3594,0.3637,0.3908,0.2133,NORMAL,0,0,Windows,unspecified
23:07:50.691,143.445,0.3517,0.3453,0.3485,0.3921,0.2133,NORMAL,0,0,Windows,unspecified
23:07:50.723,143.477,0.3684,0.3594,0.3639,0.3877,0.2133,NORMAL,0,0,Windows,unspecified
23:07:50.754,143.507,0.3504,0.3594,0.3549,0.3877,0.2133,NORMAL,0,0,Windows,unspecified
23:07:50.785,143.539,0.354,0.3594,0.3567,0.3776,0.2133,NORMAL,0,0,Windows,unspecified
23:07:50.815,143.569,0.3663,0.3594,0.3628,0.3888,0.2133,NORMAL,0,0,Windows,unspecified
23:07:50.878,143.632,0.3649,0.3657,0.3653,0.3901,0.2133,NORMAL,0,0,Windows,unspecified
23:07:50.909,143.663,0.3827,0.3495,0.3661,0.3864,0.2133,NORMAL,0,0,Windows,unspecified
23:07:50.942,143.696,0.3577,0.3488,0.3533,0.3912,0.2133,NORMAL,0,0,Windows,unspecified
23:07:50.970,143.724,0.357,0.3465,0.3517,0.3905,0.2133,NORMAL,0,0,Windows,unspecified
23:07:51.002,143.756,0.309,0.2903,0.2997,0.3904,0.22,NORMAL,1,0,Windows,unspecified
23:07:51.049,143.803,0.2964,0.3034,0.2999,0.3903,0.2267,NORMAL,2,0,Windows,unspecified
23:07:51.079,143.833,0.2964,0.2979,0.2972,0.3903,0.2333,NORMAL,3,0,Windows,unspecified
23:07:51.111,143.865,0.2889,0.2578,0.2734,0.3887,0.24,NORMAL,4,0,Windows,unspecified
23:07:51.143,143.897,0.2583,0.2421,0.2502,0.392,0.2467,NORMAL,5,0,Windows,unspecified
23:07:51.175,143.929,0.2367,0.2367,0.2367,0.3906,0.2533,NORMAL,6,0,Windows,unspecified
23:07:51.207,143.961,0.2348,0.2421,0.2385,0.3841,0.26,NORMAL,7,0,Windows,unspecified
23:07:51.236,143.99,0.2641,0.2559,0.26,0.3956,0.2667,NORMAL,8,0,Windows,unspecified
23:07:51.283,144.037,0.2617,0.2701,0.2659,0.3935,0.2733,NORMAL,9,0,Windows,unspecified
23:07:51.316,144.07,0.2908,0.2979,0.2943,0.3956,0.28,WARNING,10,0,Windows,unspecified
23:07:51.345,144.099,0.3033,0.2743,0.2888,0.389,0.28,WARNING,11,0,Windows,unspecified
23:07:51.377,144.131,0.2799,0.2882,0.284,0.3966,0.28,WARNING,12,0,Windows,unspecified
23:07:51.409,144.163,0.2937,0.3112,0.3025,0.3999,0.2733,NORMAL,0,0,Windows,unspecified
23:07:51.439,144.193,0.3213,0.2988,0.31,0.3933,0.2667,NORMAL,0,0,Windows,unspecified
23:07:51.473,144.227,0.3097,0.3024,0.306,0.3912,0.26,NORMAL,0,0,Windows,unspecified
23:07:51.502,144.256,0.3256,0.3024,0.314,0.4017,0.2533,NORMAL,0,0,Windows,unspecified
23:07:51.534,144.288,0.3084,0.3003,0.3043,0.407,0.2467,NORMAL,0,0,Windows,unspecified
23:07:51.565,144.319,0.3382,0.3138,0.326,0.3878,0.24,NORMAL,0,0,Windows,unspecified
23:07:51.596,144.35,0.3382,0.3138,0.326,0.3878,0.2333,NORMAL,0,0,Windows,unspecified
23:07:51.627,144.381,0.3003,0.3003,0.3003,0.3942,0.2333,NORMAL,1,0,Windows,unspecified
23:07:51.678,144.432,0.3003,0.294,0.2971,0.3984,0.24,NORMAL,2,0,Windows,unspecified
23:07:51.707,144.46,0.3003,0.3286,0.3144,0.4012,0.24,NORMAL,0,0,Windows,unspecified
23:07:51.741,144.495,0.3105,0.3095,0.31,0.392,0.24,NORMAL,0,0,Windows,unspecified
23:07:51.770,144.524,0.3144,0.3058,0.3101,0.4015,0.24,NORMAL,0,0,Windows,unspecified
23:07:51.802,144.556,0.3277,0.3214,0.3245,0.3941,0.24,NORMAL,0,0,Windows,unspecified
23:07:51.831,144.585,0.3286,0.3231,0.3259,0.3901,0.24,NORMAL,0,0,Windows,unspecified
23:07:51.863,144.617,0.3305,0.3231,0.3268,0.3922,0.24,NORMAL,0,0,Windows,unspecified
23:07:51.894,144.648,0.3437,0.3231,0.3334,0.3874,0.24,NORMAL,0,0,Windows,unspecified
23:07:51.925,144.679,0.3437,0.3195,0.3316,0.3879,0.24,NORMAL,0,0,Windows,unspecified
23:07:51.955,144.708,0.3428,0.3213,0.332,0.3846,0.24,NORMAL,0,0,Windows,unspecified
23:07:51.987,144.741,0.3428,0.3231,0.333,0.3922,0.24,NORMAL,0,0,Windows,unspecified
23:07:52.019,144.773,0.3187,0.3368,0.3277,0.4004,0.24,NORMAL,0,0,Windows,unspecified
23:07:52.072,144.826,0.3471,0.312,0.3296,0.3902,0.24,NORMAL,0,0,Windows,unspecified
23:07:52.098,144.852,0.3352,0.3192,0.3272,0.3941,0.24,NORMAL,0,0,Windows,unspecified
23:07:52.142,144.896,0.311,0.3028,0.3069,0.392,0.24,NORMAL,0,0,Windows,unspecified
23:07:52.173,144.927,0.3128,0.3128,0.3128,0.393,0.24,NORMAL,0,0,Windows,unspecified
23:07:52.202,144.956,0.322,0.3261,0.324,0.396,0.24,NORMAL,0,0,Windows,unspecified
23:07:52.237,144.991,0.3488,0.312,0.3304,0.4022,0.24,NORMAL,0,0,Windows,unspecified
23:07:52.271,145.025,0.3352,0.312,0.3236,0.4001,0.24,NORMAL,0,0,Windows,unspecified
23:07:52.301,145.055,0.3214,0.3175,0.3195,0.3981,0.24,NORMAL,0,0,Windows,unspecified
23:07:52.331,145.085,0.3395,0.3184,0.3289,0.3913,0.24,NORMAL,0,0,Windows,unspecified
23:07:52.363,145.117,0.3145,0.3261,0.3203,0.3942,0.24,NORMAL,0,0,Windows,unspecified
23:07:52.395,145.149,0.311,0.3128,0.3119,0.3959,0.2333,NORMAL,0,0,Windows,unspecified
23:07:52.424,145.178,0.3236,0.312,0.3178,0.3898,0.2267,NORMAL,0,0,Windows,unspecified
23:07:52.478,145.232,0.3395,0.3252,0.3324,0.3963,0.22,NORMAL,0,0,Windows,unspecified
23:07:52.506,145.26,0.3254,0.312,0.3187,0.3983,0.2133,NORMAL,0,0,Windows,unspecified
23:07:52.538,145.292,0.3262,0.3386,0.3324,0.3972,0.2067,NORMAL,0,0,Windows,unspecified
23:07:52.567,145.321,0.3471,0.3192,0.3331,0.3901,0.2,NORMAL,0,0,Windows,unspecified
23:07:52.601,145.355,0.3395,0.3254,0.3324,0.39,0.1933,NORMAL,0,0,Windows,unspecified
23:07:52.630,145.384,0.3187,0.3184,0.3185,0.3978,0.1867,NORMAL,0,0,Windows,unspecified
23:07:52.660,145.414,0.3102,0.3151,0.3127,0.394,0.1867,NORMAL,0,0,Windows,unspecified
23:07:52.691,145.445,0.3126,0.3229,0.3178,0.3965,0.1867,NORMAL,0,0,Windows,unspecified
23:07:52.724,145.478,0.3395,0.3184,0.3289,0.392,0.1867,NORMAL,0,0,Windows,unspecified
23:07:52.754,145.508,0.3145,0.3345,0.3245,0.3941,0.1867,NORMAL,0,0,Windows,unspecified
23:07:52.801,145.555,0.341,0.3229,0.332,0.3907,0.1867,NORMAL,0,0,Windows,unspecified
23:07:52.832,145.586,0.3062,0.312,0.3091,0.3836,0.1867,NORMAL,0,0,Windows,unspecified
23:07:52.879,145.633,0.2565,0.2669,0.2617,0.3923,0.1933,NORMAL,1,0,Windows,unspecified
23:07:52.911,145.665,0.2477,0.2669,0.2573,0.3776,0.2,NORMAL,2,0,Windows,unspecified
23:07:52.942,145.696,0.1905,0.191,0.1908,0.3787,0.2067,NORMAL,3,0,Windows,unspecified
23:07:52.975,145.729,0.1828,0.1617,0.1722,0.3812,0.2133,NORMAL,4,0,Windows,unspecified
23:07:53.003,145.757,0.134,0.1345,0.1342,0.3812,0.22,NORMAL,5,0,Windows,unspecified
23:07:53.037,145.791,0.1045,0.1309,0.1177,0.3845,0.22,NORMAL,6,0,Windows,unspecified
23:07:53.069,145.823,0.1086,0.1073,0.1079,0.3812,0.22,NORMAL,7,0,Windows,unspecified
23:07:53.100,145.854,0.1273,0.1004,0.1138,0.3879,0.22,NORMAL,8,0,Windows,unspecified
23:07:53.133,145.887,0.1119,0.1047,0.1083,0.3815,0.22,NORMAL,9,0,Windows,unspecified
23:07:53.163,145.917,0.0855,0.093,0.0892,0.3793,0.22,WARNING,10,0,Windows,unspecified
23:07:53.196,145.95,0.0802,0.0941,0.0872,0.3756,0.22,WARNING,11,0,Windows,unspecified
23:07:53.226,145.98,0.1112,0.1073,0.1093,0.3793,0.22,WARNING,12,0,Windows,unspecified
23:07:53.278,146.032,0.1374,0.1377,0.1375,0.3804,0.22,WARNING,13,0,Windows,unspecified
23:07:53.305,146.058,0.1619,0.146,0.1539,0.377,0.22,WARNING,14,0,Windows,unspecified
23:07:53.341,146.095,0.1948,0.1873,0.191,0.378,0.2267,WARNING,15,0,Windows,unspecified
23:07:53.367,146.121,0.2125,0.198,0.2053,0.3815,0.2333,WARNING,16,0,Windows,unspecified
23:07:53.401,146.155,0.2354,0.2352,0.2353,0.389,0.24,WARNING,17,0,Windows,unspecified
23:07:53.430,146.184,0.2832,0.2632,0.2732,0.3856,0.2467,WARNING,18,0,Windows,unspecified
23:07:53.461,146.215,0.2814,0.2755,0.2784,0.3825,0.2533,WARNING,19,0,Windows,unspecified
23:07:53.508,146.262,0.3034,0.2929,0.2982,0.3794,0.26,DROWSY,20,0,Windows,unspecified
23:07:53.544,146.298,0.3018,0.3052,0.3035,0.3794,0.26,NORMAL,0,0,Windows,unspecified
23:07:53.570,146.324,0.2941,0.3052,0.2996,0.3839,0.2667,NORMAL,1,0,Windows,unspecified
23:07:53.602,146.356,0.3067,0.3174,0.3121,0.3814,0.2667,NORMAL,0,0,Windows,unspecified
23:07:53.635,146.389,0.3276,0.3286,0.3281,0.3801,0.2667,NORMAL,0,0,Windows,unspecified
23:07:53.678,146.432,0.3288,0.3263,0.3275,0.3861,0.2667,NORMAL,0,0,Windows,unspecified
23:07:53.714,146.468,0.3391,0.3345,0.3368,0.3899,0.2667,NORMAL,0,0,Windows,unspecified
23:07:53.745,146.499,0.3419,0.3263,0.3341,0.3793,0.2667,NORMAL,0,0,Windows,unspecified
23:07:53.775,146.528,0.3417,0.3369,0.3393,0.3805,0.2667,NORMAL,0,0,Windows,unspecified
23:07:53.804,146.558,0.3432,0.3263,0.3347,0.3858,0.2667,NORMAL,0,0,Windows,unspecified
23:07:53.838,146.592,0.3558,0.3495,0.3526,0.3914,0.2667,NORMAL,0,0,Windows,unspecified
23:07:53.870,146.624,0.3417,0.3495,0.3456,0.3914,0.2667,NORMAL,0,0,Windows,unspecified
23:07:53.900,146.654,0.3523,0.3459,0.3491,0.3948,0.2667,NORMAL,0,0,Windows,unspecified
23:07:53.932,146.686,0.3523,0.3319,0.3421,0.3924,0.2667,NORMAL,0,0,Windows,unspecified
23:07:53.963,146.717,0.3456,0.3252,0.3354,0.3924,0.2667,NORMAL,0,0,Windows,unspecified
23:07:53.995,146.749,0.3432,0.3252,0.3342,0.3924,0.2667,NORMAL,0,0,Windows,unspecified
23:07:54.025,146.779,0.3548,0.3361,0.3454,0.3845,0.2667,NORMAL,0,0,Windows,unspecified
23:07:54.078,146.832,0.3456,0.3361,0.3409,0.3876,0.2667,NORMAL,0,0,Windows,unspecified
23:07:54.103,146.857,0.3561,0.3444,0.3502,0.3776,0.2667,NORMAL,0,0,Windows,unspecified
23:07:54.141,146.895,0.3432,0.3444,0.3438,0.3797,0.2667,NORMAL,0,0,Windows,unspecified
23:07:54.166,146.92,0.3572,0.3459,0.3515,0.3797,0.2667,NORMAL,0,0,Windows,unspecified
23:07:54.203,146.957,0.3432,0.3444,0.3438,0.3785,0.2667,NORMAL,0,0,Windows,unspecified
23:07:54.230,146.984,0.3402,0.3459,0.343,0.3819,0.2667,NORMAL,0,0,Windows,unspecified
23:07:54.262,147.016,0.3572,0.3333,0.3453,0.3799,0.2667,NORMAL,0,0,Windows,unspecified
23:07:54.291,147.044,0.3432,0.3444,0.3438,0.3909,0.2667,NORMAL,0,0,Windows,unspecified
23:07:54.324,147.077,0.3313,0.3333,0.3323,0.3856,0.2667,NORMAL,0,0,Windows,unspecified
23:07:54.353,147.107,0.3443,0.3444,0.3443,0.382,0.2667,NORMAL,0,0,Windows,unspecified
23:07:54.383,147.137,0.358,0.3333,0.3457,0.3915,0.2667,NORMAL,0,0,Windows,unspecified
23:07:54.414,147.168,0.3451,0.3333,0.3392,0.3915,0.2667,NORMAL,0,0,Windows,unspecified
23:07:54.474,147.228,0.3321,0.3319,0.332,0.3856,0.2667,NORMAL,0,0,Windows,unspecified
23:07:54.509,147.263,0.3402,0.3208,0.3305,0.3831,0.2667,NORMAL,0,0,Windows,unspecified
23:07:54.537,147.291,0.2732,0.2624,0.2678,0.3831,0.2733,NORMAL,1,0,Windows,unspecified
23:07:54.571,147.325,0.232,0.2345,0.2333,0.3831,0.28,NORMAL,2,0,Windows,unspecified
23:07:54.601,147.355,0.1497,0.1539,0.1518,0.3798,0.2867,NORMAL,3,0,Windows,unspecified
23:07:54.634,147.388,0.1379,0.1086,0.1232,0.382,0.2867,NORMAL,4,0,Windows,unspecified
23:07:54.665,147.418,0.1117,0.1043,0.108,0.39,0.2867,NORMAL,5,0,Windows,unspecified
23:07:54.696,147.45,0.0984,0.0916,0.095,0.3887,0.2867,NORMAL,6,0,Windows,unspecified
23:07:54.731,147.485,0.0824,0.075,0.0787,0.3887,0.2867,NORMAL,7,0,Windows,unspecified
23:07:54.759,147.513,0.0824,0.0843,0.0834,0.3887,0.2867,NORMAL,8,0,Windows,unspecified
23:07:54.792,147.546,0.0825,0.0865,0.0845,0.3887,0.2933,NORMAL,9,0,Windows,unspecified
23:07:54.821,147.575,0.163,0.1517,0.1574,0.381,0.3,WARNING,10,0,Windows,unspecified
23:07:54.878,147.632,0.2225,0.2026,0.2126,0.3798,0.3067,WARNING,11,0,Windows,unspecified
23:07:54.901,147.654,0.2488,0.2456,0.2472,0.3893,0.3133,WARNING,12,0,Windows,unspecified
23:07:54.938,147.692,0.2747,0.2826,0.2787,0.3912,0.32,WARNING,13,0,Windows,unspecified
23:07:54.963,147.717,0.3012,0.2826,0.2919,0.3912,0.3267,WARNING,14,0,Windows,unspecified
23:07:55.001,147.755,0.3012,0.3078,0.3045,0.3893,0.3267,NORMAL,0,0,Windows,unspecified
23:07:55.024,147.778,0.3012,0.3067,0.304,0.3831,0.3267,NORMAL,0,0,Windows,unspecified
23:07:55.054,147.808,0.3137,0.3067,0.3102,0.3831,0.3267,NORMAL,0,0,Windows,unspecified
23:07:55.086,147.84,0.3184,0.3067,0.3126,0.3831,0.3267,NORMAL,0,0,Windows,unspecified
23:07:55.120,147.874,0.3184,0.2992,0.3088,0.3831,0.3267,NORMAL,0,0,Windows,unspecified
23:07:55.149,147.903,0.3184,0.2992,0.3088,0.3831,0.3267,NORMAL,0,0,Windows,unspecified
23:07:55.180,147.934,0.3184,0.2992,0.3088,0.3796,0.3267,NORMAL,0,0,Windows,unspecified
23:07:55.214,147.968,0.3184,0.2992,0.3088,0.3853,0.3267,NORMAL,0,0,Windows,unspecified
23:07:55.278,148.032,0.3313,0.3067,0.319,0.3798,0.3267,NORMAL,0,0,Windows,unspecified
23:07:55.306,148.06,0.3402,0.3067,0.3234,0.388,0.3267,NORMAL,0,0,Windows,unspecified
23:07:55.342,148.096,0.2167,0.2074,0.212,0.383,0.3333,NORMAL,1,0,Windows,unspecified
23:07:55.369,148.123,0.1742,0.183,0.1786,0.383,0.34,NORMAL,2,0,Windows,unspecified
23:07:55.403,148.157,0.1345,0.1543,0.1444,0.3866,0.3467,NORMAL,3,0,Windows,unspecified
23:07:55.431,148.184,0.131,0.1543,0.1427,0.3899,0.3533,DROWSY,4,0,Windows,unspecified
23:07:55.462,148.216,0.131,0.1506,0.1408,0.3821,0.36,DROWSY,5,0,Windows,unspecified
23:07:55.492,148.246,0.1428,0.1509,0.1468,0.3821,0.3667,DROWSY,6,0,Windows,unspecified
23:07:55.524,148.278,0.1397,0.1509,0.1453,0.3823,0.3733,DROWSY,7,0,Windows,unspecified
23:07:55.555,148.308,0.1428,0.1509,0.1468,0.3868,0.38,DROWSY,8,0,Windows,unspecified
23:07:55.586,148.34,0.155,0.148,0.1515,0.3901,0.3867,DROWSY,9,0,Windows,unspecified
23:07:55.619,148.373,0.155,0.1745,0.1648,0.3836,0.3933,DROWSY,10,0,Windows,unspecified
23:07:55.673,148.427,0.1542,0.1745,0.1644,0.3832,0.4,DROWSY,11,0,Windows,unspecified
23:07:55.697,148.451,0.1598,0.1815,0.1707,0.3776,0.4067,DROWSY,12,0,Windows,unspecified
23:07:55.743,148.497,0.171,0.1767,0.1739,0.3822,0.4133,DROWSY,13,0,Windows,unspecified
23:07:55.776,148.53,0.1698,0.1767,0.1733,0.3852,0.42,DROWSY,14,0,Windows,unspecified
23:07:55.809,148.563,0.1793,0.1742,0.1768,0.384,0.4267,DROWSY,15,0,Windows,unspecified
23:07:55.839,148.593,0.1819,0.1811,0.1815,0.3844,0.4333,DROWSY,16,0,Windows,unspecified
23:07:55.874,148.628,0.1812,0.1815,0.1814,0.3887,0.44,DROWSY,17,0,Windows,unspecified
23:07:55.902,148.656,0.1793,0.1785,0.1789,0.3887,0.4467,DROWSY,18,0,Windows,unspecified
23:07:55.935,148.689,0.1839,0.1742,0.1791,0.3887,0.4533,DROWSY,19,0,Windows,unspecified
23:07:55.967,148.721,0.1793,0.1811,0.1802,0.3922,0.46,DROWSY,20,0,Windows,unspecified
23:07:55.997,148.751,0.1866,0.1742,0.1804,0.3922,0.46,DROWSY,21,0,Windows,unspecified
23:07:56.028,148.782,0.1793,0.1767,0.178,0.3879,0.46,DROWSY,22,0,Windows,unspecified
23:07:56.078,148.832,0.1839,0.1859,0.1849,0.3922,0.46,DROWSY,23,0,Windows,unspecified
23:07:56.105,148.859,0.1812,0.2028,0.192,0.3922,0.46,DROWSY,24,0,Windows,unspecified
23:07:56.138,148.892,0.1866,0.1984,0.1925,0.3922,0.46,DROWSY,25,0,Windows,unspecified
23:07:56.169,148.923,0.1866,0.2028,0.1947,0.389,0.46,DROWSY,26,0,Windows,unspecified
23:07:56.201,148.955,0.1866,0.212,0.1993,0.3948,0.46,DROWSY,27,0,Windows,unspecified
23:07:56.231,148.985,0.1839,0.1979,0.1909,0.3928,0.46,DROWSY,28,0,Windows,unspecified
23:07:56.261,149.015,0.1839,0.1979,0.1909,0.3928,0.46,DROWSY,29,0,Windows,unspecified
23:07:56.291,149.045,0.1839,0.1885,0.1862,0.404,0.46,DROWSY,30,0,Windows,unspecified
23:07:56.325,149.079,0.1888,0.1742,0.1815,0.401,0.46,DROWSY,31,0,Windows,unspecified
23:07:56.355,149.109,0.1307,0.1231,0.1269,0.3987,0.46,DROWSY,32,0,Windows,unspecified
23:07:56.384,149.138,0.1057,0.0979,0.1018,0.4017,0.4667,DROWSY,33,0,Windows,unspecified
23:07:56.418,149.172,0.1057,0.0977,0.1017,0.4001,0.4733,DROWSY,34,0,Windows,unspecified
23:07:56.478,149.232,0.1102,0.0863,0.0982,0.4062,0.48,DROWSY,35,0,Windows,unspecified
23:07:56.511,149.265,0.0934,0.0783,0.0858,0.4001,0.4867,DROWSY,36,0,Windows,unspecified
23:07:56.543,149.297,0.1601,0.1493,0.1547,0.4068,0.4933,DROWSY,37,0,Windows,unspecified
23:07:56.575,149.329,0.1888,0.1636,0.1762,0.4107,0.5,DROWSY,38,0,Windows,unspecified
23:07:56.602,149.356,0.236,0.2221,0.2291,0.3969,0.5067,DROWSY,39,0,Windows,unspecified
23:07:56.638,149.392,0.2528,0.2469,0.2499,0.3992,0.5067,DROWSY,40,0,Windows,unspecified
23:07:56.670,149.424,0.2492,0.2469,0.248,0.4013,0.5067,DROWSY,41,0,Windows,unspecified
23:07:56.701,149.455,0.2697,0.2673,0.2685,0.4013,0.5133,DROWSY,42,0,Windows,unspecified
23:07:56.732,149.486,0.2833,0.2692,0.2762,0.4036,0.52,DROWSY,43,0,Windows,unspecified
23:07:56.764,149.518,0.2888,0.2929,0.2908,0.406,0.5267,DROWSY,44,0,Windows,unspecified
23:07:56.813,149.567,0.3154,0.3039,0.3096,0.4105,0.5267,DROWSY,0,0,Windows,unspecified
23:07:56.842,149.596,0.3314,0.3165,0.324,0.4145,0.5267,DROWSY,0,0,Windows,unspecified
23:07:56.880,149.634,0.3211,0.3039,0.3125,0.4105,0.5267,DROWSY,0,0,Windows,unspecified
23:07:56.904,149.658,0.3211,0.3055,0.3133,0.4105,0.5267,DROWSY,0,0,Windows,unspecified
23:07:56.941,149.695,0.3342,0.3055,0.3199,0.4084,0.5267,DROWSY,0,0,Windows,unspecified
23:07:56.967,149.721,0.3255,0.3056,0.3155,0.4105,0.5267,DROWSY,0,0,Windows,unspecified
23:07:57.001,149.755,0.3077,0.2806,0.2942,0.4105,0.5333,DROWSY,1,0,Windows,unspecified
23:07:57.030,149.784,0.2921,0.2805,0.2863,0.4105,0.54,DROWSY,2,0,Windows,unspecified
23:07:57.060,149.814,0.2659,0.2673,0.2666,0.4105,0.5467,DROWSY,3,0,Windows,unspecified
23:07:57.093,149.847,0.1761,0.1418,0.1589,0.4024,0.5533,DROWSY,4,0,Windows,unspecified
23:07:57.123,149.877,0.1516,0.104,0.1278,0.407,0.56,DROWSY,5,0,Windows,unspecified
23:07:57.156,149.91,0.0991,0.053,0.076,0.4024,0.5667,DROWSY,6,0,Windows,unspecified
23:07:57.186,149.94,0.0901,0.053,0.0716,0.4044,0.5733,DROWSY,7,0,Windows,unspecified
23:07:57.219,149.973,0.0633,0.0506,0.0569,0.4019,0.58,DROWSY,8,0,Windows,unspecified
23:07:57.279,150.033,0.0846,0.0593,0.0719,0.4028,0.5867,DROWSY,9,0,Windows,unspecified
23:07:57.312,150.066,0.0846,0.0611,0.0728,0.398,0.5933,DROWSY,10,0,Windows,unspecified
23:07:57.344,150.098,0.1503,0.1209,0.1356,0.3996,0.6,DROWSY,11,0,Windows,unspecified
23:07:57.374,150.128,0.1838,0.1477,0.1658,0.3956,0.6067,DROWSY,12,0,Windows,unspecified
23:07:57.406,150.16,0.2561,0.237,0.2465,0.3956,0.6133,DROWSY,13,0,Windows,unspecified
23:07:57.436,150.19,0.2755,0.2826,0.2791,0.3956,0.62,DROWSY,14,0,Windows,unspecified
23:07:57.470,150.224,0.2888,0.2816,0.2852,0.3956,0.6267,DROWSY,15,0,Windows,unspecified
23:07:57.500,150.254,0.3287,0.3194,0.324,0.3897,0.6267,DROWSY,0,0,Windows,unspecified
23:07:57.531,150.285,0.3444,0.3319,0.3381,0.3897,0.6267,DROWSY,0,0,Windows,unspecified
23:07:57.564,150.318,0.3611,0.3542,0.3577,0.3954,0.6267,DROWSY,0,0,Windows,unspecified
23:07:57.595,150.349,0.3634,0.3542,0.3588,0.3925,0.6267,DROWSY,0,0,Windows,unspecified
23:07:57.626,150.38,0.3885,0.3698,0.3791,0.3954,0.6267,DROWSY,0,0,Windows,unspecified
23:07:57.678,150.432,0.4023,0.382,0.3921,0.3954,0.6267,DROWSY,0,0,Windows,unspecified
23:07:57.704,150.458,0.4023,0.393,0.3977,0.395,0.6267,DROWSY,0,0,Windows,unspecified
23:07:57.741,150.495,0.4036,0.3849,0.3943,0.3897,0.6267,DROWSY,0,0,Windows,unspecified
23:07:57.766,150.52,0.4036,0.3849,0.3943,0.3897,0.6267,DROWSY,0,0,Windows,unspecified
23:07:57.803,150.557,0.4036,0.375,0.3893,0.3954,0.6267,DROWSY,0,0,Windows,unspecified
23:07:57.844,150.598,0.4142,0.376,0.3951,0.3954,0.6267,DROWSY,0,0,Windows,unspecified
23:07:57.875,150.629,0.4169,0.3849,0.4009,0.3954,0.62,DROWSY,0,0,Windows,unspecified
23:07:57.905,150.659,0.4198,0.3968,0.4083,0.398,0.6133,DROWSY,0,0,Windows,unspecified
23:07:57.937,150.691,0.4295,0.3866,0.408,0.3941,0.6067,DROWSY,0,0,Windows,unspecified
23:07:57.969,150.723,0.4303,0.3968,0.4136,0.3951,0.6,DROWSY,0,0,Windows,unspecified
23:07:57.999,150.753,0.4315,0.3968,0.4142,0.3971,0.5933,DROWSY,0,0,Windows,unspecified
23:07:58.031,150.785,0.4214,0.3877,0.4046,0.3938,0.5867,DROWSY,0,0,Windows,unspecified
23:07:58.075,150.829,0.4225,0.3893,0.4059,0.3946,0.58,DROWSY,0,0,Windows,unspecified
23:07:58.110,150.864,0.4181,0.411,0.4145,0.3963,0.5733,DROWSY,0,0,Windows,unspecified
23:07:58.138,150.892,0.4187,0.4027,0.4107,0.4009,0.5667,DROWSY,0,0,Windows,unspecified
23:07:58.172,150.926,0.4337,0.4034,0.4185,0.4044,0.56,DROWSY,0,0,Windows,unspecified
23:07:58.201,150.955,0.4319,0.4148,0.4233,0.3903,0.5533,DROWSY,0,0,Windows,unspecified
23:07:58.235,150.989,0.4344,0.4137,0.424,0.4007,0.5467,DROWSY,0,0,Windows,unspecified
23:07:58.264,151.018,0.4285,0.4127,0.4206,0.3986,0.54,DROWSY,0,0,Windows,unspecified
23:07:58.298,151.052,0.42,0.4137,0.4168,0.3919,0.5333,DROWSY,0,0,Windows,unspecified
23:07:58.328,151.082,0.431,0.4127,0.4219,0.3955,0.5267,DROWSY,0,0,Windows,unspecified
23:07:58.360,151.114,0.431,0.4226,0.4268,0.3922,0.52,DROWSY,0,0,Windows,unspecified
23:07:58.389,151.143,0.4319,0.402,0.417,0.3943,0.5133,DROWSY,0,0,Windows,unspecified
23:07:58.424,151.178,0.4294,0.4137,0.4216,0.3983,0.5067,DROWSY,0,0,Windows,unspecified
23:07:58.479,151.233,0.431,0.4137,0.4223,0.3807,0.5,DROWSY,0,0,Windows,unspecified
23:07:58.532,151.286,0.4417,0.4052,0.4234,0.391,0.4933,DROWSY,0,0,Windows,unspecified
23:07:58.565,151.319,0.4293,0.4057,0.4175,0.3908,0.4933,DROWSY,0,0,Windows,unspecified
23:07:58.597,151.35,0.4053,0.4154,0.4104,0.3908,0.4867,DROWSY,0,0,Windows,unspecified
23:07:58.643,151.397,0.4172,0.4169,0.417,0.3889,0.4867,DROWSY,0,0,Windows,unspecified
23:07:58.674,151.428,0.4071,0.4159,0.4115,0.3858,0.4867,DROWSY,0,0,Windows,unspecified
23:07:58.706,151.46,0.4053,0.4064,0.4059,0.3858,0.4867,DROWSY,0,0,Windows,unspecified
23:07:58.740,151.494,0.4293,0.4057,0.4175,0.3852,0.4867,DROWSY,0,0,Windows,unspecified
23:07:58.768,151.522,0.4522,0.4285,0.4403,0.379,0.4867,DROWSY,0,0,Windows,unspecified
23:07:58.798,151.552,0.4299,0.4169,0.4234,0.3885,0.4867,DROWSY,0,0,Windows,unspecified
23:07:58.831,151.585,0.4299,0.42,0.4249,0.386,0.4867,DROWSY,0,0,Windows,unspecified
23:07:58.862,151.616,0.4299,0.4125,0.4212,0.3772,0.4867,DROWSY,0,0,Windows,unspecified
23:07:58.892,151.646,0.4265,0.4169,0.4217,0.3895,0.4867,DROWSY,0,0,Windows,unspecified
23:07:58.922,151.676,0.4282,0.409,0.4186,0.3913,0.4867,DROWSY,0,0,Windows,unspecified
23:07:58.956,151.71,0.4268,0.4215,0.4242,0.3848,0.4867,DROWSY,0,0,Windows,unspecified
23:07:58.986,151.739,0.4198,0.42,0.4199,0.3943,0.4867,DROWSY,0,0,Windows,unspecified
23:07:59.017,151.77,0.4285,0.4301,0.4293,0.3855,0.4867,DROWSY,0,0,Windows,unspecified
23:07:59.049,151.803,0.4185,0.4187,0.4186,0.3867,0.4867,DROWSY,0,0,Windows,unspecified
23:07:59.079,151.833,0.4081,0.4169,0.4125,0.3849,0.4867,DROWSY,0,0,Windows,unspecified
23:07:59.110,151.864,0.4185,0.4057,0.4121,0.3867,0.4867,DROWSY,0,0,Windows,unspecified
23:07:59.142,151.895,0.4198,0.4052,0.4125,0.3812,0.4867,DROWSY,0,0,Windows,unspecified
23:07:59.175,151.929,0.4086,0.4037,0.4061,0.3831,0.4867,DROWSY,0,0,Windows,unspecified
23:07:59.205,151.959,0.4198,0.3929,0.4063,0.3844,0.4867,DROWSY,0,0,Windows,unspecified
23:07:59.236,151.99,0.3948,0.402,0.3984,0.3865,0.4867,DROWSY,0,0,Windows,unspecified
23:07:59.276,152.03,0.4191,0.4122,0.4156,0.3874,0.4867,DROWSY,0,0,Windows,unspecified
23:07:59.300,152.054,0.4307,0.4235,0.4271,0.3749,0.4867,DROWSY,0,0,Windows,unspecified
23:07:59.341,152.095,0.3965,0.4098,0.4031,0.3865,0.4867,DROWSY,0,0,Windows,unspecified
23:07:59.361,152.115,0.3965,0.4115,0.404,0.3886,0.4867,DROWSY,0,0,Windows,unspecified
23:07:59.402,152.156,0.4198,0.4234,0.4216,0.3829,0.4867,DROWSY,0,0,Windows,unspecified
23:07:59.425,152.179,0.4125,0.4137,0.4131,0.3852,0.4867,DROWSY,0,0,Windows,unspecified
23:07:59.455,152.209,0.4011,0.4127,0.4069,0.3931,0.4867,DROWSY,0,0,Windows,unspecified
23:07:59.487,152.241,0.3988,0.4137,0.4062,0.3888,0.4867,DROWSY,0,0,Windows,unspecified
23:07:59.517,152.271,0.4081,0.4027,0.4054,0.3875,0.48,DROWSY,0,0,Windows,unspecified
23:07:59.550,152.304,0.4081,0.4137,0.4109,0.391,0.4733,DROWSY,0,0,Windows,unspecified
23:07:59.578,152.332,0.4222,0.4136,0.4179,0.3925,0.4667,DROWSY,0,0,Windows,unspecified
23:07:59.614,152.368,0.4185,0.3929,0.4057,0.3823,0.46,DROWSY,0,0,Windows,unspecified
23:07:59.675,152.429,0.4198,0.4037,0.4118,0.3787,0.4533,DROWSY,0,0,Windows,unspecified
23:07:59.703,152.457,0.4081,0.4054,0.4068,0.3787,0.4467,DROWSY,0,0,Windows,unspecified
23:07:59.738,152.492,0.4081,0.4037,0.4059,0.3819,0.44,DROWSY,0,0,Windows,unspecified
23:07:59.766,152.52,0.4198,0.4037,0.4118,0.3819,0.4333,DROWSY,0,0,Windows,unspecified
23:07:59.802,152.555,0.4323,0.4252,0.4288,0.3855,0.4267,DROWSY,0,0,Windows,unspecified
23:07:59.846,152.6,0.4198,0.4137,0.4167,0.3899,0.42,DROWSY,0,0,Windows,unspecified
23:07:59.876,152.63,0.4198,0.4044,0.4121,0.3865,0.4133,DROWSY,0,0,Windows,unspecified
23:07:59.924,152.678,0.4285,0.4141,0.4213,0.3822,0.4067,DROWSY,0,0,Windows,unspecified
23:07:59.952,152.706,0.4198,0.4154,0.4176,0.3821,0.4,DROWSY,0,0,Windows,unspecified
23:07:59.987,152.741,0.4174,0.4043,0.4109,0.3866,0.3933,DROWSY,0,0,Windows,unspecified
23:08:00.019,152.773,0.4299,0.4052,0.4175,0.3857,0.3933,DROWSY,0,0,Windows,unspecified
23:08:00.050,152.804,0.4053,0.4037,0.4045,0.3806,0.3933,DROWSY,0,0,Windows,unspecified
23:08:00.082,152.836,0.3784,0.3701,0.3742,0.3954,0.3933,DROWSY,0,0,Windows,unspecified
23:08:00.115,152.869,0.3662,0.3554,0.3608,0.3873,0.3933,DROWSY,0,0,Windows,unspecified
23:08:00.145,152.899,0.3663,0.3438,0.355,0.3882,0.3933,DROWSY,0,0,Windows,unspecified
23:08:00.179,152.933,0.3765,0.3519,0.3642,0.3967,0.3933,DROWSY,0,0,Windows,unspecified
23:08:00.208,152.962,0.3424,0.34,0.3412,0.3903,0.3933,DROWSY,0,0,Windows,unspecified
23:08:00.241,152.995,0.3546,0.3438,0.3492,0.3913,0.3933,DROWSY,0,0,Windows,unspecified
23:08:00.272,153.026,0.3546,0.3438,0.3492,0.3913,0.3933,DROWSY,0,0,Windows,unspecified
23:08:00.302,153.056,0.3546,0.3519,0.3533,0.389,0.3933,DROWSY,0,0,Windows,unspecified
23:08:00.334,153.088,0.3526,0.3519,0.3522,0.3897,0.3867,DROWSY,0,0,Windows,unspecified
23:08:00.365,153.119,0.3582,0.3438,0.351,0.3919,0.38,DROWSY,0,0,Windows,unspecified
23:08:00.396,153.15,0.3582,0.3519,0.3551,0.3922,0.3733,DROWSY,0,0,Windows,unspecified
23:08:00.429,153.183,0.3582,0.3532,0.3557,0.3919,0.3667,DROWSY,0,0,Windows,unspecified
23:08:00.479,153.233,0.3581,0.3638,0.3609,0.384,0.36,DROWSY,0,0,Windows,unspecified
23:08:00.507,153.261,0.3582,0.3506,0.3544,0.3894,0.3533,DROWSY,0,0,Windows,unspecified
23:08:00.541,153.295,0.3595,0.3567,0.3581,0.3838,0.3467,NORMAL,0,0,Windows,unspecified
23:08:00.570,153.324,0.3674,0.3638,0.3656,0.3818,0.34,NORMAL,0,0,Windows,unspecified
23:08:00.602,153.356,0.3692,0.3554,0.3623,0.385,0.3333,NORMAL,0,0,Windows,unspecified
23:08:00.632,153.386,0.3587,0.3554,0.357,0.3875,0.3267,NORMAL,0,0,Windows,unspecified
23:08:00.664,153.418,0.3674,0.367,0.3672,0.3832,0.32,NORMAL,0,0,Windows,unspecified
23:08:00.696,153.449,0.3784,0.3659,0.3721,0.3888,0.3133,NORMAL,0,0,Windows,unspecified
23:08:00.725,153.479,0.3904,0.3757,0.3831,0.3888,0.3067,NORMAL,0,0,Windows,unspecified
23:08:00.757,153.511,0.415,0.4115,0.4133,0.3898,0.3,NORMAL,0,0,Windows,unspecified
23:08:00.789,153.543,0.4282,0.4137,0.4209,0.3934,0.2933,NORMAL,0,0,Windows,unspecified
23:08:00.820,153.574,0.4388,0.4393,0.4391,0.3954,0.2867,NORMAL,0,0,Windows,unspecified
23:08:00.878,153.632,0.4507,0.4377,0.4442,0.3841,0.28,NORMAL,0,0,Windows,unspecified
23:08:00.913,153.667,0.4388,0.4416,0.4402,0.3938,0.2733,NORMAL,0,0,Windows,unspecified
23:08:00.945,153.699,0.4385,0.4416,0.44,0.3966,0.2667,NORMAL,0,0,Windows,unspecified
23:08:00.976,153.73,0.4611,0.4428,0.452,0.4047,0.26,NORMAL,0,0,Windows,unspecified
23:08:01.004,153.758,0.4507,0.4314,0.4411,0.393,0.2533,NORMAL,0,0,Windows,unspecified
23:08:01.039,153.793,0.4393,0.4325,0.4359,0.3885,0.2467,NORMAL,0,0,Windows,unspecified
23:08:01.070,153.824,0.4393,0.4314,0.4354,0.3976,0.24,NORMAL,0,0,Windows,unspecified
23:08:01.099,153.853,0.4498,0.4314,0.4406,0.3982,0.2333,NORMAL,0,0,Windows,unspecified
23:08:01.129,153.883,0.4393,0.4314,0.4354,0.3964,0.2267,NORMAL,0,0,Windows,unspecified
23:08:01.161,153.915,0.4393,0.4096,0.4244,0.3867,0.22,NORMAL,0,0,Windows,unspecified
23:08:01.194,153.947,0.4272,0.4325,0.4298,0.4009,0.2133,NORMAL,0,0,Windows,unspecified
23:08:01.223,153.977,0.4153,0.4192,0.4173,0.4013,0.2067,NORMAL,0,0,Windows,unspecified
23:08:01.277,154.031,0.4123,0.3958,0.404,0.4008,0.2,NORMAL,0,0,Windows,unspecified
23:08:01.299,154.053,0.4236,0.4192,0.4214,0.3944,0.1933,NORMAL,0,0,Windows,unspecified
23:08:01.341,154.095,0.4155,0.3958,0.4057,0.4024,0.1867,NORMAL,0,0,Windows,unspecified
23:08:01.378,154.132,0.4123,0.3947,0.4035,0.4094,0.18,NORMAL,0,0,Windows,unspecified
23:08:01.409,154.163,0.3865,0.3712,0.3789,0.4109,0.1733,NORMAL,0,0,Windows,unspecified
23:08:01.440,154.194,0.3729,0.3606,0.3668,0.4079,0.1667,NORMAL,0,0,Windows,unspecified
23:08:01.472,154.226,0.3835,0.3587,0.3711,0.3927,0.16,NORMAL,0,0,Windows,unspecified
23:08:01.503,154.257,0.3835,0.3681,0.3758,0.3993,0.1533,NORMAL,0,0,Windows,unspecified
23:08:01.534,154.288,0.3606,0.344,0.3523,0.401,0.1467,NORMAL,0,0,Windows,unspecified
23:08:01.564,154.318,0.3616,0.3476,0.3546,0.4093,0.14,NORMAL,0,0,Windows,unspecified
23:08:01.597,154.351,0.374,0.3469,0.3605,0.4093,0.1333,NORMAL,0,0,Windows,unspecified
23:08:01.629,154.383,0.3606,0.3359,0.3482,0.4033,0.1267,NORMAL,0,0,Windows,unspecified
23:08:01.679,154.433,0.374,0.3561,0.365,0.4065,0.12,NORMAL,0,0,Windows,unspecified
23:08:01.706,154.46,0.3729,0.3681,0.3705,0.4027,0.1133,NORMAL,0,0,Windows,unspecified
23:08:01.738,154.492,0.3492,0.3518,0.3505,0.3985,0.1067,NORMAL,0,0,Windows,unspecified
23:08:01.769,154.523,0.3492,0.344,0.3466,0.4034,0.1,NORMAL,0,0,Windows,unspecified
23:08:01.801,154.554,0.3835,0.3673,0.3754,0.4079,0.1,NORMAL,0,0,Windows,unspecified
23:08:01.832,154.586,0.395,0.3783,0.3866,0.4079,0.1,NORMAL,0,0,Windows,unspecified
23:08:01.863,154.617,0.395,0.3783,0.3866,0.4079,0.1,NORMAL,0,0,Windows,unspecified
23:08:01.894,154.648,0.4102,0.3914,0.4008,0.4149,0.1,NORMAL,0,0,Windows,unspecified
23:08:01.924,154.678,0.4102,0.3933,0.4017,0.4111,0.1,NORMAL,0,0,Windows,unspecified
23:08:01.958,154.712,0.4078,0.4,0.4039,0.4029,0.1,NORMAL,0,0,Windows,unspecified
23:08:01.989,154.743,0.3971,0.4024,0.3997,0.401,0.0933,NORMAL,0,0,Windows,unspecified
23:08:02.019,154.773,0.3975,0.4,0.3987,0.4072,0.0867,NORMAL,0,0,Windows,unspecified
23:08:02.074,154.828,0.3975,0.3811,0.3893,0.408,0.08,NORMAL,0,0,Windows,unspecified
23:08:02.096,154.85,0.3986,0.3914,0.395,0.4072,0.0733,NORMAL,0,0,Windows,unspecified
23:08:02.144,154.898,0.3963,0.3818,0.3891,0.4117,0.0667,NORMAL,0,0,Windows,unspecified
23:08:02.174,154.928,0.409,0.4032,0.4061,0.4135,0.06,NORMAL,0,0,Windows,unspecified
23:08:02.201,154.955,0.4037,0.3941,0.3989,0.417,0.0533,NORMAL,0,0,Windows,unspecified
23:08:02.236,154.99,0.4053,0.3835,0.3944,0.4125,0.0467,NORMAL,0,0,Windows,unspecified
23:08:02.268,155.022,0.4297,0.3835,0.4066,0.4045,0.04,NORMAL,0,0,Windows,unspecified
23:08:02.299,155.053,0.4037,0.3835,0.3936,0.4112,0.0333,NORMAL,0,0,Windows,unspecified
23:08:02.331,155.084,0.4042,0.3838,0.394,0.4178,0.0267,NORMAL,0,0,Windows,unspecified
23:08:02.364,155.118,0.3886,0.385,0.3868,0.4196,0.02,NORMAL,0,0,Windows,unspecified
23:08:02.394,155.148,0.4253,0.385,0.4051,0.423,0.0133,NORMAL,0,0,Windows,unspecified
23:08:02.424,155.178,0.4012,0.3851,0.3931,0.4288,0.0067,NORMAL,0,0,Windows,unspecified
23:08:02.478,155.232,0.4091,0.3997,0.4044,0.4341,0.0,NORMAL,0,0,Windows,unspecified
23:08:02.503,155.257,0.385,0.39,0.3875,0.4228,0.0,NORMAL,0,0,Windows,unspecified
23:08:02.543,155.297,0.3965,0.3525,0.3745,0.4113,0.0,NORMAL,0,0,Windows,unspecified
23:08:02.565,155.319,0.3746,0.3679,0.3712,0.4116,0.0,NORMAL,0,0,Windows,unspecified
23:08:02.604,155.358,0.3846,0.3638,0.3742,0.4142,0.0,NORMAL,0,0,Windows,unspecified
23:08:02.629,155.383,0.3694,0.3607,0.365,0.416,0.0,NORMAL,0,0,Windows,unspecified
23:08:02.661,155.415,0.3749,0.343,0.359,0.416,0.0,NORMAL,0,0,Windows,unspecified
23:08:02.693,155.447,0.3784,0.3545,0.3665,0.4093,0.0,NORMAL,0,0,Windows,unspecified
23:08:02.722,155.476,0.3694,0.3577,0.3635,0.4144,0.0,NORMAL,0,0,Windows,unspecified
23:08:02.753,155.507,0.3784,0.3529,0.3657,0.4137,0.0,NORMAL,0,0,Windows,unspecified
23:08:02.784,155.538,0.3784,0.3559,0.3672,0.4137,0.0,NORMAL,0,0,Windows,unspecified
23:08:02.814,155.568,0.3753,0.3559,0.3656,0.421,0.0,NORMAL,0,0,Windows,unspecified
23:08:02.879,155.633,0.3906,0.367,0.3788,0.4226,0.0,NORMAL,0,0,Windows,unspecified
23:08:02.909,155.663,0.4025,0.3604,0.3814,0.4241,0.0,NORMAL,0,0,Windows,unspecified
23:08:02.940,155.694,0.3918,0.3464,0.3691,0.4218,0.0,NORMAL,0,0,Windows,unspecified
23:08:02.973,155.727,0.4019,0.3629,0.3824,0.4199,0.0,NORMAL,0,0,Windows,unspecified
23:08:03.001,155.755,0.3988,0.3789,0.3889,0.4218,0.0,NORMAL,0,0,Windows,unspecified
23:08:03.034,155.788,0.3981,0.3629,0.3805,0.4244,0.0,NORMAL,0,0,Windows,unspecified
23:08:03.064,155.818,0.3981,0.3585,0.3783,0.4208,0.0,NORMAL,0,0,Windows,unspecified
23:08:03.095,155.849,0.3824,0.3609,0.3717,0.4266,0.0,NORMAL,0,0,Windows,unspecified
23:08:03.128,155.882,0.3981,0.3529,0.3755,0.4232,0.0,NORMAL,0,0,Windows,unspecified
23:08:03.158,155.912,0.3824,0.3554,0.3689,0.419,0.0,NORMAL,0,0,Windows,unspecified
23:08:03.193,155.947,0.3941,0.3528,0.3734,0.4174,0.0,NORMAL,0,0,Windows,unspecified
23:08:03.223,155.977,0.3948,0.3654,0.3801,0.4275,0.0,NORMAL,0,0,Windows,unspecified
23:08:03.275,156.029,0.3826,0.3529,0.3678,0.4107,0.0,NORMAL,0,0,Windows,unspecified
23:08:03.303,156.057,0.3787,0.3627,0.3707,0.4163,0.0,NORMAL,0,0,Windows,unspecified
23:08:03.342,156.096,0.3988,0.3422,0.3705,0.4174,0.0,NORMAL,0,0,Windows,unspecified
23:08:03.363,156.117,0.3912,0.3422,0.3667,0.4174,0.0,NORMAL,0,0,Windows,unspecified
23:08:03.411,156.165,0.4076,0.3679,0.3877,0.4211,0.0,NORMAL,0,0,Windows,unspecified
23:08:03.442,156.196,0.3981,0.352,0.375,0.4183,0.0,NORMAL,0,0,Windows,unspecified
23:08:03.474,156.228,0.3823,0.3546,0.3684,0.4184,0.0,NORMAL,0,0,Windows,unspecified
23:08:03.507,156.26,0.3701,0.3629,0.3665,0.4182,0.0,NORMAL,0,0,Windows,unspecified
23:08:03.540,156.294,0.3785,0.3546,0.3665,0.4107,0.0,NORMAL,0,0,Windows,unspecified
23:08:03.568,156.322,0.3673,0.3275,0.3474,0.4101,0.0,NORMAL,0,0,Windows,unspecified
23:08:03.601,156.355,0.3426,0.3385,0.3406,0.4101,0.0,NORMAL,0,0,Windows,unspecified
23:08:03.632,156.386,0.2615,0.2165,0.239,0.4071,0.0067,NORMAL,1,0,Windows,unspecified
23:08:03.678,156.432,0.202,0.1847,0.1933,0.3971,0.0133,NORMAL,2,0,Windows,unspecified
23:08:03.710,156.464,0.2038,0.157,0.1804,0.4038,0.02,NORMAL,3,0,Windows,unspecified
23:08:03.742,156.495,0.1778,0.1365,0.1572,0.3954,0.0267,NORMAL,4,0,Windows,unspecified
23:08:03.773,156.527,0.1737,0.1468,0.1602,0.4022,0.0333,NORMAL,5,0,Windows,unspecified
23:08:03.803,156.557,0.1624,0.1396,0.151,0.4084,0.04,NORMAL,6,0,Windows,unspecified
23:08:03.836,156.59,0.1591,0.1396,0.1494,0.3938,0.0467,NORMAL,7,0,Windows,unspecified
23:08:03.868,156.622,0.1764,0.1343,0.1553,0.3938,0.0533,NORMAL,8,0,Windows,unspecified
23:08:03.898,156.652,0.1973,0.2042,0.2008,0.4007,0.06,NORMAL,9,0,Windows,unspecified
23:08:03.930,156.684,0.2167,0.1931,0.2049,0.398,0.0667,WARNING,10,0,Windows,unspecified
23:08:03.962,156.716,0.2309,0.2159,0.2234,0.4007,0.0733,WARNING,11,0,Windows,unspecified
23:08:03.993,156.747,0.2432,0.2362,0.2397,0.4007,0.08,WARNING,12,0,Windows,unspecified
23:08:04.025,156.779,0.2598,0.257,0.2584,0.3993,0.0867,WARNING,13,0,Windows,unspecified
23:08:04.078,156.832,0.2963,0.2916,0.2939,0.4011,0.0933,WARNING,14,0,Windows,unspecified
23:08:04.104,156.858,0.3032,0.3077,0.3054,0.3965,0.0933,NORMAL,0,0,Windows,unspecified
23:08:04.140,156.894,0.3263,0.3077,0.317,0.3993,0.0933,NORMAL,0,0,Windows,unspecified
23:08:04.166,156.92,0.3294,0.3077,0.3186,0.3994,0.0933,NORMAL,0,0,Windows,unspecified
23:08:04.201,156.955,0.3564,0.3296,0.343,0.4056,0.0933,NORMAL,0,0,Windows,unspecified
23:08:04.229,156.983,0.3542,0.3221,0.3382,0.4037,0.0933,NORMAL,0,0,Windows,unspecified
23:08:04.261,157.014,0.3564,0.3221,0.3393,0.4037,0.0933,NORMAL,0,0,Windows,unspecified
23:08:04.293,157.047,0.353,0.3221,0.3375,0.4083,0.0933,NORMAL,0,0,Windows,unspecified
23:08:04.324,157.078,0.3451,0.324,0.3346,0.4029,0.0933,NORMAL,0,0,Windows,unspecified
23:08:04.354,157.108,0.3473,0.324,0.3356,0.399,0.0933,NORMAL,0,0,Windows,unspecified
23:08:04.384,157.138,0.3439,0.324,0.334,0.3966,0.0933,NORMAL,0,0,Windows,unspecified
23:08:04.418,157.172,0.3546,0.3363,0.3455,0.3942,0.0933,NORMAL,0,0,Windows,unspecified
23:08:04.477,157.231,0.3439,0.324,0.334,0.3966,0.0933,NORMAL,0,0,Windows,unspecified
23:08:04.511,157.265,0.3468,0.3342,0.3405,0.3939,0.0933,NORMAL,0,0,Windows,unspecified
23:08:04.542,157.296,0.3426,0.3286,0.3356,0.3984,0.0933,NORMAL,0,0,Windows,unspecified
23:08:04.575,157.329,0.3461,0.3393,0.3427,0.3951,0.0933,NORMAL,0,0,Windows,unspecified
23:08:04.606,157.36,0.3461,0.3286,0.3373,0.399,0.0933,NORMAL,0,0,Windows,unspecified
23:08:04.638,157.392,0.3461,0.3286,0.3373,0.4036,0.0933,NORMAL,0,0,Windows,unspecified
23:08:04.671,157.425,0.3461,0.3286,0.3373,0.4036,0.0933,NORMAL,0,0,Windows,unspecified
23:08:04.700,157.454,0.3461,0.3286,0.3373,0.4036,0.0933,NORMAL,0,0,Windows,unspecified
23:08:04.747,157.5,0.3502,0.3286,0.3394,0.4075,0.0933,NORMAL,0,0,Windows,unspecified
23:08:04.779,157.533,0.3384,0.3368,0.3376,0.4099,0.0933,NORMAL,0,0,Windows,unspecified
23:08:04.810,157.564,0.3461,0.3368,0.3414,0.4099,0.0933,NORMAL,0,0,Windows,unspecified
23:08:04.844,157.598,0.3461,0.3347,0.3404,0.4046,0.0933,NORMAL,0,0,Windows,unspecified
23:08:04.877,157.631,0.3384,0.352,0.3452,0.408,0.0933,NORMAL,0,0,Windows,unspecified
23:08:04.906,157.66,0.3598,0.3474,0.3536,0.4083,0.0933,NORMAL,0,0,Windows,unspecified
23:08:04.941,157.695,0.3701,0.3501,0.3601,0.4043,0.0933,NORMAL,0,0,Windows,unspecified
23:08:04.970,157.724,0.3701,0.3393,0.3547,0.4043,0.0933,NORMAL,0,0,Windows,unspecified
23:08:05.002,157.755,0.3619,0.3393,0.3506,0.399,0.0933,NORMAL,0,0,Windows,unspecified
23:08:05.034,157.788,0.3619,0.3393,0.3506,0.4008,0.0933,NORMAL,0,0,Windows,unspecified
23:08:05.080,157.834,0.3619,0.3365,0.3492,0.3987,0.0933,NORMAL,0,0,Windows,unspecified
23:08:05.109,157.863,0.3598,0.352,0.3559,0.3987,0.0933,NORMAL,0,0,Windows,unspecified
23:08:05.141,157.895,0.3598,0.352,0.3559,0.3987,0.0933,NORMAL,0,0,Windows,unspecified
23:08:05.172,157.926,0.3598,0.352,0.3559,0.4008,0.0933,NORMAL,0,0,Windows,unspecified
23:08:05.204,157.958,0.357,0.352,0.3545,0.4048,0.0933,NORMAL,0,0,Windows,unspecified
23:08:05.235,157.989,0.3473,0.352,0.3496,0.4048,0.0933,NORMAL,0,0,Windows,unspecified
23:08:05.279,158.033,0.3598,0.344,0.3519,0.4045,0.0933,NORMAL,0,0,Windows,unspecified
23:08:05.316,158.07,0.357,0.3476,0.3523,0.3967,0.0933,NORMAL,0,0,Windows,unspecified
23:08:05.347,158.101,0.3591,0.352,0.3556,0.4099,0.0933,NORMAL,0,0,Windows,unspecified
23:08:05.379,158.133,0.3619,0.344,0.3529,0.4099,0.0933,NORMAL,0,0,Windows,unspecified
23:08:05.410,158.164,0.358,0.344,0.351,0.4085,0.0933,NORMAL,0,0,Windows,unspecified
23:08:05.441,158.195,0.358,0.344,0.351,0.4039,0.0933,NORMAL,0,0,Windows,unspecified
23:08:05.475,158.229,0.3461,0.3476,0.3469,0.4068,0.0933,NORMAL,0,0,Windows,unspecified
23:08:05.503,158.257,0.3461,0.3476,0.3469,0.4039,0.0933,NORMAL,0,0,Windows,unspecified
23:08:05.533,158.287,0.3331,0.3476,0.3404,0.4039,0.0933,NORMAL,0,0,Windows,unspecified
23:08:05.566,158.32,0.3331,0.3411,0.3371,0.4014,0.0933,NORMAL,0,0,Windows,unspecified
23:08:05.596,158.35,0.3331,0.3411,0.3371,0.4053,0.0933,NORMAL,0,0,Windows,unspecified
23:08:05.628,158.382,0.3384,0.3333,0.3358,0.406,0.0933,NORMAL,0,0,Windows,unspecified
23:08:05.678,158.432,0.3461,0.3393,0.3427,0.4132,0.0933,NORMAL,0,0,Windows,unspecified
23:08:05.704,158.458,0.3331,0.3393,0.3362,0.4077,0.0933,NORMAL,0,0,Windows,unspecified
23:08:05.744,158.498,0.3331,0.3393,0.3362,0.4102,0.0933,NORMAL,0,0,Windows,unspecified
23:08:05.767,158.521,0.3354,0.3393,0.3373,0.4102,0.0933,NORMAL,0,0,Windows,unspecified
23:08:05.801,158.555,0.3354,0.3393,0.3373,0.4102,0.0933,NORMAL,0,0,Windows,unspecified
23:08:05.829,158.583,0.3354,0.3393,0.3373,0.4105,0.0933,NORMAL,0,0,Windows,unspecified
23:08:05.859,158.613,0.3502,0.3393,0.3447,0.4105,0.0933,NORMAL,0,0,Windows,unspecified
23:08:05.892,158.646,0.3502,0.3501,0.3501,0.4068,0.0933,NORMAL,0,0,Windows,unspecified
23:08:05.923,158.677,0.3534,0.3394,0.3464,0.404,0.0933,NORMAL,0,0,Windows,unspecified
23:08:05.953,158.707,0.3103,0.2931,0.3017,0.4026,0.0933,NORMAL,0,0,Windows,unspecified
23:08:05.985,158.739,0.2828,0.2649,0.2739,0.4026,0.1,NORMAL,1,0,Windows,unspecified
23:08:06.015,158.769,0.1731,0.157,0.1651,0.4026,0.1067,NORMAL,2,0,Windows,unspecified
23:08:06.073,158.827,0.1771,0.1824,0.1797,0.4074,0.1133,NORMAL,3,0,Windows,unspecified
23:08:06.094,158.848,0.1913,0.1931,0.1922,0.4035,0.12,NORMAL,4,0,Windows,unspecified
23:08:06.138,158.892,0.2084,0.2036,0.206,0.4067,0.1267,NORMAL,5,0,Windows,unspecified
23:08:06.173,158.927,0.2084,0.2107,0.2096,0.4067,0.1333,NORMAL,6,0,Windows,unspecified
23:08:06.201,158.955,0.2364,0.2373,0.2369,0.4067,0.14,NORMAL,7,0,Windows,unspecified
23:08:06.235,158.989,0.2519,0.2425,0.2472,0.4108,0.1467,NORMAL,8,0,Windows,unspecified
23:08:06.267,159.021,0.2519,0.2634,0.2576,0.4099,0.1533,NORMAL,9,0,Windows,unspecified
23:08:06.298,159.052,0.2761,0.2634,0.2697,0.4099,0.16,WARNING,10,0,Windows,unspecified
23:08:06.329,159.083,0.2883,0.2756,0.282,0.4171,0.1667,WARNING,11,0,Windows,unspecified
23:08:06.359,159.113,0.3073,0.2972,0.3022,0.4043,0.1667,NORMAL,0,0,Windows,unspecified
23:08:06.390,159.144,0.3073,0.308,0.3077,0.4043,0.1667,NORMAL,0,0,Windows,unspecified
23:08:06.424,159.178,0.3093,0.308,0.3087,0.4085,0.1667,NORMAL,0,0,Windows,unspecified
23:08:06.478,159.232,0.3118,0.308,0.3099,0.404,0.1667,NORMAL,0,0,Windows,unspecified
23:08:06.516,159.27,0.3118,0.308,0.3099,0.4043,0.1667,NORMAL,0,0,Windows,unspecified
23:08:06.547,159.301,0.3267,0.313,0.3199,0.4043,0.1667,NORMAL,0,0,Windows,unspecified
23:08:06.580,159.334,0.3267,0.324,0.3254,0.4043,0.1667,NORMAL,0,0,Windows,unspecified
23:08:06.611,159.365,0.3267,0.324,0.3254,0.4068,0.1667,NORMAL,0,0,Windows,unspecified
23:08:06.641,159.395,0.3267,0.3347,0.3307,0.4105,0.1667,NORMAL,0,0,Windows,unspecified
23:08:06.674,159.428,0.3354,0.3347,0.335,0.4102,0.1667,NORMAL,0,0,Windows,unspecified
23:08:06.702,159.456,0.3451,0.3365,0.3408,0.3992,0.1667,NORMAL,0,0,Windows,unspecified
23:08:06.736,159.49,0.3505,0.3333,0.3419,0.4045,0.1667,NORMAL,0,0,Windows,unspecified
23:08:06.767,159.521,0.3534,0.3501,0.3518,0.4103,0.1667,NORMAL,0,0,Windows,unspecified
23:08:06.798,159.552,0.3505,0.3458,0.3481,0.4031,0.1667,NORMAL,0,0,Windows,unspecified
23:08:06.831,159.585,0.3505,0.3458,0.3481,0.3992,0.1667,NORMAL,0,0,Windows,unspecified
23:08:06.879,159.633,0.3617,0.3394,0.3505,0.4011,0.1667,NORMAL,0,0,Windows,unspecified
23:08:06.908,159.662,0.3617,0.3373,0.3495,0.4011,0.1667,NORMAL,0,0,Windows,unspecified
23:08:06.942,159.696,0.3617,0.3422,0.3519,0.4064,0.1667,NORMAL,0,0,Windows,unspecified
23:08:06.969,159.723,0.3617,0.3501,0.3559,0.4064,0.1667,NORMAL,0,0,Windows,unspecified
23:08:07.002,159.756,0.3617,0.3501,0.3559,0.4064,0.1667,NORMAL,0,0,Windows,unspecified
23:08:07.032,159.786,0.3617,0.3501,0.3559,0.4064,0.1667,NORMAL,0,0,Windows,unspecified
23:08:07.064,159.818,0.3534,0.3501,0.3518,0.4064,0.1667,NORMAL,0,0,Windows,unspecified
23:08:07.094,159.848,0.3534,0.3394,0.3464,0.4064,0.1667,NORMAL,0,0,Windows,unspecified
23:08:07.126,159.88,0.3534,0.3394,0.3464,0.4064,0.1667,NORMAL,0,0,Windows,unspecified
23:08:07.156,159.91,0.3384,0.3394,0.3389,0.404,0.1667,NORMAL,0,0,Windows,unspecified
23:08:07.187,159.941,0.3461,0.3286,0.3373,0.4043,0.1667,NORMAL,0,0,Windows,unspecified
23:08:07.219,159.973,0.3461,0.3286,0.3373,0.4097,0.1667,NORMAL,0,0,Windows,unspecified
23:08:07.279,160.033,0.3354,0.3212,0.3283,0.4138,0.1667,NORMAL,0,0,Windows,unspecified
23:08:07.313,160.067,0.3354,0.3212,0.3283,0.4095,0.1667,NORMAL,0,0,Windows,unspecified
23:08:07.344,160.098,0.3331,0.3368,0.335,0.4112,0.1667,NORMAL,0,0,Windows,unspecified
23:08:07.374,160.128,0.345,0.3368,0.3409,0.4065,0.1667,NORMAL,0,0,Windows,unspecified
23:08:07.403,160.157,0.3483,0.3474,0.3479,0.4049,0.1667,NORMAL,0,0,Windows,unspecified
23:08:07.437,160.191,0.3451,0.3373,0.3412,0.4088,0.1667,NORMAL,0,0,Windows,unspecified
23:08:07.468,160.222,0.3331,0.3267,0.3299,0.4085,0.1667,NORMAL,0,0,Windows,unspecified
23:08:07.500,160.254,0.3331,0.3267,0.3299,0.4024,0.1667,NORMAL,0,0,Windows,unspecified
23:08:07.529,160.283,0.3362,0.3368,0.3365,0.4049,0.1667,NORMAL,0,0,Windows,unspecified
23:08:07.564,160.318,0.3494,0.3368,0.3431,0.4049,0.1667,NORMAL,0,0,Windows,unspecified
23:08:07.595,160.349,0.3494,0.3368,0.3431,0.4088,0.1667,NORMAL,0,0,Windows,unspecified
23:08:07.627,160.381,0.3617,0.3393,0.3505,0.4088,0.1667,NORMAL,0,0,Windows,unspecified
23:08:07.681,160.435,0.3586,0.3446,0.3516,0.4119,0.1667,NORMAL,0,0,Windows,unspecified
23:08:07.705,160.459,0.3586,0.3446,0.3516,0.4102,0.1667,NORMAL,0,0,Windows,unspecified
23:08:07.741,160.495,0.3342,0.3179,0.326,0.4062,0.1667,NORMAL,0,0,Windows,unspecified
23:08:07.766,160.52,0.3164,0.3025,0.3094,0.4076,0.1667,NORMAL,0,0,Windows,unspecified
23:08:07.817,160.571,0.1704,0.1499,0.1601,0.4077,0.1733,NORMAL,1,0,Windows,unspecified
23:08:07.846,160.6,0.1318,0.1162,0.124,0.4077,0.18,NORMAL,2,0,Windows,unspecified
23:08:07.878,160.632,0.1318,0.0893,0.1105,0.4103,0.1867,NORMAL,3,0,Windows,unspecified
23:08:07.910,160.664,0.0853,0.0643,0.0748,0.4103,0.1933,NORMAL,4,0,Windows,unspecified
23:08:07.938,160.692,0.0496,0.0505,0.05,0.4099,0.2,NORMAL,5,0,Windows,unspecified
23:08:07.971,160.725,0.1166,0.1172,0.1169,0.4099,0.2067,NORMAL,6,0,Windows,unspecified
23:08:08.000,160.754,0.1575,0.1595,0.1585,0.4099,0.2133,NORMAL,7,0,Windows,unspecified
23:08:08.034,160.788,0.2365,0.2274,0.2319,0.4045,0.22,NORMAL,8,0,Windows,unspecified
23:08:08.078,160.832,0.2677,0.2777,0.2727,0.4046,0.2267,NORMAL,9,0,Windows,unspecified
23:08:08.111,160.864,0.2949,0.2913,0.2931,0.4083,0.2333,WARNING,10,0,Windows,unspecified
23:08:08.142,160.896,0.2949,0.3042,0.2996,0.4099,0.24,WARNING,11,0,Windows,unspecified
23:08:08.175,160.929,0.2949,0.3096,0.3023,0.4099,0.24,NORMAL,0,0,Windows,unspecified
23:08:08.217,160.971,0.3073,0.3096,0.3084,0.4083,0.24,NORMAL,0,0,Windows,unspecified
23:08:08.250,161.004,0.3194,0.3096,0.3145,0.4083,0.24,NORMAL,0,0,Windows,unspecified
23:08:08.280,161.034,0.3194,0.3096,0.3145,0.4083,0.24,NORMAL,0,0,Windows,unspecified
23:08:08.312,161.066,0.3227,0.3203,0.3215,0.4075,0.24,NORMAL,0,0,Windows,unspecified
23:08:08.345,161.099,0.322,0.3203,0.3212,0.41,0.24,NORMAL,0,0,Windows,unspecified
23:08:08.377,161.131,0.3342,0.3272,0.3307,0.4128,0.24,NORMAL,0,0,Windows,unspecified
23:08:08.417,161.171,0.3342,0.3272,0.3307,0.4045,0.24,NORMAL,0,0,Windows,unspecified
23:08:08.466,161.22,0.3541,0.3286,0.3414,0.4045,0.24,NORMAL,0,0,Windows,unspecified
23:08:08.504,161.258,0.3461,0.3363,0.3412,0.4131,0.24,NORMAL,0,0,Windows,unspecified
23:08:08.534,161.288,0.3461,0.3473,0.3467,0.4131,0.24,NORMAL,0,0,Windows,unspecified
23:08:08.563,161.317,0.331,0.3363,0.3336,0.4119,0.24,NORMAL,0,0,Windows,unspecified
23:08:08.596,161.349,0.3354,0.3335,0.3344,0.4157,0.24,NORMAL,0,0,Windows,unspecified
23:08:08.625,161.379,0.3582,0.344,0.3511,0.3997,0.24,NORMAL,0,0,Windows,unspecified
23:08:08.656,161.41,0.3582,0.3304,0.3443,0.4029,0.2333,NORMAL,0,0,Windows,unspecified
23:08:08.689,161.443,0.358,0.3411,0.3496,0.4053,0.2267,NORMAL,0,0,Windows,unspecified
23:08:08.718,161.472,0.345,0.3411,0.3431,0.4038,0.22,NORMAL,0,0,Windows,unspecified
23:08:08.750,161.504,0.3473,0.3333,0.3403,0.4085,0.2133,NORMAL,0,0,Windows,unspecified
23:08:08.784,161.538,0.345,0.3393,0.3421,0.4085,0.2067,NORMAL,0,0,Windows,unspecified
23:08:08.815,161.569,0.345,0.3393,0.3421,0.415,0.2,NORMAL,0,0,Windows,unspecified
23:08:08.847,161.601,0.35,0.3393,0.3447,0.4132,0.1933,NORMAL,0,0,Windows,unspecified
23:08:08.879,161.633,0.3619,0.3411,0.3515,0.4132,0.1867,NORMAL,0,0,Windows,unspecified
23:08:08.909,161.663,0.3502,0.3228,0.3365,0.4174,0.18,NORMAL,0,0,Windows,unspecified
23:08:08.938,161.692,0.3502,0.3335,0.3418,0.411,0.1733,NORMAL,0,0,Windows,unspecified
23:08:08.971,161.725,0.3502,0.3335,0.3418,0.411,0.1667,NORMAL,0,0,Windows,unspecified
23:08:09.018,161.772,0.3473,0.3412,0.3442,0.4063,0.16,NORMAL,0,0,Windows,unspecified
23:08:09.051,161.805,0.3451,0.3412,0.3432,0.4063,0.1533,NORMAL,0,0,Windows,unspecified
23:08:09.082,161.836,0.3451,0.3412,0.3432,0.4115,0.1467,NORMAL,0,0,Windows,unspecified
23:08:09.115,161.869,0.3483,0.324,0.3361,0.4096,0.1467,NORMAL,0,0,Windows,unspecified
23:08:09.144,161.898,0.3451,0.3393,0.3422,0.4067,0.1467,NORMAL,0,0,Windows,unspecified
23:08:09.174,161.928,0.3461,0.3464,0.3462,0.4035,0.1467,NORMAL,0,0,Windows,unspecified
23:08:09.206,161.96,0.3473,0.3464,0.3469,0.4163,0.1467,NORMAL,0,0,Windows,unspecified
23:08:09.238,161.992,0.3701,0.352,0.3611,0.4043,0.1467,NORMAL,0,0,Windows,unspecified
23:08:09.286,162.04,0.3586,0.3451,0.3518,0.4013,0.1467,NORMAL,0,0,Windows,unspecified
23:08:09.314,162.068,0.3582,0.3351,0.3466,0.4036,0.1467,NORMAL,0,0,Windows,unspecified
23:08:09.347,162.101,0.3331,0.3451,0.3391,0.4036,0.1467,NORMAL,0,0,Windows,unspecified
23:08:09.376,162.13,0.3461,0.3394,0.3427,0.4013,0.1467,NORMAL,0,0,Windows,unspecified
23:08:09.417,162.171,0.3461,0.3394,0.3427,0.4013,0.1467,NORMAL,0,0,Windows,unspecified
23:08:09.438,162.192,0.3461,0.3394,0.3427,0.4077,0.1467,NORMAL,0,0,Windows,unspecified
23:08:09.470,162.224,0.3431,0.3501,0.3466,0.4077,0.1467,NORMAL,0,0,Windows,unspecified
23:08:09.499,162.253,0.3431,0.3394,0.3412,0.406,0.1467,NORMAL,0,0,Windows,unspecified
23:08:09.532,162.286,0.3431,0.3394,0.3412,0.4107,0.1467,NORMAL,0,0,Windows,unspecified
23:08:09.565,162.319,0.3673,0.3393,0.3533,0.4059,0.1467,NORMAL,0,0,Windows,unspecified
23:08:09.594,162.348,0.3673,0.3393,0.3533,0.406,0.1467,NORMAL,0,0,Windows,unspecified
23:08:09.628,162.382,0.3673,0.3393,0.3533,0.4024,0.1467,NORMAL,0,0,Windows,unspecified
23:08:09.673,162.427,0.3331,0.3451,0.3391,0.4071,0.1467,NORMAL,0,0,Windows,unspecified
23:08:09.704,162.458,0.3451,0.3552,0.3501,0.4082,0.1467,NORMAL,0,0,Windows,unspecified
23:08:09.741,162.495,0.3502,0.3573,0.3537,0.4082,0.1467,NORMAL,0,0,Windows,unspecified
23:08:09.768,162.522,0.3384,0.352,0.3452,0.4028,0.1467,NORMAL,0,0,Windows,unspecified
23:08:09.819,162.573,0.3582,0.3476,0.3529,0.3967,0.1467,NORMAL,0,0,Windows,unspecified
23:08:09.844,162.598,0.3582,0.352,0.3551,0.3994,0.1467,NORMAL,0,0,Windows,unspecified
23:08:09.877,162.631,0.3502,0.352,0.3511,0.4021,0.1467,NORMAL,0,0,Windows,unspecified
23:08:09.909,162.663,0.3502,0.3393,0.3447,0.4043,0.1467,NORMAL,0,0,Windows,unspecified
23:08:09.939,162.693,0.3591,0.3393,0.3492,0.4061,0.1467,NORMAL,0,0,Windows,unspecified
23:08:09.973,162.727,0.357,0.3393,0.3481,0.41,0.1467,NORMAL,0,0,Windows,unspecified
23:08:10.002,162.756,0.357,0.3393,0.3481,0.4061,0.1467,NORMAL,0,0,Windows,unspecified
23:08:10.036,162.79,0.3331,0.3312,0.3322,0.4061,0.1467,NORMAL,0,0,Windows,unspecified
23:08:10.079,162.833,0.1706,0.1577,0.1642,0.3967,0.1533,NORMAL,1,0,Windows,unspecified
23:08:10.111,162.865,0.1189,0.1162,0.1176,0.3975,0.16,NORMAL,2,0,Windows,unspecified
23:08:10.144,162.898,0.1624,0.1365,0.1494,0.4011,0.1667,NORMAL,3,0,Windows,unspecified
23:08:10.176,162.93,0.1624,0.1396,0.151,0.4049,0.1733,NORMAL,4,0,Windows,unspecified
23:08:10.219,162.973,0.1788,0.1727,0.1757,0.4056,0.18,NORMAL,5,0,Windows,unspecified
23:08:10.255,163.009,0.1842,0.1829,0.1835,0.4056,0.1867,NORMAL,6,0,Windows,unspecified
23:08:10.282,163.036,0.1889,0.1995,0.1942,0.4034,0.1933,NORMAL,7,0,Windows,unspecified
23:08:10.316,163.07,0.2164,0.2362,0.2263,0.3994,0.2,NORMAL,8,0,Windows,unspecified
23:08:10.346,163.1,0.2317,0.2465,0.2391,0.4064,0.2067,NORMAL,9,0,Windows,unspecified
23:08:10.376,163.13,0.2562,0.2634,0.2598,0.4039,0.2133,WARNING,10,0,Windows,unspecified
23:08:10.407,163.161,0.2808,0.2811,0.2809,0.4064,0.22,WARNING,11,0,Windows,unspecified
23:08:10.438,163.192,0.2949,0.2916,0.2932,0.4064,0.2267,WARNING,12,0,Windows,unspecified
23:08:10.484,163.238,0.2977,0.2916,0.2946,0.4061,0.2333,WARNING,13,0,Windows,unspecified
23:08:10.516,163.27,0.3099,0.3039,0.3069,0.3967,0.2333,NORMAL,0,0,Windows,unspecified
23:08:10.548,163.302,0.2801,0.2811,0.2806,0.3967,0.24,NORMAL,1,0,Windows,unspecified
23:08:10.578,163.332,0.2769,0.256,0.2665,0.3967,0.2467,NORMAL,2,0,Windows,unspecified
23:08:10.617,163.371,0.1367,0.1082,0.1224,0.4007,0.2533,NORMAL,3,0,Windows,unspecified
23:08:10.642,163.396,0.0792,0.082,0.0806,0.4077,0.26,NORMAL,4,0,Windows,unspecified
23:08:10.675,163.429,0.0721,0.0572,0.0647,0.406,0.2667,NORMAL,5,0,Windows,unspecified
23:08:10.706,163.46,0.0472,0.056,0.0516,0.4014,0.2733,NORMAL,6,0,Windows,unspecified
23:08:10.740,163.494,0.0472,0.0568,0.052,0.3975,0.28,NORMAL,7,0,Windows,unspecified
23:08:10.770,163.524,0.0705,0.0814,0.076,0.4,0.2867,NORMAL,8,0,Windows,unspecified
23:08:10.801,163.554,0.0785,0.1129,0.0957,0.398,0.2933,NORMAL,9,0,Windows,unspecified
23:08:10.833,163.587,0.1601,0.1686,0.1643,0.4032,0.3,WARNING,10,0,Windows,unspecified
23:08:10.878,163.632,0.2207,0.2269,0.2238,0.4053,0.3067,WARNING,11,0,Windows,unspecified
23:08:10.912,163.666,0.2578,0.2473,0.2526,0.4053,0.3133,WARNING,12,0,Windows,unspecified
23:08:10.943,163.697,0.2883,0.274,0.2812,0.4036,0.32,WARNING,13,0,Windows,unspecified
23:08:10.975,163.729,0.3004,0.2783,0.2894,0.4021,0.3267,WARNING,14,0,Windows,unspecified
23:08:11.004,163.758,0.3004,0.2835,0.2919,0.4021,0.3267,WARNING,15,0,Windows,unspecified
23:08:11.037,163.791,0.3028,0.294,0.2984,0.4007,0.3267,WARNING,16,0,Windows,unspecified
23:08:11.069,163.823,0.3147,0.2988,0.3067,0.4036,0.32,NORMAL,0,0,Windows,unspecified
23:08:11.100,163.854,0.3494,0.3316,0.3405,0.4036,0.3133,NORMAL,0,0,Windows,unspecified
23:08:11.130,163.884,0.3415,0.3212,0.3314,0.4021,0.3067,NORMAL,0,0,Windows,unspecified
23:08:11.163,163.917,0.3421,0.3243,0.3332,0.3967,0.3,NORMAL,0,0,Windows,unspecified
23:08:11.193,163.947,0.3461,0.3243,0.3352,0.4075,0.2933,NORMAL,0,0,Windows,unspecified
23:08:11.224,163.978,0.3426,0.3294,0.336,0.4036,0.2867,NORMAL,0,0,Windows,unspecified
23:08:11.275,164.029,0.3388,0.3344,0.3366,0.4036,0.28,NORMAL,0,0,Windows,unspecified
23:08:11.302,164.056,0.3388,0.3344,0.3366,0.4043,0.2733,NORMAL,0,0,Windows,unspecified
23:08:11.339,164.093,0.3351,0.3344,0.3348,0.4089,0.2667,NORMAL,0,0,Windows,unspecified
23:08:11.365,164.119,0.3498,0.3294,0.3396,0.4036,0.2667,NORMAL,0,0,Windows,unspecified
23:08:11.394,164.148,0.3498,0.3243,0.337,0.4036,0.2667,NORMAL,0,0,Windows,unspecified
23:08:11.425,164.179,0.3498,0.3243,0.337,0.4099,0.2667,NORMAL,0,0,Windows,unspecified
23:08:11.457,164.211,0.3498,0.3243,0.337,0.4099,0.2667,NORMAL,0,0,Windows,unspecified
23:08:11.487,164.241,0.3498,0.3243,0.337,0.4099,0.2667,NORMAL,0,0,Windows,unspecified
23:08:11.519,164.273,0.3382,0.3243,0.3313,0.4099,0.2667,NORMAL,0,0,Windows,unspecified
23:08:11.551,164.305,0.3382,0.3243,0.3313,0.4102,0.2667,NORMAL,0,0,Windows,unspecified
23:08:11.582,164.336,0.3498,0.3294,0.3396,0.4102,0.2667,NORMAL,0,0,Windows,unspecified
23:08:11.613,164.367,0.3351,0.3228,0.329,0.4102,0.2667,NORMAL,0,0,Windows,unspecified
23:08:11.675,164.429,0.3502,0.3327,0.3414,0.4021,0.2667,NORMAL,0,0,Windows,unspecified
23:08:11.709,164.463,0.3467,0.3401,0.3434,0.4021,0.2667,NORMAL,0,0,Windows,unspecified
23:08:11.737,164.491,0.3498,0.3194,0.3346,0.4053,0.2667,NORMAL,0,0,Windows,unspecified
23:08:11.770,164.524,0.3545,0.3267,0.3406,0.4053,0.2667,NORMAL,0,0,Windows,unspecified
23:08:11.800,164.554,0.3545,0.3249,0.3397,0.4075,0.2667,NORMAL,0,0,Windows,unspecified
23:08:11.832,164.586,0.3426,0.3245,0.3336,0.4075,0.2667,NORMAL,0,0,Windows,unspecified
23:08:11.864,164.618,0.3461,0.3194,0.3327,0.4107,0.2667,NORMAL,0,0,Windows,unspecified
23:08:11.897,164.65,0.3461,0.3212,0.3336,0.4102,0.2667,NORMAL,0,0,Windows,unspecified
23:08:11.928,164.682,0.3461,0.3286,0.3373,0.4102,0.2667,NORMAL,0,0,Windows,unspecified
23:08:11.959,164.713,0.3461,0.3286,0.3373,0.4102,0.2667,NORMAL,0,0,Windows,unspecified
23:08:11.990,164.744,0.3701,0.3286,0.3494,0.4083,0.2667,NORMAL,0,0,Windows,unspecified
23:08:12.019,164.773,0.3701,0.3393,0.3547,0.41,0.2667,NORMAL,0,0,Windows,unspecified
23:08:12.079,164.833,0.3701,0.3393,0.3547,0.4083,0.2667,NORMAL,0,0,Windows,unspecified
23:08:12.115,164.869,0.3701,0.3501,0.3601,0.4083,0.2667,NORMAL,0,0,Windows,unspecified
23:08:12.144,164.898,0.3664,0.352,0.3592,0.4083,0.2667,NORMAL,0,0,Windows,unspecified
23:08:12.177,164.931,0.3546,0.352,0.3533,0.4083,0.2667,NORMAL,0,0,Windows,unspecified
23:08:12.210,164.964,0.3666,0.3551,0.3609,0.4059,0.2667,NORMAL,0,0,Windows,unspecified
23:08:12.239,164.993,0.3584,0.3501,0.3543,0.4091,0.2667,NORMAL,0,0,Windows,unspecified
23:08:12.270,165.024,0.3584,0.3501,0.3543,0.4061,0.2667,NORMAL,0,0,Windows,unspecified
23:08:12.301,165.055,0.3619,0.3501,0.356,0.4061,0.2667,NORMAL,0,0,Windows,unspecified
23:08:12.332,165.086,0.3591,0.3554,0.3573,0.4064,0.2667,NORMAL,0,0,Windows,unspecified
23:08:12.381,165.135,0.3331,0.3451,0.3391,0.4064,0.2667,NORMAL,0,0,Windows,unspecified
23:08:12.411,165.165,0.3331,0.3342,0.3337,0.4039,0.2667,NORMAL,0,0,Windows,unspecified
23:08:12.443,165.197,0.1963,0.2061,0.2012,0.3996,0.2733,NORMAL,1,0,Windows,unspecified
23:08:12.477,165.231,0.0934,0.0838,0.0886,0.3967,0.28,NORMAL,2,0,Windows,unspecified
23:08:12.505,165.259,0.0651,0.0505,0.0578,0.4017,0.2867,NORMAL,3,0,Windows,unspecified
23:08:12.538,165.292,0.0609,0.0572,0.0591,0.399,0.2933,NORMAL,4,0,Windows,unspecified
23:08:12.569,165.323,0.059,0.0516,0.0553,0.399,0.3,NORMAL,5,0,Windows,unspecified
23:08:12.599,165.353,0.0472,0.0421,0.0447,0.399,0.3067,NORMAL,6,0,Windows,unspecified
23:08:12.630,165.384,0.0472,0.0572,0.0522,0.399,0.3133,NORMAL,7,0,Windows,unspecified
23:08:12.659,165.413,0.05,0.0412,0.0456,0.399,0.32,NORMAL,8,0,Windows,unspecified
23:08:12.692,165.446,0.05,0.0412,0.0456,0.399,0.3267,NORMAL,9,0,Windows,unspecified
23:08:12.721,165.475,0.05,0.0412,0.0456,0.4032,0.3333,WARNING,10,0,Windows,unspecified
23:08:12.755,165.509,0.0489,0.0412,0.0451,0.3987,0.34,WARNING,11,0,Windows,unspecified
23:08:12.785,165.539,0.0489,0.0412,0.0451,0.3987,0.34,WARNING,12,0,Windows,unspecified
23:08:12.817,165.571,0.0489,0.0319,0.0404,0.4015,0.34,WARNING,13,0,Windows,unspecified
23:08:12.878,165.632,0.0373,0.0273,0.0323,0.4124,0.34,WARNING,14,0,Windows,unspecified
23:08:12.910,165.664,0.0279,0.0273,0.0276,0.4124,0.34,WARNING,15,0,Windows,unspecified
23:08:12.941,165.695,0.0403,0.0386,0.0394,0.4085,0.34,WARNING,16,0,Windows,unspecified
23:08:12.973,165.727,0.0468,0.0386,0.0427,0.4111,0.34,WARNING,17,0,Windows,unspecified
23:08:13.003,165.757,0.0468,0.0386,0.0427,0.4111,0.34,WARNING,18,0,Windows,unspecified
23:08:13.035,165.789,0.0485,0.0377,0.0431,0.4106,0.34,WARNING,19,0,Windows,unspecified
23:08:13.067,165.821,0.0485,0.0221,0.0353,0.4096,0.34,DROWSY,20,0,Windows,unspecified
23:08:13.100,165.854,0.0577,0.061,0.0593,0.42,0.34,DROWSY,21,0,Windows,unspecified
23:08:13.130,165.884,0.0687,0.066,0.0673,0.4164,0.34,DROWSY,22,0,Windows,unspecified
23:08:13.161,165.915,0.1446,0.1562,0.1504,0.4157,0.3467,DROWSY,23,0,Windows,unspecified
23:08:13.194,165.948,0.1852,0.1706,0.1779,0.4085,0.3533,DROWSY,24,0,Windows,unspecified
23:08:13.224,165.978,0.2217,0.22,0.2208,0.4157,0.36,DROWSY,25,0,Windows,unspecified
23:08:13.277,166.031,0.2554,0.2482,0.2518,0.4118,0.3667,DROWSY,26,0,Windows,unspecified
23:08:13.305,166.058,0.2677,0.2482,0.258,0.408,0.3733,DROWSY,27,0,Windows,unspecified
23:08:13.339,166.093,0.2774,0.2651,0.2713,0.404,0.38,DROWSY,28,0,Windows,unspecified
23:08:13.366,166.12,0.2921,0.2863,0.2892,0.404,0.3867,DROWSY,29,0,Windows,unspecified
23:08:13.399,166.153,0.2948,0.2931,0.294,0.404,0.3933,DROWSY,30,0,Windows,unspecified
23:08:13.430,166.184,0.3108,0.3056,0.3082,0.4141,0.3933,DROWSY,0,0,Windows,unspecified
23:08:13.460,166.214,0.3042,0.3091,0.3066,0.4127,0.3933,DROWSY,0,0,Windows,unspecified
23:08:13.491,166.245,0.331,0.3106,0.3208,0.4054,0.3933,DROWSY,0,0,Windows,unspecified
23:08:13.521,166.275,0.3504,0.3272,0.3388,0.4178,0.3933,DROWSY,0,0,Windows,unspecified
23:08:13.553,166.307,0.3426,0.3458,0.3442,0.4115,0.3933,DROWSY,0,0,Windows,unspecified
23:08:13.584,166.338,0.356,0.3428,0.3494,0.3993,0.3933,DROWSY,0,0,Windows,unspecified
23:08:13.615,166.369,0.3546,0.3481,0.3514,0.4094,0.3933,DROWSY,0,0,Windows,unspecified
23:08:13.674,166.428,0.3203,0.3106,0.3155,0.4011,0.3933,DROWSY,0,0,Windows,unspecified
23:08:13.709,166.463,0.3189,0.2985,0.3087,0.3963,0.3933,DROWSY,0,0,Windows,unspecified
23:08:13.742,166.496,0.2617,0.2896,0.2756,0.3986,0.4,DROWSY,1,0,Windows,unspecified
23:08:13.773,166.527,0.253,0.2558,0.2544,0.3981,0.4067,DROWSY,2,0,Windows,unspecified
23:08:13.805,166.559,0.2408,0.2663,0.2536,0.4054,0.4133,DROWSY,3,0,Windows,unspecified
23:08:13.853,166.607,0.253,0.2784,0.2657,0.3988,0.42,DROWSY,4,0,Windows,unspecified
23:08:13.881,166.635,0.2652,0.2784,0.2718,0.4027,0.4267,DROWSY,5,0,Windows,unspecified
23:08:13.914,166.668,0.2677,0.2708,0.2693,0.402,0.4333,DROWSY,6,0,Windows,unspecified
23:08:13.946,166.7,0.2677,0.2813,0.2745,0.3958,0.44,DROWSY,7,0,Windows,unspecified
23:08:13.981,166.735,0.2616,0.2734,0.2675,0.404,0.4467,DROWSY,8,0,Windows,unspecified
23:08:14.008,166.762,0.2712,0.2734,0.2723,0.3964,0.4533,DROWSY,9,0,Windows,unspecified
23:08:14.041,166.795,0.2616,0.2734,0.2675,0.3928,0.46,DROWSY,10,0,Windows,unspecified
23:08:14.079,166.833,0.2558,0.2784,0.2671,0.3963,0.4667,DROWSY,11,0,Windows,unspecified
23:08:14.103,166.857,0.2699,0.2797,0.2748,0.4005,0.4733,DROWSY,12,0,Windows,unspecified
23:08:14.138,166.892,0.2724,0.2697,0.271,0.3975,0.48,DROWSY,13,0,Windows,unspecified
23:08:14.165,166.919,0.2754,0.2812,0.2783,0.3971,0.4867,DROWSY,14,0,Windows,unspecified
23:08:14.197,166.951,0.2817,0.2915,0.2866,0.4026,0.4933,DROWSY,15,0,Windows,unspecified
23:08:14.228,166.982,0.2724,0.3032,0.2878,0.4011,0.5,DROWSY,16,0,Windows,unspecified
23:08:14.260,167.014,0.274,0.2767,0.2754,0.3952,0.5067,DROWSY,17,0,Windows,unspecified
23:08:14.293,167.047,0.2761,0.2887,0.2824,0.405,0.5133,DROWSY,18,0,Windows,unspecified
23:08:14.324,167.078,0.278,0.2819,0.28,0.4041,0.52,DROWSY,19,0,Windows,unspecified
23:08:14.369,167.123,0.2799,0.2774,0.2787,0.4024,0.5267,DROWSY,20,0,Windows,unspecified
23:08:14.401,167.155,0.2543,0.2738,0.264,0.4011,0.5333,DROWSY,21,0,Windows,unspecified
23:08:14.433,167.187,0.2638,0.2574,0.2606,0.3988,0.54,DROWSY,22,0,Windows,unspecified
23:08:14.478,167.231,0.2951,0.2568,0.2759,0.4089,0.5467,DROWSY,23,0,Windows,unspecified
23:08:14.512,167.266,0.2938,0.2805,0.2871,0.4126,0.5533,DROWSY,24,0,Windows,unspecified
23:08:14.544,167.298,0.308,0.2911,0.2996,0.4152,0.56,DROWSY,25,0,Windows,unspecified
23:08:14.578,167.332,0.3201,0.2841,0.3021,0.4224,0.56,DROWSY,0,0,Windows,unspecified
23:08:14.605,167.359,0.3142,0.2886,0.3014,0.4181,0.56,DROWSY,0,0,Windows,unspecified
23:08:14.638,167.392,0.3296,0.2774,0.3035,0.4339,0.56,DROWSY,0,0,Windows,unspecified
23:08:14.670,167.424,0.3065,0.2948,0.3006,0.4235,0.5667,DROWSY,1,0,Windows,unspecified
23:08:14.702,167.456,0.3191,0.2805,0.2998,0.433,0.5733,DROWSY,2,0,Windows,unspecified
23:08:14.734,167.488,0.3272,0.3029,0.315,0.4291,0.5733,DROWSY,0,0,Windows,unspecified
23:08:14.762,167.516,0.3332,0.3062,0.3197,0.4346,0.5733,DROWSY,0,0,Windows,unspecified
23:08:14.794,167.548,0.3417,0.3062,0.324,0.4302,0.5733,DROWSY,0,0,Windows,unspecified
23:08:14.825,167.579,0.3459,0.3071,0.3265,0.4355,0.5733,DROWSY,0,0,Windows,unspecified
23:08:14.877,167.631,0.3402,0.2998,0.32,0.4322,0.5733,DROWSY,0,0,Windows,unspecified
23:08:14.904,167.658,0.3416,0.3032,0.3224,0.4339,0.5733,DROWSY,0,0,Windows,unspecified
23:08:14.953,167.707,0.3546,0.3293,0.3419,0.4255,0.5733,DROWSY,0,0,Windows,unspecified
23:08:14.982,167.736,0.3339,0.3029,0.3184,0.4324,0.5733,DROWSY,0,0,Windows,unspecified
23:08:15.016,167.77,0.3416,0.2991,0.3203,0.428,0.5733,DROWSY,0,0,Windows,unspecified
23:08:15.044,167.798,0.3242,0.3062,0.3152,0.4432,0.5733,DROWSY,0,0,Windows,unspecified
23:08:15.079,167.833,0.3438,0.3093,0.3265,0.4387,0.5667,DROWSY,0,0,Windows,unspecified
23:08:15.109,167.863,0.3179,0.2819,0.2999,0.4364,0.5667,DROWSY,1,0,Windows,unspecified
23:08:15.141,167.895,0.3162,0.2819,0.2991,0.4326,0.5667,DROWSY,2,0,Windows,unspecified
23:08:15.172,167.925,0.2879,0.2819,0.2849,0.4348,0.5667,DROWSY,3,0,Windows,unspecified
23:08:15.203,167.957,0.3066,0.2778,0.2922,0.4242,0.5667,DROWSY,4,0,Windows,unspecified
23:08:15.234,167.988,0.2954,0.2856,0.2905,0.4339,0.5667,DROWSY,5,0,Windows,unspecified
23:08:15.277,168.031,0.3006,0.2819,0.2912,0.4314,0.5667,DROWSY,6,0,Windows,unspecified
23:08:15.312,168.066,0.3084,0.2819,0.2951,0.429,0.5667,DROWSY,7,0,Windows,unspecified
23:08:15.344,168.098,0.3066,0.2808,0.2937,0.43,0.5667,DROWSY,8,0,Windows,unspecified
23:08:15.375,168.129,0.3006,0.2689,0.2848,0.4274,0.5667,DROWSY,9,0,Windows,unspecified
23:08:15.408,168.162,0.3084,0.2806,0.2945,0.4239,0.5667,DROWSY,10,0,Windows,unspecified
23:08:15.438,168.192,0.3006,0.2819,0.2912,0.4335,0.5667,DROWSY,11,0,Windows,unspecified
23:08:15.470,168.224,0.3066,0.2928,0.2997,0.4334,0.5667,DROWSY,12,0,Windows,unspecified
23:08:15.503,168.257,0.3006,0.2819,0.2912,0.4229,0.5733,DROWSY,13,0,Windows,unspecified
23:08:15.533,168.287,0.3149,0.2928,0.3038,0.4247,0.5667,DROWSY,0,0,Windows,unspecified
23:08:15.579,168.332,0.3133,0.2819,0.2976,0.4209,0.5667,DROWSY,1,0,Windows,unspecified
23:08:15.610,168.364,0.3133,0.2928,0.303,0.4226,0.56,DROWSY,0,0,Windows,unspecified
23:08:15.643,168.397,0.3214,0.289,0.3052,0.4175,0.5533,DROWSY,0,0,Windows,unspecified
23:08:15.678,168.432,0.3244,0.3146,0.3195,0.4233,0.5467,DROWSY,0,0,Windows,unspecified
23:08:15.705,168.459,0.3387,0.3258,0.3323,0.4252,0.54,DROWSY,0,0,Windows,unspecified
23:08:15.742,168.496,0.3495,0.3426,0.346,0.4184,0.5333,DROWSY,0,0,Windows,unspecified
23:08:15.768,168.522,0.3481,0.3426,0.3454,0.4186,0.5267,DROWSY,0,0,Windows,unspecified
23:08:15.800,168.554,0.3466,0.3426,0.3446,0.4186,0.52,DROWSY,0,0,Windows,unspecified
23:08:15.828,168.582,0.3607,0.3426,0.3517,0.4154,0.5133,DROWSY,0,0,Windows,unspecified
23:08:15.862,168.616,0.3607,0.3393,0.35,0.4216,0.5067,DROWSY,0,0,Windows,unspecified
23:08:15.894,168.648,0.3712,0.3581,0.3646,0.4186,0.5,DROWSY,0,0,Windows,unspecified
23:08:15.925,168.679,0.3586,0.3473,0.3529,0.4162,0.4933,DROWSY,0,0,Windows,unspecified
23:08:15.955,168.709,0.3644,0.3592,0.3618,0.4132,0.4867,DROWSY,0,0,Windows,unspecified
23:08:15.989,168.743,0.3732,0.3541,0.3637,0.4137,0.48,DROWSY,0,0,Windows,unspecified
23:08:16.019,168.773,0.3889,0.3648,0.3768,0.4034,0.4733,DROWSY,0,0,Windows,unspecified
23:08:16.077,168.831,0.3468,0.3413,0.3441,0.4084,0.4733,DROWSY,0,0,Windows,unspecified
23:08:16.112,168.866,0.3559,0.338,0.3469,0.4089,0.4733,DROWSY,0,0,Windows,unspecified
23:08:16.143,168.897,0.3015,0.3256,0.3135,0.4043,0.4733,DROWSY,0,0,Windows,unspecified
23:08:16.174,168.928,0.3231,0.3138,0.3184,0.4066,0.4733,DROWSY,0,0,Windows,unspecified
23:08:16.208,168.962,0.3215,0.3138,0.3176,0.4183,0.4733,DROWSY,0,0,Windows,unspecified
23:08:16.237,168.991,0.327,0.338,0.3325,0.3986,0.4733,DROWSY,0,0,Windows,unspecified
23:08:16.270,169.024,0.3248,0.3501,0.3374,0.3939,0.4733,DROWSY,0,0,Windows,unspecified
23:08:16.301,169.055,0.3249,0.3501,0.3375,0.4056,0.4733,DROWSY,0,0,Windows,unspecified
23:08:16.332,169.086,0.3249,0.3436,0.3342,0.3993,0.4733,DROWSY,0,0,Windows,unspecified
23:08:16.363,169.117,0.3267,0.3714,0.3491,0.4078,0.4733,DROWSY,0,0,Windows,unspecified
23:08:16.394,169.148,0.3375,0.3714,0.3544,0.3978,0.4733,DROWSY,0,0,Windows,unspecified
23:08:16.425,169.179,0.3611,0.3751,0.3681,0.4088,0.4733,DROWSY,0,0,Windows,unspecified
23:08:16.479,169.233,0.3611,0.3751,0.3681,0.4165,0.4733,DROWSY,0,0,Windows,unspecified
23:08:16.506,169.26,0.3611,0.3912,0.3762,0.4218,0.4733,DROWSY,0,0,Windows,unspecified
23:08:16.537,169.291,0.2596,0.2786,0.2691,0.4091,0.48,DROWSY,1,0,Windows,unspecified
23:08:16.567,169.321,0.2111,0.2602,0.2356,0.406,0.4867,DROWSY,2,0,Windows,unspecified
23:08:16.599,169.353,0.2041,0.2414,0.2228,0.4118,0.4933,DROWSY,3,0,Windows,unspecified
23:08:16.630,169.384,0.1388,0.165,0.1519,0.4013,0.5,DROWSY,4,0,Windows,unspecified
23:08:16.660,169.414,0.143,0.1405,0.1417,0.4056,0.5067,DROWSY,5,0,Windows,unspecified
23:08:16.692,169.446,0.1812,0.1899,0.1856,0.4052,0.5133,DROWSY,6,0,Windows,unspecified
23:08:16.723,169.477,0.2045,0.2086,0.2066,0.4135,0.52,DROWSY,7,0,Windows,unspecified
23:08:16.753,169.507,0.2794,0.2573,0.2684,0.4149,0.5267,DROWSY,8,0,Windows,unspecified
23:08:16.785,169.539,0.3059,0.2829,0.2944,0.4099,0.5333,DROWSY,9,0,Windows,unspecified
23:08:16.818,169.572,0.326,0.2858,0.3059,0.4182,0.5333,DROWSY,0,0,Windows,unspecified
23:08:16.878,169.632,0.3065,0.2955,0.301,0.4159,0.5333,DROWSY,0,0,Windows,unspecified
23:08:16.910,169.664,0.3043,0.301,0.3027,0.4153,0.5333,DROWSY,0,0,Windows,unspecified
23:08:16.942,169.696,0.3307,0.3162,0.3235,0.4189,0.5333,DROWSY,0,0,Windows,unspecified
23:08:16.971,169.725,0.333,0.3141,0.3236,0.4267,0.5333,DROWSY,0,0,Windows,unspecified
23:08:17.004,169.758,0.3414,0.3268,0.3341,0.424,0.5333,DROWSY,0,0,Windows,unspecified
23:08:17.035,169.789,0.333,0.3287,0.3308,0.4173,0.5333,DROWSY,0,0,Windows,unspecified
23:08:17.068,169.822,0.3255,0.311,0.3183,0.4279,0.5333,DROWSY,0,0,Windows,unspecified
23:08:17.100,169.854,0.3384,0.3136,0.326,0.4317,0.5333,DROWSY,0,0,Windows,unspecified
23:08:17.130,169.884,0.3514,0.3084,0.3299,0.4192,0.5333,DROWSY,0,0,Windows,unspecified
23:08:17.161,169.915,0.3606,0.3331,0.3469,0.4236,0.5333,DROWSY,0,0,Windows,unspecified
23:08:17.193,169.947,0.3509,0.3331,0.342,0.4269,0.5333,DROWSY,0,0,Windows,unspecified
23:08:17.224,169.978,0.3509,0.3456,0.3483,0.4192,0.5333,DROWSY,0,0,Windows,unspecified
23:08:17.276,170.03,0.3538,0.3387,0.3462,0.4165,0.5333,DROWSY,0,0,Windows,unspecified
23:08:17.304,170.058,0.3639,0.3491,0.3565,0.4213,0.5333,DROWSY,0,0,Windows,unspecified
23:08:17.338,170.092,0.3639,0.3272,0.3456,0.4241,0.5333,DROWSY,0,0,Windows,unspecified
23:08:17.364,170.118,0.3412,0.3366,0.3389,0.4314,0.5333,DROWSY,0,0,Windows,unspecified
23:08:17.397,170.151,0.3412,0.3366,0.3389,0.4314,0.5333,DROWSY,0,0,Windows,unspecified
23:08:17.426,170.18,0.3235,0.3063,0.3149,0.4314,0.5267,DROWSY,0,0,Windows,unspecified
23:08:17.460,170.214,0.3235,0.2819,0.3027,0.4314,0.52,DROWSY,0,0,Windows,unspecified
23:08:17.491,170.245,0.2807,0.2335,0.2571,0.4286,0.52,DROWSY,1,0,Windows,unspecified
23:08:17.523,170.277,0.2603,0.2146,0.2375,0.4283,0.52,DROWSY,2,0,Windows,unspecified
23:08:17.555,170.309,0.2151,0.1617,0.1884,0.4246,0.52,DROWSY,3,0,Windows,unspecified
23:08:17.584,170.338,0.1867,0.1377,0.1622,0.4246,0.52,DROWSY,4,0,Windows,unspecified
23:08:17.616,170.37,0.1618,0.1221,0.1419,0.4239,0.52,DROWSY,5,0,Windows,unspecified
23:08:17.679,170.433,0.1325,0.0784,0.1055,0.4196,0.52,DROWSY,6,0,Windows,unspecified
23:08:17.712,170.466,0.1409,0.0784,0.1097,0.4195,0.52,DROWSY,7,0,Windows,unspecified
23:08:17.744,170.498,0.157,0.0784,0.1177,0.4185,0.52,DROWSY,8,0,Windows,unspecified
23:08:17.775,170.529,0.157,0.0784,0.1177,0.4153,0.52,DROWSY,9,0,Windows,unspecified
23:08:17.806,170.56,0.157,0.0837,0.1204,0.4153,0.52,DROWSY,10,0,Windows,unspecified
23:08:17.836,170.59,0.171,0.1422,0.1566,0.41,0.52,DROWSY,11,0,Windows,unspecified
23:08:17.869,170.623,0.1845,0.1422,0.1634,0.4095,0.52,DROWSY,12,0,Windows,unspecified
23:08:17.899,170.653,0.2088,0.1811,0.1949,0.4113,0.52,DROWSY,13,0,Windows,unspecified
23:08:17.928,170.682,0.2329,0.1935,0.2132,0.4113,0.52,DROWSY,14,0,Windows,unspecified
23:08:17.959,170.713,0.2408,0.2193,0.23,0.408,0.52,DROWSY,15,0,Windows,unspecified
23:08:17.991,170.745,0.2529,0.2308,0.2419,0.4168,0.52,DROWSY,16,0,Windows,unspecified
23:08:18.023,170.777,0.2894,0.251,0.2702,0.4191,0.52,DROWSY,17,0,Windows,unspecified
23:08:18.079,170.833,0.3014,0.2708,0.2861,0.4102,0.52,DROWSY,18,0,Windows,unspecified
23:08:18.103,170.857,0.3069,0.2942,0.3005,0.408,0.52,DROWSY,19,0,Windows,unspecified
23:08:18.138,170.892,0.3053,0.3282,0.3168,0.3973,0.5133,DROWSY,0,0,Windows,unspecified
23:08:18.166,170.92,0.3187,0.3057,0.3122,0.4072,0.5067,DROWSY,0,0,Windows,unspecified
23:08:18.195,170.949,0.3187,0.3166,0.3176,0.4093,0.5,DROWSY,0,0,Windows,unspecified
23:08:18.228,170.982,0.3293,0.3282,0.3287,0.3996,0.4933,DROWSY,0,0,Windows,unspecified
23:08:18.260,171.014,0.3646,0.3369,0.3508,0.3918,0.4867,DROWSY,0,0,Windows,unspecified
23:08:18.291,171.045,0.3395,0.3132,0.3264,0.3997,0.48,DROWSY,0,0,Windows,unspecified
23:08:18.321,171.075,0.3377,0.3316,0.3347,0.3988,0.4733,DROWSY,0,0,Windows,unspecified
23:08:18.352,171.106,0.3309,0.3352,0.3331,0.3985,0.4667,DROWSY,0,0,Windows,unspecified
23:08:18.385,171.139,0.3293,0.3352,0.3322,0.3991,0.46,DROWSY,0,0,Windows,unspecified
23:08:18.416,171.17,0.3293,0.3352,0.3322,0.4062,0.46,DROWSY,0,0,Windows,unspecified
23:08:18.475,171.229,0.3537,0.3238,0.3387,0.4004,0.46,DROWSY,0,0,Windows,unspecified
23:08:18.509,171.263,0.3297,0.3238,0.3268,0.4049,0.46,DROWSY,0,0,Windows,unspecified
23:08:18.537,171.291,0.3423,0.3274,0.3349,0.3991,0.46,DROWSY,0,0,Windows,unspecified
23:08:18.572,171.326,0.3541,0.3246,0.3393,0.4051,0.46,DROWSY,0,0,Windows,unspecified
23:08:18.603,171.357,0.3541,0.3323,0.3432,0.4057,0.46,DROWSY,0,0,Windows,unspecified
23:08:18.634,171.388,0.3537,0.3323,0.343,0.4001,0.46,DROWSY,0,0,Windows,unspecified
23:08:18.665,171.419,0.3454,0.3323,0.3389,0.4001,0.46,DROWSY,0,0,Windows,unspecified
23:08:18.697,171.451,0.3458,0.3292,0.3375,0.4046,0.46,DROWSY,0,0,Windows,unspecified
23:08:18.730,171.484,0.3537,0.3244,0.339,0.4113,0.4533,DROWSY,0,0,Windows,unspecified
23:08:18.760,171.514,0.3436,0.3357,0.3396,0.4002,0.4467,DROWSY,0,0,Windows,unspecified
23:08:18.792,171.546,0.344,0.3408,0.3424,0.3937,0.44,DROWSY,0,0,Windows,unspecified
23:08:18.823,171.577,0.3335,0.3321,0.3328,0.3949,0.4333,DROWSY,0,0,Windows,unspecified
23:08:18.878,171.632,0.3216,0.3207,0.3211,0.3949,0.4267,DROWSY,0,0,Windows,unspecified
23:08:18.899,171.653,0.3216,0.3207,0.3211,0.3905,0.42,DROWSY,0,0,Windows,unspecified
23:08:18.941,171.695,0.3454,0.3324,0.3389,0.3915,0.4133,DROWSY,0,0,Windows,unspecified
23:08:18.980,171.734,0.3454,0.3437,0.3446,0.3993,0.4067,DROWSY,0,0,Windows,unspecified
23:08:19.012,171.766,0.3541,0.3357,0.3449,0.3973,0.4,DROWSY,0,0,Windows,unspecified
23:08:19.044,171.798,0.3537,0.3324,0.343,0.3972,0.3933,DROWSY,0,0,Windows,unspecified
23:08:19.077,171.831,0.3454,0.3437,0.3446,0.3928,0.3867,DROWSY,0,0,Windows,unspecified
23:08:19.105,171.859,0.3537,0.3408,0.3472,0.3972,0.38,DROWSY,0,0,Windows,unspecified
23:08:19.138,171.892,0.3459,0.355,0.3504,0.3972,0.3733,DROWSY,0,0,Windows,unspecified
23:08:19.169,171.923,0.3541,0.355,0.3545,0.4029,0.3667,DROWSY,0,0,Windows,unspecified
23:08:19.198,171.952,0.3577,0.3352,0.3465,0.4026,0.36,DROWSY,0,0,Windows,unspecified
23:08:19.229,171.983,0.3436,0.3408,0.3422,0.3981,0.3533,DROWSY,0,0,Windows,unspecified
23:08:19.278,172.032,0.3693,0.3289,0.3491,0.4002,0.3467,NORMAL,0,0,Windows,unspecified
23:08:19.308,172.062,0.3454,0.3466,0.346,0.3967,0.34,NORMAL,0,0,Windows,unspecified
23:08:19.338,172.092,0.3459,0.3463,0.3461,0.3967,0.3333,NORMAL,0,0,Windows,unspecified
23:08:19.370,172.124,0.3436,0.3466,0.3451,0.3931,0.3267,NORMAL,0,0,Windows,unspecified
23:08:19.402,172.156,0.3436,0.3466,0.3451,0.3918,0.32,NORMAL,0,0,Windows,unspecified
23:08:19.433,172.186,0.3436,0.3176,0.3306,0.3932,0.3133,NORMAL,0,0,Windows,unspecified
23:08:19.464,172.218,0.3454,0.3437,0.3446,0.3866,0.3067,NORMAL,0,0,Windows,unspecified
23:08:19.495,172.249,0.2268,0.2196,0.2232,0.3883,0.3067,NORMAL,1,0,Windows,unspecified
23:08:19.527,172.281,0.2135,0.2017,0.2076,0.3902,0.3067,NORMAL,2,0,Windows,unspecified
23:08:19.559,172.313,0.2019,0.1625,0.1822,0.3941,0.3133,NORMAL,3,0,Windows,unspecified
23:08:19.589,172.343,0.2009,0.1738,0.1874,0.3959,0.32,NORMAL,4,0,Windows,unspecified
23:08:19.621,172.375,0.2386,0.2096,0.2241,0.391,0.3267,NORMAL,5,0,Windows,unspecified
23:08:19.676,172.43,0.2574,0.2032,0.2303,0.3946,0.3267,NORMAL,6,0,Windows,unspecified
23:08:19.699,172.453,0.2763,0.2311,0.2537,0.3991,0.3267,NORMAL,7,0,Windows,unspecified
23:08:19.738,172.491,0.2927,0.2597,0.2762,0.3967,0.3333,NORMAL,8,0,Windows,unspecified
23:08:19.763,172.517,0.3053,0.2896,0.2975,0.3991,0.34,NORMAL,9,0,Windows,unspecified
23:08:19.792,172.546,0.3171,0.2829,0.3,0.3991,0.3467,WARNING,10,0,Windows,unspecified
23:08:19.824,172.578,0.322,0.3091,0.3155,0.3991,0.3467,NORMAL,0,0,Windows,unspecified
23:08:19.857,172.611,0.3335,0.3052,0.3193,0.3937,0.3467,NORMAL,0,0,Windows,unspecified
23:08:19.889,172.643,0.3454,0.3323,0.3389,0.3991,0.3467,NORMAL,0,0,Windows,unspecified
23:08:19.918,172.672,0.3558,0.3497,0.3528,0.4052,0.3467,NORMAL,0,0,Windows,unspecified
23:08:19.950,172.704,0.3677,0.3472,0.3574,0.4052,0.3467,NORMAL,0,0,Windows,unspecified
23:08:19.997,172.751,0.3673,0.3638,0.3656,0.396,0.3467,NORMAL,0,0,Windows,unspecified
23:08:20.028,172.782,0.3799,0.3671,0.3735,0.3995,0.3467,NORMAL,0,0,Windows,unspecified
23:08:20.079,172.833,0.3799,0.3724,0.3761,0.4077,0.3467,NORMAL,0,0,Windows,unspecified
23:08:20.108,172.861,0.3913,0.3779,0.3846,0.4066,0.34,NORMAL,0,0,Windows,unspecified
23:08:20.136,172.89,0.3941,0.3748,0.3845,0.4094,0.3333,NORMAL,0,0,Windows,unspecified
23:08:20.168,172.922,0.4035,0.3724,0.388,0.4004,0.3267,NORMAL,0,0,Windows,unspecified
23:08:20.200,172.954,0.4035,0.3724,0.388,0.4038,0.32,NORMAL,0,0,Windows,unspecified
23:08:20.231,172.985,0.4005,0.3755,0.388,0.402,0.3133,NORMAL,0,0,Windows,unspecified
23:08:20.263,173.017,0.38,0.3779,0.379,0.3974,0.3067,NORMAL,0,0,Windows,unspecified
23:08:20.294,173.048,0.415,0.3835,0.3992,0.4061,0.3,NORMAL,0,0,Windows,unspecified
23:08:20.326,173.08,0.4053,0.3835,0.3944,0.4093,0.2933,NORMAL,0,0,Windows,unspecified
23:08:20.358,173.112,0.4176,0.388,0.4028,0.4112,0.2867,NORMAL,0,0,Windows,unspecified
23:08:20.388,173.142,0.4053,0.3945,0.3999,0.4101,0.28,NORMAL,0,0,Windows,unspecified
23:08:20.420,173.174,0.431,0.4186,0.4248,0.4142,0.2733,NORMAL,0,0,Windows,unspecified
23:08:20.478,173.232,0.4194,0.4115,0.4155,0.4037,0.2667,NORMAL,0,0,Windows,unspecified
23:08:20.513,173.267,0.4191,0.3937,0.4064,0.4118,0.26,NORMAL,0,0,Windows,unspecified
23:08:20.543,173.297,0.431,0.3979,0.4145,0.4016,0.26,NORMAL,0,0,Windows,unspecified
23:08:20.575,173.329,0.4169,0.3959,0.4064,0.4039,0.2533,NORMAL,0,0,Windows,unspecified
23:08:20.608,173.362,0.4288,0.3952,0.412,0.4058,0.2533,NORMAL,0,0,Windows,unspecified
23:08:20.638,173.392,0.4172,0.3878,0.4025,0.4094,0.2533,NORMAL,0,0,Windows,unspecified
23:08:20.670,173.424,0.4077,0.3942,0.401,0.4015,0.2533,NORMAL,0,0,Windows,unspecified
23:08:20.698,173.452,0.41,0.3852,0.3976,0.4091,0.2533,NORMAL,0,0,Windows,unspecified
23:08:20.732,173.486,0.4104,0.3739,0.3921,0.4021,0.2533,NORMAL,0,0,Windows,unspecified
23:08:20.762,173.516,0.4119,0.4024,0.4071,0.4017,0.2533,NORMAL,0,0,Windows,unspecified
23:08:20.793,173.547,0.4008,0.3915,0.3961,0.4029,0.2533,NORMAL,0,0,Windows,unspecified
23:08:20.825,173.579,0.4037,0.389,0.3963,0.3919,0.2533,NORMAL,0,0,Windows,unspecified
23:08:20.875,173.628,0.3957,0.3955,0.3956,0.3951,0.2533,NORMAL,0,0,Windows,unspecified
23:08:20.905,173.659,0.4057,0.4046,0.4051,0.3951,0.2533,NORMAL,0,0,Windows,unspecified
23:08:20.937,173.691,0.3983,0.4014,0.3998,0.4006,0.2533,NORMAL,0,0,Windows,unspecified
23:08:20.965,173.719,0.3943,0.3905,0.3924,0.3974,0.2533,NORMAL,0,0,Windows,unspecified
23:08:20.996,173.75,0.3855,0.3905,0.388,0.3974,0.2533,NORMAL,0,0,Windows,unspecified
23:08:21.029,173.783,0.3953,0.402,0.3987,0.4007,0.2533,NORMAL,0,0,Windows,unspecified
23:08:21.058,173.812,0.3953,0.4138,0.4046,0.3941,0.2533,NORMAL,0,0,Windows,unspecified
23:08:21.090,173.844,0.4171,0.4152,0.4162,0.4005,0.2533,NORMAL,0,0,Windows,unspecified
23:08:21.121,173.875,0.4037,0.3957,0.3997,0.3963,0.2533,NORMAL,0,0,Windows,unspecified
23:08:21.153,173.907,0.4262,0.3971,0.4117,0.398,0.2533,NORMAL,0,0,Windows,unspecified
23:08:21.183,173.937,0.4023,0.411,0.4067,0.3941,0.2533,NORMAL,0,0,Windows,unspecified
23:08:21.215,173.969,0.3944,0.4,0.3972,0.3928,0.2533,NORMAL,0,0,Windows,unspecified
23:08:21.277,174.031,0.4138,0.4006,0.4072,0.4041,0.2533,NORMAL,0,0,Windows,unspecified
23:08:21.308,174.062,0.4034,0.389,0.3962,0.4014,0.2533,NORMAL,0,0,Windows,unspecified
23:08:21.341,174.095,0.4148,0.4009,0.4078,0.4082,0.2533,NORMAL,0,0,Windows,unspecified
23:08:21.372,174.126,0.4138,0.4009,0.4073,0.3989,0.2533,NORMAL,0,0,Windows,unspecified
23:08:21.402,174.156,0.4138,0.3807,0.3972,0.4056,0.2533,NORMAL,0,0,Windows,unspecified
23:08:21.434,174.188,0.3577,0.3459,0.3518,0.4091,0.2533,NORMAL,0,0,Windows,unspecified
23:08:21.465,174.219,0.3348,0.3339,0.3344,0.4,0.2533,NORMAL,0,0,Windows,unspecified
23:08:21.495,174.249,0.3118,0.3008,0.3063,0.4003,0.2533,NORMAL,0,0,Windows,unspecified
23:08:21.525,174.279,0.3022,0.2982,0.3002,0.3987,0.2533,NORMAL,1,0,Windows,unspecified
23:08:21.559,174.313,0.2946,0.2982,0.2964,0.4002,0.2533,NORMAL,2,0,Windows,unspecified
23:08:21.590,174.343,0.3068,0.2904,0.2986,0.4028,0.2533,NORMAL,3,0,Windows,unspecified
23:08:21.620,174.374,0.3068,0.2982,0.3025,0.4036,0.2467,NORMAL,0,0,Windows,unspecified
23:08:21.674,174.428,0.3263,0.2982,0.3122,0.402,0.24,NORMAL,0,0,Windows,unspecified
23:08:21.699,174.453,0.3187,0.2982,0.3084,0.3973,0.2333,NORMAL,0,0,Windows,unspecified
23:08:21.739,174.493,0.3196,0.3021,0.3108,0.3971,0.2267,NORMAL,0,0,Windows,unspecified
23:08:21.763,174.517,0.3268,0.313,0.3199,0.4018,0.22,NORMAL,0,0,Windows,unspecified
23:08:21.793,174.547,0.3192,0.3201,0.3196,0.3977,0.2133,NORMAL,0,0,Windows,unspecified
23:08:21.825,174.579,0.3191,0.313,0.3161,0.3981,0.2133,NORMAL,0,0,Windows,unspecified
23:08:21.855,174.609,0.3304,0.3051,0.3178,0.4062,0.2133,NORMAL,0,0,Windows,unspecified
23:08:21.887,174.641,0.335,0.3267,0.3308,0.3993,0.2133,NORMAL,0,0,Windows,unspecified
23:08:21.919,174.673,0.3418,0.324,0.3329,0.3975,0.2133,NORMAL,0,0,Windows,unspecified
23:08:21.950,174.704,0.334,0.313,0.3235,0.4047,0.2133,NORMAL,0,0,Windows,unspecified
23:08:21.979,174.733,0.334,0.335,0.3345,0.4075,0.2133,NORMAL,0,0,Windows,unspecified
23:08:22.014,174.768,0.3896,0.3569,0.3733,0.4075,0.2133,NORMAL,0,0,Windows,unspecified
23:08:22.079,174.833,0.4117,0.3899,0.4008,0.4075,0.2133,NORMAL,0,0,Windows,unspecified
23:08:22.106,174.86,0.3882,0.3781,0.3831,0.4049,0.2133,NORMAL,0,0,Windows,unspecified
23:08:22.137,174.891,0.4047,0.389,0.3969,0.411,0.2133,NORMAL,0,0,Windows,unspecified
23:08:22.169,174.923,0.4047,0.4009,0.4028,0.411,0.2133,NORMAL,0,0,Windows,unspecified
23:08:22.200,174.954,0.4034,0.4009,0.4021,0.411,0.2133,NORMAL,0,0,Windows,unspecified
23:08:22.231,174.985,0.4034,0.4,0.4017,0.4089,0.2133,NORMAL,0,0,Windows,unspecified
23:08:22.261,175.015,0.4034,0.4,0.4017,0.4047,0.2133,NORMAL,0,0,Windows,unspecified
23:08:22.294,175.048,0.4047,0.408,0.4064,0.4047,0.2133,NORMAL,0,0,Windows,unspecified
23:08:22.324,175.078,0.4047,0.4015,0.4031,0.4012,0.2133,NORMAL,0,0,Windows,unspecified
23:08:22.355,175.109,0.4047,0.4015,0.4031,0.4003,0.2133,NORMAL,0,0,Windows,unspecified
23:08:22.387,175.141,0.4162,0.4,0.4081,0.4032,0.2133,NORMAL,0,0,Windows,unspecified
23:08:22.419,175.173,0.4277,0.4,0.4138,0.3994,0.2133,NORMAL,0,0,Windows,unspecified
23:08:22.479,175.233,0.425,0.408,0.4165,0.4028,0.2133,NORMAL,0,0,Windows,unspecified
23:08:22.514,175.268,0.4138,0.432,0.4229,0.3966,0.2067,NORMAL,0,0,Windows,unspecified
23:08:22.542,175.295,0.4262,0.4015,0.4139,0.3982,0.2,NORMAL,0,0,Windows,unspecified
23:08:22.573,175.327,0.4361,0.4,0.418,0.4027,0.1933,NORMAL,0,0,Windows,unspecified
23:08:22.605,175.359,0.4138,0.411,0.4124,0.4027,0.1867,NORMAL,0,0,Windows,unspecified
23:08:22.635,175.389,0.4023,0.411,0.4067,0.3983,0.18,NORMAL,0,0,Windows,unspecified
23:08:22.668,175.422,0.4023,0.411,0.4067,0.3949,0.1733,NORMAL,0,0,Windows,unspecified
23:08:22.700,175.454,0.4132,0.4,0.4066,0.3966,0.1667,NORMAL,0,0,Windows,unspecified
23:08:22.729,175.483,0.4249,0.4,0.4125,0.3966,0.16,NORMAL,0,0,Windows,unspecified
23:08:22.763,175.517,0.2862,0.2918,0.289,0.3936,0.16,NORMAL,1,0,Windows,unspecified
23:08:22.795,175.549,0.2674,0.2757,0.2716,0.3951,0.16,NORMAL,2,0,Windows,unspecified
23:08:22.825,175.579,0.1055,0.0999,0.1027,0.3973,0.16,NORMAL,3,0,Windows,unspecified
23:08:22.878,175.632,0.1216,0.1219,0.1218,0.4032,0.16,NORMAL,4,0,Windows,unspecified
23:08:22.903,175.657,0.1445,0.1333,0.1389,0.391,0.16,NORMAL,5,0,Windows,unspecified
23:08:22.944,175.698,0.1597,0.1896,0.1746,0.4063,0.16,NORMAL,6,0,Windows,unspecified
23:08:22.966,175.72,0.1793,0.2195,0.1994,0.3944,0.16,NORMAL,7,0,Windows,unspecified
23:08:22.998,175.752,0.1957,0.2175,0.2066,0.3962,0.16,NORMAL,8,0,Windows,unspecified
23:08:23.029,175.783,0.2554,0.2483,0.2518,0.3975,0.16,NORMAL,9,0,Windows,unspecified
23:08:23.059,175.813,0.2847,0.2597,0.2722,0.3922,0.16,WARNING,10,0,Windows,unspecified
23:08:23.094,175.848,0.3073,0.3056,0.3064,0.4029,0.1533,NORMAL,0,0,Windows,unspecified
23:08:23.122,175.876,0.3308,0.317,0.3239,0.4013,0.1533,NORMAL,0,0,Windows,unspecified
23:08:23.155,175.909,0.3543,0.3301,0.3422,0.4047,0.1533,NORMAL,0,0,Windows,unspecified
23:08:23.185,175.939,0.3531,0.345,0.349,0.4059,0.1533,NORMAL,0,0,Windows,unspecified
23:08:23.217,175.971,0.3648,0.3444,0.3546,0.3928,0.1533,NORMAL,0,0,Windows,unspecified
23:08:23.276,176.03,0.3648,0.3537,0.3593,0.4007,0.1533,NORMAL,0,0,Windows,unspecified
23:08:23.310,176.064,0.3791,0.3476,0.3634,0.3975,0.1533,NORMAL,0,0,Windows,unspecified
23:08:23.342,176.096,0.3776,0.3586,0.3681,0.3997,0.1533,NORMAL,0,0,Windows,unspecified
23:08:23.374,176.128,0.3633,0.3656,0.3645,0.4016,0.1533,NORMAL,0,0,Windows,unspecified
23:08:23.404,176.158,0.3882,0.3592,0.3737,0.4004,0.1533,NORMAL,0,0,Windows,unspecified
23:08:23.436,176.19,0.3882,0.3674,0.3778,0.4115,0.1533,NORMAL,0,0,Windows,unspecified
23:08:23.467,176.221,0.3648,0.3555,0.3601,0.4044,0.1533,NORMAL,0,0,Windows,unspecified
23:08:23.496,176.25,0.3882,0.3592,0.3737,0.4121,0.1533,NORMAL,0,0,Windows,unspecified
23:08:23.530,176.284,0.3794,0.3586,0.369,0.4014,0.1533,NORMAL,0,0,Windows,unspecified
23:08:23.563,176.316,0.3802,0.3478,0.364,0.405,0.1533,NORMAL,0,0,Windows,unspecified
23:08:23.594,176.348,0.3794,0.365,0.3722,0.4087,0.1533,NORMAL,0,0,Windows,unspecified
23:08:23.625,176.379,0.3882,0.3586,0.3734,0.4044,0.1533,NORMAL,0,0,Windows,unspecified
23:08:23.674,176.428,0.3882,0.3586,0.3734,0.4044,0.1533,NORMAL,0,0,Windows,unspecified
23:08:23.702,176.456,0.3805,0.3586,0.3696,0.4014,0.1533,NORMAL,0,0,Windows,unspecified
23:08:23.738,176.492,0.3805,0.3586,0.3696,0.396,0.1533,NORMAL,0,0,Windows,unspecified
23:08:23.765,176.519,0.3805,0.3586,0.3696,0.4011,0.1533,NORMAL,0,0,Windows,unspecified
23:08:23.794,176.548,0.3802,0.3586,0.3694,0.4041,0.1533,NORMAL,0,0,Windows,unspecified
23:08:23.825,176.579,0.3805,0.3586,0.3696,0.4041,0.1533,NORMAL,0,0,Windows,unspecified
23:08:23.857,176.611,0.3805,0.3586,0.3696,0.4041,0.1533,NORMAL,0,0,Windows,unspecified
23:08:23.890,176.644,0.3805,0.3586,0.3696,0.4041,0.1533,NORMAL,0,0,Windows,unspecified
23:08:23.921,176.675,0.3805,0.3586,0.3696,0.4041,0.1533,NORMAL,0,0,Windows,unspecified
23:08:23.951,176.705,0.3805,0.3586,0.3696,0.3999,0.1533,NORMAL,0,0,Windows,unspecified
23:08:23.983,176.737,0.3805,0.3586,0.3696,0.4014,0.1533,NORMAL,0,0,Windows,unspecified
23:08:24.015,176.769,0.3577,0.3695,0.3636,0.4057,0.1533,NORMAL,0,0,Windows,unspecified
23:08:24.079,176.833,0.3882,0.3586,0.3734,0.399,0.1533,NORMAL,0,0,Windows,unspecified
23:08:24.109,176.863,0.3882,0.3696,0.3789,0.4014,0.1533,NORMAL,0,0,Windows,unspecified
23:08:24.137,176.891,0.3882,0.3478,0.368,0.3998,0.1533,NORMAL,0,0,Windows,unspecified
23:08:24.171,176.925,0.3648,0.3478,0.3563,0.4048,0.1533,NORMAL,0,0,Windows,unspecified
23:08:24.202,176.956,0.3633,0.3586,0.361,0.4073,0.1533,NORMAL,0,0,Windows,unspecified
23:08:24.232,176.986,0.3882,0.3478,0.368,0.4072,0.1533,NORMAL,0,0,Windows,unspecified
23:08:24.265,177.019,0.3648,0.3586,0.3617,0.4056,0.1533,NORMAL,0,0,Windows,unspecified
23:08:24.296,177.05,0.3882,0.3569,0.3726,0.4039,0.1533,NORMAL,0,0,Windows,unspecified
23:08:24.326,177.08,0.3882,0.3459,0.3671,0.3977,0.1533,NORMAL,0,0,Windows,unspecified
23:08:24.359,177.112,0.3648,0.3459,0.3554,0.4019,0.1533,NORMAL,0,0,Windows,unspecified
23:08:24.390,177.144,0.3648,0.3561,0.3605,0.3986,0.1533,NORMAL,0,0,Windows,unspecified
23:08:24.436,177.19,0.3882,0.3679,0.3781,0.4081,0.1533,NORMAL,0,0,Windows,unspecified
23:08:24.479,177.233,0.3882,0.3569,0.3726,0.4056,0.1533,NORMAL,0,0,Windows,unspecified
23:08:24.514,177.268,0.368,0.3569,0.3624,0.3999,0.1467,NORMAL,0,0,Windows,unspecified
23:08:24.544,177.298,0.3573,0.3578,0.3576,0.4014,0.14,NORMAL,0,0,Windows,unspecified
23:08:24.576,177.33,0.368,0.3469,0.3574,0.4032,0.1333,NORMAL,0,0,Windows,unspecified
23:08:24.608,177.362,0.3882,0.3586,0.3734,0.3999,0.1267,NORMAL,0,0,Windows,unspecified
23:08:24.638,177.392,0.3648,0.3478,0.3563,0.4048,0.12,NORMAL,0,0,Windows,unspecified
23:08:24.670,177.424,0.3648,0.3469,0.3558,0.4032,0.1133,NORMAL,0,0,Windows,unspecified
23:08:24.700,177.454,0.3648,0.3478,0.3563,0.4,0.1067,NORMAL,0,0,Windows,unspecified
23:08:24.732,177.486,0.3633,0.347,0.3551,0.4066,0.1,NORMAL,0,0,Windows,unspecified
23:08:24.763,177.517,0.3648,0.3476,0.3562,0.4044,0.0933,NORMAL,0,0,Windows,unspecified
23:08:24.794,177.548,0.3648,0.3478,0.3563,0.405,0.0867,NORMAL,0,0,Windows,unspecified
23:08:24.828,177.582,0.3648,0.3478,0.3563,0.4017,0.0867,NORMAL,0,0,Windows,unspecified
23:08:24.879,177.633,0.3765,0.3476,0.3621,0.3959,0.0867,NORMAL,0,0,Windows,unspecified
23:08:24.905,177.659,0.3633,0.3478,0.3555,0.3979,0.0867,NORMAL,0,0,Windows,unspecified
23:08:24.937,177.691,0.3399,0.3368,0.3384,0.3938,0.0867,NORMAL,0,0,Windows,unspecified
23:08:24.970,177.724,0.3414,0.3259,0.3336,0.3906,0.0867,NORMAL,0,0,Windows,unspecified
23:08:25.001,177.755,0.3648,0.3265,0.3456,0.4021,0.0867,NORMAL,0,0,Windows,unspecified
23:08:25.034,177.788,0.2786,0.2594,0.269,0.3949,0.0933,NORMAL,1,0,Windows,unspecified
23:08:25.065,177.819,0.2602,0.2252,0.2427,0.3917,0.1,NORMAL,2,0,Windows,unspecified
23:08:25.097,177.851,0.2116,0.1693,0.1904,0.3991,0.1067,NORMAL,3,0,Windows,unspecified
23:08:25.128,177.882,0.2023,0.1442,0.1733,0.4007,0.1133,NORMAL,4,0,Windows,unspecified
23:08:25.159,177.913,0.1462,0.0976,0.1219,0.4017,0.12,NORMAL,5,0,Windows,unspecified
23:08:25.191,177.945,0.1462,0.0907,0.1184,0.404,0.1267,NORMAL,6,0,Windows,unspecified
23:08:25.221,177.975,0.1105,0.0796,0.0951,0.3991,0.1333,NORMAL,7,0,Windows,unspecified
23:08:25.278,178.032,0.0841,0.0691,0.0766,0.389,0.14,NORMAL,8,0,Windows,unspecified
23:08:25.316,178.07,0.0841,0.0587,0.0714,0.3864,0.1467,NORMAL,9,0,Windows,unspecified
23:08:25.346,178.1,0.0506,0.0557,0.0532,0.3917,0.1533,WARNING,10,0,Windows,unspecified
23:08:25.377,178.131,0.0591,0.0736,0.0663,0.3934,0.16,WARNING,11,0,Windows,unspecified
23:08:25.408,178.162,0.0591,0.0756,0.0673,0.3975,0.1667,WARNING,12,0,Windows,unspecified
23:08:25.439,178.193,0.0578,0.0651,0.0615,0.3933,0.1733,WARNING,13,0,Windows,unspecified
23:08:25.471,178.224,0.0681,0.0736,0.0708,0.4002,0.18,WARNING,14,0,Windows,unspecified
23:08:25.502,178.256,0.0596,0.048,0.0538,0.3987,0.1867,WARNING,15,0,Windows,unspecified
23:08:25.537,178.291,0.0698,0.0569,0.0634,0.4002,0.1933,WARNING,16,0,Windows,unspecified
23:08:25.566,178.319,0.0377,0.06,0.0488,0.4002,0.2,WARNING,17,0,Windows,unspecified
23:08:25.600,178.354,0.0583,0.0371,0.0477,0.3937,0.2067,WARNING,18,0,Windows,unspecified
23:08:25.629,178.383,0.0476,0.0379,0.0428,0.3994,0.2133,WARNING,19,0,Windows,unspecified
23:08:25.674,178.428,0.0376,0.0405,0.0391,0.3952,0.22,DROWSY,20,0,Windows,unspecified
23:08:25.708,178.462,0.0476,0.0363,0.0419,0.4026,0.2267,DROWSY,21,0,Windows,unspecified
23:08:25.738,178.492,0.0986,0.093,0.0958,0.3995,0.2333,DROWSY,22,0,Windows,unspecified
23:08:25.770,178.524,0.1043,0.0898,0.097,0.4004,0.24,DROWSY,23,0,Windows,unspecified
23:08:25.802,178.555,0.1311,0.1154,0.1232,0.3974,0.2467,DROWSY,24,0,Windows,unspecified
23:08:25.832,178.586,0.2462,0.2277,0.237,0.3926,0.2533,DROWSY,25,0,Windows,unspecified
23:08:25.865,178.619,0.2883,0.2735,0.2809,0.3942,0.26,DROWSY,26,0,Windows,unspecified
23:08:25.901,178.655,0.3496,0.3362,0.3429,0.3979,0.26,NORMAL,0,0,Windows,unspecified
23:08:25.929,178.683,0.3628,0.3417,0.3522,0.4004,0.26,NORMAL,0,0,Windows,unspecified
23:08:25.959,178.713,0.4077,0.3866,0.3971,0.4004,0.26,NORMAL,0,0,Windows,unspecified
23:08:25.990,178.744,0.4168,0.3951,0.406,0.3974,0.26,NORMAL,0,0,Windows,unspecified
23:08:26.022,178.776,0.4305,0.4278,0.4291,0.3974,0.26,NORMAL,0,0,Windows,unspecified
23:08:26.080,178.833,0.4525,0.4399,0.4462,0.397,0.26,NORMAL,0,0,Windows,unspecified
23:08:26.115,178.869,0.4737,0.4417,0.4577,0.3926,0.26,NORMAL,0,0,Windows,unspecified
23:08:26.146,178.9,0.4746,0.463,0.4688,0.3926,0.26,NORMAL,0,0,Windows,unspecified
23:08:26.179,178.933,0.4856,0.4532,0.4694,0.3926,0.26,NORMAL,0,0,Windows,unspecified
23:08:26.210,178.964,0.4856,0.4532,0.4694,0.3964,0.26,NORMAL,0,0,Windows,unspecified
23:08:26.239,178.993,0.4856,0.4636,0.4746,0.3964,0.26,NORMAL,0,0,Windows,unspecified
23:08:26.272,179.026,0.4754,0.4636,0.4695,0.4051,0.26,NORMAL,0,0,Windows,unspecified
23:08:26.304,179.058,0.4752,0.4515,0.4633,0.3905,0.26,NORMAL,0,0,Windows,unspecified
23:08:26.334,179.088,0.4749,0.4515,0.4632,0.3964,0.26,NORMAL,0,0,Windows,unspecified
23:08:26.368,179.122,0.4772,0.4438,0.4605,0.3964,0.26,NORMAL,0,0,Windows,unspecified
23:08:26.398,179.152,0.4664,0.4438,0.4551,0.3983,0.26,NORMAL,0,0,Windows,unspecified
23:08:26.429,179.183,0.4664,0.4336,0.45,0.3964,0.26,NORMAL,0,0,Windows,unspecified
23:08:26.479,179.233,0.4558,0.441,0.4484,0.3964,0.26,NORMAL,0,0,Windows,unspecified
23:08:26.507,179.261,0.4558,0.441,0.4484,0.3979,0.26,NORMAL,0,0,Windows,unspecified
23:08:26.539,179.293,0.4233,0.4312,0.4273,0.401,0.2533,NORMAL,0,0,Windows,unspecified
23:08:26.568,179.322,0.4252,0.4104,0.4178,0.401,0.2467,NORMAL,0,0,Windows,unspecified
23:08:26.600,179.354,0.4125,0.4104,0.4114,0.401,0.24,NORMAL,0,0,Windows,unspecified
23:08:26.634,179.388,0.3324,0.3425,0.3375,0.4017,0.24,NORMAL,0,0,Windows,unspecified
23:08:26.665,179.419,0.3305,0.3301,0.3303,0.4017,0.24,NORMAL,0,0,Windows,unspecified
23:08:26.695,179.449,0.3305,0.3392,0.3348,0.401,0.24,NORMAL,0,0,Windows,unspecified
23:08:26.742,179.496,0.3301,0.3392,0.3346,0.4053,0.24,NORMAL,0,0,Windows,unspecified
23:08:26.773,179.527,0.3528,0.361,0.3569,0.3973,0.24,NORMAL,0,0,Windows,unspecified
23:08:26.805,179.559,0.3528,0.361,0.3569,0.3952,0.24,NORMAL,0,0,Windows,unspecified
23:08:26.836,179.59,0.3401,0.3392,0.3397,0.3985,0.24,NORMAL,0,0,Windows,unspecified
23:08:26.876,179.63,0.3532,0.3378,0.3455,0.4026,0.24,NORMAL,0,0,Windows,unspecified
23:08:26.902,179.656,0.3304,0.3287,0.3296,0.4016,0.24,NORMAL,0,0,Windows,unspecified
23:08:26.938,179.692,0.338,0.3227,0.3303,0.3979,0.24,NORMAL,0,0,Windows,unspecified
23:08:26.963,179.717,0.3152,0.3306,0.3229,0.3999,0.24,NORMAL,0,0,Windows,unspecified
23:08:26.995,179.749,0.3395,0.3306,0.3351,0.4026,0.24,NORMAL,0,0,Windows,unspecified
23:08:27.026,179.779,0.3356,0.3379,0.3368,0.3993,0.24,NORMAL,0,0,Windows,unspecified
23:08:27.057,179.811,0.3045,0.3166,0.3106,0.4052,0.24,NORMAL,0,0,Windows,unspecified
23:08:27.089,179.843,0.2955,0.3199,0.3077,0.415,0.24,NORMAL,0,0,Windows,unspecified
23:08:27.119,179.873,0.2843,0.2964,0.2903,0.4074,0.2467,NORMAL,1,0,Windows,unspecified
23:08:27.151,179.905,0.2339,0.2942,0.2641,0.4324,0.2533,NORMAL,2,0,Windows,unspecified
23:08:27.182,179.936,0.2288,0.2794,0.2541,0.4165,0.26,NORMAL,3,0,Windows,unspecified
23:08:27.213,179.967,0.2469,0.2672,0.2571,0.4137,0.2667,NORMAL,4,0,Windows,unspecified
23:08:27.275,180.029,0.2668,0.2615,0.2641,0.4337,0.2733,NORMAL,5,0,Windows,unspecified
23:08:27.307,180.061,0.2609,0.2596,0.2602,0.4111,0.28,NORMAL,6,0,Windows,unspecified
23:08:27.337,180.091,0.2411,0.274,0.2575,0.4267,0.2867,NORMAL,7,0,Windows,unspecified
23:08:27.370,180.124,0.2355,0.274,0.2548,0.4194,0.2933,NORMAL,8,0,Windows,unspecified
23:08:27.401,180.155,0.2485,0.274,0.2613,0.4083,0.3,NORMAL,9,0,Windows,unspecified
23:08:27.432,180.186,0.2859,0.3018,0.2939,0.4156,0.3067,WARNING,10,0,Windows,unspecified
23:08:27.463,180.217,0.3,0.29,0.295,0.4173,0.3133,WARNING,11,0,Windows,unspecified
23:08:27.495,180.249,0.313,0.3118,0.3124,0.4227,0.3133,NORMAL,0,0,Windows,unspecified
23:08:27.524,180.278,0.308,0.2992,0.3036,0.4227,0.3133,NORMAL,0,0,Windows,unspecified
23:08:27.556,180.31,0.2819,0.2999,0.2909,0.4246,0.32,NORMAL,1,0,Windows,unspecified
23:08:27.589,180.343,0.2828,0.2752,0.279,0.4214,0.3267,NORMAL,2,0,Windows,unspecified
23:08:27.621,180.375,0.3,0.3135,0.3068,0.4136,0.3267,NORMAL,0,0,Windows,unspecified
23:08:27.675,180.429,0.3261,0.3406,0.3334,0.4162,0.3267,NORMAL,0,0,Windows,unspecified
23:08:27.698,180.452,0.3522,0.3331,0.3427,0.4224,0.3267,NORMAL,0,0,Windows,unspecified
23:08:27.739,180.493,0.3353,0.346,0.3407,0.4346,0.3267,NORMAL,0,0,Windows,unspecified
23:08:27.760,180.514,0.3493,0.323,0.3362,0.442,0.32,NORMAL,0,0,Windows,unspecified
23:08:27.794,180.548,0.3482,0.323,0.3356,0.442,0.3133,NORMAL,0,0,Windows,unspecified
23:08:27.823,180.577,0.3359,0.3088,0.3223,0.4673,0.3067,NORMAL,0,0,Windows,unspecified
23:08:27.855,180.609,0.3261,0.3471,0.3366,0.4733,0.3,NORMAL,0,0,Windows,unspecified
23:08:27.884,180.638,0.3254,0.3274,0.3264,0.4917,0.2933,NORMAL,0,0,Windows,unspecified
23:08:27.917,180.671,0.3468,0.3343,0.3406,0.511,0.2867,NORMAL,0,0,Windows,unspecified
23:08:27.946,180.7,0.3509,0.3357,0.3433,0.5175,0.28,NORMAL,0,0,Windows,unspecified
23:08:27.978,180.732,0.3621,0.3598,0.3609,0.5173,0.2733,NORMAL,0,0,Windows,unspecified
23:08:28.015,180.769,0.3621,0.3708,0.3664,0.5115,0.2667,NORMAL,0,0,Windows,unspecified
23:08:28.079,180.833,0.3704,0.3353,0.3529,0.5149,0.26,NORMAL,0,0,Windows,unspecified
23:08:28.102,180.856,0.3704,0.3451,0.3577,0.5138,0.26,NORMAL,0,0,Windows,unspecified
23:08:28.151,180.905,0.3704,0.3489,0.3597,0.5288,0.26,NORMAL,0,0,Windows,unspecified
23:08:28.183,180.937,0.3573,0.3363,0.3468,0.5274,0.26,NORMAL,0,0,Windows,unspecified
23:08:28.215,180.969,0.3436,0.3363,0.3399,0.5274,0.26,NORMAL,0,0,Windows,unspecified
23:08:28.245,180.999,0.3573,0.358,0.3576,0.5468,0.26,NORMAL,0,0,Windows,unspecified
23:08:28.277,181.031,0.3573,0.3586,0.358,0.5468,0.26,NORMAL,0,0,Windows,unspecified
23:08:28.308,181.062,0.3709,0.3481,0.3595,0.5522,0.26,NORMAL,0,0,Windows,unspecified
23:08:28.339,181.092,0.3468,0.3519,0.3494,0.5534,0.26,NORMAL,0,0,Windows,unspecified
23:08:28.369,181.123,0.3545,0.3457,0.3501,0.555,0.26,NORMAL,0,0,Windows,unspecified
23:08:28.400,181.154,0.3562,0.3481,0.3522,0.5736,0.26,NORMAL,0,0,Windows,unspecified
23:08:28.433,181.187,0.3468,0.3481,0.3475,0.5677,0.26,NORMAL,0,0,Windows,unspecified
23:08:28.478,181.232,0.359,0.3522,0.3556,0.5657,0.26,NORMAL,0,0,Windows,unspecified
23:08:28.510,181.264,0.3468,0.3371,0.342,0.5629,0.26,NORMAL,0,0,Windows,unspecified
23:08:28.537,181.291,0.3384,0.3371,0.3378,0.56,0.26,NORMAL,0,0,Windows,unspecified
23:08:28.572,181.326,0.3468,0.3371,0.342,0.5595,0.26,NORMAL,0,0,Windows,unspecified
23:08:28.604,181.358,0.3468,0.3371,0.342,0.5595,0.26,NORMAL,0,0,Windows,unspecified
23:08:28.633,181.387,0.3249,0.3246,0.3248,0.5582,0.26,NORMAL,0,0,Windows,unspecified
23:08:28.665,181.419,0.3261,0.3119,0.319,0.5557,0.26,NORMAL,0,0,Windows,unspecified
23:08:28.695,181.449,0.3,0.2867,0.2934,0.5575,0.2667,NORMAL,1,0,Windows,unspecified
23:08:28.728,181.482,0.3,0.2795,0.2898,0.5521,0.2733,NORMAL,2,0,Windows,unspecified
23:08:28.760,181.514,0.267,0.2795,0.2733,0.553,0.28,NORMAL,3,0,Windows,unspecified
23:08:28.791,181.545,0.2925,0.255,0.2737,0.565,0.2867,NORMAL,4,0,Windows,unspecified
23:08:28.821,181.575,0.274,0.255,0.2645,0.5533,0.2933,NORMAL,5,0,Windows,unspecified
23:08:28.876,181.63,0.3,0.255,0.2775,0.5418,0.3,NORMAL,6,0,Windows,unspecified
23:08:28.902,181.656,0.274,0.2741,0.274,0.5391,0.3067,NORMAL,7,0,Windows,unspecified
23:08:28.939,181.693,0.274,0.2795,0.2767,0.5503,0.3133,NORMAL,8,0,Windows,unspecified
23:08:28.964,181.718,0.2946,0.2615,0.2781,0.5571,0.32,NORMAL,9,0,Windows,unspecified
23:08:28.994,181.748,0.2946,0.2615,0.2781,0.5506,0.3267,WARNING,10,0,Windows,unspecified
23:08:29.027,181.781,0.2742,0.255,0.2646,0.5566,0.3333,WARNING,11,0,Windows,unspecified
23:08:29.058,181.812,0.2876,0.2795,0.2836,0.5624,0.34,WARNING,12,0,Windows,unspecified
23:08:29.086,181.84,0.3001,0.2822,0.2911,0.5526,0.3467,WARNING,13,0,Windows,unspecified
23:08:29.116,181.87,0.2989,0.2672,0.2831,0.5504,0.3533,DROWSY,14,0,Windows,unspecified
23:08:29.150,181.904,0.3006,0.2794,0.29,0.5481,0.36,DROWSY,15,0,Windows,unspecified
23:08:29.180,181.933,0.3119,0.2795,0.2957,0.5377,0.3667,DROWSY,16,0,Windows,unspecified
23:08:29.215,181.969,0.2882,0.2726,0.2804,0.539,0.3733,DROWSY,17,0,Windows,unspecified
23:08:29.274,182.028,0.3012,0.2726,0.2869,0.535,0.38,DROWSY,18,0,Windows,unspecified
23:08:29.307,182.061,0.313,0.2607,0.2869,0.5265,0.3867,DROWSY,19,0,Windows,unspecified
23:08:29.337,182.091,0.2875,0.2487,0.2681,0.5285,0.3933,DROWSY,20,0,Windows,unspecified
23:08:29.371,182.125,0.2925,0.2795,0.286,0.5401,0.4,DROWSY,21,0,Windows,unspecified
23:08:29.399,182.153,0.2914,0.2823,0.2869,0.5441,0.4067,DROWSY,22,0,Windows,unspecified
23:08:29.432,182.186,0.2931,0.2727,0.2829,0.526,0.4133,DROWSY,23,0,Windows,unspecified
23:08:29.465,182.219,0.3046,0.2727,0.2886,0.5165,0.42,DROWSY,24,0,Windows,unspecified
23:08:29.496,182.25,0.2931,0.2517,0.2724,0.4839,0.4267,DROWSY,25,0,Windows,unspecified
23:08:29.527,182.28,0.2676,0.2469,0.2573,0.4584,0.4333,DROWSY,26,0,Windows,unspecified
23:08:29.558,182.312,0.2676,0.2727,0.2702,0.4318,0.44,DROWSY,27,0,Windows,unspecified
23:08:29.588,182.342,0.267,0.2487,0.2579,0.4146,0.4467,DROWSY,28,0,Windows,unspecified
23:08:29.620,182.374,0.2806,0.255,0.2678,0.3954,0.4533,DROWSY,29,0,Windows,unspecified
23:08:29.678,182.432,0.2736,0.2487,0.2612,0.3875,0.46,DROWSY,30,0,Windows,unspecified
23:08:29.714,182.468,0.2811,0.2469,0.264,0.3802,0.4667,DROWSY,31,0,Windows,unspecified
23:08:29.743,182.497,0.2743,0.27,0.2721,0.3869,0.4733,DROWSY,32,0,Windows,unspecified
23:08:29.777,182.531,0.2811,0.2795,0.2803,0.3826,0.48,DROWSY,33,0,Windows,unspecified
23:08:29.807,182.561,0.2811,0.2655,0.2733,0.3794,0.4867,DROWSY,34,0,Windows,unspecified
23:08:29.839,182.593,0.2806,0.2607,0.2706,0.3837,0.4933,DROWSY,35,0,Windows,unspecified
23:08:29.871,182.624,0.2684,0.2703,0.2693,0.391,0.5,DROWSY,36,0,Windows,unspecified
23:08:29.899,182.653,0.269,0.2549,0.262,0.3839,0.5067,DROWSY,37,0,Windows,unspecified
23:08:29.934,182.688,0.2684,0.253,0.2607,0.3839,0.5133,DROWSY,38,0,Windows,unspecified
23:08:29.964,182.718,0.2684,0.271,0.2697,0.3816,0.52,DROWSY,39,0,Windows,unspecified
23:08:29.995,182.749,0.2684,0.2588,0.2636,0.3889,0.5267,DROWSY,40,0,Windows,unspecified
23:08:30.027,182.781,0.2684,0.2487,0.2585,0.3904,0.5267,DROWSY,41,0,Windows,unspecified
23:08:30.079,182.833,0.2684,0.2487,0.2585,0.3903,0.5267,DROWSY,42,0,Windows,unspecified
23:08:30.104,182.858,0.2684,0.2487,0.2585,0.3909,0.5267,DROWSY,43,0,Windows,unspecified
23:08:30.139,182.893,0.2806,0.2487,0.2646,0.39,0.5267,DROWSY,44,0,Windows,unspecified
23:08:30.165,182.919,0.2684,0.2671,0.2678,0.3925,0.5267,DROWSY,45,0,Windows,unspecified
23:08:30.196,182.95,0.2684,0.255,0.2617,0.3925,0.5267,DROWSY,46,0,Windows,unspecified
23:08:30.228,182.982,0.2767,0.27,0.2734,0.398,0.5267,DROWSY,47,0,Windows,unspecified
23:08:30.261,183.014,0.2697,0.27,0.2698,0.398,0.5267,DROWSY,48,0,Windows,unspecified
23:08:30.290,183.044,0.2944,0.2819,0.2882,0.3962,0.5267,DROWSY,49,0,Windows,unspecified
23:08:30.321,183.075,0.3063,0.2819,0.2941,0.3962,0.5267,DROWSY,50,0,Windows,unspecified
23:08:30.357,183.111,0.3443,0.3402,0.3423,0.3947,0.52,DROWSY,0,0,Windows,unspecified
23:08:30.385,183.139,0.3683,0.3402,0.3543,0.3979,0.5133,DROWSY,0,0,Windows,unspecified
23:08:30.414,183.168,0.3936,0.3671,0.3804,0.3947,0.5067,DROWSY,0,0,Windows,unspecified
23:08:30.479,183.233,0.3833,0.3582,0.3708,0.3947,0.5,DROWSY,0,0,Windows,unspecified
23:08:30.511,183.265,0.4067,0.3822,0.3944,0.393,0.4933,DROWSY,0,0,Windows,unspecified
23:08:30.538,183.292,0.4098,0.3822,0.396,0.3987,0.4867,DROWSY,0,0,Windows,unspecified
23:08:30.573,183.326,0.421,0.4053,0.4132,0.3962,0.48,DROWSY,0,0,Windows,unspecified
23:08:30.602,183.356,0.4106,0.3958,0.4032,0.393,0.4733,DROWSY,0,0,Windows,unspecified
23:08:30.634,183.388,0.3997,0.3712,0.3854,0.3942,0.4667,DROWSY,0,0,Windows,unspecified
23:08:30.666,183.42,0.4095,0.3848,0.3971,0.3951,0.46,DROWSY,0,0,Windows,unspecified
23:08:30.696,183.45,0.4071,0.3966,0.4018,0.3972,0.4533,DROWSY,0,0,Windows,unspecified
23:08:30.729,183.483,0.3974,0.3966,0.397,0.3955,0.4467,DROWSY,0,0,Windows,unspecified
23:08:30.760,183.514,0.4214,0.4192,0.4203,0.393,0.44,DROWSY,0,0,Windows,unspecified
23:08:30.793,183.547,0.4451,0.4192,0.4322,0.3929,0.4333,DROWSY,0,0,Windows,unspecified
23:08:30.823,183.577,0.4222,0.4192,0.4207,0.3906,0.4267,DROWSY,0,0,Windows,unspecified
23:08:30.879,183.633,0.4222,0.3958,0.409,0.4009,0.42,DROWSY,0,0,Windows,unspecified
23:08:30.916,183.67,0.4222,0.4082,0.4152,0.3997,0.42,DROWSY,0,0,Windows,unspecified
23:08:30.949,183.703,0.4222,0.4082,0.4152,0.4008,0.42,DROWSY,0,0,Windows,unspecified
23:08:30.980,183.734,0.4222,0.42,0.4211,0.3982,0.42,DROWSY,0,0,Windows,unspecified
23:08:31.010,183.763,0.4222,0.3958,0.409,0.4008,0.42,DROWSY,0,0,Windows,unspecified
23:08:31.042,183.796,0.4203,0.42,0.4202,0.4009,0.42,DROWSY,0,0,Windows,unspecified
23:08:31.074,183.828,0.4193,0.4173,0.4183,0.3982,0.42,DROWSY,0,0,Windows,unspecified
23:08:31.121,183.875,0.4211,0.4092,0.4151,0.3945,0.42,DROWSY,0,0,Windows,unspecified
23:08:31.152,183.906,0.4297,0.4074,0.4186,0.3929,0.42,DROWSY,0,0,Windows,unspecified
23:08:31.198,183.952,0.4071,0.4074,0.4073,0.4011,0.42,DROWSY,0,0,Windows,unspecified
23:08:31.232,183.986,0.4297,0.3983,0.414,0.3953,0.42,DROWSY,0,0,Windows,unspecified
23:08:31.260,184.014,0.4194,0.3867,0.403,0.4026,0.42,DROWSY,0,0,Windows,unspecified
23:08:31.294,184.048,0.3974,0.3867,0.392,0.4052,0.42,DROWSY,0,0,Windows,unspecified
23:08:31.325,184.079,0.3954,0.3867,0.391,0.4012,0.42,DROWSY,0,0,Windows,unspecified
23:08:31.355,184.109,0.3954,0.3867,0.391,0.3961,0.42,DROWSY,0,0,Windows,unspecified
23:08:31.386,184.14,0.3954,0.3752,0.3853,0.3961,0.42,DROWSY,0,0,Windows,unspecified
23:08:31.418,184.172,0.3954,0.3751,0.3852,0.4,0.42,DROWSY,0,0,Windows,unspecified
23:08:31.450,184.203,0.3954,0.3724,0.3839,0.4,0.42,DROWSY,0,0,Windows,unspecified
23:08:31.481,184.235,0.3954,0.3724,0.3839,0.3955,0.42,DROWSY,0,0,Windows,unspecified
23:08:31.513,184.267,0.3974,0.3724,0.3849,0.3973,0.42,DROWSY,0,0,Windows,unspecified
23:08:31.543,184.297,0.4071,0.3724,0.3897,0.3973,0.42,DROWSY,0,0,Windows,unspecified
23:08:31.574,184.328,0.3948,0.3606,0.3777,0.3978,0.42,DROWSY,0,0,Windows,unspecified
23:08:31.607,184.36,0.3825,0.3606,0.3716,0.4,0.42,DROWSY,0,0,Windows,unspecified
23:08:31.640,184.394,0.3579,0.3497,0.3538,0.3965,0.42,DROWSY,0,0,Windows,unspecified
23:08:31.678,184.432,0.3559,0.3476,0.3517,0.3979,0.42,DROWSY,0,0,Windows,unspecified
23:08:31.702,184.456,0.3469,0.3334,0.3402,0.393,0.42,DROWSY,0,0,Windows,unspecified
23:08:31.759,184.513,0.3556,0.3193,0.3374,0.3965,0.42,DROWSY,0,0,Windows,unspecified
23:08:31.795,184.548,0.3556,0.3222,0.3389,0.3965,0.42,DROWSY,0,0,Windows,unspecified
23:08:31.825,184.579,0.3542,0.3222,0.3382,0.3965,0.42,DROWSY,0,0,Windows,unspecified
23:08:31.858,184.612,0.3416,0.3222,0.3319,0.4008,0.42,DROWSY,0,0,Windows,unspecified
23:08:31.904,184.658,0.3291,0.3179,0.3235,0.4054,0.42,DROWSY,0,0,Windows,unspecified
23:08:31.937,184.691,0.3245,0.2935,0.309,0.402,0.42,DROWSY,0,0,Windows,unspecified
23:08:31.967,184.721,0.313,0.2815,0.2972,0.3995,0.4267,DROWSY,1,0,Windows,unspecified
23:08:31.999,184.753,0.3001,0.2669,0.2835,0.4012,0.4333,DROWSY,2,0,Windows,unspecified
23:08:32.029,184.783,0.3001,0.2692,0.2846,0.4063,0.44,DROWSY,3,0,Windows,unspecified
23:08:32.064,184.818,0.3012,0.2692,0.2852,0.3973,0.4467,DROWSY,4,0,Windows,unspecified
23:08:32.093,184.847,0.2969,0.2787,0.2878,0.4054,0.4533,DROWSY,5,0,Windows,unspecified
23:08:32.124,184.878,0.3178,0.2839,0.3009,0.3991,0.46,DROWSY,6,0,Windows,unspecified
23:08:32.158,184.912,0.3194,0.3058,0.3126,0.393,0.4533,DROWSY,0,0,Windows,unspecified
23:08:32.186,184.94,0.3178,0.2984,0.3081,0.3901,0.4467,DROWSY,0,0,Windows,unspecified
23:08:32.217,184.971,0.3178,0.3033,0.3105,0.3947,0.44,DROWSY,0,0,Windows,unspecified
23:08:32.249,185.003,0.313,0.3156,0.3143,0.3964,0.4333,DROWSY,0,0,Windows,unspecified
23:08:32.281,185.035,0.3178,0.3058,0.3118,0.3919,0.4267,DROWSY,0,0,Windows,unspecified
23:08:32.310,185.064,0.3194,0.3181,0.3188,0.3855,0.42,DROWSY,0,0,Windows,unspecified
23:08:32.342,185.096,0.3111,0.3107,0.3109,0.3901,0.4133,DROWSY,0,0,Windows,unspecified
23:08:32.373,185.127,0.3193,0.3156,0.3174,0.3878,0.4067,DROWSY,0,0,Windows,unspecified
23:08:32.405,185.159,0.3331,0.3179,0.3255,0.4007,0.4,DROWSY,0,0,Windows,unspecified
23:08:32.437,185.191,0.3194,0.3184,0.3189,0.3872,0.3933,DROWSY,0,0,Windows,unspecified
23:08:32.477,185.231,0.313,0.3262,0.3196,0.3821,0.3867,DROWSY,0,0,Windows,unspecified
23:08:32.514,185.268,0.2958,0.3058,0.3008,0.3826,0.3933,DROWSY,1,0,Windows,unspecified
23:08:32.554,185.308,0.3067,0.3136,0.3102,0.3837,0.3933,DROWSY,0,0,Windows,unspecified
23:08:32.590,185.344,0.3029,0.3088,0.3059,0.3903,0.3867,DROWSY,0,0,Windows,unspecified
23:08:32.623,185.377,0.3272,0.294,0.3106,0.3859,0.38,DROWSY,0,0,Windows,unspecified
23:08:32.654,185.408,0.224,0.2169,0.2205,0.3907,0.3867,DROWSY,1,0,Windows,unspecified
23:08:32.682,185.436,0.1851,0.1915,0.1883,0.3944,0.3933,DROWSY,2,0,Windows,unspecified
23:08:32.718,185.472,0.0933,0.0911,0.0922,0.3973,0.4,DROWSY,3,0,Windows,unspecified
23:08:32.744,185.498,0.079,0.0638,0.0714,0.3955,0.4067,DROWSY,4,0,Windows,unspecified
23:08:32.781,185.535,0.0456,0.0294,0.0375,0.3991,0.4133,DROWSY,5,0,Windows,unspecified
23:08:32.811,185.565,0.0529,0.0294,0.0411,0.3909,0.42,DROWSY,6,0,Windows,unspecified
23:08:32.845,185.599,0.2115,0.1812,0.1964,0.4027,0.4267,DROWSY,7,0,Windows,unspecified
23:08:32.876,185.63,0.2968,0.2644,0.2806,0.406,0.4333,DROWSY,8,0,Windows,unspecified
23:08:32.907,185.661,0.2968,0.2923,0.2946,0.3991,0.44,DROWSY,9,0,Windows,unspecified
23:08:32.953,185.707,0.3187,0.2888,0.3037,0.3959,0.44,DROWSY,0,0,Windows,unspecified
23:08:32.986,185.74,0.3187,0.2941,0.3064,0.3996,0.44,DROWSY,0,0,Windows,unspecified
23:08:33.016,185.77,0.3187,0.2941,0.3064,0.3962,0.44,DROWSY,0,0,Windows,unspecified
23:08:33.050,185.804,0.3333,0.2941,0.3137,0.3953,0.44,DROWSY,0,0,Windows,unspecified
23:08:33.079,185.833,0.3254,0.3071,0.3162,0.3991,0.44,DROWSY,0,0,Windows,unspecified
23:08:33.111,185.865,0.3102,0.2867,0.2984,0.4124,0.4467,DROWSY,1,0,Windows,unspecified
23:08:33.141,185.895,0.3261,0.3071,0.3166,0.4038,0.4467,DROWSY,0,0,Windows,unspecified
23:08:33.172,185.926,0.3238,0.3002,0.312,0.4045,0.4467,DROWSY,0,0,Windows,unspecified
23:08:33.203,185.957,0.3488,0.3054,0.3271,0.4038,0.4467,DROWSY,0,0,Windows,unspecified
23:08:33.235,185.989,0.3333,0.3002,0.3168,0.4146,0.4467,DROWSY,0,0,Windows,unspecified
23:08:33.280,186.034,0.3473,0.2981,0.3227,0.4208,0.4467,DROWSY,0,0,Windows,unspecified
23:08:33.312,186.066,0.3195,0.2984,0.309,0.4121,0.4467,DROWSY,0,0,Windows,unspecified
23:08:33.353,186.107,0.3214,0.2981,0.3098,0.4125,0.4467,DROWSY,0,0,Windows,unspecified
23:08:33.375,186.129,0.334,0.3054,0.3197,0.413,0.4467,DROWSY,0,0,Windows,unspecified
23:08:33.408,186.162,0.3202,0.2923,0.3063,0.4148,0.4467,DROWSY,0,0,Windows,unspecified
23:08:33.441,186.195,0.3214,0.2903,0.3058,0.4145,0.4467,DROWSY,0,0,Windows,unspecified
23:08:33.473,186.227,0.334,0.3119,0.3229,0.4097,0.4467,DROWSY,0,0,Windows,unspecified
23:08:33.505,186.259,0.325,0.2984,0.3117,0.4087,0.4467,DROWSY,0,0,Windows,unspecified
23:08:33.534,186.288,0.2981,0.2984,0.2983,0.4156,0.4533,DROWSY,1,0,Windows,unspecified
23:08:33.567,186.321,0.3119,0.3119,0.3119,0.4123,0.4533,DROWSY,0,0,Windows,unspecified
23:08:33.599,186.353,0.3119,0.3119,0.3119,0.4069,0.4533,DROWSY,0,0,Windows,unspecified
23:08:33.629,186.383,0.3119,0.3137,0.3128,0.4085,0.4533,DROWSY,0,0,Windows,unspecified
23:08:33.676,186.429,0.3224,0.2984,0.3104,0.4187,0.4533,DROWSY,0,0,Windows,unspecified
23:08:33.705,186.459,0.3119,0.2906,0.3012,0.4126,0.4467,DROWSY,0,0,Windows,unspecified
23:08:33.755,186.509,0.3224,0.2984,0.3104,0.4124,0.44,DROWSY,0,0,Windows,unspecified
23:08:33.782,186.536,0.3205,0.2906,0.3055,0.4069,0.4333,DROWSY,0,0,Windows,unspecified
23:08:33.812,186.566,0.3205,0.2906,0.3055,0.4074,0.4267,DROWSY,0,0,Windows,unspecified
23:08:33.844,186.598,0.3244,0.3037,0.314,0.4074,0.42,DROWSY,0,0,Windows,unspecified
23:08:33.875,186.629,0.334,0.3037,0.3188,0.4134,0.4133,DROWSY,0,0,Windows,unspecified
23:08:33.907,186.66,0.3345,0.3164,0.3255,0.4203,0.4067,DROWSY,0,0,Windows,unspecified
23:08:33.936,186.69,0.3344,0.3299,0.3321,0.417,0.4,DROWSY,0,0,Windows,unspecified
23:08:33.969,186.723,0.3499,0.3295,0.3397,0.4143,0.3933,DROWSY,0,0,Windows,unspecified
23:08:34.001,186.755,0.3499,0.3099,0.3299,0.4131,0.3867,DROWSY,0,0,Windows,unspecified
23:08:34.029,186.783,0.3384,0.3295,0.334,0.4048,0.38,DROWSY,0,0,Windows,unspecified
23:08:34.080,186.834,0.3519,0.3312,0.3415,0.4131,0.3733,DROWSY,0,0,Windows,unspecified
23:08:34.110,186.864,0.3295,0.3099,0.3197,0.4123,0.3667,DROWSY,0,0,Windows,unspecified
23:08:34.153,186.907,0.3669,0.3099,0.3384,0.4029,0.36,DROWSY,0,0,Windows,unspecified
23:08:34.190,186.944,0.3401,0.3226,0.3313,0.3975,0.3533,DROWSY,0,0,Windows,unspecified
23:08:34.217,186.971,0.3312,0.3145,0.3229,0.4018,0.3467,NORMAL,0,0,Windows,unspecified
23:08:34.253,187.007,0.3551,0.3147,0.3349,0.4036,0.34,NORMAL,0,0,Windows,unspecified
23:08:34.280,187.034,0.3426,0.323,0.3328,0.4043,0.3333,NORMAL,0,0,Windows,unspecified
23:08:34.316,187.07,0.3301,0.3226,0.3263,0.4103,0.3267,NORMAL,0,0,Windows,unspecified
23:08:34.345,187.099,0.3432,0.3134,0.3283,0.4172,0.32,NORMAL,0,0,Windows,unspecified
23:08:34.377,187.131,0.3401,0.3227,0.3314,0.4066,0.3133,NORMAL,0,0,Windows,unspecified
23:08:34.407,187.16,0.3401,0.3099,0.325,0.4067,0.3067,NORMAL,0,0,Windows,unspecified
23:08:34.439,187.193,0.329,0.3242,0.3266,0.4066,0.3,NORMAL,0,0,Windows,unspecified
23:08:34.475,187.229,0.3551,0.3273,0.3412,0.4012,0.2933,NORMAL,0,0,Windows,unspecified
23:08:34.503,187.257,0.3227,0.3161,0.3194,0.4032,0.2867,NORMAL,0,0,Windows,unspecified
23:08:34.534,187.288,0.3227,0.3147,0.3187,0.3943,0.28,NORMAL,0,0,Windows,unspecified
23:08:34.564,187.318,0.3475,0.3265,0.337,0.3917,0.2733,NORMAL,0,0,Windows,unspecified
23:08:34.596,187.35,0.3475,0.3353,0.3414,0.3966,0.2667,NORMAL,0,0,Windows,unspecified
23:08:34.629,187.383,0.3729,0.3389,0.3559,0.3933,0.26,NORMAL,0,0,Windows,unspecified
23:08:34.660,187.414,0.3489,0.3307,0.3398,0.3935,0.2533,NORMAL,0,0,Windows,unspecified
23:08:34.691,187.445,0.3707,0.3467,0.3587,0.3917,0.2467,NORMAL,0,0,Windows,unspecified
23:08:34.723,187.477,0.3637,0.3548,0.3593,0.3906,0.24,NORMAL,0,0,Windows,unspecified
23:08:34.754,187.508,0.3395,0.3084,0.3239,0.3898,0.2333,NORMAL,0,0,Windows,unspecified
23:08:34.784,187.538,0.3236,0.3161,0.3199,0.406,0.2267,NORMAL,0,0,Windows,unspecified
23:08:34.816,187.57,0.1074,0.0753,0.0914,0.3936,0.2267,NORMAL,1,0,Windows,unspecified
23:08:34.880,187.634,0.1793,0.1448,0.1621,0.403,0.2267,NORMAL,2,0,Windows,unspecified
23:08:34.910,187.664,0.1964,0.1604,0.1784,0.3982,0.2267,NORMAL,3,0,Windows,unspecified
23:08:34.941,187.695,0.1961,0.1604,0.1783,0.3982,0.2267,NORMAL,4,0,Windows,unspecified
23:08:34.970,187.724,0.2446,0.2206,0.2326,0.3981,0.2267,NORMAL,5,0,Windows,unspecified
23:08:35.004,187.758,0.2697,0.2572,0.2634,0.4001,0.2267,NORMAL,6,0,Windows,unspecified
23:08:35.033,187.787,0.3119,0.2824,0.2972,0.4008,0.2267,NORMAL,7,0,Windows,unspecified
23:08:35.065,187.819,0.3149,0.2944,0.3047,0.3893,0.22,NORMAL,0,0,Windows,unspecified
23:08:35.096,187.85,0.33,0.3006,0.3153,0.4008,0.2133,NORMAL,0,0,Windows,unspecified
23:08:35.128,187.882,0.3518,0.3124,0.3321,0.4035,0.2067,NORMAL,0,0,Windows,unspecified
23:08:35.162,187.916,0.3553,0.3154,0.3354,0.4022,0.2,NORMAL,0,0,Windows,unspecified
23:08:35.191,187.945,0.342,0.3148,0.3284,0.4058,0.1933,NORMAL,0,0,Windows,unspecified
23:08:35.221,187.975,0.3532,0.3352,0.3442,0.4067,0.1867,NORMAL,0,0,Windows,unspecified
23:08:35.273,188.027,0.3662,0.3389,0.3526,0.4074,0.18,NORMAL,0,0,Windows,unspecified
23:08:35.300,188.054,0.3783,0.3504,0.3643,0.4131,0.1733,NORMAL,0,0,Windows,unspecified
23:08:35.333,188.087,0.3783,0.3425,0.3604,0.4084,0.1667,NORMAL,0,0,Windows,unspecified
23:08:35.362,188.116,0.3652,0.3378,0.3515,0.405,0.1667,NORMAL,0,0,Windows,unspecified
23:08:35.392,188.146,0.3865,0.3619,0.3742,0.4086,0.1667,NORMAL,0,0,Windows,unspecified
23:08:35.425,188.179,0.377,0.3619,0.3695,0.4038,0.1667,NORMAL,0,0,Windows,unspecified
23:08:35.455,188.209,0.3773,0.3619,0.3696,0.4117,0.1667,NORMAL,0,0,Windows,unspecified
23:08:35.485,188.239,0.364,0.3511,0.3575,0.4144,0.1667,NORMAL,0,0,Windows,unspecified
23:08:35.516,188.27,0.3784,0.3504,0.3644,0.4173,0.1667,NORMAL,0,0,Windows,unspecified
23:08:35.551,188.305,0.3773,0.3493,0.3633,0.4109,0.1667,NORMAL,0,0,Windows,unspecified
23:08:35.577,188.331,0.3653,0.3504,0.3578,0.3983,0.1667,NORMAL,0,0,Windows,unspecified
23:08:35.615,188.369,0.3662,0.3504,0.3583,0.4066,0.1667,NORMAL,0,0,Windows,unspecified
23:08:35.675,188.429,0.3704,0.3608,0.3656,0.403,0.1667,NORMAL,0,0,Windows,unspecified
23:08:35.705,188.459,0.3704,0.3619,0.3662,0.3987,0.1667,NORMAL,0,0,Windows,unspecified
23:08:35.736,188.49,0.3681,0.3627,0.3654,0.3959,0.1667,NORMAL,0,0,Windows,unspecified
23:08:35.768,188.522,0.3652,0.3597,0.3624,0.3942,0.1667,NORMAL,0,0,Windows,unspecified
23:08:35.799,188.553,0.3587,0.3473,0.353,0.3905,0.1667,NORMAL,0,0,Windows,unspecified
23:08:35.830,188.584,0.3794,0.3567,0.368,0.386,0.1667,NORMAL,0,0,Windows,unspecified
23:08:35.860,188.614,0.3814,0.3449,0.3631,0.3954,0.1667,NORMAL,0,0,Windows,unspecified
23:08:35.893,188.647,0.3783,0.3575,0.3679,0.3903,0.1667,NORMAL,0,0,Windows,unspecified
23:08:35.923,188.677,0.3541,0.3652,0.3596,0.3957,0.1667,NORMAL,0,0,Windows,unspecified
23:08:35.955,188.709,0.3531,0.3578,0.3554,0.388,0.1667,NORMAL,0,0,Windows,unspecified
23:08:35.986,188.74,0.3661,0.3587,0.3624,0.3827,0.1667,NORMAL,0,0,Windows,unspecified
23:08:36.019,188.773,0.3649,0.3352,0.3501,0.3923,0.1667,NORMAL,0,0,Windows,unspecified
23:08:36.074,188.828,0.3528,0.342,0.3474,0.3853,0.1667,NORMAL,0,0,Windows,unspecified
23:08:36.096,188.85,0.3492,0.3313,0.3402,0.3855,0.1667,NORMAL,0,0,Windows,unspecified
23:08:36.127,188.881,0.3492,0.3193,0.3342,0.3897,0.1667,NORMAL,0,0,Windows,unspecified
23:08:36.159,188.913,0.3487,0.3193,0.334,0.3897,0.1667,NORMAL,0,0,Windows,unspecified
23:08:36.190,188.944,0.3367,0.3165,0.3266,0.3899,0.1667,NORMAL,0,0,Windows,unspecified
23:08:36.218,188.972,0.2612,0.25,0.2556,0.3792,0.1733,NORMAL,1,0,Windows,unspecified
23:08:36.254,189.008,0.2433,0.2324,0.2378,0.3771,0.18,NORMAL,2,0,Windows,unspecified
23:08:36.281,189.035,0.1581,0.1308,0.1445,0.3879,0.1867,NORMAL,3,0,Windows,unspecified
23:08:36.314,189.068,0.135,0.1082,0.1216,0.3884,0.1933,NORMAL,4,0,Windows,unspecified
23:08:36.349,189.103,0.1083,0.1071,0.1077,0.4013,0.2,NORMAL,5,0,Windows,unspecified
23:08:36.374,189.128,0.1086,0.1083,0.1084,0.4024,0.2067,NORMAL,6,0,Windows,unspecified
23:08:36.413,189.167,0.1205,0.1509,0.1357,0.4028,0.2133,NORMAL,7,0,Windows,unspecified
23:08:36.473,189.227,0.1675,0.2139,0.1907,0.4007,0.22,NORMAL,8,0,Windows,unspecified
23:08:36.504,189.258,0.2031,0.2367,0.2199,0.4027,0.2267,NORMAL,9,0,Windows,unspecified
23:08:36.536,189.29,0.21,0.2365,0.2232,0.406,0.2333,WARNING,10,0,Windows,unspecified
23:08:36.566,189.32,0.2285,0.2606,0.2446,0.3964,0.24,WARNING,11,0,Windows,unspecified
23:08:36.599,189.353,0.2385,0.2659,0.2522,0.3987,0.2467,WARNING,12,0,Windows,unspecified
23:08:36.630,189.384,0.2743,0.2827,0.2785,0.3964,0.2533,WARNING,13,0,Windows,unspecified
23:08:36.663,189.417,0.2859,0.283,0.2845,0.3924,0.26,WARNING,14,0,Windows,unspecified
23:08:36.694,189.448,0.2871,0.2964,0.2918,0.393,0.2667,WARNING,15,0,Windows,unspecified
23:08:36.725,189.479,0.2978,0.3084,0.3031,0.4004,0.2667,NORMAL,0,0,Windows,unspecified
23:08:36.757,189.511,0.2266,0.2345,0.2306,0.3985,0.2733,NORMAL,1,0,Windows,unspecified
23:08:36.804,189.558,0.1751,0.1843,0.1797,0.3966,0.28,NORMAL,2,0,Windows,unspecified
23:08:36.834,189.588,0.1173,0.1162,0.1168,0.3928,0.2867,NORMAL,3,0,Windows,unspecified
23:08:36.875,189.628,0.0847,0.0814,0.083,0.4006,0.2933,NORMAL,4,0,Windows,unspecified
23:08:36.910,189.664,0.0733,0.0615,0.0674,0.4013,0.3,NORMAL,5,0,Windows,unspecified
23:08:36.943,189.697,0.0623,0.0595,0.0609,0.397,0.3,NORMAL,6,0,Windows,unspecified
23:08:36.971,189.725,0.1686,0.1966,0.1826,0.4008,0.3,NORMAL,7,0,Windows,unspecified
23:08:37.004,189.758,0.1991,0.2215,0.2103,0.3973,0.3,NORMAL,8,0,Windows,unspecified
23:08:37.034,189.788,0.2382,0.2509,0.2446,0.3979,0.3,NORMAL,9,0,Windows,unspecified
23:08:37.065,189.819,0.2576,0.2701,0.2639,0.401,0.3,WARNING,10,0,Windows,unspecified
23:08:37.096,189.85,0.2592,0.3017,0.2805,0.4047,0.3,WARNING,11,0,Windows,unspecified
23:08:37.128,189.881,0.2989,0.3087,0.3038,0.4033,0.3,NORMAL,0,0,Windows,unspecified
23:08:37.159,189.913,0.0717,0.1162,0.0939,0.4111,0.3067,NORMAL,1,0,Windows,unspecified
23:08:37.189,189.943,0.0227,0.0682,0.0454,0.4047,0.3133,NORMAL,2,0,Windows,unspecified
23:08:37.222,189.976,0.0116,0.0341,0.0228,0.4189,0.32,NORMAL,3,0,Windows,unspecified
23:08:37.273,190.027,0.0238,0.0233,0.0235,0.417,0.3267,NORMAL,4,0,Windows,unspecified
23:08:37.299,190.052,0.0232,0.0227,0.023,0.422,0.3333,NORMAL,5,0,Windows,unspecified
23:08:37.330,190.084,0.028,0.0281,0.028,0.4167,0.34,NORMAL,6,0,Windows,unspecified
23:08:37.361,190.115,0.0287,0.0274,0.0281,0.4295,0.3467,NORMAL,7,0,Windows,unspecified
23:08:37.393,190.147,0.0336,0.0114,0.0225,0.4185,0.3533,DROWSY,8,0,Windows,unspecified
23:08:37.425,190.179,0.0344,0.0388,0.0366,0.425,0.36,DROWSY,9,0,Windows,unspecified
23:08:37.455,190.209,0.0445,0.0493,0.0469,0.4225,0.3667,DROWSY,10,0,Windows,unspecified
23:08:37.487,190.241,0.1225,0.091,0.1068,0.4227,0.3667,DROWSY,11,0,Windows,unspecified
23:08:37.518,190.272,0.1332,0.079,0.1061,0.427,0.3733,DROWSY,12,0,Windows,unspecified
23:08:37.549,190.303,0.2022,0.1905,0.1964,0.4197,0.38,DROWSY,13,0,Windows,unspecified
23:08:37.580,190.334,0.2069,0.2038,0.2054,0.42,0.3867,DROWSY,14,0,Windows,unspecified
23:08:37.614,190.368,0.2332,0.2232,0.2282,0.4207,0.3867,DROWSY,15,0,Windows,unspecified
23:08:37.675,190.429,0.2144,0.1961,0.2052,0.4253,0.3867,DROWSY,16,0,Windows,unspecified
23:08:37.706,190.46,0.2098,0.199,0.2044,0.4214,0.3867,DROWSY,17,0,Windows,unspecified
23:08:37.735,190.489,0.2098,0.199,0.2044,0.4273,0.3867,DROWSY,18,0,Windows,unspecified
23:08:37.769,190.523,0.2013,0.1804,0.1909,0.4231,0.3867,DROWSY,19,0,Windows,unspecified
23:08:37.798,190.552,0.2013,0.1854,0.1934,0.4196,0.3867,DROWSY,20,0,Windows,unspecified
23:08:37.830,190.584,0.2069,0.2043,0.2056,0.4196,0.3867,DROWSY,21,0,Windows,unspecified
23:08:37.862,190.616,0.2332,0.1911,0.2121,0.419,0.3867,DROWSY,22,0,Windows,unspecified
23:08:37.894,190.648,0.2069,0.1636,0.1852,0.4248,0.3867,DROWSY,23,0,Windows,unspecified
23:08:37.924,190.678,0.2115,0.159,0.1853,0.4329,0.3933,DROWSY,24,0,Windows,unspecified
23:08:37.954,190.708,0.2127,0.1461,0.1794,0.4496,0.4,DROWSY,25,0,Windows,unspecified
23:08:37.986,190.74,0.1998,0.1325,0.1662,0.4578,0.4067,DROWSY,26,0,Windows,unspecified
23:08:38.017,190.771,0.0763,0.0467,0.0615,0.463,0.4133,DROWSY,27,0,Windows,unspecified
23:08:38.075,190.829,0.0478,0.0345,0.0411,0.474,0.42,DROWSY,28,0,Windows,unspecified
23:08:38.112,190.866,0.0466,0.0287,0.0376,0.4887,0.42,DROWSY,29,0,Windows,unspecified
23:08:38.144,190.898,0.0464,0.0238,0.0351,0.4823,0.4267,DROWSY,30,0,Windows,unspecified
23:08:38.174,190.928,0.0614,0.0116,0.0365,0.4927,0.4333,DROWSY,31,0,Windows,unspecified
23:08:38.205,190.959,0.0352,0.0116,0.0234,0.4979,0.44,DROWSY,32,0,Windows,unspecified
23:08:38.236,190.99,0.0352,0.0227,0.029,0.4926,0.4467,DROWSY,33,0,Windows,unspecified
23:08:38.268,191.022,0.0352,0.0227,0.029,0.5045,0.4533,DROWSY,34,0,Windows,unspecified
23:08:38.298,191.052,0.0352,0.0114,0.0233,0.5113,0.46,DROWSY,35,0,Windows,unspecified
23:08:38.329,191.083,0.03,0.0114,0.0207,0.5108,0.4667,DROWSY,36,0,Windows,unspecified
23:08:38.360,191.114,0.0381,0.0116,0.0249,0.5253,0.4733,DROWSY,37,0,Windows,unspecified
23:08:38.392,191.146,0.0381,0.0232,0.0307,0.5279,0.48,DROWSY,38,0,Windows,unspecified
23:08:38.423,191.177,0.0381,0.0116,0.0249,0.5325,0.4867,DROWSY,39,0,Windows,unspecified
23:08:38.475,191.229,0.0381,0.0119,0.025,0.5452,0.4933,DROWSY,40,0,Windows,unspecified
23:08:38.517,191.271,0.0509,0.0119,0.0314,0.5392,0.5,DROWSY,41,0,Windows,unspecified
23:08:38.549,191.303,0.0509,0.0116,0.0312,0.5418,0.5,DROWSY,42,0,Windows,unspecified
23:08:38.580,191.334,0.0539,0.0281,0.041,0.5431,0.5067,DROWSY,43,0,Windows,unspecified
23:08:38.613,191.367,0.0539,0.0281,0.041,0.5458,0.5133,DROWSY,44,0,Windows,unspecified
23:08:38.643,191.397,0.0539,0.0281,0.041,0.5467,0.52,DROWSY,45,0,Windows,unspecified
23:08:38.672,191.426,0.0539,0.0281,0.041,0.5426,0.5267,DROWSY,46,0,Windows,unspecified
23:08:38.705,191.458,0.0525,0.0287,0.0406,0.545,0.5333,DROWSY,47,0,Windows,unspecified
23:08:38.736,191.49,0.0525,0.0287,0.0406,0.5462,0.54,DROWSY,48,0,Windows,unspecified
23:08:38.767,191.521,0.0364,0.0287,0.0326,0.5494,0.5467,DROWSY,49,0,Windows,unspecified
23:08:38.801,191.555,0.0249,0.0281,0.0265,0.5568,0.5533,DROWSY,50,0,Windows,unspecified
23:08:38.831,191.585,0.0293,0.0329,0.0311,0.5603,0.56,DROWSY,51,0,Windows,unspecified
23:08:38.878,191.632,0.0237,0.0281,0.0259,0.5643,0.5667,DROWSY,52,0,Windows,unspecified
23:08:38.909,191.663,0.0286,0.0337,0.0311,0.5643,0.5733,DROWSY,53,0,Windows,unspecified
23:08:38.940,191.694,0.0364,0.0329,0.0346,0.5568,0.58,DROWSY,54,0,Windows,unspecified
23:08:38.972,191.726,0.0503,0.0329,0.0416,0.5698,0.5867,DROWSY,55,0,Windows,unspecified
23:08:39.003,191.756,0.0515,0.0336,0.0426,0.5764,0.5933,DROWSY,56,0,Windows,unspecified
23:08:39.033,191.787,0.0476,0.0385,0.043,0.5811,0.6,DROWSY,57,0,Windows,unspecified
23:08:39.065,191.819,0.0357,0.0336,0.0347,0.5871,0.6067,DROWSY,58,0,Windows,unspecified
23:08:39.097,191.851,0.0348,0.0232,0.029,0.5912,0.6133,DROWSY,59,0,Windows,unspecified
23:08:39.128,191.882,0.0406,0.0329,0.0367,0.5952,0.62,DROWSY,60,0,Windows,unspecified
23:08:39.160,191.914,0.0406,0.0329,0.0367,0.587,0.6267,DROWSY,61,0,Windows,unspecified
23:08:39.190,191.944,0.0349,0.0375,0.0362,0.596,0.6333,DROWSY,62,0,Windows,unspecified
23:08:39.223,191.977,0.0504,0.0328,0.0416,0.601,0.64,DROWSY,63,0,Windows,unspecified
23:08:39.275,192.029,0.0476,0.0423,0.045,0.6092,0.6467,DROWSY,64,0,Windows,unspecified
23:08:39.300,192.054,0.0623,0.0531,0.0577,0.623,0.6533,DROWSY,65,0,Windows,unspecified
23:08:39.333,192.087,0.0595,0.0531,0.0563,0.6265,0.66,DROWSY,66,0,Windows,unspecified
23:08:39.363,192.117,0.0623,0.0335,0.0479,0.6114,0.6667,DROWSY,67,0,Windows,unspecified
23:08:39.396,192.149,0.0581,0.0328,0.0455,0.609,0.6733,DROWSY,68,0,Windows,unspecified
23:08:39.425,192.179,0.0481,0.0327,0.0404,0.6206,0.68,DROWSY,69,0,Windows,unspecified
23:08:39.457,192.211,0.0376,0.0327,0.0352,0.6362,0.6867,DROWSY,70,0,Windows,unspecified
23:08:39.488,192.242,0.0481,0.028,0.038,0.6362,0.6933,DROWSY,71,0,Windows,unspecified
23:08:39.519,192.273,0.0397,0.028,0.0338,0.639,0.7,DROWSY,72,0,Windows,unspecified
23:08:39.550,192.304,0.0424,0.0273,0.0348,0.6463,0.7067,DROWSY,73,0,Windows,unspecified
23:08:39.583,192.337,0.0368,0.0116,0.0242,0.661,0.7133,DROWSY,74,1,Windows,unspecified
23:08:39.614,192.368,0.0376,0.0334,0.0355,0.6462,0.72,DROWSY,75,0,Windows,unspecified
23:08:39.674,192.428,0.0424,0.0394,0.0409,0.6448,0.7267,DROWSY,76,0,Windows,unspecified
23:08:39.706,192.46,0.0321,0.0319,0.032,0.6523,0.7333,DROWSY,77,1,Windows,unspecified
23:08:39.740,192.494,0.0321,0.0327,0.0324,0.6587,0.74,DROWSY,78,2,Windows,unspecified
23:08:39.770,192.524,0.0321,0.0273,0.0297,0.6692,0.7467,DROWSY,79,3,Windows,unspecified
23:08:39.802,192.556,0.0321,0.0279,0.03,0.6732,0.7533,DROWSY,80,4,Windows,unspecified
23:08:39.829,192.583,0.0492,0.0374,0.0433,0.6843,0.7533,DROWSY,81,5,Windows,unspecified
23:08:39.862,192.616,0.0465,0.0319,0.0392,0.6883,0.7533,DROWSY,82,6,Windows,unspecified
23:08:39.894,192.648,0.0454,0.0422,0.0438,0.6966,0.7533,DROWSY,83,7,Windows,unspecified
23:08:39.924,192.678,0.0454,0.0327,0.0391,0.7063,0.7533,DROWSY,84,8,Windows,unspecified
23:08:39.958,192.712,0.0341,0.0422,0.0381,0.7084,0.7533,DROWSY,85,9,Windows,unspecified
23:08:39.986,192.74,0.0341,0.0422,0.0381,0.7137,0.7533,DROWSY,86,10,Windows,unspecified
23:08:40.018,192.772,0.0465,0.0422,0.0443,0.7229,0.7533,DROWSY,87,11,Windows,unspecified
23:08:40.073,192.827,0.0376,0.028,0.0328,0.7269,0.76,DROWSY,88,12,Windows,unspecified
23:08:40.113,192.866,0.0376,0.0279,0.0328,0.7354,0.7667,DROWSY,89,13,Windows,unspecified
23:08:40.145,192.899,0.0397,0.0394,0.0396,0.7354,0.7733,DROWSY,90,14,Windows,unspecified
23:08:40.176,192.93,0.0397,0.0279,0.0338,0.7375,0.78,DROWSY,91,15,Windows,unspecified
23:08:40.211,192.965,0.0397,0.0279,0.0338,0.7334,0.7867,DROWSY,92,16,Windows,unspecified
23:08:40.240,192.994,0.0424,0.028,0.0352,0.7415,0.7933,DROWSY,93,17,Windows,unspecified
23:08:40.272,193.026,0.052,0.0463,0.0491,0.7508,0.8,DROWSY,94,18,Windows,unspecified
23:08:40.303,193.057,0.0504,0.0579,0.0542,0.7446,0.8067,DROWSY,95,19,Windows,unspecified
23:08:40.333,193.086,0.0385,0.0463,0.0424,0.7431,0.8133,DROWSY,96,20,Windows,unspecified
23:08:40.364,193.118,0.0385,0.0463,0.0424,0.7431,0.82,DROWSY,97,21,Windows,unspecified
23:08:40.394,193.148,0.0385,0.049,0.0438,0.7431,0.8267,DROWSY,98,22,Windows,unspecified
23:08:40.427,193.181,0.0385,0.0423,0.0404,0.7276,0.8333,DROWSY,99,23,Windows,unspecified
23:08:40.473,193.227,0.0385,0.0423,0.0404,0.734,0.84,DROWSY,100,24,Windows,unspecified
23:08:40.505,193.259,0.0376,0.0423,0.0399,0.7341,0.8467,DROWSY,101,25,Windows,unspecified
23:08:40.536,193.29,0.0376,0.0422,0.0399,0.734,0.8533,DROWSY,102,26,Windows,unspecified
23:08:40.567,193.321,0.0492,0.0422,0.0457,0.7341,0.86,DROWSY,103,27,Windows,unspecified
23:08:40.598,193.352,0.0492,0.0423,0.0458,0.7341,0.8667,DROWSY,104,28,Windows,unspecified
23:08:40.630,193.384,0.0492,0.0422,0.0457,0.7325,0.8733,DROWSY,105,29,Windows,unspecified
23:08:40.662,193.416,0.0397,0.0422,0.0409,0.7367,0.88,DROWSY,106,30,Windows,unspecified
23:08:40.693,193.447,0.0397,0.0273,0.0335,0.7402,0.8867,DROWSY,107,31,Windows,unspecified
23:08:40.726,193.48,0.0492,0.0273,0.0383,0.7402,0.8933,DROWSY,108,32,Windows,unspecified
23:08:40.754,193.508,0.0492,0.0319,0.0406,0.7434,0.9,DROWSY,109,33,Windows,unspecified
23:08:40.787,193.541,0.0492,0.0327,0.041,0.7468,0.9067,DROWSY,110,34,Windows,unspecified
23:08:40.818,193.572,0.0492,0.0327,0.041,0.7445,0.9133,DROWSY,111,35,Windows,unspecified
23:08:40.873,193.627,0.0609,0.0327,0.0468,0.7459,0.92,DROWSY,112,36,Windows,unspecified
23:08:40.898,193.652,0.0623,0.0327,0.0475,0.7339,0.9267,DROWSY,113,37,Windows,unspecified
23:08:40.929,193.683,0.0642,0.0231,0.0437,0.7339,0.9333,DROWSY,114,38,Windows,unspecified
23:08:40.960,193.714,0.0642,0.0231,0.0437,0.7339,0.94,DROWSY,115,39,Windows,unspecified
23:08:40.992,193.746,0.0628,0.0116,0.0372,0.7236,0.9467,DROWSY,116,40,Windows,unspecified
23:08:41.023,193.777,0.123,0.0286,0.0758,0.7247,0.9533,DROWSY,117,41,Windows,unspecified
23:08:41.054,193.808,0.1216,0.0294,0.0755,0.7225,0.96,DROWSY,118,42,Windows,unspecified
23:08:41.088,193.842,0.1866,0.0768,0.1317,0.7225,0.9667,DROWSY,119,43,Windows,unspecified
23:08:41.118,193.872,0.2049,0.1071,0.156,0.7266,0.9733,DROWSY,120,44,Windows,unspecified
23:08:41.146,193.9,0.2169,0.1468,0.1819,0.7224,0.98,DROWSY,121,45,Windows,unspecified
23:08:41.180,193.934,0.2175,0.1715,0.1945,0.7224,0.9867,DROWSY,122,46,Windows,unspecified
23:08:41.212,193.966,0.2355,0.1849,0.2102,0.7268,0.9867,DROWSY,123,47,Windows,unspecified
23:08:41.279,194.032,0.2485,0.1751,0.2118,0.7224,0.9867,DROWSY,124,48,Windows,unspecified
23:08:41.305,194.059,0.2416,0.1878,0.2147,0.7365,0.9867,DROWSY,125,49,Windows,unspecified
23:08:41.336,194.09,0.2543,0.1886,0.2214,0.7365,0.9867,DROWSY,126,50,Windows,unspecified
23:08:41.366,194.12,0.2553,0.1886,0.2219,0.7399,0.9867,DROWSY,127,51,Windows,unspecified
23:08:41.398,194.152,0.2544,0.1886,0.2215,0.7399,0.9867,DROWSY,128,52,Windows,unspecified
23:08:41.429,194.183,0.2609,0.1888,0.2248,0.7474,0.9867,DROWSY,129,53,Windows,unspecified
23:08:41.461,194.215,0.2616,0.2018,0.2317,0.7474,0.9867,DROWSY,130,54,Windows,unspecified
23:08:41.491,194.245,0.2754,0.2016,0.2385,0.7483,0.9867,DROWSY,131,55,Windows,unspecified
23:08:41.520,194.274,0.274,0.2095,0.2417,0.7483,0.9867,DROWSY,132,56,Windows,unspecified
23:08:41.554,194.308,0.2617,0.1715,0.2166,0.7463,0.9867,DROWSY,133,57,Windows,unspecified
23:08:41.585,194.339,0.2355,0.1309,0.1832,0.7463,0.9867,DROWSY,134,58,Windows,unspecified
23:08:41.615,194.369,0.0516,0.0121,0.0319,0.7504,0.9867,DROWSY,135,59,Windows,unspecified
23:08:41.673,194.427,0.0434,0.028,0.0357,0.7449,0.9867,DROWSY,136,60,Windows,unspecified
23:08:41.710,194.464,0.0337,0.0,0.0168,0.7507,0.9867,DROWSY,137,61,Windows,unspecified
23:08:41.741,194.495,0.0337,0.0279,0.0308,0.753,0.9933,DROWSY,138,62,Windows,unspecified
23:08:41.771,194.525,0.0508,0.0327,0.0417,0.763,0.9933,DROWSY,139,63,Windows,unspecified
23:08:41.800,194.554,0.0341,0.0116,0.0228,0.7429,0.9933,DROWSY,140,64,Windows,unspecified
23:08:41.833,194.587,0.0609,0.0287,0.0448,0.7342,0.9933,DROWSY,141,65,Windows,unspecified
23:08:41.864,194.618,0.0733,0.0294,0.0513,0.7518,0.9933,DROWSY,142,66,Windows,unspecified
23:08:41.897,194.651,0.1832,0.1085,0.1458,0.7334,0.9933,DROWSY,143,67,Windows,unspecified
23:08:41.929,194.682,0.2127,0.1342,0.1735,0.7439,0.9933,DROWSY,144,68,Windows,unspecified
23:08:41.950,194.704,0.2748,0.2145,0.2447,0.7613,0.9933,DROWSY,145,69,Windows,unspecified
23:08:41.974,194.728,0.2623,0.2114,0.2369,0.7563,0.9933,DROWSY,146,70,Windows,unspecified
23:08:42.013,194.767,0.2962,0.2514,0.2738,0.7586,0.9933,DROWSY,147,71,Windows,unspecified
23:08:42.073,194.827,0.3051,0.2851,0.2951,0.7748,0.9933,DROWSY,148,72,Windows,unspecified
23:08:42.101,194.855,0.3051,0.2756,0.2904,0.7813,0.9933,DROWSY,149,73,Windows,unspecified
23:08:42.131,194.885,0.2913,0.2604,0.2758,0.7813,1.0,DROWSY,150,74,Windows,unspecified
23:08:42.162,194.916,0.2913,0.2603,0.2758,0.7579,1.0,DROWSY,151,75,Windows,unspecified
23:08:42.194,194.948,0.3063,0.2447,0.2755,0.7843,1.0,DROWSY,152,76,Windows,unspecified
23:08:42.225,194.979,0.2635,0.2121,0.2378,0.7626,1.0,DROWSY,153,77,Windows,unspecified
23:08:42.257,195.011,0.2635,0.1991,0.2313,0.7778,1.0,DROWSY,154,78,Windows,unspecified
23:08:42.288,195.042,0.2083,0.1642,0.1862,0.7623,1.0,DROWSY,155,79,Windows,unspecified
23:08:42.321,195.074,0.2083,0.1363,0.1723,0.751,1.0,DROWSY,156,80,Windows,unspecified
23:08:42.352,195.106,0.146,0.0788,0.1124,0.7829,1.0,DROWSY,157,81,Windows,unspecified
23:08:42.381,195.135,0.1084,0.0373,0.0728,0.7851,1.0,DROWSY,158,82,Windows,unspecified
23:08:42.416,195.17,0.0467,0.0242,0.0354,0.7862,1.0,DROWSY,159,83,Windows,unspecified
23:08:42.473,195.227,0.0256,0.0243,0.0249,0.7935,1.0,DROWSY,160,84,Windows,unspecified
23:08:42.506,195.259,0.0361,0.0121,0.0241,0.8021,1.0,DROWSY,161,85,Windows,unspecified
23:08:42.538,195.292,0.0466,0.0121,0.0293,0.7976,1.0,DROWSY,162,86,Windows,unspecified
23:08:42.569,195.323,0.0262,0.0248,0.0255,0.8274,1.0,DROWSY,163,87,Windows,unspecified
23:08:42.600,195.354,0.0317,0.0248,0.0282,0.8363,1.0,DROWSY,164,88,Windows,unspecified
23:08:42.633,195.387,0.038,0.0,0.019,0.8602,1.0,DROWSY,165,89,Windows,unspecified
23:08:42.664,195.418,0.0414,0.0127,0.0271,0.8283,1.0,DROWSY,166,90,Windows,unspecified
23:08:42.695,195.449,0.0138,0.0,0.0069,0.8283,1.0,DROWSY,167,91,Windows,unspecified
23:08:42.725,195.479,0.0276,0.0,0.0138,0.8285,1.0,DROWSY,168,92,Windows,unspecified
23:08:42.758,195.512,0.0552,0.0323,0.0438,0.8583,1.0,DROWSY,169,93,Windows,unspecified
23:08:42.788,195.542,0.0414,0.0379,0.0396,0.8548,1.0,DROWSY,170,94,Windows,unspecified
23:08:42.821,195.575,0.0142,0.0332,0.0237,0.854,1.0,DROWSY,171,95,Windows,unspecified
23:08:42.873,195.627,0.0142,0.0195,0.0169,0.8762,1.0,DROWSY,172,96,Windows,unspecified
23:08:42.897,195.651,0.0,0.0332,0.0166,0.8663,1.0,DROWSY,173,97,Windows,unspecified
23:08:42.929,195.683,0.0293,0.02,0.0246,0.8672,1.0,DROWSY,174,98,Windows,unspecified
23:08:42.958,195.712,0.0364,0.0201,0.0283,0.8729,1.0,DROWSY,175,99,Windows,unspecified
23:08:42.990,195.743,0.0301,0.0201,0.0251,0.8568,1.0,DROWSY,176,100,Windows,unspecified
23:08:43.021,195.775,0.0156,0.0,0.0078,0.8392,1.0,DROWSY,177,101,Windows,unspecified
23:08:43.051,195.805,0.0155,0.0,0.0078,0.8228,1.0,DROWSY,178,102,Windows,unspecified
23:08:43.086,195.84,0.0155,0.0,0.0078,0.7991,1.0,DROWSY,179,103,Windows,unspecified
23:08:43.114,195.868,0.031,0.0143,0.0226,0.8287,1.0,DROWSY,180,104,Windows,unspecified
23:08:43.150,195.904,0.0154,0.0,0.0077,0.7906,1.0,DROWSY,181,105,Windows,unspecified
23:08:43.178,195.932,0.0,0.0345,0.0172,0.805,1.0,DROWSY,182,106,Windows,unspecified
23:08:43.214,195.968,0.0154,0.0,0.0077,0.8327,1.0,DROWSY,183,107,Windows,unspecified
23:08:43.278,196.032,0.0518,0.0441,0.0479,0.8378,1.0,DROWSY,184,108,Windows,unspecified
23:08:43.304,196.058,0.0518,0.0502,0.051,0.8563,1.0,DROWSY,185,109,Windows,unspecified
23:08:43.335,196.089,0.0465,0.0441,0.0453,0.8326,1.0,DROWSY,186,110,Windows,unspecified
23:08:43.364,196.118,0.032,0.0441,0.0381,0.809,1.0,DROWSY,187,111,Windows,unspecified
23:08:43.396,196.15,0.032,0.0294,0.0307,0.8128,1.0,DROWSY,188,112,Windows,unspecified
23:08:43.426,196.18,0.0482,0.0469,0.0475,0.7694,1.0,DROWSY,189,113,Windows,unspecified
23:08:43.458,196.212,0.048,0.0469,0.0474,0.7626,1.0,DROWSY,190,114,Windows,unspecified
23:08:43.490,196.244,0.0729,0.0645,0.0687,0.691,1.0,DROWSY,191,115,Windows,unspecified
23:08:43.522,196.276,0.0605,0.0667,0.0636,0.6926,1.0,DROWSY,192,116,Windows,unspecified
23:08:43.557,196.311,0.0752,0.0667,0.0709,0.642,1.0,DROWSY,193,0,Windows,unspecified
23:08:43.584,196.338,0.0954,0.0667,0.081,0.6091,1.0,DROWSY,194,0,Windows,unspecified
23:08:43.614,196.368,0.1122,0.0931,0.1026,0.4327,1.0,DROWSY,195,0,Windows,unspecified
23:08:43.673,196.427,0.0755,0.0345,0.055,0.4171,1.0,DROWSY,196,0,Windows,unspecified
23:08:43.711,196.464,0.1209,0.0345,0.0777,0.4209,1.0,DROWSY,197,0,Windows,unspecified
23:08:43.740,196.494,0.1257,0.0756,0.1007,0.4154,1.0,DROWSY,198,0,Windows,unspecified
23:08:43.773,196.527,0.1593,0.0799,0.1196,0.4166,1.0,DROWSY,199,0,Windows,unspecified
23:08:43.807,196.561,0.1593,0.0799,0.1196,0.423,1.0,DROWSY,200,0,Windows,unspecified
23:08:43.834,196.588,0.1871,0.1141,0.1506,0.4286,1.0,DROWSY,201,0,Windows,unspecified
23:08:43.868,196.622,0.228,0.1171,0.1726,0.4132,1.0,DROWSY,202,0,Windows,unspecified
23:08:43.896,196.65,0.2263,0.1685,0.1974,0.3951,1.0,DROWSY,203,0,Windows,unspecified
23:08:43.928,196.682,0.2162,0.1773,0.1968,0.4106,1.0,DROWSY,204,0,Windows,unspecified
23:08:43.959,196.713,0.217,0.222,0.2195,0.4239,1.0,DROWSY,205,0,Windows,unspecified
23:08:43.990,196.743,0.1703,0.1844,0.1774,0.4112,1.0,DROWSY,206,0,Windows,unspecified
23:08:44.023,196.777,0.1741,0.2081,0.1911,0.4267,1.0,DROWSY,207,0,Windows,unspecified
23:08:44.073,196.826,0.2167,0.224,0.2204,0.4154,1.0,DROWSY,208,0,Windows,unspecified
23:08:44.100,196.853,0.1874,0.1584,0.1729,0.414,1.0,DROWSY,209,0,Windows,unspecified
23:08:44.132,196.886,0.1874,0.1375,0.1625,0.4064,1.0,DROWSY,210,0,Windows,unspecified
23:08:44.163,196.917,0.2421,0.2405,0.2413,0.401,1.0,DROWSY,211,0,Windows,unspecified
23:08:44.195,196.949,0.295,0.1903,0.2426,0.404,1.0,DROWSY,212,0,Windows,unspecified
23:08:44.224,196.978,0.2385,0.1903,0.2144,0.4357,1.0,DROWSY,213,0,Windows,unspecified
23:08:44.253,197.007,0.2385,0.15,0.1943,0.4207,1.0,DROWSY,214,0,Windows,unspecified
23:08:44.287,197.041,0.2349,0.2028,0.2189,0.4255,1.0,DROWSY,215,0,Windows,unspecified
23:08:44.317,197.071,0.2524,0.2102,0.2313,0.4451,1.0,DROWSY,216,0,Windows,unspecified
23:08:44.349,197.103,0.2365,0.2196,0.228,0.4772,1.0,DROWSY,217,0,Windows,unspecified
23:08:44.379,197.133,0.253,0.2525,0.2528,0.5177,1.0,DROWSY,218,0,Windows,unspecified
23:08:44.413,197.167,0.2365,0.2428,0.2397,0.5533,1.0,DROWSY,219,0,Windows,unspecified
23:08:44.474,197.228,0.2628,0.2143,0.2385,0.5694,1.0,DROWSY,220,0,Windows,unspecified
23:08:44.504,197.258,0.2497,0.214,0.2319,0.5757,1.0,DROWSY,221,0,Windows,unspecified
23:08:44.536,197.29,0.2747,0.214,0.2444,0.5479,1.0,DROWSY,222,0,Windows,unspecified
23:08:44.583,197.337,0.25,0.2405,0.2452,0.4931,1.0,DROWSY,223,0,Windows,unspecified
23:08:44.615,197.368,0.2771,0.2315,0.2543,0.4801,1.0,DROWSY,224,0,Windows,unspecified
23:08:44.647,197.401,0.214,0.2071,0.2106,0.4183,1.0,DROWSY,225,0,Windows,unspecified
23:08:44.678,197.432,0.2381,0.2094,0.2237,0.4127,1.0,DROWSY,226,0,Windows,unspecified
23:08:44.710,197.464,0.2619,0.2519,0.2569,0.4048,1.0,DROWSY,227,0,Windows,unspecified
23:08:44.740,197.494,0.2405,0.2293,0.2349,0.4062,1.0,DROWSY,228,0,Windows,unspecified
23:08:44.773,197.527,0.2639,0.2315,0.2477,0.4071,1.0,DROWSY,229,0,Windows,unspecified
23:08:44.805,197.559,0.2522,0.2315,0.2418,0.3964,1.0,DROWSY,230,0,Windows,unspecified
23:08:44.835,197.589,0.2519,0.2645,0.2582,0.3958,1.0,DROWSY,231,0,Windows,unspecified
23:08:44.873,197.627,0.2609,0.274,0.2675,0.4021,1.0,DROWSY,232,0,Windows,unspecified
23:08:44.899,197.653,0.2498,0.2946,0.2722,0.3914,1.0,DROWSY,233,0,Windows,unspecified
23:08:44.930,197.684,0.2706,0.2946,0.2826,0.3975,1.0,DROWSY,234,0,Windows,unspecified
23:08:44.960,197.714,0.2699,0.2631,0.2665,0.4082,1.0,DROWSY,235,0,Windows,unspecified
23:08:44.991,197.745,0.2716,0.2631,0.2673,0.3982,1.0,DROWSY,236,0,Windows,unspecified
23:08:45.024,197.778,0.282,0.2631,0.2725,0.4095,1.0,DROWSY,237,0,Windows,unspecified
23:08:45.054,197.808,0.2808,0.2631,0.2719,0.3951,1.0,DROWSY,238,0,Windows,unspecified
23:08:45.091,197.845,0.3279,0.3136,0.3208,0.4099,0.9933,DROWSY,0,0,Windows,unspecified
23:08:45.116,197.87,0.3279,0.3289,0.3284,0.398,0.9867,DROWSY,0,0,Windows,unspecified
23:08:45.148,197.902,0.3536,0.3232,0.3384,0.4049,0.98,DROWSY,0,0,Windows,unspecified
23:08:45.181,197.935,0.3481,0.3536,0.3508,0.3902,0.9733,DROWSY,0,0,Windows,unspecified
23:08:45.212,197.966,0.3343,0.3439,0.3391,0.3818,0.9667,DROWSY,0,0,Windows,unspecified
23:08:45.273,198.027,0.3259,0.3439,0.3349,0.3781,0.96,DROWSY,0,0,Windows,unspecified
23:08:45.306,198.06,0.3409,0.3432,0.3421,0.3839,0.9533,DROWSY,0,0,Windows,unspecified
23:08:45.336,198.09,0.3226,0.3432,0.3329,0.392,0.9467,DROWSY,0,0,Windows,unspecified
23:08:45.368,198.122,0.3348,0.3483,0.3415,0.3935,0.94,DROWSY,0,0,Windows,unspecified
23:08:45.399,198.153,0.3439,0.3654,0.3546,0.4058,0.9333,DROWSY,0,0,Windows,unspecified
23:08:45.430,198.184,0.3409,0.3358,0.3384,0.401,0.9267,DROWSY,0,0,Windows,unspecified
23:08:45.462,198.216,0.3628,0.3274,0.3451,0.4022,0.92,DROWSY,0,0,Windows,unspecified
23:08:45.492,198.246,0.366,0.3173,0.3417,0.3938,0.9133,DROWSY,0,0,Windows,unspecified
23:08:45.525,198.279,0.3483,0.3282,0.3382,0.3806,0.9067,DROWSY,0,0,Windows,unspecified
23:08:45.554,198.308,0.3419,0.3467,0.3443,0.3703,0.9,DROWSY,0,0,Windows,unspecified
23:08:45.587,198.341,0.3441,0.3205,0.3323,0.3722,0.8933,DROWSY,0,0,Windows,unspecified
23:08:45.616,198.37,0.3313,0.3425,0.3369,0.3684,0.8867,DROWSY,0,0,Windows,unspecified
23:08:45.674,198.428,0.3334,0.3226,0.328,0.3688,0.88,DROWSY,0,0,Windows,unspecified
23:08:45.709,198.463,0.3282,0.3216,0.3249,0.3746,0.8733,DROWSY,0,0,Windows,unspecified
23:08:45.740,198.494,0.3305,0.3323,0.3314,0.3782,0.8667,DROWSY,0,0,Windows,unspecified
23:08:45.772,198.526,0.3613,0.3195,0.3404,0.3718,0.86,DROWSY,0,0,Windows,unspecified
23:08:45.804,198.558,0.3613,0.3226,0.3419,0.3752,0.8533,DROWSY,0,0,Windows,unspecified
23:08:45.834,198.588,0.3556,0.3479,0.3517,0.384,0.8467,DROWSY,0,0,Windows,unspecified
23:08:45.864,198.618,0.3313,0.3226,0.3269,0.3799,0.84,DROWSY,0,0,Windows,unspecified
23:08:45.894,198.648,0.3439,0.327,0.3354,0.3758,0.8333,DROWSY,0,0,Windows,unspecified
23:08:45.926,198.68,0.3693,0.3419,0.3556,0.3773,0.8267,DROWSY,0,0,Windows,unspecified
23:08:45.958,198.712,0.3418,0.3265,0.3341,0.3953,0.82,DROWSY,0,0,Windows,unspecified
23:08:45.989,198.743,0.3419,0.3138,0.3279,0.3872,0.8133,DROWSY,0,0,Windows,unspecified
23:08:46.019,198.773,0.3258,0.3138,0.3198,0.3901,0.8067,DROWSY,0,0,Windows,unspecified
23:08:46.073,198.827,0.3246,0.3049,0.3148,0.389,0.8,DROWSY,0,0,Windows,unspecified
23:08:46.097,198.851,0.3364,0.3043,0.3203,0.3928,0.7933,DROWSY,0,0,Windows,unspecified
23:08:46.128,198.882,0.3356,0.3167,0.3262,0.4027,0.7867,DROWSY,0,0,Windows,unspecified
23:08:46.159,198.913,0.3382,0.341,0.3396,0.4038,0.78,DROWSY,0,0,Windows,unspecified
23:08:46.191,198.945,0.3492,0.3298,0.3395,0.404,0.7733,DROWSY,0,0,Windows,unspecified
23:08:46.216,198.97,0.3517,0.3214,0.3365,0.4487,0.7667,DROWSY,0,0,Windows,unspecified
23:08:46.254,199.008,0.3492,0.3253,0.3373,0.445,0.76,DROWSY,0,0,Windows,unspecified
23:08:46.285,199.039,0.3675,0.3379,0.3527,0.4354,0.7533,DROWSY,0,0,Windows,unspecified
23:08:46.315,199.069,0.3375,0.3313,0.3344,0.4431,0.7467,DROWSY,0,0,Windows,unspecified
23:08:46.351,199.105,0.3666,0.3363,0.3515,0.4606,0.74,DROWSY,0,0,Windows,unspecified
23:08:46.376,199.13,0.3326,0.3219,0.3272,0.4637,0.7333,DROWSY,0,0,Windows,unspecified
23:08:46.414,199.168,0.3632,0.335,0.3491,0.4702,0.7267,DROWSY,0,0,Windows,unspecified
23:08:46.475,199.229,0.3632,0.335,0.3491,0.4534,0.72,DROWSY,0,0,Windows,unspecified
23:08:46.503,199.257,0.3708,0.3528,0.3618,0.4378,0.7133,DROWSY,0,0,Windows,unspecified
23:08:46.534,199.288,0.3793,0.3654,0.3724,0.427,0.7067,DROWSY,0,0,Windows,unspecified
23:08:46.562,199.316,0.3783,0.3486,0.3635,0.4243,0.7,DROWSY,0,0,Windows,unspecified
23:08:46.594,199.348,0.3568,0.3501,0.3535,0.4267,0.6933,DROWSY,0,0,Windows,unspecified
23:08:46.625,199.379,0.3432,0.362,0.3526,0.4331,0.6867,DROWSY,0,0,Windows,unspecified
23:08:46.658,199.412,0.3568,0.3577,0.3573,0.4192,0.68,DROWSY,0,0,Windows,unspecified
23:08:46.690,199.444,0.3719,0.3398,0.3559,0.4533,0.6733,DROWSY,0,0,Windows,unspecified
23:08:46.720,199.474,0.3719,0.3374,0.3547,0.4616,0.6667,DROWSY,0,0,Windows,unspecified
23:08:46.751,199.505,0.3483,0.3239,0.3361,0.4597,0.66,DROWSY,0,0,Windows,unspecified
23:08:46.782,199.536,0.3367,0.3398,0.3383,0.4442,0.6533,DROWSY,0,0,Windows,unspecified
23:08:46.815,199.569,0.3613,0.3263,0.3438,0.4531,0.6467,DROWSY,0,0,Windows,unspecified
23:08:46.877,199.631,0.3352,0.3377,0.3365,0.4212,0.64,DROWSY,0,0,Windows,unspecified
23:08:46.909,199.663,0.2986,0.3433,0.321,0.4154,0.6333,DROWSY,0,0,Windows,unspecified
23:08:46.944,199.698,0.3023,0.3433,0.3228,0.4185,0.6267,DROWSY,0,0,Windows,unspecified
23:08:46.973,199.727,0.3055,0.3553,0.3304,0.4123,0.62,DROWSY,0,0,Windows,unspecified
23:08:47.005,199.759,0.3054,0.3121,0.3088,0.3965,0.6133,DROWSY,0,0,Windows,unspecified
23:08:47.036,199.79,0.3234,0.3059,0.3146,0.3967,0.6067,DROWSY,0,0,Windows,unspecified
23:08:47.066,199.82,0.3232,0.3202,0.3217,0.3948,0.6,DROWSY,0,0,Windows,unspecified
23:08:47.096,199.85,0.2873,0.3039,0.2956,0.3944,0.6,DROWSY,1,0,Windows,unspecified
23:08:47.129,199.883,0.2984,0.285,0.2917,0.389,0.6,DROWSY,2,0,Windows,unspecified
23:08:47.161,199.915,0.2984,0.2863,0.2923,0.3899,0.6,DROWSY,3,0,Windows,unspecified
23:08:47.191,199.945,0.2718,0.2687,0.2702,0.3889,0.6,DROWSY,4,0,Windows,unspecified
23:08:47.222,199.976,0.2718,0.2896,0.2807,0.4016,0.6,DROWSY,5,0,Windows,unspecified
23:08:47.274,200.028,0.291,0.2861,0.2886,0.4374,0.6,DROWSY,6,0,Windows,unspecified
23:08:47.299,200.053,0.3289,0.2968,0.3129,0.4424,0.5933,DROWSY,0,0,Windows,unspecified
23:08:47.330,200.084,0.3289,0.3151,0.322,0.4473,0.5867,DROWSY,0,0,Windows,unspecified
23:08:47.362,200.116,0.2986,0.3161,0.3074,0.4446,0.58,DROWSY,0,0,Windows,unspecified
23:08:47.394,200.148,0.3289,0.2841,0.3065,0.4448,0.5733,DROWSY,0,0,Windows,unspecified
23:08:47.425,200.179,0.3352,0.3151,0.3251,0.4386,0.5667,DROWSY,0,0,Windows,unspecified
23:08:47.457,200.211,0.3289,0.314,0.3214,0.4386,0.56,DROWSY,0,0,Windows,unspecified
23:08:47.486,200.24,0.3651,0.3206,0.3428,0.4307,0.5533,DROWSY,0,0,Windows,unspecified
23:08:47.519,200.273,0.3528,0.3216,0.3372,0.4341,0.5467,DROWSY,0,0,Windows,unspecified
23:08:47.546,200.3,0.3352,0.3286,0.3319,0.4416,0.54,DROWSY,0,0,Windows,unspecified
23:08:47.579,200.333,0.3158,0.3403,0.328,0.4479,0.5333,DROWSY,0,0,Windows,unspecified
23:08:47.614,200.368,0.3393,0.3569,0.3481,0.425,0.5267,DROWSY,0,0,Windows,unspecified
23:08:47.676,200.43,0.3922,0.361,0.3766,0.4161,0.52,DROWSY,0,0,Windows,unspecified
23:08:47.707,200.461,0.369,0.3569,0.363,0.4048,0.5133,DROWSY,0,0,Windows,unspecified
23:08:47.740,200.493,0.3874,0.3746,0.381,0.4048,0.5067,DROWSY,0,0,Windows,unspecified
23:08:47.769,200.523,0.3914,0.3746,0.383,0.4048,0.5,DROWSY,0,0,Windows,unspecified
23:08:47.800,200.554,0.4099,0.38,0.395,0.397,0.4933,DROWSY,0,0,Windows,unspecified
23:08:47.831,200.585,0.3944,0.3674,0.3809,0.3995,0.4867,DROWSY,0,0,Windows,unspecified
23:08:47.863,200.617,0.3956,0.3618,0.3787,0.3995,0.48,DROWSY,0,0,Windows,unspecified
23:08:47.894,200.648,0.413,0.3674,0.3902,0.4035,0.4733,DROWSY,0,0,Windows,unspecified
23:08:47.927,200.681,0.3971,0.3994,0.3983,0.402,0.4667,DROWSY,0,0,Windows,unspecified
23:08:47.954,200.708,0.413,0.4026,0.4078,0.3952,0.46,DROWSY,0,0,Windows,unspecified
23:08:47.987,200.741,0.4123,0.3866,0.3995,0.4045,0.4533,DROWSY,0,0,Windows,unspecified
23:08:48.019,200.773,0.4135,0.3866,0.4001,0.4066,0.4467,DROWSY,0,0,Windows,unspecified
23:08:48.075,200.829,0.4171,0.3902,0.4036,0.3916,0.44,DROWSY,0,0,Windows,unspecified
23:08:48.095,200.849,0.4178,0.3888,0.4033,0.3874,0.4333,DROWSY,0,0,Windows,unspecified
23:08:48.128,200.882,0.4014,0.3888,0.3951,0.3874,0.4267,DROWSY,0,0,Windows,unspecified
23:08:48.158,200.912,0.4075,0.3902,0.3988,0.4004,0.42,DROWSY,0,0,Windows,unspecified
23:08:48.190,200.944,0.4026,0.4043,0.4035,0.4028,0.4133,DROWSY,0,0,Windows,unspecified
23:08:48.220,200.974,0.4026,0.4043,0.4035,0.3913,0.4067,DROWSY,0,0,Windows,unspecified
23:08:48.252,201.006,0.4186,0.4043,0.4115,0.389,0.4,DROWSY,0,0,Windows,unspecified
23:08:48.286,201.04,0.4186,0.3908,0.4047,0.3914,0.3933,DROWSY,0,0,Windows,unspecified
23:08:48.317,201.071,0.4065,0.4057,0.4061,0.3913,0.3867,DROWSY,0,0,Windows,unspecified
23:08:48.350,201.104,0.4075,0.3766,0.3921,0.3901,0.38,DROWSY,0,0,Windows,unspecified
23:08:48.379,201.133,0.3748,0.3921,0.3834,0.3945,0.3733,DROWSY,0,0,Windows,unspecified
23:08:48.414,201.168,0.3726,0.3908,0.3817,0.4143,0.3667,DROWSY,0,0,Windows,unspecified
23:08:48.473,201.227,0.3896,0.3608,0.3752,0.3993,0.36,DROWSY,0,0,Windows,unspecified
23:08:48.501,201.255,0.3939,0.3872,0.3905,0.394,0.3533,DROWSY,0,0,Windows,unspecified
23:08:48.532,201.286,0.4065,0.3772,0.3919,0.3974,0.3467,NORMAL,0,0,Windows,unspecified
23:08:48.565,201.319,0.4045,0.359,0.3817,0.3974,0.34,NORMAL,0,0,Windows,unspecified
23:08:48.596,201.35,0.4045,0.3733,0.3889,0.393,0.3333,NORMAL,0,0,Windows,unspecified
23:08:48.627,201.381,0.4037,0.3865,0.3951,0.4023,0.3267,NORMAL,0,0,Windows,unspecified
23:08:48.659,201.413,0.4075,0.3872,0.3973,0.4078,0.32,NORMAL,0,0,Windows,unspecified
23:08:48.691,201.445,0.4057,0.3751,0.3904,0.404,0.3133,NORMAL,0,0,Windows,unspecified
23:08:48.721,201.475,0.3902,0.3872,0.3887,0.4074,0.3067,NORMAL,0,0,Windows,unspecified
23:08:48.752,201.506,0.4053,0.3751,0.3902,0.4016,0.3,NORMAL,0,0,Windows,unspecified
23:08:48.782,201.536,0.4075,0.3616,0.3846,0.4015,0.2933,NORMAL,0,0,Windows,unspecified
23:08:48.815,201.569,0.421,0.3767,0.3989,0.4091,0.2867,NORMAL,0,0,Windows,unspecified
23:08:48.875,201.629,0.386,0.3718,0.3789,0.4047,0.28,NORMAL,0,0,Windows,unspecified
23:08:48.908,201.662,0.386,0.3564,0.3712,0.4047,0.2733,NORMAL,0,0,Windows,unspecified
23:08:48.941,201.695,0.3862,0.3994,0.3928,0.4089,0.2667,NORMAL,0,0,Windows,unspecified
23:08:48.973,201.727,0.4026,0.3994,0.401,0.403,0.26,NORMAL,0,0,Windows,unspecified
23:08:49.004,201.758,0.4057,0.4152,0.4104,0.403,0.2533,NORMAL,0,0,Windows,unspecified
23:08:49.034,201.788,0.4057,0.3994,0.4025,0.4083,0.2467,NORMAL,0,0,Windows,unspecified
23:08:49.065,201.819,0.4057,0.418,0.4118,0.4083,0.24,NORMAL,0,0,Windows,unspecified
23:08:49.097,201.851,0.4217,0.4152,0.4185,0.4105,0.2333,NORMAL,0,0,Windows,unspecified
23:08:49.130,201.884,0.4087,0.38,0.3944,0.4053,0.2267,NORMAL,0,0,Windows,unspecified
23:08:49.158,201.912,0.4217,0.4123,0.417,0.4023,0.22,NORMAL,0,0,Windows,unspecified
23:08:49.191,201.945,0.4217,0.4123,0.417,0.4044,0.2133,NORMAL,0,0,Windows,unspecified
23:08:49.223,201.977,0.4398,0.4091,0.4244,0.3988,0.2067,NORMAL,0,0,Windows,unspecified
23:08:49.276,202.03,0.4254,0.4058,0.4156,0.4067,0.2,NORMAL,0,0,Windows,unspecified
23:08:49.301,202.055,0.4254,0.422,0.4237,0.3947,0.1933,NORMAL,0,0,Windows,unspecified
23:08:49.334,202.088,0.4384,0.422,0.4302,0.3977,0.1867,NORMAL,0,0,Windows,unspecified
23:08:49.364,202.118,0.4447,0.4064,0.4256,0.4108,0.18,NORMAL,0,0,Windows,unspecified
23:08:49.395,202.149,0.4285,0.4071,0.4178,0.4108,0.1733,NORMAL,0,0,Windows,unspecified
23:08:49.427,202.181,0.408,0.3782,0.3931,0.4159,0.1667,NORMAL,0,0,Windows,unspecified
23:08:49.459,202.213,0.4255,0.4071,0.4163,0.4188,0.16,NORMAL,0,0,Windows,unspecified
23:08:49.490,202.244,0.4114,0.4039,0.4076,0.4092,0.1533,NORMAL,0,0,Windows,unspecified
23:08:49.520,202.274,0.4114,0.3939,0.4027,0.4079,0.1467,NORMAL,0,0,Windows,unspecified
23:08:49.551,202.305,0.4114,0.4199,0.4157,0.4089,0.14,NORMAL,0,0,Windows,unspecified
23:08:49.583,202.337,0.4422,0.4199,0.4311,0.4089,0.1333,NORMAL,0,0,Windows,unspecified
23:08:49.614,202.368,0.4276,0.4218,0.4247,0.4031,0.1267,NORMAL,0,0,Windows,unspecified
23:08:49.679,202.433,0.4471,0.4067,0.4269,0.4335,0.12,NORMAL,0,0,Windows,unspecified
23:08:49.723,202.477,0.4422,0.4199,0.4311,0.4338,0.1133,NORMAL,0,0,Windows,unspecified
23:08:49.753,202.507,0.4276,0.4199,0.4238,0.4407,0.1067,NORMAL,0,0,Windows,unspecified
23:08:49.784,202.538,0.4114,0.3878,0.3996,0.5342,0.1,NORMAL,0,0,Windows,unspecified
23:08:49.815,202.569,0.4115,0.4057,0.4086,0.5524,0.0933,NORMAL,0,0,Windows,unspecified
23:08:49.847,202.601,0.4185,0.3929,0.4057,0.5695,0.0867,NORMAL,0,0,Windows,unspecified
23:08:49.877,202.631,0.4255,0.3902,0.4079,0.5981,0.08,NORMAL,0,0,Windows,unspecified
23:08:49.908,202.662,0.3684,0.3424,0.3554,0.6008,0.0733,NORMAL,0,0,Windows,unspecified
23:08:49.940,202.694,0.334,0.3194,0.3267,0.6176,0.0667,NORMAL,0,0,Windows,unspecified
23:08:49.971,202.725,0.3284,0.287,0.3077,0.6177,0.06,NORMAL,0,0,Windows,unspecified
23:08:50.002,202.756,0.3226,0.2794,0.301,0.6176,0.06,NORMAL,1,0,Windows,unspecified
23:08:50.034,202.788,0.2819,0.2549,0.2684,0.6383,0.06,NORMAL,2,0,Windows,unspecified
23:08:50.075,202.829,0.2544,0.2474,0.2509,0.6582,0.06,NORMAL,3,1,Windows,unspecified
23:08:50.112,202.866,0.2641,0.2109,0.2375,0.6391,0.0667,NORMAL,4,0,Windows,unspecified
23:08:50.142,202.896,0.2641,0.2185,0.2413,0.6433,0.0733,NORMAL,5,0,Windows,unspecified
23:08:50.174,202.928,0.2465,0.1768,0.2117,0.642,0.08,NORMAL,6,0,Windows,unspecified
23:08:50.204,202.958,0.2284,0.1832,0.2058,0.6356,0.0867,NORMAL,7,0,Windows,unspecified
23:08:50.238,202.992,0.2048,0.1785,0.1917,0.655,0.0933,NORMAL,8,1,Windows,unspecified
23:08:50.268,203.022,0.2093,0.1832,0.1962,0.6646,0.1,NORMAL,9,2,Windows,unspecified
23:08:50.300,203.054,0.2058,0.1775,0.1917,0.6655,0.1067,WARNING,10,3,Windows,unspecified
23:08:50.331,203.085,0.2058,0.1775,0.1917,0.6686,0.1133,WARNING,11,4,Windows,unspecified
23:08:50.362,203.116,0.2373,0.2185,0.2279,0.6686,0.12,WARNING,12,5,Windows,unspecified
23:08:50.394,203.148,0.2373,0.2185,0.2279,0.6822,0.1267,WARNING,13,6,Windows,unspecified
23:08:50.422,203.176,0.2687,0.2109,0.2398,0.7025,0.1333,WARNING,14,7,Windows,unspecified
23:08:50.475,203.229,0.2765,0.2475,0.262,0.6856,0.14,WARNING,15,8,Windows,unspecified
23:08:50.503,203.257,0.2765,0.2487,0.2626,0.6729,0.1467,WARNING,16,9,Windows,unspecified
23:08:50.535,203.289,0.2766,0.2461,0.2613,0.6769,0.1533,WARNING,17,10,Windows,unspecified
23:08:50.565,203.319,0.2774,0.2397,0.2585,0.6871,0.16,WARNING,18,11,Windows,unspecified
23:08:50.599,203.353,0.2603,0.2578,0.259,0.6871,0.1667,WARNING,19,12,Windows,unspecified
23:08:50.630,203.383,0.2603,0.2578,0.259,0.6871,0.1733,DROWSY,20,13,Windows,unspecified
23:08:50.660,203.414,0.2973,0.2591,0.2782,0.6871,0.18,DROWSY,21,14,Windows,unspecified
23:08:50.692,203.446,0.2973,0.2501,0.2737,0.6904,0.1867,DROWSY,22,15,Windows,unspecified
23:08:50.722,203.476,0.2973,0.2312,0.2642,0.6904,0.1933,DROWSY,23,16,Windows,unspecified
23:08:50.754,203.508,0.2805,0.2475,0.264,0.6919,0.2,DROWSY,24,17,Windows,unspecified
23:08:50.784,203.538,0.2973,0.2652,0.2812,0.6919,0.2067,DROWSY,25,18,Windows,unspecified
23:08:50.816,203.57,0.295,0.2474,0.2712,0.6842,0.2133,DROWSY,26,19,Windows,unspecified
23:08:50.875,203.629,0.2851,0.2754,0.2803,0.6842,0.22,DROWSY,27,20,Windows,unspecified
23:08:50.910,203.664,0.3048,0.2899,0.2973,0.6686,0.2267,DROWSY,28,21,Windows,unspecified
23:08:50.943,203.697,0.3229,0.3058,0.3144,0.6758,0.2267,WARNING,0,22,Windows,unspecified
23:08:50.975,203.729,0.3204,0.3074,0.3139,0.6058,0.2267,NORMAL,0,0,Windows,unspecified
23:08:51.003,203.757,0.3343,0.3058,0.32,0.6048,0.2267,NORMAL,0,0,Windows,unspecified
23:08:51.035,203.789,0.3514,0.3058,0.3286,0.4602,0.2267,NORMAL,0,0,Windows,unspecified
23:08:51.066,203.82,0.3514,0.3398,0.3456,0.4564,0.2267,NORMAL,0,0,Windows,unspecified
23:08:51.098,203.852,0.3491,0.3407,0.3449,0.4248,0.2267,NORMAL,0,0,Windows,unspecified
23:08:51.129,203.883,0.3517,0.3568,0.3542,0.4046,0.2267,NORMAL,0,0,Windows,unspecified
23:08:51.160,203.914,0.366,0.3568,0.3614,0.3918,0.2267,NORMAL,0,0,Windows,unspecified
23:08:51.191,203.945,0.3635,0.3594,0.3615,0.4085,0.2267,NORMAL,0,0,Windows,unspecified
23:08:51.225,203.979,0.3823,0.3624,0.3724,0.3831,0.2267,NORMAL,0,0,Windows,unspecified
23:08:51.276,204.03,0.421,0.3972,0.4091,0.3875,0.2267,NORMAL,0,0,Windows,unspecified
23:08:51.301,204.055,0.4185,0.3979,0.4082,0.3906,0.2267,NORMAL,0,0,Windows,unspecified
23:08:51.334,204.088,0.4023,0.3979,0.4001,0.3906,0.2267,NORMAL,0,0,Windows,unspecified
23:08:51.364,204.118,0.4695,0.4306,0.45,0.4011,0.2267,NORMAL,0,0,Windows,unspecified
23:08:51.396,204.15,0.4681,0.4171,0.4426,0.3972,0.2267,NORMAL,0,0,Windows,unspecified
23:08:51.428,204.182,0.4327,0.3835,0.4081,0.3903,0.2267,NORMAL,0,0,Windows,unspecified
23:08:51.459,204.213,0.4183,0.4208,0.4195,0.3919,0.2267,NORMAL,0,0,Windows,unspecified
23:08:51.490,204.243,0.405,0.3756,0.3903,0.3906,0.2267,NORMAL,0,0,Windows,unspecified
23:08:51.521,204.274,0.4183,0.3909,0.4046,0.3892,0.2267,NORMAL,0,0,Windows,unspecified
23:08:51.553,204.307,0.4238,0.4214,0.4226,0.3889,0.2267,NORMAL,0,0,Windows,unspecified
23:08:51.584,204.338,0.4238,0.4214,0.4226,0.3829,0.2267,NORMAL,0,0,Windows,unspecified
23:08:51.615,204.369,0.4208,0.4061,0.4135,0.3889,0.2267,NORMAL,0,0,Windows,unspecified
23:08:51.673,204.427,0.405,0.4089,0.4069,0.3918,0.2267,NORMAL,0,0,Windows,unspecified
23:08:51.695,204.449,0.4083,0.3924,0.4003,0.3768,0.2267,NORMAL,0,0,Windows,unspecified
23:08:51.726,204.48,0.405,0.4043,0.4047,0.3859,0.2267,NORMAL,0,0,Windows,unspecified
23:08:51.755,204.509,0.405,0.4043,0.4047,0.3885,0.2267,NORMAL,0,0,Windows,unspecified
23:08:51.788,204.542,0.405,0.4043,0.4047,0.3931,0.2267,NORMAL,0,0,Windows,unspecified
23:08:51.820,204.574,0.4208,0.4022,0.4115,0.3932,0.2267,NORMAL,0,0,Windows,unspecified
23:08:51.851,204.605,0.4208,0.4022,0.4115,0.3932,0.2267,NORMAL,0,0,Windows,unspecified
23:08:51.881,204.635,0.4189,0.4043,0.4116,0.3932,0.2267,NORMAL,0,0,Windows,unspecified
23:08:51.914,204.668,0.3892,0.3891,0.3892,0.3958,0.2267,NORMAL,0,0,Windows,unspecified
23:08:51.950,204.703,0.405,0.4032,0.4041,0.3812,0.2267,NORMAL,0,0,Windows,unspecified
23:08:51.978,204.732,0.405,0.3891,0.397,0.3783,0.2267,NORMAL,0,0,Windows,unspecified
23:08:52.014,204.768,0.405,0.4346,0.4198,0.3845,0.2267,NORMAL,0,0,Windows,unspecified
23:08:52.073,204.827,0.4208,0.3872,0.404,0.3889,0.2267,NORMAL,0,0,Windows,unspecified
23:08:52.105,204.859,0.4065,0.3757,0.3911,0.3874,0.22,NORMAL,0,0,Windows,unspecified
23:08:52.134,204.888,0.4065,0.3774,0.3919,0.3952,0.2133,NORMAL,0,0,Windows,unspecified
23:08:52.166,204.92,0.4065,0.3757,0.3911,0.4,0.2067,NORMAL,0,0,Windows,unspecified
23:08:52.198,204.952,0.4199,0.3757,0.3978,0.4,0.2,NORMAL,0,0,Windows,unspecified
23:08:52.229,204.983,0.405,0.3852,0.3951,0.3841,0.1933,NORMAL,0,0,Windows,unspecified
23:08:52.259,205.013,0.3693,0.3756,0.3725,0.3802,0.1867,NORMAL,0,0,Windows,unspecified
23:08:52.291,205.045,0.3994,0.3737,0.3865,0.38,0.1867,NORMAL,0,0,Windows,unspecified
23:08:52.323,205.077,0.405,0.4012,0.4031,0.38,0.1867,NORMAL,0,0,Windows,unspecified
23:08:52.355,205.109,0.3853,0.3872,0.3862,0.3904,0.1867,NORMAL,0,0,Windows,unspecified
23:08:52.384,205.138,0.3906,0.3874,0.389,0.3859,0.1867,NORMAL,0,0,Windows,unspecified
23:08:52.416,205.17,0.3908,0.3971,0.394,0.384,0.1867,NORMAL,0,0,Windows,unspecified
23:08:52.474,205.228,0.4026,0.3872,0.3949,0.3844,0.1867,NORMAL,0,0,Windows,unspecified
23:08:52.509,205.263,0.3874,0.3579,0.3727,0.3887,0.1867,NORMAL,0,0,Windows,unspecified
23:08:52.540,205.294,0.3735,0.3718,0.3726,0.3887,0.1867,NORMAL,0,0,Windows,unspecified
23:08:52.570,205.324,0.3728,0.3835,0.3781,0.3816,0.1867,NORMAL,0,0,Windows,unspecified
23:08:52.604,205.358,0.3866,0.3835,0.3851,0.3873,0.1867,NORMAL,0,0,Windows,unspecified
23:08:52.634,205.388,0.4046,0.3855,0.395,0.3859,0.1867,NORMAL,0,0,Windows,unspecified
23:08:52.665,205.419,0.3715,0.3756,0.3735,0.3816,0.1867,NORMAL,0,0,Windows,unspecified
23:08:52.696,205.45,0.3872,0.3676,0.3774,0.383,0.1867,NORMAL,0,0,Windows,unspecified
23:08:52.728,205.482,0.3999,0.3909,0.3954,0.3887,0.1867,NORMAL,0,0,Windows,unspecified
23:08:52.761,205.515,0.3872,0.3872,0.3872,0.3818,0.1867,NORMAL,0,0,Windows,unspecified
23:08:52.791,205.545,0.402,0.4032,0.4026,0.3821,0.1867,NORMAL,0,0,Windows,unspecified
23:08:52.820,205.574,0.405,0.4013,0.4032,0.3746,0.1867,NORMAL,0,0,Windows,unspecified
23:08:52.873,205.627,0.4032,0.3872,0.3952,0.3875,0.1867,NORMAL,0,0,Windows,unspecified
23:08:52.898,205.652,0.4183,0.3872,0.4027,0.3991,0.1867,NORMAL,0,0,Windows,unspecified
23:08:52.931,205.685,0.4183,0.4013,0.4098,0.3932,0.1867,NORMAL,0,0,Windows,unspecified
23:08:52.959,205.713,0.4183,0.3872,0.4027,0.3958,0.1867,NORMAL,0,0,Windows,unspecified
23:08:52.993,205.747,0.4183,0.3872,0.4027,0.3958,0.1867,NORMAL,0,0,Windows,unspecified
23:08:53.024,205.778,0.405,0.3891,0.397,0.3912,0.1867,NORMAL,0,0,Windows,unspecified
23:08:53.055,205.809,0.405,0.3891,0.397,0.3899,0.1867,NORMAL,0,0,Windows,unspecified
23:08:53.087,205.841,0.4032,0.4043,0.4038,0.3874,0.1867,NORMAL,0,0,Windows,unspecified
23:08:53.118,205.872,0.4065,0.4061,0.4063,0.3801,0.1867,NORMAL,0,0,Windows,unspecified
23:08:53.152,205.906,0.3906,0.4208,0.4057,0.3943,0.1867,NORMAL,0,0,Windows,unspecified
23:08:53.180,205.934,0.4363,0.4061,0.4212,0.3869,0.1867,NORMAL,0,0,Windows,unspecified
23:08:53.215,205.969,0.4363,0.4061,0.4212,0.3869,0.1867,NORMAL,0,0,Windows,unspecified
23:08:53.278,206.032,0.4046,0.4061,0.4054,0.3815,0.1867,NORMAL,0,0,Windows,unspecified
23:08:53.306,206.06,0.4046,0.4189,0.4117,0.3841,0.1867,NORMAL,0,0,Windows,unspecified
23:08:53.339,206.093,0.4065,0.4032,0.4048,0.3912,0.1867,NORMAL,0,0,Windows,unspecified
23:08:53.370,206.124,0.4208,0.4189,0.4198,0.3858,0.1867,NORMAL,0,0,Windows,unspecified
23:08:53.401,206.155,0.4208,0.4208,0.4208,0.3789,0.1867,NORMAL,0,0,Windows,unspecified
23:08:53.433,206.187,0.4032,0.4208,0.412,0.3905,0.1867,NORMAL,0,0,Windows,unspecified
23:08:53.463,206.217,0.419,0.419,0.419,0.3815,0.1867,NORMAL,0,0,Windows,unspecified
23:08:53.495,206.249,0.4191,0.4197,0.4194,0.3818,0.1867,NORMAL,0,0,Windows,unspecified
23:08:53.524,206.278,0.4032,0.4197,0.4115,0.3866,0.1867,NORMAL,0,0,Windows,unspecified
23:08:53.556,206.31,0.4032,0.4215,0.4124,0.3884,0.1867,NORMAL,0,0,Windows,unspecified
23:08:53.588,206.342,0.4032,0.4061,0.4046,0.3893,0.1867,NORMAL,0,0,Windows,unspecified
23:08:53.619,206.373,0.4346,0.419,0.4268,0.3893,0.1867,NORMAL,0,0,Windows,unspecified
23:08:53.675,206.429,0.419,0.419,0.419,0.3941,0.1867,NORMAL,0,0,Windows,unspecified
23:08:53.713,206.467,0.4327,0.4208,0.4267,0.3985,0.1867,NORMAL,0,0,Windows,unspecified
23:08:53.743,206.497,0.4327,0.419,0.4258,0.3985,0.1867,NORMAL,0,0,Windows,unspecified
23:08:53.775,206.529,0.4327,0.4171,0.4249,0.402,0.1867,NORMAL,0,0,Windows,unspecified
23:08:53.804,206.558,0.4327,0.4208,0.4267,0.402,0.1867,NORMAL,0,0,Windows,unspecified
23:08:53.835,206.589,0.4327,0.419,0.4258,0.3985,0.1867,NORMAL,0,0,Windows,unspecified
23:08:53.866,206.62,0.4159,0.419,0.4174,0.3985,0.1867,NORMAL,0,0,Windows,unspecified
23:08:53.897,206.651,0.0993,0.1174,0.1084,0.3952,0.1933,NORMAL,1,0,Windows,unspecified
23:08:53.928,206.682,0.0484,0.0843,0.0663,0.3928,0.2,NORMAL,2,0,Windows,unspecified
23:08:53.960,206.714,0.0214,0.0553,0.0384,0.3866,0.2067,NORMAL,3,0,Windows,unspecified
23:08:53.991,206.745,0.0303,0.0366,0.0334,0.3749,0.2133,NORMAL,4,0,Windows,unspecified
23:08:54.037,206.791,0.1272,0.102,0.1146,0.3825,0.22,NORMAL,5,0,Windows,unspecified
23:08:54.077,206.831,0.2778,0.2473,0.2626,0.3792,0.2267,NORMAL,6,0,Windows,unspecified
23:08:54.115,206.869,0.3012,0.2877,0.2944,0.3792,0.2333,NORMAL,7,0,Windows,unspecified
23:08:54.146,206.9,0.3177,0.3204,0.3191,0.3867,0.2333,NORMAL,0,0,Windows,unspecified
23:08:54.177,206.931,0.3498,0.3358,0.3428,0.3867,0.2333,NORMAL,0,0,Windows,unspecified
23:08:54.208,206.962,0.3664,0.3521,0.3592,0.3867,0.2333,NORMAL,0,0,Windows,unspecified
23:08:54.241,206.995,0.3829,0.3672,0.375,0.3867,0.2333,NORMAL,0,0,Windows,unspecified
23:08:54.269,207.023,0.3829,0.3672,0.375,0.3867,0.2333,NORMAL,0,0,Windows,unspecified
23:08:54.302,207.055,0.3979,0.3835,0.3907,0.3892,0.2333,NORMAL,0,0,Windows,unspecified
23:08:54.331,207.085,0.3979,0.4014,0.3997,0.3803,0.2333,NORMAL,0,0,Windows,unspecified
23:08:54.362,207.116,0.4001,0.3886,0.3944,0.3788,0.2333,NORMAL,0,0,Windows,unspecified
23:08:54.394,207.148,0.4016,0.3872,0.3944,0.3763,0.2333,NORMAL,0,0,Windows,unspecified
23:08:54.423,207.177,0.3851,0.405,0.3951,0.3835,0.2333,NORMAL,0,0,Windows,unspecified
23:08:54.473,207.227,0.3851,0.405,0.3951,0.3835,0.2333,NORMAL,0,0,Windows,unspecified
23:08:54.499,207.253,0.3851,0.4032,0.3941,0.3835,0.2333,NORMAL,0,0,Windows,unspecified
23:08:54.531,207.285,0.3851,0.4032,0.3941,0.3835,0.2333,NORMAL,0,0,Windows,unspecified
23:08:54.562,207.316,0.3851,0.3852,0.3852,0.3859,0.2333,NORMAL,0,0,Windows,unspecified
23:08:54.595,207.349,0.3851,0.3852,0.3852,0.3859,0.2333,NORMAL,0,0,Windows,unspecified
23:08:54.624,207.378,0.3851,0.403,0.3941,0.3835,0.2333,NORMAL,0,0,Windows,unspecified
23:08:54.655,207.409,0.3851,0.405,0.3951,0.3859,0.2333,NORMAL,0,0,Windows,unspecified
23:08:54.686,207.44,0.3851,0.405,0.3951,0.3859,0.2333,NORMAL,0,0,Windows,unspecified
23:08:54.718,207.472,0.3851,0.4065,0.3958,0.3922,0.2333,NORMAL,0,0,Windows,unspecified
23:08:54.751,207.505,0.3836,0.3906,0.3871,0.3859,0.2333,NORMAL,0,0,Windows,unspecified
23:08:54.779,207.533,0.3715,0.3888,0.3801,0.3859,0.2333,NORMAL,0,0,Windows,unspecified
23:08:54.813,207.567,0.3715,0.3888,0.3801,0.3905,0.2333,NORMAL,0,0,Windows,unspecified
23:08:54.891,207.645,0.3715,0.3888,0.3801,0.3859,0.2333,NORMAL,0,0,Windows,unspecified
23:08:54.920,207.674,0.3872,0.3888,0.388,0.3859,0.2333,NORMAL,0,0,Windows,unspecified
23:08:54.953,207.706,0.3872,0.3924,0.3898,0.3937,0.2333,NORMAL,0,0,Windows,unspecified
23:08:54.984,207.738,0.3728,0.3874,0.3801,0.3859,0.2333,NORMAL,0,0,Windows,unspecified
23:08:55.015,207.769,0.3728,0.3874,0.3801,0.3859,0.2267,NORMAL,0,0,Windows,unspecified
23:08:55.047,207.801,0.3851,0.3874,0.3863,0.3859,0.22,NORMAL,0,0,Windows,unspecified
23:08:55.077,207.831,0.3851,0.3874,0.3863,0.3908,0.2133,NORMAL,0,0,Windows,unspecified
23:08:55.109,207.863,0.3851,0.3874,0.3863,0.3908,0.2067,NORMAL,0,0,Windows,unspecified
23:08:55.142,207.896,0.3851,0.3874,0.3863,0.3877,0.2,NORMAL,0,0,Windows,unspecified
23:08:55.170,207.924,0.3851,0.3715,0.3783,0.3858,0.1933,NORMAL,0,0,Windows,unspecified
23:08:55.204,207.958,0.3728,0.3728,0.3728,0.3858,0.1867,NORMAL,0,0,Windows,unspecified
23:08:55.233,207.987,0.3728,0.3728,0.3728,0.3843,0.18,NORMAL,0,0,Windows,unspecified
23:08:55.289,208.043,0.3728,0.3728,0.3728,0.3843,0.1733,NORMAL,0,0,Windows,unspecified
23:08:55.314,208.068,0.3728,0.3715,0.3721,0.3817,0.1667,NORMAL,0,0,Windows,unspecified
23:08:55.344,208.098,0.3728,0.3728,0.3728,0.3817,0.16,NORMAL,0,0,Windows,unspecified
23:08:55.374,208.128,0.3715,0.3728,0.3721,0.3817,0.1533,NORMAL,0,0,Windows,unspecified
23:08:55.405,208.159,0.3715,0.3728,0.3721,0.3817,0.1467,NORMAL,0,0,Windows,unspecified
23:08:55.438,208.192,0.3715,0.3728,0.3721,0.3774,0.14,NORMAL,0,0,Windows,unspecified
23:08:55.470,208.224,0.3872,0.3728,0.38,0.3803,0.1333,NORMAL,0,0,Windows,unspecified
23:08:55.502,208.256,0.3872,0.3872,0.3872,0.3841,0.1267,NORMAL,0,0,Windows,unspecified
23:08:55.532,208.286,0.3836,0.3872,0.3854,0.3818,0.12,NORMAL,0,0,Windows,unspecified
23:08:55.561,208.315,0.2944,0.3012,0.2978,0.3833,0.12,NORMAL,1,0,Windows,unspecified
23:08:55.595,208.349,0.2603,0.2696,0.2649,0.3881,0.12,NORMAL,2,0,Windows,unspecified
23:08:55.625,208.379,0.1054,0.102,0.1037,0.4189,0.12,NORMAL,3,0,Windows,unspecified
23:08:55.690,208.444,0.05,0.0721,0.061,0.4626,0.12,NORMAL,4,0,Windows,unspecified
23:08:55.719,208.473,0.0706,0.0721,0.0713,0.4762,0.12,NORMAL,5,0,Windows,unspecified
23:08:55.748,208.502,0.09,0.0721,0.081,0.4762,0.12,NORMAL,6,0,Windows,unspecified
23:08:55.780,208.534,0.086,0.0469,0.0664,0.5083,0.12,NORMAL,7,0,Windows,unspecified
23:08:55.813,208.567,0.1026,0.0625,0.0826,0.5185,0.12,NORMAL,8,0,Windows,unspecified
23:08:55.842,208.596,0.1025,0.0312,0.0669,0.5405,0.12,NORMAL,9,0,Windows,unspecified
23:08:55.875,208.629,0.1052,0.0645,0.0848,0.5453,0.12,WARNING,10,0,Windows,unspecified
23:08:55.905,208.659,0.1025,0.0721,0.0873,0.593,0.12,WARNING,11,0,Windows,unspecified
23:08:55.937,208.691,0.1397,0.0706,0.1051,0.5902,0.1267,WARNING,12,0,Windows,unspecified
23:08:55.969,208.723,0.1347,0.0806,0.1077,0.6193,0.1333,WARNING,13,0,Windows,unspecified
23:08:56.001,208.755,0.1534,0.0998,0.1266,0.619,0.14,WARNING,14,0,Windows,unspecified
23:08:56.030,208.784,0.1854,0.1025,0.144,0.6536,0.1467,WARNING,15,1,Windows,unspecified
23:08:56.089,208.843,0.2687,0.2861,0.2774,0.7076,0.1533,WARNING,16,2,Windows,unspecified
23:08:56.125,208.879,0.2905,0.2761,0.2833,0.703,0.16,WARNING,17,3,Windows,unspecified
23:08:56.158,208.912,0.2733,0.2599,0.2666,0.7267,0.1667,WARNING,18,4,Windows,unspecified
23:08:56.190,208.943,0.3394,0.3139,0.3266,0.7405,0.1667,NORMAL,0,5,Windows,unspecified
23:08:56.218,208.972,0.3664,0.349,0.3577,0.733,0.1667,NORMAL,0,6,Windows,unspecified
23:08:56.253,209.007,0.367,0.3746,0.3708,0.7685,0.1667,NORMAL,0,7,Windows,unspecified
23:08:56.281,209.035,0.391,0.369,0.38,0.7706,0.1667,NORMAL,0,8,Windows,unspecified
23:08:56.314,209.068,0.3935,0.3569,0.3752,0.8018,0.1667,NORMAL,0,9,Windows,unspecified
23:08:56.346,209.1,0.3839,0.3873,0.3856,0.8003,0.1667,NORMAL,0,10,Windows,unspecified
23:08:56.376,209.13,0.391,0.377,0.384,0.8253,0.1667,NORMAL,0,11,Windows,unspecified
23:08:56.409,209.163,0.3935,0.3746,0.384,0.8299,0.1667,NORMAL,0,12,Windows,unspecified
23:08:56.440,209.194,0.4091,0.3737,0.3914,0.8296,0.1667,NORMAL,0,13,Windows,unspecified
23:08:56.489,209.243,0.3808,0.3749,0.3779,0.8516,0.1667,NORMAL,0,14,Windows,unspecified
23:08:56.517,209.271,0.3784,0.361,0.3697,0.8607,0.1667,WARNING,0,15,Windows,unspecified
23:08:56.549,209.303,0.3757,0.3781,0.3769,0.8677,0.1667,WARNING,0,16,Windows,unspecified
23:08:56.579,209.333,0.3946,0.3737,0.3842,0.8403,0.1667,WARNING,0,17,Windows,unspecified
23:08:56.612,209.366,0.3757,0.356,0.3659,0.849,0.1667,WARNING,0,18,Windows,unspecified
23:08:56.644,209.398,0.3784,0.3874,0.3829,0.812,0.1667,WARNING,0,19,Windows,unspecified
23:08:56.676,209.43,0.3808,0.356,0.3684,0.8377,0.1667,WARNING,0,20,Windows,unspecified
23:08:56.707,209.46,0.3654,0.3737,0.3695,0.8298,0.1667,WARNING,0,21,Windows,unspecified
23:08:56.738,209.492,0.3677,0.377,0.3723,0.8325,0.1667,WARNING,0,22,Windows,unspecified
23:08:56.770,209.524,0.3555,0.356,0.3558,0.8343,0.1667,WARNING,0,23,Windows,unspecified
23:08:56.801,209.555,0.3677,0.3699,0.3688,0.8203,0.1667,WARNING,0,24,Windows,unspecified
23:08:56.833,209.587,0.3677,0.369,0.3684,0.8199,0.1667,WARNING,0,25,Windows,unspecified
23:08:56.890,209.644,0.3677,0.3856,0.3767,0.8099,0.1667,WARNING,0,26,Windows,unspecified
23:08:56.924,209.678,0.3654,0.3914,0.3784,0.8107,0.1667,WARNING,0,27,Windows,unspecified
23:08:56.953,209.707,0.383,0.3914,0.3872,0.7976,0.1667,WARNING,0,28,Windows,unspecified
23:08:56.988,209.742,0.3877,0.3729,0.3803,0.7761,0.1667,WARNING,0,29,Windows,unspecified
23:08:57.018,209.772,0.3847,0.3721,0.3784,0.7657,0.1667,WARNING,0,30,Windows,unspecified
23:08:57.050,209.804,0.3873,0.3525,0.3699,0.7006,0.1667,WARNING,0,31,Windows,unspecified
23:08:57.080,209.834,0.3677,0.3525,0.3601,0.664,0.1667,WARNING,0,32,Windows,unspecified
23:08:57.120,209.874,0.2828,0.3233,0.3031,0.5702,0.1667,NORMAL,0,0,Windows,unspecified
23:08:57.142,209.896,0.3154,0.3065,0.3109,0.5568,0.1667,NORMAL,0,0,Windows,unspecified
23:08:57.173,209.927,0.3145,0.2989,0.3067,0.5337,0.1667,NORMAL,0,0,Windows,unspecified
23:08:57.206,209.96,0.3269,0.3162,0.3216,0.5261,0.1667,NORMAL,0,0,Windows,unspecified
23:08:57.236,209.99,0.3199,0.3208,0.3204,0.4647,0.1667,NORMAL,0,0,Windows,unspecified
23:08:57.289,210.043,0.3101,0.3033,0.3067,0.4076,0.1667,NORMAL,0,0,Windows,unspecified
23:08:57.317,210.071,0.2928,0.2731,0.283,0.3951,0.1733,NORMAL,1,0,Windows,unspecified
23:08:57.349,210.103,0.2981,0.2712,0.2846,0.3879,0.18,NORMAL,2,0,Windows,unspecified
23:08:57.379,210.133,0.2837,0.2637,0.2737,0.3725,0.1867,NORMAL,3,0,Windows,unspecified
23:08:57.410,210.163,0.3111,0.2998,0.3055,0.3725,0.1867,NORMAL,0,0,Windows,unspecified
23:08:57.440,210.194,0.3291,0.2888,0.309,0.3873,0.1867,NORMAL,0,0,Windows,unspecified
23:08:57.470,210.224,0.334,0.2743,0.3042,0.3856,0.1867,NORMAL,0,0,Windows,unspecified
23:08:57.503,210.257,0.3261,0.2808,0.3035,0.4013,0.1867,NORMAL,0,0,Windows,unspecified
23:08:57.536,210.29,0.3439,0.2808,0.3124,0.3843,0.1867,NORMAL,0,0,Windows,unspecified
23:08:57.580,210.334,0.3263,0.2828,0.3046,0.4038,0.1867,NORMAL,0,0,Windows,unspecified
23:08:57.607,210.361,0.3263,0.2992,0.3128,0.391,0.1867,NORMAL,0,0,Windows,unspecified
23:08:57.644,210.398,0.2978,0.2908,0.2943,0.3999,0.1933,NORMAL,1,0,Windows,unspecified
23:08:57.690,210.444,0.3343,0.3067,0.3205,0.3935,0.1933,NORMAL,0,0,Windows,unspecified
23:08:57.719,210.473,0.3539,0.3067,0.3303,0.3818,0.1933,NORMAL,0,0,Windows,unspecified
23:08:57.753,210.507,0.3514,0.2995,0.3255,0.3826,0.1933,NORMAL,0,0,Windows,unspecified
23:08:57.783,210.537,0.3533,0.3056,0.3294,0.3915,0.1933,NORMAL,0,0,Windows,unspecified
23:08:57.813,210.567,0.3536,0.3056,0.3296,0.3788,0.1933,NORMAL,0,0,Windows,unspecified
23:08:57.845,210.599,0.3514,0.3374,0.3444,0.383,0.1933,NORMAL,0,0,Windows,unspecified
23:08:57.877,210.631,0.3539,0.3374,0.3457,0.3806,0.1933,NORMAL,0,0,Windows,unspecified
23:08:57.909,210.663,0.3555,0.3485,0.352,0.3751,0.1933,NORMAL,0,0,Windows,unspecified
23:08:57.937,210.691,0.3533,0.3534,0.3533,0.3803,0.1933,NORMAL,0,0,Windows,unspecified
23:08:57.972,210.725,0.3343,0.3546,0.3444,0.3852,0.1933,NORMAL,0,0,Windows,unspecified
23:08:58.003,210.757,0.3367,0.3546,0.3457,0.3894,0.1933,NORMAL,0,0,Windows,unspecified
23:08:58.033,210.787,0.3696,0.3387,0.3541,0.3807,0.1933,NORMAL,0,0,Windows,unspecified
23:08:58.065,210.819,0.3531,0.3507,0.3519,0.3807,0.1933,NORMAL,0,0,Windows,unspecified
23:08:58.097,210.851,0.3508,0.3215,0.3362,0.378,0.1933,NORMAL,0,0,Windows,unspecified
23:08:58.126,210.88,0.3508,0.3396,0.3452,0.3797,0.1933,NORMAL,0,0,Windows,unspecified
23:08:58.158,210.912,0.3177,0.3358,0.3268,0.3825,0.1933,NORMAL,0,0,Windows,unspecified
23:08:58.189,210.943,0.3177,0.3031,0.3104,0.3825,0.1933,NORMAL,0,0,Windows,unspecified
23:08:58.221,210.975,0.3012,0.3031,0.3021,0.3872,0.1933,NORMAL,0,0,Windows,unspecified
23:08:58.252,211.006,0.3039,0.3031,0.3035,0.3874,0.1933,NORMAL,0,0,Windows,unspecified
23:08:58.286,211.04,0.3012,0.3193,0.3102,0.3825,0.1933,NORMAL,0,0,Windows,unspecified
23:08:58.314,211.068,0.3012,0.3202,0.3107,0.3872,0.1933,NORMAL,0,0,Windows,unspecified
23:08:58.350,211.104,0.3177,0.3075,0.3126,0.3827,0.1933,NORMAL,0,0,Windows,unspecified
23:08:58.376,211.13,0.3235,0.2934,0.3085,0.3831,0.1933,NORMAL,0,0,Windows,unspecified
23:08:58.415,211.169,0.3177,0.2908,0.3042,0.3815,0.1933,NORMAL,0,0,Windows,unspecified
23:08:58.440,211.194,0.2877,0.3003,0.294,0.3859,0.2,NORMAL,1,0,Windows,unspecified
23:08:58.494,211.248,0.2874,0.3003,0.2939,0.4001,0.2067,NORMAL,2,0,Windows,unspecified
23:08:58.517,211.271,0.2874,0.3031,0.2952,0.3953,0.2133,NORMAL,3,0,Windows,unspecified
23:08:58.554,211.308,0.2851,0.2915,0.2883,0.3827,0.22,NORMAL,4,0,Windows,unspecified
23:08:58.579,211.333,0.3017,0.3012,0.3014,0.3868,0.22,NORMAL,0,0,Windows,unspecified
23:08:58.622,211.376,0.2847,0.3003,0.2925,0.3815,0.2267,NORMAL,1,0,Windows,unspecified
23:08:58.656,211.41,0.3012,0.2839,0.2925,0.3742,0.2333,NORMAL,2,0,Windows,unspecified
23:08:58.689,211.443,0.3177,0.3067,0.3122,0.3789,0.2333,NORMAL,0,0,Windows,unspecified
23:08:58.719,211.473,0.3168,0.3227,0.3198,0.3868,0.2333,NORMAL,0,0,Windows,unspecified
23:08:58.750,211.504,0.3508,0.3249,0.3378,0.3831,0.2333,NORMAL,0,0,Windows,unspecified
23:08:58.780,211.534,0.3508,0.3249,0.3378,0.3806,0.2333,NORMAL,0,0,Windows,unspecified
23:08:58.815,211.568,0.3508,0.3333,0.3421,0.3758,0.2333,NORMAL,0,0,Windows,unspecified
23:08:58.845,211.599,0.3508,0.3333,0.3421,0.3743,0.2333,NORMAL,0,0,Windows,unspecified
23:08:58.893,211.647,0.3628,0.3358,0.3493,0.3784,0.2267,NORMAL,0,0,Windows,unspecified
23:08:58.924,211.678,0.3508,0.3333,0.3421,0.3836,0.22,NORMAL,0,0,Windows,unspecified
23:08:58.959,211.713,0.3177,0.3333,0.3255,0.3813,0.2133,NORMAL,0,0,Windows,unspecified
23:08:58.985,211.739,0.3177,0.3251,0.3214,0.3856,0.2067,NORMAL,0,0,Windows,unspecified
23:08:59.021,211.775,0.3177,0.3251,0.3214,0.38,0.2,NORMAL,0,0,Windows,unspecified
23:08:59.049,211.803,0.3177,0.3251,0.3214,0.38,0.1933,NORMAL,0,0,Windows,unspecified
23:08:59.085,211.839,0.3286,0.3193,0.324,0.3855,0.1867,NORMAL,0,0,Windows,unspecified
23:08:59.110,211.864,0.3177,0.3099,0.3138,0.3855,0.1867,NORMAL,0,0,Windows,unspecified
23:08:59.150,211.904,0.3508,0.3251,0.3379,0.3846,0.1867,NORMAL,0,0,Windows,unspecified
23:08:59.173,211.927,0.3343,0.3333,0.3338,0.3963,0.1867,NORMAL,0,0,Windows,unspecified
23:08:59.213,211.967,0.3343,0.3251,0.3297,0.3976,0.1867,NORMAL,0,0,Windows,unspecified
23:08:59.236,211.99,0.3177,0.3227,0.3202,0.3919,0.1867,NORMAL,0,0,Windows,unspecified
23:08:59.294,212.048,0.3177,0.3251,0.3214,0.3939,0.1867,NORMAL,0,0,Windows,unspecified
23:08:59.329,212.083,0.3177,0.3251,0.3214,0.3994,0.1867,NORMAL,0,0,Windows,unspecified
23:08:59.360,212.114,0.3226,0.3251,0.3239,0.4095,0.1867,NORMAL,0,0,Windows,unspecified
23:08:59.391,212.145,0.3343,0.3251,0.3297,0.4093,0.1867,NORMAL,0,0,Windows,unspecified
23:08:59.438,212.192,0.3066,0.3251,0.3158,0.4093,0.1867,NORMAL,0,0,Windows,unspecified
23:08:59.469,212.223,0.3066,0.341,0.3238,0.4016,0.1867,NORMAL,0,0,Windows,unspecified
23:08:59.500,212.254,0.3177,0.341,0.3294,0.4016,0.1867,NORMAL,0,0,Windows,unspecified
23:08:59.532,212.286,0.3177,0.3251,0.3214,0.4016,0.1867,NORMAL,0,0,Windows,unspecified
23:08:59.565,212.319,0.3177,0.3227,0.3202,0.4073,0.1867,NORMAL,0,0,Windows,unspecified
23:08:59.595,212.349,0.3177,0.3227,0.3202,0.4151,0.1867,NORMAL,0,0,Windows,unspecified
23:08:59.627,212.38,0.3177,0.3251,0.3214,0.4226,0.1867,NORMAL,0,0,Windows,unspecified
23:08:59.658,212.412,0.3177,0.3251,0.3214,0.4103,0.1867,NORMAL,0,0,Windows,unspecified
23:08:59.691,212.445,0.3177,0.2824,0.3001,0.513,0.1933,NORMAL,1,0,Windows,unspecified
23:08:59.721,212.475,0.3182,0.2915,0.3049,0.5181,0.1933,NORMAL,0,0,Windows,unspecified
23:08:59.758,212.512,0.3177,0.3259,0.3218,0.5956,0.1933,NORMAL,0,0,Windows,unspecified
23:08:59.784,212.538,0.3343,0.3028,0.3185,0.6108,0.1933,NORMAL,0,0,Windows,unspecified
23:08:59.820,212.574,0.3335,0.3005,0.317,0.6702,0.1933,NORMAL,0,1,Windows,unspecified
23:08:59.847,212.601,0.3506,0.3139,0.3323,0.6774,0.1933,NORMAL,0,2,Windows,unspecified
23:08:59.886,212.64,0.3393,0.3007,0.32,0.73,0.1933,NORMAL,0,3,Windows,unspecified
23:08:59.909,212.663,0.3385,0.3164,0.3275,0.7442,0.1933,NORMAL,0,4,Windows,unspecified
23:08:59.949,212.703,0.3331,0.324,0.3286,0.7701,0.1933,NORMAL,0,5,Windows,unspecified
23:08:59.985,212.739,0.3274,0.3242,0.3258,0.7698,0.1933,NORMAL,0,6,Windows,unspecified
23:09:00.017,212.771,0.3165,0.3175,0.317,0.8311,0.1933,NORMAL,0,7,Windows,unspecified
23:09:00.046,212.8,0.335,0.324,0.3295,0.8436,0.1933,NORMAL,0,8,Windows,unspecified
23:09:00.093,212.847,0.3103,0.3184,0.3144,0.8718,0.1933,NORMAL,0,9,Windows,unspecified
23:09:00.125,212.879,0.3285,0.3184,0.3235,0.8595,0.1933,NORMAL,0,10,Windows,unspecified
23:09:00.158,212.912,0.3276,0.3184,0.323,0.839,0.1933,NORMAL,0,11,Windows,unspecified
23:09:00.189,212.943,0.3167,0.3018,0.3093,0.8537,0.1933,NORMAL,0,12,Windows,unspecified
23:09:00.221,212.975,0.2931,0.3017,0.2974,0.8537,0.2,NORMAL,1,13,Windows,unspecified
23:09:00.253,213.007,0.2931,0.3017,0.2974,0.8603,0.2067,NORMAL,2,14,Windows,unspecified
23:09:00.284,213.038,0.3175,0.2589,0.2882,0.8411,0.2133,WARNING,3,15,Windows,unspecified
23:09:00.315,213.069,0.3167,0.2599,0.2883,0.8085,0.22,WARNING,4,16,Windows,unspecified
23:09:00.355,213.109,0.2676,0.2191,0.2433,0.6034,0.2267,NORMAL,5,0,Windows,unspecified
23:09:00.376,213.13,0.2609,0.2026,0.2318,0.5621,0.2333,NORMAL,6,0,Windows,unspecified
23:09:00.415,213.169,0.2608,0.2096,0.2352,0.4215,0.24,NORMAL,7,0,Windows,unspecified
23:09:00.441,213.195,0.2608,0.2096,0.2352,0.4068,0.2467,NORMAL,8,0,Windows,unspecified
23:09:00.493,213.247,0.2944,0.2437,0.2691,0.3858,0.2533,NORMAL,9,0,Windows,unspecified
23:09:00.518,213.272,0.2597,0.2603,0.26,0.394,0.26,WARNING,10,0,Windows,unspecified
23:09:00.557,213.311,0.2681,0.2635,0.2658,0.3789,0.26,WARNING,11,0,Windows,unspecified
23:09:00.580,213.334,0.2521,0.2797,0.2659,0.3719,0.26,WARNING,12,0,Windows,unspecified
23:09:00.620,213.374,0.2603,0.2674,0.2639,0.3734,0.26,WARNING,13,0,Windows,unspecified
23:09:00.644,213.398,0.2603,0.2797,0.27,0.37,0.26,WARNING,14,0,Windows,unspecified
23:09:00.686,213.44,0.2517,0.2705,0.2611,0.3755,0.26,WARNING,15,0,Windows,unspecified
23:09:00.722,213.476,0.2608,0.2797,0.2702,0.37,0.26,WARNING,16,0,Windows,unspecified
23:09:00.768,213.522,0.2635,0.2674,0.2654,0.3865,0.26,WARNING,17,0,Windows,unspecified
23:09:00.800,213.554,0.2603,0.2674,0.2639,0.3788,0.26,WARNING,18,0,Windows,unspecified
23:09:00.831,213.585,0.2774,0.2735,0.2754,0.3792,0.26,WARNING,19,0,Windows,unspecified
23:09:00.864,213.618,0.2774,0.2705,0.2739,0.3834,0.26,DROWSY,20,0,Windows,unspecified
23:09:00.890,213.644,0.2603,0.2705,0.2654,0.3783,0.26,DROWSY,21,0,Windows,unspecified
23:09:00.927,213.681,0.2603,0.2735,0.2669,0.3783,0.26,DROWSY,22,0,Windows,unspecified
23:09:00.958,213.712,0.2517,0.2735,0.2626,0.3715,0.26,DROWSY,23,0,Windows,unspecified
23:09:00.986,213.74,0.2517,0.2735,0.2626,0.3715,0.26,DROWSY,24,0,Windows,unspecified
23:09:01.021,213.775,0.2603,0.2674,0.2639,0.3712,0.26,DROWSY,25,0,Windows,unspecified
23:09:01.050,213.804,0.2603,0.2705,0.2654,0.38,0.26,DROWSY,26,0,Windows,unspecified
23:09:01.084,213.838,0.2936,0.2674,0.2805,0.3856,0.26,DROWSY,27,0,Windows,unspecified
23:09:01.112,213.866,0.2934,0.2874,0.2904,0.3785,0.26,DROWSY,28,0,Windows,unspecified
23:09:01.150,213.904,0.2774,0.2976,0.2875,0.3785,0.2667,DROWSY,29,0,Windows,unspecified
23:09:01.174,213.928,0.2603,0.2847,0.2725,0.3785,0.2733,DROWSY,30,0,Windows,unspecified
23:09:01.222,213.976,0.2944,0.2705,0.2824,0.38,0.28,DROWSY,31,0,Windows,unspecified
23:09:01.252,214.006,0.2936,0.2705,0.282,0.38,0.2867,DROWSY,32,0,Windows,unspecified
23:09:01.294,214.048,0.2847,0.2967,0.2907,0.3843,0.2933,DROWSY,33,0,Windows,unspecified
23:09:01.330,214.084,0.2517,0.2681,0.2599,0.3803,0.3,DROWSY,34,0,Windows,unspecified
23:09:01.362,214.116,0.2517,0.2681,0.2599,0.3783,0.3067,DROWSY,35,0,Windows,unspecified
23:09:01.394,214.148,0.2517,0.2681,0.2599,0.3812,0.3133,DROWSY,36,0,Windows,unspecified
23:09:01.424,214.178,0.2517,0.2828,0.2673,0.3832,0.32,DROWSY,37,0,Windows,unspecified
23:09:01.455,214.209,0.2603,0.2705,0.2654,0.3722,0.3267,DROWSY,38,0,Windows,unspecified
23:09:01.485,214.239,0.2603,0.2674,0.2639,0.3693,0.3333,DROWSY,39,0,Windows,unspecified
23:09:01.517,214.271,0.2603,0.2797,0.27,0.3763,0.34,DROWSY,40,0,Windows,unspecified
23:09:01.550,214.303,0.2805,0.251,0.2657,0.3835,0.3467,DROWSY,41,0,Windows,unspecified
23:09:01.580,214.334,0.2603,0.2603,0.2603,0.3835,0.3533,DROWSY,42,0,Windows,unspecified
23:09:01.615,214.369,0.2505,0.2603,0.2554,0.3776,0.36,DROWSY,43,0,Windows,unspecified
23:09:01.641,214.395,0.2517,0.2603,0.256,0.3728,0.3667,DROWSY,44,0,Windows,unspecified
23:09:01.692,214.446,0.2774,0.2595,0.2684,0.3844,0.3733,DROWSY,45,0,Windows,unspecified
23:09:01.720,214.474,0.2944,0.2797,0.2871,0.3875,0.38,DROWSY,46,0,Windows,unspecified
23:09:01.758,214.512,0.2847,0.2964,0.2905,0.3896,0.3867,DROWSY,47,0,Windows,unspecified
23:09:01.783,214.537,0.2847,0.2936,0.2891,0.3844,0.3933,DROWSY,48,0,Windows,unspecified
23:09:01.821,214.575,0.2847,0.2802,0.2824,0.3831,0.4,DROWSY,49,0,Windows,unspecified
23:09:01.844,214.598,0.2944,0.2805,0.2875,0.3831,0.4067,DROWSY,50,0,Windows,unspecified
23:09:01.889,214.643,0.3277,0.3277,0.3277,0.3901,0.4067,DROWSY,0,0,Windows,unspecified
23:09:01.923,214.677,0.3457,0.3333,0.3395,0.3901,0.4067,DROWSY,0,0,Windows,unspecified
23:09:01.954,214.708,0.3814,0.3498,0.3656,0.3901,0.4067,DROWSY,0,0,Windows,unspecified
23:09:01.985,214.739,0.3814,0.3664,0.3739,0.3864,0.4067,DROWSY,0,0,Windows,unspecified
23:09:02.016,214.77,0.3822,0.3649,0.3736,0.3831,0.4067,DROWSY,0,0,Windows,unspecified
23:09:02.049,214.803,0.4153,0.3979,0.4066,0.3868,0.4067,DROWSY,0,0,Windows,unspecified
23:09:02.095,214.849,0.4143,0.3979,0.4061,0.3938,0.4067,DROWSY,0,0,Windows,unspecified
23:09:02.125,214.879,0.418,0.4325,0.4252,0.387,0.4067,DROWSY,0,0,Windows,unspecified
23:09:02.158,214.912,0.418,0.4308,0.4244,0.3906,0.4067,DROWSY,0,0,Windows,unspecified
23:09:02.188,214.942,0.418,0.4171,0.4176,0.3837,0.4067,DROWSY,0,0,Windows,unspecified
23:09:02.221,214.975,0.4046,0.4171,0.4109,0.3906,0.4067,DROWSY,0,0,Windows,unspecified
23:09:02.249,215.003,0.4046,0.4171,0.4109,0.3926,0.4067,DROWSY,0,0,Windows,unspecified
23:09:02.285,215.039,0.4046,0.4171,0.4109,0.3938,0.4,DROWSY,0,0,Windows,unspecified
23:09:02.313,215.067,0.4046,0.4012,0.4029,0.3938,0.3933,DROWSY,0,0,Windows,unspecified
23:09:02.351,215.105,0.4046,0.4171,0.4109,0.3845,0.3867,DROWSY,0,0,Windows,unspecified
23:09:02.375,215.129,0.4046,0.4171,0.4109,0.3886,0.3867,DROWSY,0,0,Windows,unspecified
23:09:02.411,215.165,0.4206,0.419,0.4198,0.384,0.3867,DROWSY,0,0,Windows,unspecified
23:09:02.439,215.193,0.4206,0.419,0.4198,0.3763,0.3867,DROWSY,0,0,Windows,unspecified
23:09:02.495,215.249,0.4164,0.3855,0.4009,0.3716,0.3867,DROWSY,0,0,Windows,unspecified
23:09:02.530,215.284,0.4001,0.398,0.399,0.3647,0.3867,DROWSY,0,0,Windows,unspecified
23:09:02.561,215.314,0.3694,0.3532,0.3613,0.3687,0.3867,DROWSY,0,0,Windows,unspecified
23:09:02.594,215.348,0.3694,0.3532,0.3613,0.3743,0.3867,DROWSY,0,0,Windows,unspecified
23:09:02.624,215.378,0.3117,0.3265,0.3191,0.3704,0.38,DROWSY,0,0,Windows,unspecified
23:09:02.654,215.408,0.322,0.3003,0.3112,0.3627,0.38,DROWSY,0,0,Windows,unspecified
23:09:02.686,215.44,0.322,0.2859,0.304,0.3693,0.38,DROWSY,0,0,Windows,unspecified
23:09:02.718,215.472,0.322,0.2902,0.3061,0.3762,0.38,DROWSY,0,0,Windows,unspecified
23:09:02.750,215.504,0.3117,0.2854,0.2986,0.3674,0.3867,DROWSY,1,0,Windows,unspecified
23:09:02.778,215.532,0.3117,0.2902,0.301,0.3688,0.3933,DROWSY,2,0,Windows,unspecified
23:09:02.815,215.569,0.322,0.2895,0.3057,0.3653,0.3933,DROWSY,0,0,Windows,unspecified
23:09:02.843,215.597,0.337,0.2895,0.3132,0.3653,0.3933,DROWSY,0,0,Windows,unspecified
23:09:02.893,215.647,0.337,0.2895,0.3132,0.3653,0.3933,DROWSY,0,0,Windows,unspecified
23:09:02.925,215.679,0.337,0.2895,0.3132,0.3653,0.3933,DROWSY,0,0,Windows,unspecified
23:09:02.960,215.714,0.341,0.2895,0.3152,0.3752,0.3933,DROWSY,0,0,Windows,unspecified
23:09:02.983,215.737,0.3532,0.2895,0.3213,0.3706,0.3933,DROWSY,0,0,Windows,unspecified
23:09:03.021,215.774,0.3651,0.2804,0.3228,0.3588,0.3933,DROWSY,0,0,Windows,unspecified
23:09:03.044,215.798,0.351,0.2946,0.3228,0.3588,0.3933,DROWSY,0,0,Windows,unspecified
23:09:03.082,215.836,0.3672,0.2954,0.3313,0.3675,0.3933,DROWSY,0,0,Windows,unspecified
23:09:03.107,215.861,0.3694,0.2859,0.3277,0.3621,0.3933,DROWSY,0,0,Windows,unspecified
23:09:03.150,215.904,0.3694,0.2968,0.3331,0.3687,0.3933,DROWSY,0,0,Windows,unspecified
23:09:03.187,215.941,0.3694,0.3011,0.3352,0.3771,0.3933,DROWSY,0,0,Windows,unspecified
23:09:03.218,215.972,0.3694,0.3046,0.337,0.3718,0.3933,DROWSY,0,0,Windows,unspecified
23:09:03.249,216.003,0.3694,0.3199,0.3447,0.3676,0.3933,DROWSY,0,0,Windows,unspecified
23:09:03.298,216.052,0.3694,0.3199,0.3447,0.3665,0.3933,DROWSY,0,0,Windows,unspecified
23:09:03.328,216.082,0.3694,0.3199,0.3447,0.358,0.3933,DROWSY,0,0,Windows,unspecified
23:09:03.359,216.113,0.3694,0.3199,0.3447,0.3742,0.3933,DROWSY,0,0,Windows,unspecified
23:09:03.392,216.146,0.3694,0.316,0.3427,0.3742,0.3933,DROWSY,0,0,Windows,unspecified
23:09:03.424,216.178,0.3857,0.3322,0.3589,0.3742,0.3933,DROWSY,0,0,Windows,unspecified
23:09:03.454,216.208,0.3838,0.3218,0.3528,0.3811,0.3867,DROWSY,0,0,Windows,unspecified
23:09:03.486,216.24,0.3838,0.3322,0.358,0.3742,0.38,DROWSY,0,0,Windows,unspecified
23:09:03.519,216.273,0.398,0.3322,0.3651,0.379,0.3733,DROWSY,0,0,Windows,unspecified
23:09:03.551,216.305,0.3696,0.3322,0.3509,0.3737,0.3667,DROWSY,0,0,Windows,unspecified
23:09:03.582,216.335,0.3696,0.3322,0.3509,0.3712,0.3667,DROWSY,0,0,Windows,unspecified
23:09:03.613,216.367,0.3696,0.348,0.3588,0.3646,0.36,DROWSY,0,0,Windows,unspecified
23:09:03.644,216.398,0.3838,0.3313,0.3576,0.3601,0.3533,DROWSY,0,0,Windows,unspecified
23:09:03.693,216.447,0.402,0.3471,0.3745,0.3718,0.3533,DROWSY,0,0,Windows,unspecified
23:09:03.722,216.476,0.3676,0.3471,0.3574,0.3731,0.3533,DROWSY,0,0,Windows,unspecified
23:09:03.758,216.512,0.3532,0.3313,0.3423,0.3731,0.3533,DROWSY,0,0,Windows,unspecified
23:09:03.785,216.538,0.3532,0.3313,0.3423,0.3673,0.3533,DROWSY,0,0,Windows,unspecified
23:09:03.821,216.575,0.3694,0.3168,0.3431,0.3673,0.3533,DROWSY,0,0,Windows,unspecified
23:09:03.846,216.6,0.3577,0.316,0.3369,0.363,0.3533,DROWSY,0,0,Windows,unspecified
23:09:03.881,216.635,0.342,0.3352,0.3386,0.3696,0.3533,DROWSY,0,0,Windows,unspecified
23:09:03.908,216.662,0.3432,0.3207,0.332,0.3718,0.3533,DROWSY,0,0,Windows,unspecified
23:09:03.949,216.703,0.3432,0.3117,0.3275,0.3777,0.3533,DROWSY,0,0,Windows,unspecified
23:09:03.984,216.738,0.3523,0.3117,0.332,0.3789,0.3533,DROWSY,0,0,Windows,unspecified
23:09:04.017,216.771,0.3196,0.3117,0.3156,0.3789,0.3533,DROWSY,0,0,Windows,unspecified
23:09:04.048,216.802,0.3196,0.3117,0.3156,0.3778,0.3533,DROWSY,0,0,Windows,unspecified
23:09:04.093,216.847,0.2869,0.296,0.2915,0.3834,0.36,DROWSY,1,0,Windows,unspecified
23:09:04.126,216.88,0.2877,0.2804,0.2841,0.3778,0.3667,DROWSY,2,0,Windows,unspecified
23:09:04.154,216.908,0.2712,0.2897,0.2804,0.3803,0.3733,DROWSY,3,0,Windows,unspecified
23:09:04.189,216.942,0.2743,0.2897,0.282,0.3769,0.38,DROWSY,4,0,Windows,unspecified
23:09:04.220,216.974,0.2582,0.2648,0.2615,0.3769,0.3867,DROWSY,5,0,Windows,unspecified
23:09:04.249,217.003,0.2582,0.2648,0.2615,0.3769,0.3933,DROWSY,6,0,Windows,unspecified
23:09:04.287,217.041,0.2304,0.2582,0.2443,0.3728,0.4,DROWSY,7,0,Windows,unspecified
23:09:04.314,217.068,0.2304,0.2575,0.2439,0.3774,0.4067,DROWSY,8,0,Windows,unspecified
23:09:04.350,217.104,0.234,0.2575,0.2457,0.3774,0.4133,DROWSY,9,0,Windows,unspecified
23:09:04.374,217.128,0.2468,0.2582,0.2525,0.3774,0.42,DROWSY,10,0,Windows,unspecified
23:09:04.412,217.166,0.2671,0.2582,0.2626,0.3728,0.4267,DROWSY,11,0,Windows,unspecified
23:09:04.438,217.192,0.2671,0.2582,0.2626,0.3762,0.4333,DROWSY,12,0,Windows,unspecified
23:09:04.495,217.249,0.2828,0.2582,0.2705,0.3761,0.44,DROWSY,13,0,Windows,unspecified
23:09:04.518,217.272,0.3004,0.2575,0.279,0.3761,0.4467,DROWSY,14,0,Windows,unspecified
23:09:04.558,217.312,0.3532,0.3066,0.3299,0.3774,0.4467,DROWSY,0,0,Windows,unspecified
23:09:04.581,217.335,0.322,0.296,0.309,0.3832,0.4467,DROWSY,0,0,Windows,unspecified
23:09:04.621,217.375,0.3572,0.3283,0.3427,0.3774,0.4467,DROWSY,0,0,Windows,unspecified
23:09:04.644,217.398,0.3532,0.3274,0.3403,0.375,0.4467,DROWSY,0,0,Windows,unspecified
23:09:04.686,217.44,0.1005,0.1025,0.1015,0.3804,0.4467,DROWSY,1,0,Windows,unspecified
23:09:04.721,217.475,0.0662,0.0643,0.0652,0.3847,0.4533,DROWSY,2,0,Windows,unspecified
23:09:04.754,217.508,0.0553,0.0476,0.0514,0.384,0.46,DROWSY,3,0,Windows,unspecified
23:09:04.784,217.538,0.0469,0.0537,0.0503,0.3786,0.4667,DROWSY,4,0,Windows,unspecified
23:09:04.816,217.57,0.1999,0.1887,0.1943,0.4114,0.4733,DROWSY,5,0,Windows,unspecified
23:09:04.848,217.602,0.2332,0.2106,0.2219,0.418,0.48,DROWSY,6,0,Windows,unspecified
23:09:04.890,217.644,0.3317,0.3219,0.3268,0.4882,0.48,DROWSY,0,0,Windows,unspecified
23:09:04.911,217.665,0.3326,0.305,0.3188,0.4925,0.48,DROWSY,0,0,Windows,unspecified
23:09:04.954,217.708,0.3952,0.3534,0.3743,0.5079,0.48,DROWSY,0,0,Windows,unspecified
23:09:04.990,217.744,0.3656,0.343,0.3543,0.5084,0.48,DROWSY,0,0,Windows,unspecified
23:09:05.019,217.773,0.3822,0.3585,0.3703,0.519,0.48,DROWSY,0,0,Windows,unspecified
23:09:05.051,217.805,0.3988,0.3578,0.3783,0.53,0.48,DROWSY,0,0,Windows,unspecified
23:09:05.086,217.84,0.3814,0.3274,0.3544,0.5503,0.48,DROWSY,0,0,Windows,unspecified
23:09:05.115,217.868,0.3666,0.3326,0.3496,0.5639,0.48,DROWSY,0,0,Windows,unspecified
23:09:05.146,217.9,0.3501,0.3127,0.3314,0.5477,0.48,DROWSY,0,0,Windows,unspecified
23:09:05.179,217.933,0.3501,0.3127,0.3314,0.5477,0.48,DROWSY,0,0,Windows,unspecified
23:09:05.215,217.969,0.3334,0.3134,0.3234,0.5678,0.4733,DROWSY,0,0,Windows,unspecified
23:09:05.240,217.994,0.3008,0.2972,0.299,0.5637,0.4733,DROWSY,1,0,Windows,unspecified
23:09:05.291,218.044,0.3102,0.2817,0.296,0.5942,0.4733,DROWSY,2,0,Windows,unspecified
23:09:05.318,218.072,0.3111,0.2908,0.3009,0.6002,0.4733,DROWSY,3,0,Windows,unspecified
23:09:05.357,218.111,0.3121,0.2915,0.3018,0.7067,0.4667,DROWSY,0,1,Windows,unspecified
23:09:05.381,218.135,0.3182,0.2755,0.2969,0.6939,0.4667,DROWSY,1,2,Windows,unspecified
23:09:05.419,218.173,0.2842,0.2755,0.2799,0.6991,0.4667,DROWSY,2,3,Windows,unspecified
23:09:05.444,218.198,0.2851,0.2941,0.2896,0.7066,0.4667,DROWSY,3,4,Windows,unspecified
23:09:05.486,218.24,0.2998,0.2915,0.2957,0.736,0.4667,DROWSY,4,5,Windows,unspecified
23:09:05.522,218.276,0.2832,0.2669,0.2751,0.7071,0.4667,DROWSY,5,6,Windows,unspecified
23:09:05.551,218.305,0.2998,0.2755,0.2877,0.7082,0.4667,DROWSY,6,7,Windows,unspecified
23:09:05.584,218.338,0.2998,0.2543,0.2771,0.6839,0.4667,DROWSY,7,8,Windows,unspecified
23:09:05.617,218.371,0.3008,0.2589,0.2798,0.6754,0.4667,DROWSY,8,9,Windows,unspecified
23:09:05.646,218.4,0.3182,0.2755,0.2969,0.6813,0.4667,DROWSY,9,10,Windows,unspecified
23:09:05.695,218.449,0.3177,0.2589,0.2883,0.6943,0.4667,DROWSY,10,11,Windows,unspecified
23:09:05.724,218.478,0.3012,0.2436,0.2724,0.6943,0.4667,DROWSY,11,12,Windows,unspecified
23:09:05.758,218.512,0.3182,0.2595,0.2889,0.6694,0.4667,DROWSY,12,13,Windows,unspecified
23:09:05.785,218.539,0.3177,0.2589,0.2883,0.6652,0.4667,DROWSY,13,14,Windows,unspecified
23:09:05.818,218.572,0.2847,0.2436,0.2641,0.59,0.4667,DROWSY,14,0,Windows,unspecified
23:09:05.849,218.603,0.2521,0.2473,0.2497,0.5732,0.4667,DROWSY,15,0,Windows,unspecified
23:09:05.881,218.635,0.2759,0.231,0.2535,0.5073,0.4667,DROWSY,16,0,Windows,unspecified
23:09:05.909,218.663,0.244,0.231,0.2375,0.5005,0.4667,DROWSY,17,0,Windows,unspecified
23:09:05.950,218.704,0.2521,0.2352,0.2436,0.4399,0.4667,DROWSY,18,0,Windows,unspecified
23:09:05.974,218.728,0.2509,0.2191,0.235,0.4166,0.4667,DROWSY,19,0,Windows,unspecified
23:09:06.014,218.768,0.2509,0.2468,0.2489,0.3974,0.4667,DROWSY,20,0,Windows,unspecified
23:09:06.036,218.79,0.2595,0.2387,0.2491,0.3897,0.4667,DROWSY,21,0,Windows,unspecified
23:09:06.094,218.848,0.2252,0.2298,0.2275,0.3832,0.4667,DROWSY,22,0,Windows,unspecified
23:09:06.131,218.885,0.2252,0.2191,0.2222,0.3719,0.4667,DROWSY,23,0,Windows,unspecified
23:09:06.161,218.915,0.2267,0.2352,0.2309,0.378,0.4667,DROWSY,24,0,Windows,unspecified
23:09:06.192,218.946,0.2267,0.2352,0.2309,0.3637,0.4667,DROWSY,25,0,Windows,unspecified
23:09:06.224,218.978,0.2437,0.2226,0.2331,0.3681,0.4667,DROWSY,26,0,Windows,unspecified
23:09:06.255,219.009,0.2267,0.2228,0.2247,0.373,0.4667,DROWSY,27,0,Windows,unspecified
23:09:06.288,219.042,0.2608,0.2026,0.2317,0.3751,0.4667,DROWSY,28,0,Windows,unspecified
23:09:06.319,219.073,0.2437,0.2356,0.2396,0.3724,0.4667,DROWSY,29,0,Windows,unspecified
23:09:06.350,219.104,0.2263,0.2222,0.2242,0.3838,0.4667,DROWSY,30,0,Windows,unspecified
23:09:06.383,219.137,0.2263,0.2193,0.2228,0.3772,0.4667,DROWSY,31,0,Windows,unspecified
23:09:06.410,219.164,0.2263,0.2266,0.2264,0.3811,0.4667,DROWSY,32,0,Windows,unspecified
23:09:06.444,219.198,0.2267,0.2228,0.2247,0.3784,0.4667,DROWSY,33,0,Windows,unspecified
23:09:06.492,219.246,0.2356,0.2187,0.2272,0.3812,0.4667,DROWSY,34,0,Windows,unspecified
23:09:06.523,219.277,0.2521,0.2193,0.2357,0.3795,0.4667,DROWSY,35,0,Windows,unspecified
23:09:06.557,219.311,0.228,0.2039,0.216,0.3799,0.4667,DROWSY,36,0,Windows,unspecified
23:09:06.584,219.338,0.2356,0.2266,0.2311,0.3771,0.4667,DROWSY,37,0,Windows,unspecified
23:09:06.621,219.375,0.2383,0.2067,0.2225,0.3771,0.4667,DROWSY,38,0,Windows,unspecified
23:09:06.647,219.401,0.2187,0.2222,0.2205,0.3759,0.4667,DROWSY,39,0,Windows,unspecified
23:09:06.686,219.44,0.2187,0.2067,0.2127,0.3664,0.4667,DROWSY,40,0,Windows,unspecified
23:09:06.724,219.478,0.2187,0.2227,0.2207,0.3774,0.4667,DROWSY,41,0,Windows,unspecified
23:09:06.758,219.512,0.2187,0.2067,0.2127,0.3701,0.4667,DROWSY,42,0,Windows,unspecified
23:09:06.788,219.542,0.2112,0.2067,0.2089,0.3677,0.4667,DROWSY,43,0,Windows,unspecified
23:09:06.821,219.575,0.2117,0.2266,0.2192,0.3692,0.4667,DROWSY,44,0,Windows,unspecified
23:09:06.852,219.606,0.2112,0.218,0.2146,0.3678,0.4667,DROWSY,45,0,Windows,unspecified
23:09:06.891,219.645,0.2346,0.2344,0.2345,0.3681,0.4733,DROWSY,46,0,Windows,unspecified
23:09:06.915,219.669,0.243,0.2509,0.2469,0.3682,0.48,DROWSY,47,0,Windows,unspecified
23:09:06.958,219.712,0.2589,0.2266,0.2427,0.3822,0.4867,DROWSY,48,0,Windows,unspecified
23:09:06.993,219.747,0.2748,0.2504,0.2626,0.3773,0.4933,DROWSY,49,0,Windows,unspecified
23:09:07.025,219.779,0.3003,0.2352,0.2678,0.3754,0.5,DROWSY,50,0,Windows,unspecified
23:09:07.059,219.813,0.2839,0.2352,0.2595,0.3713,0.5067,DROWSY,51,0,Windows,unspecified
23:09:07.089,219.843,0.2908,0.2551,0.2729,0.373,0.5133,DROWSY,52,0,Windows,unspecified
23:09:07.120,219.874,0.2748,0.2551,0.265,0.3772,0.52,DROWSY,53,0,Windows,unspecified
23:09:07.152,219.905,0.2589,0.2586,0.2587,0.3773,0.5267,DROWSY,54,0,Windows,unspecified
23:09:07.182,219.936,0.2436,0.2509,0.2472,0.373,0.5333,DROWSY,55,0,Windows,unspecified
23:09:07.214,219.968,0.2112,0.2344,0.2228,0.3725,0.54,DROWSY,56,0,Windows,unspecified
23:09:07.245,219.999,0.2112,0.218,0.2146,0.3725,0.5467,DROWSY,57,0,Windows,unspecified
23:09:07.291,220.045,0.2352,0.2181,0.2266,0.3851,0.5533,DROWSY,58,0,Windows,unspecified
23:09:07.324,220.078,0.2023,0.1857,0.194,0.3794,0.56,DROWSY,59,0,Windows,unspecified
23:09:07.359,220.112,0.1923,0.1857,0.189,0.398,0.5667,DROWSY,60,0,Windows,unspecified
23:09:07.385,220.139,0.2134,0.1857,0.1996,0.3867,0.5733,DROWSY,61,0,Windows,unspecified
23:09:07.417,220.171,0.2373,0.1808,0.209,0.4279,0.58,DROWSY,62,0,Windows,unspecified
23:09:07.449,220.203,0.2167,0.1808,0.1987,0.445,0.5867,DROWSY,63,0,Windows,unspecified
23:09:07.486,220.24,0.2343,0.1977,0.216,0.4628,0.5933,DROWSY,64,0,Windows,unspecified
23:09:07.511,220.265,0.2167,0.1808,0.1987,0.4757,0.6,DROWSY,65,0,Windows,unspecified
23:09:07.550,220.304,0.2343,0.165,0.1997,0.5145,0.6067,DROWSY,66,0,Windows,unspecified
23:09:07.574,220.328,0.1992,0.1807,0.1899,0.5348,0.6133,DROWSY,67,0,Windows,unspecified
23:09:07.613,220.367,0.2152,0.1699,0.1925,0.5636,0.62,DROWSY,68,0,Windows,unspecified
23:09:07.639,220.393,0.1971,0.1482,0.1726,0.5704,0.6267,DROWSY,69,0,Windows,unspecified
23:09:07.689,220.443,0.1995,0.1332,0.1664,0.5978,0.6333,DROWSY,70,0,Windows,unspecified
23:09:07.716,220.47,0.1977,0.1482,0.1729,0.5978,0.64,DROWSY,71,0,Windows,unspecified
23:09:07.758,220.512,0.1923,0.1272,0.1598,0.6164,0.64,DROWSY,72,0,Windows,unspecified
23:09:07.794,220.548,0.1923,0.1166,0.1545,0.6106,0.64,DROWSY,73,0,Windows,unspecified
23:09:07.824,220.578,0.1624,0.0771,0.1197,0.6262,0.6467,DROWSY,74,0,Windows,unspecified
23:09:07.872,220.626,0.1781,0.0745,0.1263,0.6389,0.6533,DROWSY,75,0,Windows,unspecified
23:09:07.904,220.658,0.1235,0.0389,0.0812,0.6906,0.66,DROWSY,76,1,Windows,unspecified
23:09:07.936,220.69,0.1193,0.0333,0.0763,0.7072,0.6667,DROWSY,77,2,Windows,unspecified
23:09:07.970,220.724,0.0645,0.0161,0.0403,0.7849,0.6733,DROWSY,78,3,Windows,unspecified
23:09:07.999,220.753,0.0645,0.0322,0.0484,0.7899,0.68,DROWSY,79,4,Windows,unspecified
23:09:08.029,220.783,0.05,0.0161,0.033,0.8487,0.6867,DROWSY,80,5,Windows,unspecified
23:09:08.061,220.815,0.0666,0.0161,0.0414,0.8487,0.6933,DROWSY,81,6,Windows,unspecified
23:09:08.094,220.848,0.0322,0.0322,0.0322,0.8623,0.7,DROWSY,82,7,Windows,unspecified
23:09:08.125,220.879,0.0389,0.0161,0.0275,0.8512,0.7067,DROWSY,83,8,Windows,unspecified
23:09:08.157,220.911,0.05,0.0322,0.0411,0.8781,0.7133,DROWSY,84,9,Windows,unspecified
23:09:08.187,220.941,0.0333,0.0322,0.0327,0.8602,0.72,DROWSY,85,10,Windows,unspecified
23:09:08.222,220.976,0.0665,0.0401,0.0533,0.8458,0.7267,DROWSY,86,11,Windows,unspecified
23:09:08.248,221.002,0.0333,0.0332,0.0332,0.8675,0.7333,DROWSY,87,12,Windows,unspecified
23:09:08.285,221.038,0.05,0.0333,0.0416,0.8771,0.74,DROWSY,88,13,Windows,unspecified
23:09:08.310,221.064,0.0665,0.0401,0.0533,0.8656,0.7467,DROWSY,89,14,Windows,unspecified
23:09:08.351,221.105,0.0665,0.0166,0.0416,0.8635,0.7533,DROWSY,90,15,Windows,unspecified
23:09:08.388,221.142,0.0499,0.0166,0.0333,0.8454,0.76,DROWSY,91,16,Windows,unspecified
23:09:08.418,221.172,0.0704,0.0166,0.0435,0.8454,0.7667,DROWSY,92,17,Windows,unspecified
23:09:08.448,221.202,0.0704,0.0166,0.0435,0.8561,0.7733,DROWSY,93,18,Windows,unspecified
23:09:08.493,221.247,0.0401,0.0,0.0201,0.8269,0.78,DROWSY,94,19,Windows,unspecified
23:09:08.528,221.282,0.0333,0.0161,0.0247,0.8258,0.7867,DROWSY,95,20,Windows,unspecified
23:09:08.558,221.312,0.0333,0.0,0.0167,0.6575,0.7933,DROWSY,96,21,Windows,unspecified
23:09:08.591,221.345,0.0667,0.0,0.0333,0.6342,0.8,DROWSY,97,0,Windows,unspecified
23:09:08.622,221.375,0.0645,0.0161,0.0403,0.496,0.8067,DROWSY,98,0,Windows,unspecified
23:09:08.650,221.404,0.0699,0.047,0.0585,0.5021,0.8133,DROWSY,99,0,Windows,unspecified
23:09:08.684,221.438,0.1054,0.1054,0.1054,0.4353,0.82,DROWSY,100,0,Windows,unspecified
23:09:08.715,221.468,0.1214,0.1128,0.1171,0.4415,0.8267,DROWSY,101,0,Windows,unspecified
23:09:08.748,221.502,0.1923,0.1482,0.1703,0.4101,0.8333,DROWSY,102,0,Windows,unspecified
23:09:08.778,221.532,0.216,0.1758,0.1959,0.4139,0.84,DROWSY,103,0,Windows,unspecified
23:09:08.815,221.569,0.2244,0.2216,0.223,0.4167,0.8467,DROWSY,104,0,Windows,unspecified
23:09:08.842,221.596,0.2086,0.1923,0.2005,0.413,0.8533,DROWSY,105,0,Windows,unspecified
23:09:08.894,221.648,0.2075,0.2216,0.2145,0.4093,0.86,DROWSY,106,0,Windows,unspecified
23:09:08.936,221.69,0.2336,0.2018,0.2177,0.4085,0.8667,DROWSY,107,0,Windows,unspecified
23:09:08.964,221.718,0.2256,0.2509,0.2382,0.3967,0.8733,DROWSY,108,0,Windows,unspecified
23:09:08.999,221.753,0.2426,0.218,0.2303,0.3951,0.88,DROWSY,109,0,Windows,unspecified
23:09:09.030,221.784,0.2585,0.2346,0.2465,0.3873,0.8867,DROWSY,110,0,Windows,unspecified
23:09:09.061,221.814,0.262,0.2568,0.2594,0.3769,0.8933,DROWSY,111,0,Windows,unspecified
23:09:09.094,221.848,0.2173,0.218,0.2176,0.3725,0.8933,DROWSY,112,0,Windows,unspecified
23:09:09.124,221.878,0.1847,0.2018,0.1933,0.3674,0.8933,DROWSY,113,0,Windows,unspecified
23:09:09.154,221.908,0.1283,0.1543,0.1413,0.3626,0.8933,DROWSY,114,0,Windows,unspecified
23:09:09.187,221.941,0.0984,0.1442,0.1213,0.3672,0.8933,DROWSY,115,0,Windows,unspecified
23:09:09.218,221.972,0.0815,0.1592,0.1203,0.3617,0.8933,DROWSY,116,0,Windows,unspecified
23:09:09.251,222.005,0.0961,0.1641,0.1301,0.3555,0.8933,DROWSY,117,0,Windows,unspecified
23:09:09.292,222.046,0.0662,0.1474,0.1068,0.3526,0.8933,DROWSY,118,0,Windows,unspecified
23:09:09.329,222.083,0.0963,0.1414,0.1189,0.3534,0.8933,DROWSY,119,0,Windows,unspecified
23:09:09.359,222.113,0.0963,0.1467,0.1215,0.3657,0.8933,DROWSY,120,0,Windows,unspecified
23:09:09.392,222.146,0.0963,0.1202,0.1082,0.3525,0.8933,DROWSY,121,0,Windows,unspecified
23:09:09.425,222.178,0.0958,0.1288,0.1123,0.3533,0.8933,DROWSY,122,0,Windows,unspecified
23:09:09.452,222.206,0.0958,0.1458,0.1208,0.3561,0.8933,DROWSY,123,0,Windows,unspecified
23:09:09.487,222.241,0.1057,0.163,0.1344,0.3626,0.8933,DROWSY,124,0,Windows,unspecified
23:09:09.516,222.27,0.1057,0.1575,0.1316,0.3588,0.8933,DROWSY,125,0,Windows,unspecified
23:09:09.550,222.304,0.0988,0.1699,0.1344,0.3568,0.9,DROWSY,126,0,Windows,unspecified
23:09:09.579,222.333,0.1343,0.1699,0.1521,0.3629,0.9067,DROWSY,127,0,Windows,unspecified
23:09:09.614,222.368,0.0782,0.1069,0.0926,0.3636,0.9133,DROWSY,128,0,Windows,unspecified
23:09:09.643,222.397,0.0606,0.1022,0.0814,0.3662,0.92,DROWSY,129,0,Windows,unspecified
23:09:09.694,222.447,0.0294,0.0467,0.038,0.3782,0.92,DROWSY,130,0,Windows,unspecified
23:09:09.720,222.474,0.0147,0.0468,0.0307,0.3718,0.92,DROWSY,131,0,Windows,unspecified
23:09:09.757,222.511,0.0932,0.0661,0.0796,0.3844,0.92,DROWSY,132,0,Windows,unspecified
23:09:09.783,222.537,0.0959,0.087,0.0914,0.3833,0.92,DROWSY,133,0,Windows,unspecified
23:09:09.822,222.576,0.2674,0.2226,0.245,0.375,0.92,DROWSY,134,0,Windows,unspecified
23:09:09.846,222.6,0.2785,0.2675,0.273,0.3754,0.92,DROWSY,135,0,Windows,unspecified
23:09:09.884,222.638,0.2977,0.2968,0.2973,0.3752,0.9267,DROWSY,136,0,Windows,unspecified
23:09:09.911,222.665,0.3263,0.2816,0.3039,0.3772,0.9267,DROWSY,0,0,Windows,unspecified
23:09:09.947,222.7,0.3255,0.3288,0.3271,0.3931,0.9267,DROWSY,0,0,Windows,unspecified
23:09:09.972,222.726,0.3708,0.3417,0.3563,0.3942,0.9267,DROWSY,0,0,Windows,unspecified
23:09:10.010,222.764,0.3263,0.3125,0.3194,0.3963,0.9267,DROWSY,0,0,Windows,unspecified
23:09:10.034,222.788,0.3263,0.3125,0.3194,0.3962,0.9267,DROWSY,0,0,Windows,unspecified
23:09:10.089,222.843,0.3326,0.2946,0.3136,0.3844,0.9267,DROWSY,0,0,Windows,unspecified
23:09:10.131,222.885,0.3379,0.2655,0.3017,0.3844,0.9267,DROWSY,0,0,Windows,unspecified
23:09:10.160,222.914,0.1771,0.2702,0.2236,0.3734,0.9333,DROWSY,1,0,Windows,unspecified
23:09:10.193,222.947,0.129,0.2352,0.1821,0.3664,0.94,DROWSY,2,0,Windows,unspecified
23:09:10.223,222.977,0.1113,0.2276,0.1695,0.3734,0.9467,DROWSY,3,0,Windows,unspecified
23:09:10.254,223.008,0.1288,0.2276,0.1782,0.3792,0.9467,DROWSY,4,0,Windows,unspecified
23:09:10.286,223.04,0.1421,0.1953,0.1687,0.3743,0.9467,DROWSY,5,0,Windows,unspecified
23:09:10.315,223.069,0.1406,0.2018,0.1712,0.3753,0.9467,DROWSY,6,0,Windows,unspecified
23:09:10.349,223.103,0.1269,0.1902,0.1586,0.3819,0.9533,DROWSY,7,0,Windows,unspecified
23:09:10.380,223.134,0.1113,0.1888,0.1501,0.3855,0.9533,DROWSY,8,0,Windows,unspecified
23:09:10.415,223.168,0.1061,0.1795,0.1428,0.3781,0.9533,DROWSY,9,0,Windows,unspecified
23:09:10.440,223.194,0.125,0.186,0.1555,0.3874,0.9533,DROWSY,10,0,Windows,unspecified
23:09:10.492,223.246,0.0962,0.1696,0.1329,0.3803,0.9533,DROWSY,11,0,Windows,unspecified
23:09:10.518,223.272,0.1138,0.1682,0.141,0.3827,0.9533,DROWSY,12,0,Windows,unspecified
23:09:10.558,223.312,0.1093,0.1682,0.1388,0.3891,0.9533,DROWSY,13,0,Windows,unspecified
23:09:10.580,223.334,0.0937,0.1803,0.137,0.3859,0.9533,DROWSY,14,0,Windows,unspecified
23:09:10.621,223.375,0.0937,0.1846,0.1392,0.3896,0.9533,DROWSY,15,0,Windows,unspecified
23:09:10.642,223.396,0.1093,0.1644,0.1369,0.3911,0.9533,DROWSY,16,0,Windows,unspecified
23:09:10.685,223.439,0.0962,0.1644,0.1303,0.3977,0.9533,DROWSY,17,0,Windows,unspecified
23:09:10.720,223.473,0.0936,0.1629,0.1282,0.3931,0.9533,DROWSY,18,0,Windows,unspecified
23:09:10.752,223.506,0.1093,0.1441,0.1267,0.3936,0.9533,DROWSY,19,0,Windows,unspecified
23:09:10.784,223.538,0.0962,0.1645,0.1304,0.3968,0.9533,DROWSY,20,0,Windows,unspecified
23:09:10.815,223.569,0.129,0.1645,0.1467,0.3872,0.9533,DROWSY,21,0,Windows,unspecified
23:09:10.845,223.599,0.1128,0.1578,0.1353,0.3819,0.9533,DROWSY,22,0,Windows,unspecified
23:09:10.893,223.647,0.0818,0.0993,0.0906,0.405,0.9533,DROWSY,23,0,Windows,unspecified
23:09:10.924,223.678,0.0625,0.0683,0.0654,0.4012,0.9533,DROWSY,24,0,Windows,unspecified
23:09:10.958,223.712,0.0303,0.0377,0.034,0.406,0.9533,DROWSY,25,0,Windows,unspecified
23:09:10.989,223.743,0.0156,0.0,0.0078,0.4137,0.9533,DROWSY,26,0,Windows,unspecified
23:09:11.021,223.775,0.0484,0.0312,0.0398,0.4052,0.9533,DROWSY,27,0,Windows,unspecified
23:09:11.049,223.803,0.0645,0.0624,0.0634,0.4139,0.9533,DROWSY,28,0,Windows,unspecified
23:09:11.086,223.84,0.2082,0.1864,0.1973,0.3989,0.9533,DROWSY,29,0,Windows,unspecified
23:09:11.113,223.867,0.2036,0.1997,0.2016,0.4149,0.9533,DROWSY,30,0,Windows,unspecified
23:09:11.146,223.9,0.2524,0.2473,0.2498,0.4051,0.9533,DROWSY,31,0,Windows,unspecified
23:09:11.174,223.928,0.2677,0.2557,0.2617,0.4104,0.9533,DROWSY,32,0,Windows,unspecified
23:09:11.214,223.968,0.2684,0.2556,0.262,0.3998,0.9533,DROWSY,33,0,Windows,unspecified
23:09:11.238,223.992,0.2866,0.2717,0.2792,0.4046,0.9533,DROWSY,34,0,Windows,unspecified
23:09:11.290,224.044,0.2878,0.2639,0.2758,0.3925,0.9533,DROWSY,35,0,Windows,unspecified
23:09:11.332,224.086,0.3045,0.281,0.2928,0.4046,0.9533,DROWSY,36,0,Windows,unspecified
23:09:11.362,224.115,0.3082,0.2717,0.2899,0.3872,0.9533,DROWSY,37,0,Windows,unspecified
23:09:11.392,224.146,0.2795,0.2686,0.274,0.3876,0.9533,DROWSY,38,0,Windows,unspecified
23:09:11.425,224.179,0.3195,0.2644,0.2919,0.3901,0.9533,DROWSY,39,0,Windows,unspecified
23:09:11.456,224.21,0.3055,0.2771,0.2913,0.3861,0.9533,DROWSY,40,0,Windows,unspecified
23:09:11.493,224.247,0.3082,0.3117,0.3099,0.3817,0.9467,DROWSY,0,0,Windows,unspecified
23:09:11.521,224.275,0.3049,0.3223,0.3136,0.3776,0.94,DROWSY,0,0,Windows,unspecified
23:09:11.549,224.303,0.3195,0.3223,0.3209,0.3801,0.9333,DROWSY,0,0,Windows,unspecified
23:09:11.583,224.337,0.3375,0.3291,0.3333,0.3903,0.9267,DROWSY,0,0,Windows,unspecified
23:09:11.614,224.368,0.3421,0.334,0.3381,0.3856,0.92,DROWSY,0,0,Windows,unspecified
23:09:11.643,224.397,0.3432,0.3223,0.3328,0.3883,0.9133,DROWSY,0,0,Windows,unspecified
23:09:11.690,224.444,0.3314,0.3071,0.3193,0.3958,0.9067,DROWSY,0,0,Windows,unspecified
23:09:11.722,224.476,0.3143,0.3234,0.3189,0.3979,0.9,DROWSY,0,0,Windows,unspecified
23:09:11.758,224.512,0.334,0.3071,0.3206,0.3869,0.8933,DROWSY,0,0,Windows,unspecified
23:09:11.784,224.538,0.3286,0.3071,0.3179,0.3919,0.8867,DROWSY,0,0,Windows,unspecified
23:09:11.821,224.575,0.3314,0.3071,0.3193,0.3897,0.88,DROWSY,0,0,Windows,unspecified
23:09:11.846,224.6,0.3314,0.2973,0.3143,0.3982,0.8733,DROWSY,0,0,Windows,unspecified
23:09:11.886,224.64,0.3305,0.3071,0.3188,0.3905,0.8667,DROWSY,0,0,Windows,unspecified
23:09:11.910,224.663,0.3305,0.2909,0.3107,0.3864,0.86,DROWSY,0,0,Windows,unspecified
23:09:11.949,224.703,0.3305,0.2954,0.3129,0.3883,0.8533,DROWSY,0,0,Windows,unspecified
23:09:11.971,224.725,0.3421,0.3116,0.3269,0.3883,0.8467,DROWSY,0,0,Windows,unspecified
23:09:12.012,224.766,0.3277,0.3279,0.3278,0.391,0.84,DROWSY,0,0,Windows,unspecified
23:09:12.034,224.788,0.3286,0.2973,0.3129,0.3869,0.8333,DROWSY,0,0,Windows,unspecified
23:09:12.093,224.846,0.3268,0.3071,0.317,0.3811,0.8267,DROWSY,0,0,Windows,unspecified
23:09:12.126,224.88,0.3305,0.3279,0.3292,0.3833,0.82,DROWSY,0,0,Windows,unspecified
23:09:12.159,224.913,0.3277,0.3279,0.3278,0.3854,0.8133,DROWSY,0,0,Windows,unspecified
23:09:12.191,224.945,0.3277,0.3279,0.3278,0.3893,0.8067,DROWSY,0,0,Windows,unspecified
23:09:12.220,224.974,0.3277,0.313,0.3203,0.387,0.8,DROWSY,0,0,Windows,unspecified
23:09:12.268,225.022,0.3305,0.3116,0.321,0.3883,0.7933,DROWSY,0,0,Windows,unspecified
23:09:12.297,225.051,0.3277,0.3116,0.3196,0.3877,0.7867,DROWSY,0,0,Windows,unspecified
23:09:12.328,225.082,0.3277,0.3116,0.3196,0.3826,0.78,DROWSY,0,0,Windows,unspecified
23:09:12.360,225.114,0.3277,0.3071,0.3174,0.3784,0.7733,DROWSY,0,0,Windows,unspecified
23:09:12.393,225.146,0.3268,0.2973,0.312,0.3748,0.7667,DROWSY,0,0,Windows,unspecified
23:09:12.423,225.177,0.3168,0.2973,0.307,0.3748,0.76,DROWSY,0,0,Windows,unspecified
23:09:12.453,225.207,0.3168,0.2968,0.3068,0.379,0.7533,DROWSY,0,0,Windows,unspecified
23:09:12.493,225.247,0.3196,0.3066,0.3131,0.3891,0.7467,DROWSY,0,0,Windows,unspecified
23:09:12.532,225.286,0.3196,0.3066,0.3131,0.3891,0.74,DROWSY,0,0,Windows,unspecified
23:09:12.565,225.319,0.3196,0.3066,0.3131,0.3891,0.7333,DROWSY,0,0,Windows,unspecified
23:09:12.594,225.348,0.3305,0.3066,0.3186,0.3891,0.7267,DROWSY,0,0,Windows,unspecified
23:09:12.625,225.379,0.3305,0.3066,0.3186,0.3891,0.72,DROWSY,0,0,Windows,unspecified
23:09:12.658,225.411,0.3314,0.3066,0.319,0.3891,0.7133,DROWSY,0,0,Windows,unspecified
23:09:12.688,225.442,0.3314,0.3071,0.3193,0.3891,0.7067,DROWSY,0,0,Windows,unspecified
23:09:12.721,225.474,0.3286,0.3071,0.3179,0.3891,0.7,DROWSY,0,0,Windows,unspecified
23:09:12.752,225.506,0.3106,0.3073,0.309,0.3891,0.6933,DROWSY,0,0,Windows,unspecified
23:09:12.783,225.537,0.2936,0.3073,0.3004,0.3891,0.6933,DROWSY,1,0,Windows,unspecified
23:09:12.814,225.568,0.3106,0.2909,0.3008,0.3811,0.6933,DROWSY,2,0,Windows,unspecified
23:09:12.845,225.599,0.3106,0.2909,0.3008,0.3835,0.6933,DROWSY,3,0,Windows,unspecified
23:09:12.894,225.648,0.3106,0.2909,0.3008,0.393,0.6933,DROWSY,4,0,Windows,unspecified
23:09:12.923,225.676,0.3216,0.2747,0.2981,0.3847,0.6933,DROWSY,5,0,Windows,unspecified
23:09:12.953,225.707,0.3072,0.2797,0.2934,0.38,0.6933,DROWSY,6,0,Windows,unspecified
23:09:12.985,225.739,0.3101,0.2747,0.2924,0.3806,0.6933,DROWSY,7,0,Windows,unspecified
23:09:13.020,225.774,0.3072,0.2797,0.2934,0.3806,0.6933,DROWSY,8,0,Windows,unspecified
23:09:13.048,225.802,0.3082,0.2747,0.2914,0.3784,0.6933,DROWSY,9,0,Windows,unspecified
23:09:13.085,225.839,0.3082,0.2909,0.2996,0.3784,0.6933,DROWSY,10,0,Windows,unspecified
23:09:13.109,225.863,0.3082,0.2909,0.2996,0.3832,0.6933,DROWSY,11,0,Windows,unspecified
23:09:13.147,225.901,0.2944,0.2909,0.2927,0.3724,0.6933,DROWSY,12,0,Windows,unspecified
23:09:13.173,225.927,0.2944,0.2909,0.2927,0.3724,0.6933,DROWSY,13,0,Windows,unspecified
23:09:13.212,225.966,0.2944,0.2909,0.2927,0.3811,0.6933,DROWSY,14,0,Windows,unspecified
23:09:13.234,225.988,0.2944,0.2909,0.2927,0.3792,0.6933,DROWSY,15,0,Windows,unspecified
23:09:13.293,226.047,0.2774,0.2909,0.2841,0.3792,0.6933,DROWSY,16,0,Windows,unspecified
23:09:13.329,226.083,0.2944,0.2586,0.2765,0.3792,0.6933,DROWSY,17,0,Windows,unspecified
23:09:13.359,226.113,0.2944,0.2586,0.2765,0.3792,0.6933,DROWSY,18,0,Windows,unspecified
23:09:13.391,226.145,0.2944,0.2586,0.2765,0.3792,0.6933,DROWSY,19,0,Windows,unspecified
23:09:13.423,226.177,0.2774,0.2586,0.268,0.3852,0.6933,DROWSY,20,0,Windows,unspecified
23:09:13.455,226.209,0.2774,0.2586,0.268,0.3825,0.6933,DROWSY,21,0,Windows,unspecified
23:09:13.485,226.239,0.2774,0.2749,0.2761,0.3825,0.6933,DROWSY,22,0,Windows,unspecified
23:09:13.516,226.27,0.2774,0.2588,0.2681,0.3851,0.6933,DROWSY,23,0,Windows,unspecified
23:09:13.550,226.304,0.3039,0.2747,0.2893,0.3817,0.6933,DROWSY,24,0,Windows,unspecified
23:09:13.586,226.34,0.3039,0.301,0.3024,0.3775,0.6867,DROWSY,0,0,Windows,unspecified
23:09:13.613,226.367,0.3049,0.281,0.293,0.3815,0.6867,DROWSY,1,0,Windows,unspecified
23:09:13.641,226.395,0.3044,0.2812,0.2928,0.3775,0.6867,DROWSY,2,0,Windows,unspecified
23:09:13.693,226.447,0.3039,0.295,0.2994,0.381,0.6867,DROWSY,3,0,Windows,unspecified
23:09:13.720,226.474,0.2701,0.2778,0.274,0.3949,0.6867,DROWSY,4,0,Windows,unspecified
23:09:13.767,226.52,0.2961,0.2609,0.2785,0.3947,0.6867,DROWSY,5,0,Windows,unspecified
23:09:13.795,226.549,0.2972,0.2644,0.2808,0.3947,0.6867,DROWSY,6,0,Windows,unspecified
23:09:13.829,226.583,0.2866,0.278,0.2823,0.4022,0.6867,DROWSY,7,0,Windows,unspecified
23:09:13.861,226.615,0.2866,0.278,0.2823,0.3958,0.6867,DROWSY,8,0,Windows,unspecified
23:09:13.890,226.644,0.3045,0.2609,0.2827,0.385,0.6867,DROWSY,9,0,Windows,unspecified
23:09:13.922,226.676,0.3045,0.2639,0.2842,0.3827,0.6867,DROWSY,10,0,Windows,unspecified
23:09:13.953,226.707,0.2789,0.2644,0.2716,0.3913,0.6867,DROWSY,11,0,Windows,unspecified
23:09:13.984,226.738,0.2789,0.2644,0.2716,0.3913,0.6867,DROWSY,12,0,Windows,unspecified
23:09:14.017,226.771,0.0921,0.0608,0.0765,0.3858,0.6867,DROWSY,13,0,Windows,unspecified
23:09:14.047,226.801,0.0356,0.0471,0.0414,0.385,0.6867,DROWSY,14,0,Windows,unspecified
23:09:14.094,226.848,0.0516,0.0333,0.0424,0.3923,0.6867,DROWSY,15,0,Windows,unspecified
23:09:14.124,226.878,0.0688,0.0322,0.0505,0.3923,0.6867,DROWSY,16,0,Windows,unspecified
23:09:14.156,226.91,0.1071,0.086,0.0966,0.4022,0.6867,DROWSY,17,0,Windows,unspecified
23:09:14.185,226.939,0.1421,0.086,0.1141,0.408,0.6867,DROWSY,18,0,Windows,unspecified
23:09:14.221,226.975,0.1646,0.1214,0.143,0.3995,0.6867,DROWSY,19,0,Windows,unspecified
23:09:14.249,227.003,0.182,0.1214,0.1517,0.397,0.6867,DROWSY,20,0,Windows,unspecified
23:09:14.296,227.049,0.1724,0.1187,0.1456,0.3949,0.6867,DROWSY,21,0,Windows,unspecified
23:09:14.330,227.084,0.1741,0.1214,0.1478,0.4022,0.6867,DROWSY,22,0,Windows,unspecified
23:09:14.377,227.131,0.1821,0.1401,0.1611,0.3974,0.6867,DROWSY,23,0,Windows,unspecified
23:09:14.409,227.163,0.1997,0.14,0.1698,0.3953,0.6867,DROWSY,24,0,Windows,unspecified
23:09:14.440,227.194,0.1897,0.1572,0.1734,0.3876,0.6867,DROWSY,25,0,Windows,unspecified
23:09:14.470,227.224,0.1914,0.159,0.1752,0.3915,0.6867,DROWSY,26,0,Windows,unspecified
23:09:14.501,227.255,0.1914,0.159,0.1752,0.3927,0.6867,DROWSY,27,0,Windows,unspecified
23:09:14.531,227.285,0.1914,0.159,0.1752,0.39,0.6867,DROWSY,28,0,Windows,unspecified
23:09:14.565,227.319,0.2083,0.159,0.1837,0.3838,0.6867,DROWSY,29,0,Windows,unspecified
23:09:14.594,227.348,0.2082,0.159,0.1836,0.3866,0.6867,DROWSY,30,0,Windows,unspecified
23:09:14.628,227.382,0.191,0.1758,0.1834,0.3953,0.6867,DROWSY,31,0,Windows,unspecified
23:09:14.657,227.411,0.191,0.1757,0.1833,0.3868,0.6867,DROWSY,32,0,Windows,unspecified
23:09:14.689,227.443,0.191,0.1757,0.1833,0.3953,0.6867,DROWSY,33,0,Windows,unspecified
23:09:14.720,227.474,0.191,0.1757,0.1833,0.3972,0.6867,DROWSY,34,0,Windows,unspecified
23:09:14.750,227.504,0.191,0.191,0.191,0.3895,0.6867,DROWSY,35,0,Windows,unspecified
23:09:14.782,227.536,0.2082,0.1914,0.1998,0.393,0.6867,DROWSY,36,0,Windows,unspecified
23:09:14.811,227.565,0.2252,0.2268,0.226,0.3832,0.6867,DROWSY,37,0,Windows,unspecified
23:09:14.844,227.598,0.2252,0.2437,0.2345,0.3879,0.6867,DROWSY,38,0,Windows,unspecified
23:09:14.889,227.643,0.2768,0.2671,0.2719,0.3746,0.6867,DROWSY,39,0,Windows,unspecified
23:09:14.920,227.674,0.3111,0.2681,0.2896,0.3762,0.6933,DROWSY,40,0,Windows,unspecified
23:09:14.962,227.716,0.3159,0.3343,0.3251,0.3762,0.6933,DROWSY,0,0,Windows,unspecified
23:09:14.999,227.753,0.3324,0.3251,0.3287,0.3687,0.6933,DROWSY,0,0,Windows,unspecified
23:09:15.030,227.784,0.3337,0.3274,0.3306,0.3835,0.6933,DROWSY,0,0,Windows,unspecified
23:09:15.061,227.815,0.3337,0.3283,0.331,0.3812,0.6933,DROWSY,0,0,Windows,unspecified
23:09:15.091,227.845,0.3482,0.3263,0.3372,0.37,0.6933,DROWSY,0,0,Windows,unspecified
23:09:15.125,227.879,0.3337,0.3274,0.3306,0.3789,0.6933,DROWSY,0,0,Windows,unspecified
23:09:15.155,227.909,0.3263,0.3498,0.3381,0.3797,0.6867,DROWSY,0,0,Windows,unspecified
23:09:15.187,227.941,0.3553,0.3162,0.3358,0.3789,0.68,DROWSY,0,0,Windows,unspecified
23:09:15.218,227.972,0.3404,0.3101,0.3252,0.3924,0.6733,DROWSY,0,0,Windows,unspecified
23:09:15.248,228.002,0.3419,0.334,0.3379,0.3971,0.6667,DROWSY,0,0,Windows,unspecified
23:09:15.290,228.044,0.3618,0.3621,0.362,0.402,0.66,DROWSY,0,0,Windows,unspecified
23:09:15.326,228.08,0.3447,0.3121,0.3284,0.3933,0.6533,DROWSY,0,0,Windows,unspecified
23:09:15.359,228.113,0.3641,0.3291,0.3466,0.397,0.6467,DROWSY,0,0,Windows,unspecified
23:09:15.387,228.141,0.333,0.3316,0.3323,0.387,0.64,DROWSY,0,0,Windows,unspecified
23:09:15.421,228.175,0.3168,0.3433,0.3301,0.3833,0.6333,DROWSY,0,0,Windows,unspecified
23:09:15.450,228.204,0.3447,0.3263,0.3355,0.3725,0.6267,DROWSY,0,0,Windows,unspecified
23:09:15.487,228.241,0.3302,0.3019,0.3161,0.3689,0.62,DROWSY,0,0,Windows,unspecified
23:09:15.511,228.265,0.3302,0.3162,0.3232,0.3542,0.6133,DROWSY,0,0,Windows,unspecified
23:09:15.550,228.304,0.3392,0.3121,0.3257,0.3654,0.6067,DROWSY,0,0,Windows,unspecified
23:09:15.575,228.329,0.3143,0.3093,0.3118,0.3603,0.6,DROWSY,0,0,Windows,unspecified
23:09:15.613,228.367,0.1644,0.2117,0.1881,0.3557,0.6,DROWSY,1,0,Windows,unspecified
23:09:15.638,228.392,0.0988,0.1286,0.1137,0.3685,0.6,DROWSY,2,0,Windows,unspecified
23:09:15.694,228.448,0.0662,0.1133,0.0898,0.3636,0.6,DROWSY,3,0,Windows,unspecified
23:09:15.716,228.469,0.0662,0.0932,0.0797,0.3624,0.6,DROWSY,4,0,Windows,unspecified
23:09:15.755,228.509,0.1644,0.1586,0.1615,0.367,0.6,DROWSY,5,0,Windows,unspecified
23:09:15.778,228.532,0.1803,0.1953,0.1878,0.367,0.6,DROWSY,6,0,Windows,unspecified
23:09:15.818,228.572,0.2176,0.1992,0.2084,0.3607,0.6,DROWSY,7,0,Windows,unspecified
23:09:15.855,228.609,0.2352,0.2296,0.2324,0.361,0.6,DROWSY,8,0,Windows,unspecified
23:09:15.884,228.638,0.2468,0.2304,0.2386,0.3598,0.6,DROWSY,9,0,Windows,unspecified
23:09:15.914,228.668,0.2511,0.2493,0.2502,0.3737,0.6,DROWSY,10,0,Windows,unspecified
23:09:15.946,228.7,0.3106,0.2764,0.2935,0.3764,0.6,DROWSY,11,0,Windows,unspecified
23:09:15.979,228.733,0.3162,0.2923,0.3043,0.3725,0.5933,DROWSY,0,0,Windows,unspecified
23:09:16.014,228.768,0.2866,0.2821,0.2844,0.3776,0.5933,DROWSY,1,0,Windows,unspecified
23:09:16.042,228.796,0.3003,0.2923,0.2963,0.3791,0.5933,DROWSY,2,0,Windows,unspecified
23:09:16.093,228.847,0.2877,0.2525,0.2701,0.3877,0.5933,DROWSY,3,0,Windows,unspecified
23:09:16.120,228.874,0.2811,0.2602,0.2707,0.392,0.5933,DROWSY,4,0,Windows,unspecified
23:09:16.158,228.912,0.2874,0.2764,0.2819,0.4165,0.5933,DROWSY,5,0,Windows,unspecified
23:09:16.184,228.938,0.2655,0.2683,0.2669,0.4103,0.5933,DROWSY,6,0,Windows,unspecified
23:09:16.220,228.974,0.2941,0.267,0.2806,0.4367,0.5933,DROWSY,7,0,Windows,unspecified
23:09:16.245,228.999,0.2743,0.2503,0.2623,0.4316,0.5933,DROWSY,8,0,Windows,unspecified
23:09:16.286,229.04,0.296,0.2788,0.2874,0.4552,0.5933,DROWSY,9,0,Windows,unspecified
23:09:16.309,229.063,0.3003,0.2656,0.283,0.4439,0.5933,DROWSY,10,0,Windows,unspecified
23:09:16.350,229.104,0.3104,0.272,0.2912,0.4416,0.5933,DROWSY,11,0,Windows,unspecified
23:09:16.386,229.14,0.3162,0.272,0.2941,0.4293,0.5933,DROWSY,12,0,Windows,unspecified
23:09:16.416,229.17,0.3048,0.2891,0.297,0.4076,0.5933,DROWSY,13,0,Windows,unspecified
23:09:16.449,229.203,0.3223,0.2959,0.3091,0.394,0.5867,DROWSY,0,0,Windows,unspecified
23:09:16.494,229.248,0.352,0.3094,0.3307,0.3766,0.5867,DROWSY,0,0,Windows,unspecified
23:09:16.528,229.282,0.3318,0.3012,0.3165,0.3708,0.5867,DROWSY,0,0,Windows,unspecified
23:09:16.558,229.312,0.3583,0.3021,0.3302,0.3883,0.5867,DROWSY,0,0,Windows,unspecified
23:09:16.591,229.345,0.3553,0.3285,0.3419,0.3783,0.5867,DROWSY,0,0,Windows,unspecified
23:09:16.621,229.375,0.3694,0.3215,0.3455,0.3863,0.5867,DROWSY,0,0,Windows,unspecified
23:09:16.653,229.407,0.3575,0.3315,0.3445,0.3791,0.5867,DROWSY,0,0,Windows,unspecified
23:09:16.685,229.439,0.3602,0.3342,0.3472,0.3922,0.5867,DROWSY,0,0,Windows,unspecified
23:09:16.716,229.47,0.3591,0.3381,0.3486,0.3863,0.5867,DROWSY,0,0,Windows,unspecified
23:09:16.750,229.504,0.3602,0.3468,0.3535,0.3918,0.5867,DROWSY,0,0,Windows,unspecified
23:09:16.779,229.533,0.3673,0.3244,0.3459,0.3836,0.5867,DROWSY,0,0,Windows,unspecified
23:09:16.810,229.564,0.3505,0.3327,0.3416,0.3882,0.5867,DROWSY,0,0,Windows,unspecified
23:09:16.841,229.595,0.3505,0.3189,0.3347,0.3925,0.5867,DROWSY,0,0,Windows,unspecified
23:09:16.890,229.644,0.3411,0.3428,0.342,0.3763,0.5867,DROWSY,0,0,Windows,unspecified
23:09:16.918,229.672,0.3392,0.3201,0.3297,0.3847,0.5867,DROWSY,0,0,Windows,unspecified
23:09:16.958,229.712,0.3392,0.3342,0.3367,0.3825,0.5867,DROWSY,0,0,Windows,unspecified
23:09:16.980,229.734,0.3521,0.3157,0.3339,0.3824,0.5867,DROWSY,0,0,Windows,unspecified
23:09:17.022,229.776,0.3498,0.3299,0.3398,0.3802,0.5867,DROWSY,0,0,Windows,unspecified
23:09:17.060,229.814,0.3627,0.3299,0.3463,0.3773,0.5867,DROWSY,0,0,Windows,unspecified
23:09:17.090,229.844,0.3504,0.3225,0.3364,0.3788,0.5867,DROWSY,0,0,Windows,unspecified
23:09:17.123,229.877,0.3653,0.3285,0.3469,0.3843,0.5867,DROWSY,0,0,Windows,unspecified
23:09:17.153,229.907,0.3675,0.3486,0.358,0.3952,0.5867,DROWSY,0,0,Windows,unspecified
23:09:17.182,229.935,0.3697,0.3471,0.3584,0.3908,0.5867,DROWSY,0,0,Windows,unspecified
23:09:17.214,229.968,0.3768,0.3589,0.3679,0.3935,0.5867,DROWSY,0,0,Windows,unspecified
23:09:17.247,230.001,0.3768,0.3501,0.3635,0.3863,0.5867,DROWSY,0,0,Windows,unspecified
23:09:17.294,230.048,0.3799,0.3646,0.3723,0.3894,0.5867,DROWSY,0,0,Windows,unspecified
23:09:17.324,230.078,0.4043,0.3646,0.3845,0.3894,0.5867,DROWSY,0,0,Windows,unspecified
23:09:17.357,230.111,0.3534,0.3326,0.343,0.3853,0.5867,DROWSY,0,0,Windows,unspecified
23:09:17.387,230.141,0.3521,0.3391,0.3456,0.3873,0.5867,DROWSY,0,0,Windows,unspecified
23:09:17.420,230.174,0.3357,0.3262,0.3309,0.4035,0.5867,DROWSY,0,0,Windows,unspecified
23:09:17.450,230.204,0.3253,0.3154,0.3203,0.4102,0.5867,DROWSY,0,0,Windows,unspecified
23:09:17.486,230.24,0.3272,0.3378,0.3325,0.4046,0.5867,DROWSY,0,0,Windows,unspecified
23:09:17.513,230.267,0.3295,0.326,0.3278,0.3867,0.5867,DROWSY,0,0,Windows,unspecified
23:09:17.549,230.303,0.304,0.2948,0.2994,0.3915,0.5933,DROWSY,1,0,Windows,unspecified
23:09:17.576,230.33,0.3245,0.3058,0.3152,0.3942,0.5933,DROWSY,0,0,Windows,unspecified
23:09:17.613,230.367,0.3055,0.2911,0.2983,0.3806,0.6,DROWSY,1,0,Windows,unspecified
23:09:17.639,230.393,0.3146,0.2986,0.3066,0.3947,0.6,DROWSY,0,0,Windows,unspecified
23:09:17.695,230.449,0.3017,0.2872,0.2944,0.3961,0.6067,DROWSY,1,0,Windows,unspecified
23:09:17.734,230.488,0.2943,0.2917,0.293,0.3979,0.6133,DROWSY,2,0,Windows,unspecified
23:09:17.764,230.518,0.2933,0.2872,0.2902,0.4016,0.62,DROWSY,3,0,Windows,unspecified
23:09:17.795,230.549,0.3004,0.2917,0.296,0.407,0.62,DROWSY,4,0,Windows,unspecified
23:09:17.827,230.581,0.2859,0.2789,0.2824,0.3884,0.62,DROWSY,5,0,Windows,unspecified
23:09:17.858,230.612,0.2925,0.2826,0.2876,0.3804,0.62,DROWSY,6,0,Windows,unspecified
23:09:17.890,230.644,0.2859,0.2994,0.2927,0.4014,0.62,DROWSY,7,0,Windows,unspecified
23:09:17.920,230.674,0.2925,0.2917,0.2921,0.3863,0.62,DROWSY,8,0,Windows,unspecified
23:09:17.952,230.705,0.308,0.3055,0.3067,0.3906,0.6133,DROWSY,0,0,Windows,unspecified
23:09:17.983,230.737,0.2752,0.3055,0.2903,0.3946,0.6133,DROWSY,1,0,Windows,unspecified
23:09:18.014,230.768,0.3165,0.3255,0.321,0.3852,0.6067,DROWSY,0,0,Windows,unspecified
23:09:18.045,230.799,0.3374,0.3255,0.3315,0.3818,0.6,DROWSY,0,0,Windows,unspecified
23:09:18.094,230.848,0.3178,0.3379,0.3279,0.3874,0.5933,DROWSY,0,0,Windows,unspecified
23:09:18.122,230.876,0.3291,0.3562,0.3426,0.3932,0.5867,DROWSY,0,0,Windows,unspecified
23:09:18.160,230.913,0.3063,0.3272,0.3167,0.3859,0.58,DROWSY,0,0,Windows,unspecified
23:09:18.184,230.938,0.2817,0.3379,0.3098,0.3905,0.5733,DROWSY,0,0,Windows,unspecified
23:09:18.220,230.974,0.2357,0.3044,0.27,0.4212,0.5733,DROWSY,1,0,Windows,unspecified
23:09:18.247,231.001,0.2176,0.3003,0.2589,0.417,0.5733,DROWSY,2,0,Windows,unspecified
23:09:18.285,231.039,0.2938,0.3309,0.3123,0.423,0.5667,DROWSY,0,0,Windows,unspecified
23:09:18.311,231.065,0.2938,0.3283,0.311,0.4142,0.56,DROWSY,0,0,Windows,unspecified
23:09:18.350,231.104,0.3363,0.3246,0.3304,0.4088,0.5533,DROWSY,0,0,Windows,unspecified
23:09:18.385,231.139,0.3387,0.3414,0.34,0.4095,0.5467,DROWSY,0,0,Windows,unspecified
23:09:18.431,231.184,0.3569,0.3309,0.3439,0.4111,0.54,DROWSY,0,0,Windows,unspecified
23:09:18.465,231.219,0.3543,0.34,0.3472,0.4113,0.5333,DROWSY,0,0,Windows,unspecified
23:09:18.496,231.25,0.311,0.244,0.2775,0.4036,0.5333,DROWSY,1,0,Windows,unspecified
23:09:18.526,231.28,0.3017,0.1911,0.2464,0.4184,0.5333,DROWSY,2,0,Windows,unspecified
23:09:18.559,231.313,0.2866,0.1627,0.2247,0.4269,0.5333,DROWSY,3,0,Windows,unspecified
23:09:18.588,231.342,0.2989,0.1672,0.233,0.4287,0.54,DROWSY,4,0,Windows,unspecified
23:09:18.621,231.375,0.2781,0.1616,0.2198,0.4273,0.54,DROWSY,5,0,Windows,unspecified
23:09:18.653,231.407,0.2989,0.1447,0.2218,0.4244,0.54,DROWSY,6,0,Windows,unspecified
23:09:18.686,231.44,0.3211,0.2537,0.2874,0.4218,0.54,DROWSY,7,0,Windows,unspecified
23:09:18.715,231.469,0.3211,0.2698,0.2954,0.421,0.54,DROWSY,8,0,Windows,unspecified
23:09:18.751,231.505,0.2941,0.2817,0.2879,0.4216,0.54,DROWSY,9,0,Windows,unspecified
23:09:18.778,231.531,0.3071,0.3026,0.3049,0.4222,0.5333,DROWSY,0,0,Windows,unspecified
23:09:18.827,231.581,0.297,0.3076,0.3023,0.4075,0.5267,DROWSY,0,0,Windows,unspecified
23:09:18.856,231.61,0.3098,0.3041,0.3069,0.4084,0.52,DROWSY,0,0,Windows,unspecified
23:09:18.902,231.656,0.2942,0.2906,0.2924,0.4057,0.52,DROWSY,1,0,Windows,unspecified
23:09:18.935,231.689,0.2941,0.2906,0.2924,0.4067,0.52,DROWSY,2,0,Windows,unspecified
23:09:18.964,231.718,0.3098,0.2921,0.3009,0.4135,0.52,DROWSY,3,0,Windows,unspecified
23:09:18.997,231.751,0.3127,0.2853,0.299,0.4093,0.52,DROWSY,4,0,Windows,unspecified
23:09:19.028,231.782,0.3068,0.2801,0.2934,0.404,0.52,DROWSY,5,0,Windows,unspecified
23:09:19.058,231.812,0.2938,0.2786,0.2862,0.4073,0.52,DROWSY,6,0,Windows,unspecified
23:09:19.090,231.844,0.311,0.2915,0.3013,0.403,0.5133,DROWSY,0,0,Windows,unspecified
23:09:19.122,231.876,0.2962,0.2826,0.2894,0.3994,0.5133,DROWSY,1,0,Windows,unspecified
23:09:19.153,231.907,0.2962,0.2978,0.297,0.3976,0.5133,DROWSY,2,0,Windows,unspecified
23:09:19.185,231.939,0.3086,0.2978,0.3032,0.395,0.5067,DROWSY,0,0,Windows,unspecified
23:09:19.230,231.984,0.3142,0.2959,0.3051,0.3972,0.5,DROWSY,0,0,Windows,unspecified
23:09:19.260,232.014,0.337,0.3156,0.3263,0.3972,0.4933,DROWSY,0,0,Windows,unspecified
23:09:19.297,232.051,0.3159,0.3073,0.3116,0.4015,0.4867,DROWSY,0,0,Windows,unspecified
23:09:19.324,232.078,0.3297,0.3033,0.3165,0.3991,0.48,DROWSY,0,0,Windows,unspecified
23:09:19.361,232.114,0.3039,0.3134,0.3086,0.4039,0.4733,DROWSY,0,0,Windows,unspecified
23:09:19.389,232.143,0.3028,0.3044,0.3036,0.406,0.4667,DROWSY,0,0,Windows,unspecified
23:09:19.423,232.177,0.3045,0.3073,0.3059,0.3984,0.46,DROWSY,0,0,Windows,unspecified
23:09:19.450,232.204,0.3062,0.293,0.2996,0.3952,0.46,DROWSY,1,0,Windows,unspecified
23:09:19.482,232.236,0.3045,0.2938,0.2991,0.3996,0.46,DROWSY,2,0,Windows,unspecified
23:09:19.511,232.265,0.3192,0.2938,0.3065,0.401,0.4533,DROWSY,0,0,Windows,unspecified
23:09:19.546,232.3,0.305,0.3263,0.3156,0.3967,0.4467,DROWSY,0,0,Windows,unspecified
23:09:19.574,232.328,0.2972,0.3036,0.3004,0.3972,0.4467,DROWSY,1,0,Windows,unspecified
23:09:19.633,232.387,0.2989,0.2993,0.2991,0.3999,0.4467,DROWSY,2,0,Windows,unspecified
23:09:19.665,232.419,0.2989,0.309,0.3039,0.409,0.44,DROWSY,0,0,Windows,unspecified
23:09:19.698,232.452,0.3236,0.3001,0.3118,0.403,0.4333,DROWSY,0,0,Windows,unspecified
23:09:19.730,232.484,0.3327,0.3073,0.32,0.4043,0.4267,DROWSY,0,0,Windows,unspecified
23:09:19.760,232.514,0.305,0.2757,0.2904,0.3976,0.4267,DROWSY,1,0,Windows,unspecified
23:09:19.793,232.546,0.3245,0.2984,0.3115,0.389,0.42,DROWSY,0,0,Windows,unspecified
23:09:19.823,232.577,0.3211,0.2797,0.3004,0.394,0.42,DROWSY,1,0,Windows,unspecified
23:09:19.855,232.609,0.3118,0.2829,0.2974,0.3995,0.42,DROWSY,2,0,Windows,unspecified
23:09:19.882,232.636,0.2454,0.2152,0.2303,0.395,0.42,DROWSY,3,0,Windows,unspecified
23:09:19.914,232.668,0.2295,0.1806,0.205,0.3952,0.42,DROWSY,4,0,Windows,unspecified
23:09:19.949,232.703,0.2152,0.2264,0.2208,0.3864,0.4267,DROWSY,5,0,Windows,unspecified
23:09:19.979,232.733,0.2152,0.2412,0.2282,0.3887,0.4333,DROWSY,6,0,Windows,unspecified
23:09:20.030,232.784,0.2236,0.2528,0.2382,0.3947,0.44,DROWSY,7,0,Windows,unspecified
23:09:20.058,232.812,0.2395,0.256,0.2477,0.3947,0.4467,DROWSY,8,0,Windows,unspecified
23:09:20.094,232.848,0.2451,0.2567,0.2509,0.3869,0.4533,DROWSY,9,0,Windows,unspecified
23:09:20.119,232.873,0.2669,0.2632,0.2651,0.3917,0.46,DROWSY,10,0,Windows,unspecified
23:09:20.158,232.912,0.2575,0.2786,0.268,0.3885,0.4667,DROWSY,11,0,Windows,unspecified
23:09:20.181,232.935,0.26,0.2739,0.267,0.3883,0.4733,DROWSY,12,0,Windows,unspecified
23:09:20.222,232.976,0.2825,0.2607,0.2716,0.3858,0.48,DROWSY,13,0,Windows,unspecified
23:09:20.243,232.997,0.2889,0.2792,0.284,0.3837,0.4867,DROWSY,14,0,Windows,unspecified
23:09:20.285,233.038,0.2788,0.2755,0.2771,0.3793,0.4933,DROWSY,15,0,Windows,unspecified
23:09:20.321,233.075,0.2913,0.2786,0.2849,0.3771,0.5,DROWSY,16,0,Windows,unspecified
23:09:20.352,233.106,0.2869,0.2908,0.2889,0.3774,0.5067,DROWSY,17,0,Windows,unspecified
23:09:20.383,233.137,0.2869,0.3039,0.2954,0.378,0.5133,DROWSY,18,0,Windows,unspecified
23:09:20.431,233.185,0.3077,0.2915,0.2996,0.3839,0.52,DROWSY,19,0,Windows,unspecified
23:09:20.463,233.217,0.2952,0.3032,0.2992,0.3824,0.5267,DROWSY,20,0,Windows,unspecified
23:09:20.494,233.248,0.2809,0.2917,0.2863,0.3797,0.5333,DROWSY,21,0,Windows,unspecified
23:09:20.524,233.278,0.2683,0.2779,0.2731,0.3817,0.54,DROWSY,22,0,Windows,unspecified
23:09:20.555,233.309,0.2977,0.2987,0.2982,0.3897,0.5467,DROWSY,23,0,Windows,unspecified
23:09:20.586,233.34,0.301,0.2779,0.2894,0.3872,0.5533,DROWSY,24,0,Windows,unspecified
23:09:20.620,233.374,0.2858,0.3021,0.294,0.3867,0.5533,DROWSY,25,0,Windows,unspecified
23:09:20.648,233.402,0.2858,0.2894,0.2876,0.3801,0.5533,DROWSY,26,0,Windows,unspecified
23:09:20.684,233.438,0.2766,0.3021,0.2893,0.3942,0.5533,DROWSY,27,0,Windows,unspecified
23:09:20.710,233.464,0.2797,0.2876,0.2836,0.3865,0.5533,DROWSY,28,0,Windows,unspecified
23:09:20.751,233.505,0.2768,0.3049,0.2909,0.3835,0.5533,DROWSY,29,0,Windows,unspecified
23:09:20.775,233.529,0.2812,0.3101,0.2956,0.3907,0.5533,DROWSY,30,0,Windows,unspecified
23:09:20.831,233.585,0.2841,0.3049,0.2945,0.3955,0.5533,DROWSY,31,0,Windows,unspecified
23:09:20.868,233.622,0.2768,0.2901,0.2834,0.383,0.5533,DROWSY,32,0,Windows,unspecified
23:09:20.899,233.653,0.2813,0.2901,0.2857,0.3818,0.5533,DROWSY,33,0,Windows,unspecified
23:09:20.936,233.69,0.2842,0.3181,0.3012,0.3849,0.5467,DROWSY,0,0,Windows,unspecified
23:09:20.963,233.717,0.2923,0.302,0.2971,0.3805,0.5467,DROWSY,1,0,Windows,unspecified
23:09:20.995,233.749,0.2924,0.3111,0.3017,0.3737,0.5467,DROWSY,0,0,Windows,unspecified
23:09:21.025,233.779,0.2799,0.3131,0.2965,0.3889,0.5467,DROWSY,1,0,Windows,unspecified
23:09:21.057,233.811,0.2769,0.3131,0.295,0.3869,0.5467,DROWSY,2,0,Windows,unspecified
23:09:21.089,233.843,0.2799,0.2856,0.2827,0.3876,0.5467,DROWSY,3,0,Windows,unspecified
23:09:21.120,233.874,0.2765,0.285,0.2807,0.3834,0.5467,DROWSY,4,0,Windows,unspecified
23:09:21.149,233.903,0.2709,0.3054,0.2881,0.3905,0.5467,DROWSY,5,0,Windows,unspecified
23:09:21.180,233.934,0.2765,0.3136,0.2951,0.3833,0.5467,DROWSY,6,0,Windows,unspecified
23:09:21.231,233.985,0.2758,0.2979,0.2869,0.3867,0.5467,DROWSY,7,0,Windows,unspecified
23:09:21.259,234.013,0.2806,0.2979,0.2893,0.386,0.5467,DROWSY,8,0,Windows,unspecified
23:09:21.294,234.048,0.2806,0.2696,0.2751,0.388,0.5467,DROWSY,9,0,Windows,unspecified
23:09:21.321,234.075,0.276,0.2823,0.2792,0.3872,0.5467,DROWSY,10,0,Windows,unspecified
23:09:21.358,234.112,0.2918,0.2891,0.2905,0.3782,0.5467,DROWSY,11,0,Windows,unspecified
23:09:21.386,234.14,0.2802,0.2766,0.2784,0.3864,0.5467,DROWSY,12,0,Windows,unspecified
23:09:21.422,234.176,0.2765,0.2907,0.2836,0.3846,0.5467,DROWSY,13,0,Windows,unspecified
23:09:21.448,234.202,0.2802,0.2766,0.2784,0.3816,0.5533,DROWSY,14,0,Windows,unspecified
23:09:21.484,234.238,0.2954,0.276,0.2857,0.3904,0.56,DROWSY,15,0,Windows,unspecified
23:09:21.511,234.265,0.2918,0.2766,0.2842,0.3876,0.5667,DROWSY,16,0,Windows,unspecified
23:09:21.551,234.305,0.2866,0.2818,0.2842,0.3937,0.5733,DROWSY,17,0,Windows,unspecified
23:09:21.575,234.329,0.2795,0.2696,0.2746,0.3883,0.58,DROWSY,18,0,Windows,unspecified
23:09:21.630,234.384,0.2728,0.2764,0.2746,0.3928,0.5867,DROWSY,19,0,Windows,unspecified
23:09:21.668,234.422,0.273,0.2615,0.2673,0.3831,0.5933,DROWSY,20,0,Windows,unspecified
23:09:21.699,234.453,0.2792,0.2754,0.2773,0.3938,0.6,DROWSY,21,0,Windows,unspecified
23:09:21.729,234.483,0.2802,0.2818,0.281,0.4013,0.6067,DROWSY,22,0,Windows,unspecified
23:09:21.764,234.518,0.2732,0.2823,0.2778,0.3929,0.6133,DROWSY,23,0,Windows,unspecified
23:09:21.795,234.549,0.2948,0.2696,0.2822,0.3929,0.62,DROWSY,24,0,Windows,unspecified
23:09:21.824,234.578,0.2941,0.2754,0.2847,0.4052,0.6267,DROWSY,25,0,Windows,unspecified
23:09:21.857,234.611,0.3201,0.2814,0.3007,0.4001,0.6333,DROWSY,26,0,Windows,unspecified
23:09:21.887,234.641,0.3157,0.2692,0.2925,0.4106,0.64,DROWSY,27,0,Windows,unspecified
23:09:21.921,234.675,0.3202,0.2903,0.3052,0.4114,0.64,DROWSY,0,0,Windows,unspecified
23:09:21.946,234.7,0.2604,0.2591,0.2598,0.4074,0.6467,DROWSY,1,0,Windows,unspecified
23:09:21.981,234.735,0.2604,0.2474,0.2539,0.4007,0.6533,DROWSY,2,0,Windows,unspecified
23:09:22.030,234.784,0.2604,0.2531,0.2568,0.401,0.66,DROWSY,3,0,Windows,unspecified
23:09:22.061,234.815,0.2808,0.2484,0.2646,0.4005,0.6667,DROWSY,4,0,Windows,unspecified
23:09:22.093,234.847,0.2782,0.2673,0.2728,0.3944,0.6733,DROWSY,5,0,Windows,unspecified
23:09:22.121,234.875,0.2901,0.2673,0.2787,0.4032,0.68,DROWSY,6,0,Windows,unspecified
23:09:22.153,234.907,0.2777,0.2673,0.2725,0.4058,0.6867,DROWSY,7,0,Windows,unspecified
23:09:22.184,234.938,0.2733,0.2567,0.265,0.4088,0.6933,DROWSY,8,0,Windows,unspecified
23:09:22.222,234.976,0.2556,0.2553,0.2554,0.4092,0.7,DROWSY,9,0,Windows,unspecified
23:09:22.248,235.002,0.2689,0.2431,0.256,0.4044,0.7067,DROWSY,10,0,Windows,unspecified
23:09:22.286,235.04,0.2821,0.2518,0.2669,0.4076,0.7133,DROWSY,11,0,Windows,unspecified
23:09:22.324,235.078,0.2818,0.2411,0.2614,0.4044,0.72,DROWSY,12,0,Windows,unspecified
23:09:22.357,235.111,0.2033,0.2133,0.2083,0.4141,0.7267,DROWSY,13,0,Windows,unspecified
23:09:22.389,235.143,0.2019,0.2088,0.2053,0.409,0.7333,DROWSY,14,0,Windows,unspecified
23:09:22.427,235.181,0.1814,0.2275,0.2045,0.425,0.74,DROWSY,15,0,Windows,unspecified
23:09:22.452,235.206,0.1908,0.2226,0.2067,0.4078,0.7467,DROWSY,16,0,Windows,unspecified
23:09:22.495,235.249,0.2447,0.2493,0.247,0.4127,0.7533,DROWSY,17,0,Windows,unspecified
23:09:22.529,235.283,0.2663,0.2557,0.261,0.4076,0.76,DROWSY,18,0,Windows,unspecified
23:09:22.559,235.313,0.279,0.2701,0.2745,0.4054,0.76,DROWSY,19,0,Windows,unspecified
23:09:22.592,235.346,0.285,0.2767,0.2808,0.4072,0.7667,DROWSY,20,0,Windows,unspecified
23:09:22.623,235.377,0.1991,0.2444,0.2217,0.3926,0.7667,DROWSY,21,0,Windows,unspecified
23:09:22.654,235.408,0.1589,0.2034,0.1811,0.4055,0.7733,DROWSY,22,0,Windows,unspecified
23:09:22.704,235.458,0.2178,0.1908,0.2043,0.4027,0.7733,DROWSY,23,0,Windows,unspecified
23:09:22.734,235.488,0.1908,0.1988,0.1948,0.3977,0.7733,DROWSY,24,0,Windows,unspecified
23:09:22.768,235.522,0.2573,0.2405,0.2489,0.3888,0.7733,DROWSY,25,0,Windows,unspecified
23:09:22.798,235.552,0.2701,0.2469,0.2585,0.3878,0.7733,DROWSY,26,0,Windows,unspecified
23:09:22.830,235.584,0.278,0.3119,0.295,0.3995,0.7733,DROWSY,27,0,Windows,unspecified
23:09:22.866,235.62,0.2752,0.3358,0.3055,0.3876,0.7667,DROWSY,0,0,Windows,unspecified
23:09:22.889,235.643,0.3572,0.3295,0.3433,0.4161,0.76,DROWSY,0,0,Windows,unspecified
23:09:22.925,235.679,0.3547,0.3291,0.3419,0.4134,0.7533,DROWSY,0,0,Windows,unspecified
23:09:22.959,235.712,0.3608,0.3356,0.3482,0.3916,0.7533,DROWSY,0,0,Windows,unspecified
23:09:22.986,235.74,0.421,0.4138,0.4174,0.4083,0.7467,DROWSY,0,0,Windows,unspecified
23:09:23.023,235.777,0.4775,0.4667,0.4721,0.3877,0.7467,DROWSY,0,0,Windows,unspecified
23:09:23.050,235.804,0.4266,0.4453,0.4359,0.4221,0.7467,DROWSY,0,0,Windows,unspecified
23:09:23.086,235.84,0.4286,0.4863,0.4575,0.3938,0.7467,DROWSY,0,0,Windows,unspecified
23:09:23.113,235.867,0.4078,0.4089,0.4083,0.4093,0.7467,DROWSY,0,0,Windows,unspecified
23:09:23.150,235.904,0.384,0.3932,0.3886,0.4054,0.7467,DROWSY,0,0,Windows,unspecified
23:09:23.174,235.928,0.4155,0.4348,0.4251,0.4021,0.7467,DROWSY,0,0,Windows,unspecified
23:09:23.230,235.984,0.454,0.458,0.456,0.4223,0.74,DROWSY,0,0,Windows,unspecified
23:09:23.254,236.007,0.4402,0.4544,0.4473,0.4183,0.7333,DROWSY,0,0,Windows,unspecified
23:09:23.293,236.047,0.4534,0.4456,0.4495,0.4167,0.7333,DROWSY,0,0,Windows,unspecified
23:09:23.329,236.083,0.4537,0.4302,0.4419,0.4212,0.7333,DROWSY,0,0,Windows,unspecified
23:09:23.361,236.115,0.4699,0.4729,0.4714,0.3863,0.7333,DROWSY,0,0,Windows,unspecified
23:09:23.393,236.147,0.4685,0.4741,0.4713,0.3773,0.7333,DROWSY,0,0,Windows,unspecified
23:09:23.425,236.179,0.4571,0.4508,0.454,0.3848,0.7333,DROWSY,0,0,Windows,unspecified
23:09:23.455,236.209,0.4568,0.458,0.4574,0.3775,0.7333,DROWSY,0,0,Windows,unspecified
23:09:23.487,236.241,0.4586,0.4604,0.4595,0.3883,0.7267,DROWSY,0,0,Windows,unspecified
23:09:23.519,236.273,0.4364,0.4408,0.4386,0.3914,0.72,DROWSY,0,0,Windows,unspecified
23:09:23.551,236.305,0.2551,0.2297,0.2424,0.3914,0.72,DROWSY,1,0,Windows,unspecified
23:09:23.583,236.337,0.2325,0.2418,0.2371,0.3958,0.72,DROWSY,2,0,Windows,unspecified
23:09:23.629,236.383,0.0497,0.0516,0.0507,0.3977,0.72,DROWSY,3,0,Windows,unspecified
23:09:23.661,236.414,0.0417,0.0435,0.0426,0.3998,0.72,DROWSY,4,0,Windows,unspecified
23:09:23.689,236.443,0.1304,0.1179,0.1241,0.3986,0.72,DROWSY,5,0,Windows,unspecified
23:09:23.723,236.477,0.1666,0.1392,0.1529,0.3924,0.72,DROWSY,6,0,Windows,unspecified
23:09:23.758,236.512,0.2751,0.2455,0.2603,0.3985,0.72,DROWSY,7,0,Windows,unspecified
23:09:23.784,236.538,0.2824,0.2648,0.2736,0.4046,0.7267,DROWSY,8,0,Windows,unspecified
23:09:23.817,236.571,0.3193,0.315,0.3172,0.3926,0.7267,DROWSY,0,0,Windows,unspecified
23:09:23.848,236.602,0.3344,0.307,0.3207,0.4081,0.7267,DROWSY,0,0,Windows,unspecified
23:09:23.884,236.638,0.3514,0.3299,0.3406,0.398,0.72,DROWSY,0,0,Windows,unspecified
23:09:23.912,236.666,0.3552,0.3431,0.3491,0.3984,0.7133,DROWSY,0,0,Windows,unspecified
23:09:23.949,236.703,0.3466,0.3374,0.342,0.4137,0.7067,DROWSY,0,0,Windows,unspecified
23:09:23.975,236.729,0.3591,0.3619,0.3605,0.4204,0.7,DROWSY,0,0,Windows,unspecified
23:09:24.029,236.783,0.3856,0.3727,0.3791,0.4259,0.6933,DROWSY,0,0,Windows,unspecified
23:09:24.052,236.806,0.3961,0.3623,0.3792,0.4343,0.6867,DROWSY,0,0,Windows,unspecified
23:09:24.094,236.848,0.3694,0.3727,0.371,0.4381,0.6867,DROWSY,0,0,Windows,unspecified
23:09:24.112,236.866,0.3819,0.3819,0.3819,0.435,0.68,DROWSY,0,0,Windows,unspecified
23:09:24.154,236.908,0.4084,0.3961,0.4022,0.4166,0.6733,DROWSY,0,0,Windows,unspecified
23:09:24.178,236.932,0.4106,0.4214,0.416,0.4166,0.6733,DROWSY,0,0,Windows,unspecified
23:09:24.222,236.976,0.4737,0.4468,0.4603,0.4237,0.6733,DROWSY,0,0,Windows,unspecified
23:09:24.255,237.009,0.4472,0.4449,0.4461,0.4221,0.6733,DROWSY,0,0,Windows,unspecified
23:09:24.288,237.042,0.4733,0.4464,0.4598,0.4387,0.6733,DROWSY,0,0,Windows,unspecified
23:09:24.320,237.074,0.4753,0.4449,0.4601,0.44,0.6733,DROWSY,0,0,Windows,unspecified
23:09:24.351,237.105,0.4434,0.4325,0.438,0.4611,0.6733,DROWSY,0,0,Windows,unspecified
23:09:24.383,237.137,0.4452,0.4086,0.4269,0.4583,0.6733,DROWSY,0,0,Windows,unspecified
23:09:24.430,237.184,0.4302,0.4199,0.4251,0.4553,0.6733,DROWSY,0,0,Windows,unspecified
23:09:24.461,237.215,0.4169,0.4107,0.4138,0.4441,0.6667,DROWSY,0,0,Windows,unspecified
23:09:24.493,237.247,0.4337,0.4338,0.4337,0.4503,0.66,DROWSY,0,0,Windows,unspecified
23:09:24.524,237.278,0.4337,0.4233,0.4285,0.4507,0.66,DROWSY,0,0,Windows,unspecified
23:09:24.557,237.311,0.432,0.4009,0.4165,0.4474,0.66,DROWSY,0,0,Windows,unspecified
23:09:24.589,237.343,0.4211,0.4009,0.411,0.4558,0.6533,DROWSY,0,0,Windows,unspecified
23:09:24.617,237.371,0.434,0.4089,0.4215,0.4361,0.6467,DROWSY,0,0,Windows,unspecified
23:09:24.649,237.403,0.4359,0.4089,0.4224,0.4409,0.6467,DROWSY,0,0,Windows,unspecified
23:09:24.681,237.435,0.4376,0.3991,0.4183,0.4407,0.6467,DROWSY,0,0,Windows,unspecified
23:09:24.714,237.468,0.4376,0.387,0.4123,0.4405,0.6467,DROWSY,0,0,Windows,unspecified
23:09:24.745,237.499,0.4247,0.387,0.4059,0.4365,0.64,DROWSY,0,0,Windows,unspecified
23:09:24.777,237.531,0.4119,0.3805,0.3962,0.43,0.64,DROWSY,0,0,Windows,unspecified
23:09:24.829,237.583,0.4208,0.3812,0.401,0.439,0.6333,DROWSY,0,0,Windows,unspecified
23:09:24.852,237.606,0.4229,0.386,0.4044,0.4422,0.6267,DROWSY,0,0,Windows,unspecified
23:09:24.890,237.644,0.4242,0.3743,0.3993,0.441,0.62,DROWSY,0,0,Windows,unspecified
23:09:24.915,237.668,0.4242,0.386,0.4051,0.4477,0.6133,DROWSY,0,0,Windows,unspecified
23:09:24.953,237.707,0.4271,0.386,0.4065,0.4406,0.6067,DROWSY,0,0,Windows,unspecified
23:09:24.976,237.73,0.4271,0.3841,0.4056,0.4438,0.6,DROWSY,0,0,Windows,unspecified
23:09:25.021,237.775,0.4033,0.3711,0.3872,0.4382,0.5933,DROWSY,0,0,Windows,unspecified
23:09:25.057,237.811,0.4139,0.3711,0.3925,0.4322,0.5867,DROWSY,0,0,Windows,unspecified
23:09:25.088,237.842,0.411,0.3711,0.3911,0.4304,0.58,DROWSY,0,0,Windows,unspecified
23:09:25.120,237.874,0.4063,0.3711,0.3887,0.4304,0.5733,DROWSY,0,0,Windows,unspecified
23:09:25.151,237.905,0.4033,0.3831,0.3932,0.4412,0.5667,DROWSY,0,0,Windows,unspecified
23:09:25.182,237.936,0.4003,0.3812,0.3908,0.4354,0.56,DROWSY,0,0,Windows,unspecified
23:09:25.229,237.983,0.396,0.3761,0.386,0.4366,0.5533,DROWSY,0,0,Windows,unspecified
23:09:25.262,238.016,0.4003,0.376,0.3882,0.444,0.5467,DROWSY,0,0,Windows,unspecified
23:09:25.290,238.043,0.396,0.3761,0.386,0.4472,0.54,DROWSY,0,0,Windows,unspecified
23:09:25.324,238.078,0.4003,0.376,0.3882,0.4458,0.5333,DROWSY,0,0,Windows,unspecified
23:09:25.357,238.111,0.4033,0.3897,0.3965,0.4458,0.5267,DROWSY,0,0,Windows,unspecified
23:09:25.386,238.14,0.3931,0.3897,0.3914,0.4458,0.52,DROWSY,0,0,Windows,unspecified
23:09:25.418,238.172,0.4003,0.3625,0.3814,0.4541,0.5133,DROWSY,0,0,Windows,unspecified
23:09:25.449,238.203,0.3747,0.3723,0.3735,0.4556,0.5067,DROWSY,0,0,Windows,unspecified
23:09:25.484,238.238,0.3736,0.3933,0.3834,0.4474,0.5,DROWSY,0,0,Windows,unspecified
23:09:25.512,238.266,0.3736,0.3831,0.3783,0.4507,0.4933,DROWSY,0,0,Windows,unspecified
23:09:25.551,238.305,0.3736,0.3623,0.3679,0.4543,0.4867,DROWSY,0,0,Windows,unspecified
23:09:25.589,238.343,0.3713,0.371,0.3711,0.44,0.48,DROWSY,0,0,Windows,unspecified
23:09:25.626,238.38,0.3736,0.3698,0.3717,0.4376,0.4733,DROWSY,0,0,Windows,unspecified
23:09:25.649,238.403,0.3966,0.371,0.3838,0.4395,0.4667,DROWSY,0,0,Windows,unspecified
23:09:25.694,238.448,0.3863,0.3741,0.3802,0.4538,0.46,DROWSY,0,0,Windows,unspecified
23:09:25.731,238.485,0.3863,0.3831,0.3847,0.4572,0.4533,DROWSY,0,0,Windows,unspecified
23:09:25.761,238.515,0.3724,0.3723,0.3724,0.4673,0.4467,DROWSY,0,0,Windows,unspecified
23:09:25.794,238.548,0.3724,0.3819,0.3772,0.4572,0.44,DROWSY,0,0,Windows,unspecified
23:09:25.822,238.576,0.3875,0.3941,0.3908,0.4589,0.4333,DROWSY,0,0,Windows,unspecified
23:09:25.853,238.607,0.3875,0.3941,0.3908,0.4589,0.4267,DROWSY,0,0,Windows,unspecified
23:09:25.883,238.637,0.4247,0.4196,0.4222,0.4624,0.42,DROWSY,0,0,Windows,unspecified
23:09:25.917,238.671,0.4265,0.4335,0.43,0.4538,0.42,DROWSY,0,0,Windows,unspecified
23:09:25.948,238.702,0.4416,0.4314,0.4365,0.4598,0.4133,DROWSY,0,0,Windows,unspecified
23:09:25.979,238.733,0.4665,0.4315,0.449,0.4598,0.4133,DROWSY,0,0,Windows,unspecified
23:09:26.030,238.784,0.4551,0.4336,0.4443,0.4589,0.4067,DROWSY,0,0,Windows,unspecified
23:09:26.059,238.812,0.4665,0.4336,0.45,0.4589,0.4,DROWSY,0,0,Windows,unspecified
23:09:26.094,238.848,0.4679,0.4424,0.4551,0.4589,0.3933,DROWSY,0,0,Windows,unspecified
23:09:26.122,238.875,0.4655,0.4434,0.4544,0.4625,0.3867,DROWSY,0,0,Windows,unspecified
23:09:26.153,238.907,0.4579,0.4407,0.4493,0.4692,0.38,DROWSY,0,0,Windows,unspecified
23:09:26.183,238.937,0.4579,0.4305,0.4442,0.4587,0.3733,DROWSY,0,0,Windows,unspecified
23:09:26.221,238.975,0.4579,0.4407,0.4493,0.4393,0.3667,DROWSY,0,0,Windows,unspecified
23:09:26.246,238.999,0.4579,0.4314,0.4446,0.426,0.36,DROWSY,0,0,Windows,unspecified
23:09:26.284,239.038,0.4553,0.4457,0.4505,0.4009,0.3533,DROWSY,0,0,Windows,unspecified
23:09:26.308,239.062,0.4529,0.4457,0.4493,0.3958,0.3467,NORMAL,0,0,Windows,unspecified
23:09:26.350,239.104,0.443,0.4457,0.4443,0.3915,0.34,NORMAL,0,0,Windows,unspecified
23:09:26.384,239.138,0.4405,0.4352,0.4378,0.3928,0.3333,NORMAL,0,0,Windows,unspecified
23:09:26.429,239.182,0.4541,0.4352,0.4447,0.3948,0.3267,NORMAL,0,0,Windows,unspecified
23:09:26.465,239.219,0.443,0.4352,0.4391,0.3948,0.32,NORMAL,0,0,Windows,unspecified
23:09:26.493,239.247,0.4552,0.4352,0.4452,0.3948,0.3133,NORMAL,0,0,Windows,unspecified
23:09:26.527,239.281,0.4552,0.4234,0.4393,0.401,0.3067,NORMAL,0,0,Windows,unspecified
23:09:26.558,239.312,0.443,0.4336,0.4383,0.3972,0.3,NORMAL,0,0,Windows,unspecified
23:09:26.588,239.342,0.443,0.4562,0.4496,0.3962,0.2933,NORMAL,0,0,Windows,unspecified
23:09:26.622,239.376,0.439,0.4342,0.4366,0.3877,0.2867,NORMAL,0,0,Windows,unspecified
23:09:26.651,239.405,0.4415,0.4539,0.4477,0.383,0.28,NORMAL,0,0,Windows,unspecified
23:09:26.698,239.452,0.4657,0.4555,0.4606,0.3962,0.2733,NORMAL,0,0,Windows,unspecified
23:09:26.731,239.485,0.439,0.444,0.4415,0.3915,0.2667,NORMAL,0,0,Windows,unspecified
23:09:26.762,239.516,0.4634,0.4449,0.4541,0.3847,0.26,NORMAL,0,0,Windows,unspecified
23:09:26.793,239.547,0.439,0.4234,0.4312,0.3895,0.2533,NORMAL,0,0,Windows,unspecified
23:09:26.831,239.584,0.439,0.4352,0.4371,0.3855,0.2467,NORMAL,0,0,Windows,unspecified
23:09:26.856,239.61,0.439,0.4352,0.4371,0.3808,0.24,NORMAL,0,0,Windows,unspecified
23:09:26.893,239.647,0.4373,0.4462,0.4417,0.3843,0.2333,NORMAL,0,0,Windows,unspecified
23:09:26.918,239.672,0.4285,0.4321,0.4303,0.3929,0.2333,NORMAL,0,0,Windows,unspecified
23:09:26.957,239.711,0.4285,0.4315,0.43,0.3834,0.2267,NORMAL,0,0,Windows,unspecified
23:09:26.979,239.732,0.439,0.4562,0.4476,0.3881,0.22,NORMAL,0,0,Windows,unspecified
23:09:27.021,239.775,0.4634,0.4352,0.4493,0.3876,0.2133,NORMAL,0,0,Windows,unspecified
23:09:27.057,239.811,0.4268,0.4234,0.4251,0.382,0.2067,NORMAL,0,0,Windows,unspecified
23:09:27.086,239.84,0.439,0.425,0.432,0.3879,0.2,NORMAL,0,0,Windows,unspecified
23:09:27.119,239.873,0.4268,0.4352,0.431,0.3855,0.1933,NORMAL,0,0,Windows,unspecified
23:09:27.151,239.905,0.4127,0.4252,0.419,0.4013,0.1867,NORMAL,0,0,Windows,unspecified
23:09:27.181,239.935,0.425,0.4037,0.4144,0.4023,0.18,NORMAL,0,0,Windows,unspecified
23:09:27.232,239.986,0.425,0.4133,0.4191,0.4125,0.1733,NORMAL,0,0,Windows,unspecified
23:09:27.258,240.012,0.4338,0.4133,0.4235,0.4074,0.1667,NORMAL,0,0,Windows,unspecified
23:09:27.296,240.05,0.425,0.4015,0.4132,0.4019,0.16,NORMAL,0,0,Windows,unspecified
23:09:27.321,240.075,0.425,0.4148,0.4199,0.3989,0.1533,NORMAL,0,0,Windows,unspecified
23:09:27.358,240.112,0.425,0.3936,0.4093,0.4012,0.1467,NORMAL,0,0,Windows,unspecified
23:09:27.383,240.137,0.4338,0.4166,0.4252,0.4068,0.14,NORMAL,0,0,Windows,unspecified
23:09:27.422,240.176,0.4115,0.4179,0.4147,0.4019,0.1333,NORMAL,0,0,Windows,unspecified
23:09:27.444,240.198,0.4338,0.419,0.4264,0.3968,0.1267,NORMAL,0,0,Windows,unspecified
23:09:27.485,240.239,0.4318,0.4441,0.438,0.3955,0.12,NORMAL,0,0,Windows,unspecified
23:09:27.508,240.262,0.4286,0.4332,0.4309,0.3918,0.1133,NORMAL,0,0,Windows,unspecified
23:09:27.546,240.3,0.4372,0.4215,0.4294,0.3924,0.1067,NORMAL,0,0,Windows,unspecified
23:09:27.570,240.323,0.4372,0.4346,0.4359,0.3858,0.1,NORMAL,0,0,Windows,unspecified
23:09:27.629,240.383,0.4225,0.4418,0.4322,0.3858,0.0933,NORMAL,0,0,Windows,unspecified
23:09:27.666,240.42,0.4225,0.4358,0.4292,0.3808,0.0867,NORMAL,0,0,Windows,unspecified
23:09:27.696,240.45,0.4222,0.4386,0.4304,0.3863,0.08,NORMAL,0,0,Windows,unspecified
23:09:27.726,240.48,0.4199,0.4233,0.4216,0.3823,0.0733,NORMAL,0,0,Windows,unspecified
23:09:27.758,240.512,0.4135,0.4293,0.4214,0.3859,0.0667,NORMAL,0,0,Windows,unspecified
23:09:27.790,240.544,0.417,0.4186,0.4178,0.3825,0.06,NORMAL,0,0,Windows,unspecified
23:09:27.819,240.573,0.4139,0.423,0.4184,0.3937,0.0533,NORMAL,0,0,Windows,unspecified
23:09:27.851,240.605,0.3861,0.4171,0.4016,0.389,0.0533,NORMAL,0,0,Windows,unspecified
23:09:27.888,240.642,0.4011,0.423,0.4121,0.3833,0.0533,NORMAL,0,0,Windows,unspecified
23:09:27.914,240.668,0.4103,0.423,0.4166,0.3875,0.0533,NORMAL,0,0,Windows,unspecified
23:09:27.949,240.703,0.4042,0.4219,0.413,0.3859,0.0533,NORMAL,0,0,Windows,unspecified
23:09:27.979,240.733,0.4014,0.4271,0.4142,0.3929,0.0533,NORMAL,0,0,Windows,unspecified
23:09:28.029,240.783,0.4139,0.4231,0.4185,0.4025,0.0533,NORMAL,0,0,Windows,unspecified
23:09:28.056,240.81,0.4135,0.4189,0.4162,0.3964,0.0533,NORMAL,0,0,Windows,unspecified
23:09:28.093,240.847,0.4014,0.4415,0.4214,0.3978,0.0533,NORMAL,0,0,Windows,unspecified
23:09:28.118,240.872,0.4042,0.4297,0.4169,0.3983,0.0533,NORMAL,0,0,Windows,unspecified
23:09:28.153,240.907,0.4139,0.4152,0.4145,0.3981,0.0533,NORMAL,0,0,Windows,unspecified
23:09:28.181,240.935,0.4135,0.4192,0.4164,0.3995,0.0533,NORMAL,0,0,Windows,unspecified
23:09:28.220,240.974,0.3951,0.4286,0.4118,0.3985,0.0533,NORMAL,0,0,Windows,unspecified
23:09:28.258,241.012,0.3955,0.4408,0.4181,0.4128,0.0533,NORMAL,0,0,Windows,unspecified
23:09:28.291,241.045,0.4044,0.4498,0.4271,0.43,0.0533,NORMAL,0,0,Windows,unspecified
23:09:28.321,241.074,0.4166,0.4255,0.4211,0.4373,0.0533,NORMAL,0,0,Windows,unspecified
23:09:28.351,241.105,0.4446,0.4331,0.4388,0.4397,0.0533,NORMAL,0,0,Windows,unspecified
23:09:28.384,241.138,0.4372,0.4331,0.4352,0.4347,0.0533,NORMAL,0,0,Windows,unspecified
23:09:28.430,241.183,0.4375,0.418,0.4277,0.4468,0.0533,NORMAL,0,0,Windows,unspecified
23:09:28.462,241.216,0.4364,0.4285,0.4324,0.4304,0.0533,NORMAL,0,0,Windows,unspecified
23:09:28.493,241.247,0.4117,0.3985,0.4051,0.4427,0.0533,NORMAL,0,0,Windows,unspecified
23:09:28.527,241.281,0.4128,0.4162,0.4145,0.435,0.0533,NORMAL,0,0,Windows,unspecified
23:09:28.558,241.312,0.409,0.4162,0.4126,0.4348,0.0467,NORMAL,0,0,Windows,unspecified
23:09:28.586,241.34,0.4313,0.4009,0.4161,0.4378,0.04,NORMAL,0,0,Windows,unspecified
23:09:28.617,241.371,0.4193,0.4032,0.4112,0.4416,0.0333,NORMAL,0,0,Windows,unspecified
23:09:28.652,241.406,0.4193,0.4175,0.4184,0.4413,0.0267,NORMAL,0,0,Windows,unspecified
23:09:28.686,241.44,0.421,0.4039,0.4125,0.45,0.02,NORMAL,0,0,Windows,unspecified
23:09:28.712,241.466,0.4112,0.4269,0.4191,0.4487,0.0133,NORMAL,0,0,Windows,unspecified
23:09:28.749,241.503,0.4457,0.4473,0.4465,0.4116,0.0067,NORMAL,0,0,Windows,unspecified
23:09:28.774,241.528,0.4457,0.4368,0.4413,0.4097,0.0,NORMAL,0,0,Windows,unspecified
23:09:28.831,241.585,0.4691,0.4368,0.453,0.407,0.0,NORMAL,0,0,Windows,unspecified
23:09:28.854,241.608,0.4494,0.4368,0.4431,0.4051,0.0,NORMAL,0,0,Windows,unspecified
23:09:28.889,241.643,0.4605,0.4387,0.4496,0.4096,0.0,NORMAL,0,0,Windows,unspecified
23:09:28.916,241.67,0.473,0.4286,0.4508,0.4106,0.0,NORMAL,0,0,Windows,unspecified
23:09:28.957,241.711,0.4605,0.429,0.4448,0.4102,0.0,NORMAL,0,0,Windows,unspecified
23:09:28.979,241.733,0.4605,0.4423,0.4514,0.4081,0.0,NORMAL,0,0,Windows,unspecified
23:09:29.022,241.776,0.4336,0.3921,0.4129,0.418,0.0,NORMAL,0,0,Windows,unspecified
23:09:29.058,241.812,0.4318,0.3944,0.4131,0.431,0.0,NORMAL,0,0,Windows,unspecified
23:09:29.089,241.843,0.4313,0.3843,0.4078,0.4349,0.0,NORMAL,0,0,Windows,unspecified
23:09:29.120,241.874,0.4143,0.3909,0.4026,0.4353,0.0,NORMAL,0,0,Windows,unspecified
23:09:29.151,241.905,0.4317,0.4018,0.4167,0.426,0.0,NORMAL,0,0,Windows,unspecified
23:09:29.182,241.936,0.4153,0.3914,0.4034,0.4224,0.0,NORMAL,0,0,Windows,unspecified
23:09:29.229,241.983,0.4364,0.3968,0.4166,0.4151,0.0,NORMAL,0,0,Windows,unspecified
23:09:29.259,242.013,0.4164,0.3968,0.4066,0.4174,0.0,NORMAL,0,0,Windows,unspecified
23:09:29.294,242.048,0.4142,0.3884,0.4013,0.4185,0.0,NORMAL,0,0,Windows,unspecified
23:09:29.323,242.077,0.3988,0.3716,0.3852,0.419,0.0,NORMAL,0,0,Windows,unspecified
23:09:29.371,242.125,0.4215,0.3765,0.399,0.4248,0.0,NORMAL,0,0,Windows,unspecified
23:09:29.400,242.154,0.4113,0.3878,0.3996,0.4223,0.0,NORMAL,0,0,Windows,unspecified
23:09:29.431,242.185,0.4211,0.3898,0.4055,0.4436,0.0,NORMAL,0,0,Windows,unspecified
23:09:29.463,242.217,0.4175,0.3765,0.397,0.4303,0.0,NORMAL,0,0,Windows,unspecified
23:09:29.492,242.246,0.4335,0.3898,0.4117,0.4156,0.0,NORMAL,0,0,Windows,unspecified
23:09:29.524,242.278,0.4335,0.3856,0.4096,0.3979,0.0,NORMAL,0,0,Windows,unspecified
23:09:29.557,242.311,0.4462,0.4087,0.4275,0.3947,0.0,NORMAL,0,0,Windows,unspecified
23:09:29.586,242.34,0.459,0.42,0.4395,0.3911,0.0,NORMAL,0,0,Windows,unspecified
23:09:29.630,242.384,0.4266,0.3948,0.4107,0.385,0.0,NORMAL,0,0,Windows,unspecified
23:09:29.681,242.435,0.4014,0.4067,0.404,0.3831,0.0,NORMAL,0,0,Windows,unspecified
23:09:29.713,242.467,0.4166,0.4258,0.4212,0.3875,0.0,NORMAL,0,0,Windows,unspecified
23:09:29.744,242.498,0.4292,0.4136,0.4214,0.3881,0.0,NORMAL,0,0,Windows,unspecified
23:09:29.774,242.528,0.4105,0.4194,0.415,0.3793,0.0,NORMAL,0,0,Windows,unspecified
23:09:29.806,242.56,0.4326,0.4259,0.4292,0.3797,0.0,NORMAL,0,0,Windows,unspecified
23:09:29.838,242.592,0.4251,0.3988,0.412,0.3743,0.0,NORMAL,0,0,Windows,unspecified
23:09:29.870,242.624,0.4326,0.4468,0.4397,0.3812,0.0,NORMAL,0,0,Windows,unspecified
23:09:29.899,242.653,0.4093,0.4414,0.4253,0.3774,0.0,NORMAL,0,0,Windows,unspecified
23:09:29.932,242.686,0.396,0.426,0.411,0.3776,0.0,NORMAL,0,0,Windows,unspecified
23:09:29.965,242.719,0.4109,0.4129,0.4119,0.3887,0.0,NORMAL,0,0,Windows,unspecified
23:09:29.996,242.75,0.4109,0.4372,0.4241,0.3882,0.0,NORMAL,0,0,Windows,unspecified
23:09:30.030,242.784,0.3822,0.3982,0.3902,0.3963,0.0,NORMAL,0,0,Windows,unspecified
23:09:30.059,242.813,0.3927,0.3858,0.3893,0.4024,0.0,NORMAL,0,0,Windows,unspecified
23:09:30.094,242.848,0.3747,0.3833,0.379,0.3939,0.0,NORMAL,0,0,Windows,unspecified
23:09:30.121,242.875,0.367,0.3734,0.3702,0.3862,0.0,NORMAL,0,0,Windows,unspecified
23:09:30.153,242.907,0.3821,0.3692,0.3756,0.3841,0.0,NORMAL,0,0,Windows,unspecified
23:09:30.184,242.938,0.3819,0.3799,0.3809,0.3943,0.0,NORMAL,0,0,Windows,unspecified
23:09:30.222,242.976,0.4013,0.3754,0.3884,0.4052,0.0,NORMAL,0,0,Windows,unspecified
23:09:30.245,242.999,0.411,0.3754,0.3932,0.3959,0.0,NORMAL,0,0,Windows,unspecified
23:09:30.285,243.039,0.4439,0.3834,0.4137,0.406,0.0,NORMAL,0,0,Windows,unspecified
23:09:30.305,243.059,0.4567,0.3923,0.4245,0.4151,0.0,NORMAL,0,0,Windows,unspecified
23:09:30.348,243.102,0.4479,0.3863,0.4171,0.4153,0.0,NORMAL,0,0,Windows,unspecified
23:09:30.369,243.123,0.4495,0.3911,0.4203,0.4286,0.0,NORMAL,0,0,Windows,unspecified
23:09:30.430,243.184,0.4547,0.4028,0.4287,0.4327,0.0,NORMAL,0,0,Windows,unspecified
23:09:30.464,243.218,0.4519,0.4284,0.4401,0.4351,0.0,NORMAL,0,0,Windows,unspecified
23:09:30.494,243.248,0.4157,0.3717,0.3937,0.4155,0.0,NORMAL,0,0,Windows,unspecified
23:09:30.524,243.278,0.4053,0.3457,0.3755,0.4119,0.0,NORMAL,0,0,Windows,unspecified
23:09:30.558,243.312,0.3518,0.3421,0.3469,0.4046,0.0,NORMAL,0,0,Windows,unspecified
23:09:30.589,243.342,0.3393,0.3382,0.3387,0.409,0.0,NORMAL,0,0,Windows,unspecified
23:09:30.621,243.375,0.3953,0.3894,0.3923,0.4253,0.0,NORMAL,0,0,Windows,unspecified
23:09:30.650,243.403,0.373,0.3886,0.3808,0.4339,0.0,NORMAL,0,0,Windows,unspecified
23:09:30.686,243.44,0.4017,0.3741,0.3879,0.4178,0.0,NORMAL,0,0,Windows,unspecified
23:09:30.712,243.466,0.4038,0.387,0.3954,0.4286,0.0,NORMAL,0,0,Windows,unspecified
23:09:30.749,243.503,0.3812,0.4025,0.3918,0.3949,0.0,NORMAL,0,0,Windows,unspecified
23:09:30.775,243.529,0.3926,0.3929,0.3927,0.399,0.0,NORMAL,0,0,Windows,unspecified
23:09:30.829,243.583,0.3944,0.3861,0.3902,0.4037,0.0,NORMAL,0,0,Windows,unspecified
23:09:30.854,243.608,0.3864,0.3767,0.3815,0.3952,0.0,NORMAL,0,0,Windows,unspecified
23:09:30.894,243.648,0.3944,0.384,0.3892,0.3988,0.0,NORMAL,0,0,Windows,unspecified
23:09:30.932,243.686,0.3934,0.3861,0.3897,0.4097,0.0,NORMAL,0,0,Windows,unspecified
23:09:30.962,243.716,0.3955,0.3934,0.3945,0.4043,0.0,NORMAL,0,0,Windows,unspecified
23:09:30.994,243.748,0.3977,0.3659,0.3818,0.4107,0.0,NORMAL,0,0,Windows,unspecified
23:09:31.024,243.778,0.3957,0.381,0.3883,0.4041,0.0,NORMAL,0,0,Windows,unspecified
23:09:31.056,243.81,0.3977,0.3795,0.3886,0.4025,0.0,NORMAL,0,0,Windows,unspecified
23:09:31.087,243.841,0.4041,0.3398,0.372,0.3976,0.0,NORMAL,0,0,Windows,unspecified
23:09:31.118,243.872,0.4041,0.3446,0.3744,0.3919,0.0,NORMAL,0,0,Windows,unspecified
23:09:31.146,243.9,0.3605,0.2853,0.3229,0.3976,0.0,NORMAL,0,0,Windows,unspecified
23:09:31.181,243.935,0.3306,0.2561,0.2934,0.3968,0.0067,NORMAL,1,0,Windows,unspecified
23:09:31.230,243.984,0.2765,0.2293,0.2529,0.3956,0.0133,NORMAL,2,0,Windows,unspecified
23:09:31.258,244.012,0.2536,0.2019,0.2278,0.3985,0.02,NORMAL,3,0,Windows,unspecified
23:09:31.291,244.045,0.2583,0.2126,0.2354,0.3912,0.0267,NORMAL,4,0,Windows,unspecified
23:09:31.319,244.073,0.2381,0.1836,0.2109,0.3974,0.0333,NORMAL,5,0,Windows,unspecified
23:09:31.356,244.11,0.2536,0.2009,0.2273,0.3923,0.04,NORMAL,6,0,Windows,unspecified
23:09:31.384,244.138,0.2514,0.1812,0.2163,0.3995,0.0467,NORMAL,7,0,Windows,unspecified
23:09:31.422,244.175,0.261,0.2051,0.2331,0.3826,0.0533,NORMAL,8,0,Windows,unspecified
23:09:31.460,244.214,0.2578,0.2243,0.2411,0.383,0.06,NORMAL,9,0,Windows,unspecified
23:09:31.493,244.247,0.2578,0.2494,0.2536,0.3897,0.0667,WARNING,10,0,Windows,unspecified
23:09:31.524,244.278,0.2646,0.2675,0.266,0.3918,0.0733,WARNING,11,0,Windows,unspecified
23:09:31.554,244.308,0.2544,0.2726,0.2635,0.3931,0.08,WARNING,12,0,Windows,unspecified
23:09:31.586,244.34,0.2795,0.2726,0.2761,0.3867,0.0867,WARNING,13,0,Windows,unspecified
23:09:31.630,244.384,0.2998,0.2733,0.2866,0.3978,0.0933,WARNING,14,0,Windows,unspecified
23:09:31.665,244.419,0.2714,0.2782,0.2748,0.3966,0.1,WARNING,15,0,Windows,unspecified
23:09:31.698,244.452,0.2759,0.2684,0.2722,0.3993,0.1067,WARNING,16,0,Windows,unspecified
23:09:31.727,244.481,0.2852,0.2588,0.272,0.3908,0.1133,WARNING,17,0,Windows,unspecified
23:09:31.758,244.512,0.289,0.2648,0.2769,0.4364,0.12,WARNING,18,0,Windows,unspecified
23:09:31.789,244.543,0.274,0.2761,0.2751,0.4197,0.1267,WARNING,19,0,Windows,unspecified
23:09:31.821,244.574,0.2995,0.2626,0.2811,0.418,0.1333,DROWSY,20,0,Windows,unspecified
23:09:31.853,244.607,0.286,0.2677,0.2769,0.4153,0.14,DROWSY,21,0,Windows,unspecified
23:09:31.888,244.642,0.347,0.2876,0.3173,0.4057,0.14,NORMAL,0,0,Windows,unspecified
23:09:31.914,244.668,0.3257,0.2786,0.3022,0.4188,0.14,NORMAL,0,0,Windows,unspecified
23:09:31.949,244.703,0.3532,0.2929,0.3231,0.4046,0.14,NORMAL,0,0,Windows,unspecified
23:09:31.976,244.73,0.3527,0.2876,0.3202,0.4146,0.14,NORMAL,0,0,Windows,unspecified
23:09:32.026,244.78,0.3749,0.3112,0.3431,0.422,0.14,NORMAL,0,0,Windows,unspecified
23:09:32.055,244.809,0.3407,0.3055,0.3231,0.4249,0.14,NORMAL,0,0,Windows,unspecified
23:09:32.095,244.848,0.3596,0.3298,0.3447,0.4092,0.14,NORMAL,0,0,Windows,unspecified
23:09:32.118,244.872,0.3554,0.3378,0.3466,0.3981,0.14,NORMAL,0,0,Windows,unspecified
23:09:32.158,244.912,0.3793,0.3298,0.3546,0.4151,0.14,NORMAL,0,0,Windows,unspecified
23:09:32.181,244.935,0.3923,0.3301,0.3612,0.407,0.14,NORMAL,0,0,Windows,unspecified
23:09:32.223,244.977,0.3953,0.344,0.3696,0.393,0.14,NORMAL,0,0,Windows,unspecified
23:09:32.244,244.998,0.3793,0.319,0.3491,0.386,0.14,NORMAL,0,0,Windows,unspecified
23:09:32.284,245.038,0.3833,0.325,0.3542,0.398,0.14,NORMAL,0,0,Windows,unspecified
23:09:32.321,245.075,0.3579,0.3375,0.3477,0.4016,0.14,NORMAL,0,0,Windows,unspecified
23:09:32.352,245.106,0.3699,0.3451,0.3575,0.3842,0.14,NORMAL,0,0,Windows,unspecified
23:09:32.385,245.139,0.3861,0.3284,0.3572,0.3771,0.14,NORMAL,0,0,Windows,unspecified
23:09:32.430,245.184,0.4007,0.3611,0.3809,0.3798,0.14,NORMAL,0,0,Windows,unspecified
23:09:32.464,245.218,0.4126,0.3561,0.3844,0.3867,0.14,NORMAL,0,0,Windows,unspecified
23:09:32.494,245.248,0.38,0.3511,0.3656,0.3999,0.14,NORMAL,0,0,Windows,unspecified
23:09:32.526,245.28,0.3759,0.3753,0.3756,0.3986,0.14,NORMAL,0,0,Windows,unspecified
23:09:32.558,245.312,0.3812,0.3736,0.3774,0.3974,0.14,NORMAL,0,0,Windows,unspecified
23:09:32.589,245.343,0.3905,0.3672,0.3788,0.4066,0.14,NORMAL,0,0,Windows,unspecified
23:09:32.619,245.373,0.3966,0.3828,0.3897,0.4127,0.14,NORMAL,0,0,Windows,unspecified
23:09:32.651,245.405,0.405,0.3856,0.3953,0.3989,0.14,NORMAL,0,0,Windows,unspecified
23:09:32.684,245.438,0.4233,0.384,0.4036,0.4428,0.14,NORMAL,0,0,Windows,unspecified
23:09:32.714,245.468,0.4146,0.4181,0.4164,0.4493,0.14,NORMAL,0,0,Windows,unspecified
23:09:32.750,245.504,0.4198,0.3953,0.4076,0.4991,0.14,NORMAL,0,0,Windows,unspecified
23:09:32.779,245.533,0.4417,0.3926,0.4171,0.5117,0.14,NORMAL,0,0,Windows,unspecified
23:09:32.826,245.58,0.4539,0.3836,0.4188,0.5182,0.14,NORMAL,0,0,Windows,unspecified
23:09:32.856,245.61,0.4555,0.3714,0.4135,0.5308,0.14,NORMAL,0,0,Windows,unspecified
23:09:32.890,245.644,0.4403,0.3933,0.4168,0.4942,0.14,NORMAL,0,0,Windows,unspecified
23:09:32.921,245.675,0.4582,0.4042,0.4312,0.4958,0.14,NORMAL,0,0,Windows,unspecified
23:09:32.961,245.715,0.481,0.4241,0.4525,0.4495,0.14,NORMAL,0,0,Windows,unspecified
23:09:32.984,245.738,0.4686,0.4141,0.4413,0.4385,0.14,NORMAL,0,0,Windows,unspecified
23:09:33.021,245.775,0.4555,0.4164,0.436,0.417,0.14,NORMAL,0,0,Windows,unspecified
23:09:33.046,245.8,0.4462,0.4141,0.4301,0.4133,0.14,NORMAL,0,0,Windows,unspecified
23:09:33.083,245.837,0.4526,0.4286,0.4406,0.4472,0.14,NORMAL,0,0,Windows,unspecified
23:09:33.110,245.864,0.4574,0.443,0.4502,0.4451,0.14,NORMAL,0,0,Windows,unspecified
23:09:33.149,245.903,0.4834,0.4196,0.4515,0.4687,0.14,NORMAL,0,0,Windows,unspecified
23:09:33.171,245.925,0.482,0.4067,0.4443,0.4554,0.14,NORMAL,0,0,Windows,unspecified
23:09:33.230,245.983,0.4791,0.4074,0.4432,0.4505,0.14,NORMAL,0,0,Windows,unspecified
23:09:33.266,246.02,0.4899,0.4052,0.4475,0.4525,0.14,NORMAL,0,0,Windows,unspecified
23:09:33.299,246.053,0.4648,0.3752,0.42,0.4371,0.14,NORMAL,0,0,Windows,unspecified
23:09:33.330,246.084,0.4496,0.3891,0.4193,0.4186,0.14,NORMAL,0,0,Windows,unspecified
23:09:33.362,246.116,0.4727,0.388,0.4304,0.4221,0.14,NORMAL,0,0,Windows,unspecified
23:09:33.410,246.164,0.4518,0.3884,0.4201,0.4216,0.14,NORMAL,0,0,Windows,unspecified
23:09:33.439,246.193,0.4387,0.4032,0.421,0.4229,0.14,NORMAL,0,0,Windows,unspecified
23:09:33.473,246.227,0.4499,0.3997,0.4248,0.4189,0.14,NORMAL,0,0,Windows,unspecified
23:09:33.503,246.257,0.4484,0.3997,0.4241,0.4241,0.14,NORMAL,0,0,Windows,unspecified
23:09:33.537,246.291,0.4623,0.3887,0.4255,0.4397,0.14,NORMAL,0,0,Windows,unspecified
23:09:33.565,246.319,0.46,0.4014,0.4307,0.4121,0.14,NORMAL,0,0,Windows,unspecified
23:09:33.596,246.35,0.46,0.3867,0.4233,0.4208,0.14,NORMAL,0,0,Windows,unspecified
23:09:33.630,246.384,0.3405,0.241,0.2907,0.4235,0.1467,NORMAL,1,0,Windows,unspecified
23:09:33.661,246.415,0.3384,0.2518,0.2951,0.4239,0.1533,NORMAL,2,0,Windows,unspecified
23:09:33.693,246.447,0.1044,0.0821,0.0933,0.4301,0.16,NORMAL,3,0,Windows,unspecified
23:09:33.723,246.477,0.0661,0.0782,0.0721,0.4384,0.1667,NORMAL,4,0,Windows,unspecified
23:09:33.758,246.512,0.075,0.1057,0.0903,0.444,0.1733,NORMAL,5,0,Windows,unspecified
23:09:33.784,246.538,0.0849,0.1247,0.1048,0.4425,0.18,NORMAL,6,0,Windows,unspecified
23:09:33.820,246.574,0.1549,0.1818,0.1683,0.46,0.1867,NORMAL,7,0,Windows,unspecified
23:09:33.848,246.602,0.1624,0.198,0.1802,0.4609,0.1933,NORMAL,8,0,Windows,unspecified
23:09:33.885,246.639,0.2245,0.1965,0.2105,0.4279,0.2,NORMAL,9,0,Windows,unspecified
23:09:33.910,246.664,0.2385,0.219,0.2288,0.4396,0.2067,WARNING,10,0,Windows,unspecified
23:09:33.951,246.705,0.3219,0.308,0.315,0.4319,0.2067,NORMAL,0,0,Windows,unspecified
23:09:33.988,246.742,0.3439,0.3431,0.3435,0.4152,0.2067,NORMAL,0,0,Windows,unspecified
23:09:34.026,246.78,0.3659,0.3641,0.365,0.4153,0.2067,NORMAL,0,0,Windows,unspecified
23:09:34.050,246.804,0.3659,0.355,0.3605,0.4182,0.2067,NORMAL,0,0,Windows,unspecified
23:09:34.093,246.847,0.3753,0.3321,0.3537,0.4017,0.2067,NORMAL,0,0,Windows,unspecified
23:09:34.128,246.882,0.3623,0.3327,0.3475,0.403,0.2067,NORMAL,0,0,Windows,unspecified
23:09:34.159,246.913,0.3178,0.311,0.3144,0.415,0.2067,NORMAL,0,0,Windows,unspecified
23:09:34.188,246.942,0.3184,0.3213,0.3198,0.3943,0.2067,NORMAL,0,0,Windows,unspecified
23:09:34.221,246.975,0.3412,0.2968,0.319,0.3967,0.2067,NORMAL,0,0,Windows,unspecified
23:09:34.252,247.006,0.3206,0.3252,0.3229,0.3968,0.2067,NORMAL,0,0,Windows,unspecified
23:09:34.284,247.038,0.3453,0.3244,0.3348,0.4258,0.2067,NORMAL,0,0,Windows,unspecified
23:09:34.314,247.068,0.3532,0.3512,0.3522,0.4321,0.2067,NORMAL,0,0,Windows,unspecified
23:09:34.350,247.104,0.3402,0.3402,0.3402,0.4275,0.2067,NORMAL,0,0,Windows,unspecified
23:09:34.374,247.128,0.3532,0.3389,0.3461,0.4211,0.2067,NORMAL,0,0,Windows,unspecified
23:09:34.425,247.179,0.3402,0.3316,0.3359,0.4133,0.2067,NORMAL,0,0,Windows,unspecified
23:09:34.455,247.209,0.3397,0.3519,0.3458,0.4028,0.2067,NORMAL,0,0,Windows,unspecified
23:09:34.493,247.247,0.1122,0.0979,0.1051,0.3972,0.2133,NORMAL,1,0,Windows,unspecified
23:09:34.519,247.273,0.05,0.0622,0.0561,0.3932,0.22,NORMAL,2,0,Windows,unspecified
23:09:34.556,247.31,0.025,0.0294,0.0272,0.4001,0.2267,NORMAL,3,0,Windows,unspecified
23:09:34.581,247.335,0.0363,0.0353,0.0358,0.4056,0.2333,NORMAL,4,0,Windows,unspecified
23:09:34.622,247.376,0.0493,0.0649,0.0571,0.4114,0.24,NORMAL,5,0,Windows,unspecified
23:09:34.644,247.398,0.0914,0.0707,0.0811,0.4082,0.2467,NORMAL,6,0,Windows,unspecified
23:09:34.682,247.436,0.1804,0.1957,0.1881,0.4139,0.2533,NORMAL,7,0,Windows,unspecified
23:09:34.704,247.458,0.2252,0.2369,0.2311,0.4167,0.26,NORMAL,8,0,Windows,unspecified
23:09:34.752,247.506,0.2874,0.2747,0.281,0.4369,0.2667,NORMAL,9,0,Windows,unspecified
23:09:34.782,247.536,0.3302,0.289,0.3096,0.4434,0.2667,NORMAL,0,0,Windows,unspecified
23:09:34.829,247.583,0.3755,0.3526,0.364,0.4416,0.2667,NORMAL,0,0,Windows,unspecified
23:09:34.860,247.614,0.4035,0.3526,0.378,0.4426,0.2667,NORMAL,0,0,Windows,unspecified
23:09:34.889,247.643,0.3901,0.3661,0.3781,0.4359,0.2667,NORMAL,0,0,Windows,unspecified
23:09:34.926,247.68,0.382,0.3589,0.3704,0.4353,0.2667,NORMAL,0,0,Windows,unspecified
23:09:34.960,247.714,0.3595,0.329,0.3443,0.4099,0.2667,NORMAL,0,0,Windows,unspecified
23:09:34.986,247.74,0.3538,0.3403,0.3471,0.4045,0.2667,NORMAL,0,0,Windows,unspecified
23:09:35.018,247.772,0.3354,0.3375,0.3364,0.4003,0.2667,NORMAL,0,0,Windows,unspecified
23:09:35.048,247.802,0.3443,0.3518,0.3481,0.3983,0.2667,NORMAL,0,0,Windows,unspecified
23:09:35.082,247.836,0.3664,0.354,0.3602,0.4022,0.2667,NORMAL,0,0,Windows,unspecified
23:09:35.110,247.864,0.3572,0.3361,0.3466,0.4059,0.2667,NORMAL,0,0,Windows,unspecified
23:09:35.149,247.903,0.3681,0.3526,0.3603,0.3892,0.2667,NORMAL,0,0,Windows,unspecified
23:09:35.174,247.928,0.3666,0.3626,0.3646,0.4008,0.2667,NORMAL,0,0,Windows,unspecified
23:09:35.230,247.984,0.3548,0.356,0.3554,0.4021,0.2667,NORMAL,0,0,Windows,unspecified
23:09:35.253,248.007,0.3572,0.356,0.3566,0.3994,0.2667,NORMAL,0,0,Windows,unspecified
23:09:35.293,248.047,0.3766,0.3626,0.3696,0.4101,0.2667,NORMAL,0,0,Windows,unspecified
23:09:35.317,248.071,0.3676,0.3727,0.3701,0.3977,0.2667,NORMAL,0,0,Windows,unspecified
23:09:35.357,248.111,0.3849,0.3737,0.3793,0.4119,0.2667,NORMAL,0,0,Windows,unspecified
23:09:35.393,248.147,0.3572,0.3822,0.3697,0.4068,0.2667,NORMAL,0,0,Windows,unspecified
23:09:35.422,248.176,0.3737,0.3646,0.3692,0.399,0.2667,NORMAL,0,0,Windows,unspecified
23:09:35.455,248.209,0.3753,0.373,0.3741,0.4024,0.2667,NORMAL,0,0,Windows,unspecified
23:09:35.486,248.24,0.3613,0.3646,0.363,0.4008,0.2667,NORMAL,0,0,Windows,unspecified
23:09:35.516,248.27,0.3606,0.356,0.3583,0.3991,0.2667,NORMAL,0,0,Windows,unspecified
23:09:35.550,248.304,0.3788,0.3526,0.3657,0.3973,0.2667,NORMAL,0,0,Windows,unspecified
23:09:35.579,248.333,0.3737,0.3504,0.3621,0.3982,0.2667,NORMAL,0,0,Windows,unspecified
23:09:35.630,248.384,0.3666,0.3737,0.3702,0.4085,0.2667,NORMAL,0,0,Windows,unspecified
23:09:35.656,248.41,0.3769,0.3747,0.3758,0.3976,0.2667,NORMAL,0,0,Windows,unspecified
23:09:35.695,248.449,0.3699,0.3767,0.3733,0.4225,0.2667,NORMAL,0,0,Windows,unspecified
23:09:35.718,248.472,0.366,0.3678,0.3669,0.4205,0.2667,NORMAL,0,0,Windows,unspecified
23:09:35.756,248.51,0.3642,0.3661,0.3651,0.4205,0.2667,NORMAL,0,0,Windows,unspecified
23:09:35.782,248.536,0.3642,0.3661,0.3651,0.4191,0.2667,NORMAL,0,0,Windows,unspecified
23:09:35.820,248.574,0.3699,0.3518,0.3608,0.4405,0.2667,NORMAL,0,0,Windows,unspecified
23:09:35.844,248.598,0.3769,0.3673,0.3721,0.434,0.2667,NORMAL,0,0,Windows,unspecified
23:09:35.884,248.638,0.3831,0.3451,0.3641,0.464,0.2667,NORMAL,0,0,Windows,unspecified
23:09:35.907,248.661,0.3748,0.3503,0.3626,0.45,0.2667,NORMAL,0,0,Windows,unspecified
23:09:35.950,248.704,0.3792,0.3769,0.3781,0.4292,0.2667,NORMAL,0,0,Windows,unspecified
23:09:35.985,248.739,0.3699,0.3612,0.3655,0.428,0.2667,NORMAL,0,0,Windows,unspecified
23:09:36.029,248.783,0.3561,0.3581,0.3571,0.4078,0.2667,NORMAL,0,0,Windows,unspecified
23:09:36.063,248.817,0.3539,0.3672,0.3605,0.4003,0.2667,NORMAL,0,0,Windows,unspecified
23:09:36.095,248.848,0.3613,0.36,0.3607,0.389,0.2667,NORMAL,0,0,Windows,unspecified
23:09:36.127,248.88,0.3732,0.3538,0.3635,0.3923,0.2667,NORMAL,0,0,Windows,unspecified
23:09:36.154,248.908,0.3348,0.3468,0.3408,0.4132,0.2667,NORMAL,0,0,Windows,unspecified
23:09:36.188,248.942,0.323,0.3595,0.3413,0.4067,0.26,NORMAL,0,0,Windows,unspecified
23:09:36.218,248.972,0.3155,0.3342,0.3248,0.4151,0.2533,NORMAL,0,0,Windows,unspecified
23:09:36.251,249.005,0.3121,0.3162,0.3141,0.4026,0.2467,NORMAL,0,0,Windows,unspecified
23:09:36.285,249.039,0.2829,0.2975,0.2902,0.401,0.2467,NORMAL,1,0,Windows,unspecified
23:09:36.314,249.068,0.2829,0.2655,0.2742,0.3956,0.2467,NORMAL,2,0,Windows,unspecified
23:09:36.350,249.104,0.2269,0.2123,0.2196,0.4108,0.2467,NORMAL,3,0,Windows,unspecified
23:09:36.377,249.131,0.2058,0.2132,0.2095,0.4036,0.2467,NORMAL,4,0,Windows,unspecified
23:09:36.430,249.184,0.2529,0.2268,0.2399,0.4199,0.2467,NORMAL,5,0,Windows,unspecified
23:09:36.466,249.22,0.2684,0.2404,0.2544,0.4136,0.2467,NORMAL,6,0,Windows,unspecified
23:09:36.498,249.252,0.3443,0.3198,0.332,0.4441,0.24,NORMAL,0,0,Windows,unspecified
23:09:36.529,249.283,0.385,0.3202,0.3526,0.4454,0.2333,NORMAL,0,0,Windows,unspecified
23:09:36.560,249.314,0.3993,0.3382,0.3688,0.4438,0.2267,NORMAL,0,0,Windows,unspecified
23:09:36.591,249.345,0.4066,0.334,0.3703,0.4322,0.22,NORMAL,0,0,Windows,unspecified
23:09:36.621,249.375,0.4149,0.3629,0.3889,0.4462,0.2133,NORMAL,0,0,Windows,unspecified
23:09:36.654,249.408,0.4061,0.3655,0.3858,0.4358,0.2067,NORMAL,0,0,Windows,unspecified
23:09:36.686,249.44,0.3951,0.3473,0.3712,0.4172,0.2,NORMAL,0,0,Windows,unspecified
23:09:36.716,249.47,0.4014,0.3545,0.3779,0.4184,0.1933,NORMAL,0,0,Windows,unspecified
23:09:36.750,249.504,0.3923,0.3918,0.3921,0.4039,0.1867,NORMAL,0,0,Windows,unspecified
23:09:36.779,249.533,0.3958,0.3792,0.3875,0.4086,0.18,NORMAL,0,0,Windows,unspecified
23:09:36.824,249.578,0.4027,0.3764,0.3896,0.4002,0.1733,NORMAL,0,0,Windows,unspecified
23:09:36.857,249.611,0.4012,0.3614,0.3813,0.4018,0.1667,NORMAL,0,0,Windows,unspecified
23:09:36.895,249.649,0.3856,0.3827,0.3841,0.4314,0.1667,NORMAL,0,0,Windows,unspecified
23:09:36.918,249.672,0.4102,0.3894,0.3998,0.4429,0.1667,NORMAL,0,0,Windows,unspecified
23:09:36.957,249.711,0.3988,0.3823,0.3906,0.4501,0.1667,NORMAL,0,0,Windows,unspecified
23:09:36.981,249.734,0.3777,0.3673,0.3725,0.4427,0.1667,NORMAL,0,0,Windows,unspecified
23:09:37.020,249.774,0.3811,0.3629,0.372,0.4458,0.1667,NORMAL,0,0,Windows,unspecified
23:09:37.043,249.797,0.3928,0.3842,0.3885,0.456,0.1667,NORMAL,0,0,Windows,unspecified
23:09:37.090,249.844,0.3732,0.3661,0.3697,0.4533,0.1667,NORMAL,0,0,Windows,unspecified
23:09:37.138,249.892,0.3857,0.3801,0.3829,0.4538,0.1667,NORMAL,0,0,Windows,unspecified
23:09:37.169,249.923,0.3844,0.3686,0.3765,0.424,0.1667,NORMAL,0,0,Windows,unspecified
23:09:37.201,249.955,0.3844,0.3788,0.3816,0.4098,0.1667,NORMAL,0,0,Windows,unspecified
23:09:37.233,249.987,0.407,0.3996,0.4033,0.3941,0.1667,NORMAL,0,0,Windows,unspecified
23:09:37.263,250.017,0.4099,0.3982,0.4041,0.4024,0.1667,NORMAL,0,0,Windows,unspecified
23:09:37.295,250.049,0.3994,0.3811,0.3903,0.4023,0.1667,NORMAL,0,0,Windows,unspecified
23:09:37.324,250.078,0.4234,0.3839,0.4036,0.3983,0.1667,NORMAL,0,0,Windows,unspecified
23:09:37.358,250.112,0.4017,0.3865,0.3941,0.4014,0.1667,NORMAL,0,0,Windows,unspecified
23:09:37.389,250.143,0.3889,0.3947,0.3918,0.4103,0.1667,NORMAL,0,0,Windows,unspecified
23:09:37.418,250.172,0.392,0.3839,0.388,0.3884,0.1667,NORMAL,0,0,Windows,unspecified
23:09:37.452,250.206,0.3932,0.3703,0.3817,0.3918,0.1667,NORMAL,0,0,Windows,unspecified
23:09:37.484,250.238,0.3802,0.3659,0.3731,0.3874,0.1667,NORMAL,0,0,Windows,unspecified
23:09:37.513,250.267,0.3768,0.3659,0.3714,0.3874,0.1667,NORMAL,0,0,Windows,unspecified
23:09:37.547,250.301,0.3769,0.3706,0.3737,0.3875,0.1667,NORMAL,0,0,Windows,unspecified
23:09:37.575,250.329,0.3983,0.3687,0.3835,0.3832,0.1667,NORMAL,0,0,Windows,unspecified
23:09:37.632,250.386,0.3965,0.3811,0.3888,0.3845,0.1667,NORMAL,0,0,Windows,unspecified
23:09:37.654,250.408,0.3799,0.3832,0.3816,0.3846,0.1667,NORMAL,0,0,Windows,unspecified
23:09:37.693,250.447,0.3799,0.3664,0.3732,0.3928,0.1667,NORMAL,0,0,Windows,unspecified
23:09:37.717,250.471,0.3937,0.4019,0.3978,0.3859,0.1667,NORMAL,0,0,Windows,unspecified
23:09:37.756,250.51,0.3883,0.3664,0.3773,0.4026,0.1667,NORMAL,0,0,Windows,unspecified
23:09:37.794,250.548,0.4022,0.4126,0.4074,0.4102,0.1667,NORMAL,0,0,Windows,unspecified
23:09:37.826,250.58,0.4022,0.3888,0.3955,0.4091,0.1667,NORMAL,0,0,Windows,unspecified
23:09:37.858,250.612,0.4121,0.3991,0.4056,0.4073,0.1667,NORMAL,0,0,Windows,unspecified
23:09:37.889,250.643,0.4011,0.3867,0.3939,0.398,0.1667,NORMAL,0,0,Windows,unspecified
23:09:37.922,250.676,0.4133,0.4136,0.4134,0.4005,0.1667,NORMAL,0,0,Windows,unspecified
23:09:37.949,250.703,0.4011,0.3918,0.3965,0.3979,0.1667,NORMAL,0,0,Windows,unspecified
23:09:37.982,250.736,0.3939,0.3854,0.3896,0.3925,0.1667,NORMAL,0,0,Windows,unspecified
23:09:38.031,250.785,0.402,0.3854,0.3937,0.4205,0.1667,NORMAL,0,0,Windows,unspecified
23:09:38.059,250.813,0.402,0.3835,0.3928,0.4345,0.1667,NORMAL,0,0,Windows,unspecified
23:09:38.089,250.843,0.3887,0.3759,0.3823,0.4382,0.1667,NORMAL,0,0,Windows,unspecified
23:09:38.123,250.877,0.4099,0.3968,0.4033,0.4302,0.1667,NORMAL,0,0,Windows,unspecified
23:09:38.157,250.911,0.4133,0.3956,0.4044,0.4337,0.1667,NORMAL,0,0,Windows,unspecified
23:09:38.186,250.939,0.3898,0.3745,0.3821,0.4206,0.1667,NORMAL,0,0,Windows,unspecified
23:09:38.221,250.975,0.3784,0.3775,0.3779,0.4061,0.1667,NORMAL,0,0,Windows,unspecified
23:09:38.249,251.003,0.3828,0.3811,0.382,0.4096,0.1667,NORMAL,0,0,Windows,unspecified
23:09:38.285,251.039,0.388,0.3664,0.3772,0.3964,0.1667,NORMAL,0,0,Windows,unspecified
23:09:38.310,251.064,0.388,0.3736,0.3808,0.3966,0.1667,NORMAL,0,0,Windows,unspecified
23:09:38.350,251.104,0.383,0.3756,0.3793,0.4065,0.1667,NORMAL,0,0,Windows,unspecified
23:09:38.374,251.128,0.3818,0.3756,0.3787,0.4107,0.1667,NORMAL,0,0,Windows,unspecified
23:09:38.427,251.18,0.3657,0.3493,0.3575,0.4213,0.1667,NORMAL,0,0,Windows,unspecified
23:09:38.454,251.208,0.3727,0.3518,0.3623,0.4143,0.1667,NORMAL,0,0,Windows,unspecified
23:09:38.489,251.243,0.3693,0.3624,0.3658,0.4004,0.1667,NORMAL,0,0,Windows,unspecified
23:09:38.516,251.27,0.3794,0.3747,0.377,0.3903,0.1667,NORMAL,0,0,Windows,unspecified
23:09:38.557,251.311,0.3818,0.3874,0.3846,0.4012,0.1667,NORMAL,0,0,Windows,unspecified
23:09:38.592,251.346,0.3818,0.3835,0.3826,0.3964,0.1667,NORMAL,0,0,Windows,unspecified
23:09:38.624,251.378,0.3784,0.3792,0.3788,0.3864,0.16,NORMAL,0,0,Windows,unspecified
23:09:38.654,251.408,0.3818,0.3887,0.3853,0.3825,0.1533,NORMAL,0,0,Windows,unspecified
23:09:38.686,251.44,0.3732,0.3756,0.3744,0.397,0.1467,NORMAL,0,0,Windows,unspecified
23:09:38.719,251.473,0.3729,0.3666,0.3698,0.4006,0.14,NORMAL,0,0,Windows,unspecified
23:09:38.750,251.504,0.3771,0.3428,0.36,0.393,0.1333,NORMAL,0,0,Windows,unspecified
23:09:38.780,251.534,0.3874,0.3852,0.3863,0.3869,0.1267,NORMAL,0,0,Windows,unspecified
23:09:38.831,251.585,0.3852,0.3737,0.3794,0.3917,0.12,NORMAL,0,0,Windows,unspecified
23:09:38.860,251.614,0.3932,0.3737,0.3835,0.3784,0.1133,NORMAL,0,0,Windows,unspecified
23:09:38.895,251.649,0.3904,0.3722,0.3813,0.41,0.1067,NORMAL,0,0,Windows,unspecified
23:09:38.922,251.676,0.3771,0.3722,0.3746,0.4209,0.1,NORMAL,0,0,Windows,unspecified
23:09:38.958,251.712,0.3701,0.3724,0.3712,0.4233,0.1,NORMAL,0,0,Windows,unspecified
23:09:38.984,251.738,0.3962,0.3578,0.377,0.4253,0.1,NORMAL,0,0,Windows,unspecified
23:09:39.020,251.774,0.3882,0.39,0.3891,0.4272,0.1,NORMAL,0,0,Windows,unspecified
23:09:39.047,251.801,0.3859,0.3867,0.3863,0.4322,0.1,NORMAL,0,0,Windows,unspecified
23:09:39.084,251.838,0.399,0.3674,0.3832,0.44,0.1,NORMAL,0,0,Windows,unspecified
23:09:39.111,251.865,0.3968,0.3739,0.3854,0.4364,0.1,NORMAL,0,0,Windows,unspecified
23:09:39.150,251.904,0.4238,0.3998,0.4118,0.4262,0.1,NORMAL,0,0,Windows,unspecified
23:09:39.173,251.927,0.415,0.41,0.4125,0.4231,0.1,NORMAL,0,0,Windows,unspecified
23:09:39.226,251.98,0.3737,0.3851,0.3794,0.4273,0.1,NORMAL,0,0,Windows,unspecified
23:09:39.251,252.005,0.3945,0.3811,0.3878,0.4288,0.1,NORMAL,0,0,Windows,unspecified
23:09:39.293,252.047,0.3811,0.3779,0.3795,0.4239,0.1,NORMAL,0,0,Windows,unspecified
23:09:39.315,252.069,0.3945,0.3782,0.3863,0.4147,0.1,NORMAL,0,0,Windows,unspecified
23:09:39.358,252.111,0.3945,0.3895,0.392,0.4266,0.1,NORMAL,0,0,Windows,unspecified
23:09:39.380,252.134,0.3811,0.3767,0.3789,0.426,0.1,NORMAL,0,0,Windows,unspecified
23:09:39.420,252.174,0.4038,0.4033,0.4035,0.4142,0.1,NORMAL,0,0,Windows,unspecified
23:09:39.459,252.213,0.405,0.4023,0.4037,0.4026,0.1,NORMAL,0,0,Windows,unspecified
23:09:39.488,252.242,0.4037,0.3925,0.3981,0.3939,0.0933,NORMAL,0,0,Windows,unspecified
23:09:39.519,252.273,0.3899,0.3811,0.3855,0.3764,0.0867,NORMAL,0,0,Windows,unspecified
23:09:39.552,252.306,0.3811,0.3937,0.3874,0.3852,0.08,NORMAL,0,0,Windows,unspecified
23:09:39.583,252.337,0.3811,0.3685,0.3748,0.3861,0.0733,NORMAL,0,0,Windows,unspecified
23:09:39.624,252.378,0.3772,0.3811,0.3791,0.3945,0.0667,NORMAL,0,0,Windows,unspecified
23:09:39.646,252.4,0.3663,0.3662,0.3663,0.3949,0.06,NORMAL,0,0,Windows,unspecified
23:09:39.693,252.447,0.3884,0.3722,0.3803,0.4013,0.0533,NORMAL,0,0,Windows,unspecified
23:09:39.725,252.479,0.3663,0.3642,0.3653,0.3994,0.0467,NORMAL,0,0,Windows,unspecified
23:09:39.757,252.511,0.377,0.3568,0.3669,0.398,0.04,NORMAL,0,0,Windows,unspecified
23:09:39.787,252.541,0.4007,0.3245,0.3626,0.3955,0.04,NORMAL,0,0,Windows,unspecified
23:09:39.823,252.577,0.2506,0.2058,0.2282,0.3855,0.0467,NORMAL,1,0,Windows,unspecified
23:09:39.849,252.603,0.1979,0.1515,0.1747,0.3866,0.0533,NORMAL,2,0,Windows,unspecified
23:09:39.885,252.639,0.2046,0.1862,0.1954,0.3888,0.06,NORMAL,3,0,Windows,unspecified
23:09:39.911,252.665,0.201,0.1917,0.1963,0.3855,0.0667,NORMAL,4,0,Windows,unspecified
23:09:39.951,252.705,0.2491,0.2735,0.2613,0.3912,0.0733,NORMAL,5,0,Windows,unspecified
23:09:39.973,252.727,0.2791,0.2945,0.2868,0.3945,0.08,NORMAL,6,0,Windows,unspecified
23:09:40.031,252.785,0.3345,0.3153,0.3249,0.393,0.08,NORMAL,0,0,Windows,unspecified
23:09:40.055,252.809,0.3343,0.3153,0.3248,0.4033,0.08,NORMAL,0,0,Windows,unspecified
23:09:40.094,252.848,0.359,0.3245,0.3418,0.4242,0.08,NORMAL,0,0,Windows,unspecified
23:09:40.117,252.871,0.339,0.3361,0.3376,0.4268,0.08,NORMAL,0,0,Windows,unspecified
23:09:40.158,252.912,0.367,0.3501,0.3586,0.4173,0.08,NORMAL,0,0,Windows,unspecified
23:09:40.197,252.951,0.3608,0.3536,0.3572,0.4066,0.08,NORMAL,0,0,Windows,unspecified
23:09:40.227,252.981,0.363,0.3501,0.3566,0.4287,0.08,NORMAL,0,0,Windows,unspecified
23:09:40.258,253.012,0.3612,0.3629,0.3621,0.4301,0.08,NORMAL,0,0,Windows,unspecified
23:09:40.289,253.043,0.3253,0.337,0.3311,0.4088,0.08,NORMAL,0,0,Windows,unspecified
23:09:40.320,253.074,0.3345,0.3338,0.3342,0.4002,0.08,NORMAL,0,0,Windows,unspecified
23:09:40.352,253.106,0.3488,0.337,0.3429,0.3845,0.08,NORMAL,0,0,Windows,unspecified
23:09:40.383,253.137,0.3531,0.337,0.345,0.3781,0.08,NORMAL,0,0,Windows,unspecified
23:09:40.430,253.184,0.351,0.3549,0.353,0.4248,0.08,NORMAL,0,0,Windows,unspecified
23:09:40.459,253.213,0.3513,0.3415,0.3464,0.4345,0.08,NORMAL,0,0,Windows,unspecified
23:09:40.489,253.243,0.3733,0.362,0.3676,0.4487,0.08,NORMAL,0,0,Windows,unspecified
23:09:40.524,253.278,0.3612,0.3751,0.3682,0.4424,0.08,NORMAL,0,0,Windows,unspecified
23:09:40.557,253.311,0.359,0.389,0.374,0.4906,0.08,NORMAL,0,0,Windows,unspecified
23:09:40.585,253.339,0.3422,0.3726,0.3574,0.4693,0.08,NORMAL,0,0,Windows,unspecified
23:09:40.617,253.371,0.3546,0.389,0.3718,0.4896,0.08,NORMAL,0,0,Windows,unspecified
23:09:40.647,253.401,0.3319,0.3629,0.3474,0.4697,0.08,NORMAL,0,0,Windows,unspecified
23:09:40.684,253.438,0.3343,0.3726,0.3535,0.4924,0.08,NORMAL,0,0,Windows,unspecified
23:09:40.710,253.464,0.3228,0.3636,0.3432,0.4844,0.08,NORMAL,0,0,Windows,unspecified
23:09:40.750,253.504,0.3325,0.3732,0.3529,0.4943,0.08,NORMAL,0,0,Windows,unspecified
23:09:40.786,253.54,0.3286,0.3736,0.3511,0.4965,0.08,NORMAL,0,0,Windows,unspecified
23:09:40.829,253.583,0.3416,0.3629,0.3522,0.493,0.08,NORMAL,0,0,Windows,unspecified
23:09:40.865,253.619,0.3319,0.3594,0.3457,0.4816,0.08,NORMAL,0,0,Windows,unspecified
23:09:40.895,253.649,0.3436,0.3729,0.3582,0.3969,0.08,NORMAL,0,0,Windows,unspecified
23:09:40.926,253.68,0.3607,0.3597,0.3602,0.3937,0.08,NORMAL,0,0,Windows,unspecified
23:09:40.959,253.713,0.3469,0.3597,0.3533,0.3962,0.08,NORMAL,0,0,Windows,unspecified
23:09:40.990,253.744,0.359,0.3565,0.3578,0.4001,0.08,NORMAL,0,0,Windows,unspecified
23:09:41.020,253.774,0.3607,0.3396,0.3501,0.4038,0.08,NORMAL,0,0,Windows,unspecified
23:09:41.052,253.806,0.3712,0.3402,0.3557,0.3999,0.08,NORMAL,0,0,Windows,unspecified
23:09:41.081,253.835,0.3625,0.3405,0.3515,0.4,0.08,NORMAL,0,0,Windows,unspecified
23:09:41.115,253.869,0.3469,0.3424,0.3447,0.3958,0.08,NORMAL,0,0,Windows,unspecified
23:09:41.150,253.904,0.3469,0.3431,0.345,0.3989,0.08,NORMAL,0,0,Windows,unspecified
23:09:41.178,253.932,0.3469,0.3431,0.345,0.4089,0.08,NORMAL,0,0,Windows,unspecified
23:09:41.226,253.98,0.3588,0.3521,0.3555,0.4009,0.08,NORMAL,0,0,Windows,unspecified
23:09:41.255,254.009,0.3442,0.3521,0.3482,0.4037,0.08,NORMAL,0,0,Windows,unspecified
23:09:41.295,254.049,0.3546,0.3425,0.3485,0.4179,0.0733,NORMAL,0,0,Windows,unspecified
23:09:41.334,254.088,0.3546,0.3424,0.3485,0.4375,0.0667,NORMAL,0,0,Windows,unspecified
23:09:41.364,254.118,0.346,0.3431,0.3445,0.4366,0.06,NORMAL,0,0,Windows,unspecified
23:09:41.396,254.15,0.3422,0.3559,0.349,0.4537,0.0533,NORMAL,0,0,Windows,unspecified
23:09:41.426,254.18,0.3612,0.3597,0.3605,0.4213,0.0467,NORMAL,0,0,Windows,unspecified
23:09:41.457,254.211,0.3753,0.3559,0.3656,0.4142,0.04,NORMAL,0,0,Windows,unspecified
23:09:41.486,254.24,0.327,0.3415,0.3343,0.4026,0.04,NORMAL,0,0,Windows,unspecified
23:09:41.519,254.273,0.363,0.3597,0.3614,0.4122,0.04,NORMAL,0,0,Windows,unspecified
23:09:41.546,254.3,0.3505,0.3683,0.3594,0.4014,0.04,NORMAL,0,0,Windows,unspecified
23:09:41.580,254.334,0.3547,0.3521,0.3534,0.4123,0.04,NORMAL,0,0,Windows,unspecified
23:09:41.627,254.381,0.3547,0.3588,0.3567,0.4013,0.04,NORMAL,0,0,Windows,unspecified
23:09:41.657,254.411,0.3547,0.366,0.3603,0.3945,0.04,NORMAL,0,0,Windows,unspecified
23:09:41.695,254.449,0.3647,0.3683,0.3665,0.3899,0.04,NORMAL,0,0,Windows,unspecified
23:09:41.721,254.475,0.3711,0.3549,0.363,0.3883,0.04,NORMAL,0,0,Windows,unspecified
23:09:41.768,254.522,0.381,0.3521,0.3665,0.3808,0.04,NORMAL,0,0,Windows,unspecified
23:09:41.797,254.55,0.3594,0.3427,0.351,0.3812,0.04,NORMAL,0,0,Windows,unspecified
23:09:41.828,254.582,0.3696,0.3537,0.3617,0.3718,0.04,NORMAL,0,0,Windows,unspecified
23:09:41.861,254.615,0.3609,0.3511,0.356,0.366,0.04,NORMAL,0,0,Windows,unspecified
23:09:41.891,254.645,0.3565,0.3522,0.3544,0.3672,0.04,NORMAL,0,0,Windows,unspecified
23:09:41.923,254.677,0.3581,0.3645,0.3613,0.3696,0.04,NORMAL,0,0,Windows,unspecified
23:09:41.963,254.717,0.3711,0.3537,0.3624,0.3824,0.04,NORMAL,0,0,Windows,unspecified
23:09:41.987,254.741,0.3824,0.3707,0.3765,0.3866,0.04,NORMAL,0,0,Windows,unspecified
23:09:42.030,254.784,0.3733,0.3818,0.3775,0.3889,0.04,NORMAL,0,0,Windows,unspecified
23:09:42.064,254.818,0.385,0.3716,0.3783,0.3853,0.04,NORMAL,0,0,Windows,unspecified
23:09:42.110,254.864,0.3526,0.3719,0.3623,0.3856,0.04,NORMAL,0,0,Windows,unspecified
23:09:42.141,254.895,0.3624,0.3707,0.3665,0.381,0.04,NORMAL,0,0,Windows,unspecified
23:09:42.171,254.925,0.3725,0.3655,0.369,0.4052,0.04,NORMAL,0,0,Windows,unspecified
23:09:42.204,254.958,0.3664,0.3784,0.3724,0.4136,0.04,NORMAL,0,0,Windows,unspecified
23:09:42.237,254.991,0.3653,0.3559,0.3606,0.4213,0.04,NORMAL,0,0,Windows,unspecified
23:09:42.269,255.023,0.3749,0.3604,0.3677,0.4179,0.04,NORMAL,0,0,Windows,unspecified
23:09:42.299,255.053,0.3857,0.3604,0.373,0.4075,0.04,NORMAL,0,0,Windows,unspecified
23:09:42.332,255.086,0.3727,0.3597,0.3662,0.4003,0.04,NORMAL,0,0,Windows,unspecified
23:09:42.366,255.12,0.4149,0.3765,0.3957,0.4385,0.04,NORMAL,0,0,Windows,unspecified
23:09:42.393,255.147,0.4004,0.3729,0.3866,0.4333,0.04,NORMAL,0,0,Windows,unspecified
23:09:42.426,255.18,0.3907,0.381,0.3859,0.4166,0.04,NORMAL,0,0,Windows,unspecified
23:09:42.457,255.211,0.3654,0.3708,0.3681,0.3959,0.04,NORMAL,0,0,Windows,unspecified
23:09:42.494,255.248,0.3654,0.3588,0.3621,0.3737,0.04,NORMAL,0,0,Windows,unspecified
23:09:42.534,255.288,0.3786,0.3655,0.3721,0.3719,0.04,NORMAL,0,0,Windows,unspecified
23:09:42.564,255.318,0.3664,0.3655,0.3659,0.3924,0.04,NORMAL,0,0,Windows,unspecified
23:09:42.597,255.351,0.3526,0.3751,0.3639,0.395,0.04,NORMAL,0,0,Windows,unspecified
23:09:42.628,255.382,0.3801,0.362,0.3711,0.3923,0.04,NORMAL,0,0,Windows,unspecified
23:09:42.661,255.415,0.3774,0.3454,0.3614,0.3968,0.04,NORMAL,0,0,Windows,unspecified
23:09:42.692,255.446,0.3648,0.3655,0.3651,0.3966,0.04,NORMAL,0,0,Windows,unspecified
23:09:42.725,255.479,0.3809,0.3608,0.3708,0.3851,0.04,NORMAL,0,0,Windows,unspecified
23:09:42.764,255.518,0.3773,0.3608,0.369,0.3925,0.04,NORMAL,0,0,Windows,unspecified
23:09:42.786,255.54,0.381,0.3751,0.378,0.3887,0.04,NORMAL,0,0,Windows,unspecified
23:09:42.830,255.584,0.381,0.3666,0.3738,0.3937,0.04,NORMAL,0,0,Windows,unspecified
23:09:42.864,255.618,0.3789,0.3811,0.38,0.3748,0.04,NORMAL,0,0,Windows,unspecified
23:09:42.894,255.648,0.3733,0.3773,0.3753,0.3848,0.04,NORMAL,0,0,Windows,unspecified
23:09:42.926,255.68,0.3733,0.3641,0.3687,0.3884,0.04,NORMAL,0,0,Windows,unspecified
23:09:42.955,255.709,0.3755,0.3765,0.376,0.374,0.04,NORMAL,0,0,Windows,unspecified
23:09:42.989,255.743,0.3805,0.3765,0.3785,0.3809,0.04,NORMAL,0,0,Windows,unspecified
23:09:43.022,255.776,0.3619,0.3796,0.3708,0.3988,0.04,NORMAL,0,0,Windows,unspecified
23:09:43.050,255.804,0.3781,0.3666,0.3724,0.3988,0.04,NORMAL,0,0,Windows,unspecified
23:09:43.087,255.841,0.3739,0.3573,0.3656,0.3936,0.04,NORMAL,0,0,Windows,unspecified
23:09:43.113,255.867,0.3843,0.3923,0.3883,0.3964,0.04,NORMAL,0,0,Windows,unspecified
23:09:43.164,255.918,0.3604,0.3573,0.3589,0.3971,0.04,NORMAL,0,0,Windows,unspecified
23:09:43.191,255.945,0.3718,0.3739,0.3728,0.392,0.04,NORMAL,0,0,Windows,unspecified
23:09:43.228,255.982,0.3547,0.3608,0.3577,0.402,0.04,NORMAL,0,0,Windows,unspecified
23:09:43.254,256.008,0.3824,0.3585,0.3704,0.4114,0.04,NORMAL,0,0,Windows,unspecified
23:09:43.292,256.046,0.367,0.3683,0.3677,0.419,0.04,NORMAL,0,0,Windows,unspecified
23:09:43.315,256.068,0.3608,0.3481,0.3544,0.4142,0.04,NORMAL,0,0,Windows,unspecified
23:09:43.353,256.107,0.3493,0.3719,0.3606,0.413,0.04,NORMAL,0,0,Windows,unspecified
23:09:43.378,256.132,0.3648,0.3585,0.3616,0.3987,0.04,NORMAL,0,0,Windows,unspecified
23:09:43.422,256.176,0.3632,0.362,0.3626,0.4278,0.04,NORMAL,0,0,Windows,unspecified
23:09:43.455,256.208,0.3632,0.3585,0.3608,0.4223,0.04,NORMAL,0,0,Windows,unspecified
23:09:43.487,256.24,0.3648,0.3819,0.3733,0.4372,0.04,NORMAL,0,0,Windows,unspecified
23:09:43.518,256.272,0.3733,0.3929,0.3831,0.4209,0.04,NORMAL,0,0,Windows,unspecified
23:09:43.564,256.318,0.3725,0.3737,0.3731,0.4075,0.04,NORMAL,0,0,Windows,unspecified
23:09:43.595,256.349,0.3648,0.3655,0.3651,0.3994,0.04,NORMAL,0,0,Windows,unspecified
23:09:43.630,256.384,0.3865,0.3828,0.3846,0.4,0.04,NORMAL,0,0,Windows,unspecified
23:09:43.658,256.412,0.3648,0.3568,0.3608,0.3998,0.04,NORMAL,0,0,Windows,unspecified
23:09:43.695,256.449,0.3801,0.3784,0.3792,0.4115,0.04,NORMAL,0,0,Windows,unspecified
23:09:43.721,256.475,0.3649,0.3662,0.3656,0.4067,0.04,NORMAL,0,0,Windows,unspecified
23:09:43.757,256.511,0.3786,0.3784,0.3785,0.3882,0.04,NORMAL,0,0,Windows,unspecified
23:09:43.785,256.539,0.3786,0.3751,0.3769,0.3852,0.04,NORMAL,0,0,Windows,unspecified
23:09:43.821,256.575,0.3664,0.3751,0.3707,0.3936,0.04,NORMAL,0,0,Windows,unspecified
23:09:43.847,256.601,0.3824,0.3751,0.3787,0.3954,0.04,NORMAL,0,0,Windows,unspecified
23:09:43.887,256.641,0.3685,0.3751,0.3718,0.3904,0.04,NORMAL,0,0,Windows,unspecified
23:09:43.924,256.678,0.3586,0.3751,0.3669,0.3796,0.04,NORMAL,0,0,Windows,unspecified
23:09:43.967,256.721,0.3572,0.3736,0.3654,0.3841,0.04,NORMAL,0,0,Windows,unspecified
23:09:44.005,256.759,0.3685,0.3867,0.3776,0.3787,0.04,NORMAL,0,0,Windows,unspecified
23:09:44.034,256.788,0.367,0.3642,0.3656,0.3891,0.04,NORMAL,0,0,Windows,unspecified
23:09:44.066,256.82,0.3436,0.364,0.3538,0.3882,0.04,NORMAL,0,0,Windows,unspecified
23:09:44.096,256.85,0.3801,0.3867,0.3834,0.398,0.04,NORMAL,0,0,Windows,unspecified
23:09:44.129,256.882,0.3664,0.3767,0.3715,0.3946,0.04,NORMAL,0,0,Windows,unspecified
23:09:44.158,256.912,0.3475,0.3685,0.358,0.3867,0.04,NORMAL,0,0,Windows,unspecified
23:09:44.191,256.945,0.3433,0.3674,0.3553,0.3865,0.04,NORMAL,0,0,Windows,unspecified
23:09:44.222,256.976,0.3721,0.3642,0.3682,0.3774,0.04,NORMAL,0,0,Windows,unspecified
23:09:44.252,257.006,0.3747,0.3608,0.3678,0.3743,0.04,NORMAL,0,0,Windows,unspecified
23:09:44.284,257.038,0.3726,0.3799,0.3763,0.3725,0.04,NORMAL,0,0,Windows,unspecified
23:09:44.314,257.068,0.3653,0.3867,0.376,0.3728,0.04,NORMAL,0,0,Windows,unspecified
23:09:44.365,257.119,0.2608,0.2631,0.2619,0.3826,0.0467,NORMAL,1,0,Windows,unspecified
23:09:44.395,257.149,0.267,0.237,0.252,0.3742,0.0533,NORMAL,2,0,Windows,unspecified
23:09:44.429,257.183,0.0937,0.0725,0.0831,0.3715,0.06,NORMAL,3,0,Windows,unspecified
23:09:44.456,257.21,0.0727,0.0354,0.054,0.3728,0.0667,NORMAL,4,0,Windows,unspecified
23:09:44.492,257.246,0.2037,0.1642,0.1839,0.3807,0.0733,NORMAL,5,0,Windows,unspecified
23:09:44.520,257.273,0.2229,0.181,0.2019,0.3847,0.08,NORMAL,6,0,Windows,unspecified
23:09:44.559,257.313,0.2872,0.2684,0.2778,0.3795,0.0867,NORMAL,7,0,Windows,unspecified
23:09:44.585,257.339,0.2954,0.2936,0.2945,0.3915,0.0933,NORMAL,8,0,Windows,unspecified
23:09:44.621,257.375,0.333,0.3054,0.3192,0.4048,0.0933,NORMAL,0,0,Windows,unspecified
23:09:44.647,257.401,0.3301,0.3274,0.3288,0.4019,0.0933,NORMAL,0,0,Windows,unspecified
23:09:44.687,257.441,0.346,0.3391,0.3425,0.3962,0.0933,NORMAL,0,0,Windows,unspecified
23:09:44.723,257.477,0.3638,0.3492,0.3565,0.395,0.0933,NORMAL,0,0,Windows,unspecified
23:09:44.767,257.521,0.3605,0.3642,0.3624,0.3877,0.0933,NORMAL,0,0,Windows,unspecified
23:09:44.801,257.555,0.3703,0.3799,0.3751,0.3824,0.0933,NORMAL,0,0,Windows,unspecified
23:09:44.831,257.585,0.3664,0.3672,0.3668,0.3666,0.0867,NORMAL,0,0,Windows,unspecified
23:09:44.863,257.617,0.3844,0.3925,0.3884,0.3717,0.08,NORMAL,0,0,Windows,unspecified
23:09:44.894,257.648,0.3748,0.3641,0.3695,0.3757,0.0733,NORMAL,0,0,Windows,unspecified
23:09:44.927,257.681,0.3771,0.3582,0.3676,0.3682,0.0667,NORMAL,0,0,Windows,unspecified
23:09:44.958,257.712,0.3939,0.3711,0.3825,0.3817,0.06,NORMAL,0,0,Windows,unspecified
23:09:44.990,257.744,0.3966,0.3837,0.3901,0.3849,0.0533,NORMAL,0,0,Windows,unspecified
23:09:45.020,257.774,0.3769,0.3742,0.3756,0.3646,0.0533,NORMAL,0,0,Windows,unspecified
23:09:45.051,257.805,0.3792,0.3581,0.3686,0.3698,0.0533,NORMAL,0,0,Windows,unspecified
23:09:45.084,257.838,0.3896,0.3865,0.388,0.3698,0.0533,NORMAL,0,0,Windows,unspecified
23:09:45.112,257.866,0.3769,0.3612,0.3691,0.3759,0.0533,NORMAL,0,0,Windows,unspecified
23:09:45.161,257.915,0.3875,0.3862,0.3868,0.3805,0.0533,NORMAL,0,0,Windows,unspecified
23:09:45.193,257.947,0.3771,0.362,0.3695,0.3859,0.0533,NORMAL,0,0,Windows,unspecified
23:09:45.229,257.983,0.3771,0.3742,0.3756,0.3793,0.0533,NORMAL,0,0,Windows,unspecified
23:09:45.255,258.009,0.363,0.3703,0.3667,0.3908,0.0533,NORMAL,0,0,Windows,unspecified
23:09:45.292,258.046,0.3867,0.3493,0.368,0.3827,0.0533,NORMAL,0,0,Windows,unspecified
23:09:45.318,258.072,0.389,0.3493,0.3691,0.3867,0.0533,NORMAL,0,0,Windows,unspecified
23:09:45.358,258.112,0.3792,0.3797,0.3794,0.382,0.0533,NORMAL,0,0,Windows,unspecified
23:09:45.380,258.134,0.3867,0.3622,0.3744,0.3852,0.0533,NORMAL,0,0,Windows,unspecified
23:09:45.421,258.175,0.3769,0.3612,0.3691,0.384,0.0533,NORMAL,0,0,Windows,unspecified
23:09:45.443,258.197,0.3792,0.3582,0.3687,0.3804,0.0533,NORMAL,0,0,Windows,unspecified
23:09:45.485,258.239,0.3792,0.3612,0.3702,0.3859,0.0533,NORMAL,0,0,Windows,unspecified
23:09:45.521,258.275,0.3813,0.3582,0.3697,0.3881,0.0533,NORMAL,0,0,Windows,unspecified
23:09:45.566,258.32,0.3792,0.3629,0.371,0.3851,0.0533,NORMAL,0,0,Windows,unspecified
23:09:45.598,258.352,0.3792,0.3672,0.3732,0.3788,0.0533,NORMAL,0,0,Windows,unspecified
23:09:45.631,258.385,0.3771,0.3612,0.3691,0.3825,0.0533,NORMAL,0,0,Windows,unspecified
23:09:45.662,258.416,0.3813,0.3659,0.3736,0.3913,0.0533,NORMAL,0,0,Windows,unspecified
23:09:45.693,258.447,0.3813,0.3783,0.3798,0.3864,0.0533,NORMAL,0,0,Windows,unspecified
23:09:45.724,258.478,0.3813,0.3783,0.3798,0.3864,0.0533,NORMAL,0,0,Windows,unspecified
23:09:45.755,258.509,0.3687,0.3783,0.3735,0.3849,0.0533,NORMAL,0,0,Windows,unspecified
23:09:45.788,258.542,0.3782,0.3783,0.3783,0.3749,0.0533,NORMAL,0,0,Windows,unspecified
23:09:45.822,258.576,0.3939,0.3672,0.3806,0.3738,0.0533,NORMAL,0,0,Windows,unspecified
23:09:45.853,258.607,0.3939,0.3795,0.3867,0.3738,0.0533,NORMAL,0,0,Windows,unspecified
23:09:45.880,258.634,0.3813,0.3795,0.3804,0.3786,0.0533,NORMAL,0,0,Windows,unspecified
23:09:45.914,258.668,0.3792,0.3795,0.3793,0.3824,0.0533,NORMAL,0,0,Windows,unspecified
23:09:45.960,258.714,0.3792,0.3659,0.3726,0.3766,0.0533,NORMAL,0,0,Windows,unspecified
23:09:45.993,258.747,0.3939,0.3629,0.3784,0.3719,0.0533,NORMAL,0,0,Windows,unspecified
23:09:46.029,258.783,0.3411,0.3505,0.3458,0.3749,0.0533,NORMAL,0,0,Windows,unspecified
23:09:46.054,258.808,0.3389,0.3215,0.3302,0.3706,0.0533,NORMAL,0,0,Windows,unspecified
23:09:46.093,258.847,0.1069,0.1099,0.1084,0.3774,0.06,NORMAL,1,0,Windows,unspecified
23:09:46.118,258.872,0.0747,0.0573,0.066,0.3774,0.0667,NORMAL,2,0,Windows,unspecified
23:09:46.156,258.91,0.1071,0.099,0.103,0.3796,0.0733,NORMAL,3,0,Windows,unspecified
23:09:46.179,258.933,0.1309,0.0934,0.1121,0.3773,0.08,NORMAL,4,0,Windows,unspecified
23:09:46.222,258.976,0.2067,0.2139,0.2103,0.3773,0.0867,NORMAL,5,0,Windows,unspecified
23:09:46.259,259.013,0.2625,0.2391,0.2508,0.3774,0.0933,NORMAL,6,0,Windows,unspecified
23:09:46.291,259.045,0.2959,0.2661,0.281,0.3753,0.1,NORMAL,7,0,Windows,unspecified
23:09:46.321,259.075,0.3034,0.2917,0.2976,0.3753,0.1067,NORMAL,8,0,Windows,unspecified
23:09:46.362,259.116,0.3242,0.3101,0.3172,0.3836,0.1067,NORMAL,0,0,Windows,unspecified
23:09:46.400,259.154,0.327,0.3181,0.3226,0.3834,0.1067,NORMAL,0,0,Windows,unspecified
23:09:46.447,259.201,0.3443,0.3232,0.3338,0.3845,0.1067,NORMAL,0,0,Windows,unspecified
23:09:46.481,259.235,0.3404,0.3515,0.346,0.3834,0.1067,NORMAL,0,0,Windows,unspecified
23:09:46.511,259.265,0.356,0.3414,0.3487,0.3814,0.1067,NORMAL,0,0,Windows,unspecified
23:09:46.545,259.299,0.3595,0.3629,0.3612,0.3896,0.1067,NORMAL,0,0,Windows,unspecified
23:09:46.575,259.329,0.3579,0.3505,0.3542,0.3881,0.1067,NORMAL,0,0,Windows,unspecified
23:09:46.605,259.359,0.3613,0.3523,0.3568,0.3839,0.1067,NORMAL,0,0,Windows,unspecified
23:09:46.636,259.39,0.3579,0.3644,0.3612,0.3858,0.1067,NORMAL,0,0,Windows,unspecified
23:09:46.668,259.422,0.3683,0.3644,0.3663,0.3845,0.1067,NORMAL,0,0,Windows,unspecified
23:09:46.700,259.453,0.3802,0.3629,0.3715,0.3858,0.1067,NORMAL,0,0,Windows,unspecified
23:09:46.730,259.484,0.3706,0.3629,0.3667,0.376,0.1067,NORMAL,0,0,Windows,unspecified
23:09:46.765,259.519,0.3706,0.3659,0.3682,0.3819,0.1067,NORMAL,0,0,Windows,unspecified
23:09:46.793,259.547,0.3687,0.3629,0.3658,0.3749,0.1067,NORMAL,0,0,Windows,unspecified
23:09:46.830,259.584,0.3653,0.3629,0.3641,0.37,0.1067,NORMAL,0,0,Windows,unspecified
23:09:46.857,259.61,0.3718,0.3753,0.3736,0.376,0.1067,NORMAL,0,0,Windows,unspecified
23:09:46.894,259.648,0.3706,0.3659,0.3683,0.3836,0.1067,NORMAL,0,0,Windows,unspecified
23:09:46.920,259.674,0.3718,0.3659,0.3689,0.3834,0.1067,NORMAL,0,0,Windows,unspecified
23:09:46.958,259.711,0.3706,0.3637,0.3671,0.3774,0.1067,NORMAL,0,0,Windows,unspecified
23:09:46.982,259.736,0.3685,0.3659,0.3672,0.3774,0.1067,NORMAL,0,0,Windows,unspecified
23:09:47.022,259.776,0.3832,0.3659,0.3746,0.3811,0.1067,NORMAL,0,0,Windows,unspecified
23:09:47.044,259.798,0.3832,0.3659,0.3746,0.3764,0.1067,NORMAL,0,0,Windows,unspecified
23:09:47.081,259.835,0.3864,0.3629,0.3746,0.3822,0.1067,NORMAL,0,0,Windows,unspecified
23:09:47.106,259.86,0.3696,0.3613,0.3655,0.3802,0.1067,NORMAL,0,0,Windows,unspecified
23:09:47.161,259.915,0.3683,0.3613,0.3648,0.3738,0.1067,NORMAL,0,0,Windows,unspecified
23:09:47.185,259.939,0.3706,0.3613,0.3659,0.3776,0.1067,NORMAL,0,0,Windows,unspecified
23:09:47.249,260.002,0.3737,0.3613,0.3675,0.3811,0.1067,NORMAL,0,0,Windows,unspecified
23:09:47.279,260.033,0.3737,0.3683,0.371,0.3791,0.1067,NORMAL,0,0,Windows,unspecified
23:09:47.311,260.065,0.3832,0.3828,0.383,0.3833,0.1067,NORMAL,0,0,Windows,unspecified
23:09:47.341,260.095,0.374,0.3763,0.3751,0.3833,0.1067,NORMAL,0,0,Windows,unspecified
23:09:47.372,260.126,0.3685,0.3629,0.3657,0.3787,0.1067,NORMAL,0,0,Windows,unspecified
23:09:47.403,260.157,0.3706,0.3629,0.3667,0.3699,0.1067,NORMAL,0,0,Windows,unspecified
23:09:47.434,260.188,0.3687,0.3523,0.3605,0.3753,0.1067,NORMAL,0,0,Windows,unspecified
23:09:47.466,260.22,0.3718,0.3753,0.3735,0.3798,0.1067,NORMAL,0,0,Windows,unspecified
23:09:47.499,260.253,0.3664,0.3783,0.3724,0.3718,0.1067,NORMAL,0,0,Windows,unspecified
23:09:47.531,260.285,0.3792,0.3783,0.3788,0.3746,0.1067,NORMAL,0,0,Windows,unspecified
23:09:47.578,260.331,0.3832,0.3753,0.3792,0.3754,0.1067,NORMAL,0,0,Windows,unspecified
23:09:47.610,260.364,0.3811,0.3984,0.3898,0.3708,0.1067,NORMAL,0,0,Windows,unspecified
23:09:47.641,260.395,0.3832,0.3877,0.3854,0.368,0.1067,NORMAL,0,0,Windows,unspecified
23:09:47.673,260.427,0.3842,0.3861,0.3851,0.3718,0.1067,NORMAL,0,0,Windows,unspecified
23:09:47.704,260.458,0.3811,0.3683,0.3747,0.3798,0.1067,NORMAL,0,0,Windows,unspecified
23:09:47.736,260.49,0.3832,0.3714,0.3773,0.3798,0.1067,NORMAL,0,0,Windows,unspecified
23:09:47.768,260.522,0.3813,0.3737,0.3775,0.3811,0.1067,NORMAL,0,0,Windows,unspecified
23:09:47.798,260.552,0.3792,0.3753,0.3773,0.3811,0.1067,NORMAL,0,0,Windows,unspecified
23:09:47.830,260.584,0.3811,0.3644,0.3728,0.3791,0.1067,NORMAL,0,0,Windows,unspecified
23:09:47.860,260.614,0.3811,0.3905,0.3858,0.3757,0.1067,NORMAL,0,0,Windows,unspecified
23:09:47.891,260.645,0.3959,0.3783,0.3871,0.3872,0.1067,NORMAL,0,0,Windows,unspecified
23:09:47.939,260.693,0.3832,0.3753,0.3792,0.3785,0.1067,NORMAL,0,0,Windows,unspecified
23:09:47.969,260.723,0.3849,0.3753,0.3801,0.3785,0.1067,NORMAL,0,0,Windows,unspecified
23:09:47.998,260.752,0.3977,0.3753,0.3865,0.3785,0.1067,NORMAL,0,0,Windows,unspecified
23:09:48.030,260.784,0.3977,0.3753,0.3865,0.3822,0.1067,NORMAL,0,0,Windows,unspecified
23:09:48.063,260.817,0.3977,0.3783,0.388,0.3822,0.1067,NORMAL,0,0,Windows,unspecified
23:09:48.093,260.847,0.3977,0.3753,0.3865,0.3822,0.1067,NORMAL,0,0,Windows,unspecified
23:09:48.123,260.877,0.3877,0.3861,0.3869,0.3774,0.1067,NORMAL,0,0,Windows,unspecified
23:09:48.159,260.913,0.4008,0.3889,0.3949,0.3811,0.1067,NORMAL,0,0,Windows,unspecified
23:09:48.186,260.94,0.3881,0.3869,0.3875,0.3811,0.1067,NORMAL,0,0,Windows,unspecified
23:09:48.223,260.977,0.3753,0.3905,0.3829,0.3774,0.1067,NORMAL,0,0,Windows,unspecified
23:09:48.248,261.002,0.3881,0.3783,0.3832,0.3824,0.1067,NORMAL,0,0,Windows,unspecified
23:09:48.286,261.04,0.3849,0.3783,0.3816,0.3737,0.1067,NORMAL,0,0,Windows,unspecified
23:09:48.311,261.065,0.3859,0.3783,0.3821,0.3775,0.1067,NORMAL,0,0,Windows,unspecified
23:09:48.362,261.116,0.3737,0.3877,0.3807,0.3834,0.1067,NORMAL,0,0,Windows,unspecified
23:09:48.389,261.143,0.3737,0.3905,0.3821,0.3737,0.1067,NORMAL,0,0,Windows,unspecified
23:09:48.430,261.184,0.3737,0.381,0.3774,0.3775,0.1067,NORMAL,0,0,Windows,unspecified
23:09:48.467,261.221,0.3842,0.3671,0.3756,0.3872,0.1067,NORMAL,0,0,Windows,unspecified
23:09:48.499,261.253,0.3737,0.3753,0.3745,0.3785,0.1067,NORMAL,0,0,Windows,unspecified
23:09:48.531,261.285,0.3832,0.3849,0.3841,0.3823,0.1067,NORMAL,0,0,Windows,unspecified
23:09:48.560,261.314,0.3861,0.3783,0.3822,0.3836,0.1067,NORMAL,0,0,Windows,unspecified
23:09:48.592,261.346,0.3861,0.3753,0.3807,0.3836,0.1067,NORMAL,0,0,Windows,unspecified
23:09:48.623,261.377,0.3959,0.3783,0.3871,0.3775,0.1067,NORMAL,0,0,Windows,unspecified
23:09:48.655,261.408,0.3861,0.3659,0.376,0.3821,0.1067,NORMAL,0,0,Windows,unspecified
23:09:48.686,261.44,0.2404,0.2288,0.2346,0.3856,0.1133,NORMAL,1,0,Windows,unspecified
23:09:48.714,261.468,0.195,0.2115,0.2032,0.376,0.12,NORMAL,2,0,Windows,unspecified
23:09:48.767,261.521,0.0923,0.1034,0.0979,0.3702,0.1267,NORMAL,3,0,Windows,unspecified
23:09:48.793,261.547,0.0783,0.09,0.0841,0.3702,0.1333,NORMAL,4,0,Windows,unspecified
23:09:48.829,261.583,0.1173,0.1229,0.1201,0.374,0.14,NORMAL,5,0,Windows,unspecified
23:09:48.855,261.609,0.1451,0.1546,0.1498,0.3718,0.1467,NORMAL,6,0,Windows,unspecified
23:09:48.894,261.648,0.2126,0.2214,0.217,0.3718,0.1533,NORMAL,7,0,Windows,unspecified
23:09:48.917,261.671,0.2582,0.2511,0.2546,0.3753,0.16,NORMAL,8,0,Windows,unspecified
23:09:48.959,261.712,0.2826,0.2727,0.2776,0.3811,0.1667,NORMAL,9,0,Windows,unspecified
23:09:48.979,261.733,0.3082,0.3006,0.3044,0.3812,0.1667,NORMAL,0,0,Windows,unspecified
23:09:49.021,261.775,0.3074,0.2997,0.3036,0.3833,0.1667,NORMAL,0,0,Windows,unspecified
23:09:49.055,261.809,0.3317,0.3246,0.3281,0.3792,0.1667,NORMAL,0,0,Windows,unspecified
23:09:49.088,261.842,0.3443,0.3426,0.3435,0.3753,0.1667,NORMAL,0,0,Windows,unspecified
23:09:49.119,261.872,0.3443,0.3426,0.3435,0.38,0.1667,NORMAL,0,0,Windows,unspecified
23:09:49.166,261.92,0.349,0.3393,0.3442,0.38,0.1667,NORMAL,0,0,Windows,unspecified
23:09:49.199,261.953,0.349,0.3517,0.3504,0.38,0.1667,NORMAL,0,0,Windows,unspecified
23:09:49.230,261.984,0.3579,0.355,0.3565,0.38,0.1667,NORMAL,0,0,Windows,unspecified
23:09:49.259,262.013,0.3579,0.3493,0.3536,0.38,0.1667,NORMAL,0,0,Windows,unspecified
23:09:49.290,262.044,0.3706,0.3463,0.3584,0.38,0.1667,NORMAL,0,0,Windows,unspecified
23:09:49.324,262.077,0.3706,0.355,0.3628,0.3789,0.1667,NORMAL,0,0,Windows,unspecified
23:09:49.358,262.112,0.3706,0.355,0.3628,0.3847,0.16,NORMAL,0,0,Windows,unspecified
23:09:49.386,262.139,0.3683,0.355,0.3617,0.3763,0.1533,NORMAL,0,0,Windows,unspecified
23:09:49.424,262.178,0.3683,0.355,0.3617,0.3789,0.1467,NORMAL,0,0,Windows,unspecified
23:09:49.449,262.203,0.3683,0.3641,0.3662,0.3742,0.14,NORMAL,0,0,Windows,unspecified
23:09:49.482,262.236,0.3683,0.3641,0.3662,0.3706,0.1333,NORMAL,0,0,Windows,unspecified
23:09:49.513,262.267,0.3664,0.3641,0.3653,0.3753,0.1267,NORMAL,0,0,Windows,unspecified
23:09:49.567,262.321,0.3664,0.3641,0.3653,0.3742,0.12,NORMAL,0,0,Windows,unspecified
23:09:49.608,262.362,0.3792,0.3629,0.371,0.3742,0.1133,NORMAL,0,0,Windows,unspecified
23:09:49.639,262.393,0.3664,0.3629,0.3646,0.38,0.1133,NORMAL,0,0,Windows,unspecified
23:09:49.669,262.423,0.3664,0.3629,0.3646,0.38,0.1133,NORMAL,0,0,Windows,unspecified
23:09:49.701,262.455,0.3687,0.3659,0.3673,0.38,0.1133,NORMAL,0,0,Windows,unspecified
23:09:49.730,262.484,0.3719,0.357,0.3645,0.38,0.1133,NORMAL,0,0,Windows,unspecified
23:09:49.779,262.533,0.3719,0.357,0.3645,0.3753,0.1133,NORMAL,0,0,Windows,unspecified
23:09:49.810,262.564,0.3792,0.3659,0.3726,0.3753,0.1133,NORMAL,0,0,Windows,unspecified
23:09:49.841,262.594,0.3596,0.3641,0.3619,0.3706,0.1133,NORMAL,0,0,Windows,unspecified
23:09:49.875,262.629,0.3596,0.355,0.3573,0.3743,0.1133,NORMAL,0,0,Windows,unspecified
23:09:49.903,262.657,0.3596,0.369,0.3643,0.3733,0.1133,NORMAL,0,0,Windows,unspecified
23:09:49.936,262.69,0.3596,0.3659,0.3628,0.3742,0.1133,NORMAL,0,0,Windows,unspecified
23:09:49.968,262.722,0.3719,0.3659,0.3689,0.3742,0.1133,NORMAL,0,0,Windows,unspecified
23:09:50.001,262.755,0.3597,0.3659,0.3628,0.3699,0.1133,NORMAL,0,0,Windows,unspecified
23:09:50.033,262.787,0.3597,0.3659,0.3628,0.3699,0.1133,NORMAL,0,0,Windows,unspecified
23:09:50.066,262.819,0.3597,0.3659,0.3628,0.3765,0.1133,NORMAL,0,0,Windows,unspecified
23:09:50.095,262.849,0.3597,0.3659,0.3628,0.3765,0.1133,NORMAL,0,0,Windows,unspecified
23:09:50.128,262.882,0.3597,0.3659,0.3628,0.3718,0.1133,NORMAL,0,0,Windows,unspecified
23:09:50.157,262.911,0.3737,0.3783,0.376,0.3718,0.1133,NORMAL,0,0,Windows,unspecified
23:09:50.188,262.942,0.3716,0.3783,0.375,0.3746,0.1133,NORMAL,0,0,Windows,unspecified
23:09:50.221,262.975,0.3842,0.3783,0.3813,0.3785,0.1133,NORMAL,0,0,Windows,unspecified
23:09:50.252,263.006,0.3842,0.3783,0.3813,0.3785,0.1133,NORMAL,0,0,Windows,unspecified
23:09:50.284,263.038,0.3832,0.3753,0.3792,0.3785,0.1133,NORMAL,0,0,Windows,unspecified
23:09:50.316,263.07,0.3687,0.3629,0.3658,0.3765,0.1133,NORMAL,0,0,Windows,unspecified
23:09:50.366,263.12,0.3596,0.3629,0.3612,0.3812,0.1133,NORMAL,0,0,Windows,unspecified
23:09:50.392,263.146,0.3596,0.3629,0.3612,0.3812,0.1133,NORMAL,0,0,Windows,unspecified
23:09:50.429,263.183,0.3596,0.3629,0.3612,0.3764,0.1133,NORMAL,0,0,Windows,unspecified
23:09:50.455,263.209,0.3596,0.3629,0.3612,0.3733,0.1133,NORMAL,0,0,Windows,unspecified
23:09:50.492,263.246,0.3596,0.3629,0.3612,0.3764,0.1133,NORMAL,0,0,Windows,unspecified
23:09:50.516,263.27,0.3596,0.3629,0.3612,0.3812,0.1133,NORMAL,0,0,Windows,unspecified
23:09:50.558,263.312,0.3719,0.3795,0.3757,0.3764,0.1133,NORMAL,0,0,Windows,unspecified
23:09:50.594,263.348,0.3719,0.3795,0.3757,0.3729,0.1133,NORMAL,0,0,Windows,unspecified
23:09:50.625,263.379,0.3813,0.3795,0.3804,0.3729,0.1133,NORMAL,0,0,Windows,unspecified
23:09:50.656,263.41,0.3792,0.3795,0.3793,0.3729,0.1133,NORMAL,0,0,Windows,unspecified
23:09:50.690,263.444,0.3792,0.3732,0.3762,0.3729,0.1133,NORMAL,0,0,Windows,unspecified
23:09:50.718,263.472,0.3792,0.3732,0.3762,0.3729,0.1133,NORMAL,0,0,Windows,unspecified
23:09:50.764,263.518,0.3792,0.3659,0.3726,0.3729,0.1133,NORMAL,0,0,Windows,unspecified
23:09:50.796,263.55,0.3811,0.3659,0.3735,0.369,0.1133,NORMAL,0,0,Windows,unspecified
23:09:50.829,263.583,0.3918,0.3659,0.3789,0.3802,0.1133,NORMAL,0,0,Windows,unspecified
23:09:50.860,263.614,0.3918,0.3659,0.3789,0.3802,0.1133,NORMAL,0,0,Windows,unspecified
23:09:50.893,263.647,0.3918,0.3659,0.3789,0.3743,0.1133,NORMAL,0,0,Windows,unspecified
23:09:50.915,263.669,0.3918,0.3659,0.3789,0.3743,0.1133,NORMAL,0,0,Windows,unspecified
23:09:50.957,263.711,0.3811,0.3659,0.3735,0.3764,0.1133,NORMAL,0,0,Windows,unspecified
23:09:50.982,263.736,0.3811,0.3659,0.3735,0.3764,0.1133,NORMAL,0,0,Windows,unspecified
23:09:51.021,263.775,0.3811,0.3659,0.3735,0.3764,0.1133,NORMAL,0,0,Windows,unspecified
23:09:51.044,263.798,0.3811,0.3659,0.3735,0.3824,0.1133,NORMAL,0,0,Windows,unspecified
23:09:51.083,263.837,0.3685,0.3659,0.3672,0.3824,0.1067,NORMAL,0,0,Windows,unspecified
23:09:51.108,263.862,0.3685,0.3659,0.3672,0.3824,0.1,NORMAL,0,0,Windows,unspecified
23:09:51.162,263.916,0.3811,0.3659,0.3735,0.3824,0.0933,NORMAL,0,0,Windows,unspecified
23:09:51.188,263.942,0.3811,0.3659,0.3735,0.3824,0.0867,NORMAL,0,0,Windows,unspecified
23:09:51.234,263.988,0.3685,0.3659,0.3672,0.3859,0.08,NORMAL,0,0,Windows,unspecified
23:09:51.264,264.018,0.3685,0.3629,0.3657,0.3859,0.0733,NORMAL,0,0,Windows,unspecified
23:09:51.295,264.049,0.3811,0.3659,0.3735,0.3859,0.0667,NORMAL,0,0,Windows,unspecified
23:09:51.326,264.08,0.3811,0.3659,0.3735,0.3859,0.06,NORMAL,0,0,Windows,unspecified
23:09:51.359,264.113,0.3811,0.3659,0.3735,0.3798,0.06,NORMAL,0,0,Windows,unspecified
23:09:51.389,264.143,0.3811,0.3659,0.3735,0.3798,0.06,NORMAL,0,0,Windows,unspecified
23:09:51.418,264.172,0.3811,0.3659,0.3735,0.3812,0.06,NORMAL,0,0,Windows,unspecified
23:09:51.451,264.205,0.3792,0.3659,0.3726,0.3788,0.06,NORMAL,0,0,Windows,unspecified
23:09:51.484,264.238,0.3792,0.3659,0.3726,0.3824,0.06,NORMAL,0,0,Windows,unspecified
23:09:51.514,264.268,0.3792,0.3659,0.3726,0.3824,0.06,NORMAL,0,0,Windows,unspecified
23:09:51.565,264.319,0.3811,0.3659,0.3735,0.3812,0.06,NORMAL,0,0,Windows,unspecified
23:09:51.590,264.344,0.3811,0.3659,0.3735,0.3812,0.06,NORMAL,0,0,Windows,unspecified
23:09:51.631,264.385,0.3811,0.357,0.369,0.3848,0.06,NORMAL,0,0,Windows,unspecified
23:09:51.654,264.408,0.3811,0.357,0.369,0.381,0.06,NORMAL,0,0,Windows,unspecified
23:09:51.693,264.447,0.3811,0.357,0.369,0.381,0.06,NORMAL,0,0,Windows,unspecified
23:09:51.714,264.468,0.3811,0.357,0.369,0.375,0.06,NORMAL,0,0,Windows,unspecified
23:09:51.759,264.513,0.3811,0.357,0.369,0.3726,0.06,NORMAL,0,0,Windows,unspecified
23:09:51.796,264.55,0.3811,0.357,0.369,0.3706,0.06,NORMAL,0,0,Windows,unspecified
23:09:51.825,264.579,0.3811,0.3691,0.3751,0.3706,0.06,NORMAL,0,0,Windows,unspecified
23:09:51.858,264.612,0.3811,0.3691,0.3751,0.3706,0.06,NORMAL,0,0,Windows,unspecified
23:09:51.888,264.642,0.3664,0.3691,0.3678,0.3706,0.06,NORMAL,0,0,Windows,unspecified
23:09:51.920,264.674,0.3664,0.3691,0.3678,0.3753,0.06,NORMAL,0,0,Windows,unspecified
23:09:51.961,264.715,0.3664,0.3691,0.3678,0.3727,0.06,NORMAL,0,0,Windows,unspecified
23:09:51.999,264.753,0.3664,0.3691,0.3678,0.3727,0.06,NORMAL,0,0,Windows,unspecified
23:09:52.028,264.782,0.3683,0.3691,0.3687,0.3754,0.06,NORMAL,0,0,Windows,unspecified
23:09:52.061,264.815,0.3683,0.3691,0.3687,0.3695,0.06,NORMAL,0,0,Windows,unspecified
23:09:52.093,264.847,0.3683,0.3691,0.3687,0.3766,0.06,NORMAL,0,0,Windows,unspecified
23:09:52.121,264.875,0.3811,0.3691,0.3751,0.3766,0.06,NORMAL,0,0,Windows,unspecified
23:09:52.157,264.911,0.3811,0.3691,0.3751,0.3766,0.06,NORMAL,0,0,Windows,unspecified
23:09:52.185,264.939,0.3811,0.3691,0.3751,0.3766,0.06,NORMAL,0,0,Windows,unspecified
23:09:52.220,264.974,0.3811,0.3691,0.3751,0.3802,0.06,NORMAL,0,0,Windows,unspecified
23:09:52.248,265.002,0.3683,0.3703,0.3693,0.3743,0.06,NORMAL,0,0,Windows,unspecified
23:09:52.281,265.035,0.3737,0.3691,0.3714,0.3743,0.06,NORMAL,0,0,Windows,unspecified
23:09:52.310,265.064,0.3737,0.3691,0.3714,0.3743,0.06,NORMAL,0,0,Windows,unspecified
23:09:52.364,265.118,0.3737,0.3783,0.376,0.3765,0.06,NORMAL,0,0,Windows,unspecified
23:09:52.387,265.141,0.3737,0.3783,0.376,0.3765,0.06,NORMAL,0,0,Windows,unspecified
23:09:52.426,265.18,0.3737,0.3753,0.3745,0.3799,0.06,NORMAL,0,0,Windows,unspecified
23:09:52.449,265.203,0.3737,0.3753,0.3745,0.3799,0.06,NORMAL,0,0,Windows,unspecified
23:09:52.492,265.246,0.3832,0.3753,0.3792,0.3778,0.06,NORMAL,0,0,Windows,unspecified
23:09:52.529,265.282,0.3811,0.3783,0.3797,0.3778,0.06,NORMAL,0,0,Windows,unspecified
23:09:52.558,265.312,0.3811,0.3783,0.3797,0.3827,0.06,NORMAL,0,0,Windows,unspecified
23:09:52.590,265.344,0.3842,0.3783,0.3813,0.3827,0.06,NORMAL,0,0,Windows,unspecified
23:09:52.622,265.376,0.3811,0.3659,0.3735,0.3766,0.06,NORMAL,0,0,Windows,unspecified
23:09:52.652,265.406,0.3811,0.3719,0.3765,0.3727,0.06,NORMAL,0,0,Windows,unspecified
23:09:52.684,265.438,0.3737,0.3732,0.3734,0.3776,0.06,NORMAL,0,0,Windows,unspecified
23:09:52.713,265.467,0.3737,0.3701,0.3719,0.3776,0.06,NORMAL,0,0,Windows,unspecified
23:09:52.767,265.521,0.3737,0.3701,0.3719,0.3776,0.06,NORMAL,0,0,Windows,unspecified
23:09:52.793,265.547,0.3737,0.3582,0.3659,0.3743,0.06,NORMAL,0,0,Windows,unspecified
23:09:52.828,265.582,0.3613,0.3701,0.3657,0.3718,0.06,NORMAL,0,0,Windows,unspecified
23:09:52.855,265.609,0.3613,0.357,0.3592,0.3743,0.06,NORMAL,0,0,Windows,unspecified
23:09:52.894,265.648,0.3737,0.357,0.3653,0.3743,0.06,NORMAL,0,0,Windows,unspecified
23:09:52.917,265.671,0.3737,0.357,0.3653,0.3803,0.06,NORMAL,0,0,Windows,unspecified
23:09:52.957,265.711,0.3683,0.3659,0.3671,0.3765,0.06,NORMAL,0,0,Windows,unspecified
23:09:52.980,265.734,0.3683,0.3659,0.3671,0.3824,0.06,NORMAL,0,0,Windows,unspecified
23:09:53.022,265.776,0.3719,0.3629,0.3674,0.3799,0.06,NORMAL,0,0,Windows,unspecified
23:09:53.045,265.799,0.3811,0.3629,0.372,0.3787,0.06,NORMAL,0,0,Windows,unspecified
23:09:53.084,265.838,0.3811,0.3659,0.3735,0.374,0.06,NORMAL,0,0,Windows,unspecified
23:09:53.121,265.875,0.3737,0.3659,0.3698,0.3827,0.06,NORMAL,0,0,Windows,unspecified
23:09:53.160,265.914,0.3832,0.3629,0.373,0.3854,0.06,NORMAL,0,0,Windows,unspecified
23:09:53.182,265.936,0.3832,0.3629,0.373,0.3854,0.06,NORMAL,0,0,Windows,unspecified
23:09:53.225,265.979,0.3811,0.3629,0.372,0.3854,0.06,NORMAL,0,0,Windows,unspecified
23:09:53.262,266.016,0.3788,0.3629,0.3708,0.3854,0.06,NORMAL,0,0,Windows,unspecified
23:09:53.295,266.049,0.3788,0.3629,0.3708,0.3888,0.06,NORMAL,0,0,Windows,unspecified
23:09:53.325,266.079,0.3811,0.3659,0.3735,0.391,0.06,NORMAL,0,0,Windows,unspecified
23:09:53.355,266.109,0.3811,0.3659,0.3735,0.391,0.06,NORMAL,0,0,Windows,unspecified
23:09:53.387,266.141,0.3811,0.3659,0.3735,0.391,0.06,NORMAL,0,0,Windows,unspecified
23:09:53.421,266.175,0.3811,0.3659,0.3735,0.391,0.06,NORMAL,0,0,Windows,unspecified
23:09:53.449,266.202,0.3811,0.3659,0.3735,0.391,0.06,NORMAL,0,0,Windows,unspecified
23:09:53.486,266.24,0.3811,0.3659,0.3735,0.3861,0.06,NORMAL,0,0,Windows,unspecified
23:09:53.511,266.265,0.3792,0.3659,0.3726,0.3861,0.06,NORMAL,0,0,Windows,unspecified
23:09:53.562,266.316,0.3811,0.3659,0.3735,0.3822,0.06,NORMAL,0,0,Windows,unspecified
23:09:53.590,266.344,0.3811,0.357,0.369,0.3822,0.06,NORMAL,0,0,Windows,unspecified
23:09:53.629,266.383,0.3792,0.36,0.3696,0.3749,0.06,NORMAL,0,0,Windows,unspecified
23:09:53.653,266.407,0.3792,0.36,0.3696,0.3764,0.06,NORMAL,0,0,Windows,unspecified
23:09:53.693,266.447,0.3792,0.369,0.3741,0.3813,0.0533,NORMAL,0,0,Windows,unspecified
23:09:53.715,266.469,0.3792,0.3812,0.3802,0.3813,0.0467,NORMAL,0,0,Windows,unspecified
23:09:53.755,266.509,0.3792,0.3812,0.3802,0.3813,0.04,NORMAL,0,0,Windows,unspecified
23:09:53.778,266.532,0.3792,0.3781,0.3787,0.3813,0.0333,NORMAL,0,0,Windows,unspecified
23:09:53.817,266.571,0.3792,0.3781,0.3787,0.3765,0.0267,NORMAL,0,0,Windows,unspecified
23:09:53.840,266.594,0.3792,0.3781,0.3787,0.3764,0.02,NORMAL,0,0,Windows,unspecified
23:09:53.884,266.638,0.3769,0.3781,0.3775,0.3839,0.0133,NORMAL,0,0,Windows,unspecified
23:09:53.919,266.673,0.3792,0.3826,0.3809,0.3839,0.0067,NORMAL,0,0,Windows,unspecified
23:09:53.962,266.716,0.3792,0.3732,0.3762,0.3839,0.0,NORMAL,0,0,Windows,unspecified
23:09:53.999,266.753,0.3918,0.3781,0.385,0.3839,0.0,NORMAL,0,0,Windows,unspecified
23:09:54.026,266.78,0.3792,0.3781,0.3787,0.38,0.0,NORMAL,0,0,Windows,unspecified
23:09:54.060,266.814,0.3792,0.3905,0.3849,0.38,0.0,NORMAL,0,0,Windows,unspecified
23:09:54.109,266.862,0.392,0.3905,0.3913,0.38,0.0,NORMAL,0,0,Windows,unspecified
23:09:54.140,266.894,0.392,0.3905,0.3913,0.38,0.0,NORMAL,0,0,Windows,unspecified
23:09:54.169,266.923,0.3792,0.3905,0.3849,0.38,0.0,NORMAL,0,0,Windows,unspecified
23:09:54.202,266.956,0.3792,0.3905,0.3849,0.38,0.0,NORMAL,0,0,Windows,unspecified
23:09:54.233,266.987,0.3811,0.3905,0.3858,0.38,0.0,NORMAL,0,0,Windows,unspecified
23:09:54.265,267.019,0.3811,0.3934,0.3873,0.3822,0.0,NORMAL,0,0,Windows,unspecified
23:09:54.294,267.048,0.3811,0.3812,0.3812,0.3822,0.0,NORMAL,0,0,Windows,unspecified
23:09:54.327,267.081,0.3811,0.3719,0.3765,0.3776,0.0,NORMAL,0,0,Windows,unspecified
23:09:54.364,267.118,0.3811,0.3812,0.3812,0.3798,0.0,NORMAL,0,0,Windows,unspecified
23:09:54.390,267.143,0.3811,0.3812,0.3812,0.3822,0.0,NORMAL,0,0,Windows,unspecified
23:09:54.428,267.182,0.3811,0.3812,0.3812,0.3824,0.0,NORMAL,0,0,Windows,unspecified
23:09:54.454,267.208,0.3811,0.3812,0.3812,0.3788,0.0,NORMAL,0,0,Windows,unspecified
23:09:54.489,267.243,0.3811,0.3812,0.3812,0.3767,0.0,NORMAL,0,0,Windows,unspecified
23:09:54.518,267.272,0.3918,0.369,0.3804,0.3803,0.0,NORMAL,0,0,Windows,unspecified
23:09:54.557,267.311,0.3916,0.369,0.3803,0.3765,0.0,NORMAL,0,0,Windows,unspecified
23:09:54.579,267.333,0.3916,0.369,0.3803,0.3765,0.0,NORMAL,0,0,Windows,unspecified
23:09:54.621,267.375,0.3918,0.36,0.3759,0.3765,0.0,NORMAL,0,0,Windows,unspecified
23:09:54.642,267.396,0.3792,0.36,0.3696,0.3765,0.0,NORMAL,0,0,Windows,unspecified
23:09:54.682,267.436,0.3918,0.36,0.3759,0.3765,0.0,NORMAL,0,0,Windows,unspecified
23:09:54.705,267.459,0.3822,0.357,0.3696,0.3765,0.0,NORMAL,0,0,Windows,unspecified
23:09:54.764,267.518,0.3699,0.357,0.3634,0.3743,0.0,NORMAL,0,0,Windows,unspecified
23:09:54.799,267.553,0.3699,0.357,0.3634,0.3743,0.0,NORMAL,0,0,Windows,unspecified
23:09:54.826,267.58,0.3719,0.3659,0.3689,0.3754,0.0,NORMAL,0,0,Windows,unspecified
23:09:54.861,267.615,0.3719,0.3659,0.3689,0.3754,0.0,NORMAL,0,0,Windows,unspecified
23:09:54.891,267.645,0.3719,0.3629,0.3674,0.3754,0.0,NORMAL,0,0,Windows,unspecified
23:09:54.939,267.693,0.3719,0.3629,0.3674,0.3754,0.0,NORMAL,0,0,Windows,unspecified
23:09:54.986,267.74,0.3719,0.3629,0.3674,0.3754,0.0,NORMAL,0,0,Windows,unspecified
23:09:55.018,267.772,0.3719,0.3629,0.3674,0.3754,0.0,NORMAL,0,0,Windows,unspecified
23:09:55.046,267.8,0.3719,0.3629,0.3674,0.3802,0.0,NORMAL,0,0,Windows,unspecified
23:09:55.079,267.833,0.3813,0.3629,0.3721,0.3802,0.0,NORMAL,0,0,Windows,unspecified
23:09:55.109,267.863,0.394,0.3861,0.39,0.3827,0.0,NORMAL,0,0,Windows,unspecified
23:09:55.142,267.896,0.3832,0.3877,0.3854,0.3827,0.0,NORMAL,0,0,Windows,unspecified
23:09:55.174,267.928,0.3811,0.3877,0.3844,0.3827,0.0,NORMAL,0,0,Windows,unspecified
23:09:55.204,267.958,0.3811,0.3877,0.3844,0.3767,0.0,NORMAL,0,0,Windows,unspecified
23:09:55.235,267.989,0.3716,0.3753,0.3734,0.3767,0.0,NORMAL,0,0,Windows,unspecified
23:09:55.269,268.023,0.3716,0.3661,0.3689,0.3767,0.0,NORMAL,0,0,Windows,unspecified
23:09:55.299,268.053,0.3737,0.3691,0.3714,0.3767,0.0,NORMAL,0,0,Windows,unspecified
23:09:55.330,268.084,0.3737,0.3691,0.3714,0.3731,0.0,NORMAL,0,0,Windows,unspecified
23:09:55.360,268.114,0.3737,0.3719,0.3728,0.3764,0.0,NORMAL,0,0,Windows,unspecified
23:09:55.392,268.146,0.3737,0.3719,0.3728,0.374,0.0,NORMAL,0,0,Windows,unspecified
23:09:55.424,268.178,0.3737,0.3691,0.3714,0.374,0.0,NORMAL,0,0,Windows,unspecified
23:09:55.454,268.208,0.3737,0.3691,0.3714,0.3788,0.0,NORMAL,0,0,Windows,unspecified
23:09:55.488,268.242,0.3864,0.3753,0.3808,0.3788,0.0,NORMAL,0,0,Windows,unspecified
23:09:55.518,268.272,0.3842,0.3753,0.3797,0.3767,0.0,NORMAL,0,0,Windows,unspecified
23:09:55.565,268.319,0.2671,0.2724,0.2697,0.3802,0.0067,NORMAL,1,0,Windows,unspecified
23:09:55.595,268.349,0.2495,0.2505,0.25,0.3802,0.0133,NORMAL,2,0,Windows,unspecified
23:09:55.630,268.384,0.1995,0.1949,0.1972,0.3765,0.02,NORMAL,3,0,Windows,unspecified
23:09:55.660,268.414,0.2001,0.1949,0.1975,0.3765,0.0267,NORMAL,4,0,Windows,unspecified
23:09:55.693,268.447,0.1995,0.1993,0.1994,0.3753,0.0333,NORMAL,5,0,Windows,unspecified
23:09:55.724,268.478,0.2124,0.2256,0.219,0.3705,0.04,NORMAL,6,0,Windows,unspecified
23:09:55.756,268.51,0.2541,0.2608,0.2574,0.3754,0.0467,NORMAL,7,0,Windows,unspecified
23:09:55.786,268.54,0.2796,0.2858,0.2827,0.3754,0.0533,NORMAL,8,0,Windows,unspecified
23:09:55.821,268.575,0.3141,0.3101,0.3121,0.3754,0.0533,NORMAL,0,0,Windows,unspecified
23:09:55.850,268.604,0.3273,0.3227,0.325,0.3754,0.0533,NORMAL,0,0,Windows,unspecified
23:09:55.885,268.639,0.3559,0.3403,0.3481,0.3754,0.0533,NORMAL,0,0,Windows,unspecified
23:09:55.913,268.667,0.3468,0.3393,0.3431,0.3754,0.0533,NORMAL,0,0,Windows,unspecified
23:09:55.964,268.718,0.3579,0.3517,0.3548,0.3718,0.0533,NORMAL,0,0,Windows,unspecified
23:09:55.992,268.746,0.3706,0.355,0.3628,0.3718,0.0533,NORMAL,0,0,Windows,unspecified
23:09:56.028,268.782,0.3706,0.3641,0.3673,0.3756,0.0533,NORMAL,0,0,Windows,unspecified
23:09:56.054,268.808,0.3706,0.3629,0.3667,0.3815,0.0533,NORMAL,0,0,Windows,unspecified
23:09:56.093,268.847,0.3719,0.3629,0.3674,0.3765,0.0533,NORMAL,0,0,Windows,unspecified
23:09:56.117,268.871,0.3813,0.3629,0.3721,0.3765,0.0533,NORMAL,0,0,Windows,unspecified
23:09:56.157,268.911,0.3792,0.3659,0.3726,0.3803,0.0533,NORMAL,0,0,Windows,unspecified
23:09:56.180,268.934,0.3792,0.3629,0.371,0.3791,0.0533,NORMAL,0,0,Windows,unspecified
23:09:56.220,268.974,0.3792,0.3753,0.3772,0.3743,0.0533,NORMAL,0,0,Windows,unspecified
23:09:56.242,268.995,0.3842,0.3753,0.3797,0.3729,0.0533,NORMAL,0,0,Windows,unspecified
23:09:56.284,269.038,0.3842,0.3753,0.3797,0.3824,0.0533,NORMAL,0,0,Windows,unspecified
23:09:56.321,269.075,0.3842,0.3753,0.3797,0.3802,0.0533,NORMAL,0,0,Windows,unspecified
23:09:56.366,269.12,0.3842,0.3783,0.3813,0.3802,0.0533,NORMAL,0,0,Windows,unspecified
23:09:56.401,269.155,0.3842,0.3783,0.3813,0.3764,0.0533,NORMAL,0,0,Windows,unspecified
23:09:56.433,269.187,0.3842,0.3783,0.3813,0.3743,0.0533,NORMAL,0,0,Windows,unspecified
23:09:56.465,269.219,0.3861,0.3783,0.3822,0.3743,0.0533,NORMAL,0,0,Windows,unspecified
23:09:56.493,269.247,0.3861,0.3783,0.3822,0.3836,0.0533,NORMAL,0,0,Windows,unspecified
23:09:56.526,269.28,0.3842,0.3691,0.3767,0.3836,0.0533,NORMAL,0,0,Windows,unspecified
23:09:56.559,269.313,0.3769,0.3612,0.3691,0.3765,0.0533,NORMAL,0,0,Windows,unspecified
23:09:56.589,269.343,0.3917,0.369,0.3803,0.3765,0.0533,NORMAL,0,0,Windows,unspecified
23:09:56.623,269.377,0.3788,0.3659,0.3724,0.3802,0.0533,NORMAL,0,0,Windows,unspecified
23:09:56.649,269.403,0.3788,0.3538,0.3663,0.3802,0.0533,NORMAL,0,0,Windows,unspecified
23:09:56.686,269.44,0.3788,0.3538,0.3663,0.3802,0.0533,NORMAL,0,0,Windows,unspecified
23:09:56.713,269.467,0.3788,0.3629,0.3708,0.3802,0.0533,NORMAL,0,0,Windows,unspecified
23:09:56.765,269.519,0.366,0.3629,0.3644,0.3802,0.0533,NORMAL,0,0,Windows,unspecified
23:09:56.792,269.545,0.3647,0.3629,0.3638,0.3802,0.0533,NORMAL,0,0,Windows,unspecified
23:09:56.831,269.585,0.3647,0.3505,0.3576,0.3765,0.0533,NORMAL,0,0,Windows,unspecified
23:09:56.855,269.609,0.3647,0.3505,0.3576,0.3696,0.0533,NORMAL,0,0,Windows,unspecified
23:09:56.894,269.648,0.366,0.3505,0.3583,0.3696,0.0533,NORMAL,0,0,Windows,unspecified
23:09:56.932,269.686,0.366,0.3538,0.3599,0.3732,0.0533,NORMAL,0,0,Windows,unspecified
23:09:56.963,269.717,0.366,0.3538,0.3599,0.379,0.0533,NORMAL,0,0,Windows,unspecified
23:09:56.996,269.75,0.366,0.3538,0.3599,0.3803,0.0533,NORMAL,0,0,Windows,unspecified
23:09:57.028,269.782,0.366,0.3659,0.366,0.3803,0.0533,NORMAL,0,0,Windows,unspecified
23:09:57.059,269.812,0.366,0.3659,0.366,0.3767,0.0533,NORMAL,0,0,Windows,unspecified
23:09:57.089,269.843,0.366,0.3659,0.366,0.3787,0.0533,NORMAL,0,0,Windows,unspecified
23:09:57.120,269.874,0.366,0.3659,0.366,0.3787,0.0533,NORMAL,0,0,Windows,unspecified
23:09:57.166,269.92,0.366,0.357,0.3615,0.3787,0.0533,NORMAL,0,0,Windows,unspecified
23:09:57.200,269.954,0.366,0.354,0.36,0.3822,0.0533,NORMAL,0,0,Windows,unspecified
23:09:57.232,269.986,0.3788,0.3451,0.362,0.3787,0.0533,NORMAL,0,0,Windows,unspecified
23:09:57.262,270.016,0.3532,0.3449,0.3491,0.3787,0.0533,NORMAL,0,0,Windows,unspecified
23:09:57.295,270.048,0.3965,0.3691,0.3828,0.3787,0.0533,NORMAL,0,0,Windows,unspecified
23:09:57.325,270.079,0.3823,0.3795,0.3809,0.3787,0.0533,NORMAL,0,0,Windows,unspecified
23:09:57.354,270.108,0.3946,0.4035,0.3991,0.3787,0.0533,NORMAL,0,0,Windows,unspecified
23:09:57.385,270.139,0.3966,0.4035,0.4,0.374,0.0533,NORMAL,0,0,Windows,unspecified
23:09:57.421,270.175,0.4212,0.4173,0.4193,0.374,0.0533,NORMAL,0,0,Windows,unspecified
23:09:57.450,270.204,0.4239,0.4173,0.4206,0.374,0.0533,NORMAL,0,0,Windows,unspecified
23:09:57.485,270.239,0.4137,0.4173,0.4155,0.3834,0.0533,NORMAL,0,0,Windows,unspecified
23:09:57.513,270.267,0.4137,0.4173,0.4155,0.3834,0.0533,NORMAL,0,0,Windows,unspecified
23:09:57.567,270.32,0.4137,0.4173,0.4155,0.3834,0.0533,NORMAL,0,0,Windows,unspecified
23:09:57.590,270.344,0.4137,0.4293,0.4215,0.3848,0.0533,NORMAL,0,0,Windows,unspecified
23:09:57.631,270.385,0.4111,0.4276,0.4194,0.3848,0.0533,NORMAL,0,0,Windows,unspecified
23:09:57.670,270.424,0.4111,0.4276,0.4194,0.3834,0.0533,NORMAL,0,0,Windows,unspecified
23:09:57.700,270.454,0.4111,0.4276,0.4194,0.3848,0.0533,NORMAL,0,0,Windows,unspecified
23:09:57.731,270.485,0.4111,0.4175,0.4143,0.3848,0.0533,NORMAL,0,0,Windows,unspecified
23:09:57.763,270.517,0.4111,0.4175,0.4143,0.3884,0.0533,NORMAL,0,0,Windows,unspecified
23:09:57.795,270.549,0.4111,0.4175,0.4143,0.3884,0.0533,NORMAL,0,0,Windows,unspecified
23:09:57.825,270.579,0.4194,0.4199,0.4197,0.3884,0.0533,NORMAL,0,0,Windows,unspecified
23:09:57.855,270.609,0.4194,0.4199,0.4197,0.3851,0.0533,NORMAL,0,0,Windows,unspecified
23:09:57.888,270.642,0.4194,0.4301,0.4247,0.3799,0.0533,NORMAL,0,0,Windows,unspecified
23:09:57.919,270.673,0.4172,0.4332,0.4252,0.3799,0.0533,NORMAL,0,0,Windows,unspecified
23:09:57.965,270.719,0.4217,0.4276,0.4246,0.3799,0.0533,NORMAL,0,0,Windows,unspecified
23:09:58.000,270.754,0.4217,0.4276,0.4246,0.3799,0.0533,NORMAL,0,0,Windows,unspecified
23:09:58.031,270.785,0.4137,0.4276,0.4207,0.3799,0.0533,NORMAL,0,0,Windows,unspecified
23:09:58.061,270.815,0.4137,0.4155,0.4146,0.3799,0.0533,NORMAL,0,0,Windows,unspecified
23:09:58.092,270.846,0.4111,0.4155,0.4133,0.3848,0.0533,NORMAL,0,0,Windows,unspecified
23:09:58.123,270.877,0.4212,0.4155,0.4184,0.3848,0.0533,NORMAL,0,0,Windows,unspecified
23:09:58.158,270.912,0.4212,0.4155,0.4184,0.3848,0.0533,NORMAL,0,0,Windows,unspecified
23:09:58.186,270.94,0.4194,0.4155,0.4174,0.3848,0.0533,NORMAL,0,0,Windows,unspecified
23:09:58.222,270.976,0.4071,0.4035,0.4053,0.381,0.0533,NORMAL,0,0,Windows,unspecified
23:09:58.248,271.002,0.4071,0.4035,0.4053,0.3787,0.0533,NORMAL,0,0,Windows,unspecified
23:09:58.287,271.041,0.4071,0.4231,0.4151,0.3753,0.0533,NORMAL,0,0,Windows,unspecified
23:09:58.312,271.066,0.4071,0.4173,0.4122,0.3799,0.0533,NORMAL,0,0,Windows,unspecified
23:09:58.362,271.116,0.4089,0.4173,0.4131,0.3778,0.0533,NORMAL,0,0,Windows,unspecified
23:09:58.390,271.144,0.4118,0.4173,0.4145,0.3778,0.0533,NORMAL,0,0,Windows,unspecified
23:09:58.429,271.183,0.4019,0.4173,0.4096,0.3778,0.0533,NORMAL,0,0,Windows,unspecified
23:09:58.451,271.205,0.4019,0.4173,0.4096,0.3778,0.0533,NORMAL,0,0,Windows,unspecified
23:09:58.493,271.247,0.3991,0.4173,0.4082,0.3778,0.0533,NORMAL,0,0,Windows,unspecified
23:09:58.516,271.27,0.3991,0.4051,0.4021,0.3778,0.0533,NORMAL,0,0,Windows,unspecified
23:09:58.555,271.309,0.281,0.3032,0.2921,0.3778,0.06,NORMAL,1,0,Windows,unspecified
23:09:58.581,271.335,0.2524,0.2849,0.2687,0.3836,0.0667,NORMAL,2,0,Windows,unspecified
23:09:58.621,271.375,0.1112,0.1231,0.1172,0.3836,0.0733,NORMAL,3,0,Windows,unspecified
23:09:58.656,271.41,0.0821,0.09,0.0861,0.3799,0.08,NORMAL,4,0,Windows,unspecified
23:09:58.688,271.442,0.1535,0.1379,0.1457,0.3833,0.0867,NORMAL,5,0,Windows,unspecified
23:09:58.720,271.474,0.1981,0.1659,0.182,0.3813,0.0933,NORMAL,6,0,Windows,unspecified
23:09:58.766,271.52,0.2251,0.2163,0.2207,0.3766,0.1,NORMAL,7,0,Windows,unspecified
23:09:58.796,271.55,0.2545,0.233,0.2438,0.3826,0.1067,NORMAL,8,0,Windows,unspecified
23:09:58.842,271.596,0.2863,0.2732,0.2798,0.3809,0.1133,NORMAL,9,0,Windows,unspecified
23:09:58.874,271.628,0.3126,0.2984,0.3055,0.3809,0.1133,NORMAL,0,0,Windows,unspecified
23:09:58.905,271.659,0.3377,0.3227,0.3302,0.3788,0.1133,NORMAL,0,0,Windows,unspecified
23:09:58.938,271.692,0.3509,0.3354,0.3432,0.3788,0.1133,NORMAL,0,0,Windows,unspecified
23:09:58.966,271.72,0.3509,0.3354,0.3432,0.3788,0.1133,NORMAL,0,0,Windows,unspecified
23:09:58.999,271.752,0.3624,0.3481,0.3553,0.3788,0.1133,NORMAL,0,0,Windows,unspecified
23:09:59.030,271.784,0.3756,0.3595,0.3675,0.3788,0.1133,NORMAL,0,0,Windows,unspecified
23:09:59.061,271.815,0.3683,0.3753,0.3718,0.3788,0.1133,NORMAL,0,0,Windows,unspecified
23:09:59.094,271.848,0.3683,0.3659,0.3671,0.3788,0.1133,NORMAL,0,0,Windows,unspecified
23:09:59.125,271.879,0.3683,0.3659,0.3671,0.3788,0.1133,NORMAL,0,0,Windows,unspecified
23:09:59.165,271.919,0.3683,0.3659,0.3671,0.3826,0.1133,NORMAL,0,0,Windows,unspecified
23:09:59.189,271.943,0.3683,0.3659,0.3671,0.3838,0.1133,NORMAL,0,0,Windows,unspecified
23:09:59.230,271.984,0.3683,0.3659,0.3671,0.3776,0.1133,NORMAL,0,0,Windows,unspecified
23:09:59.265,272.019,0.3683,0.3659,0.3671,0.3727,0.1133,NORMAL,0,0,Windows,unspecified
23:09:59.315,272.069,0.3683,0.3659,0.3671,0.38,0.1133,NORMAL,0,0,Windows,unspecified
23:09:59.345,272.099,0.3683,0.3659,0.3671,0.38,0.1133,NORMAL,0,0,Windows,unspecified
23:09:59.376,272.13,0.3706,0.3659,0.3682,0.3787,0.1133,NORMAL,0,0,Windows,unspecified
23:09:59.410,272.164,0.3706,0.357,0.3638,0.3787,0.1133,NORMAL,0,0,Windows,unspecified
23:09:59.439,272.193,0.3706,0.3637,0.3671,0.3808,0.1133,NORMAL,0,0,Windows,unspecified
23:09:59.472,272.226,0.3613,0.3659,0.3636,0.3846,0.1133,NORMAL,0,0,Windows,unspecified
23:09:59.502,272.256,0.3613,0.3659,0.3636,0.3861,0.1133,NORMAL,0,0,Windows,unspecified
23:09:59.535,272.289,0.3613,0.3659,0.3636,0.3898,0.1133,NORMAL,0,0,Windows,unspecified
23:09:59.562,272.316,0.3613,0.3659,0.3636,0.386,0.1133,NORMAL,0,0,Windows,unspecified
23:09:59.597,272.351,0.3737,0.3659,0.3698,0.386,0.1133,NORMAL,0,0,Windows,unspecified
23:09:59.630,272.384,0.3737,0.3659,0.3698,0.386,0.1133,NORMAL,0,0,Windows,unspecified
23:09:59.660,272.414,0.3737,0.3659,0.3698,0.386,0.1133,NORMAL,0,0,Windows,unspecified
23:09:59.693,272.447,0.3737,0.3659,0.3698,0.386,0.1133,NORMAL,0,0,Windows,unspecified
23:09:59.722,272.476,0.3737,0.357,0.3653,0.386,0.1133,NORMAL,0,0,Windows,unspecified
23:09:59.771,272.525,0.3737,0.3659,0.3698,0.3761,0.1133,NORMAL,0,0,Windows,unspecified
23:09:59.801,272.555,0.3716,0.3659,0.3688,0.3848,0.1133,NORMAL,0,0,Windows,unspecified
23:09:59.832,272.586,0.3811,0.3629,0.372,0.3848,0.1133,NORMAL,0,0,Windows,unspecified
23:09:59.864,272.618,0.3832,0.3629,0.373,0.3848,0.1133,NORMAL,0,0,Windows,unspecified
23:09:59.912,272.666,0.3737,0.357,0.3653,0.3848,0.1133,NORMAL,0,0,Windows,unspecified
23:09:59.942,272.696,0.3737,0.357,0.3653,0.3848,0.1133,NORMAL,0,0,Windows,unspecified
23:09:59.990,272.744,0.3737,0.357,0.3653,0.3787,0.1133,NORMAL,0,0,Windows,unspecified
23:10:00.021,272.775,0.3737,0.36,0.3668,0.3787,0.1133,NORMAL,0,0,Windows,unspecified
23:10:00.055,272.809,0.3716,0.36,0.3658,0.3787,0.1133,NORMAL,0,0,Windows,unspecified
23:10:00.085,272.839,0.3664,0.357,0.3617,0.375,0.1133,NORMAL,0,0,Windows,unspecified
23:10:00.118,272.872,0.3792,0.357,0.3681,0.3729,0.1133,NORMAL,0,0,Windows,unspecified
23:10:00.148,272.902,0.3792,0.357,0.3681,0.3718,0.1133,NORMAL,0,0,Windows,unspecified
23:10:00.179,272.933,0.3792,0.3659,0.3726,0.3789,0.1133,NORMAL,0,0,Windows,unspecified
23:10:00.211,272.965,0.3792,0.3659,0.3726,0.3789,0.1133,NORMAL,0,0,Windows,unspecified
23:10:00.242,272.996,0.3792,0.3659,0.3726,0.3789,0.1133,NORMAL,0,0,Windows,unspecified
23:10:00.273,273.027,0.3792,0.3659,0.3726,0.3789,0.1133,NORMAL,0,0,Windows,unspecified
23:10:00.305,273.059,0.3699,0.357,0.3634,0.3753,0.1133,NORMAL,0,0,Windows,unspecified
23:10:00.335,273.088,0.3719,0.36,0.366,0.38,0.1133,NORMAL,0,0,Windows,unspecified
23:10:00.361,273.115,0.3719,0.36,0.366,0.38,0.1133,NORMAL,0,0,Windows,unspecified
23:10:00.394,273.148,0.3719,0.357,0.3645,0.38,0.1133,NORMAL,0,0,Windows,unspecified
23:10:00.431,273.185,0.3719,0.357,0.3645,0.3839,0.1133,NORMAL,0,0,Windows,unspecified
23:10:00.458,273.212,0.3719,0.357,0.3645,0.3839,0.1133,NORMAL,0,0,Windows,unspecified
23:10:00.494,273.248,0.3719,0.357,0.3645,0.3874,0.1133,NORMAL,0,0,Windows,unspecified
23:10:00.520,273.274,0.3719,0.3783,0.3751,0.3827,0.1133,NORMAL,0,0,Windows,unspecified
23:10:00.557,273.311,0.3719,0.3783,0.3751,0.3767,0.1067,NORMAL,0,0,Windows,unspecified
23:10:00.581,273.335,0.3719,0.3783,0.3751,0.3743,0.1,NORMAL,0,0,Windows,unspecified
23:10:00.620,273.374,0.3719,0.3783,0.3751,0.3743,0.0933,NORMAL,0,0,Windows,unspecified
23:10:00.645,273.399,0.3811,0.3753,0.3782,0.3743,0.0867,NORMAL,0,0,Windows,unspecified
23:10:00.694,273.448,0.3811,0.3753,0.3782,0.3743,0.08,NORMAL,0,0,Windows,unspecified
23:10:00.726,273.48,0.3811,0.3753,0.3782,0.3754,0.0733,NORMAL,0,0,Windows,unspecified
23:10:00.765,273.519,0.3811,0.3753,0.3782,0.3754,0.0667,NORMAL,0,0,Windows,unspecified
23:10:00.787,273.541,0.3811,0.3753,0.3782,0.3754,0.06,NORMAL,0,0,Windows,unspecified
23:10:00.830,273.583,0.3811,0.3753,0.3782,0.3754,0.06,NORMAL,0,0,Windows,unspecified
23:10:00.864,273.618,0.3842,0.3753,0.3797,0.3754,0.06,NORMAL,0,0,Windows,unspecified
23:10:00.898,273.652,0.3842,0.3753,0.3797,0.3802,0.06,NORMAL,0,0,Windows,unspecified
23:10:00.927,273.681,0.3811,0.3783,0.3797,0.3728,0.06,NORMAL,0,0,Windows,unspecified
23:10:00.959,273.713,0.3716,0.3691,0.3704,0.3749,0.06,NORMAL,0,0,Windows,unspecified
23:10:00.989,273.743,0.3737,0.3691,0.3714,0.381,0.06,NORMAL,0,0,Windows,unspecified
23:10:01.023,273.777,0.3737,0.381,0.3774,0.3861,0.06,NORMAL,0,0,Windows,unspecified
23:10:01.070,273.824,0.3737,0.381,0.3774,0.3861,0.06,NORMAL,0,0,Windows,unspecified
23:10:01.116,273.87,0.3842,0.3877,0.386,0.3792,0.06,NORMAL,0,0,Windows,unspecified
23:10:01.151,273.905,0.384,0.3877,0.3858,0.3792,0.06,NORMAL,0,0,Windows,unspecified
23:10:01.178,273.932,0.384,0.3905,0.3873,0.3814,0.06,NORMAL,0,0,Windows,unspecified
23:10:01.210,273.964,0.384,0.3889,0.3865,0.3848,0.06,NORMAL,0,0,Windows,unspecified
23:10:01.239,273.993,0.384,0.3823,0.3831,0.3848,0.06,NORMAL,0,0,Windows,unspecified
23:10:01.274,274.028,0.3861,0.3795,0.3828,0.3848,0.06,NORMAL,0,0,Windows,unspecified
23:10:01.305,274.059,0.3737,0.3795,0.3766,0.3827,0.06,NORMAL,0,0,Windows,unspecified
23:10:01.337,274.091,0.3737,0.3861,0.3799,0.3789,0.06,NORMAL,0,0,Windows,unspecified
23:10:01.368,274.122,0.1307,0.1507,0.1407,0.3743,0.0667,NORMAL,1,0,Windows,unspecified
23:10:01.399,274.153,0.0823,0.0877,0.085,0.3743,0.0733,NORMAL,2,0,Windows,unspecified
23:10:01.430,274.184,0.0616,0.0784,0.07,0.3743,0.08,NORMAL,3,0,Windows,unspecified
23:10:01.461,274.215,0.0689,0.0617,0.0653,0.3743,0.0867,NORMAL,4,0,Windows,unspecified
23:10:01.492,274.246,0.1281,0.1262,0.1271,0.3696,0.0933,NORMAL,5,0,Windows,unspecified
23:10:01.524,274.278,0.1751,0.1662,0.1706,0.3737,0.1,NORMAL,6,0,Windows,unspecified
23:10:01.566,274.32,0.0648,0.0648,0.0648,0.3737,0.1067,NORMAL,7,0,Windows,unspecified
23:10:01.602,274.356,0.0455,0.0559,0.0507,0.3737,0.1133,NORMAL,8,0,Windows,unspecified
23:10:01.636,274.39,0.0301,0.0434,0.0368,0.3774,0.12,NORMAL,9,0,Windows,unspecified
23:10:01.665,274.419,0.0294,0.0516,0.0405,0.3774,0.1267,WARNING,10,0,Windows,unspecified
23:10:01.697,274.451,0.0416,0.0516,0.0466,0.3774,0.1333,WARNING,11,0,Windows,unspecified
23:10:01.728,274.482,0.0415,0.0516,0.0466,0.3774,0.14,WARNING,12,0,Windows,unspecified
23:10:01.759,274.513,0.0301,0.0395,0.0348,0.3737,0.1467,WARNING,13,0,Windows,unspecified
23:10:01.791,274.545,0.025,0.0366,0.0308,0.3796,0.1533,WARNING,14,0,Windows,unspecified
23:10:01.826,274.579,0.0375,0.0294,0.0334,0.3834,0.16,WARNING,15,0,Windows,unspecified
23:10:01.857,274.611,0.0375,0.0337,0.0356,0.3813,0.1667,WARNING,16,0,Windows,unspecified
23:10:01.889,274.643,0.0301,0.0642,0.0472,0.3767,0.1733,WARNING,17,0,Windows,unspecified
23:10:01.920,274.674,0.0301,0.0642,0.0472,0.3717,0.18,WARNING,18,0,Windows,unspecified
23:10:01.968,274.722,0.0294,0.0658,0.0476,0.3717,0.1867,WARNING,19,0,Windows,unspecified
23:10:01.999,274.753,0.0416,0.0445,0.043,0.3717,0.1933,DROWSY,20,0,Windows,unspecified
23:10:02.031,274.785,0.0445,0.0558,0.0501,0.3765,0.2,DROWSY,21,0,Windows,unspecified
23:10:02.062,274.816,0.0544,0.073,0.0637,0.3765,0.2067,DROWSY,22,0,Windows,unspecified
23:10:02.093,274.847,0.1961,0.204,0.2001,0.3775,0.2133,DROWSY,23,0,Windows,unspecified
23:10:02.124,274.878,0.2411,0.2353,0.2382,0.3813,0.22,DROWSY,24,0,Windows,unspecified
23:10:02.160,274.914,0.2902,0.2747,0.2825,0.3813,0.2267,DROWSY,25,0,Windows,unspecified
23:10:02.186,274.94,0.3107,0.2872,0.2989,0.3793,0.2333,DROWSY,26,0,Windows,unspecified
23:10:02.232,274.986,0.3286,0.3269,0.3277,0.3754,0.2333,NORMAL,0,0,Windows,unspecified
23:10:02.265,275.019,0.3377,0.3303,0.334,0.3801,0.2333,NORMAL,0,0,Windows,unspecified
23:10:02.296,275.05,0.3509,0.3345,0.3427,0.3837,0.2333,NORMAL,0,0,Windows,unspecified
23:10:02.329,275.083,0.3509,0.3393,0.3451,0.3768,0.2333,NORMAL,0,0,Windows,unspecified
23:10:02.361,275.115,0.3572,0.3393,0.3483,0.3779,0.2333,NORMAL,0,0,Windows,unspecified
23:10:02.390,275.144,0.3572,0.3505,0.3538,0.3803,0.2333,NORMAL,0,0,Windows,unspecified
23:10:02.427,275.181,0.3699,0.3505,0.3602,0.3863,0.2333,NORMAL,0,0,Windows,unspecified
23:10:02.451,275.205,0.3699,0.3505,0.3602,0.3827,0.2333,NORMAL,0,0,Windows,unspecified
23:10:02.493,275.247,0.3699,0.3505,0.3602,0.3827,0.2333,NORMAL,0,0,Windows,unspecified
23:10:02.515,275.268,0.3683,0.3629,0.3656,0.3789,0.2333,NORMAL,0,0,Windows,unspecified
23:10:02.557,275.311,0.3809,0.3753,0.3781,0.3808,0.2333,NORMAL,0,0,Windows,unspecified
23:10:02.581,275.335,0.3809,0.3753,0.3781,0.3822,0.2333,NORMAL,0,0,Windows,unspecified
23:10:02.621,275.375,0.3809,0.3753,0.3781,0.3775,0.2333,NORMAL,0,0,Windows,unspecified
23:10:02.656,275.41,0.3809,0.3737,0.3773,0.3761,0.2333,NORMAL,0,0,Windows,unspecified
23:10:02.687,275.441,0.3809,0.3753,0.3781,0.3789,0.2333,NORMAL,0,0,Windows,unspecified
23:10:02.718,275.472,0.3809,0.3629,0.3719,0.3789,0.2333,NORMAL,0,0,Windows,unspecified
23:10:02.767,275.521,0.3809,0.3629,0.3719,0.3789,0.2333,NORMAL,0,0,Windows,unspecified
23:10:02.796,275.55,0.3809,0.3629,0.3719,0.3789,0.2333,NORMAL,0,0,Windows,unspecified
23:10:02.826,275.58,0.3809,0.3766,0.3788,0.3789,0.2333,NORMAL,0,0,Windows,unspecified
23:10:02.860,275.614,0.3809,0.3766,0.3788,0.3789,0.2333,NORMAL,0,0,Windows,unspecified
23:10:02.895,275.649,0.3788,0.3905,0.3847,0.3789,0.2333,NORMAL,0,0,Windows,unspecified
23:10:02.923,275.677,0.3788,0.3905,0.3847,0.3789,0.2333,NORMAL,0,0,Windows,unspecified
23:10:02.954,275.708,0.3788,0.3885,0.3836,0.3789,0.2333,NORMAL,0,0,Windows,unspecified
23:10:02.986,275.74,0.3788,0.3885,0.3836,0.3789,0.2333,NORMAL,0,0,Windows,unspecified
23:10:03.021,275.775,0.3788,0.3885,0.3836,0.3789,0.2333,NORMAL,0,0,Windows,unspecified
23:10:03.049,275.803,0.3788,0.3885,0.3836,0.3789,0.2333,NORMAL,0,0,Windows,unspecified
23:10:03.087,275.841,0.3811,0.3905,0.3858,0.381,0.2333,NORMAL,0,0,Windows,unspecified
23:10:03.111,275.865,0.3811,0.3905,0.3858,0.3765,0.2333,NORMAL,0,0,Windows,unspecified
23:10:03.166,275.92,0.3938,0.3905,0.3922,0.3803,0.2333,NORMAL,0,0,Windows,unspecified
23:10:03.192,275.946,0.3938,0.3783,0.3861,0.3754,0.2333,NORMAL,0,0,Windows,unspecified
23:10:03.229,275.983,0.3938,0.3783,0.3861,0.3765,0.2333,NORMAL,0,0,Windows,unspecified
23:10:03.254,276.008,0.3938,0.3783,0.3861,0.3765,0.2333,NORMAL,0,0,Windows,unspecified
23:10:03.292,276.046,0.3938,0.3783,0.3861,0.3743,0.2333,NORMAL,0,0,Windows,unspecified
23:10:03.318,276.072,0.3938,0.3783,0.3861,0.3754,0.2333,NORMAL,0,0,Windows,unspecified
23:10:03.359,276.113,0.3959,0.3783,0.3871,0.3754,0.2333,NORMAL,0,0,Windows,unspecified
23:10:03.395,276.149,0.3959,0.3753,0.3856,0.3743,0.2333,NORMAL,0,0,Windows,unspecified
23:10:03.426,276.18,0.3959,0.3753,0.3856,0.3802,0.2333,NORMAL,0,0,Windows,unspecified
23:10:03.459,276.213,0.3959,0.3753,0.3856,0.3802,0.2333,NORMAL,0,0,Windows,unspecified
23:10:03.490,276.244,0.3861,0.3753,0.3807,0.3802,0.2333,NORMAL,0,0,Windows,unspecified
23:10:03.521,276.275,0.3861,0.3753,0.3807,0.3802,0.2333,NORMAL,0,0,Windows,unspecified
23:10:03.565,276.319,0.3861,0.3753,0.3807,0.3802,0.2267,NORMAL,0,0,Windows,unspecified
23:10:03.599,276.353,0.3737,0.3783,0.376,0.3802,0.22,NORMAL,0,0,Windows,unspecified
23:10:03.631,276.385,0.3737,0.3783,0.376,0.3802,0.2133,NORMAL,0,0,Windows,unspecified
23:10:03.665,276.419,0.3737,0.3783,0.376,0.3863,0.2067,NORMAL,0,0,Windows,unspecified
23:10:03.696,276.45,0.3737,0.3783,0.376,0.3863,0.2,NORMAL,0,0,Windows,unspecified
23:10:03.728,276.482,0.3737,0.3691,0.3714,0.3863,0.1933,NORMAL,0,0,Windows,unspecified
23:10:03.759,276.513,0.3737,0.3691,0.3714,0.3863,0.1867,NORMAL,0,0,Windows,unspecified
23:10:03.807,276.561,0.3737,0.3691,0.3714,0.3863,0.18,NORMAL,0,0,Windows,unspecified
23:10:03.838,276.592,0.3737,0.3691,0.3714,0.3863,0.1733,NORMAL,0,0,Windows,unspecified
23:10:03.868,276.622,0.3737,0.3691,0.3714,0.3884,0.1733,NORMAL,0,0,Windows,unspecified
23:10:03.914,276.668,0.3737,0.3691,0.3714,0.3809,0.1733,NORMAL,0,0,Windows,unspecified
23:10:03.944,276.698,0.3737,0.3691,0.3714,0.3761,0.1733,NORMAL,0,0,Windows,unspecified
23:10:03.975,276.729,0.3737,0.3691,0.3714,0.375,0.1733,NORMAL,0,0,Windows,unspecified
23:10:04.007,276.761,0.3737,0.3783,0.376,0.3738,0.1733,NORMAL,0,0,Windows,unspecified
23:10:04.038,276.792,0.3832,0.3753,0.3792,0.3799,0.1733,NORMAL,0,0,Windows,unspecified
23:10:04.070,276.824,0.3811,0.3783,0.3797,0.3848,0.1733,NORMAL,0,0,Windows,unspecified
23:10:04.101,276.855,0.3842,0.3783,0.3813,0.381,0.1733,NORMAL,0,0,Windows,unspecified
23:10:04.132,276.886,0.3737,0.3691,0.3714,0.375,0.1733,NORMAL,0,0,Windows,unspecified
23:10:04.164,276.918,0.3737,0.3691,0.3714,0.375,0.1733,NORMAL,0,0,Windows,unspecified
23:10:04.194,276.948,0.3737,0.3691,0.3714,0.375,0.1733,NORMAL,0,0,Windows,unspecified
23:10:04.225,276.979,0.3832,0.3691,0.3762,0.3748,0.1733,NORMAL,0,0,Windows,unspecified
23:10:04.258,277.012,0.3832,0.3783,0.3808,0.3739,0.1733,NORMAL,0,0,Windows,unspecified
23:10:04.291,277.045,0.3813,0.3753,0.3783,0.3754,0.1733,NORMAL,0,0,Windows,unspecified
23:10:04.319,277.073,0.3813,0.3753,0.3783,0.3716,0.1733,NORMAL,0,0,Windows,unspecified
23:10:04.364,277.118,0.3832,0.3753,0.3792,0.3778,0.1733,NORMAL,0,0,Windows,unspecified
23:10:04.398,277.152,0.3832,0.3753,0.3792,0.3799,0.1733,NORMAL,0,0,Windows,unspecified
23:10:04.430,277.184,0.3832,0.3629,0.373,0.3796,0.1733,NORMAL,0,0,Windows,unspecified
23:10:04.460,277.213,0.3832,0.3629,0.373,0.3847,0.1733,NORMAL,0,0,Windows,unspecified
23:10:04.493,277.247,0.3832,0.3753,0.3792,0.3869,0.1733,NORMAL,0,0,Windows,unspecified
23:10:04.523,277.277,0.3832,0.3753,0.3792,0.3849,0.1733,NORMAL,0,0,Windows,unspecified
23:10:04.557,277.311,0.3959,0.3877,0.3918,0.3849,0.1733,NORMAL,0,0,Windows,unspecified
23:10:04.584,277.338,0.3959,0.3861,0.391,0.3849,0.1733,NORMAL,0,0,Windows,unspecified
23:10:04.621,277.375,0.3959,0.3877,0.3918,0.3849,0.1733,NORMAL,0,0,Windows,unspecified
23:10:04.645,277.399,0.3959,0.3877,0.3918,0.3815,0.1733,NORMAL,0,0,Windows,unspecified
23:10:04.686,277.44,0.3861,0.3877,0.3869,0.3839,0.1733,NORMAL,0,0,Windows,unspecified
23:10:04.709,277.463,0.3861,0.3905,0.3883,0.3827,0.1733,NORMAL,0,0,Windows,unspecified
23:10:04.761,277.515,0.3861,0.381,0.3835,0.3802,0.1733,NORMAL,0,0,Windows,unspecified
23:10:04.789,277.543,0.3861,0.381,0.3835,0.3802,0.1733,NORMAL,0,0,Windows,unspecified
23:10:04.828,277.582,0.3938,0.3838,0.3888,0.3839,0.1733,NORMAL,0,0,Windows,unspecified
23:10:04.849,277.603,0.3938,0.381,0.3874,0.3852,0.1733,NORMAL,0,0,Windows,unspecified
23:10:04.893,277.647,0.3938,0.3753,0.3845,0.3839,0.1733,NORMAL,0,0,Windows,unspecified
23:10:04.929,277.683,0.3938,0.3753,0.3845,0.38,0.1733,NORMAL,0,0,Windows,unspecified
23:10:04.959,277.713,0.3737,0.3691,0.3714,0.3787,0.1733,NORMAL,0,0,Windows,unspecified
23:10:04.992,277.746,0.3737,0.3691,0.3714,0.3836,0.1733,NORMAL,0,0,Windows,unspecified
23:10:05.021,277.775,0.3737,0.3691,0.3714,0.3836,0.1733,NORMAL,0,0,Windows,unspecified
23:10:05.052,277.806,0.3737,0.3691,0.3714,0.3836,0.1733,NORMAL,0,0,Windows,unspecified
23:10:05.084,277.838,0.3719,0.3691,0.3705,0.3789,0.1733,NORMAL,0,0,Windows,unspecified
23:10:05.113,277.867,0.3719,0.3691,0.3705,0.3789,0.1733,NORMAL,0,0,Windows,unspecified
23:10:05.164,277.918,0.3719,0.357,0.3645,0.3789,0.1733,NORMAL,0,0,Windows,unspecified
23:10:05.193,277.947,0.3719,0.357,0.3645,0.3827,0.1733,NORMAL,0,0,Windows,unspecified
23:10:05.230,277.984,0.3719,0.357,0.3645,0.3827,0.1733,NORMAL,0,0,Windows,unspecified
23:10:05.254,278.008,0.3719,0.357,0.3645,0.3827,0.1733,NORMAL,0,0,Windows,unspecified
23:10:05.291,278.045,0.3813,0.357,0.3691,0.3813,0.1733,NORMAL,0,0,Windows,unspecified
23:10:05.318,278.072,0.3792,0.3629,0.371,0.3813,0.1733,NORMAL,0,0,Windows,unspecified
23:10:05.357,278.111,0.3792,0.3629,0.371,0.3765,0.1733,NORMAL,0,0,Windows,unspecified
23:10:05.380,278.134,0.3792,0.3629,0.371,0.3765,0.1733,NORMAL,0,0,Windows,unspecified
23:10:05.421,278.175,0.3792,0.3753,0.3772,0.3743,0.1733,NORMAL,0,0,Windows,unspecified
23:10:05.442,278.196,0.3823,0.3753,0.3788,0.3743,0.1733,NORMAL,0,0,Windows,unspecified
23:10:05.482,278.236,0.3823,0.3753,0.3788,0.3743,0.1733,NORMAL,0,0,Windows,unspecified
23:10:05.505,278.259,0.3792,0.3753,0.3772,0.3743,0.1733,NORMAL,0,0,Windows,unspecified
23:10:05.567,278.321,0.3792,0.3629,0.371,0.3743,0.1733,NORMAL,0,0,Windows,unspecified
23:10:05.600,278.354,0.3811,0.3629,0.372,0.3765,0.1733,NORMAL,0,0,Windows,unspecified
23:10:05.631,278.385,0.3716,0.3659,0.3688,0.3778,0.1733,NORMAL,0,0,Windows,unspecified
23:10:05.661,278.415,0.3716,0.3659,0.3688,0.3765,0.1733,NORMAL,0,0,Windows,unspecified
23:10:05.696,278.45,0.3716,0.3659,0.3688,0.3765,0.1733,NORMAL,0,0,Windows,unspecified
23:10:05.725,278.479,0.3737,0.357,0.3653,0.3827,0.1733,NORMAL,0,0,Windows,unspecified
23:10:05.759,278.513,0.3861,0.3795,0.3828,0.3848,0.1733,NORMAL,0,0,Windows,unspecified
23:10:05.789,278.543,0.3861,0.3838,0.3849,0.3834,0.1733,NORMAL,0,0,Windows,unspecified
23:10:05.822,278.576,0.3861,0.3838,0.3849,0.381,0.1733,NORMAL,0,0,Windows,unspecified
23:10:05.851,278.605,0.3861,0.3838,0.3849,0.375,0.1733,NORMAL,0,0,Windows,unspecified
23:10:05.901,278.655,0.3861,0.381,0.3835,0.381,0.1733,NORMAL,0,0,Windows,unspecified
23:10:05.929,278.683,0.3861,0.381,0.3835,0.381,0.1733,NORMAL,0,0,Windows,unspecified
23:10:05.967,278.721,0.3861,0.381,0.3835,0.381,0.1733,NORMAL,0,0,Windows,unspecified
23:10:05.991,278.745,0.3861,0.381,0.3835,0.381,0.1733,NORMAL,0,0,Windows,unspecified
23:10:06.029,278.783,0.3861,0.381,0.3835,0.374,0.1733,NORMAL,0,0,Windows,unspecified
23:10:06.053,278.807,0.3861,0.3905,0.3883,0.38,0.1733,NORMAL,0,0,Windows,unspecified
23:10:06.091,278.845,0.3861,0.3889,0.3875,0.3839,0.1733,NORMAL,0,0,Windows,unspecified
23:10:06.116,278.87,0.3737,0.3889,0.3813,0.3839,0.1733,NORMAL,0,0,Windows,unspecified
23:10:06.156,278.91,0.3861,0.3905,0.3883,0.3799,0.1733,NORMAL,0,0,Windows,unspecified
23:10:06.196,278.95,0.3861,0.3905,0.3883,0.3799,0.1733,NORMAL,0,0,Windows,unspecified
23:10:06.227,278.981,0.3861,0.3905,0.3883,0.3799,0.1733,NORMAL,0,0,Windows,unspecified
23:10:06.257,279.011,0.3861,0.3905,0.3883,0.3799,0.1733,NORMAL,0,0,Windows,unspecified
23:10:06.302,279.056,0.3861,0.3905,0.3883,0.3786,0.1733,NORMAL,0,0,Windows,unspecified
23:10:06.333,279.087,0.3861,0.3905,0.3883,0.3834,0.1733,NORMAL,0,0,Windows,unspecified
23:10:06.365,279.118,0.3861,0.3905,0.3883,0.3787,0.1667,NORMAL,0,0,Windows,unspecified
23:10:06.399,279.153,0.3861,0.3905,0.3883,0.3822,0.16,NORMAL,0,0,Windows,unspecified
23:10:06.425,279.179,0.3861,0.3783,0.3822,0.381,0.1533,NORMAL,0,0,Windows,unspecified
23:10:06.460,279.214,0.3861,0.3753,0.3807,0.381,0.1467,NORMAL,0,0,Windows,unspecified
23:10:06.492,279.246,0.3959,0.3753,0.3856,0.3822,0.14,NORMAL,0,0,Windows,unspecified
23:10:06.525,279.279,0.3959,0.3753,0.3856,0.3884,0.1333,NORMAL,0,0,Windows,unspecified
23:10:06.557,279.311,0.3967,0.3753,0.386,0.3822,0.1267,NORMAL,0,0,Windows,unspecified
23:10:06.587,279.341,0.3842,0.3783,0.3813,0.3822,0.12,NORMAL,0,0,Windows,unspecified
23:10:06.621,279.374,0.3699,0.3783,0.3741,0.3909,0.1133,NORMAL,0,0,Windows,unspecified
23:10:06.648,279.402,0.3719,0.3719,0.3719,0.3884,0.1067,NORMAL,0,0,Windows,unspecified
23:10:06.703,279.457,0.3861,0.381,0.3835,0.3822,0.1,NORMAL,0,0,Windows,unspecified
23:10:06.725,279.479,0.3938,0.3877,0.3907,0.3838,0.0933,NORMAL,0,0,Windows,unspecified
23:10:06.764,279.518,0.3861,0.3689,0.3775,0.3827,0.0867,NORMAL,0,0,Windows,unspecified
23:10:06.787,279.541,0.3737,0.357,0.3653,0.3789,0.08,NORMAL,0,0,Windows,unspecified
23:10:06.829,279.583,0.3737,0.357,0.3653,0.3876,0.0733,NORMAL,0,0,Windows,unspecified
23:10:06.851,279.605,0.3854,0.3661,0.3757,0.386,0.0667,NORMAL,0,0,Windows,unspecified
23:10:06.892,279.646,0.384,0.3661,0.375,0.3839,0.06,NORMAL,0,0,Windows,unspecified
23:10:06.914,279.668,0.3861,0.357,0.3715,0.3814,0.0533,NORMAL,0,0,Windows,unspecified
23:10:06.957,279.711,0.3737,0.357,0.3653,0.3754,0.0467,NORMAL,0,0,Windows,unspecified
23:10:06.994,279.748,0.3737,0.3629,0.3683,0.3836,0.04,NORMAL,0,0,Windows,unspecified
23:10:07.025,279.779,0.3737,0.3629,0.3683,0.3776,0.0333,NORMAL,0,0,Windows,unspecified
23:10:07.055,279.809,0.3706,0.3629,0.3667,0.3822,0.0267,NORMAL,0,0,Windows,unspecified
23:10:07.098,279.852,0.3706,0.3659,0.3682,0.38,0.02,NORMAL,0,0,Windows,unspecified
23:10:07.133,279.887,0.3959,0.3659,0.3809,0.3776,0.0133,NORMAL,0,0,Windows,unspecified
23:10:07.160,279.914,0.3664,0.3523,0.3594,0.3765,0.0067,NORMAL,0,0,Windows,unspecified
23:10:07.195,279.949,0.3685,0.3659,0.3672,0.379,0.0,NORMAL,0,0,Windows,unspecified
23:10:07.229,279.983,0.3683,0.3753,0.3718,0.3863,0.0,NORMAL,0,0,Windows,unspecified
23:10:07.259,280.013,0.3685,0.3637,0.3661,0.3824,0.0,NORMAL,0,0,Windows,unspecified
23:10:07.292,280.046,0.3556,0.3381,0.3469,0.3824,0.0,NORMAL,0,0,Windows,unspecified
23:10:07.322,280.076,0.3699,0.3505,0.3602,0.3824,0.0,NORMAL,0,0,Windows,unspecified
23:10:07.370,280.124,0.3649,0.3517,0.3583,0.3824,0.0,NORMAL,0,0,Windows,unspecified
23:10:07.399,280.153,0.3649,0.3629,0.3639,0.376,0.0,NORMAL,0,0,Windows,unspecified
23:10:07.431,280.185,0.3803,0.3629,0.3716,0.3785,0.0,NORMAL,0,0,Windows,unspecified
23:10:07.463,280.217,0.3673,0.3629,0.3651,0.38,0.0,NORMAL,0,0,Windows,unspecified
23:10:07.500,280.254,0.369,0.3753,0.3721,0.3888,0.0,NORMAL,0,0,Windows,unspecified
23:10:07.527,280.281,0.3673,0.3895,0.3784,0.3824,0.0,NORMAL,0,0,Windows,unspecified
23:10:07.564,280.318,0.369,0.3481,0.3585,0.3824,0.0,NORMAL,0,0,Windows,unspecified
23:10:07.589,280.343,0.3666,0.3629,0.3647,0.3824,0.0,NORMAL,0,0,Windows,unspecified
23:10:07.629,280.383,0.355,0.3572,0.3561,0.3862,0.0,NORMAL,0,0,Windows,unspecified
23:10:07.653,280.407,0.3917,0.3767,0.3842,0.3779,0.0,NORMAL,0,0,Windows,unspecified
23:10:07.693,280.447,0.3548,0.3515,0.3531,0.3785,0.0,NORMAL,0,0,Windows,unspecified
23:10:07.730,280.484,0.3704,0.3585,0.3645,0.3849,0.0,NORMAL,0,0,Windows,unspecified
23:10:07.764,280.518,0.363,0.3629,0.3629,0.3858,0.0,NORMAL,0,0,Windows,unspecified
23:10:07.798,280.552,0.3789,0.3852,0.3821,0.3838,0.0,NORMAL,0,0,Windows,unspecified
23:10:07.826,280.58,0.3671,0.3572,0.3621,0.3838,0.0,NORMAL,0,0,Windows,unspecified
23:10:07.858,280.612,0.3912,0.3502,0.3707,0.3899,0.0,NORMAL,0,0,Windows,unspecified
23:10:07.901,280.655,0.3774,0.3543,0.3658,0.386,0.0,NORMAL,0,0,Windows,unspecified
23:10:07.935,280.689,0.3789,0.3443,0.3616,0.386,0.0,NORMAL,0,0,Windows,unspecified
23:10:07.966,280.72,0.381,0.3572,0.3691,0.3891,0.0,NORMAL,0,0,Windows,unspecified
23:10:07.998,280.752,0.3576,0.3569,0.3572,0.373,0.0,NORMAL,0,0,Windows,unspecified
23:10:08.029,280.783,0.383,0.3518,0.3674,0.3911,0.0,NORMAL,0,0,Windows,unspecified
23:10:08.075,280.829,0.3576,0.3673,0.3624,0.3846,0.0,NORMAL,0,0,Windows,unspecified
23:10:08.122,280.876,0.3549,0.3518,0.3534,0.3851,0.0,NORMAL,0,0,Windows,unspecified
23:10:08.153,280.907,0.3683,0.3534,0.3609,0.3834,0.0,NORMAL,0,0,Windows,unspecified
23:10:08.184,280.938,0.3636,0.3559,0.3598,0.3825,0.0,NORMAL,0,0,Windows,unspecified
23:10:08.214,280.968,0.3622,0.3543,0.3583,0.3909,0.0,NORMAL,0,0,Windows,unspecified
23:10:08.246,281.0,0.3609,0.3534,0.3572,0.3865,0.0,NORMAL,0,0,Windows,unspecified
23:10:08.277,281.031,0.3901,0.3641,0.3771,0.3851,0.0,NORMAL,0,0,Windows,unspecified
23:10:08.309,281.063,0.3622,0.3509,0.3566,0.3877,0.0,NORMAL,0,0,Windows,unspecified
23:10:08.338,281.092,0.3609,0.3404,0.3507,0.3931,0.0,NORMAL,0,0,Windows,unspecified
23:10:08.370,281.124,0.3607,0.363,0.3619,0.3944,0.0,NORMAL,0,0,Windows,unspecified
23:10:08.400,281.154,0.3741,0.363,0.3685,0.3882,0.0,NORMAL,0,0,Windows,unspecified
23:10:08.435,281.189,0.362,0.3534,0.3577,0.3877,0.0,NORMAL,0,0,Windows,unspecified
23:10:08.464,281.218,0.3649,0.356,0.3605,0.3877,0.0,NORMAL,0,0,Windows,unspecified
23:10:08.496,281.25,0.3609,0.3573,0.3591,0.3944,0.0,NORMAL,0,0,Windows,unspecified
23:10:08.528,281.282,0.3901,0.3666,0.3784,0.3918,0.0,NORMAL,0,0,Windows,unspecified
23:10:08.558,281.312,0.3594,0.3548,0.3571,0.387,0.0,NORMAL,0,0,Windows,unspecified
23:10:08.589,281.343,0.3622,0.3509,0.3566,0.387,0.0,NORMAL,0,0,Windows,unspecified
23:10:08.622,281.376,0.3609,0.3469,0.3539,0.3912,0.0,NORMAL,0,0,Windows,unspecified
23:10:08.653,281.407,0.3609,0.3603,0.3606,0.3878,0.0,NORMAL,0,0,Windows,unspecified
23:10:08.703,281.457,0.3622,0.3453,0.3538,0.3874,0.0,NORMAL,0,0,Windows,unspecified
23:10:08.732,281.486,0.3622,0.3619,0.3621,0.3858,0.0,NORMAL,0,0,Windows,unspecified
23:10:08.766,281.52,0.3622,0.3603,0.3613,0.3768,0.0,NORMAL,0,0,Windows,unspecified
23:10:08.791,281.545,0.3622,0.3467,0.3545,0.3783,0.0,NORMAL,0,0,Windows,unspecified
23:10:08.830,281.584,0.0684,0.0786,0.0735,0.3773,0.0067,NORMAL,1,0,Windows,unspecified
23:10:08.854,281.608,0.0263,0.0467,0.0365,0.3838,0.0133,NORMAL,2,0,Windows,unspecified
23:10:08.894,281.648,0.0914,0.0889,0.0902,0.3886,0.02,NORMAL,3,0,Windows,unspecified
23:10:08.919,281.673,0.1114,0.1113,0.1114,0.3951,0.0267,NORMAL,4,0,Windows,unspecified
23:10:08.954,281.708,0.186,0.1751,0.1805,0.3889,0.0333,NORMAL,5,0,Windows,unspecified
23:10:08.979,281.733,0.2141,0.2072,0.2107,0.3811,0.04,NORMAL,6,0,Windows,unspecified
23:10:09.017,281.771,0.2498,0.2479,0.2488,0.3912,0.0467,NORMAL,7,0,Windows,unspecified
23:10:09.041,281.795,0.2789,0.2594,0.2691,0.3912,0.0533,NORMAL,8,0,Windows,unspecified
23:10:09.102,281.856,0.3132,0.3122,0.3127,0.3906,0.0533,NORMAL,0,0,Windows,unspecified
23:10:09.134,281.888,0.3226,0.3162,0.3194,0.3837,0.0533,NORMAL,0,0,Windows,unspecified
23:10:09.166,281.92,0.3122,0.3162,0.3142,0.3797,0.0533,NORMAL,0,0,Windows,unspecified
23:10:09.197,281.951,0.341,0.3302,0.3356,0.3841,0.0533,NORMAL,0,0,Windows,unspecified
23:10:09.229,281.983,0.3363,0.3441,0.3402,0.3823,0.0533,NORMAL,0,0,Windows,unspecified
23:10:09.261,282.015,0.341,0.3302,0.3356,0.3771,0.0533,NORMAL,0,0,Windows,unspecified
23:10:09.291,282.045,0.341,0.347,0.344,0.3867,0.0533,NORMAL,0,0,Windows,unspecified
23:10:09.324,282.078,0.341,0.3194,0.3302,0.3844,0.0533,NORMAL,0,0,Windows,unspecified
23:10:09.358,282.112,0.354,0.3076,0.3308,0.3844,0.0533,NORMAL,0,0,Windows,unspecified
23:10:09.386,282.14,0.3442,0.3441,0.3441,0.3893,0.0533,NORMAL,0,0,Windows,unspecified
23:10:09.421,282.175,0.341,0.3194,0.3302,0.393,0.0533,NORMAL,0,0,Windows,unspecified
23:10:09.448,282.202,0.3363,0.3452,0.3408,0.3933,0.0533,NORMAL,0,0,Windows,unspecified
23:10:09.497,282.251,0.3512,0.3441,0.3476,0.3884,0.0533,NORMAL,0,0,Windows,unspecified
23:10:09.527,282.281,0.3397,0.3411,0.3404,0.3858,0.0533,NORMAL,0,0,Windows,unspecified
23:10:09.562,282.316,0.3493,0.3552,0.3522,0.3813,0.0533,NORMAL,0,0,Windows,unspecified
23:10:09.588,282.342,0.3354,0.3424,0.3389,0.3813,0.0533,NORMAL,0,0,Windows,unspecified
23:10:09.631,282.385,0.341,0.3465,0.3437,0.3882,0.0533,NORMAL,0,0,Windows,unspecified
23:10:09.666,282.42,0.341,0.3452,0.3431,0.3854,0.0533,NORMAL,0,0,Windows,unspecified
23:10:09.698,282.452,0.3262,0.3186,0.3224,0.3788,0.0533,NORMAL,0,0,Windows,unspecified
23:10:09.728,282.482,0.3363,0.3327,0.3345,0.3843,0.0533,NORMAL,0,0,Windows,unspecified
23:10:09.759,282.513,0.3512,0.3424,0.3468,0.3838,0.0533,NORMAL,0,0,Windows,unspecified
23:10:09.792,282.546,0.3493,0.3552,0.3522,0.3867,0.0533,NORMAL,0,0,Windows,unspecified
23:10:09.821,282.575,0.3493,0.3442,0.3467,0.3813,0.0533,NORMAL,0,0,Windows,unspecified
23:10:09.853,282.607,0.3363,0.3298,0.3331,0.3826,0.0533,NORMAL,0,0,Windows,unspecified
23:10:09.901,282.655,0.3442,0.3441,0.3441,0.3813,0.0533,NORMAL,0,0,Windows,unspecified
23:10:09.931,282.685,0.3512,0.3302,0.3407,0.3771,0.0533,NORMAL,0,0,Windows,unspecified
23:10:09.965,282.719,0.3531,0.3381,0.3456,0.3853,0.0533,NORMAL,0,0,Windows,unspecified
23:10:09.996,282.75,0.3675,0.3599,0.3637,0.3757,0.0533,NORMAL,0,0,Windows,unspecified
23:10:10.030,282.784,0.348,0.3194,0.3337,0.3706,0.0533,NORMAL,0,0,Windows,unspecified
23:10:10.058,282.812,0.3413,0.3499,0.3456,0.373,0.0533,NORMAL,0,0,Windows,unspecified
23:10:10.094,282.848,0.3397,0.3511,0.3454,0.3774,0.0533,NORMAL,0,0,Windows,unspecified
23:10:10.119,282.873,0.3381,0.3362,0.3371,0.373,0.0533,NORMAL,0,0,Windows,unspecified
23:10:10.157,282.911,0.348,0.3511,0.3496,0.3803,0.0533,NORMAL,0,0,Windows,unspecified
23:10:10.181,282.935,0.3645,0.347,0.3557,0.3771,0.0533,NORMAL,0,0,Windows,unspecified
23:10:10.218,282.972,0.3793,0.3482,0.3638,0.3801,0.0533,NORMAL,0,0,Windows,unspecified
23:10:10.244,282.998,0.3627,0.357,0.3598,0.3853,0.0533,NORMAL,0,0,Windows,unspecified
23:10:10.300,283.054,0.3397,0.3622,0.351,0.3799,0.0533,NORMAL,0,0,Windows,unspecified
23:10:10.322,283.076,0.3573,0.347,0.3521,0.3776,0.0533,NORMAL,0,0,Windows,unspecified
23:10:10.361,283.115,0.3429,0.347,0.3449,0.3811,0.0533,NORMAL,0,0,Windows,unspecified
23:10:10.384,283.138,0.3429,0.3622,0.3526,0.3811,0.0533,NORMAL,0,0,Windows,unspecified
23:10:10.426,283.18,0.3522,0.3482,0.3502,0.3826,0.0533,NORMAL,0,0,Windows,unspecified
23:10:10.447,283.201,0.3524,0.3482,0.3503,0.3748,0.0533,NORMAL,0,0,Windows,unspecified
23:10:10.493,283.247,0.3497,0.3599,0.3548,0.3706,0.0533,NORMAL,0,0,Windows,unspecified
23:10:10.527,283.281,0.3524,0.3472,0.3498,0.3762,0.0533,NORMAL,0,0,Windows,unspecified
23:10:10.558,283.312,0.3429,0.3624,0.3526,0.3825,0.0533,NORMAL,0,0,Windows,unspecified
23:10:10.588,283.342,0.3535,0.3613,0.3574,0.3804,0.0533,NORMAL,0,0,Windows,unspecified
23:10:10.620,283.374,0.357,0.3609,0.359,0.3707,0.0533,NORMAL,0,0,Windows,unspecified
23:10:10.650,283.404,0.3429,0.3583,0.3506,0.3748,0.0533,NORMAL,0,0,Windows,unspecified
23:10:10.701,283.455,0.3645,0.3583,0.3614,0.3706,0.0533,NORMAL,0,0,Windows,unspecified
23:10:10.730,283.484,0.3645,0.3472,0.3558,0.3707,0.0533,NORMAL,0,0,Windows,unspecified
23:10:10.766,283.52,0.3706,0.3442,0.3574,0.3774,0.0533,NORMAL,0,0,Windows,unspecified
23:10:10.791,283.545,0.3688,0.3482,0.3585,0.3853,0.0533,NORMAL,0,0,Windows,unspecified
23:10:10.829,283.583,0.3544,0.3441,0.3492,0.3853,0.0533,NORMAL,0,0,Windows,unspecified
23:10:10.853,283.607,0.3544,0.347,0.3507,0.3853,0.0533,NORMAL,0,0,Windows,unspecified
23:10:10.891,283.645,0.366,0.3472,0.3566,0.3776,0.0533,NORMAL,0,0,Windows,unspecified
23:10:10.917,283.671,0.3788,0.3583,0.3685,0.3706,0.0533,NORMAL,0,0,Windows,unspecified
23:10:10.954,283.708,0.3619,0.3583,0.3601,0.3706,0.0533,NORMAL,0,0,Windows,unspecified
23:10:10.981,283.735,0.3619,0.3583,0.3601,0.3706,0.0533,NORMAL,0,0,Windows,unspecified
23:10:11.021,283.775,0.3771,0.3583,0.3677,0.3706,0.0533,NORMAL,0,0,Windows,unspecified
23:10:11.044,283.798,0.366,0.3442,0.3551,0.3706,0.0533,NORMAL,0,0,Windows,unspecified
23:10:11.102,283.856,0.3497,0.3583,0.354,0.3895,0.0533,NORMAL,0,0,Windows,unspecified
23:10:11.138,283.892,0.3645,0.3713,0.3679,0.384,0.0533,NORMAL,0,0,Windows,unspecified
23:10:11.168,283.922,0.3713,0.3755,0.3734,0.3883,0.0533,NORMAL,0,0,Windows,unspecified
23:10:11.201,283.954,0.354,0.3741,0.364,0.384,0.0533,NORMAL,0,0,Windows,unspecified
23:10:11.230,283.984,0.354,0.3741,0.3641,0.3819,0.0533,NORMAL,0,0,Windows,unspecified
23:10:11.263,284.017,0.3684,0.3599,0.3642,0.3771,0.0533,NORMAL,0,0,Windows,unspecified
23:10:11.295,284.049,0.354,0.3442,0.3491,0.3723,0.0533,NORMAL,0,0,Windows,unspecified
23:10:11.328,284.082,0.354,0.3314,0.3427,0.3762,0.0533,NORMAL,0,0,Windows,unspecified
23:10:11.359,284.113,0.354,0.3499,0.3519,0.3801,0.0533,NORMAL,0,0,Windows,unspecified
23:10:11.390,284.144,0.354,0.3599,0.357,0.3801,0.0533,NORMAL,0,0,Windows,unspecified
23:10:11.420,284.174,0.3397,0.3482,0.3439,0.3814,0.0533,NORMAL,0,0,Windows,unspecified
23:10:11.451,284.205,0.354,0.347,0.3505,0.3748,0.0533,NORMAL,0,0,Windows,unspecified
23:10:11.502,284.255,0.354,0.347,0.3505,0.3846,0.0533,NORMAL,0,0,Windows,unspecified
23:10:11.529,284.283,0.3524,0.3482,0.3503,0.3869,0.0533,NORMAL,0,0,Windows,unspecified
23:10:11.564,284.318,0.3723,0.3636,0.368,0.383,0.0533,NORMAL,0,0,Windows,unspecified
23:10:11.595,284.349,0.3667,0.3673,0.367,0.3815,0.0533,NORMAL,0,0,Windows,unspecified
23:10:11.629,284.383,0.3696,0.3636,0.3666,0.3846,0.0533,NORMAL,0,0,Windows,unspecified
23:10:11.658,284.412,0.3583,0.3609,0.3596,0.3803,0.0533,NORMAL,0,0,Windows,unspecified
23:10:11.691,284.445,0.3723,0.3609,0.3666,0.3801,0.0533,NORMAL,0,0,Windows,unspecified
23:10:11.720,284.474,0.3723,0.347,0.3597,0.3801,0.0533,NORMAL,0,0,Windows,unspecified
23:10:11.759,284.513,0.3696,0.3636,0.3666,0.3801,0.0533,NORMAL,0,0,Windows,unspecified
23:10:11.785,284.539,0.3594,0.3636,0.3615,0.3844,0.0533,NORMAL,0,0,Windows,unspecified
23:10:11.821,284.575,0.3563,0.3609,0.3586,0.3853,0.0533,NORMAL,0,0,Windows,unspecified
23:10:11.844,284.598,0.3563,0.3741,0.3652,0.3828,0.0533,NORMAL,0,0,Windows,unspecified
23:10:11.901,284.655,0.3723,0.3741,0.3732,0.3827,0.0533,NORMAL,0,0,Windows,unspecified
23:10:11.924,284.678,0.3583,0.3636,0.3609,0.3768,0.0533,NORMAL,0,0,Windows,unspecified
23:10:11.967,284.721,0.3723,0.3757,0.374,0.3717,0.0533,NORMAL,0,0,Windows,unspecified
23:10:11.988,284.742,0.3864,0.3757,0.3811,0.3772,0.0533,NORMAL,0,0,Windows,unspecified
23:10:12.028,284.782,0.3902,0.3676,0.3789,0.379,0.0533,NORMAL,0,0,Windows,unspecified
23:10:12.050,284.804,0.3602,0.3538,0.357,0.3698,0.0533,NORMAL,0,0,Windows,unspecified
23:10:12.092,284.846,0.3602,0.3657,0.3629,0.3664,0.0533,NORMAL,0,0,Windows,unspecified
23:10:12.114,284.868,0.362,0.3794,0.3707,0.3731,0.0533,NORMAL,0,0,Windows,unspecified
23:10:12.157,284.911,0.3744,0.3676,0.371,0.3754,0.0533,NORMAL,0,0,Windows,unspecified
23:10:12.192,284.945,0.3703,0.3676,0.369,0.3754,0.0533,NORMAL,0,0,Windows,unspecified
23:10:12.224,284.978,0.3602,0.3538,0.357,0.3729,0.0533,NORMAL,0,0,Windows,unspecified
23:10:12.255,285.009,0.3703,0.348,0.3592,0.3731,0.0533,NORMAL,0,0,Windows,unspecified
23:10:12.302,285.056,0.3676,0.3538,0.3607,0.3731,0.0533,NORMAL,0,0,Windows,unspecified
23:10:12.334,285.088,0.3602,0.3578,0.359,0.3731,0.0533,NORMAL,0,0,Windows,unspecified
23:10:12.364,285.118,0.3703,0.3538,0.3621,0.3745,0.0533,NORMAL,0,0,Windows,unspecified
23:10:12.396,285.15,0.3703,0.3538,0.3621,0.3745,0.0533,NORMAL,0,0,Windows,unspecified
23:10:12.429,285.183,0.3703,0.3578,0.3641,0.3758,0.0533,NORMAL,0,0,Windows,unspecified
23:10:12.459,285.213,0.3676,0.3578,0.3627,0.3816,0.0533,NORMAL,0,0,Windows,unspecified
23:10:12.490,285.244,0.3676,0.3578,0.3627,0.3816,0.0533,NORMAL,0,0,Windows,unspecified
23:10:12.520,285.274,0.3676,0.3578,0.3627,0.3816,0.0533,NORMAL,0,0,Windows,unspecified
23:10:12.557,285.311,0.3676,0.3538,0.3607,0.3816,0.0533,NORMAL,0,0,Windows,unspecified
23:10:12.582,285.336,0.3676,0.3551,0.3614,0.3788,0.0533,NORMAL,0,0,Windows,unspecified
23:10:12.621,285.375,0.3843,0.3576,0.3709,0.3774,0.0533,NORMAL,0,0,Windows,unspecified
23:10:12.645,285.399,0.3857,0.3611,0.3734,0.3751,0.0533,NORMAL,0,0,Windows,unspecified
23:10:12.703,285.457,0.3738,0.3611,0.3675,0.3754,0.0533,NORMAL,0,0,Windows,unspecified
23:10:12.738,285.492,0.3738,0.3712,0.3725,0.3754,0.0533,NORMAL,0,0,Windows,unspecified
23:10:12.768,285.522,0.3843,0.3576,0.3709,0.3787,0.0533,NORMAL,0,0,Windows,unspecified
23:10:12.800,285.554,0.3711,0.3611,0.3661,0.3774,0.0533,NORMAL,0,0,Windows,unspecified
23:10:12.831,285.584,0.3711,0.3576,0.3643,0.3731,0.0533,NORMAL,0,0,Windows,unspecified
23:10:12.861,285.615,0.3789,0.3649,0.3719,0.3829,0.0533,NORMAL,0,0,Windows,unspecified
23:10:12.889,285.643,0.3843,0.3686,0.3765,0.38,0.0533,NORMAL,0,0,Windows,unspecified
23:10:12.921,285.675,0.3816,0.3676,0.3746,0.3838,0.0533,NORMAL,0,0,Windows,unspecified
23:10:12.958,285.712,0.3816,0.3576,0.3696,0.3792,0.0533,NORMAL,0,0,Windows,unspecified
23:10:12.986,285.74,0.3575,0.3576,0.3575,0.3772,0.0533,NORMAL,0,0,Windows,unspecified
23:10:13.020,285.774,0.3711,0.3588,0.365,0.3817,0.0533,NORMAL,0,0,Windows,unspecified
23:10:13.050,285.803,0.3575,0.3588,0.3581,0.3784,0.0533,NORMAL,0,0,Windows,unspecified
23:10:13.099,285.853,0.3594,0.3463,0.3528,0.3772,0.0533,NORMAL,0,0,Windows,unspecified
23:10:13.142,285.896,0.3816,0.3454,0.3635,0.3839,0.0533,NORMAL,0,0,Windows,unspecified
23:10:13.174,285.928,0.3816,0.3597,0.3707,0.3801,0.0533,NORMAL,0,0,Windows,unspecified
23:10:13.204,285.958,0.3654,0.3501,0.3577,0.3801,0.0533,NORMAL,0,0,Windows,unspecified
23:10:13.236,285.99,0.3526,0.3492,0.3509,0.3795,0.0533,NORMAL,0,0,Windows,unspecified
23:10:13.267,286.021,0.3526,0.3585,0.3555,0.3806,0.0533,NORMAL,0,0,Windows,unspecified
23:10:13.299,286.053,0.3433,0.3588,0.351,0.3795,0.0533,NORMAL,0,0,Windows,unspecified
23:10:13.330,286.084,0.3685,0.3719,0.3702,0.3747,0.0533,NORMAL,0,0,Windows,unspecified
23:10:13.361,286.115,0.3573,0.3454,0.3513,0.3764,0.0533,NORMAL,0,0,Windows,unspecified
23:10:13.394,286.148,0.3452,0.3624,0.3538,0.3672,0.0533,NORMAL,0,0,Windows,unspecified
23:10:13.425,286.179,0.3469,0.362,0.3544,0.3743,0.0533,NORMAL,0,0,Windows,unspecified
23:10:13.459,286.213,0.3731,0.3585,0.3658,0.3742,0.0533,NORMAL,0,0,Windows,unspecified
23:10:13.499,286.253,0.3731,0.3585,0.3658,0.367,0.0533,NORMAL,0,0,Windows,unspecified
23:10:13.534,286.288,0.3594,0.3537,0.3565,0.3745,0.0533,NORMAL,0,0,Windows,unspecified
23:10:13.567,286.321,0.3594,0.3549,0.3571,0.3764,0.0533,NORMAL,0,0,Windows,unspecified
23:10:13.596,286.35,0.3565,0.3549,0.3557,0.3787,0.0533,NORMAL,0,0,Windows,unspecified
23:10:13.629,286.383,0.3667,0.3527,0.3597,0.398,0.0533,NORMAL,0,0,Windows,unspecified
23:10:13.659,286.413,0.3594,0.3588,0.3591,0.398,0.0533,NORMAL,0,0,Windows,unspecified
23:10:13.693,286.447,0.3594,0.3549,0.3571,0.408,0.0533,NORMAL,0,0,Windows,unspecified
23:10:13.723,286.477,0.3696,0.3588,0.3642,0.4158,0.0533,NORMAL,0,0,Windows,unspecified
23:10:13.757,286.511,0.3575,0.3588,0.3581,0.4338,0.0533,NORMAL,0,0,Windows,unspecified
23:10:13.785,286.539,0.3526,0.3576,0.3551,0.4416,0.0533,NORMAL,0,0,Windows,unspecified
23:10:13.823,286.577,0.3505,0.3323,0.3414,0.4537,0.0467,NORMAL,0,0,Windows,unspecified
23:10:13.848,286.602,0.363,0.3576,0.3603,0.4706,0.04,NORMAL,0,0,Windows,unspecified
23:10:13.902,286.656,0.3547,0.3442,0.3494,0.4772,0.0333,NORMAL,0,0,Windows,unspecified
23:10:13.924,286.678,0.363,0.3312,0.3471,0.4818,0.0267,NORMAL,0,0,Windows,unspecified
23:10:13.965,286.719,0.363,0.3312,0.3471,0.4927,0.02,NORMAL,0,0,Windows,unspecified
23:10:13.988,286.742,0.3575,0.3312,0.3444,0.4884,0.0133,NORMAL,0,0,Windows,unspecified
23:10:14.030,286.784,0.3575,0.335,0.3463,0.4968,0.0067,NORMAL,0,0,Windows,unspecified
23:10:14.065,286.819,0.3531,0.3442,0.3486,0.517,0.0,NORMAL,0,0,Windows,unspecified
23:10:14.099,286.853,0.327,0.3537,0.3404,0.5168,0.0,NORMAL,0,0,Windows,unspecified
23:10:14.128,286.882,0.327,0.3242,0.3256,0.5146,0.0,NORMAL,0,0,Windows,unspecified
23:10:14.160,286.914,0.3345,0.3378,0.3361,0.5275,0.0,NORMAL,0,0,Windows,unspecified
23:10:14.191,286.945,0.3345,0.3378,0.3361,0.5225,0.0,NORMAL,0,0,Windows,unspecified
23:10:14.225,286.979,0.327,0.3404,0.3337,0.5197,0.0,NORMAL,0,0,Windows,unspecified
23:10:14.254,287.008,0.3391,0.3242,0.3317,0.533,0.0,NORMAL,0,0,Windows,unspecified
23:10:14.300,287.054,0.3575,0.3403,0.3489,0.5314,0.0,NORMAL,0,0,Windows,unspecified
23:10:14.332,287.086,0.3531,0.3286,0.3408,0.5293,0.0,NORMAL,0,0,Windows,unspecified
23:10:14.368,287.122,0.3575,0.3442,0.3508,0.5222,0.0,NORMAL,0,0,Windows,unspecified
23:10:14.394,287.148,0.3408,0.3442,0.3425,0.5226,0.0,NORMAL,0,0,Windows,unspecified
23:10:14.427,287.181,0.3575,0.3375,0.3475,0.5144,0.0,NORMAL,0,0,Windows,unspecified
23:10:14.456,287.21,0.3301,0.3156,0.3229,0.5011,0.0,NORMAL,0,0,Windows,unspecified
23:10:14.492,287.246,0.3575,0.3442,0.3508,0.4899,0.0,NORMAL,0,0,Windows,unspecified
23:10:14.519,287.273,0.3301,0.3442,0.3372,0.4899,0.0,NORMAL,0,0,Windows,unspecified
23:10:14.553,287.307,0.3437,0.3312,0.3374,0.4936,0.0,NORMAL,0,0,Windows,unspecified
23:10:14.581,287.335,0.3575,0.3312,0.3444,0.4995,0.0,NORMAL,0,0,Windows,unspecified
23:10:14.617,287.371,0.3437,0.3389,0.3413,0.495,0.0,NORMAL,0,0,Windows,unspecified
23:10:14.644,287.398,0.3575,0.3389,0.3482,0.5023,0.0,NORMAL,0,0,Windows,unspecified
23:10:14.700,287.454,0.3437,0.3404,0.342,0.5137,0.0,NORMAL,0,0,Windows,unspecified
23:10:14.723,287.477,0.3455,0.3404,0.3429,0.5057,0.0,NORMAL,0,0,Windows,unspecified
23:10:14.761,287.515,0.3455,0.3404,0.3429,0.5115,0.0,NORMAL,0,0,Windows,unspecified
23:10:14.786,287.54,0.3455,0.3404,0.3429,0.5115,0.0,NORMAL,0,0,Windows,unspecified
23:10:14.829,287.583,0.3594,0.3288,0.3441,0.506,0.0,NORMAL,0,0,Windows,unspecified
23:10:14.863,287.617,0.3594,0.3288,0.3441,0.5026,0.0,NORMAL,0,0,Windows,unspecified
23:10:14.895,287.649,0.3457,0.3288,0.3373,0.4942,0.0,NORMAL,0,0,Windows,unspecified
23:10:14.926,287.68,0.3457,0.3288,0.3373,0.4942,0.0,NORMAL,0,0,Windows,unspecified
23:10:14.957,287.711,0.3457,0.3156,0.3307,0.4825,0.0,NORMAL,0,0,Windows,unspecified
23:10:14.990,287.744,0.3594,0.3156,0.3375,0.4794,0.0,NORMAL,0,0,Windows,unspecified
23:10:15.017,287.771,0.3455,0.3156,0.3305,0.4794,0.0,NORMAL,0,0,Windows,unspecified
23:10:15.052,287.806,0.3594,0.331,0.3452,0.4757,0.0,NORMAL,0,0,Windows,unspecified
23:10:15.102,287.856,0.3594,0.3183,0.3388,0.4757,0.0,NORMAL,0,0,Windows,unspecified
23:10:15.131,287.885,0.3318,0.3313,0.3316,0.4697,0.0,NORMAL,0,0,Windows,unspecified
23:10:15.161,287.915,0.3318,0.3194,0.3256,0.4654,0.0,NORMAL,0,0,Windows,unspecified
23:10:15.194,287.948,0.3318,0.3166,0.3242,0.4686,0.0,NORMAL,0,0,Windows,unspecified
23:10:15.230,287.984,0.3318,0.3323,0.3321,0.4757,0.0,NORMAL,0,0,Windows,unspecified
23:10:15.256,288.01,0.3301,0.3281,0.3291,0.4713,0.0,NORMAL,0,0,Windows,unspecified
23:10:15.294,288.048,0.3318,0.3323,0.3321,0.4565,0.0,NORMAL,0,0,Windows,unspecified
23:10:15.334,288.088,0.3318,0.3323,0.3321,0.4639,0.0,NORMAL,0,0,Windows,unspecified
23:10:15.367,288.121,0.3457,0.3224,0.3341,0.4703,0.0,NORMAL,0,0,Windows,unspecified
23:10:15.394,288.148,0.3301,0.3312,0.3307,0.47,0.0,NORMAL,0,0,Windows,unspecified
23:10:15.428,288.181,0.3373,0.3234,0.3304,0.4808,0.0,NORMAL,0,0,Windows,unspecified
23:10:15.460,288.214,0.3455,0.3224,0.3339,0.4693,0.0,NORMAL,0,0,Windows,unspecified
23:10:15.501,288.255,0.3594,0.3179,0.3386,0.4658,0.0,NORMAL,0,0,Windows,unspecified
23:10:15.523,288.277,0.362,0.3312,0.3466,0.4777,0.0,NORMAL,0,0,Windows,unspecified
23:10:15.566,288.32,0.3484,0.3312,0.3398,0.4853,0.0,NORMAL,0,0,Windows,unspecified
23:10:15.602,288.356,0.3484,0.327,0.3377,0.4885,0.0,NORMAL,0,0,Windows,unspecified
23:10:15.635,288.389,0.2107,0.1526,0.1816,0.5087,0.0067,NORMAL,1,0,Windows,unspecified
23:10:15.664,288.418,0.1662,0.1309,0.1485,0.5254,0.0133,NORMAL,2,0,Windows,unspecified
23:10:15.696,288.45,0.1662,0.0948,0.1305,0.5384,0.02,NORMAL,3,0,Windows,unspecified
23:10:15.729,288.483,0.1529,0.1115,0.1322,0.537,0.0267,NORMAL,4,0,Windows,unspecified
23:10:15.775,288.529,0.1662,0.1349,0.1506,0.5612,0.0333,NORMAL,5,0,Windows,unspecified
23:10:15.809,288.563,0.185,0.139,0.162,0.5601,0.04,NORMAL,6,0,Windows,unspecified
23:10:15.840,288.594,0.2157,0.1571,0.1864,0.5686,0.0467,NORMAL,7,0,Windows,unspecified
23:10:15.870,288.624,0.2308,0.1571,0.1939,0.5688,0.0533,NORMAL,8,0,Windows,unspecified
23:10:15.902,288.656,0.2374,0.1989,0.2182,0.5658,0.06,NORMAL,9,0,Windows,unspecified
23:10:15.935,288.689,0.2512,0.2231,0.2372,0.5703,0.0667,WARNING,10,0,Windows,unspecified
23:10:15.966,288.72,0.2784,0.2476,0.263,0.5877,0.0733,WARNING,11,0,Windows,unspecified
23:10:15.996,288.75,0.3005,0.277,0.2888,0.573,0.08,WARNING,12,0,Windows,unspecified
23:10:16.028,288.782,0.3125,0.2894,0.3009,0.573,0.0867,WARNING,13,0,Windows,unspecified
23:10:16.061,288.815,0.3257,0.301,0.3133,0.5676,0.0867,NORMAL,0,0,Windows,unspecified
23:10:16.094,288.848,0.3241,0.301,0.3125,0.5686,0.0867,NORMAL,0,0,Windows,unspecified
23:10:16.124,288.878,0.3373,0.301,0.3192,0.5631,0.0867,NORMAL,0,0,Windows,unspecified
23:10:16.154,288.908,0.3348,0.2892,0.312,0.5438,0.0867,NORMAL,0,0,Windows,unspecified
23:10:16.184,288.938,0.3426,0.2892,0.3159,0.5364,0.0867,NORMAL,0,0,Windows,unspecified
23:10:16.220,288.974,0.3451,0.2892,0.3172,0.5275,0.0867,NORMAL,0,0,Windows,unspecified
23:10:16.249,289.003,0.3414,0.2969,0.3192,0.5332,0.0867,NORMAL,0,0,Windows,unspecified
23:10:16.303,289.057,0.3414,0.2892,0.3153,0.5297,0.0867,NORMAL,0,0,Windows,unspecified
23:10:16.328,289.082,0.3414,0.2932,0.3173,0.5349,0.0867,NORMAL,0,0,Windows,unspecified
23:10:16.365,289.119,0.3414,0.3054,0.3234,0.5268,0.0867,NORMAL,0,0,Windows,unspecified
23:10:16.391,289.145,0.343,0.3054,0.3242,0.5192,0.0867,NORMAL,0,0,Windows,unspecified
23:10:16.429,289.183,0.343,0.3187,0.3308,0.5146,0.0867,NORMAL,0,0,Windows,unspecified
23:10:16.451,289.205,0.33,0.315,0.3225,0.5057,0.0867,NORMAL,0,0,Windows,unspecified
23:10:16.494,289.247,0.33,0.3019,0.3159,0.498,0.0867,NORMAL,0,0,Windows,unspecified
23:10:16.531,289.285,0.3322,0.2892,0.3107,0.4939,0.0867,NORMAL,0,0,Windows,unspecified
23:10:16.562,289.316,0.3254,0.2969,0.3112,0.4827,0.0867,NORMAL,0,0,Windows,unspecified
23:10:16.594,289.348,0.3373,0.2892,0.3133,0.4865,0.0867,NORMAL,0,0,Windows,unspecified
23:10:16.624,289.378,0.3212,0.2796,0.3004,0.4824,0.0933,NORMAL,1,0,Windows,unspecified
23:10:16.656,289.41,0.3094,0.2791,0.2942,0.4714,0.1,NORMAL,2,0,Windows,unspecified
23:10:16.700,289.454,0.2512,0.1852,0.2182,0.4504,0.1067,NORMAL,3,0,Windows,unspecified
23:10:16.736,289.49,0.2383,0.1614,0.1999,0.4386,0.1133,NORMAL,4,0,Windows,unspecified
23:10:16.762,289.516,0.2496,0.1621,0.2058,0.4172,0.12,NORMAL,5,0,Windows,unspecified
23:10:16.798,289.551,0.2452,0.1855,0.2154,0.409,0.1267,NORMAL,6,0,Windows,unspecified
23:10:16.829,289.583,0.2496,0.1855,0.2175,0.4046,0.1333,NORMAL,7,0,Windows,unspecified
23:10:16.858,289.612,0.2771,0.191,0.234,0.4025,0.14,NORMAL,8,0,Windows,unspecified
23:10:16.891,289.645,0.2617,0.2108,0.2363,0.4039,0.1467,NORMAL,9,0,Windows,unspecified
23:10:16.920,289.674,0.2693,0.2365,0.2529,0.3986,0.1533,WARNING,10,0,Windows,unspecified
23:10:16.957,289.711,0.2828,0.2489,0.2659,0.4,0.16,WARNING,11,0,Windows,unspecified
23:10:16.983,289.737,0.2964,0.2619,0.2791,0.3949,0.1667,WARNING,12,0,Windows,unspecified
23:10:17.022,289.776,0.3005,0.2796,0.2901,0.4012,0.1733,WARNING,13,0,Windows,unspecified
23:10:17.044,289.798,0.3005,0.2801,0.2903,0.4012,0.18,WARNING,14,0,Windows,unspecified
23:10:17.100,289.854,0.3092,0.2918,0.3005,0.4012,0.1867,WARNING,15,0,Windows,unspecified
23:10:17.135,289.888,0.305,0.2918,0.2984,0.3932,0.1933,WARNING,16,0,Windows,unspecified
23:10:17.168,289.922,0.3124,0.301,0.3067,0.3949,0.1933,NORMAL,0,0,Windows,unspecified
23:10:17.200,289.954,0.3124,0.301,0.3067,0.4012,0.1933,NORMAL,0,0,Windows,unspecified
23:10:17.231,289.985,0.3166,0.2969,0.3067,0.4018,0.1933,NORMAL,0,0,Windows,unspecified
23:10:17.266,290.02,0.3166,0.301,0.3088,0.3999,0.1933,NORMAL,0,0,Windows,unspecified
23:10:17.294,290.048,0.3298,0.3094,0.3196,0.4134,0.1933,NORMAL,0,0,Windows,unspecified
23:10:17.327,290.081,0.3298,0.3179,0.3238,0.4206,0.1933,NORMAL,0,0,Windows,unspecified
23:10:17.358,290.112,0.3298,0.3211,0.3255,0.4951,0.1933,NORMAL,0,0,Windows,unspecified
23:10:17.388,290.142,0.3428,0.3087,0.3257,0.5069,0.1933,NORMAL,0,0,Windows,unspecified
23:10:17.421,290.175,0.34,0.3014,0.3207,0.5247,0.1933,NORMAL,0,0,Windows,unspecified
23:10:17.452,290.206,0.3361,0.3014,0.3188,0.5315,0.1933,NORMAL,0,0,Windows,unspecified
23:10:17.500,290.254,0.3361,0.3014,0.3188,0.5307,0.1933,NORMAL,0,0,Windows,unspecified
23:10:17.530,290.284,0.3361,0.3014,0.3188,0.5317,0.1933,NORMAL,0,0,Windows,unspecified
23:10:17.564,290.318,0.3361,0.3094,0.3228,0.5193,0.1933,NORMAL,0,0,Windows,unspecified
23:10:17.594,290.348,0.3361,0.3063,0.3212,0.5246,0.1933,NORMAL,0,0,Windows,unspecified
23:10:17.630,290.384,0.3316,0.3171,0.3243,0.4937,0.1933,NORMAL,0,0,Windows,unspecified
23:10:17.671,290.425,0.3354,0.3094,0.3224,0.473,0.1933,NORMAL,0,0,Windows,unspecified
23:10:17.701,290.455,0.3428,0.3224,0.3326,0.4389,0.1933,NORMAL,0,0,Windows,unspecified
23:10:17.735,290.489,0.3497,0.3179,0.3338,0.4265,0.1933,NORMAL,0,0,Windows,unspecified
23:10:17.764,290.518,0.3522,0.3403,0.3463,0.3936,0.1933,NORMAL,0,0,Windows,unspecified
23:10:17.794,290.548,0.3389,0.327,0.333,0.3782,0.1933,NORMAL,0,0,Windows,unspecified
23:10:17.827,290.581,0.3656,0.3403,0.3529,0.375,0.1933,NORMAL,0,0,Windows,unspecified
23:10:17.858,290.612,0.3505,0.33,0.3403,0.3823,0.1933,NORMAL,0,0,Windows,unspecified
23:10:17.900,290.654,0.3467,0.3313,0.339,0.374,0.1933,NORMAL,0,0,Windows,unspecified
23:10:17.936,290.69,0.3561,0.3443,0.3502,0.3787,0.1933,NORMAL,0,0,Windows,unspecified
23:10:17.968,290.722,0.3522,0.3313,0.3418,0.3649,0.1933,NORMAL,0,0,Windows,unspecified
23:10:18.001,290.755,0.3656,0.3313,0.3484,0.3688,0.1933,NORMAL,0,0,Windows,unspecified
23:10:18.030,290.784,0.3656,0.3481,0.3568,0.3625,0.1933,NORMAL,0,0,Windows,unspecified
23:10:18.063,290.817,0.3771,0.3481,0.3626,0.358,0.1933,NORMAL,0,0,Windows,unspecified
23:10:18.094,290.848,0.363,0.3481,0.3555,0.3632,0.1933,NORMAL,0,0,Windows,unspecified
23:10:18.124,290.878,0.3536,0.3481,0.3509,0.3632,0.1933,NORMAL,0,0,Windows,unspecified
23:10:18.153,290.907,0.3536,0.3227,0.3382,0.3625,0.1933,NORMAL,0,0,Windows,unspecified
23:10:18.186,290.939,0.3536,0.335,0.3443,0.3625,0.1933,NORMAL,0,0,Windows,unspecified
23:10:18.221,290.975,0.3536,0.3481,0.3509,0.3646,0.1933,NORMAL,0,0,Windows,unspecified
23:10:18.252,291.006,0.3666,0.3481,0.3573,0.3668,0.1933,NORMAL,0,0,Windows,unspecified
23:10:18.301,291.055,0.3649,0.3594,0.3622,0.3762,0.1933,NORMAL,0,0,Windows,unspecified
23:10:18.329,291.083,0.3666,0.3724,0.3695,0.3776,0.1933,NORMAL,0,0,Windows,unspecified
23:10:18.364,291.118,0.3673,0.3505,0.3589,0.4109,0.1933,NORMAL,0,0,Windows,unspecified
23:10:18.390,291.143,0.3673,0.3595,0.3634,0.4161,0.1933,NORMAL,0,0,Windows,unspecified
23:10:18.428,291.182,0.3673,0.3502,0.3587,0.4826,0.1933,NORMAL,0,0,Windows,unspecified
23:10:18.454,291.208,0.3578,0.3467,0.3522,0.484,0.1933,NORMAL,0,0,Windows,unspecified
23:10:18.494,291.248,0.3724,0.3572,0.3648,0.4999,0.1933,NORMAL,0,0,Windows,unspecified
23:10:18.513,291.267,0.3673,0.3443,0.3558,0.4971,0.1933,NORMAL,0,0,Windows,unspecified
23:10:18.557,291.311,0.3544,0.3342,0.3443,0.4692,0.1933,NORMAL,0,0,Windows,unspecified
23:10:18.592,291.346,0.3673,0.3378,0.3525,0.4542,0.1933,NORMAL,0,0,Windows,unspecified
23:10:18.624,291.378,0.3516,0.3502,0.3509,0.4078,0.1933,NORMAL,0,0,Windows,unspecified
23:10:18.656,291.41,0.3648,0.3468,0.3558,0.3928,0.1933,NORMAL,0,0,Windows,unspecified
23:10:18.704,291.458,0.3673,0.3443,0.3558,0.3796,0.1933,NORMAL,0,0,Windows,unspecified
23:10:18.732,291.486,0.3543,0.3342,0.3442,0.3788,0.1933,NORMAL,0,0,Windows,unspecified
23:10:18.766,291.52,0.3595,0.3505,0.355,0.3792,0.1933,NORMAL,0,0,Windows,unspecified
23:10:18.797,291.551,0.3572,0.3629,0.36,0.3739,0.1933,NORMAL,0,0,Windows,unspecified
23:10:18.831,291.585,0.3595,0.3629,0.3612,0.3587,0.1933,NORMAL,0,0,Windows,unspecified
23:10:18.858,291.612,0.3722,0.3629,0.3675,0.3566,0.1933,NORMAL,0,0,Windows,unspecified
23:10:18.893,291.647,0.356,0.3468,0.3514,0.3569,0.1933,NORMAL,0,0,Windows,unspecified
23:10:18.920,291.673,0.3597,0.3468,0.3533,0.3569,0.1933,NORMAL,0,0,Windows,unspecified
23:10:18.959,291.713,0.3534,0.3215,0.3375,0.3591,0.1933,NORMAL,0,0,Windows,unspecified
23:10:18.982,291.736,0.3404,0.3337,0.3371,0.3601,0.1933,NORMAL,0,0,Windows,unspecified
23:10:19.019,291.773,0.3275,0.3215,0.3245,0.3598,0.1933,NORMAL,0,0,Windows,unspecified
23:10:19.045,291.799,0.3177,0.335,0.3264,0.3624,0.1933,NORMAL,0,0,Windows,unspecified
23:10:19.100,291.854,0.3144,0.2975,0.3059,0.3664,0.1933,NORMAL,0,0,Windows,unspecified
23:10:19.125,291.879,0.3191,0.3019,0.3105,0.3701,0.1933,NORMAL,0,0,Windows,unspecified
23:10:19.161,291.915,0.301,0.3014,0.3012,0.3699,0.1933,NORMAL,0,0,Windows,unspecified
23:10:19.184,291.937,0.3171,0.2976,0.3073,0.3697,0.1933,NORMAL,0,0,Windows,unspecified
23:10:19.230,291.984,0.3027,0.2849,0.2938,0.3674,0.2,NORMAL,1,0,Windows,unspecified
23:10:19.264,292.018,0.3156,0.2984,0.307,0.3731,0.2,NORMAL,0,0,Windows,unspecified
23:10:19.295,292.049,0.3027,0.2925,0.2976,0.3724,0.2067,NORMAL,1,0,Windows,unspecified
23:10:19.326,292.08,0.3314,0.3054,0.3184,0.3759,0.2067,NORMAL,0,0,Windows,unspecified
23:10:19.353,292.107,0.2995,0.3054,0.3024,0.3756,0.2067,NORMAL,0,0,Windows,unspecified
23:10:19.389,292.143,0.3288,0.327,0.3279,0.3719,0.2067,NORMAL,0,0,Windows,unspecified
23:10:19.419,292.172,0.3259,0.2994,0.3127,0.3775,0.2067,NORMAL,0,0,Windows,unspecified
23:10:19.449,292.203,0.3156,0.3054,0.3105,0.3752,0.2067,NORMAL,0,0,Windows,unspecified
23:10:19.501,292.255,0.2995,0.3054,0.3024,0.3793,0.2067,NORMAL,0,0,Windows,unspecified
23:10:19.530,292.284,0.3223,0.3183,0.3203,0.3818,0.2067,NORMAL,0,0,Windows,unspecified
23:10:19.565,292.319,0.3223,0.2975,0.3099,0.4026,0.2067,NORMAL,0,0,Windows,unspecified
23:10:19.593,292.347,0.3259,0.3111,0.3185,0.3982,0.2067,NORMAL,0,0,Windows,unspecified
23:10:19.629,292.383,0.2978,0.2872,0.2925,0.4242,0.2133,NORMAL,1,0,Windows,unspecified
23:10:19.656,292.41,0.3047,0.2991,0.3019,0.4198,0.2133,NORMAL,0,0,Windows,unspecified
23:10:19.696,292.45,0.3198,0.2991,0.3095,0.4325,0.2133,NORMAL,0,0,Windows,unspecified
23:10:19.734,292.488,0.3251,0.3194,0.3222,0.4237,0.2133,NORMAL,0,0,Windows,unspecified
23:10:19.780,292.534,0.3181,0.2991,0.3086,0.4044,0.2133,NORMAL,0,0,Windows,unspecified
23:10:19.812,292.566,0.3317,0.3074,0.3196,0.4012,0.2133,NORMAL,0,0,Windows,unspecified
23:10:19.843,292.597,0.3198,0.3163,0.3181,0.3924,0.2133,NORMAL,0,0,Windows,unspecified
23:10:19.873,292.627,0.3216,0.2992,0.3104,0.386,0.2133,NORMAL,0,0,Windows,unspecified
23:10:19.905,292.659,0.3231,0.3118,0.3174,0.3777,0.2133,NORMAL,0,0,Windows,unspecified
23:10:19.934,292.688,0.326,0.3198,0.3229,0.37,0.2133,NORMAL,0,0,Windows,unspecified
23:10:19.967,292.721,0.3018,0.3067,0.3043,0.3624,0.2133,NORMAL,0,0,Windows,unspecified
23:10:20.000,292.754,0.3231,0.3077,0.3154,0.3645,0.2133,NORMAL,0,0,Windows,unspecified
23:10:20.029,292.783,0.3034,0.2954,0.2994,0.3699,0.22,NORMAL,1,0,Windows,unspecified
23:10:20.060,292.814,0.3034,0.2915,0.2975,0.3783,0.2267,NORMAL,2,0,Windows,unspecified
23:10:20.091,292.845,0.3021,0.2954,0.2987,0.3768,0.2333,NORMAL,3,0,Windows,unspecified
23:10:20.122,292.876,0.3021,0.2831,0.2926,0.3729,0.24,NORMAL,4,0,Windows,unspecified
23:10:20.158,292.912,0.2907,0.2865,0.2886,0.3769,0.2467,NORMAL,5,0,Windows,unspecified
23:10:20.185,292.939,0.2834,0.2991,0.2912,0.377,0.2533,NORMAL,6,0,Windows,unspecified
23:10:20.221,292.974,0.2933,0.2983,0.2958,0.3824,0.26,NORMAL,7,0,Windows,unspecified
23:10:20.249,293.003,0.3049,0.2986,0.3018,0.3805,0.26,NORMAL,0,0,Windows,unspecified
23:10:20.301,293.055,0.3317,0.3374,0.3345,0.3866,0.26,NORMAL,0,0,Windows,unspecified
23:10:20.327,293.081,0.3721,0.3463,0.3592,0.384,0.26,NORMAL,0,0,Windows,unspecified
23:10:20.366,293.12,0.3991,0.3628,0.381,0.3861,0.26,NORMAL,0,0,Windows,unspecified
23:10:20.391,293.144,0.3721,0.3751,0.3736,0.3861,0.26,NORMAL,0,0,Windows,unspecified
23:10:20.430,293.184,0.3721,0.3751,0.3736,0.3768,0.26,NORMAL,0,0,Windows,unspecified
23:10:20.453,293.207,0.3765,0.3998,0.3882,0.3769,0.26,NORMAL,0,0,Windows,unspecified
23:10:20.493,293.247,0.4035,0.3944,0.3989,0.3906,0.26,NORMAL,0,0,Windows,unspecified
23:10:20.532,293.286,0.4035,0.3944,0.3989,0.386,0.26,NORMAL,0,0,Windows,unspecified
23:10:20.565,293.319,0.4037,0.3828,0.3933,0.3834,0.26,NORMAL,0,0,Windows,unspecified
23:10:20.594,293.348,0.3905,0.3849,0.3877,0.3832,0.26,NORMAL,0,0,Windows,unspecified
23:10:20.626,293.38,0.3928,0.3753,0.3841,0.3798,0.2533,NORMAL,0,0,Windows,unspecified
23:10:20.658,293.412,0.3928,0.382,0.3874,0.3774,0.2467,NORMAL,0,0,Windows,unspecified
23:10:20.701,293.455,0.3699,0.3699,0.3699,0.3823,0.24,NORMAL,0,0,Windows,unspecified
23:10:20.737,293.49,0.3828,0.3606,0.3717,0.3823,0.2333,NORMAL,0,0,Windows,unspecified
23:10:20.768,293.522,0.3811,0.377,0.379,0.3887,0.2267,NORMAL,0,0,Windows,unspecified
23:10:20.798,293.552,0.3779,0.3797,0.3788,0.3925,0.22,NORMAL,0,0,Windows,unspecified
23:10:20.829,293.583,0.391,0.3776,0.3843,0.4334,0.2133,NORMAL,0,0,Windows,unspecified
23:10:20.860,293.614,0.3854,0.3642,0.3748,0.4394,0.2067,NORMAL,0,0,Windows,unspecified
23:10:20.895,293.649,0.3788,0.3776,0.3782,0.4564,0.2,NORMAL,0,0,Windows,unspecified
23:10:20.923,293.677,0.3642,0.3672,0.3657,0.4561,0.1933,NORMAL,0,0,Windows,unspecified
23:10:20.957,293.711,0.3811,0.355,0.3681,0.4521,0.1867,NORMAL,0,0,Windows,unspecified
23:10:20.987,293.741,0.3666,0.355,0.3608,0.455,0.18,NORMAL,0,0,Windows,unspecified
23:10:21.020,293.774,0.3557,0.3517,0.3537,0.4383,0.1733,NORMAL,0,0,Windows,unspecified
23:10:21.049,293.803,0.3676,0.3483,0.3579,0.4252,0.1733,NORMAL,0,0,Windows,unspecified
23:10:21.103,293.857,0.3676,0.3699,0.3687,0.3955,0.1733,NORMAL,0,0,Windows,unspecified
23:10:21.126,293.88,0.3676,0.3699,0.3688,0.3961,0.1733,NORMAL,0,0,Windows,unspecified
23:10:21.164,293.918,0.3608,0.3593,0.3601,0.3842,0.1733,NORMAL,0,0,Windows,unspecified
23:10:21.189,293.943,0.3517,0.3459,0.3488,0.3789,0.1733,NORMAL,0,0,Windows,unspecified
23:10:21.230,293.984,0.3496,0.3459,0.3478,0.3702,0.1733,NORMAL,0,0,Windows,unspecified
23:10:21.265,294.019,0.3608,0.3716,0.3662,0.3745,0.1733,NORMAL,0,0,Windows,unspecified
23:10:21.296,294.05,0.3619,0.3574,0.3596,0.3735,0.1733,NORMAL,0,0,Windows,unspecified
23:10:21.329,294.082,0.371,0.3661,0.3685,0.3779,0.1733,NORMAL,0,0,Windows,unspecified
23:10:21.360,294.113,0.3641,0.3641,0.3641,0.3715,0.1733,NORMAL,0,0,Windows,unspecified
23:10:21.389,294.143,0.3641,0.353,0.3585,0.3756,0.1733,NORMAL,0,0,Windows,unspecified
23:10:21.421,294.174,0.3605,0.354,0.3572,0.3726,0.1733,NORMAL,0,0,Windows,unspecified
23:10:21.469,294.223,0.3769,0.3641,0.3705,0.3832,0.1733,NORMAL,0,0,Windows,unspecified
23:10:21.501,294.255,0.3664,0.3652,0.3658,0.3789,0.1733,NORMAL,0,0,Windows,unspecified
23:10:21.531,294.285,0.3694,0.3552,0.3623,0.3804,0.1733,NORMAL,0,0,Windows,unspecified
23:10:21.566,294.32,0.3699,0.3466,0.3583,0.3867,0.1733,NORMAL,0,0,Windows,unspecified
23:10:21.597,294.351,0.3467,0.3683,0.3575,0.3878,0.1733,NORMAL,0,0,Windows,unspecified
23:10:21.630,294.384,0.3677,0.356,0.3618,0.3809,0.1667,NORMAL,0,0,Windows,unspecified
23:10:21.657,294.411,0.3677,0.3661,0.3669,0.3844,0.16,NORMAL,0,0,Windows,unspecified
23:10:21.692,294.446,0.3694,0.3641,0.3667,0.3843,0.1533,NORMAL,0,0,Windows,unspecified
23:10:21.722,294.476,0.3588,0.3651,0.362,0.3843,0.1467,NORMAL,0,0,Windows,unspecified
23:10:21.757,294.511,0.3716,0.3691,0.3704,0.3836,0.14,NORMAL,0,0,Windows,unspecified
23:10:21.785,294.539,0.3841,0.3691,0.3766,0.3787,0.1333,NORMAL,0,0,Windows,unspecified
23:10:21.823,294.577,0.3699,0.3582,0.364,0.3821,0.1267,NORMAL,0,0,Windows,unspecified
23:10:21.848,294.602,0.3719,0.3585,0.3652,0.3821,0.12,NORMAL,0,0,Windows,unspecified
23:10:21.901,294.655,0.3716,0.3552,0.3634,0.3767,0.1133,NORMAL,0,0,Windows,unspecified
23:10:21.924,294.677,0.3716,0.3552,0.3634,0.3806,0.1067,NORMAL,0,0,Windows,unspecified
23:10:21.961,294.715,0.3694,0.3431,0.3562,0.382,0.1,NORMAL,0,0,Windows,unspecified
23:10:21.984,294.738,0.3694,0.354,0.3617,0.3882,0.0933,NORMAL,0,0,Windows,unspecified
23:10:22.029,294.783,0.3584,0.354,0.3562,0.378,0.0867,NORMAL,0,0,Windows,unspecified
23:10:22.064,294.818,0.3694,0.3431,0.3562,0.3825,0.08,NORMAL,0,0,Windows,unspecified
23:10:22.097,294.851,0.3694,0.3552,0.3623,0.3825,0.0733,NORMAL,0,0,Windows,unspecified
23:10:22.128,294.882,0.3569,0.354,0.3555,0.3825,0.0667,NORMAL,0,0,Windows,unspecified
23:10:22.162,294.916,0.3584,0.3661,0.3622,0.3801,0.0667,NORMAL,0,0,Windows,unspecified
23:10:22.191,294.945,0.371,0.3552,0.3631,0.3806,0.0667,NORMAL,0,0,Windows,unspecified
23:10:22.220,294.974,0.3584,0.354,0.3562,0.3825,0.0667,NORMAL,0,0,Windows,unspecified
23:10:22.254,295.008,0.3569,0.3661,0.3615,0.3801,0.0667,NORMAL,0,0,Windows,unspecified
23:10:22.301,295.055,0.2533,0.2534,0.2534,0.3858,0.0733,NORMAL,1,0,Windows,unspecified
23:10:22.331,295.085,0.2254,0.2285,0.227,0.3833,0.08,NORMAL,2,0,Windows,unspecified
23:10:22.364,295.118,0.1307,0.1089,0.1198,0.3822,0.0867,NORMAL,3,0,Windows,unspecified
23:10:22.395,295.149,0.094,0.0857,0.0899,0.3856,0.0933,NORMAL,4,0,Windows,unspecified
23:10:22.426,295.18,0.1498,0.1064,0.1281,0.3735,0.1,NORMAL,5,0,Windows,unspecified
23:10:22.457,295.211,0.1832,0.1426,0.1629,0.3856,0.1067,NORMAL,6,0,Windows,unspecified
23:10:22.494,295.248,0.2484,0.1767,0.2125,0.3967,0.1133,NORMAL,7,0,Windows,unspecified
23:10:22.519,295.273,0.2609,0.2103,0.2356,0.3889,0.12,NORMAL,8,0,Windows,unspecified
23:10:22.554,295.308,0.3126,0.2747,0.2937,0.3798,0.1267,NORMAL,9,0,Windows,unspecified
23:10:22.581,295.335,0.3303,0.2844,0.3073,0.3849,0.1267,NORMAL,0,0,Windows,unspecified
23:10:22.621,295.375,0.3315,0.2913,0.3114,0.3755,0.1267,NORMAL,0,0,Windows,unspecified
23:10:22.644,295.398,0.3356,0.2886,0.3121,0.3751,0.1267,NORMAL,0,0,Windows,unspecified
23:10:22.702,295.456,0.3232,0.3033,0.3133,0.3852,0.1267,NORMAL,0,0,Windows,unspecified
23:10:22.739,295.493,0.3286,0.3058,0.3172,0.3798,0.1267,NORMAL,0,0,Windows,unspecified
23:10:22.768,295.522,0.3374,0.3419,0.3397,0.3843,0.1267,NORMAL,0,0,Windows,unspecified
23:10:22.799,295.553,0.3497,0.3299,0.3398,0.3766,0.1267,NORMAL,0,0,Windows,unspecified
23:10:22.831,295.585,0.3569,0.3518,0.3544,0.3801,0.1267,NORMAL,0,0,Windows,unspecified
23:10:22.862,295.616,0.3483,0.3409,0.3446,0.3801,0.1267,NORMAL,0,0,Windows,unspecified
23:10:22.895,295.649,0.3483,0.353,0.3506,0.3845,0.1267,NORMAL,0,0,Windows,unspecified
23:10:22.925,295.679,0.3647,0.3286,0.3467,0.3782,0.1267,NORMAL,0,0,Windows,unspecified
23:10:22.955,295.709,0.366,0.3286,0.3473,0.3806,0.1267,NORMAL,0,0,Windows,unspecified
23:10:22.987,295.741,0.366,0.3286,0.3473,0.3825,0.1267,NORMAL,0,0,Windows,unspecified
23:10:23.019,295.773,0.3676,0.3517,0.3597,0.384,0.1267,NORMAL,0,0,Windows,unspecified
23:10:23.048,295.801,0.3532,0.3629,0.358,0.3778,0.1267,NORMAL,0,0,Windows,unspecified
23:10:23.100,295.854,0.3737,0.3612,0.3675,0.3905,0.1267,NORMAL,0,0,Windows,unspecified
23:10:23.128,295.882,0.3591,0.357,0.3581,0.3881,0.1267,NORMAL,0,0,Windows,unspecified
23:10:23.164,295.918,0.3646,0.3603,0.3625,0.3851,0.1267,NORMAL,0,0,Windows,unspecified
23:10:23.190,295.944,0.3676,0.3601,0.3639,0.3955,0.1267,NORMAL,0,0,Windows,unspecified
23:10:23.229,295.983,0.3719,0.3691,0.3705,0.3913,0.1267,NORMAL,0,0,Windows,unspecified
23:10:23.251,296.005,0.3822,0.363,0.3726,0.3961,0.1267,NORMAL,0,0,Windows,unspecified
23:10:23.293,296.047,0.3737,0.357,0.3653,0.4073,0.1267,NORMAL,0,0,Windows,unspecified
23:10:23.330,296.083,0.3613,0.357,0.3592,0.4075,0.1267,NORMAL,0,0,Windows,unspecified
23:10:23.360,296.114,0.3244,0.3374,0.3309,0.4116,0.1267,NORMAL,0,0,Windows,unspecified
23:10:23.389,296.143,0.3234,0.3265,0.325,0.3979,0.1267,NORMAL,0,0,Windows,unspecified
23:10:23.423,296.177,0.2921,0.2744,0.2832,0.3881,0.1333,NORMAL,1,0,Windows,unspecified
23:10:23.453,296.207,0.2712,0.2432,0.2572,0.3823,0.14,NORMAL,2,0,Windows,unspecified
23:10:23.500,296.254,0.2681,0.2621,0.2651,0.4033,0.1467,NORMAL,3,0,Windows,unspecified
23:10:23.531,296.285,0.2559,0.2746,0.2653,0.3895,0.1533,NORMAL,4,0,Windows,unspecified
23:10:23.565,296.318,0.2834,0.2551,0.2693,0.3992,0.16,NORMAL,5,0,Windows,unspecified
23:10:23.592,296.346,0.2871,0.2799,0.2835,0.4025,0.1667,NORMAL,6,0,Windows,unspecified
23:10:23.629,296.383,0.2967,0.2797,0.2882,0.3937,0.1733,NORMAL,7,0,Windows,unspecified
23:10:23.656,296.41,0.3028,0.287,0.2949,0.3912,0.18,NORMAL,8,0,Windows,unspecified
23:10:23.693,296.447,0.2871,0.2913,0.2892,0.3888,0.1867,NORMAL,9,0,Windows,unspecified
23:10:23.718,296.472,0.2887,0.2764,0.2826,0.3959,0.1933,WARNING,10,0,Windows,unspecified
23:10:23.758,296.512,0.2995,0.2984,0.2989,0.3854,0.2,WARNING,11,0,Windows,unspecified
23:10:23.781,296.535,0.3005,0.2865,0.2935,0.3895,0.2067,WARNING,12,0,Windows,unspecified
23:10:23.821,296.575,0.2797,0.2828,0.2813,0.3979,0.2133,WARNING,13,0,Windows,unspecified
23:10:23.841,296.595,0.277,0.2603,0.2686,0.4059,0.22,WARNING,14,0,Windows,unspecified
23:10:23.901,296.655,0.2732,0.2711,0.2722,0.404,0.2267,WARNING,15,0,Windows,unspecified
23:10:23.938,296.692,0.2789,0.2648,0.2718,0.4013,0.2333,WARNING,16,0,Windows,unspecified
23:10:23.968,296.722,0.2779,0.2648,0.2714,0.4133,0.24,WARNING,17,0,Windows,unspecified
23:10:24.001,296.755,0.2852,0.2925,0.2888,0.4118,0.2467,WARNING,18,0,Windows,unspecified
23:10:24.029,296.783,0.3083,0.2933,0.3008,0.425,0.2533,WARNING,19,0,Windows,unspecified
23:10:24.061,296.815,0.2875,0.274,0.2807,0.4056,0.26,DROWSY,20,0,Windows,unspecified
23:10:24.091,296.845,0.2995,0.297,0.2983,0.4114,0.2667,DROWSY,21,0,Windows,unspecified
23:10:24.124,296.878,0.3112,0.2855,0.2983,0.4049,0.2733,DROWSY,22,0,Windows,unspecified
23:10:24.162,296.916,0.317,0.297,0.307,0.4063,0.2733,NORMAL,0,0,Windows,unspecified
23:10:24.186,296.94,0.3101,0.297,0.3035,0.4071,0.2733,NORMAL,0,0,Windows,unspecified
23:10:24.222,296.976,0.3334,0.3084,0.3209,0.4041,0.2667,NORMAL,0,0,Windows,unspecified
23:10:24.249,297.003,0.3265,0.3043,0.3154,0.4041,0.2667,NORMAL,0,0,Windows,unspecified
23:10:24.301,297.055,0.3224,0.3197,0.3211,0.4001,0.26,NORMAL,0,0,Windows,unspecified
23:10:24.328,297.082,0.3145,0.3084,0.3114,0.4011,0.26,NORMAL,0,0,Windows,unspecified
23:10:24.364,297.118,0.3288,0.3364,0.3326,0.3997,0.26,NORMAL,0,0,Windows,unspecified
23:10:24.391,297.145,0.3419,0.3242,0.3331,0.3979,0.26,NORMAL,0,0,Windows,unspecified
23:10:24.428,297.182,0.3462,0.34,0.3431,0.3971,0.26,NORMAL,0,0,Windows,unspecified
23:10:24.453,297.207,0.3585,0.3415,0.35,0.3927,0.26,NORMAL,0,0,Windows,unspecified
23:10:24.495,297.249,0.3627,0.3678,0.3653,0.4062,0.26,NORMAL,0,0,Windows,unspecified
23:10:24.531,297.285,0.3601,0.3589,0.3595,0.4072,0.26,NORMAL,0,0,Windows,unspecified
23:10:24.561,297.315,0.3854,0.3706,0.378,0.4081,0.26,NORMAL,0,0,Windows,unspecified
23:10:24.593,297.347,0.3854,0.3706,0.378,0.4014,0.26,NORMAL,0,0,Windows,unspecified
23:10:24.623,297.377,0.3952,0.3917,0.3935,0.4046,0.2533,NORMAL,0,0,Windows,unspecified
23:10:24.655,297.409,0.3978,0.3939,0.3959,0.3983,0.2533,NORMAL,0,0,Windows,unspecified
23:10:24.702,297.456,0.3978,0.3939,0.3959,0.3983,0.2533,NORMAL,0,0,Windows,unspecified
23:10:24.732,297.486,0.3974,0.3878,0.3926,0.3983,0.2533,NORMAL,0,0,Windows,unspecified
23:10:24.765,297.519,0.3949,0.3904,0.3926,0.3993,0.2533,NORMAL,0,0,Windows,unspecified
23:10:24.794,297.548,0.386,0.3705,0.3783,0.3961,0.2533,NORMAL,0,0,Windows,unspecified
23:10:24.826,297.58,0.3978,0.3785,0.3881,0.3824,0.2533,NORMAL,0,0,Windows,unspecified
23:10:24.858,297.612,0.4072,0.4071,0.4071,0.394,0.2533,NORMAL,0,0,Windows,unspecified
23:10:24.892,297.646,0.3952,0.3958,0.3955,0.4009,0.2533,NORMAL,0,0,Windows,unspecified
23:10:24.919,297.673,0.4048,0.3903,0.3976,0.4019,0.2533,NORMAL,0,0,Windows,unspecified
23:10:24.959,297.713,0.3981,0.4074,0.4027,0.4044,0.2533,NORMAL,0,0,Windows,unspecified
23:10:24.997,297.751,0.4173,0.3811,0.3992,0.3987,0.2533,NORMAL,0,0,Windows,unspecified
23:10:25.028,297.782,0.4101,0.4041,0.4071,0.3955,0.2467,NORMAL,0,0,Windows,unspecified
23:10:25.060,297.814,0.3981,0.3959,0.397,0.397,0.24,NORMAL,0,0,Windows,unspecified
23:10:25.101,297.855,0.3981,0.4021,0.4001,0.4023,0.2333,NORMAL,0,0,Windows,unspecified
23:10:25.136,297.89,0.3981,0.3845,0.3913,0.3963,0.2267,NORMAL,0,0,Windows,unspecified
23:10:25.183,297.937,0.4226,0.4017,0.4122,0.4079,0.22,NORMAL,0,0,Windows,unspecified
23:10:25.214,297.968,0.4101,0.4041,0.4071,0.4112,0.2133,NORMAL,0,0,Windows,unspecified
23:10:25.246,298.0,0.4248,0.4303,0.4276,0.4147,0.2067,NORMAL,0,0,Windows,unspecified
23:10:25.277,298.031,0.4394,0.4091,0.4242,0.4228,0.2067,NORMAL,0,0,Windows,unspecified
23:10:25.309,298.063,0.4042,0.3858,0.395,0.4199,0.2067,NORMAL,0,0,Windows,unspecified
23:10:25.341,298.095,0.413,0.3778,0.3954,0.417,0.2067,NORMAL,0,0,Windows,unspecified
23:10:25.373,298.127,0.4142,0.3809,0.3975,0.4253,0.2067,NORMAL,0,0,Windows,unspecified
23:10:25.403,298.157,0.4233,0.3701,0.3967,0.4341,0.2067,NORMAL,0,0,Windows,unspecified
23:10:25.434,298.188,0.4177,0.3634,0.3906,0.4371,0.2067,NORMAL,0,0,Windows,unspecified
23:10:25.466,298.22,0.4065,0.3665,0.3865,0.4396,0.2067,NORMAL,0,0,Windows,unspecified
23:10:25.501,298.255,0.3951,0.3721,0.3836,0.4325,0.2067,NORMAL,0,0,Windows,unspecified
23:10:25.530,298.283,0.4005,0.3769,0.3887,0.4342,0.2067,NORMAL,0,0,Windows,unspecified
23:10:25.564,298.318,0.3812,0.3467,0.364,0.4254,0.2067,NORMAL,0,0,Windows,unspecified
23:10:25.592,298.346,0.4005,0.3544,0.3775,0.4404,0.2067,NORMAL,0,0,Windows,unspecified
23:10:25.638,298.392,0.3907,0.3506,0.3706,0.4435,0.2067,NORMAL,0,0,Windows,unspecified
23:10:25.669,298.423,0.4005,0.3544,0.3775,0.4411,0.2067,NORMAL,0,0,Windows,unspecified
23:10:25.701,298.455,0.3784,0.3576,0.368,0.4404,0.2067,NORMAL,0,0,Windows,unspecified
23:10:25.733,298.487,0.392,0.35,0.371,0.4416,0.2067,NORMAL,0,0,Windows,unspecified
23:10:25.764,298.518,0.392,0.353,0.3725,0.4419,0.2067,NORMAL,0,0,Windows,unspecified
23:10:25.796,298.549,0.3674,0.3576,0.3625,0.4439,0.2067,NORMAL,0,0,Windows,unspecified
23:10:25.826,298.58,0.3599,0.3538,0.3569,0.4372,0.2067,NORMAL,0,0,Windows,unspecified
23:10:25.858,298.612,0.3599,0.35,0.3549,0.4358,0.2067,NORMAL,0,0,Windows,unspecified
23:10:25.901,298.655,0.3845,0.3388,0.3616,0.4266,0.2067,NORMAL,0,0,Windows,unspecified
23:10:25.935,298.689,0.3696,0.3468,0.3582,0.419,0.2067,NORMAL,0,0,Windows,unspecified
23:10:25.966,298.72,0.3687,0.3301,0.3494,0.425,0.2067,NORMAL,0,0,Windows,unspecified
23:10:25.996,298.75,0.3687,0.3372,0.353,0.4139,0.2067,NORMAL,0,0,Windows,unspecified
23:10:26.029,298.783,0.3746,0.3382,0.3564,0.4145,0.2067,NORMAL,0,0,Windows,unspecified
23:10:26.061,298.815,0.3833,0.3494,0.3664,0.4056,0.2067,NORMAL,0,0,Windows,unspecified
23:10:26.093,298.847,0.3926,0.3606,0.3766,0.4158,0.2067,NORMAL,0,0,Windows,unspecified
23:10:26.122,298.876,0.3869,0.3612,0.374,0.4135,0.2067,NORMAL,0,0,Windows,unspecified
23:10:26.157,298.911,0.3734,0.3499,0.3617,0.4222,0.2067,NORMAL,0,0,Windows,unspecified
23:10:26.185,298.939,0.3953,0.3349,0.3651,0.4158,0.2067,NORMAL,0,0,Windows,unspecified
23:10:26.220,298.974,0.3594,0.3547,0.3571,0.4145,0.2067,NORMAL,0,0,Windows,unspecified
23:10:26.246,299.0,0.3867,0.3542,0.3704,0.4028,0.2067,NORMAL,0,0,Windows,unspecified
23:10:26.301,299.055,0.3486,0.3309,0.3397,0.4088,0.2067,NORMAL,0,0,Windows,unspecified
23:10:26.339,299.093,0.384,0.3431,0.3635,0.4001,0.2067,NORMAL,0,0,Windows,unspecified
23:10:26.371,299.125,0.3325,0.3203,0.3264,0.431,0.2067,NORMAL,0,0,Windows,unspecified
23:10:26.400,299.154,0.3681,0.3251,0.3466,0.4211,0.2067,NORMAL,0,0,Windows,unspecified
23:10:26.433,299.186,0.3526,0.3287,0.3407,0.4188,0.2067,NORMAL,0,0,Windows,unspecified
23:10:26.464,299.218,0.3394,0.3251,0.3322,0.421,0.2067,NORMAL,0,0,Windows,unspecified
23:10:26.494,299.248,0.3541,0.3251,0.3396,0.4165,0.2067,NORMAL,0,0,Windows,unspecified
23:10:26.526,299.28,0.3536,0.3094,0.3315,0.4226,0.2067,NORMAL,0,0,Windows,unspecified
23:10:26.559,299.313,0.3135,0.31,0.3118,0.4186,0.2067,NORMAL,0,0,Windows,unspecified
23:10:26.591,299.345,0.3359,0.3184,0.3271,0.4185,0.2067,NORMAL,0,0,Windows,unspecified
23:10:26.623,299.377,0.3309,0.3241,0.3275,0.4189,0.2067,NORMAL,0,0,Windows,unspecified
23:10:26.652,299.406,0.346,0.3184,0.3322,0.4174,0.2067,NORMAL,0,0,Windows,unspecified
23:10:26.700,299.454,0.2739,0.271,0.2725,0.417,0.2133,NORMAL,1,0,Windows,unspecified
23:10:26.731,299.485,0.2745,0.2355,0.255,0.4085,0.22,NORMAL,2,0,Windows,unspecified
23:10:26.761,299.515,0.0933,0.1022,0.0977,0.4239,0.2267,NORMAL,3,0,Windows,unspecified
23:10:26.795,299.549,0.0606,0.0586,0.0596,0.4269,0.2333,NORMAL,4,0,Windows,unspecified
23:10:26.829,299.583,0.2009,0.1693,0.1851,0.4139,0.24,NORMAL,5,0,Windows,unspecified
23:10:26.855,299.609,0.2328,0.1544,0.1936,0.4185,0.2467,NORMAL,6,0,Windows,unspecified
23:10:26.896,299.649,0.2939,0.2548,0.2744,0.4113,0.2533,NORMAL,7,0,Windows,unspecified
23:10:26.934,299.688,0.2768,0.2518,0.2643,0.4239,0.26,NORMAL,8,0,Windows,unspecified
23:10:26.965,299.719,0.2934,0.2948,0.2941,0.4309,0.2667,NORMAL,9,0,Windows,unspecified
23:10:26.996,299.75,0.2935,0.2828,0.2882,0.4275,0.2733,WARNING,10,0,Windows,unspecified
23:10:27.026,299.78,0.295,0.2941,0.2946,0.4243,0.28,WARNING,11,0,Windows,unspecified
23:10:27.059,299.813,0.295,0.2589,0.2769,0.4251,0.2867,WARNING,12,0,Windows,unspecified
23:10:27.103,299.857,0.1928,0.2205,0.2067,0.4132,0.2933,WARNING,13,0,Windows,unspecified
23:10:27.136,299.889,0.1667,0.2276,0.1971,0.4061,0.3,WARNING,14,0,Windows,unspecified
23:10:27.168,299.922,0.1789,0.1958,0.1874,0.3999,0.3067,WARNING,15,0,Windows,unspecified
23:10:27.200,299.954,0.1832,0.2265,0.2049,0.4063,0.3133,WARNING,16,0,Windows,unspecified
23:10:27.230,299.984,0.1421,0.1958,0.169,0.3998,0.32,WARNING,17,0,Windows,unspecified
23:10:27.263,300.017,0.129,0.2086,0.1688,0.4175,0.3267,WARNING,18,0,Windows,unspecified
23:10:27.293,300.047,0.0994,0.1524,0.1259,0.404,0.3267,WARNING,19,0,Windows,unspecified
23:10:27.325,300.079,0.1054,0.1393,0.1224,0.4164,0.3267,DROWSY,20,0,Windows,unspecified
23:10:27.372,300.126,0.0832,0.1223,0.1028,0.4193,0.3267,DROWSY,21,0,Windows,unspecified
23:10:27.404,300.158,0.1052,0.1401,0.1226,0.4386,0.3267,DROWSY,22,0,Windows,unspecified
23:10:27.434,300.188,0.093,0.1259,0.1095,0.4119,0.3267,DROWSY,23,0,Windows,unspecified
23:10:27.469,300.223,0.1088,0.1667,0.1377,0.4119,0.3267,DROWSY,24,0,Windows,unspecified
23:10:27.502,300.256,0.0869,0.0939,0.0904,0.4103,0.3267,DROWSY,25,0,Windows,unspecified
23:10:27.531,300.285,0.0898,0.1251,0.1074,0.4054,0.3267,DROWSY,26,0,Windows,unspecified
23:10:27.565,300.319,0.1202,0.1028,0.1115,0.3784,0.3267,DROWSY,27,0,Windows,unspecified
23:10:27.590,300.344,0.0959,0.1188,0.1073,0.3822,0.3333,DROWSY,28,0,Windows,unspecified
23:10:27.626,300.38,0.1168,0.0918,0.1043,0.3655,0.34,DROWSY,29,0,Windows,unspecified
23:10:27.654,300.408,0.0971,0.123,0.1101,0.3615,0.3467,DROWSY,30,0,Windows,unspecified
23:10:27.693,300.447,0.1191,0.1659,0.1425,0.3669,0.3533,DROWSY,31,0,Windows,unspecified
23:10:27.717,300.471,0.1508,0.1894,0.1701,0.3751,0.36,DROWSY,32,0,Windows,unspecified
23:10:27.759,300.512,0.1553,0.1918,0.1736,0.3698,0.3667,DROWSY,33,0,Windows,unspecified
23:10:27.795,300.549,0.1553,0.205,0.1802,0.3881,0.3733,DROWSY,34,0,Windows,unspecified
23:10:27.826,300.58,0.1753,0.1992,0.1873,0.3743,0.38,DROWSY,35,0,Windows,unspecified
23:10:27.856,300.61,0.1852,0.216,0.2006,0.3691,0.3867,DROWSY,36,0,Windows,unspecified
23:10:27.903,300.657,0.1753,0.1558,0.1655,0.3782,0.3933,DROWSY,37,0,Windows,unspecified
23:10:27.938,300.692,0.1335,0.126,0.1298,0.3844,0.4,DROWSY,38,0,Windows,unspecified
23:10:27.969,300.723,0.1449,0.1699,0.1574,0.3848,0.4067,DROWSY,39,0,Windows,unspecified
23:10:28.002,300.756,0.1552,0.1367,0.146,0.3808,0.4133,DROWSY,40,0,Windows,unspecified
23:10:28.032,300.786,0.1004,0.1222,0.1113,0.369,0.42,DROWSY,41,0,Windows,unspecified
23:10:28.064,300.818,0.0899,0.1222,0.1061,0.3572,0.4267,DROWSY,42,0,Windows,unspecified
23:10:28.094,300.848,0.0794,0.1191,0.0993,0.3907,0.4333,DROWSY,43,0,Windows,unspecified
23:10:28.142,300.896,0.1106,0.1322,0.1214,0.3847,0.44,DROWSY,44,0,Windows,unspecified
23:10:28.173,300.927,0.0651,0.1066,0.0859,0.384,0.4467,DROWSY,45,0,Windows,unspecified
23:10:28.204,300.958,0.0505,0.1471,0.0988,0.3923,0.4533,DROWSY,46,0,Windows,unspecified
23:10:28.236,300.99,0.0487,0.1414,0.0951,0.3756,0.46,DROWSY,47,0,Windows,unspecified
23:10:28.269,301.023,0.0904,0.1165,0.1034,0.3857,0.4667,DROWSY,48,0,Windows,unspecified
23:10:28.302,301.055,0.0471,0.1389,0.093,0.3849,0.4733,DROWSY,49,0,Windows,unspecified
23:10:28.329,301.083,0.0799,0.1226,0.1012,0.3862,0.48,DROWSY,50,0,Windows,unspecified
23:10:28.365,301.119,0.1316,0.1676,0.1496,0.3781,0.4867,DROWSY,51,0,Windows,unspecified
23:10:28.394,301.147,0.176,0.1878,0.1819,0.3844,0.4933,DROWSY,52,0,Windows,unspecified
