timestamp,elapsed_sec,ear_left,ear_right,ear_avg,mar,perclos,status,ear_counter,mar_counter,platform,lighting_condition
22:53:03.523,2.184,0.3111,0.3147,0.3129,0.3513,0.0,NORMAL,0,0,Windows,unspecified
22:53:03.597,2.258,0.2919,0.3141,0.303,0.4225,0.0,NORMAL,0,0,Windows,unspecified
22:53:03.621,2.282,0.3266,0.4196,0.3731,0.4829,0.0,NORMAL,0,0,Windows,unspecified
22:53:03.655,2.316,0.3334,0.2774,0.3054,0.385,0.0,NORMAL,0,0,Windows,unspecified
22:53:03.686,2.347,0.3531,0.2019,0.2775,0.3687,0.0,NORMAL,0,0,Windows,unspecified
22:53:03.717,2.378,0.2753,0.2282,0.2517,0.3758,0.0,NORMAL,0,0,Windows,unspecified
22:53:03.747,2.408,0.2856,0.2651,0.2754,0.3915,0.0,NORMAL,0,0,Windows,unspecified
22:53:03.779,2.44,0.2562,0.2378,0.247,0.4062,0.125,NORMAL,1,0,Windows,unspecified
22:53:03.811,2.472,0.225,0.2075,0.2163,0.4328,0.2222,NORMAL,2,0,Windows,unspecified
22:53:03.843,2.504,0.2216,0.2466,0.2341,0.4299,0.3,NORMAL,3,0,Windows,unspecified
22:53:03.873,2.534,0.2194,0.165,0.1922,0.3764,0.3636,DROWSY,4,0,Windows,unspecified
22:53:03.906,2.567,0.2274,0.1599,0.1937,0.3532,0.4167,DROWSY,5,0,Windows,unspecified
22:53:03.936,2.597,0.206,0.1599,0.183,0.3361,0.4615,DROWSY,6,0,Windows,unspecified
22:53:03.980,2.641,0.2315,0.2029,0.2172,0.3492,0.5,DROWSY,7,0,Windows,unspecified
22:53:04.013,2.674,0.2142,0.2191,0.2167,0.3482,0.5333,DROWSY,8,0,Windows,unspecified
22:53:04.043,2.704,0.2155,0.2267,0.2211,0.355,0.5625,DROWSY,9,0,Windows,unspecified
22:53:04.078,2.739,0.2542,0.2854,0.2698,0.3866,0.5294,DROWSY,0,0,Windows,unspecified
22:53:04.105,2.766,0.2785,0.2754,0.2769,0.3916,0.5,DROWSY,0,0,Windows,unspecified
22:53:04.137,2.799,0.2946,0.2915,0.2931,0.3864,0.4737,DROWSY,0,0,Windows,unspecified
22:53:04.174,2.835,0.3229,0.3321,0.3275,0.3939,0.45,DROWSY,0,0,Windows,unspecified
22:53:04.201,2.862,0.313,0.3445,0.3288,0.3808,0.4286,DROWSY,0,0,Windows,unspecified
22:53:04.231,2.892,0.324,0.3438,0.3339,0.3913,0.4091,DROWSY,0,0,Windows,unspecified
22:53:04.267,2.929,0.3479,0.3614,0.3547,0.3767,0.3913,DROWSY,0,0,Windows,unspecified
22:53:04.295,2.956,0.3374,0.37,0.3537,0.3761,0.375,DROWSY,0,0,Windows,unspecified
22:53:04.326,2.987,0.3374,0.3832,0.3603,0.3746,0.36,DROWSY,0,0,Windows,unspecified
22:53:04.382,3.044,0.3274,0.3787,0.3531,0.3787,0.3462,NORMAL,0,0,Windows,unspecified
22:53:04.421,3.082,0.3687,0.3639,0.3663,0.3863,0.3333,NORMAL,0,0,Windows,unspecified
22:53:04.451,3.112,0.3687,0.3822,0.3755,0.3811,0.3214,NORMAL,0,0,Windows,unspecified
22:53:04.481,3.143,0.3555,0.3861,0.3708,0.3842,0.3103,NORMAL,0,0,Windows,unspecified
22:53:04.513,3.174,0.3593,0.4006,0.3799,0.3732,0.3,NORMAL,0,0,Windows,unspecified
22:53:04.545,3.206,0.3437,0.4006,0.3721,0.3803,0.2903,NORMAL,0,0,Windows,unspecified
22:53:04.571,3.232,0.3479,0.3822,0.3651,0.3892,0.2812,NORMAL,0,0,Windows,unspecified
22:53:04.606,3.267,0.3725,0.4037,0.3881,0.3803,0.2727,NORMAL,0,0,Windows,unspecified
22:53:04.639,3.3,0.3725,0.4047,0.3886,0.3802,0.2647,NORMAL,0,0,Windows,unspecified
22:53:04.690,3.351,0.3687,0.4,0.3844,0.3929,0.2571,NORMAL,0,0,Windows,unspecified
22:53:04.718,3.379,0.3687,0.4,0.3844,0.3922,0.25,NORMAL,0,0,Windows,unspecified
22:53:04.749,3.41,0.3687,0.4,0.3844,0.3814,0.2432,NORMAL,0,0,Windows,unspecified
22:53:04.785,3.446,0.3687,0.4037,0.3862,0.402,0.2368,NORMAL,0,0,Windows,unspecified
22:53:04.810,3.471,0.3854,0.3897,0.3876,0.3897,0.2308,NORMAL,0,0,Windows,unspecified
22:53:04.840,3.501,0.373,0.4048,0.3889,0.3964,0.225,NORMAL,0,0,Windows,unspecified
22:53:04.876,3.537,0.3576,0.4158,0.3867,0.3907,0.2195,NORMAL,0,0,Windows,unspecified
22:53:04.903,3.564,0.35,0.3971,0.3735,0.4086,0.2143,NORMAL,0,0,Windows,unspecified
22:53:04.934,3.595,0.351,0.4131,0.3821,0.4028,0.2093,NORMAL,0,0,Windows,unspecified
22:53:04.973,3.634,0.3364,0.4093,0.3728,0.3945,0.2045,NORMAL,0,0,Windows,unspecified
22:53:04.997,3.658,0.3364,0.4006,0.3685,0.3783,0.2,NORMAL,0,0,Windows,unspecified
22:53:05.027,3.689,0.3364,0.4051,0.3708,0.3761,0.1957,NORMAL,0,0,Windows,unspecified
22:53:05.085,3.747,0.3124,0.3639,0.3381,0.3872,0.1915,NORMAL,0,0,Windows,unspecified
22:53:05.123,3.784,0.3366,0.3824,0.3595,0.3821,0.1875,NORMAL,0,0,Windows,unspecified
22:53:05.152,3.813,0.3366,0.3852,0.3609,0.3849,0.1837,NORMAL,0,0,Windows,unspecified
22:53:05.182,3.843,0.3073,0.3714,0.3393,0.3883,0.18,NORMAL,0,0,Windows,unspecified
22:53:05.213,3.874,0.3463,0.3687,0.3575,0.3892,0.1765,NORMAL,0,0,Windows,unspecified
22:53:05.244,3.905,0.3366,0.3852,0.3609,0.3892,0.1731,NORMAL,0,0,Windows,unspecified
22:53:05.275,3.936,0.3262,0.339,0.3326,0.3897,0.1698,NORMAL,0,0,Windows,unspecified
22:53:05.308,3.969,0.3029,0.3506,0.3267,0.3939,0.1667,NORMAL,0,0,Windows,unspecified
22:53:05.337,3.998,0.3222,0.3714,0.3468,0.3939,0.1636,NORMAL,0,0,Windows,unspecified
22:53:05.374,4.035,0.3074,0.3559,0.3317,0.3975,0.1607,NORMAL,0,0,Windows,unspecified
22:53:05.401,4.063,0.317,0.3479,0.3325,0.3905,0.1579,NORMAL,0,0,Windows,unspecified
22:53:05.433,4.094,0.3286,0.3536,0.3411,0.3905,0.1552,NORMAL,0,0,Windows,unspecified
22:53:05.487,4.148,0.3114,0.3278,0.3196,0.3802,0.1525,NORMAL,0,0,Windows,unspecified
22:53:05.512,4.173,0.3132,0.3278,0.3205,0.379,0.15,NORMAL,0,0,Windows,unspecified
22:53:05.543,4.204,0.317,0.339,0.328,0.3705,0.1475,NORMAL,0,0,Windows,unspecified
22:53:05.581,4.242,0.322,0.3113,0.3167,0.371,0.1452,NORMAL,0,0,Windows,unspecified
22:53:05.605,4.266,0.3112,0.3251,0.3181,0.3715,0.1429,NORMAL,0,0,Windows,unspecified
22:53:05.635,4.296,0.3112,0.3278,0.3195,0.376,0.1406,NORMAL,0,0,Windows,unspecified
22:53:05.675,4.336,0.332,0.3253,0.3287,0.3661,0.1385,NORMAL,0,0,Windows,unspecified
22:53:05.699,4.36,0.3428,0.3086,0.3257,0.3752,0.1364,NORMAL,0,0,Windows,unspecified
22:53:05.728,4.389,0.3369,0.3113,0.3241,0.3758,0.1343,NORMAL,0,0,Windows,unspecified
22:53:05.775,4.437,0.3264,0.3419,0.3341,0.3816,0.1324,NORMAL,0,0,Windows,unspecified
22:53:05.806,4.467,0.3333,0.3285,0.3309,0.3731,0.1304,NORMAL,0,0,Windows,unspecified
22:53:05.837,4.498,0.3229,0.3285,0.3257,0.3761,0.1286,NORMAL,0,0,Windows,unspecified
22:53:05.869,4.53,0.3229,0.3285,0.3257,0.3761,0.1268,NORMAL,0,0,Windows,unspecified
22:53:05.900,4.561,0.3229,0.3227,0.3228,0.3785,0.125,NORMAL,0,0,Windows,unspecified
22:53:05.932,4.593,0.3076,0.3286,0.3181,0.389,0.1233,NORMAL,0,0,Windows,unspecified
22:53:05.980,4.641,0.3212,0.3203,0.3208,0.3952,0.1216,NORMAL,0,0,Windows,unspecified
22:53:06.008,4.669,0.3369,0.3446,0.3407,0.3909,0.12,NORMAL,0,0,Windows,unspecified
22:53:06.040,4.701,0.3367,0.3286,0.3327,0.3857,0.1184,NORMAL,0,0,Windows,unspecified
22:53:06.078,4.739,0.3574,0.3365,0.347,0.3836,0.1169,NORMAL,0,0,Windows,unspecified
22:53:06.103,4.764,0.3367,0.339,0.3379,0.3952,0.1154,NORMAL,0,0,Windows,unspecified
22:53:06.133,4.794,0.3367,0.3694,0.3531,0.3909,0.1139,NORMAL,0,0,Windows,unspecified
22:53:06.172,4.833,0.3271,0.3152,0.3211,0.3822,0.1125,NORMAL,0,0,Windows,unspecified
22:53:06.195,4.856,0.338,0.331,0.3345,0.3873,0.1111,NORMAL,0,0,Windows,unspecified
22:53:06.227,4.888,0.338,0.331,0.3345,0.3862,0.1098,NORMAL,0,0,Windows,unspecified
22:53:06.258,4.919,0.3229,0.3152,0.319,0.3902,0.1084,NORMAL,0,0,Windows,unspecified
22:53:06.285,4.946,0.3257,0.2878,0.3068,0.3985,0.1071,NORMAL,0,0,Windows,unspecified
22:53:06.320,4.981,0.2971,0.3036,0.3004,0.3838,0.1059,NORMAL,0,0,Windows,unspecified
22:53:06.381,5.042,0.2741,0.2898,0.2819,0.3739,0.1047,NORMAL,0,0,Windows,unspecified
22:53:06.414,5.075,0.288,0.2999,0.294,0.38,0.1034,NORMAL,0,0,Windows,unspecified
22:53:06.445,5.106,0.2937,0.318,0.3059,0.3794,0.1023,NORMAL,0,0,Windows,unspecified
22:53:06.476,5.137,0.2796,0.2927,0.2861,0.3734,0.1011,NORMAL,0,0,Windows,unspecified
22:53:06.504,5.165,0.2633,0.2725,0.2679,0.3704,0.1,NORMAL,0,0,Windows,unspecified
22:53:06.538,5.2,0.2831,0.2677,0.2754,0.3695,0.0989,NORMAL,0,0,Windows,unspecified
22:53:06.574,5.235,0.2448,0.2864,0.2656,0.3808,0.0978,NORMAL,0,0,Windows,unspecified
22:53:06.601,5.262,0.2522,0.2814,0.2668,0.3705,0.0968,NORMAL,0,0,Windows,unspecified
22:53:06.632,5.293,0.2445,0.2999,0.2722,0.3748,0.0957,NORMAL,0,0,Windows,unspecified
22:53:06.665,5.326,0.2445,0.2927,0.2686,0.3697,0.0947,NORMAL,0,0,Windows,unspecified
22:53:06.694,5.355,0.2241,0.305,0.2645,0.3873,0.0938,NORMAL,0,0,Windows,unspecified
22:53:06.726,5.387,0.2261,0.2725,0.2493,0.3871,0.1031,NORMAL,1,0,Windows,unspecified
22:53:06.791,5.452,0.2072,0.2785,0.2428,0.3876,0.1122,NORMAL,2,0,Windows,unspecified
22:53:06.820,5.481,0.237,0.2932,0.2651,0.3806,0.1111,NORMAL,0,0,Windows,unspecified
22:53:06.859,5.52,0.2605,0.2949,0.2777,0.3825,0.08,NORMAL,0,0,Windows,unspecified
22:53:06.885,5.546,0.2409,0.2999,0.2704,0.3775,0.0792,NORMAL,0,0,Windows,unspecified
22:53:06.916,5.577,0.2472,0.3113,0.2793,0.3843,0.0784,NORMAL,0,0,Windows,unspecified
22:53:06.947,5.608,0.2605,0.3113,0.2859,0.3826,0.0777,NORMAL,0,0,Windows,unspecified
22:53:06.989,5.65,0.2426,0.2989,0.2707,0.3756,0.0769,NORMAL,0,0,Windows,unspecified
22:53:07.009,5.67,0.2536,0.3158,0.2847,0.3819,0.0762,NORMAL,0,0,Windows,unspecified
22:53:07.042,5.704,0.2534,0.3158,0.2846,0.381,0.0755,NORMAL,0,0,Windows,unspecified
22:53:07.075,5.737,0.2469,0.3203,0.2836,0.3847,0.0748,NORMAL,0,0,Windows,unspecified
22:53:07.103,5.764,0.2416,0.3251,0.2833,0.3762,0.0741,NORMAL,0,0,Windows,unspecified
22:53:07.136,5.797,0.255,0.3437,0.2993,0.3857,0.0734,NORMAL,0,0,Windows,unspecified
22:53:07.180,5.841,0.2484,0.3253,0.2869,0.393,0.0727,NORMAL,0,0,Windows,unspecified
22:53:07.215,5.876,0.255,0.322,0.2885,0.3926,0.0721,NORMAL,0,0,Windows,unspecified
22:53:07.244,5.905,0.249,0.322,0.2855,0.3803,0.0714,NORMAL,0,0,Windows,unspecified
22:53:07.276,5.937,0.2489,0.3304,0.2896,0.3825,0.0708,NORMAL,0,0,Windows,unspecified
22:53:07.308,5.969,0.2669,0.3333,0.3001,0.3843,0.0702,NORMAL,0,0,Windows,unspecified
22:53:07.339,6.0,0.2741,0.3667,0.3204,0.3734,0.0696,NORMAL,0,0,Windows,unspecified
22:53:07.391,6.052,0.2637,0.3358,0.2997,0.3776,0.069,NORMAL,0,0,Windows,unspecified
22:53:07.418,6.079,0.2669,0.342,0.3044,0.3843,0.0684,NORMAL,0,0,Windows,unspecified
22:53:07.449,6.11,0.2589,0.353,0.306,0.3742,0.0678,NORMAL,0,0,Windows,unspecified
22:53:07.478,6.14,0.2543,0.366,0.3101,0.3731,0.0672,NORMAL,0,0,Windows,unspecified
22:53:07.511,6.172,0.24,0.3021,0.2711,0.3619,0.0667,NORMAL,0,0,Windows,unspecified
22:53:07.543,6.204,0.2437,0.3257,0.2847,0.3682,0.0661,NORMAL,0,0,Windows,unspecified
22:53:07.580,6.241,0.2203,0.2932,0.2568,0.3496,0.0656,NORMAL,0,0,Windows,unspecified
22:53:07.619,6.28,0.2332,0.3115,0.2723,0.3591,0.065,NORMAL,0,0,Windows,unspecified
22:53:07.650,6.312,0.2275,0.2932,0.2604,0.3667,0.0645,NORMAL,0,0,Windows,unspecified
22:53:07.683,6.344,0.2268,0.2827,0.2548,0.3637,0.064,NORMAL,0,0,Windows,unspecified
22:53:07.713,6.374,0.2144,0.3003,0.2573,0.3586,0.0635,NORMAL,0,0,Windows,unspecified
22:53:07.745,6.406,0.2144,0.2932,0.2538,0.3657,0.063,NORMAL,0,0,Windows,unspecified
22:53:07.788,6.45,0.2058,0.2844,0.2451,0.3559,0.0625,NORMAL,0,0,Windows,unspecified
22:53:07.825,6.486,0.2004,0.2987,0.2496,0.3547,0.062,NORMAL,0,0,Windows,unspecified
22:53:07.851,6.512,0.2184,0.3021,0.2602,0.3592,0.0615,NORMAL,0,0,Windows,unspecified
22:53:07.887,6.548,0.2184,0.2954,0.2569,0.3522,0.0611,NORMAL,0,0,Windows,unspecified
22:53:07.917,6.578,0.2203,0.2883,0.2543,0.3522,0.0606,NORMAL,0,0,Windows,unspecified
22:53:07.950,6.611,0.2371,0.3233,0.2802,0.3485,0.0602,NORMAL,0,0,Windows,unspecified
22:53:07.979,6.64,0.2309,0.318,0.2745,0.348,0.0597,NORMAL,0,0,Windows,unspecified
22:53:08.009,6.67,0.1991,0.2756,0.2373,0.3495,0.0667,NORMAL,1,0,Windows,unspecified
22:53:08.041,6.702,0.2058,0.2876,0.2467,0.3539,0.0662,NORMAL,0,0,Windows,unspecified
22:53:08.072,6.733,0.1146,0.2621,0.1883,0.3366,0.073,NORMAL,1,0,Windows,unspecified
22:53:08.105,6.766,0.1131,0.2249,0.169,0.3455,0.0797,NORMAL,2,0,Windows,unspecified
22:53:08.135,6.796,0.0653,0.1317,0.0985,0.3264,0.0863,NORMAL,3,0,Windows,unspecified
22:53:08.166,6.827,0.0653,0.1143,0.0898,0.3264,0.0929,NORMAL,4,0,Windows,unspecified
22:53:08.196,6.858,0.0498,0.0781,0.0639,0.3259,0.0993,NORMAL,5,0,Windows,unspecified
22:53:08.229,6.89,0.0452,0.0571,0.0511,0.3042,0.1056,NORMAL,6,0,Windows,unspecified
22:53:08.260,6.921,0.0113,0.0571,0.0342,0.2989,0.1119,NORMAL,7,0,Windows,unspecified
22:53:08.292,6.953,0.0549,0.065,0.06,0.3161,0.1181,NORMAL,8,0,Windows,unspecified
22:53:08.509,7.17,0.1831,0.2313,0.2072,0.3642,0.1241,NORMAL,1,0,Windows,unspecified
22:53:08.541,7.202,0.2888,0.2546,0.2717,0.4153,0.1233,NORMAL,0,0,Windows,unspecified
22:53:08.572,7.233,0.2073,0.2596,0.2334,0.3866,0.1293,NORMAL,1,0,Windows,unspecified
22:53:08.604,7.265,0.2554,0.2643,0.2599,0.3804,0.1284,NORMAL,0,0,Windows,unspecified
22:53:08.638,7.299,0.2317,0.2747,0.2532,0.3787,0.1275,NORMAL,0,0,Windows,unspecified
22:53:08.669,7.33,0.2577,0.3026,0.2801,0.3871,0.1267,NORMAL,0,0,Windows,unspecified
22:53:08.716,7.377,0.4188,0.1576,0.2882,0.3251,0.1267,NORMAL,0,0,Windows,unspecified
22:53:08.747,7.408,0.2461,0.1837,0.2149,0.3106,0.1333,NORMAL,1,0,Windows,unspecified
22:53:08.781,7.442,0.0876,0.0414,0.0645,0.3629,0.14,NORMAL,2,0,Windows,unspecified
22:53:08.811,7.472,0.0562,0.0287,0.0425,0.3762,0.1467,NORMAL,3,0,Windows,unspecified
22:53:08.846,7.507,0.1217,0.0504,0.0861,0.3674,0.1533,NORMAL,4,0,Windows,unspecified
22:53:08.874,7.535,0.1256,0.0603,0.0929,0.3719,0.16,NORMAL,5,0,Windows,unspecified
22:53:08.909,7.571,0.1182,0.053,0.0856,0.3797,0.1667,NORMAL,6,0,Windows,unspecified
22:53:08.935,7.597,0.096,0.0692,0.0826,0.3741,0.1733,NORMAL,7,0,Windows,unspecified
22:53:08.969,7.63,0.1063,0.0692,0.0878,0.37,0.1733,NORMAL,8,0,Windows,unspecified
22:53:09.001,7.662,0.1207,0.0832,0.1019,0.3781,0.1733,NORMAL,9,0,Windows,unspecified
22:53:09.031,7.692,0.1204,0.103,0.1117,0.3858,0.1733,WARNING,10,0,Windows,unspecified
22:53:09.060,7.722,0.1479,0.089,0.1185,0.4054,0.1733,WARNING,11,0,Windows,unspecified
22:53:09.115,7.776,0.1435,0.0853,0.1144,0.3929,0.1733,WARNING,12,0,Windows,unspecified
22:53:09.154,7.815,0.1283,0.115,0.1216,0.4177,0.1733,WARNING,13,0,Windows,unspecified
22:53:09.187,7.848,0.1556,0.1141,0.1349,0.4089,0.1733,WARNING,14,0,Windows,unspecified
22:53:09.217,7.878,0.1621,0.1159,0.139,0.4282,0.1733,WARNING,15,0,Windows,unspecified
22:53:09.251,7.912,0.1727,0.1223,0.1475,0.4203,0.18,WARNING,16,0,Windows,unspecified
22:53:09.280,7.941,0.1897,0.1223,0.156,0.4109,0.1867,WARNING,17,0,Windows,unspecified
22:53:09.311,7.972,0.1641,0.1398,0.152,0.4253,0.1933,WARNING,18,0,Windows,unspecified
22:53:09.341,8.002,0.18,0.1295,0.1547,0.4253,0.2,WARNING,19,0,Windows,unspecified
22:53:09.375,8.036,0.18,0.1437,0.1619,0.4253,0.2067,DROWSY,20,0,Windows,unspecified
22:53:09.405,8.066,0.1559,0.1454,0.1507,0.4252,0.2133,DROWSY,21,0,Windows,unspecified
22:53:09.424,8.085,0.1958,0.1454,0.1706,0.421,0.22,DROWSY,22,0,Windows,unspecified
22:53:09.456,8.117,0.1612,0.1178,0.1395,0.433,0.2267,DROWSY,23,0,Windows,unspecified
22:53:09.517,8.178,0.1784,0.1437,0.1611,0.4263,0.2333,DROWSY,24,0,Windows,unspecified
22:53:09.545,8.206,0.1728,0.1452,0.159,0.4133,0.24,DROWSY,25,0,Windows,unspecified
22:53:09.588,8.249,0.1786,0.144,0.1613,0.4229,0.2467,DROWSY,26,0,Windows,unspecified
22:53:09.625,8.286,0.1575,0.144,0.1508,0.4273,0.2533,DROWSY,27,0,Windows,unspecified
22:53:09.656,8.317,0.1728,0.144,0.1584,0.416,0.26,DROWSY,28,0,Windows,unspecified
22:53:09.685,8.347,0.18,0.1483,0.1641,0.4237,0.2667,DROWSY,29,0,Windows,unspecified
22:53:09.715,8.376,0.1786,0.144,0.1613,0.4265,0.2733,DROWSY,30,0,Windows,unspecified
22:53:09.750,8.411,0.1782,0.144,0.1611,0.4183,0.28,DROWSY,31,0,Windows,unspecified
22:53:09.782,8.444,0.1786,0.1479,0.1633,0.414,0.2867,DROWSY,32,0,Windows,unspecified
22:53:09.810,8.471,0.1786,0.1492,0.1639,0.4176,0.2933,DROWSY,33,0,Windows,unspecified
22:53:09.842,8.503,0.1731,0.1452,0.1591,0.4265,0.3,DROWSY,34,0,Windows,unspecified
22:53:09.873,8.534,0.1945,0.1671,0.1808,0.4176,0.3067,DROWSY,35,0,Windows,unspecified
22:53:09.922,8.583,0.1884,0.1454,0.1669,0.42,0.3133,DROWSY,36,0,Windows,unspecified
22:53:09.953,8.614,0.1575,0.1492,0.1534,0.4085,0.32,DROWSY,37,0,Windows,unspecified
22:53:09.983,8.644,0.1539,0.1454,0.1497,0.4125,0.3267,DROWSY,38,0,Windows,unspecified
22:53:10.015,8.676,0.1539,0.1454,0.1496,0.4047,0.3333,DROWSY,39,0,Windows,unspecified
22:53:10.045,8.706,0.188,0.1525,0.1702,0.4018,0.34,DROWSY,40,0,Windows,unspecified
22:53:10.078,8.739,0.1823,0.1454,0.1639,0.4107,0.3467,DROWSY,41,0,Windows,unspecified
22:53:10.107,8.768,0.1675,0.1786,0.173,0.3988,0.3533,DROWSY,42,0,Windows,unspecified
22:53:10.141,8.803,0.1687,0.1632,0.166,0.39,0.36,DROWSY,43,0,Windows,unspecified
22:53:10.173,8.834,0.1638,0.1492,0.1565,0.3952,0.3667,DROWSY,44,0,Windows,unspecified
22:53:10.203,8.864,0.1539,0.1494,0.1517,0.3983,0.3733,DROWSY,45,0,Windows,unspecified
22:53:10.235,8.896,0.1497,0.1539,0.1518,0.3942,0.38,DROWSY,46,0,Windows,unspecified
22:53:10.265,8.926,0.1315,0.1483,0.1399,0.3942,0.3867,DROWSY,47,0,Windows,unspecified
22:53:10.318,8.979,0.138,0.1542,0.1461,0.4041,0.3933,DROWSY,48,0,Windows,unspecified
22:53:10.357,9.018,0.1249,0.1527,0.1388,0.3948,0.4,DROWSY,49,0,Windows,unspecified
22:53:10.389,9.05,0.1529,0.1485,0.1507,0.4012,0.4067,DROWSY,50,0,Windows,unspecified
22:53:10.421,9.083,0.1485,0.1644,0.1564,0.3949,0.4133,DROWSY,51,0,Windows,unspecified
22:53:10.453,9.114,0.147,0.153,0.15,0.4018,0.42,DROWSY,52,0,Windows,unspecified
22:53:10.484,9.145,0.1499,0.1499,0.1499,0.4046,0.4267,DROWSY,53,0,Windows,unspecified
22:53:10.514,9.175,0.1678,0.1485,0.1581,0.4051,0.4333,DROWSY,54,0,Windows,unspecified
22:53:10.545,9.206,0.1617,0.1323,0.147,0.4063,0.44,DROWSY,55,0,Windows,unspecified
22:53:10.576,9.237,0.1629,0.1323,0.1476,0.4067,0.4467,DROWSY,56,0,Windows,unspecified
22:53:10.607,9.268,0.1529,0.1442,0.1486,0.4046,0.4533,DROWSY,57,0,Windows,unspecified
22:53:10.639,9.3,0.1485,0.1442,0.1463,0.4062,0.46,DROWSY,58,0,Windows,unspecified
22:53:10.671,9.332,0.1666,0.1442,0.1554,0.4146,0.4667,DROWSY,59,0,Windows,unspecified
22:53:10.717,9.378,0.1682,0.1388,0.1535,0.4198,0.4733,DROWSY,60,0,Windows,unspecified
22:53:10.747,9.409,0.1667,0.1303,0.1485,0.4291,0.48,DROWSY,61,0,Windows,unspecified
22:53:10.785,9.446,0.1471,0.1388,0.1429,0.4204,0.4867,DROWSY,62,0,Windows,unspecified
22:53:10.810,9.471,0.1515,0.1402,0.1459,0.4198,0.4933,DROWSY,63,0,Windows,unspecified
22:53:10.849,9.51,0.1577,0.1109,0.1343,0.4249,0.5,DROWSY,64,0,Windows,unspecified
22:53:10.871,9.532,0.1397,0.1113,0.1255,0.4406,0.5067,DROWSY,65,0,Windows,unspecified
22:53:10.907,9.568,0.1578,0.0853,0.1216,0.4485,0.5133,DROWSY,66,0,Windows,unspecified
22:53:10.936,9.597,0.1212,0.0808,0.101,0.4343,0.52,DROWSY,67,0,Windows,unspecified
22:53:10.965,9.626,0.106,0.081,0.0935,0.4366,0.5267,DROWSY,68,0,Windows,unspecified
22:53:10.996,9.657,0.1451,0.0573,0.1012,0.4454,0.5333,DROWSY,69,0,Windows,unspecified
22:53:11.027,9.688,0.129,0.0542,0.0916,0.4372,0.54,DROWSY,70,0,Windows,unspecified
22:53:11.058,9.719,0.1425,0.0831,0.1128,0.4408,0.5467,DROWSY,71,0,Windows,unspecified
22:53:11.118,9.779,0.1807,0.0786,0.1296,0.4611,0.5533,DROWSY,72,0,Windows,unspecified
22:53:11.153,9.814,0.1777,0.0703,0.124,0.4646,0.56,DROWSY,73,0,Windows,unspecified
22:53:11.184,9.845,0.1438,0.0945,0.1192,0.4777,0.5667,DROWSY,74,0,Windows,unspecified
22:53:11.217,9.878,0.1644,0.0723,0.1184,0.4727,0.5733,DROWSY,75,0,Windows,unspecified
22:53:11.248,9.909,0.1177,0.0743,0.096,0.4643,0.58,DROWSY,76,0,Windows,unspecified
22:53:11.280,9.941,0.1819,0.0965,0.1392,0.4455,0.5867,DROWSY,77,0,Windows,unspecified
22:53:11.308,9.969,0.1434,0.1,0.1217,0.46,0.5933,DROWSY,78,0,Windows,unspecified
22:53:11.342,10.003,0.1241,0.0913,0.1077,0.4628,0.6,DROWSY,79,0,Windows,unspecified
22:53:11.373,10.034,0.1241,0.0808,0.1025,0.4574,0.6067,DROWSY,80,0,Windows,unspecified
22:53:11.406,10.067,0.1522,0.0811,0.1166,0.4449,0.6133,DROWSY,81,0,Windows,unspecified
22:53:11.436,10.097,0.1694,0.0825,0.1259,0.447,0.62,DROWSY,82,0,Windows,unspecified
22:53:11.468,10.13,0.1278,0.0901,0.109,0.4278,0.6267,DROWSY,83,0,Windows,unspecified
22:53:11.520,10.181,0.0916,0.0867,0.0892,0.4006,0.6333,DROWSY,84,0,Windows,unspecified
22:53:11.546,10.207,0.1042,0.0692,0.0867,0.4057,0.64,DROWSY,85,0,Windows,unspecified
22:53:11.583,10.244,0.085,0.0709,0.078,0.3919,0.6467,DROWSY,86,0,Windows,unspecified
22:53:11.608,10.269,0.0851,0.0666,0.0758,0.386,0.6533,DROWSY,87,0,Windows,unspecified
22:53:11.650,10.311,0.0768,0.057,0.0669,0.3649,0.66,DROWSY,88,0,Windows,unspecified
22:53:11.687,10.348,0.0649,0.0646,0.0647,0.3709,0.6667,DROWSY,89,0,Windows,unspecified
22:53:11.718,10.379,0.0559,0.0485,0.0522,0.3694,0.6733,DROWSY,90,0,Windows,unspecified
22:53:11.748,10.409,0.0456,0.0562,0.0509,0.3706,0.68,DROWSY,91,0,Windows,unspecified
22:53:11.781,10.442,0.0617,0.0713,0.0665,0.3665,0.6867,DROWSY,92,0,Windows,unspecified
22:53:11.813,10.474,0.0749,0.0478,0.0613,0.3772,0.6933,DROWSY,93,0,Windows,unspecified
22:53:11.844,10.505,0.0707,0.0498,0.0602,0.3827,0.7,DROWSY,94,0,Windows,unspecified
22:53:11.874,10.535,0.1005,0.0765,0.0885,0.3944,0.7067,DROWSY,95,0,Windows,unspecified
22:53:11.919,10.58,0.106,0.0941,0.1,0.3845,0.7133,DROWSY,96,0,Windows,unspecified
22:53:11.951,10.613,0.1129,0.0943,0.1036,0.3826,0.72,DROWSY,97,0,Windows,unspecified
22:53:11.985,10.646,0.1034,0.085,0.0942,0.3834,0.7267,DROWSY,98,0,Windows,unspecified
22:53:12.012,10.673,0.0949,0.0809,0.0879,0.3808,0.7333,DROWSY,99,0,Windows,unspecified
22:53:12.047,10.708,0.0867,0.0653,0.076,0.3803,0.74,DROWSY,100,0,Windows,unspecified
22:53:12.074,10.735,0.0891,0.0924,0.0907,0.3998,0.7467,DROWSY,101,0,Windows,unspecified
22:53:12.108,10.769,0.1117,0.1226,0.1171,0.3926,0.7533,DROWSY,102,0,Windows,unspecified
22:53:12.135,10.796,0.128,0.0902,0.1091,0.3868,0.76,DROWSY,103,0,Windows,unspecified
22:53:12.168,10.829,0.1186,0.0928,0.1057,0.3929,0.7667,DROWSY,104,0,Windows,unspecified
22:53:12.199,10.86,0.1378,0.1142,0.126,0.3786,0.7733,DROWSY,105,0,Windows,unspecified
22:53:12.231,10.892,0.1341,0.0945,0.1143,0.3891,0.78,DROWSY,106,0,Windows,unspecified
22:53:12.262,10.923,0.1284,0.1111,0.1198,0.3928,0.7867,DROWSY,107,0,Windows,unspecified
22:53:12.318,10.979,0.1263,0.1145,0.1204,0.4048,0.7933,DROWSY,108,0,Windows,unspecified
22:53:12.356,11.017,0.1539,0.1011,0.1275,0.4066,0.8,DROWSY,109,0,Windows,unspecified
22:53:12.385,11.046,0.1527,0.1626,0.1577,0.4109,0.8067,DROWSY,110,0,Windows,unspecified
22:53:12.417,11.078,0.1456,0.1993,0.1725,0.4001,0.8133,DROWSY,111,0,Windows,unspecified
22:53:12.449,11.11,0.1126,0.1417,0.1272,0.4075,0.82,DROWSY,112,0,Windows,unspecified
22:53:12.480,11.141,0.1109,0.0832,0.0971,0.4113,0.8267,DROWSY,113,0,Windows,unspecified
22:53:12.510,11.171,0.0539,0.0372,0.0455,0.4009,0.8333,DROWSY,114,0,Windows,unspecified
22:53:12.542,11.203,0.0335,0.0362,0.0349,0.3999,0.84,DROWSY,115,0,Windows,unspecified
22:53:12.574,11.235,0.0334,0.0426,0.038,0.4106,0.8467,DROWSY,116,0,Windows,unspecified
22:53:12.607,11.268,0.0587,0.0543,0.0565,0.4094,0.8533,DROWSY,117,0,Windows,unspecified
22:53:12.637,11.298,0.0572,0.0573,0.0572,0.4007,0.86,DROWSY,118,0,Windows,unspecified
22:53:12.668,11.329,0.1313,0.1332,0.1322,0.4037,0.8667,DROWSY,119,0,Windows,unspecified
22:53:12.720,11.381,0.2286,0.2033,0.216,0.3981,0.8733,DROWSY,120,0,Windows,unspecified
22:53:12.745,11.406,0.228,0.2015,0.2148,0.392,0.88,DROWSY,121,0,Windows,unspecified
22:53:12.784,11.446,0.2645,0.219,0.2418,0.399,0.88,DROWSY,0,0,Windows,unspecified
22:53:12.809,11.47,0.2669,0.2324,0.2497,0.3913,0.88,DROWSY,0,0,Windows,unspecified
22:53:12.847,11.508,0.2957,0.2815,0.2886,0.3873,0.88,DROWSY,0,0,Windows,unspecified
22:53:12.870,11.531,0.3122,0.3087,0.3105,0.3855,0.88,DROWSY,0,0,Windows,unspecified
22:53:12.909,11.57,0.3684,0.3495,0.3589,0.3885,0.88,DROWSY,0,0,Windows,unspecified
22:53:12.935,11.596,0.3828,0.3657,0.3742,0.3875,0.88,DROWSY,0,0,Windows,unspecified
22:53:12.964,11.625,0.3857,0.3781,0.3819,0.3903,0.88,DROWSY,0,0,Windows,unspecified
22:53:12.997,11.658,0.4,0.3811,0.3906,0.3875,0.88,DROWSY,0,0,Windows,unspecified
22:53:13.027,11.688,0.4025,0.3915,0.397,0.3901,0.88,DROWSY,0,0,Windows,unspecified
22:53:13.059,11.721,0.4285,0.4308,0.4296,0.3803,0.88,DROWSY,0,0,Windows,unspecified
22:53:13.116,11.777,0.4444,0.4439,0.4441,0.3811,0.88,DROWSY,0,0,Windows,unspecified
22:53:13.153,11.814,0.4327,0.4418,0.4372,0.3811,0.88,DROWSY,0,0,Windows,unspecified
22:53:13.180,11.841,0.4424,0.4441,0.4432,0.3794,0.8733,DROWSY,0,0,Windows,unspecified
22:53:13.214,11.876,0.4564,0.4397,0.448,0.3794,0.8733,DROWSY,0,0,Windows,unspecified
22:53:13.248,11.909,0.4305,0.4419,0.4362,0.3849,0.8667,DROWSY,0,0,Windows,unspecified
22:53:13.278,11.939,0.4585,0.4397,0.4491,0.3842,0.86,DROWSY,0,0,Windows,unspecified
22:53:13.307,11.968,0.4541,0.4541,0.4541,0.3842,0.8533,DROWSY,0,0,Windows,unspecified
22:53:13.340,12.001,0.4584,0.4402,0.4493,0.3817,0.8467,DROWSY,0,0,Windows,unspecified
22:53:13.371,12.032,0.4584,0.4305,0.4444,0.3817,0.84,DROWSY,0,0,Windows,unspecified
22:53:13.401,12.062,0.4561,0.4424,0.4493,0.3953,0.8333,DROWSY,0,0,Windows,unspecified
22:53:13.433,12.094,0.43,0.4305,0.4302,0.3854,0.8267,DROWSY,0,0,Windows,unspecified
22:53:13.465,12.126,0.4282,0.4446,0.4364,0.3867,0.82,DROWSY,0,0,Windows,unspecified
22:53:13.516,12.177,0.4401,0.4444,0.4422,0.3834,0.8133,DROWSY,0,0,Windows,unspecified
22:53:13.546,12.207,0.4282,0.4326,0.4304,0.388,0.8133,DROWSY,0,0,Windows,unspecified
22:53:13.584,12.245,0.4262,0.4204,0.4233,0.3867,0.8067,DROWSY,0,0,Windows,unspecified
22:53:13.622,12.283,0.4261,0.4326,0.4294,0.3849,0.8067,DROWSY,0,0,Windows,unspecified
22:53:13.651,12.312,0.4424,0.4336,0.438,0.3734,0.8067,DROWSY,0,0,Windows,unspecified
22:53:13.682,12.343,0.4418,0.4446,0.4432,0.3829,0.8067,DROWSY,0,0,Windows,unspecified
22:53:13.712,12.373,0.4305,0.4447,0.4376,0.3794,0.8067,DROWSY,0,0,Windows,unspecified
22:53:13.746,12.407,0.4305,0.4419,0.4362,0.3726,0.8,DROWSY,0,0,Windows,unspecified
22:53:13.775,12.436,0.4326,0.4305,0.4315,0.3696,0.7933,DROWSY,0,0,Windows,unspecified
22:53:13.807,12.468,0.4575,0.4439,0.4507,0.3796,0.7867,DROWSY,0,0,Windows,unspecified
22:53:13.837,12.498,0.4282,0.4305,0.4294,0.3732,0.78,DROWSY,0,0,Windows,unspecified
22:53:13.869,12.53,0.4149,0.4357,0.4253,0.3673,0.7733,DROWSY,0,0,Windows,unspecified
22:53:13.916,12.577,0.4261,0.4212,0.4237,0.3841,0.7667,DROWSY,0,0,Windows,unspecified
22:53:13.947,12.608,0.3991,0.3881,0.3936,0.3701,0.76,DROWSY,0,0,Windows,unspecified
22:53:13.984,12.645,0.404,0.3849,0.3945,0.379,0.7533,DROWSY,0,0,Windows,unspecified
22:53:14.009,12.67,0.415,0.4133,0.4142,0.3828,0.7467,DROWSY,0,0,Windows,unspecified
22:53:14.048,12.71,0.4172,0.4057,0.4115,0.3828,0.74,DROWSY,0,0,Windows,unspecified
22:53:14.073,12.735,0.4172,0.4133,0.4153,0.3768,0.7333,DROWSY,0,0,Windows,unspecified
22:53:14.109,12.77,0.4171,0.4133,0.4152,0.3822,0.7267,DROWSY,0,0,Windows,unspecified
22:53:14.135,12.796,0.404,0.4149,0.4095,0.3822,0.72,DROWSY,0,0,Windows,unspecified
22:53:14.166,12.827,0.4172,0.4149,0.416,0.3748,0.7133,DROWSY,0,0,Windows,unspecified
22:53:14.197,12.858,0.4172,0.4083,0.4127,0.3762,0.7067,DROWSY,0,0,Windows,unspecified
22:53:14.228,12.889,0.4172,0.4104,0.4138,0.3801,0.7,DROWSY,0,0,Windows,unspecified
22:53:14.260,12.921,0.4282,0.4343,0.4313,0.3823,0.6933,DROWSY,0,0,Windows,unspecified
22:53:14.319,12.98,0.4191,0.4212,0.4202,0.3733,0.6867,DROWSY,0,0,Windows,unspecified
22:53:14.354,13.015,0.4191,0.4084,0.4138,0.3717,0.68,DROWSY,0,0,Windows,unspecified
22:53:14.382,13.043,0.3347,0.3324,0.3336,0.3717,0.6733,DROWSY,0,0,Windows,unspecified
22:53:14.416,13.077,0.3076,0.3107,0.3091,0.3792,0.6667,DROWSY,0,0,Windows,unspecified
22:53:14.448,13.109,0.0808,0.0865,0.0837,0.3805,0.6667,DROWSY,1,0,Windows,unspecified
22:53:14.477,13.138,0.0528,0.0603,0.0565,0.3748,0.6667,DROWSY,2,0,Windows,unspecified
22:53:14.513,13.174,0.1111,0.0924,0.1017,0.3768,0.6667,DROWSY,3,0,Windows,unspecified
22:53:14.541,13.202,0.1587,0.0833,0.121,0.3638,0.6667,DROWSY,4,0,Windows,unspecified
22:53:14.571,13.232,0.1773,0.1186,0.1479,0.371,0.6667,DROWSY,5,0,Windows,unspecified
22:53:14.603,13.264,0.2382,0.2252,0.2317,0.3608,0.6667,DROWSY,6,0,Windows,unspecified
22:53:14.635,13.296,0.2801,0.279,0.2796,0.3731,0.66,DROWSY,0,0,Windows,unspecified
22:53:14.664,13.325,0.0998,0.1173,0.1085,0.3625,0.66,DROWSY,1,0,Windows,unspecified
22:53:14.716,13.377,0.1001,0.0973,0.0987,0.3689,0.66,DROWSY,2,0,Windows,unspecified
22:53:14.744,13.406,0.1153,0.1174,0.1164,0.3821,0.66,DROWSY,3,0,Windows,unspecified
22:53:14.780,13.441,0.268,0.2582,0.2631,0.3639,0.6533,DROWSY,0,0,Windows,unspecified
22:53:14.805,13.466,0.2712,0.2884,0.2798,0.368,0.6467,DROWSY,0,0,Windows,unspecified
22:53:14.848,13.509,0.3441,0.3455,0.3448,0.3683,0.64,DROWSY,0,0,Windows,unspecified
22:53:14.883,13.545,0.3581,0.3537,0.3559,0.3625,0.6333,DROWSY,0,0,Windows,unspecified
22:53:14.911,13.572,0.372,0.3923,0.3822,0.3709,0.6267,DROWSY,0,0,Windows,unspecified
22:53:14.943,13.604,0.386,0.3805,0.3833,0.3658,0.62,DROWSY,0,0,Windows,unspecified
22:53:14.975,13.636,0.3704,0.3899,0.3802,0.3651,0.6133,DROWSY,0,0,Windows,unspecified
22:53:15.008,13.669,0.386,0.4007,0.3934,0.3751,0.6067,DROWSY,0,0,Windows,unspecified
22:53:15.037,13.698,0.4,0.4007,0.4004,0.3761,0.6,DROWSY,0,0,Windows,unspecified
22:53:15.072,13.733,0.4285,0.4007,0.4146,0.3853,0.5933,DROWSY,0,0,Windows,unspecified
22:53:15.117,13.779,0.4025,0.4007,0.4016,0.386,0.5867,DROWSY,0,0,Windows,unspecified
22:53:15.148,13.809,0.386,0.4025,0.3942,0.3906,0.58,DROWSY,0,0,Windows,unspecified
22:53:15.185,13.846,0.386,0.3765,0.3813,0.3921,0.5733,DROWSY,0,0,Windows,unspecified
22:53:15.209,13.87,0.3874,0.3887,0.388,0.3976,0.5667,DROWSY,0,0,Windows,unspecified
22:53:15.249,13.91,0.1398,0.1289,0.1343,0.3922,0.5667,DROWSY,1,0,Windows,unspecified
22:53:15.271,13.932,0.0526,0.0664,0.0595,0.3908,0.5667,DROWSY,2,0,Windows,unspecified
22:53:15.310,13.971,0.0526,0.0382,0.0454,0.3937,0.5667,DROWSY,3,0,Windows,unspecified
22:53:15.335,13.996,0.0405,0.0317,0.0361,0.4014,0.5667,DROWSY,4,0,Windows,unspecified
22:53:15.367,14.028,0.0437,0.0371,0.0404,0.3938,0.5667,DROWSY,5,0,Windows,unspecified
22:53:15.398,14.059,0.1339,0.1396,0.1368,0.3974,0.5667,DROWSY,6,0,Windows,unspecified
22:53:15.429,14.09,0.1529,0.1642,0.1585,0.3962,0.5667,DROWSY,7,0,Windows,unspecified
22:53:15.460,14.121,0.2669,0.2701,0.2685,0.3904,0.56,DROWSY,0,0,Windows,unspecified
22:53:15.521,14.182,0.2979,0.3246,0.3113,0.4052,0.5533,DROWSY,0,0,Windows,unspecified
22:53:15.554,14.215,0.3282,0.3226,0.3254,0.4,0.5467,DROWSY,0,0,Windows,unspecified
22:53:15.584,14.245,0.3305,0.3379,0.3342,0.3948,0.54,DROWSY,0,0,Windows,unspecified
22:53:15.615,14.277,0.3458,0.3226,0.3342,0.409,0.5333,DROWSY,0,0,Windows,unspecified
22:53:15.647,14.308,0.3592,0.3359,0.3475,0.4039,0.5267,DROWSY,0,0,Windows,unspecified
22:53:15.677,14.338,0.3592,0.3535,0.3564,0.3969,0.52,DROWSY,0,0,Windows,unspecified
22:53:15.723,14.384,0.3592,0.3504,0.3548,0.3988,0.5133,DROWSY,0,0,Windows,unspecified
22:53:15.756,14.417,0.3592,0.3504,0.3548,0.3946,0.5067,DROWSY,0,0,Windows,unspecified
22:53:15.788,14.449,0.3592,0.3504,0.3548,0.3946,0.5,DROWSY,0,0,Windows,unspecified
22:53:15.819,14.48,0.3803,0.3667,0.3735,0.4084,0.4933,DROWSY,0,0,Windows,unspecified
22:53:15.850,14.511,0.3672,0.3667,0.3669,0.3978,0.4867,DROWSY,0,0,Windows,unspecified
22:53:15.881,14.542,0.3643,0.3705,0.3674,0.4014,0.48,DROWSY,0,0,Windows,unspecified
22:53:15.920,14.581,0.3941,0.3688,0.3814,0.3996,0.4733,DROWSY,0,0,Windows,unspecified
22:53:15.945,14.607,0.3941,0.3564,0.3753,0.3946,0.4667,DROWSY,0,0,Windows,unspecified
22:53:15.984,14.645,0.3653,0.3164,0.3408,0.4056,0.46,DROWSY,0,0,Windows,unspecified
22:53:16.009,14.67,0.3205,0.3164,0.3184,0.3962,0.4533,DROWSY,0,0,Windows,unspecified
22:53:16.044,14.705,0.2908,0.2861,0.2884,0.4048,0.4467,DROWSY,0,0,Windows,unspecified
22:53:16.071,14.732,0.2937,0.2719,0.2828,0.4056,0.44,DROWSY,0,0,Windows,unspecified
22:53:16.126,14.787,0.2889,0.2677,0.2783,0.4102,0.4333,DROWSY,0,0,Windows,unspecified
22:53:16.163,14.824,0.2998,0.2653,0.2825,0.4097,0.4267,DROWSY,0,0,Windows,unspecified
22:53:16.194,14.855,0.2869,0.2799,0.2834,0.4056,0.42,DROWSY,0,0,Windows,unspecified
22:53:16.224,14.885,0.2995,0.2653,0.2824,0.4056,0.4133,DROWSY,0,0,Windows,unspecified
22:53:16.253,14.914,0.3134,0.2799,0.2967,0.4056,0.4067,DROWSY,0,0,Windows,unspecified
22:53:16.288,14.949,0.304,0.282,0.293,0.4119,0.4,DROWSY,0,0,Windows,unspecified
22:53:16.319,14.981,0.1317,0.1126,0.1222,0.403,0.4,DROWSY,1,0,Windows,unspecified
22:53:16.351,15.012,0.0989,0.0832,0.091,0.408,0.4,DROWSY,2,0,Windows,unspecified
22:53:16.384,15.045,0.0717,0.0688,0.0702,0.4127,0.4,DROWSY,3,0,Windows,unspecified
22:53:16.413,15.074,0.054,0.054,0.054,0.403,0.4,DROWSY,4,0,Windows,unspecified
22:53:16.448,15.109,0.1842,0.1583,0.1713,0.3995,0.4,DROWSY,5,0,Windows,unspecified
22:53:16.475,15.136,0.2087,0.1774,0.193,0.4082,0.4,DROWSY,6,0,Windows,unspecified
22:53:16.526,15.187,0.3183,0.2957,0.307,0.4082,0.3933,DROWSY,0,0,Windows,unspecified
22:53:16.552,15.213,0.3033,0.3256,0.3144,0.4032,0.3867,DROWSY,0,0,Windows,unspecified
22:53:16.583,15.244,0.3183,0.3246,0.3215,0.4032,0.38,DROWSY,0,0,Windows,unspecified
22:53:16.617,15.278,0.3484,0.3436,0.346,0.4099,0.3733,DROWSY,0,0,Windows,unspecified
22:53:16.647,15.308,0.3502,0.3577,0.354,0.4092,0.3667,DROWSY,0,0,Windows,unspecified
22:53:16.677,15.338,0.3791,0.3811,0.3801,0.401,0.36,DROWSY,0,0,Windows,unspecified
22:53:16.719,15.38,0.3791,0.3845,0.3818,0.403,0.3533,DROWSY,0,0,Windows,unspecified
22:53:16.756,15.417,0.394,0.386,0.39,0.3989,0.3467,NORMAL,0,0,Windows,unspecified
22:53:16.786,15.447,0.3971,0.3986,0.3979,0.4072,0.34,NORMAL,0,0,Windows,unspecified
22:53:16.819,15.481,0.3954,0.3859,0.3907,0.4103,0.3333,NORMAL,0,0,Windows,unspecified
22:53:16.850,15.511,0.4101,0.3876,0.3989,0.4035,0.3267,NORMAL,0,0,Windows,unspecified
22:53:16.881,15.542,0.4245,0.4126,0.4185,0.4055,0.32,NORMAL,0,0,Windows,unspecified
22:53:16.925,15.586,0.4245,0.4261,0.4253,0.3879,0.3133,NORMAL,0,0,Windows,unspecified
22:53:16.960,15.621,0.442,0.4266,0.4343,0.3878,0.3067,NORMAL,0,0,Windows,unspecified
22:53:16.990,15.651,0.4548,0.4247,0.4398,0.3939,0.3,NORMAL,0,0,Windows,unspecified
22:53:17.021,15.682,0.428,0.4267,0.4274,0.401,0.2933,NORMAL,0,0,Windows,unspecified
22:53:17.050,15.711,0.4155,0.4261,0.4208,0.3954,0.2867,NORMAL,0,0,Windows,unspecified
22:53:17.084,15.745,0.4,0.4122,0.4061,0.3964,0.28,NORMAL,0,0,Windows,unspecified
22:53:17.119,15.78,0.4259,0.4126,0.4193,0.3898,0.2733,NORMAL,0,0,Windows,unspecified
22:53:17.145,15.806,0.4115,0.4165,0.414,0.3886,0.2667,NORMAL,0,0,Windows,unspecified
22:53:17.183,15.844,0.3971,0.4025,0.3998,0.3971,0.26,NORMAL,0,0,Windows,unspecified
22:53:17.209,15.871,0.4245,0.4165,0.4205,0.405,0.2533,NORMAL,0,0,Windows,unspecified
22:53:17.246,15.907,0.4115,0.414,0.4128,0.3956,0.2467,NORMAL,0,0,Windows,unspecified
22:53:17.272,15.933,0.3971,0.414,0.4056,0.3956,0.24,NORMAL,0,0,Windows,unspecified
22:53:17.325,15.986,0.4115,0.4155,0.4135,0.3954,0.2333,NORMAL,0,0,Windows,unspecified
22:53:17.347,16.008,0.4255,0.4,0.4127,0.4055,0.2267,NORMAL,0,0,Windows,unspecified
22:53:17.382,16.043,0.4106,0.3985,0.4045,0.4004,0.22,NORMAL,0,0,Windows,unspecified
22:53:17.411,16.072,0.4101,0.3878,0.3989,0.404,0.2133,NORMAL,0,0,Windows,unspecified
22:53:17.445,16.106,0.4254,0.4014,0.4134,0.4082,0.2067,NORMAL,0,0,Windows,unspecified
22:53:17.475,16.136,0.3956,0.4,0.3978,0.3946,0.2,NORMAL,0,0,Windows,unspecified
22:53:17.522,16.183,0.4245,0.4014,0.413,0.4008,0.1933,NORMAL,0,0,Windows,unspecified
22:53:17.553,16.214,0.4115,0.3904,0.401,0.3982,0.1867,NORMAL,0,0,Windows,unspecified
22:53:17.584,16.246,0.4101,0.3878,0.3989,0.406,0.18,NORMAL,0,0,Windows,unspecified
22:53:17.615,16.276,0.4101,0.3845,0.3973,0.3988,0.1733,NORMAL,0,0,Windows,unspecified
22:53:17.648,16.309,0.3986,0.3985,0.3986,0.3958,0.1667,NORMAL,0,0,Windows,unspecified
22:53:17.677,16.339,0.3986,0.4,0.3993,0.3892,0.16,NORMAL,0,0,Windows,unspecified
22:53:17.725,16.386,0.3986,0.4039,0.4013,0.3961,0.1533,NORMAL,0,0,Windows,unspecified
22:53:17.758,16.419,0.3986,0.3999,0.3993,0.3892,0.1467,NORMAL,0,0,Windows,unspecified
22:53:17.787,16.448,0.3999,0.3876,0.3937,0.3892,0.1467,NORMAL,0,0,Windows,unspecified
22:53:17.819,16.48,0.3971,0.4027,0.3999,0.3924,0.1467,NORMAL,0,0,Windows,unspecified
22:53:17.850,16.511,0.3986,0.4,0.3993,0.392,0.1467,NORMAL,0,0,Windows,unspecified
22:53:17.881,16.542,0.4115,0.3845,0.398,0.3852,0.1467,NORMAL,0,0,Windows,unspecified
22:53:17.921,16.582,0.4143,0.374,0.3942,0.3878,0.1467,NORMAL,0,0,Windows,unspecified
22:53:17.944,16.606,0.4115,0.3891,0.4003,0.39,0.1467,NORMAL,0,0,Windows,unspecified
22:53:17.982,16.643,0.4115,0.3875,0.3995,0.3792,0.1467,NORMAL,0,0,Windows,unspecified
22:53:18.007,16.668,0.4259,0.386,0.406,0.3787,0.1467,NORMAL,0,0,Windows,unspecified
22:53:18.046,16.707,0.4143,0.4,0.4072,0.3717,0.1467,NORMAL,0,0,Windows,unspecified
22:53:18.071,16.733,0.4131,0.428,0.4206,0.3775,0.1467,NORMAL,0,0,Windows,unspecified
22:53:18.127,16.788,0.4403,0.4301,0.4352,0.3906,0.1467,NORMAL,0,0,Windows,unspecified
22:53:18.163,16.824,0.409,0.3845,0.3967,0.388,0.1467,NORMAL,0,0,Windows,unspecified
22:53:18.191,16.852,0.4101,0.3986,0.4044,0.3927,0.1467,NORMAL,0,0,Windows,unspecified
22:53:18.226,16.887,0.3986,0.386,0.3923,0.3898,0.1467,NORMAL,0,0,Windows,unspecified
22:53:18.253,16.914,0.3828,0.372,0.3774,0.3925,0.1467,NORMAL,0,0,Windows,unspecified
22:53:18.286,16.947,0.3999,0.3872,0.3935,0.3934,0.1467,NORMAL,0,0,Windows,unspecified
22:53:18.321,16.982,0.3971,0.3845,0.3908,0.3875,0.1467,NORMAL,0,0,Windows,unspecified
22:53:18.349,17.01,0.4106,0.4115,0.411,0.3857,0.1467,NORMAL,0,0,Windows,unspecified
22:53:18.384,17.045,0.3986,0.3971,0.3979,0.3892,0.1467,NORMAL,0,0,Windows,unspecified
22:53:18.410,17.071,0.4089,0.4106,0.4098,0.3982,0.1467,NORMAL,0,0,Windows,unspecified
22:53:18.446,17.107,0.4115,0.3843,0.3979,0.3982,0.1467,NORMAL,0,0,Windows,unspecified
22:53:18.474,17.135,0.4166,0.4027,0.4097,0.3916,0.1467,NORMAL,0,0,Windows,unspecified
22:53:18.525,17.186,0.3986,0.3887,0.3937,0.3867,0.1467,NORMAL,0,0,Windows,unspecified
22:53:18.552,17.213,0.3971,0.3747,0.3859,0.3894,0.1467,NORMAL,0,0,Windows,unspecified
22:53:18.585,17.246,0.3971,0.387,0.3921,0.393,0.1467,NORMAL,0,0,Windows,unspecified
22:53:18.615,17.276,0.3999,0.3845,0.3922,0.3903,0.1467,NORMAL,0,0,Windows,unspecified
22:53:18.647,17.308,0.3986,0.3985,0.3986,0.3854,0.1467,NORMAL,0,0,Windows,unspecified
22:53:18.676,17.337,0.3971,0.3845,0.3908,0.3879,0.1467,NORMAL,0,0,Windows,unspecified
22:53:18.719,17.38,0.3971,0.3725,0.3848,0.4006,0.1467,NORMAL,0,0,Windows,unspecified
22:53:18.755,17.416,0.4014,0.3986,0.4,0.3923,0.1467,NORMAL,0,0,Windows,unspecified
22:53:18.787,17.448,0.4539,0.4126,0.4332,0.3904,0.1467,NORMAL,0,0,Windows,unspecified
22:53:18.818,17.479,0.4579,0.4273,0.4426,0.3972,0.1467,NORMAL,0,0,Windows,unspecified
22:53:18.849,17.511,0.4106,0.4,0.4053,0.3887,0.1467,NORMAL,0,0,Windows,unspecified
22:53:18.882,17.543,0.4325,0.4122,0.4224,0.375,0.1467,NORMAL,0,0,Windows,unspecified
22:53:18.913,17.574,0.3912,0.4101,0.4006,0.3765,0.1467,NORMAL,0,0,Windows,unspecified
22:53:18.943,17.604,0.4222,0.3798,0.401,0.3788,0.1467,NORMAL,0,0,Windows,unspecified
22:53:18.974,17.635,0.3912,0.382,0.3866,0.3716,0.1467,NORMAL,0,0,Windows,unspecified
22:53:19.007,17.668,0.4024,0.382,0.3922,0.3749,0.1467,NORMAL,0,0,Windows,unspecified
22:53:19.038,17.699,0.4222,0.3991,0.4107,0.3726,0.1467,NORMAL,0,0,Windows,unspecified
22:53:19.068,17.729,0.404,0.3983,0.4011,0.3786,0.1467,NORMAL,0,0,Windows,unspecified
22:53:19.121,17.782,0.404,0.387,0.3955,0.3866,0.1467,NORMAL,0,0,Windows,unspecified
22:53:19.146,17.807,0.4195,0.4108,0.4152,0.3881,0.1467,NORMAL,0,0,Windows,unspecified
22:53:19.181,17.842,0.4314,0.3968,0.4141,0.4,0.1467,NORMAL,0,0,Windows,unspecified
22:53:19.210,17.871,0.4314,0.386,0.4087,0.3957,0.1467,NORMAL,0,0,Windows,unspecified
22:53:19.245,17.906,0.4171,0.3725,0.3948,0.3913,0.1467,NORMAL,0,0,Windows,unspecified
22:53:19.269,17.93,0.4052,0.3997,0.4024,0.3911,0.1467,NORMAL,0,0,Windows,unspecified
22:53:19.301,17.962,0.4314,0.3997,0.4156,0.3911,0.1467,NORMAL,0,0,Windows,unspecified
22:53:19.333,17.994,0.4014,0.3997,0.4006,0.401,0.1467,NORMAL,0,0,Windows,unspecified
22:53:19.364,18.025,0.4026,0.386,0.3943,0.3985,0.1467,NORMAL,0,0,Windows,unspecified
22:53:19.395,18.056,0.4026,0.3861,0.3944,0.3985,0.1467,NORMAL,0,0,Windows,unspecified
22:53:19.428,18.089,0.4314,0.4014,0.4164,0.4076,0.14,NORMAL,0,0,Windows,unspecified
22:53:19.459,18.12,0.4014,0.3845,0.393,0.4181,0.1333,NORMAL,0,0,Windows,unspecified
22:53:19.515,18.176,0.3739,0.3828,0.3783,0.4083,0.1267,NORMAL,0,0,Windows,unspecified
22:53:19.553,18.214,0.3739,0.3921,0.383,0.3985,0.12,NORMAL,0,0,Windows,unspecified
22:53:19.582,18.243,0.3803,0.3632,0.3718,0.4056,0.1133,NORMAL,0,0,Windows,unspecified
22:53:19.611,18.272,0.3512,0.3488,0.35,0.4056,0.1067,NORMAL,0,0,Windows,unspecified
22:53:19.645,18.307,0.288,0.2667,0.2773,0.4056,0.1067,NORMAL,0,0,Windows,unspecified
22:53:19.677,18.338,0.2393,0.2362,0.2378,0.3984,0.1067,NORMAL,1,0,Windows,unspecified
22:53:19.707,18.368,0.2471,0.2217,0.2344,0.4029,0.1067,NORMAL,2,0,Windows,unspecified
22:53:19.737,18.398,0.2427,0.1931,0.2179,0.4056,0.1067,NORMAL,3,0,Windows,unspecified
22:53:19.769,18.43,0.2108,0.1872,0.199,0.4049,0.1133,NORMAL,4,0,Windows,unspecified
22:53:19.801,18.462,0.2851,0.2461,0.2656,0.4013,0.1133,NORMAL,0,0,Windows,unspecified
22:53:19.834,18.495,0.2879,0.2724,0.2801,0.3996,0.1133,NORMAL,0,0,Windows,unspecified
22:53:19.862,18.523,0.3235,0.3033,0.3134,0.4039,0.1133,NORMAL,0,0,Windows,unspecified
22:53:19.921,18.582,0.3395,0.3323,0.3359,0.4021,0.1133,NORMAL,0,0,Windows,unspecified
22:53:19.960,18.621,0.3401,0.3023,0.3212,0.3996,0.1133,NORMAL,0,0,Windows,unspecified
22:53:19.989,18.65,0.3471,0.3173,0.3322,0.4044,0.1133,NORMAL,0,0,Windows,unspecified
22:53:20.022,18.683,0.3318,0.3309,0.3313,0.3977,0.1133,NORMAL,0,0,Windows,unspecified
22:53:20.052,18.713,0.3318,0.3459,0.3388,0.3935,0.1133,NORMAL,0,0,Windows,unspecified
22:53:20.084,18.745,0.3318,0.3309,0.3313,0.396,0.1133,NORMAL,0,0,Windows,unspecified
22:53:20.116,18.777,0.3445,0.3153,0.3299,0.3979,0.1133,NORMAL,0,0,Windows,unspecified
22:53:20.148,18.809,0.3492,0.3353,0.3423,0.389,0.1133,NORMAL,0,0,Windows,unspecified
22:53:20.179,18.84,0.3536,0.3207,0.3372,0.389,0.1133,NORMAL,0,0,Windows,unspecified
22:53:20.209,18.87,0.3458,0.3452,0.3455,0.3865,0.1133,NORMAL,0,0,Windows,unspecified
22:53:20.243,18.904,0.3468,0.3459,0.3463,0.392,0.1067,NORMAL,0,0,Windows,unspecified
22:53:20.272,18.933,0.36,0.3493,0.3546,0.39,0.1,NORMAL,0,0,Windows,unspecified
22:53:20.318,18.979,0.3706,0.3323,0.3515,0.3895,0.0933,NORMAL,0,0,Windows,unspecified
22:53:20.350,19.011,0.3706,0.3345,0.3526,0.3946,0.0867,NORMAL,0,0,Windows,unspecified
22:53:20.385,19.046,0.3706,0.3473,0.3589,0.3866,0.08,NORMAL,0,0,Windows,unspecified
22:53:20.411,19.072,0.3547,0.3484,0.3515,0.3964,0.0733,NORMAL,0,0,Windows,unspecified
22:53:20.446,19.107,0.3748,0.3354,0.3551,0.3937,0.0667,NORMAL,0,0,Windows,unspecified
22:53:20.474,19.135,0.3326,0.3484,0.3405,0.3906,0.0667,NORMAL,0,0,Windows,unspecified
22:53:20.505,19.166,0.3305,0.3333,0.3319,0.3928,0.0667,NORMAL,0,0,Windows,unspecified
22:53:20.532,19.193,0.3432,0.3479,0.3455,0.3928,0.0667,NORMAL,0,0,Windows,unspecified
22:53:20.569,19.23,0.3546,0.3354,0.345,0.3935,0.0667,NORMAL,0,0,Windows,unspecified
22:53:20.602,19.263,0.3547,0.3354,0.345,0.3991,0.0667,NORMAL,0,0,Windows,unspecified
22:53:20.631,19.292,0.354,0.3305,0.3422,0.3957,0.0667,NORMAL,0,0,Windows,unspecified
22:53:20.664,19.325,0.3664,0.3326,0.3495,0.4045,0.0667,NORMAL,0,0,Windows,unspecified
22:53:20.718,19.379,0.3649,0.3125,0.3387,0.3919,0.0667,NORMAL,0,0,Windows,unspecified
22:53:20.755,19.416,0.3498,0.3099,0.3299,0.3995,0.0667,NORMAL,0,0,Windows,unspecified
22:53:20.787,19.448,0.2498,0.133,0.1914,0.3862,0.0733,NORMAL,1,0,Windows,unspecified
22:53:20.818,19.479,0.2064,0.1155,0.1609,0.395,0.08,NORMAL,2,0,Windows,unspecified
22:53:20.850,19.511,0.1895,0.109,0.1493,0.3931,0.0867,NORMAL,3,0,Windows,unspecified
22:53:20.879,19.54,0.191,0.1167,0.1538,0.3961,0.0933,NORMAL,4,0,Windows,unspecified
22:53:20.911,19.572,0.1963,0.1234,0.1599,0.3969,0.1,NORMAL,5,0,Windows,unspecified
22:53:20.945,19.606,0.2603,0.2187,0.2395,0.3989,0.1,NORMAL,0,0,Windows,unspecified
22:53:20.975,19.636,0.2608,0.2603,0.2605,0.3949,0.1,NORMAL,0,0,Windows,unspecified
22:53:21.007,19.668,0.3121,0.2944,0.3033,0.3946,0.1,NORMAL,0,0,Windows,unspecified
22:53:21.038,19.7,0.2847,0.2674,0.276,0.3881,0.1,NORMAL,0,0,Windows,unspecified
22:53:21.069,19.731,0.3292,0.3012,0.3152,0.4065,0.1,NORMAL,0,0,Windows,unspecified
22:53:21.117,19.778,0.294,0.3012,0.2976,0.3959,0.1,NORMAL,0,0,Windows,unspecified
22:53:21.147,19.808,0.3292,0.2915,0.3104,0.3893,0.1,NORMAL,0,0,Windows,unspecified
22:53:21.183,19.844,0.3012,0.3012,0.3012,0.3967,0.1,NORMAL,0,0,Windows,unspecified
22:53:21.209,19.87,0.3008,0.292,0.2964,0.3835,0.1,NORMAL,0,0,Windows,unspecified
22:53:21.245,19.906,0.3067,0.3264,0.3166,0.3886,0.1,NORMAL,0,0,Windows,unspecified
22:53:21.271,19.932,0.3343,0.3158,0.325,0.3905,0.1,NORMAL,0,0,Windows,unspecified
22:53:21.301,19.962,0.3387,0.3318,0.3352,0.3904,0.0933,NORMAL,0,0,Windows,unspecified
22:53:21.333,19.994,0.3508,0.3425,0.3466,0.4003,0.0867,NORMAL,0,0,Windows,unspecified
22:53:21.364,20.025,0.3508,0.3235,0.3372,0.397,0.08,NORMAL,0,0,Windows,unspecified
22:53:21.394,20.056,0.152,0.1104,0.1312,0.4034,0.08,NORMAL,1,0,Windows,unspecified
22:53:21.424,20.085,0.131,0.0642,0.0976,0.397,0.08,NORMAL,2,0,Windows,unspecified
22:53:21.457,20.118,0.0698,0.0606,0.0652,0.4003,0.08,NORMAL,3,0,Windows,unspecified
22:53:21.519,20.181,0.2191,0.1746,0.1969,0.3945,0.0867,NORMAL,4,0,Windows,unspecified
22:53:21.550,20.211,0.2191,0.1961,0.2076,0.3936,0.0933,NORMAL,5,0,Windows,unspecified
22:53:21.581,20.242,0.2473,0.2755,0.2614,0.3853,0.0933,NORMAL,0,0,Windows,unspecified
22:53:21.614,20.275,0.244,0.2515,0.2477,0.3917,0.0933,NORMAL,0,0,Windows,unspecified
22:53:21.644,20.305,0.3067,0.2995,0.3031,0.3927,0.0933,NORMAL,0,0,Windows,unspecified
22:53:21.676,20.337,0.3075,0.285,0.2962,0.3947,0.0933,NORMAL,0,0,Windows,unspecified
22:53:21.707,20.368,0.3075,0.285,0.2962,0.3918,0.0933,NORMAL,0,0,Windows,unspecified
22:53:21.740,20.401,0.3395,0.3127,0.3261,0.3947,0.0933,NORMAL,0,0,Windows,unspecified
22:53:21.771,20.432,0.3282,0.3127,0.3204,0.3977,0.0933,NORMAL,0,0,Windows,unspecified
22:53:21.801,20.463,0.3395,0.2889,0.3142,0.3983,0.0933,NORMAL,0,0,Windows,unspecified
22:53:21.832,20.493,0.3075,0.2889,0.2982,0.3947,0.0933,NORMAL,0,0,Windows,unspecified
22:53:21.863,20.524,0.3395,0.2883,0.3139,0.3854,0.0933,NORMAL,0,0,Windows,unspecified
22:53:21.921,20.582,0.3298,0.2883,0.309,0.389,0.0933,NORMAL,0,0,Windows,unspecified
22:53:21.957,20.619,0.3298,0.3323,0.331,0.3848,0.0933,NORMAL,0,0,Windows,unspecified
22:53:21.985,20.646,0.3282,0.3333,0.3308,0.3882,0.0933,NORMAL,0,0,Windows,unspecified
22:53:22.020,20.681,0.3282,0.3333,0.3308,0.3882,0.0933,NORMAL,0,0,Windows,unspecified
22:53:22.051,20.712,0.3205,0.3236,0.3221,0.391,0.0933,NORMAL,0,0,Windows,unspecified
22:53:22.083,20.744,0.3205,0.3236,0.3221,0.3927,0.0933,NORMAL,0,0,Windows,unspecified
22:53:22.113,20.774,0.3282,0.3236,0.3259,0.4016,0.0933,NORMAL,0,0,Windows,unspecified
22:53:22.144,20.805,0.3458,0.3354,0.3406,0.394,0.0933,NORMAL,0,0,Windows,unspecified
22:53:22.175,20.836,0.3437,0.3236,0.3336,0.3912,0.0933,NORMAL,0,0,Windows,unspecified
22:53:22.209,20.87,0.3504,0.3354,0.3429,0.3947,0.0933,NORMAL,0,0,Windows,unspecified
22:53:22.237,20.898,0.346,0.3256,0.3358,0.3882,0.0933,NORMAL,0,0,Windows,unspecified
22:53:22.269,20.93,0.3356,0.3236,0.3296,0.3879,0.0933,NORMAL,0,0,Windows,unspecified
22:53:22.318,20.979,0.3493,0.3276,0.3384,0.39,0.0933,NORMAL,0,0,Windows,unspecified
22:53:22.349,21.01,0.3592,0.3205,0.3399,0.3921,0.0933,NORMAL,0,0,Windows,unspecified
22:53:22.380,21.041,0.3282,0.341,0.3346,0.3795,0.0933,NORMAL,0,0,Windows,unspecified
22:53:22.413,21.074,0.3479,0.3354,0.3416,0.3766,0.0933,NORMAL,0,0,Windows,unspecified
22:53:22.444,21.105,0.3437,0.3493,0.3465,0.3766,0.0933,NORMAL,0,0,Windows,unspecified
22:53:22.474,21.135,0.3592,0.3504,0.3548,0.3681,0.0933,NORMAL,0,0,Windows,unspecified
22:53:22.504,21.165,0.3592,0.3504,0.3548,0.3756,0.0933,NORMAL,0,0,Windows,unspecified
22:53:22.536,21.197,0.3504,0.3493,0.3498,0.3821,0.0933,NORMAL,0,0,Windows,unspecified
22:53:22.567,21.228,0.3356,0.3546,0.3451,0.3803,0.0933,NORMAL,0,0,Windows,unspecified
22:53:22.599,21.26,0.3504,0.3546,0.3525,0.3754,0.0933,NORMAL,0,0,Windows,unspecified
22:53:22.629,21.29,0.3504,0.3546,0.3525,0.3754,0.0933,NORMAL,0,0,Windows,unspecified
22:53:22.660,21.321,0.3484,0.339,0.3437,0.3767,0.0933,NORMAL,0,0,Windows,unspecified
22:53:22.723,21.384,0.36,0.3504,0.3552,0.3781,0.0933,NORMAL,0,0,Windows,unspecified
22:53:22.754,21.415,0.3592,0.3276,0.3434,0.3822,0.0933,NORMAL,0,0,Windows,unspecified
22:53:22.785,21.446,0.3613,0.3354,0.3483,0.3848,0.0933,NORMAL,0,0,Windows,unspecified
22:53:22.817,21.478,0.3458,0.3504,0.3481,0.384,0.0933,NORMAL,0,0,Windows,unspecified
22:53:22.844,21.505,0.3579,0.3392,0.3486,0.393,0.0933,NORMAL,0,0,Windows,unspecified
22:53:22.878,21.539,0.3504,0.3546,0.3525,0.3978,0.0933,NORMAL,0,0,Windows,unspecified
22:53:22.909,21.57,0.3613,0.3256,0.3434,0.394,0.0933,NORMAL,0,0,Windows,unspecified
22:53:22.941,21.602,0.3613,0.3535,0.3574,0.3955,0.0933,NORMAL,0,0,Windows,unspecified
22:53:22.971,21.632,0.3592,0.3392,0.3492,0.3935,0.0933,NORMAL,0,0,Windows,unspecified
22:53:23.001,21.663,0.3613,0.3674,0.3643,0.3935,0.0933,NORMAL,0,0,Windows,unspecified
22:53:23.033,21.694,0.3785,0.3692,0.3739,0.3862,0.0933,NORMAL,0,0,Windows,unspecified
22:53:23.064,21.725,0.3768,0.3692,0.373,0.3963,0.0933,NORMAL,0,0,Windows,unspecified
22:53:23.118,21.779,0.3785,0.3424,0.3605,0.3851,0.0933,NORMAL,0,0,Windows,unspecified
22:53:23.159,21.82,0.3785,0.3512,0.3648,0.3704,0.0933,NORMAL,0,0,Windows,unspecified
22:53:23.191,21.852,0.362,0.341,0.3515,0.3792,0.0933,NORMAL,0,0,Windows,unspecified
22:53:23.222,21.883,0.36,0.3546,0.3573,0.3809,0.0933,NORMAL,0,0,Windows,unspecified
22:53:23.254,21.915,0.36,0.3442,0.3521,0.3838,0.0933,NORMAL,0,0,Windows,unspecified
22:53:23.285,21.946,0.3773,0.3442,0.3607,0.3841,0.0933,NORMAL,0,0,Windows,unspecified
22:53:23.315,21.976,0.3768,0.3583,0.3676,0.3857,0.0933,NORMAL,0,0,Windows,unspecified
22:53:23.346,22.007,0.3613,0.3453,0.3533,0.3799,0.0933,NORMAL,0,0,Windows,unspecified
22:53:23.381,22.042,0.3766,0.3698,0.3732,0.3872,0.0933,NORMAL,0,0,Windows,unspecified
22:53:23.409,22.07,0.36,0.382,0.371,0.3799,0.0933,NORMAL,0,0,Windows,unspecified
22:53:23.441,22.102,0.3755,0.3535,0.3645,0.3699,0.0933,NORMAL,0,0,Windows,unspecified
22:53:23.470,22.131,0.3734,0.3392,0.3563,0.3681,0.0933,NORMAL,0,0,Windows,unspecified
22:53:23.516,22.177,0.3632,0.366,0.3646,0.3854,0.0933,NORMAL,0,0,Windows,unspecified
22:53:23.547,22.208,0.3613,0.3791,0.3702,0.3801,0.0933,NORMAL,0,0,Windows,unspecified
22:53:23.580,22.241,0.2205,0.2026,0.2116,0.3808,0.1,NORMAL,1,0,Windows,unspecified
22:53:23.609,22.27,0.2051,0.1897,0.1974,0.3836,0.1067,NORMAL,2,0,Windows,unspecified
22:53:23.646,22.307,0.2008,0.1791,0.19,0.383,0.1133,NORMAL,3,0,Windows,unspecified
22:53:23.674,22.335,0.1977,0.1773,0.1875,0.3925,0.12,NORMAL,4,0,Windows,unspecified
22:53:23.705,22.366,0.1977,0.173,0.1853,0.3962,0.1267,NORMAL,5,0,Windows,unspecified
22:53:23.737,22.398,0.1931,0.1786,0.1859,0.3946,0.1333,NORMAL,6,0,Windows,unspecified
22:53:23.769,22.43,0.2076,0.1962,0.2019,0.3928,0.14,NORMAL,7,0,Windows,unspecified
22:53:23.799,22.46,0.216,0.1962,0.2061,0.3864,0.1467,NORMAL,8,0,Windows,unspecified
22:53:23.829,22.49,0.2289,0.1931,0.211,0.397,0.1533,NORMAL,9,0,Windows,unspecified
22:53:23.862,22.523,0.2278,0.1931,0.2105,0.3947,0.16,WARNING,10,0,Windows,unspecified
22:53:23.922,22.583,0.216,0.2054,0.2107,0.3964,0.1667,WARNING,11,0,Windows,unspecified
22:53:23.957,22.619,0.2139,0.184,0.1989,0.3971,0.1733,WARNING,12,0,Windows,unspecified
22:53:23.989,22.65,0.2663,0.2433,0.2548,0.4014,0.1733,NORMAL,0,0,Windows,unspecified
22:53:24.019,22.68,0.2595,0.2515,0.2555,0.4074,0.1733,NORMAL,0,0,Windows,unspecified
22:53:24.051,22.712,0.3282,0.3282,0.3282,0.4014,0.1733,NORMAL,0,0,Windows,unspecified
22:53:24.083,22.744,0.3282,0.3374,0.3328,0.4102,0.1733,NORMAL,0,0,Windows,unspecified
22:53:24.116,22.777,0.3333,0.3323,0.3328,0.41,0.1733,NORMAL,0,0,Windows,unspecified
22:53:24.146,22.807,0.3585,0.3493,0.3539,0.4155,0.1733,NORMAL,0,0,Windows,unspecified
22:53:24.175,22.836,0.3784,0.3517,0.3651,0.415,0.1733,NORMAL,0,0,Windows,unspecified
22:53:24.210,22.871,0.3921,0.3941,0.3931,0.4093,0.1733,NORMAL,0,0,Windows,unspecified
22:53:24.237,22.898,0.3922,0.3784,0.3853,0.3994,0.1733,NORMAL,0,0,Windows,unspecified
22:53:24.270,22.932,0.3803,0.3791,0.3797,0.3929,0.1733,NORMAL,0,0,Windows,unspecified
22:53:24.321,22.982,0.3808,0.3986,0.3897,0.3888,0.1733,NORMAL,0,0,Windows,unspecified
22:53:24.349,23.01,0.3888,0.409,0.3989,0.3843,0.1733,NORMAL,0,0,Windows,unspecified
22:53:24.386,23.047,0.3634,0.3864,0.3749,0.3843,0.1733,NORMAL,0,0,Windows,unspecified
22:53:24.410,23.071,0.3548,0.3854,0.3701,0.3816,0.1733,NORMAL,0,0,Windows,unspecified
22:53:24.444,23.105,0.382,0.3717,0.3769,0.3843,0.1733,NORMAL,0,0,Windows,unspecified
22:53:24.469,23.13,0.4215,0.4115,0.4165,0.3869,0.1733,NORMAL,0,0,Windows,unspecified
22:53:24.503,23.164,0.4103,0.3954,0.4028,0.3776,0.1733,NORMAL,0,0,Windows,unspecified
22:53:24.535,23.196,0.409,0.372,0.3905,0.3834,0.1733,NORMAL,0,0,Windows,unspecified
22:53:24.564,23.225,0.3986,0.3971,0.3979,0.3896,0.1733,NORMAL,0,0,Windows,unspecified
22:53:24.596,23.257,0.3663,0.3986,0.3825,0.3742,0.1733,NORMAL,0,0,Windows,unspecified
22:53:24.627,23.288,0.3924,0.3986,0.3955,0.3652,0.1733,NORMAL,0,0,Windows,unspecified
22:53:24.657,23.318,0.3874,0.3901,0.3887,0.363,0.1667,NORMAL,0,0,Windows,unspecified
22:53:24.721,23.382,0.3684,0.3901,0.3792,0.3686,0.16,NORMAL,0,0,Windows,unspecified
22:53:24.750,23.411,0.3838,0.4014,0.3926,0.371,0.1533,NORMAL,0,0,Windows,unspecified
22:53:24.784,23.445,0.3564,0.376,0.3662,0.3711,0.1467,NORMAL,0,0,Windows,unspecified
22:53:24.812,23.473,0.3704,0.3766,0.3735,0.3781,0.1467,NORMAL,0,0,Windows,unspecified
22:53:24.844,23.505,0.3564,0.4014,0.3789,0.3698,0.1467,NORMAL,0,0,Windows,unspecified
22:53:24.878,23.539,0.3689,0.3901,0.3795,0.3826,0.1467,NORMAL,0,0,Windows,unspecified
22:53:24.909,23.57,0.3794,0.404,0.3917,0.3799,0.1467,NORMAL,0,0,Windows,unspecified
22:53:24.938,23.599,0.3689,0.3901,0.3795,0.3781,0.1467,NORMAL,0,0,Windows,unspecified
22:53:24.968,23.629,0.3956,0.3901,0.3928,0.3743,0.1467,NORMAL,0,0,Windows,unspecified
22:53:25.003,23.664,0.365,0.3771,0.3711,0.3753,0.1467,NORMAL,0,0,Windows,unspecified
22:53:25.034,23.695,0.365,0.4026,0.3838,0.3744,0.1467,NORMAL,0,0,Windows,unspecified
22:53:25.064,23.725,0.3794,0.3633,0.3714,0.3738,0.1467,NORMAL,0,0,Windows,unspecified
22:53:25.119,23.78,0.3791,0.3747,0.3769,0.3821,0.1467,NORMAL,0,0,Windows,unspecified
22:53:25.143,23.804,0.3681,0.3752,0.3717,0.3863,0.1467,NORMAL,0,0,Windows,unspecified
22:53:25.181,23.843,0.3791,0.4112,0.3951,0.3822,0.1467,NORMAL,0,0,Windows,unspecified
22:53:25.220,23.881,0.3791,0.3998,0.3895,0.3807,0.1467,NORMAL,0,0,Windows,unspecified
22:53:25.253,23.914,0.3891,0.4157,0.4024,0.3907,0.1467,NORMAL,0,0,Windows,unspecified
22:53:25.285,23.946,0.3941,0.4157,0.4049,0.389,0.1467,NORMAL,0,0,Windows,unspecified
22:53:25.318,23.979,0.3941,0.4157,0.4049,0.3941,0.1467,NORMAL,0,0,Windows,unspecified
22:53:25.347,24.008,0.3908,0.3978,0.3943,0.3928,0.1467,NORMAL,0,0,Windows,unspecified
22:53:25.379,24.04,0.4043,0.382,0.3932,0.3857,0.1467,NORMAL,0,0,Windows,unspecified
22:53:25.409,24.07,0.4038,0.3812,0.3925,0.3992,0.1467,NORMAL,0,0,Windows,unspecified
22:53:25.440,24.101,0.3888,0.3803,0.3846,0.3862,0.1467,NORMAL,0,0,Windows,unspecified
22:53:25.470,24.131,0.329,0.3007,0.3148,0.3988,0.1467,NORMAL,0,0,Windows,unspecified
22:53:25.520,24.181,0.1788,0.1442,0.1615,0.4055,0.1533,NORMAL,1,0,Windows,unspecified
22:53:25.549,24.21,0.15,0.1023,0.1261,0.3937,0.16,NORMAL,2,0,Windows,unspecified
22:53:25.586,24.248,0.1744,0.1803,0.1773,0.4012,0.1667,NORMAL,3,0,Windows,unspecified
22:53:25.610,24.271,0.2026,0.1958,0.1992,0.3927,0.1733,NORMAL,4,0,Windows,unspecified
22:53:25.645,24.306,0.2517,0.2276,0.2396,0.3963,0.1733,NORMAL,0,0,Windows,unspecified
22:53:25.674,24.335,0.2877,0.244,0.2658,0.4023,0.1733,NORMAL,0,0,Windows,unspecified
22:53:25.704,24.365,0.2847,0.2436,0.2641,0.3988,0.1733,NORMAL,0,0,Windows,unspecified
22:53:25.736,24.397,0.2851,0.2824,0.2838,0.3985,0.1733,NORMAL,0,0,Windows,unspecified
22:53:25.767,24.428,0.2851,0.2899,0.2875,0.3985,0.1667,NORMAL,0,0,Windows,unspecified
22:53:25.799,24.46,0.3017,0.2972,0.2995,0.4019,0.16,NORMAL,0,0,Windows,unspecified
22:53:25.830,24.491,0.3034,0.3059,0.3047,0.4042,0.1533,NORMAL,0,0,Windows,unspecified
22:53:25.861,24.523,0.2941,0.2998,0.297,0.3988,0.1467,NORMAL,0,0,Windows,unspecified
22:53:25.916,24.577,0.3106,0.3067,0.3087,0.4123,0.14,NORMAL,0,0,Windows,unspecified
22:53:25.953,24.614,0.3348,0.2979,0.3164,0.4141,0.14,NORMAL,0,0,Windows,unspecified
22:53:25.984,24.645,0.3674,0.3183,0.3428,0.4019,0.14,NORMAL,0,0,Windows,unspecified
22:53:26.015,24.676,0.3674,0.3236,0.3455,0.3946,0.14,NORMAL,0,0,Windows,unspecified
22:53:26.046,24.707,0.36,0.3504,0.3552,0.3952,0.14,NORMAL,0,0,Windows,unspecified
22:53:26.080,24.741,0.3747,0.3504,0.3625,0.3944,0.14,NORMAL,0,0,Windows,unspecified
22:53:26.109,24.77,0.36,0.3376,0.3488,0.3937,0.14,NORMAL,0,0,Windows,unspecified
22:53:26.141,24.802,0.3882,0.3528,0.3705,0.4005,0.14,NORMAL,0,0,Windows,unspecified
22:53:26.172,24.833,0.36,0.3382,0.3491,0.4005,0.14,NORMAL,0,0,Windows,unspecified
22:53:26.203,24.864,0.3621,0.3517,0.3569,0.4018,0.14,NORMAL,0,0,Windows,unspecified
22:53:26.234,24.895,0.3642,0.3548,0.3595,0.399,0.14,NORMAL,0,0,Windows,unspecified
22:53:26.265,24.926,0.3512,0.3681,0.3597,0.3984,0.14,NORMAL,0,0,Windows,unspecified
22:53:26.321,24.982,0.3803,0.3971,0.3887,0.4007,0.14,NORMAL,0,0,Windows,unspecified
22:53:26.357,25.018,0.3954,0.3704,0.3829,0.393,0.14,NORMAL,0,0,Windows,unspecified
22:53:26.387,25.048,0.397,0.3859,0.3914,0.386,0.14,NORMAL,0,0,Windows,unspecified
22:53:26.422,25.083,0.3709,0.3734,0.3721,0.3764,0.1333,NORMAL,0,0,Windows,unspecified
22:53:26.453,25.114,0.3692,0.372,0.3706,0.3824,0.1267,NORMAL,0,0,Windows,unspecified
22:53:26.483,25.144,0.3709,0.3717,0.3713,0.3686,0.12,NORMAL,0,0,Windows,unspecified
22:53:26.519,25.18,0.3709,0.372,0.3715,0.3722,0.1133,NORMAL,0,0,Windows,unspecified
22:53:26.547,25.208,0.3745,0.3734,0.3739,0.3783,0.1067,NORMAL,0,0,Windows,unspecified
22:53:26.579,25.24,0.3734,0.3901,0.3817,0.3848,0.1067,NORMAL,0,0,Windows,unspecified
22:53:26.608,25.269,0.3523,0.3794,0.3658,0.3784,0.1067,NORMAL,0,0,Windows,unspecified
22:53:26.639,25.3,0.3781,0.3725,0.3753,0.3754,0.1067,NORMAL,0,0,Windows,unspecified
22:53:26.672,25.333,0.3511,0.3781,0.3646,0.3767,0.1067,NORMAL,0,0,Windows,unspecified
22:53:26.715,25.376,0.3507,0.3479,0.3493,0.3687,0.1067,NORMAL,0,0,Windows,unspecified
22:53:26.749,25.41,0.3495,0.3495,0.3495,0.3703,0.1067,NORMAL,0,0,Windows,unspecified
22:53:26.781,25.443,0.3753,0.356,0.3656,0.3801,0.1067,NORMAL,0,0,Windows,unspecified
22:53:26.813,25.474,0.3778,0.3788,0.3783,0.3735,0.1067,NORMAL,0,0,Windows,unspecified
22:53:26.844,25.506,0.3753,0.3782,0.3768,0.3694,0.1067,NORMAL,0,0,Windows,unspecified
22:53:26.875,25.536,0.3631,0.3901,0.3766,0.3692,0.1067,NORMAL,0,0,Windows,unspecified
22:53:26.906,25.567,0.3479,0.3788,0.3633,0.3656,0.1067,NORMAL,0,0,Windows,unspecified
22:53:26.937,25.598,0.3768,0.3788,0.3778,0.3761,0.1067,NORMAL,0,0,Windows,unspecified
22:53:26.968,25.629,0.3768,0.3773,0.377,0.3557,0.1067,NORMAL,0,0,Windows,unspecified
22:53:26.998,25.659,0.3753,0.3944,0.3849,0.3572,0.1067,NORMAL,0,0,Windows,unspecified
22:53:27.029,25.69,0.3763,0.3755,0.3759,0.3584,0.1067,NORMAL,0,0,Windows,unspecified
22:53:27.060,25.721,0.3479,0.3835,0.3657,0.3699,0.1067,NORMAL,0,0,Windows,unspecified
22:53:27.119,25.78,0.3622,0.382,0.3721,0.3737,0.1067,NORMAL,0,0,Windows,unspecified
22:53:27.155,25.816,0.3622,0.3796,0.3709,0.3719,0.1067,NORMAL,0,0,Windows,unspecified
22:53:27.186,25.847,0.3622,0.405,0.3836,0.37,0.1067,NORMAL,0,0,Windows,unspecified
22:53:27.217,25.878,0.3697,0.3813,0.3755,0.3742,0.1067,NORMAL,0,0,Windows,unspecified
22:53:27.245,25.906,0.3698,0.3796,0.3747,0.3732,0.1067,NORMAL,0,0,Windows,unspecified
22:53:27.279,25.94,0.387,0.3523,0.3696,0.3848,0.1067,NORMAL,0,0,Windows,unspecified
22:53:27.307,25.968,0.4014,0.3796,0.3905,0.3735,0.1067,NORMAL,0,0,Windows,unspecified
22:53:27.341,26.002,0.3626,0.3456,0.3541,0.3796,0.1067,NORMAL,0,0,Windows,unspecified
22:53:27.373,26.034,0.3626,0.3481,0.3553,0.3858,0.1067,NORMAL,0,0,Windows,unspecified
22:53:27.403,26.064,0.3763,0.3642,0.3703,0.3961,0.1067,NORMAL,0,0,Windows,unspecified
22:53:27.433,26.094,0.3898,0.331,0.3604,0.3917,0.1067,NORMAL,0,0,Windows,unspecified
22:53:27.465,26.126,0.3854,0.3286,0.357,0.4046,0.1067,NORMAL,0,0,Windows,unspecified
22:53:27.522,26.183,0.3974,0.3286,0.363,0.4072,0.1067,NORMAL,0,0,Windows,unspecified
22:53:27.562,26.223,0.3957,0.3342,0.3649,0.4041,0.1067,NORMAL,0,0,Windows,unspecified
22:53:27.593,26.254,0.4183,0.3358,0.3771,0.4198,0.1067,NORMAL,0,0,Windows,unspecified
22:53:27.623,26.284,0.4,0.3315,0.3658,0.4104,0.1067,NORMAL,0,0,Windows,unspecified
22:53:27.653,26.314,0.4379,0.3492,0.3935,0.4371,0.1067,NORMAL,0,0,Windows,unspecified
22:53:27.686,26.347,0.4261,0.3358,0.381,0.4279,0.1067,NORMAL,0,0,Windows,unspecified
22:53:27.719,26.381,0.4261,0.3364,0.3812,0.4294,0.1067,NORMAL,0,0,Windows,unspecified
22:53:27.747,26.408,0.4366,0.3437,0.3902,0.4294,0.1067,NORMAL,0,0,Windows,unspecified
22:53:27.778,26.439,0.4547,0.3364,0.3955,0.4378,0.1067,NORMAL,0,0,Windows,unspecified
22:53:27.810,26.471,0.469,0.3651,0.4171,0.4442,0.1067,NORMAL,0,0,Windows,unspecified
22:53:27.844,26.505,0.469,0.3771,0.4231,0.4415,0.1067,NORMAL,0,0,Windows,unspecified
22:53:27.873,26.534,0.4371,0.374,0.4055,0.4467,0.1067,NORMAL,0,0,Windows,unspecified
22:53:27.917,26.578,0.4537,0.3651,0.4094,0.4344,0.1067,NORMAL,0,0,Windows,unspecified
22:53:27.951,26.612,0.4537,0.3528,0.4033,0.4256,0.1067,NORMAL,0,0,Windows,unspecified
22:53:27.984,26.645,0.381,0.3396,0.3603,0.4361,0.1067,NORMAL,0,0,Windows,unspecified
22:53:28.013,26.674,0.3946,0.3277,0.3612,0.4202,0.1067,NORMAL,0,0,Windows,unspecified
22:53:28.044,26.705,0.3566,0.3358,0.3462,0.3994,0.1067,NORMAL,0,0,Windows,unspecified
22:53:28.074,26.735,0.3627,0.3444,0.3536,0.4038,0.1067,NORMAL,0,0,Windows,unspecified
22:53:28.105,26.766,0.3776,0.3444,0.361,0.4023,0.1067,NORMAL,0,0,Windows,unspecified
22:53:28.139,26.8,0.3554,0.3475,0.3515,0.3852,0.1067,NORMAL,0,0,Windows,unspecified
22:53:28.169,26.83,0.3728,0.334,0.3534,0.3942,0.1067,NORMAL,0,0,Windows,unspecified
22:53:28.201,26.862,0.3215,0.3429,0.3322,0.3548,0.1067,NORMAL,0,0,Windows,unspecified
22:53:28.231,26.892,0.3174,0.3523,0.3349,0.3498,0.1067,NORMAL,0,0,Windows,unspecified
22:53:28.263,26.924,0.3031,0.341,0.322,0.3437,0.1067,NORMAL,0,0,Windows,unspecified
22:53:28.316,26.977,0.2953,0.3558,0.3255,0.3359,0.1067,NORMAL,0,0,Windows,unspecified
22:53:28.343,27.004,0.2878,0.3748,0.3313,0.331,0.1067,NORMAL,0,0,Windows,unspecified
22:53:28.380,27.041,0.3175,0.3676,0.3426,0.3257,0.1067,NORMAL,0,0,Windows,unspecified
22:53:28.418,27.079,0.3235,0.3999,0.3617,0.3213,0.1067,NORMAL,0,0,Windows,unspecified
22:53:28.452,27.113,0.3409,0.3976,0.3692,0.3287,0.1067,NORMAL,0,0,Windows,unspecified
22:53:28.484,27.145,0.3508,0.4302,0.3905,0.3111,0.1067,NORMAL,0,0,Windows,unspecified
22:53:28.513,27.174,0.3469,0.4624,0.4047,0.3156,0.1067,NORMAL,0,0,Windows,unspecified
22:53:28.546,27.207,0.1712,0.1761,0.1737,0.324,0.1133,NORMAL,1,0,Windows,unspecified
22:53:28.576,27.237,0.1474,0.143,0.1452,0.3232,0.1133,NORMAL,2,0,Windows,unspecified
22:53:28.606,27.267,0.1047,0.0968,0.1007,0.3256,0.1133,NORMAL,3,0,Windows,unspecified
22:53:28.638,27.299,0.0665,0.0655,0.066,0.3298,0.1133,NORMAL,4,0,Windows,unspecified
22:53:28.669,27.33,0.1468,0.1426,0.1447,0.3436,0.1133,NORMAL,5,0,Windows,unspecified
22:53:28.719,27.38,0.2294,0.2303,0.2298,0.3563,0.1133,NORMAL,6,0,Windows,unspecified
22:53:28.748,27.409,0.2521,0.2566,0.2544,0.361,0.1067,NORMAL,0,0,Windows,unspecified
22:53:28.785,27.446,0.2559,0.3069,0.2814,0.3622,0.1,NORMAL,0,0,Windows,unspecified
22:53:28.810,27.471,0.2602,0.3023,0.2813,0.3628,0.0933,NORMAL,0,0,Windows,unspecified
22:53:28.844,27.505,0.2864,0.3502,0.3183,0.3661,0.0867,NORMAL,0,0,Windows,unspecified
22:53:28.872,27.533,0.3096,0.3597,0.3347,0.3751,0.08,NORMAL,0,0,Windows,unspecified
22:53:28.902,27.563,0.3287,0.3501,0.3394,0.369,0.0733,NORMAL,0,0,Windows,unspecified
22:53:28.935,27.596,0.3627,0.3787,0.3707,0.3709,0.0667,NORMAL,0,0,Windows,unspecified
22:53:28.967,27.628,0.3774,0.3818,0.3796,0.3698,0.0667,NORMAL,0,0,Windows,unspecified
22:53:28.997,27.658,0.3667,0.418,0.3924,0.3711,0.0667,NORMAL,0,0,Windows,unspecified
22:53:29.028,27.689,0.3697,0.418,0.3938,0.3799,0.0667,NORMAL,0,0,Windows,unspecified
22:53:29.056,27.717,0.3581,0.3549,0.3565,0.3743,0.0667,NORMAL,0,0,Windows,unspecified
22:53:29.116,27.777,0.3314,0.3794,0.3554,0.3441,0.0667,NORMAL,0,0,Windows,unspecified
22:53:29.152,27.813,0.3288,0.3828,0.3558,0.3449,0.0667,NORMAL,0,0,Windows,unspecified
22:53:29.187,27.848,0.3311,0.3728,0.352,0.3339,0.0667,NORMAL,0,0,Windows,unspecified
22:53:29.214,27.875,0.3443,0.3622,0.3533,0.3434,0.0667,NORMAL,0,0,Windows,unspecified
22:53:29.245,27.906,0.34,0.3805,0.3602,0.3308,0.0667,NORMAL,0,0,Windows,unspecified
22:53:29.277,27.938,0.3527,0.3932,0.3729,0.336,0.0667,NORMAL,0,0,Windows,unspecified
22:53:29.308,27.97,0.367,0.3953,0.3812,0.3317,0.0667,NORMAL,0,0,Windows,unspecified
22:53:29.340,28.001,0.3624,0.4074,0.3849,0.3377,0.0667,NORMAL,0,0,Windows,unspecified
22:53:29.372,28.033,0.3492,0.3932,0.3712,0.3374,0.0667,NORMAL,0,0,Windows,unspecified
22:53:29.403,28.064,0.3536,0.3509,0.3522,0.3581,0.0667,NORMAL,0,0,Windows,unspecified
22:53:29.433,28.094,0.3463,0.3627,0.3545,0.3637,0.0667,NORMAL,0,0,Windows,unspecified
22:53:29.465,28.126,0.3694,0.3588,0.3641,0.3677,0.0667,NORMAL,0,0,Windows,unspecified
22:53:29.517,28.178,0.3912,0.3983,0.3947,0.3691,0.0667,NORMAL,0,0,Windows,unspecified
22:53:29.543,28.204,0.3771,0.3983,0.3877,0.3694,0.0667,NORMAL,0,0,Windows,unspecified
22:53:29.581,28.242,0.3744,0.3781,0.3763,0.3793,0.0667,NORMAL,0,0,Windows,unspecified
22:53:29.606,28.267,0.3842,0.3818,0.383,0.397,0.0667,NORMAL,0,0,Windows,unspecified
22:53:29.645,28.306,0.3901,0.3811,0.3856,0.3758,0.0667,NORMAL,0,0,Windows,unspecified
22:53:29.665,28.327,0.4115,0.3867,0.3991,0.3815,0.0667,NORMAL,0,0,Windows,unspecified
22:53:29.699,28.36,0.3843,0.3751,0.3797,0.3869,0.0667,NORMAL,0,0,Windows,unspecified
22:53:29.730,28.391,0.398,0.3937,0.3958,0.3955,0.0667,NORMAL,0,0,Windows,unspecified
22:53:29.763,28.424,0.4069,0.3811,0.394,0.3916,0.0667,NORMAL,0,0,Windows,unspecified
22:53:29.793,28.454,0.4024,0.3872,0.3948,0.3838,0.0667,NORMAL,0,0,Windows,unspecified
22:53:29.824,28.485,0.3904,0.3864,0.3884,0.3818,0.0667,NORMAL,0,0,Windows,unspecified
22:53:29.855,28.516,0.3661,0.3597,0.3629,0.3994,0.0667,NORMAL,0,0,Windows,unspecified
22:53:29.922,28.583,0.354,0.3588,0.3564,0.3884,0.0667,NORMAL,0,0,Windows,unspecified
22:53:29.951,28.612,0.3812,0.3622,0.3717,0.3825,0.0667,NORMAL,0,0,Windows,unspecified
22:53:29.980,28.641,0.3705,0.3874,0.379,0.3702,0.0667,NORMAL,0,0,Windows,unspecified
22:53:30.013,28.674,0.372,0.386,0.379,0.3706,0.0667,NORMAL,0,0,Windows,unspecified
22:53:30.048,28.709,0.3874,0.4025,0.3949,0.3621,0.0667,NORMAL,0,0,Windows,unspecified
22:53:30.077,28.738,0.3636,0.405,0.3843,0.3642,0.0667,NORMAL,0,0,Windows,unspecified
22:53:30.109,28.77,0.3728,0.3924,0.3826,0.3641,0.0667,NORMAL,0,0,Windows,unspecified
22:53:30.138,28.799,0.3511,0.3747,0.3629,0.3572,0.0667,NORMAL,0,0,Windows,unspecified
22:53:30.170,28.831,0.3636,0.3789,0.3713,0.3493,0.0667,NORMAL,0,0,Windows,unspecified
22:53:30.201,28.862,0.2802,0.3034,0.2918,0.3529,0.0667,NORMAL,0,0,Windows,unspecified
22:53:30.233,28.894,0.2794,0.3066,0.293,0.3522,0.0667,NORMAL,0,0,Windows,unspecified
22:53:30.264,28.925,0.1511,0.1409,0.146,0.353,0.0733,NORMAL,1,0,Windows,unspecified
22:53:30.315,28.976,0.1045,0.0802,0.0924,0.3721,0.08,NORMAL,2,0,Windows,unspecified
22:53:30.341,29.002,0.073,0.0617,0.0674,0.3817,0.0867,NORMAL,3,0,Windows,unspecified
22:53:30.385,29.046,0.1557,0.1577,0.1567,0.3682,0.0933,NORMAL,4,0,Windows,unspecified
22:53:30.420,29.081,0.1727,0.2072,0.19,0.3746,0.1,NORMAL,5,0,Windows,unspecified
22:53:30.451,29.112,0.2566,0.274,0.2653,0.3781,0.1,NORMAL,0,0,Windows,unspecified
22:53:30.483,29.144,0.2572,0.2774,0.2673,0.372,0.1,NORMAL,0,0,Windows,unspecified
22:53:30.514,29.175,0.2491,0.2814,0.2652,0.3806,0.0933,NORMAL,0,0,Windows,unspecified
22:53:30.543,29.204,0.2836,0.2756,0.2796,0.3792,0.0867,NORMAL,0,0,Windows,unspecified
22:53:30.582,29.243,0.3195,0.2875,0.3035,0.3909,0.08,NORMAL,0,0,Windows,unspecified
22:53:30.605,29.267,0.3103,0.3156,0.3129,0.383,0.0733,NORMAL,0,0,Windows,unspecified
22:53:30.638,29.299,0.3364,0.3559,0.3461,0.3844,0.0733,NORMAL,0,0,Windows,unspecified
22:53:30.669,29.331,0.3628,0.3559,0.3593,0.3968,0.0733,NORMAL,0,0,Windows,unspecified
22:53:30.715,29.376,0.3379,0.3549,0.3464,0.3755,0.0733,NORMAL,0,0,Windows,unspecified
22:53:30.749,29.41,0.366,0.3559,0.3609,0.3714,0.0733,NORMAL,0,0,Windows,unspecified
22:53:30.784,29.445,0.366,0.3549,0.3605,0.3748,0.0733,NORMAL,0,0,Windows,unspecified
22:53:30.811,29.472,0.3573,0.3537,0.3555,0.3748,0.0733,NORMAL,0,0,Windows,unspecified
22:53:30.845,29.506,0.3711,0.3609,0.366,0.3733,0.0733,NORMAL,0,0,Windows,unspecified
22:53:30.873,29.534,0.3722,0.3609,0.3666,0.3704,0.0733,NORMAL,0,0,Windows,unspecified
22:53:30.905,29.566,0.3711,0.3609,0.366,0.3765,0.0733,NORMAL,0,0,Windows,unspecified
22:53:30.935,29.596,0.357,0.3609,0.3589,0.3732,0.0733,NORMAL,0,0,Windows,unspecified
22:53:30.966,29.627,0.3711,0.3482,0.3597,0.3723,0.0733,NORMAL,0,0,Windows,unspecified
22:53:30.997,29.658,0.3711,0.3887,0.3799,0.3595,0.0733,NORMAL,0,0,Windows,unspecified
22:53:31.029,29.69,0.3711,0.387,0.379,0.364,0.0733,NORMAL,0,0,Windows,unspecified
22:53:31.061,29.722,0.3856,0.3779,0.3818,0.3621,0.0733,NORMAL,0,0,Windows,unspecified
22:53:31.123,29.784,0.3485,0.372,0.3603,0.3765,0.0733,NORMAL,0,0,Windows,unspecified
22:53:31.154,29.815,0.3345,0.372,0.3533,0.3717,0.0733,NORMAL,0,0,Windows,unspecified
22:53:31.183,29.844,0.2347,0.2015,0.2181,0.3749,0.08,NORMAL,1,0,Windows,unspecified
22:53:31.213,29.875,0.1887,0.158,0.1733,0.3688,0.0867,NORMAL,2,0,Windows,unspecified
22:53:31.245,29.906,0.0832,0.048,0.0656,0.3698,0.0933,NORMAL,3,0,Windows,unspecified
22:53:31.277,29.938,0.0588,0.0362,0.0475,0.3747,0.1,NORMAL,4,0,Windows,unspecified
22:53:31.310,29.971,0.071,0.0263,0.0487,0.3688,0.1067,NORMAL,5,0,Windows,unspecified
22:53:31.342,30.003,0.0318,0.0309,0.0314,0.3634,0.1133,NORMAL,6,0,Windows,unspecified
22:53:31.371,30.032,0.0363,0.0427,0.0395,0.3654,0.12,NORMAL,7,0,Windows,unspecified
22:53:31.403,30.065,0.0692,0.0748,0.072,0.3548,0.1267,NORMAL,8,0,Windows,unspecified
22:53:31.436,30.097,0.0934,0.0867,0.0901,0.3543,0.1333,NORMAL,9,0,Windows,unspecified
22:53:31.467,30.128,0.1118,0.1034,0.1076,0.3472,0.14,WARNING,10,0,Windows,unspecified
22:53:31.517,30.178,0.1008,0.0865,0.0937,0.3549,0.1467,WARNING,11,0,Windows,unspecified
22:53:31.544,30.206,0.1145,0.099,0.1067,0.3507,0.1533,WARNING,12,0,Windows,unspecified
22:53:31.585,30.246,0.1118,0.0845,0.0981,0.3548,0.16,WARNING,13,0,Windows,unspecified
22:53:31.610,30.271,0.1117,0.0748,0.0932,0.3687,0.1667,WARNING,14,0,Windows,unspecified
22:53:31.645,30.306,0.0689,0.053,0.0609,0.359,0.1733,WARNING,15,0,Windows,unspecified
22:53:31.670,30.331,0.0345,0.0545,0.0445,0.3679,0.18,WARNING,16,0,Windows,unspecified
22:53:31.699,30.36,0.0244,0.0529,0.0386,0.3612,0.1867,WARNING,17,0,Windows,unspecified
22:53:31.733,30.394,0.1754,0.1686,0.172,0.3513,0.1933,WARNING,18,0,Windows,unspecified
22:53:31.763,30.424,0.2168,0.1965,0.2067,0.3513,0.2,WARNING,19,0,Windows,unspecified
22:53:31.795,30.456,0.2454,0.2845,0.265,0.3537,0.2,NORMAL,0,0,Windows,unspecified
22:53:31.827,30.488,0.2714,0.3216,0.2965,0.3566,0.2,NORMAL,0,0,Windows,unspecified
22:53:31.857,30.518,0.311,0.3662,0.3386,0.3555,0.2,NORMAL,0,0,Windows,unspecified
22:53:31.921,30.582,0.387,0.418,0.4025,0.3563,0.2,NORMAL,0,0,Windows,unspecified
22:53:31.951,30.612,0.4009,0.3924,0.3966,0.3589,0.2,NORMAL,0,0,Windows,unspecified
22:53:31.983,30.644,0.4375,0.4303,0.4339,0.365,0.2,NORMAL,0,0,Windows,unspecified
22:53:32.015,30.676,0.4217,0.4165,0.4191,0.379,0.2,NORMAL,0,0,Windows,unspecified
22:53:32.046,30.707,0.4025,0.4344,0.4184,0.3889,0.2,NORMAL,0,0,Windows,unspecified
22:53:32.077,30.738,0.386,0.3915,0.3888,0.3794,0.2,NORMAL,0,0,Windows,unspecified
22:53:32.110,30.771,0.3859,0.3904,0.3882,0.371,0.2,NORMAL,0,0,Windows,unspecified
22:53:32.139,30.8,0.4027,0.3681,0.3854,0.378,0.2,NORMAL,0,0,Windows,unspecified
22:53:32.168,30.829,0.4041,0.4051,0.4046,0.3789,0.2,NORMAL,0,0,Windows,unspecified
22:53:32.204,30.865,0.4041,0.4186,0.4114,0.3691,0.2,NORMAL,0,0,Windows,unspecified
22:53:32.235,30.896,0.418,0.4282,0.4231,0.3682,0.2,NORMAL,0,0,Windows,unspecified
22:53:32.265,30.926,0.418,0.4191,0.4186,0.3775,0.2,NORMAL,0,0,Windows,unspecified
22:53:32.322,30.983,0.3901,0.4212,0.4056,0.3755,0.2,NORMAL,0,0,Windows,unspecified
22:53:32.359,31.02,0.4027,0.4146,0.4087,0.3789,0.2,NORMAL,0,0,Windows,unspecified
22:53:32.391,31.052,0.3999,0.4305,0.4152,0.3711,0.2,NORMAL,0,0,Windows,unspecified
22:53:32.423,31.084,0.4027,0.4081,0.4054,0.3711,0.2,NORMAL,0,0,Windows,unspecified
22:53:32.451,31.112,0.4296,0.4191,0.4244,0.3797,0.2,NORMAL,0,0,Windows,unspecified
22:53:32.484,31.145,0.4261,0.4169,0.4215,0.3823,0.2,NORMAL,0,0,Windows,unspecified
22:53:32.516,31.177,0.418,0.4323,0.4251,0.3835,0.2,NORMAL,0,0,Windows,unspecified
22:53:32.545,31.206,0.3901,0.3928,0.3915,0.3867,0.2,NORMAL,0,0,Windows,unspecified
22:53:32.578,31.239,0.3891,0.4027,0.3959,0.3867,0.2,NORMAL,0,0,Windows,unspecified
22:53:32.608,31.269,0.3645,0.3813,0.3729,0.3712,0.2,NORMAL,0,0,Windows,unspecified
22:53:32.640,31.301,0.3748,0.3794,0.3771,0.3695,0.2,NORMAL,0,0,Windows,unspecified
22:53:32.672,31.333,0.3122,0.3347,0.3235,0.3682,0.2,NORMAL,0,0,Windows,unspecified
22:53:32.722,31.383,0.297,0.3333,0.3152,0.3513,0.2,NORMAL,0,0,Windows,unspecified
22:53:32.746,31.408,0.2965,0.3375,0.317,0.3461,0.2,NORMAL,0,0,Windows,unspecified
22:53:32.786,31.447,0.3174,0.3675,0.3425,0.3443,0.2,NORMAL,0,0,Windows,unspecified
22:53:32.811,31.473,0.3221,0.3864,0.3543,0.3447,0.2,NORMAL,0,0,Windows,unspecified
22:53:32.844,31.505,0.3313,0.3756,0.3535,0.3453,0.2,NORMAL,0,0,Windows,unspecified
22:53:32.872,31.533,0.3178,0.3645,0.3411,0.3557,0.2,NORMAL,0,0,Windows,unspecified
22:53:32.904,31.565,0.3089,0.348,0.3285,0.3507,0.2,NORMAL,0,0,Windows,unspecified
22:53:32.935,31.596,0.3224,0.3561,0.3392,0.3565,0.2,NORMAL,0,0,Windows,unspecified
22:53:32.965,31.626,0.305,0.3561,0.3305,0.3626,0.2,NORMAL,0,0,Windows,unspecified
22:53:32.997,31.658,0.2998,0.3561,0.3279,0.3702,0.2,NORMAL,0,0,Windows,unspecified
22:53:33.029,31.69,0.2789,0.342,0.3104,0.3731,0.2,NORMAL,0,0,Windows,unspecified
22:53:33.059,31.72,0.3069,0.3554,0.3312,0.3757,0.2,NORMAL,0,0,Windows,unspecified
22:53:33.117,31.778,0.3436,0.4302,0.3869,0.3636,0.2,NORMAL,0,0,Windows,unspecified
22:53:33.152,31.813,0.3507,0.4354,0.3931,0.3594,0.2,NORMAL,0,0,Windows,unspecified
22:53:33.186,31.847,0.3768,0.4089,0.3928,0.3703,0.2,NORMAL,0,0,Windows,unspecified
22:53:33.214,31.875,0.3643,0.3971,0.3807,0.3841,0.2,NORMAL,0,0,Windows,unspecified
22:53:33.245,31.906,0.4,0.3986,0.3993,0.3735,0.2,NORMAL,0,0,Windows,unspecified
22:53:33.275,31.936,0.3874,0.4259,0.4067,0.383,0.2,NORMAL,0,0,Windows,unspecified
22:53:33.308,31.969,0.3859,0.4285,0.4072,0.3825,0.2,NORMAL,0,0,Windows,unspecified
22:53:33.338,31.999,0.4015,0.3999,0.4007,0.38,0.2,NORMAL,0,0,Windows,unspecified
22:53:33.371,32.032,0.3874,0.4027,0.3951,0.3854,0.2,NORMAL,0,0,Windows,unspecified
22:53:33.404,32.065,0.4117,0.4141,0.4129,0.3913,0.2,NORMAL,0,0,Windows,unspecified
22:53:33.432,32.093,0.4301,0.4027,0.4164,0.3976,0.2,NORMAL,0,0,Windows,unspecified
22:53:33.465,32.126,0.4261,0.4041,0.4151,0.4057,0.2,NORMAL,0,0,Windows,unspecified
22:53:33.522,32.183,0.4388,0.4027,0.4208,0.4007,0.2,NORMAL,0,0,Windows,unspecified
22:53:33.560,32.221,0.4261,0.3986,0.4124,0.4024,0.1933,NORMAL,0,0,Windows,unspecified
22:53:33.592,32.253,0.424,0.3874,0.4057,0.3992,0.1867,NORMAL,0,0,Windows,unspecified
22:53:33.621,32.282,0.4255,0.3874,0.4064,0.4012,0.18,NORMAL,0,0,Windows,unspecified
22:53:33.654,32.315,0.387,0.3802,0.3836,0.3966,0.1733,NORMAL,0,0,Windows,unspecified
22:53:33.685,32.346,0.3719,0.3641,0.368,0.3922,0.1667,NORMAL,0,0,Windows,unspecified
22:53:33.720,32.381,0.362,0.3667,0.3644,0.3898,0.16,NORMAL,0,0,Windows,unspecified
22:53:33.747,32.408,0.334,0.3368,0.3354,0.3902,0.16,NORMAL,0,0,Windows,unspecified
22:53:33.780,32.441,0.3352,0.3095,0.3224,0.3905,0.16,NORMAL,0,0,Windows,unspecified
22:53:33.810,32.471,0.2976,0.3135,0.3055,0.3992,0.16,NORMAL,0,0,Windows,unspecified
22:53:33.842,32.504,0.3333,0.3266,0.33,0.3883,0.16,NORMAL,0,0,Windows,unspecified
22:53:33.872,32.533,0.2985,0.3284,0.3134,0.4008,0.16,NORMAL,0,0,Windows,unspecified
22:53:33.918,32.579,0.2976,0.3302,0.3139,0.3902,0.16,NORMAL,0,0,Windows,unspecified
22:53:33.950,32.611,0.2976,0.3246,0.3111,0.3882,0.16,NORMAL,0,0,Windows,unspecified
22:53:33.985,32.646,0.2726,0.2895,0.281,0.401,0.16,NORMAL,0,0,Windows,unspecified
22:53:34.013,32.674,0.2841,0.3122,0.2982,0.3962,0.16,NORMAL,0,0,Windows,unspecified
22:53:34.044,32.705,0.292,0.2895,0.2907,0.3883,0.16,NORMAL,0,0,Windows,unspecified
22:53:34.076,32.737,0.2835,0.3013,0.2924,0.3927,0.16,NORMAL,0,0,Windows,unspecified
22:53:34.107,32.768,0.2835,0.2994,0.2915,0.3954,0.16,NORMAL,0,0,Windows,unspecified
22:53:34.140,32.801,0.2712,0.2988,0.285,0.3832,0.16,NORMAL,0,0,Windows,unspecified
22:53:34.168,32.829,0.2805,0.3034,0.292,0.3923,0.16,NORMAL,0,0,Windows,unspecified
22:53:34.195,32.856,0.3043,0.2979,0.3011,0.3873,0.16,NORMAL,0,0,Windows,unspecified
22:53:34.217,32.878,0.291,0.2966,0.2938,0.3921,0.16,NORMAL,0,0,Windows,unspecified
22:53:34.253,32.914,0.3078,0.3135,0.3107,0.3849,0.16,NORMAL,0,0,Windows,unspecified
22:53:34.318,32.979,0.3214,0.3277,0.3245,0.384,0.16,NORMAL,0,0,Windows,unspecified
22:53:34.359,33.02,0.3462,0.3447,0.3455,0.3866,0.16,NORMAL,0,0,Windows,unspecified
22:53:34.387,33.048,0.3701,0.3523,0.3612,0.3814,0.16,NORMAL,0,0,Windows,unspecified
22:53:34.421,33.082,0.3479,0.3753,0.3616,0.3853,0.16,NORMAL,0,0,Windows,unspecified
22:53:34.450,33.111,0.3719,0.3615,0.3667,0.3831,0.16,NORMAL,0,0,Windows,unspecified
22:53:34.484,33.145,0.3576,0.374,0.3658,0.3774,0.16,NORMAL,0,0,Windows,unspecified
22:53:34.514,33.175,0.356,0.3617,0.3588,0.3774,0.16,NORMAL,0,0,Windows,unspecified
22:53:34.545,33.207,0.36,0.3507,0.3554,0.3787,0.16,NORMAL,0,0,Windows,unspecified
22:53:34.578,33.239,0.3843,0.3653,0.3748,0.3785,0.16,NORMAL,0,0,Windows,unspecified
22:53:34.607,33.268,0.3352,0.3386,0.3369,0.3957,0.16,NORMAL,0,0,Windows,unspecified
22:53:34.639,33.301,0.3446,0.3252,0.3349,0.3911,0.16,NORMAL,0,0,Windows,unspecified
22:53:34.671,33.332,0.2823,0.2529,0.2676,0.3961,0.16,NORMAL,0,0,Windows,unspecified
22:53:34.717,33.378,0.1144,0.1111,0.1127,0.4122,0.1667,NORMAL,1,0,Windows,unspecified
22:53:34.749,33.41,0.0833,0.0729,0.0781,0.4004,0.1733,NORMAL,2,0,Windows,unspecified
22:53:34.785,33.446,0.1145,0.101,0.1078,0.3985,0.18,NORMAL,3,0,Windows,unspecified
22:53:34.812,33.473,0.1178,0.1176,0.1177,0.4051,0.1867,NORMAL,4,0,Windows,unspecified
22:53:34.845,33.506,0.1498,0.1551,0.1524,0.3947,0.1933,NORMAL,5,0,Windows,unspecified
22:53:34.874,33.535,0.1542,0.1821,0.1681,0.3973,0.2,NORMAL,6,0,Windows,unspecified
22:53:34.904,33.565,0.182,0.1957,0.1889,0.3943,0.2067,NORMAL,7,0,Windows,unspecified
22:53:34.937,33.598,0.2116,0.2257,0.2186,0.3928,0.2133,NORMAL,8,0,Windows,unspecified
22:53:34.967,33.628,0.2225,0.2552,0.2388,0.3922,0.22,NORMAL,9,0,Windows,unspecified
22:53:34.998,33.659,0.233,0.2529,0.243,0.3977,0.22,NORMAL,0,0,Windows,unspecified
22:53:35.029,33.69,0.2472,0.2775,0.2623,0.4007,0.22,NORMAL,0,0,Windows,unspecified
22:53:35.061,33.722,0.2659,0.3049,0.2854,0.4106,0.22,NORMAL,0,0,Windows,unspecified
22:53:35.117,33.778,0.2681,0.2787,0.2734,0.4668,0.22,NORMAL,0,0,Windows,unspecified
22:53:35.153,33.814,0.2681,0.2959,0.282,0.4602,0.22,NORMAL,0,0,Windows,unspecified
22:53:35.181,33.842,0.2675,0.2959,0.2817,0.508,0.22,NORMAL,0,0,Windows,unspecified
22:53:35.214,33.875,0.2667,0.2828,0.2748,0.5179,0.22,NORMAL,0,0,Windows,unspecified
22:53:35.244,33.905,0.2694,0.2828,0.2761,0.4814,0.22,NORMAL,0,0,Windows,unspecified
22:53:35.277,33.938,0.2546,0.2965,0.2755,0.4656,0.2133,NORMAL,0,0,Windows,unspecified
22:53:35.309,33.97,0.2546,0.2965,0.2755,0.4656,0.2067,NORMAL,0,0,Windows,unspecified
22:53:35.341,34.002,0.2553,0.2965,0.2759,0.4667,0.2,NORMAL,0,0,Windows,unspecified
22:53:35.373,34.034,0.2688,0.2828,0.2758,0.4797,0.1933,NORMAL,0,0,Windows,unspecified
22:53:35.403,34.064,0.2764,0.2959,0.2861,0.459,0.1867,NORMAL,0,0,Windows,unspecified
22:53:35.434,34.095,0.2781,0.2959,0.287,0.4505,0.1867,NORMAL,0,0,Windows,unspecified
22:53:35.465,34.126,0.3132,0.3043,0.3087,0.4285,0.1867,NORMAL,0,0,Windows,unspecified
22:53:35.522,34.183,0.3132,0.3034,0.3083,0.407,0.1867,NORMAL,0,0,Windows,unspecified
22:53:35.559,34.22,0.3132,0.3023,0.3078,0.4076,0.1867,NORMAL,0,0,Windows,unspecified
22:53:35.589,34.25,0.3058,0.3087,0.3073,0.4001,0.1867,NORMAL,0,0,Windows,unspecified
22:53:35.621,34.282,0.3276,0.3194,0.3235,0.4076,0.1867,NORMAL,0,0,Windows,unspecified
22:53:35.651,34.312,0.3354,0.3162,0.3258,0.4103,0.1867,NORMAL,0,0,Windows,unspecified
22:53:35.683,34.344,0.341,0.3333,0.3371,0.4042,0.1867,NORMAL,0,0,Windows,unspecified
22:53:35.714,34.375,0.3337,0.3175,0.3256,0.3935,0.1867,NORMAL,0,0,Windows,unspecified
22:53:35.745,34.406,0.3312,0.3253,0.3282,0.3938,0.1867,NORMAL,0,0,Windows,unspecified
22:53:35.777,34.438,0.342,0.3175,0.3297,0.3933,0.1867,NORMAL,0,0,Windows,unspecified
22:53:35.807,34.468,0.3132,0.3174,0.3153,0.4087,0.1867,NORMAL,0,0,Windows,unspecified
22:53:35.842,34.503,0.3314,0.341,0.3362,0.4046,0.1867,NORMAL,0,0,Windows,unspecified
22:53:35.871,34.532,0.3236,0.3174,0.3205,0.3998,0.1867,NORMAL,0,0,Windows,unspecified
22:53:35.919,34.58,0.3392,0.3209,0.33,0.3999,0.1867,NORMAL,0,0,Windows,unspecified
22:53:35.950,34.611,0.3266,0.3214,0.324,0.4019,0.1867,NORMAL,0,0,Windows,unspecified
22:53:35.986,34.647,0.341,0.3345,0.3377,0.4123,0.1867,NORMAL,0,0,Windows,unspecified
22:53:36.011,34.672,0.341,0.3205,0.3307,0.4021,0.1867,NORMAL,0,0,Windows,unspecified
22:53:36.043,34.704,0.341,0.3183,0.3296,0.4024,0.1867,NORMAL,0,0,Windows,unspecified
22:53:36.073,34.734,0.3512,0.3174,0.3343,0.4112,0.1867,NORMAL,0,0,Windows,unspecified
22:53:36.104,34.765,0.341,0.3174,0.3292,0.4067,0.1867,NORMAL,0,0,Windows,unspecified
22:53:36.136,34.798,0.341,0.341,0.341,0.4123,0.1867,NORMAL,0,0,Windows,unspecified
22:53:36.168,34.829,0.3512,0.341,0.3461,0.4083,0.18,NORMAL,0,0,Windows,unspecified
22:53:36.198,34.859,0.3364,0.341,0.3387,0.4021,0.1733,NORMAL,0,0,Windows,unspecified
22:53:36.230,34.891,0.3364,0.3253,0.3309,0.4021,0.1667,NORMAL,0,0,Windows,unspecified
22:53:36.257,34.918,0.3266,0.341,0.3338,0.4043,0.16,NORMAL,0,0,Windows,unspecified
22:53:36.318,34.979,0.3132,0.3266,0.3199,0.3988,0.1533,NORMAL,0,0,Windows,unspecified
22:53:36.354,35.015,0.342,0.341,0.3415,0.4088,0.1467,NORMAL,0,0,Windows,unspecified
22:53:36.387,35.048,0.3493,0.3296,0.3394,0.4077,0.14,NORMAL,0,0,Windows,unspecified
22:53:36.418,35.079,0.3266,0.341,0.3338,0.3933,0.1333,NORMAL,0,0,Windows,unspecified
22:53:36.449,35.11,0.3402,0.3314,0.3358,0.4043,0.1267,NORMAL,0,0,Windows,unspecified
22:53:36.481,35.142,0.3493,0.341,0.3451,0.3964,0.12,NORMAL,0,0,Windows,unspecified
22:53:36.512,35.173,0.3493,0.3442,0.3467,0.405,0.1133,NORMAL,0,0,Windows,unspecified
22:53:36.543,35.204,0.3493,0.3314,0.3403,0.4047,0.1067,NORMAL,0,0,Windows,unspecified
22:53:36.576,35.237,0.3392,0.3345,0.3368,0.4104,0.1,NORMAL,0,0,Windows,unspecified
22:53:36.607,35.268,0.339,0.3337,0.3363,0.4081,0.0933,NORMAL,0,0,Windows,unspecified
22:53:36.637,35.298,0.341,0.3195,0.3302,0.4016,0.0867,NORMAL,0,0,Windows,unspecified
22:53:36.667,35.328,0.339,0.3214,0.3302,0.4047,0.08,NORMAL,0,0,Windows,unspecified
22:53:36.720,35.381,0.3382,0.342,0.3401,0.3983,0.0733,NORMAL,0,0,Windows,unspecified
22:53:36.746,35.407,0.3392,0.342,0.3406,0.3889,0.0667,NORMAL,0,0,Windows,unspecified
22:53:36.780,35.441,0.339,0.3183,0.3286,0.4005,0.06,NORMAL,0,0,Windows,unspecified
22:53:36.810,35.471,0.3504,0.3276,0.339,0.4027,0.06,NORMAL,0,0,Windows,unspecified
22:53:36.845,35.506,0.3493,0.3314,0.3403,0.4043,0.06,NORMAL,0,0,Windows,unspecified
22:53:36.871,35.532,0.3504,0.3314,0.3409,0.4021,0.06,NORMAL,0,0,Windows,unspecified
22:53:36.903,35.564,0.3226,0.3314,0.327,0.4008,0.06,NORMAL,0,0,Windows,unspecified
22:53:36.934,35.595,0.3512,0.3702,0.3607,0.4389,0.06,NORMAL,0,0,Windows,unspecified
22:53:36.964,35.625,0.3768,0.3531,0.3649,0.4389,0.06,NORMAL,0,0,Windows,unspecified
22:53:36.995,35.656,0.3523,0.3372,0.3447,0.4381,0.06,NORMAL,0,0,Windows,unspecified
22:53:37.027,35.688,0.3523,0.3334,0.3428,0.443,0.06,NORMAL,0,0,Windows,unspecified
22:53:37.057,35.719,0.3467,0.3397,0.3432,0.4301,0.06,NORMAL,0,0,Windows,unspecified
22:53:37.119,35.78,0.3512,0.3556,0.3534,0.4142,0.06,NORMAL,0,0,Windows,unspecified
22:53:37.153,35.814,0.3493,0.3452,0.3473,0.4021,0.06,NORMAL,0,0,Windows,unspecified
22:53:37.183,35.844,0.3512,0.342,0.3466,0.3988,0.06,NORMAL,0,0,Windows,unspecified
22:53:37.215,35.876,0.362,0.3523,0.3571,0.3921,0.06,NORMAL,0,0,Windows,unspecified
22:53:37.243,35.904,0.3452,0.342,0.3436,0.4043,0.06,NORMAL,0,0,Windows,unspecified
22:53:37.279,35.94,0.3512,0.341,0.3461,0.41,0.06,NORMAL,0,0,Windows,unspecified
22:53:37.311,35.972,0.3342,0.3452,0.3397,0.4123,0.06,NORMAL,0,0,Windows,unspecified
22:53:37.343,36.004,0.3493,0.3523,0.3508,0.4056,0.06,NORMAL,0,0,Windows,unspecified
22:53:37.374,36.035,0.3512,0.3452,0.3482,0.4056,0.06,NORMAL,0,0,Windows,unspecified
22:53:37.404,36.065,0.3634,0.3452,0.3543,0.4072,0.06,NORMAL,0,0,Windows,unspecified
22:53:37.437,36.099,0.3493,0.342,0.3456,0.4021,0.06,NORMAL,0,0,Windows,unspecified
22:53:37.467,36.128,0.3613,0.3523,0.3568,0.4125,0.06,NORMAL,0,0,Windows,unspecified
22:53:37.516,36.177,0.3512,0.3452,0.3482,0.42,0.06,NORMAL,0,0,Windows,unspecified
22:53:37.548,36.209,0.3512,0.3323,0.3417,0.42,0.06,NORMAL,0,0,Windows,unspecified
22:53:37.584,36.245,0.3195,0.3308,0.3252,0.4132,0.06,NORMAL,0,0,Windows,unspecified
22:53:37.608,36.269,0.3326,0.3523,0.3424,0.3957,0.06,NORMAL,0,0,Windows,unspecified
22:53:37.645,36.306,0.3226,0.3452,0.3339,0.3969,0.06,NORMAL,0,0,Windows,unspecified
22:53:37.671,36.332,0.346,0.3452,0.3456,0.4073,0.06,NORMAL,0,0,Windows,unspecified
22:53:37.704,36.365,0.3345,0.3308,0.3327,0.4045,0.06,NORMAL,0,0,Windows,unspecified
22:53:37.735,36.396,0.3512,0.3442,0.3477,0.41,0.06,NORMAL,0,0,Windows,unspecified
22:53:37.767,36.428,0.3424,0.3314,0.3369,0.4032,0.06,NORMAL,0,0,Windows,unspecified
22:53:37.799,36.46,0.3493,0.3442,0.3467,0.3969,0.06,NORMAL,0,0,Windows,unspecified
22:53:37.829,36.49,0.3493,0.3442,0.3467,0.3954,0.06,NORMAL,0,0,Windows,unspecified
22:53:37.859,36.52,0.3493,0.3442,0.3467,0.4067,0.06,NORMAL,0,0,Windows,unspecified
22:53:37.918,36.579,0.3693,0.3583,0.3638,0.4159,0.06,NORMAL,0,0,Windows,unspecified
22:53:37.953,36.615,0.366,0.3583,0.3622,0.4087,0.06,NORMAL,0,0,Windows,unspecified
22:53:37.987,36.648,0.3493,0.341,0.3451,0.406,0.06,NORMAL,0,0,Windows,unspecified
22:53:38.017,36.678,0.3517,0.3442,0.348,0.4213,0.06,NORMAL,0,0,Windows,unspecified
22:53:38.049,36.711,0.3523,0.3594,0.3558,0.4129,0.06,NORMAL,0,0,Windows,unspecified
22:53:38.082,36.743,0.3523,0.3382,0.3452,0.4145,0.06,NORMAL,0,0,Windows,unspecified
22:53:38.114,36.775,0.346,0.3562,0.3511,0.4244,0.06,NORMAL,0,0,Windows,unspecified
22:53:38.145,36.806,0.3305,0.346,0.3382,0.4187,0.06,NORMAL,0,0,Windows,unspecified
22:53:38.177,36.838,0.3504,0.3308,0.3406,0.4145,0.06,NORMAL,0,0,Windows,unspecified
22:53:38.207,36.868,0.3375,0.346,0.3417,0.4102,0.06,NORMAL,0,0,Windows,unspecified
22:53:38.239,36.9,0.3502,0.346,0.3481,0.4127,0.06,NORMAL,0,0,Windows,unspecified
22:53:38.269,36.93,0.3493,0.3315,0.3404,0.4098,0.06,NORMAL,0,0,Windows,unspecified
22:53:38.317,36.978,0.3493,0.3308,0.34,0.4092,0.06,NORMAL,0,0,Windows,unspecified
22:53:38.348,37.009,0.3493,0.3452,0.3473,0.4092,0.06,NORMAL,0,0,Windows,unspecified
22:53:38.381,37.042,0.3493,0.346,0.3476,0.4124,0.06,NORMAL,0,0,Windows,unspecified
22:53:38.412,37.073,0.3493,0.346,0.3476,0.4121,0.06,NORMAL,0,0,Windows,unspecified
22:53:38.444,37.105,0.3392,0.3354,0.3373,0.3977,0.06,NORMAL,0,0,Windows,unspecified
22:53:38.474,37.135,0.342,0.3276,0.3348,0.4026,0.06,NORMAL,0,0,Windows,unspecified
22:53:38.505,37.166,0.3402,0.3214,0.3308,0.41,0.06,NORMAL,0,0,Windows,unspecified
22:53:38.537,37.198,0.341,0.3361,0.3385,0.4057,0.06,NORMAL,0,0,Windows,unspecified
22:53:38.569,37.23,0.3258,0.3183,0.3221,0.4081,0.06,NORMAL,0,0,Windows,unspecified
22:53:38.600,37.261,0.3491,0.342,0.3456,0.4037,0.06,NORMAL,0,0,Windows,unspecified
22:53:38.633,37.294,0.3504,0.3337,0.342,0.4071,0.06,NORMAL,0,0,Windows,unspecified
22:53:38.661,37.322,0.3375,0.3354,0.3364,0.4057,0.06,NORMAL,0,0,Windows,unspecified
22:53:38.718,37.379,0.342,0.3354,0.3387,0.4024,0.06,NORMAL,0,0,Windows,unspecified
22:53:38.757,37.418,0.3512,0.3345,0.3428,0.408,0.06,NORMAL,0,0,Windows,unspecified
22:53:38.790,37.451,0.293,0.2764,0.2847,0.4149,0.06,NORMAL,0,0,Windows,unspecified
22:53:38.819,37.48,0.2617,0.2769,0.2693,0.4171,0.06,NORMAL,0,0,Windows,unspecified
22:53:38.852,37.513,0.1857,0.1408,0.1632,0.4057,0.0667,NORMAL,1,0,Windows,unspecified
22:53:38.883,37.544,0.1536,0.1358,0.1447,0.4057,0.0733,NORMAL,2,0,Windows,unspecified
22:53:38.913,37.574,0.1367,0.1122,0.1244,0.4057,0.08,NORMAL,3,0,Windows,unspecified
22:53:38.945,37.606,0.0639,0.0966,0.0803,0.408,0.0867,NORMAL,4,0,Windows,unspecified
22:53:38.979,37.64,0.0621,0.0639,0.063,0.4047,0.0933,NORMAL,5,0,Windows,unspecified
22:53:39.011,37.673,0.128,0.1041,0.1161,0.414,0.1,NORMAL,6,0,Windows,unspecified
22:53:39.039,37.7,0.128,0.1227,0.1254,0.4053,0.1067,NORMAL,7,0,Windows,unspecified
22:53:39.072,37.733,0.1629,0.1358,0.1494,0.4159,0.1133,NORMAL,8,0,Windows,unspecified
22:53:39.120,37.781,0.1452,0.1212,0.1332,0.428,0.12,NORMAL,9,0,Windows,unspecified
22:53:39.149,37.81,0.144,0.1212,0.1326,0.4211,0.1267,WARNING,10,0,Windows,unspecified
22:53:39.179,37.84,0.1782,0.1824,0.1803,0.4122,0.1333,WARNING,11,0,Windows,unspecified
22:53:39.212,37.873,0.1782,0.1644,0.1713,0.4193,0.14,WARNING,12,0,Windows,unspecified
22:53:39.261,37.923,0.1782,0.1631,0.1707,0.416,0.1467,WARNING,13,0,Windows,unspecified
22:53:39.292,37.953,0.184,0.1644,0.1742,0.4218,0.1533,WARNING,14,0,Windows,unspecified
22:53:39.322,37.983,0.184,0.1644,0.1742,0.4226,0.16,WARNING,15,0,Windows,unspecified
22:53:39.355,38.016,0.184,0.1788,0.1814,0.4219,0.1667,WARNING,16,0,Windows,unspecified
22:53:39.386,38.047,0.1842,0.1788,0.1815,0.418,0.1733,WARNING,17,0,Windows,unspecified
22:53:39.416,38.077,0.0903,0.1246,0.1074,0.4116,0.18,WARNING,18,0,Windows,unspecified
22:53:39.448,38.109,0.0507,0.0811,0.0659,0.4152,0.1867,WARNING,19,0,Windows,unspecified
22:53:39.479,38.14,0.0572,0.0729,0.0651,0.4103,0.1933,DROWSY,20,0,Windows,unspecified
22:53:39.521,38.182,0.0557,0.0604,0.0581,0.417,0.2,DROWSY,21,0,Windows,unspecified
22:53:39.543,38.204,0.0526,0.0573,0.055,0.4239,0.2067,DROWSY,22,0,Windows,unspecified
22:53:39.585,38.246,0.0557,0.0832,0.0695,0.4008,0.2133,DROWSY,23,0,Windows,unspecified
22:53:39.623,38.284,0.0573,0.071,0.0642,0.4109,0.22,DROWSY,24,0,Windows,unspecified
22:53:39.661,38.322,0.0832,0.0832,0.0832,0.3953,0.2267,DROWSY,25,0,Windows,unspecified
22:53:39.687,38.348,0.071,0.0984,0.0847,0.396,0.2333,DROWSY,26,0,Windows,unspecified
22:53:39.721,38.382,0.071,0.0958,0.0834,0.396,0.2333,DROWSY,27,0,Windows,unspecified
22:53:39.749,38.41,0.0588,0.0832,0.071,0.4062,0.2333,DROWSY,28,0,Windows,unspecified
22:53:39.780,38.441,0.0468,0.0768,0.0618,0.3997,0.2333,DROWSY,29,0,Windows,unspecified
22:53:39.813,38.474,0.0543,0.0959,0.0751,0.3983,0.2333,DROWSY,30,0,Windows,unspecified
22:53:39.844,38.505,0.0662,0.0958,0.081,0.3873,0.2333,DROWSY,31,0,Windows,unspecified
22:53:39.875,38.536,0.0573,0.0867,0.072,0.3982,0.2333,DROWSY,32,0,Windows,unspecified
22:53:39.916,38.577,0.069,0.0832,0.0761,0.3982,0.2333,DROWSY,33,0,Windows,unspecified
22:53:39.952,38.614,0.0572,0.0854,0.0713,0.3986,0.2333,DROWSY,34,0,Windows,unspecified
22:53:39.983,38.645,0.2095,0.2486,0.229,0.3942,0.2333,DROWSY,35,0,Windows,unspecified
22:53:40.021,38.682,0.2456,0.2479,0.2467,0.4036,0.2333,NORMAL,0,0,Windows,unspecified
22:53:40.065,38.726,0.2812,0.2794,0.2803,0.3989,0.2333,NORMAL,0,0,Windows,unspecified
22:53:40.093,38.754,0.2979,0.3069,0.3024,0.4107,0.2333,NORMAL,0,0,Windows,unspecified
22:53:40.125,38.786,0.3122,0.2919,0.3021,0.4107,0.2333,NORMAL,0,0,Windows,unspecified
22:53:40.156,38.817,0.354,0.3378,0.3459,0.4011,0.2333,NORMAL,0,0,Windows,unspecified
22:53:40.188,38.849,0.354,0.3347,0.3444,0.4055,0.2333,NORMAL,0,0,Windows,unspecified
22:53:40.217,38.878,0.3887,0.3681,0.3784,0.4016,0.2333,NORMAL,0,0,Windows,unspecified
22:53:40.249,38.91,0.372,0.3666,0.3693,0.3987,0.2333,NORMAL,0,0,Windows,unspecified
22:53:40.282,38.943,0.428,0.4077,0.4179,0.4225,0.2333,NORMAL,0,0,Windows,unspecified
22:53:40.321,38.982,0.4015,0.3811,0.3913,0.4186,0.2333,NORMAL,0,0,Windows,unspecified
22:53:40.344,39.005,0.3874,0.3655,0.3765,0.417,0.2333,NORMAL,0,0,Windows,unspecified
22:53:40.385,39.046,0.3755,0.3509,0.3632,0.4196,0.2333,NORMAL,0,0,Windows,unspecified
22:53:40.407,39.068,0.3781,0.3585,0.3683,0.4073,0.2333,NORMAL,0,0,Windows,unspecified
22:53:40.463,39.124,0.3511,0.3456,0.3484,0.4229,0.2333,NORMAL,0,0,Windows,unspecified
22:53:40.501,39.162,0.3755,0.3676,0.3716,0.4216,0.2333,NORMAL,0,0,Windows,unspecified
22:53:40.531,39.193,0.3755,0.3548,0.3651,0.4154,0.2333,NORMAL,0,0,Windows,unspecified
22:53:40.562,39.223,0.374,0.3381,0.3561,0.4209,0.2333,NORMAL,0,0,Windows,unspecified
22:53:40.595,39.256,0.3523,0.3515,0.3519,0.41,0.2333,NORMAL,0,0,Windows,unspecified
22:53:40.624,39.285,0.3343,0.3135,0.3239,0.4129,0.2333,NORMAL,0,0,Windows,unspecified
22:53:40.653,39.314,0.3329,0.317,0.325,0.3968,0.2333,NORMAL,0,0,Windows,unspecified
22:53:40.688,39.349,0.3459,0.3342,0.34,0.3973,0.2333,NORMAL,0,0,Windows,unspecified
22:53:40.716,39.377,0.3394,0.3443,0.3419,0.4008,0.2333,NORMAL,0,0,Windows,unspecified
22:53:40.751,39.412,0.3495,0.3443,0.3469,0.3953,0.2333,NORMAL,0,0,Windows,unspecified
22:53:40.784,39.445,0.3483,0.3706,0.3594,0.3979,0.2333,NORMAL,0,0,Windows,unspecified
22:53:40.812,39.473,0.3483,0.3798,0.364,0.3922,0.2333,NORMAL,0,0,Windows,unspecified
22:53:40.862,39.523,0.3621,0.3828,0.3724,0.4093,0.2333,NORMAL,0,0,Windows,unspecified
22:53:40.892,39.553,0.352,0.3828,0.3674,0.4093,0.2333,NORMAL,0,0,Windows,unspecified
22:53:40.925,39.586,0.3641,0.3828,0.3734,0.4129,0.2333,NORMAL,0,0,Windows,unspecified
22:53:40.956,39.617,0.3641,0.3859,0.375,0.4014,0.2333,NORMAL,0,0,Windows,unspecified
22:53:40.986,39.647,0.3641,0.3608,0.3624,0.4009,0.2333,NORMAL,0,0,Windows,unspecified
22:53:41.017,39.678,0.3641,0.3753,0.3697,0.4052,0.2333,NORMAL,0,0,Windows,unspecified
22:53:41.047,39.708,0.3716,0.4025,0.387,0.4054,0.2333,NORMAL,0,0,Windows,unspecified
22:53:41.080,39.741,0.3483,0.3517,0.35,0.4047,0.2333,NORMAL,0,0,Windows,unspecified
22:53:41.120,39.781,0.3004,0.3403,0.3204,0.3987,0.2333,NORMAL,0,0,Windows,unspecified
22:53:41.157,39.819,0.3172,0.3319,0.3245,0.3938,0.2333,NORMAL,0,0,Windows,unspecified
22:53:41.189,39.85,0.294,0.3403,0.3171,0.3985,0.2333,NORMAL,0,0,Windows,unspecified
22:53:41.221,39.882,0.3059,0.3312,0.3186,0.3964,0.2333,NORMAL,0,0,Windows,unspecified
22:53:41.260,39.921,0.3135,0.3454,0.3295,0.3946,0.2333,NORMAL,0,0,Windows,unspecified
22:53:41.284,39.945,0.304,0.3454,0.3247,0.4027,0.2333,NORMAL,0,0,Windows,unspecified
22:53:41.315,39.976,0.3031,0.3427,0.3229,0.3942,0.2333,NORMAL,0,0,Windows,unspecified
22:53:41.345,40.006,0.3126,0.3656,0.3391,0.404,0.2333,NORMAL,0,0,Windows,unspecified
22:53:41.380,40.041,0.3245,0.363,0.3438,0.4135,0.2333,NORMAL,0,0,Windows,unspecified
22:53:41.408,40.069,0.324,0.3636,0.3438,0.4028,0.2333,NORMAL,0,0,Windows,unspecified
22:53:41.442,40.103,0.3089,0.3549,0.3319,0.3993,0.2333,NORMAL,0,0,Windows,unspecified
22:53:41.472,40.133,0.3103,0.3482,0.3293,0.3972,0.2333,NORMAL,0,0,Windows,unspecified
22:53:41.518,40.179,0.3089,0.3613,0.3351,0.4054,0.2333,NORMAL,0,0,Windows,unspecified
22:53:41.549,40.21,0.308,0.3599,0.334,0.4047,0.2333,NORMAL,0,0,Windows,unspecified
22:53:41.585,40.246,0.3169,0.3298,0.3234,0.4098,0.2333,NORMAL,0,0,Windows,unspecified
22:53:41.613,40.274,0.3136,0.3599,0.3368,0.4155,0.2333,NORMAL,0,0,Windows,unspecified
22:53:41.663,40.324,0.2953,0.3599,0.3276,0.3967,0.2333,NORMAL,0,0,Windows,unspecified
22:53:41.691,40.352,0.308,0.3613,0.3346,0.4036,0.2333,NORMAL,0,0,Windows,unspecified
22:53:41.721,40.382,0.3012,0.3482,0.3247,0.4029,0.2333,NORMAL,0,0,Windows,unspecified
22:53:41.752,40.413,0.3018,0.3473,0.3245,0.3969,0.2333,NORMAL,0,0,Windows,unspecified
22:53:41.785,40.446,0.322,0.3499,0.3359,0.3917,0.2333,NORMAL,0,0,Windows,unspecified
22:53:41.816,40.477,0.2962,0.3613,0.3287,0.4029,0.2333,NORMAL,0,0,Windows,unspecified
22:53:41.848,40.509,0.2962,0.3613,0.3287,0.3946,0.2333,NORMAL,0,0,Windows,unspecified
22:53:41.878,40.539,0.2281,0.3394,0.2838,0.4007,0.2333,NORMAL,0,0,Windows,unspecified
22:53:41.918,40.579,0.2088,0.3383,0.2736,0.3996,0.2333,NORMAL,0,0,Windows,unspecified
22:53:41.941,40.602,0.2215,0.3203,0.2709,0.392,0.2333,NORMAL,0,0,Windows,unspecified
22:53:41.980,40.641,0.2094,0.3394,0.2744,0.4023,0.2333,NORMAL,0,0,Windows,unspecified
22:53:42.004,40.665,0.2185,0.3383,0.2784,0.4049,0.2333,NORMAL,0,0,Windows,unspecified
22:53:42.061,40.722,0.2094,0.3467,0.278,0.3865,0.2333,NORMAL,0,0,Windows,unspecified
22:53:42.095,40.756,0.2153,0.33,0.2727,0.3936,0.2333,NORMAL,0,0,Windows,unspecified
22:53:42.126,40.787,0.2039,0.3394,0.2717,0.4031,0.2333,NORMAL,0,0,Windows,unspecified
22:53:42.159,40.82,0.2006,0.3467,0.2737,0.3976,0.2333,NORMAL,0,0,Windows,unspecified
22:53:42.187,40.848,0.2006,0.3417,0.2712,0.3879,0.2333,NORMAL,0,0,Windows,unspecified
22:53:42.223,40.884,0.2181,0.3497,0.2839,0.4046,0.2333,NORMAL,0,0,Windows,unspecified
22:53:42.250,40.911,0.213,0.335,0.274,0.3964,0.2333,NORMAL,0,0,Windows,unspecified
22:53:42.285,40.946,0.1964,0.3253,0.2609,0.4109,0.2333,NORMAL,0,0,Windows,unspecified
22:53:42.320,40.981,0.1833,0.2836,0.2335,0.3891,0.24,NORMAL,1,0,Windows,unspecified
22:53:42.345,41.006,0.1602,0.3,0.2301,0.3902,0.2467,NORMAL,2,0,Windows,unspecified
22:53:42.381,41.042,0.1824,0.3014,0.2419,0.4022,0.2467,NORMAL,0,0,Windows,unspecified
22:53:42.407,41.068,0.1826,0.3003,0.2414,0.4039,0.2467,NORMAL,0,0,Windows,unspecified
22:53:42.439,41.1,0.1826,0.3146,0.2486,0.4039,0.2467,NORMAL,0,0,Windows,unspecified
22:53:42.470,41.131,0.1843,0.3122,0.2483,0.395,0.2467,NORMAL,0,0,Windows,unspecified
22:53:42.502,41.163,0.1715,0.2979,0.2347,0.396,0.2533,NORMAL,1,0,Windows,unspecified
22:53:42.534,41.195,0.1675,0.2459,0.2067,0.3891,0.26,NORMAL,2,0,Windows,unspecified
22:53:42.566,41.227,0.152,0.2389,0.1955,0.3877,0.2667,NORMAL,3,0,Windows,unspecified
22:53:42.596,41.257,0.1173,0.2011,0.1592,0.3984,0.2733,NORMAL,4,0,Windows,unspecified
22:53:42.628,41.29,0.1162,0.1986,0.1574,0.3943,0.28,NORMAL,5,0,Windows,unspecified
22:53:42.659,41.321,0.1162,0.2015,0.1588,0.4013,0.2867,NORMAL,6,0,Windows,unspecified
22:53:42.717,41.379,0.1288,0.1958,0.1623,0.3848,0.2933,NORMAL,7,0,Windows,unspecified
22:53:42.753,41.414,0.1413,0.1828,0.162,0.3885,0.3,NORMAL,8,0,Windows,unspecified
22:53:42.780,41.441,0.1162,0.1674,0.1418,0.4044,0.3067,NORMAL,9,0,Windows,unspecified
22:53:42.814,41.475,0.1185,0.1674,0.1429,0.4072,0.3133,WARNING,10,0,Windows,unspecified
22:53:42.846,41.507,0.1269,0.1541,0.1405,0.4068,0.32,WARNING,11,0,Windows,unspecified
22:53:42.876,41.537,0.1185,0.1573,0.1379,0.4102,0.3267,WARNING,12,0,Windows,unspecified
22:53:42.910,41.571,0.1185,0.1702,0.1443,0.4055,0.3333,WARNING,13,0,Windows,unspecified
22:53:42.940,41.601,0.1185,0.1635,0.141,0.3962,0.34,WARNING,14,0,Windows,unspecified
22:53:42.969,41.63,0.1158,0.1502,0.133,0.3943,0.3467,WARNING,15,0,Windows,unspecified
22:53:43.000,41.661,0.1185,0.1374,0.1279,0.4042,0.3533,DROWSY,16,0,Windows,unspecified
22:53:43.032,41.694,0.1173,0.1242,0.1208,0.4058,0.36,DROWSY,17,0,Windows,unspecified
22:53:43.063,41.724,0.1047,0.1289,0.1168,0.396,0.3667,DROWSY,18,0,Windows,unspecified
22:53:43.120,41.781,0.0936,0.1255,0.1096,0.3943,0.3733,DROWSY,19,0,Windows,unspecified
22:53:43.157,41.818,0.0827,0.121,0.1019,0.4019,0.38,DROWSY,20,0,Windows,unspecified
22:53:43.188,41.849,0.0827,0.1071,0.0949,0.3854,0.3867,DROWSY,21,0,Windows,unspecified
22:53:43.220,41.881,0.07,0.1026,0.0863,0.3835,0.3933,DROWSY,22,0,Windows,unspecified
22:53:43.251,41.912,0.0684,0.1096,0.089,0.3892,0.4,DROWSY,23,0,Windows,unspecified
22:53:43.283,41.944,0.0717,0.1001,0.0859,0.3864,0.4067,DROWSY,24,0,Windows,unspecified
22:53:43.314,41.975,0.0767,0.1001,0.0884,0.3854,0.4133,DROWSY,25,0,Windows,unspecified
22:53:43.344,42.005,0.0732,0.0804,0.0768,0.3932,0.42,DROWSY,26,0,Windows,unspecified
22:53:43.377,42.038,0.0716,0.0804,0.076,0.3955,0.4267,DROWSY,27,0,Windows,unspecified
22:53:43.409,42.07,0.0765,0.0919,0.0842,0.3899,0.4333,DROWSY,28,0,Windows,unspecified
22:53:43.440,42.101,0.0952,0.077,0.0861,0.3978,0.44,DROWSY,29,0,Windows,unspecified
22:53:43.469,42.131,0.0931,0.107,0.1001,0.3923,0.4467,DROWSY,30,0,Windows,unspecified
22:53:43.517,42.178,0.1181,0.1166,0.1173,0.3891,0.4533,DROWSY,31,0,Windows,unspecified
22:53:43.549,42.21,0.1214,0.1248,0.1231,0.3979,0.46,DROWSY,32,0,Windows,unspecified
22:53:43.583,42.244,0.1124,0.1426,0.1275,0.3961,0.4667,DROWSY,33,0,Windows,unspecified
22:53:43.611,42.272,0.1019,0.1364,0.1191,0.3857,0.4733,DROWSY,34,0,Windows,unspecified
22:53:43.643,42.304,0.1242,0.1312,0.1277,0.3795,0.48,DROWSY,35,0,Windows,unspecified
22:53:43.673,42.334,0.1197,0.1629,0.1413,0.395,0.4867,DROWSY,36,0,Windows,unspecified
22:53:43.705,42.366,0.1124,0.1632,0.1378,0.3983,0.4933,DROWSY,37,0,Windows,unspecified
22:53:43.737,42.398,0.1242,0.1657,0.145,0.3974,0.5,DROWSY,38,0,Windows,unspecified
22:53:43.767,42.428,0.1319,0.1504,0.1412,0.3869,0.5067,DROWSY,39,0,Windows,unspecified
22:53:43.800,42.461,0.1209,0.1426,0.1317,0.3939,0.5133,DROWSY,40,0,Windows,unspecified
22:53:43.829,42.49,0.1209,0.1426,0.1317,0.3959,0.5133,DROWSY,41,0,Windows,unspecified
22:53:43.861,42.522,0.1214,0.1428,0.1321,0.404,0.5133,DROWSY,42,0,Windows,unspecified
22:53:43.915,42.576,0.1101,0.1426,0.1264,0.4076,0.5133,DROWSY,43,0,Windows,unspecified
22:53:43.955,42.616,0.0995,0.1426,0.1211,0.4007,0.5133,DROWSY,44,0,Windows,unspecified
22:53:43.985,42.646,0.1214,0.1397,0.1305,0.397,0.5133,DROWSY,45,0,Windows,unspecified
22:53:44.016,42.677,0.1169,0.1362,0.1266,0.3907,0.5133,DROWSY,46,0,Windows,unspecified
22:53:44.048,42.709,0.1209,0.1362,0.1285,0.3907,0.5133,DROWSY,47,0,Windows,unspecified
22:53:44.077,42.738,0.1019,0.1362,0.119,0.4038,0.5133,DROWSY,48,0,Windows,unspecified
22:53:44.111,42.772,0.0979,0.133,0.1154,0.4042,0.5133,DROWSY,49,0,Windows,unspecified
22:53:44.140,42.801,0.1231,0.1424,0.1327,0.399,0.5133,DROWSY,50,0,Windows,unspecified
22:53:44.173,42.834,0.1209,0.1511,0.136,0.3928,0.5133,DROWSY,51,0,Windows,unspecified
22:53:44.204,42.865,0.1019,0.1364,0.1191,0.3993,0.5133,DROWSY,52,0,Windows,unspecified
22:53:44.234,42.895,0.0804,0.1097,0.095,0.3954,0.5133,DROWSY,53,0,Windows,unspecified
22:53:44.264,42.925,0.1021,0.1282,0.1151,0.3853,0.5133,DROWSY,54,0,Windows,unspecified
22:53:44.322,42.983,0.103,0.1397,0.1214,0.4105,0.5133,DROWSY,55,0,Windows,unspecified
22:53:44.357,43.018,0.1095,0.1201,0.1148,0.4025,0.5133,DROWSY,56,0,Windows,unspecified
22:53:44.390,43.051,0.1043,0.1432,0.1237,0.397,0.5133,DROWSY,57,0,Windows,unspecified
22:53:44.420,43.081,0.1045,0.1426,0.1236,0.3958,0.5133,DROWSY,58,0,Windows,unspecified
22:53:44.452,43.113,0.0918,0.1166,0.1042,0.4022,0.5133,DROWSY,59,0,Windows,unspecified
22:53:44.482,43.143,0.0979,0.1432,0.1205,0.3959,0.5133,DROWSY,60,0,Windows,unspecified
22:53:44.521,43.183,0.0979,0.1277,0.1128,0.3961,0.5133,DROWSY,61,0,Windows,unspecified
22:53:44.548,43.209,0.1001,0.1195,0.1098,0.4017,0.5133,DROWSY,62,0,Windows,unspecified
22:53:44.576,43.238,0.0865,0.0942,0.0904,0.404,0.5133,DROWSY,63,0,Windows,unspecified
22:53:44.606,43.268,0.0988,0.1056,0.1022,0.3996,0.5133,DROWSY,64,0,Windows,unspecified
22:53:44.637,43.298,0.0865,0.103,0.0948,0.3991,0.5133,DROWSY,65,0,Windows,unspecified
22:53:44.669,43.33,0.077,0.1015,0.0893,0.4006,0.5133,DROWSY,66,0,Windows,unspecified
22:53:44.720,43.381,0.0888,0.1342,0.1115,0.3981,0.5133,DROWSY,67,0,Windows,unspecified
22:53:44.746,43.407,0.091,0.1297,0.1103,0.4017,0.5133,DROWSY,68,0,Windows,unspecified
22:53:44.781,43.442,0.1045,0.1129,0.1087,0.4054,0.5133,DROWSY,69,0,Windows,unspecified
22:53:44.809,43.47,0.0886,0.1062,0.0974,0.4054,0.5133,DROWSY,70,0,Windows,unspecified
22:53:44.839,43.5,0.0824,0.0811,0.0817,0.4056,0.5133,DROWSY,71,0,Windows,unspecified
22:53:44.871,43.532,0.1215,0.1225,0.122,0.3934,0.5133,DROWSY,72,0,Windows,unspecified
22:53:44.903,43.564,0.1185,0.1176,0.1181,0.3973,0.5133,DROWSY,73,0,Windows,unspecified
22:53:44.935,43.596,0.1304,0.1416,0.136,0.403,0.5133,DROWSY,74,0,Windows,unspecified
22:53:44.980,43.641,0.1101,0.1284,0.1192,0.4038,0.5133,DROWSY,75,0,Windows,unspecified
22:53:45.013,43.674,0.1129,0.1455,0.1292,0.3989,0.52,DROWSY,76,0,Windows,unspecified
22:53:45.044,43.705,0.0977,0.1161,0.1069,0.3948,0.5267,DROWSY,77,0,Windows,unspecified
22:53:45.075,43.736,0.1034,0.1161,0.1098,0.4014,0.5333,DROWSY,78,0,Windows,unspecified
22:53:45.119,43.78,0.1145,0.1162,0.1153,0.395,0.54,DROWSY,79,0,Windows,unspecified
22:53:45.152,43.813,0.0978,0.1131,0.1055,0.3886,0.5467,DROWSY,80,0,Windows,unspecified
22:53:45.184,43.845,0.0977,0.1162,0.107,0.4009,0.5533,DROWSY,81,0,Windows,unspecified
22:53:45.215,43.876,0.1054,0.1293,0.1174,0.3974,0.56,DROWSY,82,0,Windows,unspecified
22:53:45.245,43.906,0.081,0.1208,0.1009,0.3934,0.5667,DROWSY,83,0,Windows,unspecified
22:53:45.275,43.936,0.081,0.1293,0.1052,0.3998,0.5733,DROWSY,84,0,Windows,unspecified
22:53:45.307,43.968,0.0831,0.1161,0.0996,0.3962,0.58,DROWSY,85,0,Windows,unspecified
22:53:45.339,44.0,0.1041,0.1496,0.1268,0.4014,0.5867,DROWSY,86,0,Windows,unspecified
22:53:45.371,44.032,0.1111,0.1242,0.1176,0.3939,0.5933,DROWSY,87,0,Windows,unspecified
22:53:45.400,44.061,0.1113,0.1538,0.1325,0.3984,0.6,DROWSY,88,0,Windows,unspecified
22:53:45.434,44.095,0.116,0.1538,0.1349,0.3981,0.6067,DROWSY,89,0,Windows,unspecified
22:53:45.463,44.124,0.1141,0.1367,0.1254,0.404,0.6133,DROWSY,90,0,Windows,unspecified
22:53:45.517,44.178,0.1732,0.1499,0.1615,0.4076,0.62,DROWSY,91,0,Windows,unspecified
22:53:45.543,44.204,0.177,0.1719,0.1744,0.3917,0.6267,DROWSY,92,0,Windows,unspecified
22:53:45.588,44.249,0.2249,0.2024,0.2136,0.4071,0.6333,DROWSY,93,0,Windows,unspecified
22:53:45.623,44.284,0.1962,0.1916,0.1939,0.4132,0.64,DROWSY,94,0,Windows,unspecified
22:53:45.657,44.318,0.1962,0.1916,0.1939,0.4063,0.6467,DROWSY,95,0,Windows,unspecified
22:53:45.685,44.346,0.2217,0.2021,0.2119,0.4105,0.6533,DROWSY,96,0,Windows,unspecified
22:53:45.719,44.38,0.2222,0.1989,0.2106,0.3968,0.66,DROWSY,97,0,Windows,unspecified
22:53:45.751,44.412,0.2508,0.2614,0.2561,0.4069,0.66,DROWSY,0,0,Windows,unspecified
22:53:45.779,44.44,0.2513,0.2348,0.2431,0.4031,0.66,DROWSY,0,0,Windows,unspecified
22:53:45.812,44.473,0.2508,0.2564,0.2536,0.3983,0.66,DROWSY,0,0,Windows,unspecified
22:53:45.842,44.504,0.2508,0.2491,0.2499,0.3857,0.66,DROWSY,0,0,Windows,unspecified
22:53:45.875,44.536,0.2145,0.2421,0.2283,0.4006,0.6667,DROWSY,1,0,Windows,unspecified
22:53:45.919,44.58,0.2226,0.2348,0.2287,0.3946,0.6733,DROWSY,2,0,Windows,unspecified
22:53:45.951,44.612,0.2088,0.232,0.2204,0.3991,0.68,DROWSY,3,0,Windows,unspecified
22:53:45.983,44.644,0.1878,0.2425,0.2152,0.3978,0.6867,DROWSY,4,0,Windows,unspecified
22:53:46.013,44.675,0.1728,0.2469,0.2099,0.4067,0.6933,DROWSY,5,0,Windows,unspecified
22:53:46.045,44.706,0.1597,0.2499,0.2048,0.4018,0.7,DROWSY,6,0,Windows,unspecified
22:53:46.074,44.735,0.128,0.2156,0.1718,0.3926,0.7067,DROWSY,7,0,Windows,unspecified
22:53:46.108,44.769,0.116,0.2063,0.1612,0.3903,0.7133,DROWSY,8,0,Windows,unspecified
22:53:46.137,44.798,0.0771,0.1534,0.1152,0.394,0.72,DROWSY,9,0,Windows,unspecified
22:53:46.168,44.829,0.0989,0.1696,0.1342,0.3993,0.7267,DROWSY,10,0,Windows,unspecified
22:53:46.201,44.862,0.0694,0.1383,0.1039,0.3992,0.7333,DROWSY,11,0,Windows,unspecified
22:53:46.231,44.892,0.0555,0.1374,0.0965,0.4085,0.74,DROWSY,12,0,Windows,unspecified
22:53:46.262,44.923,0.0749,0.1327,0.1038,0.4059,0.7467,DROWSY,13,0,Windows,unspecified
22:53:46.316,44.977,0.0683,0.1324,0.1004,0.391,0.7533,DROWSY,14,0,Windows,unspecified
22:53:46.339,45.001,0.0493,0.0895,0.0694,0.3948,0.76,DROWSY,15,0,Windows,unspecified
22:53:46.380,45.041,0.0621,0.0998,0.0809,0.3954,0.7667,DROWSY,16,0,Windows,unspecified
22:53:46.402,45.063,0.0621,0.0996,0.0809,0.3872,0.7733,DROWSY,17,0,Windows,unspecified
22:53:46.434,45.096,0.0621,0.1125,0.0873,0.3872,0.78,DROWSY,18,0,Windows,unspecified
22:53:46.468,45.129,0.0621,0.0898,0.0759,0.3852,0.7867,DROWSY,19,0,Windows,unspecified
22:53:46.497,45.158,0.0507,0.1027,0.0767,0.3835,0.7933,DROWSY,20,0,Windows,unspecified
22:53:46.526,45.187,0.0506,0.0892,0.0699,0.3927,0.8,DROWSY,21,0,Windows,unspecified
22:53:46.557,45.218,0.0326,0.0718,0.0522,0.3961,0.8067,DROWSY,22,0,Windows,unspecified
22:53:46.588,45.249,0.0362,0.081,0.0586,0.3992,0.8133,DROWSY,23,0,Windows,unspecified
22:53:46.622,45.283,0.0372,0.0586,0.0479,0.3861,0.82,DROWSY,24,0,Windows,unspecified
22:53:46.655,45.316,0.0492,0.0788,0.064,0.3905,0.8267,DROWSY,25,0,Windows,unspecified
22:53:46.719,45.38,0.0586,0.0655,0.0621,0.384,0.8333,DROWSY,26,0,Windows,unspecified
22:53:46.747,45.408,0.0473,0.0805,0.0639,0.3796,0.84,DROWSY,27,0,Windows,unspecified
22:53:46.779,45.44,0.046,0.052,0.049,0.3937,0.8467,DROWSY,28,0,Windows,unspecified
22:53:46.809,45.47,0.0334,0.0637,0.0485,0.3744,0.8533,DROWSY,29,0,Windows,unspecified
22:53:46.840,45.501,0.0505,0.0721,0.0613,0.3768,0.86,DROWSY,30,0,Windows,unspecified
22:53:46.873,45.534,0.0492,0.052,0.0506,0.3754,0.8667,DROWSY,31,0,Windows,unspecified
22:53:46.903,45.564,0.0619,0.077,0.0694,0.381,0.8733,DROWSY,32,0,Windows,unspecified
22:53:46.934,45.595,0.0619,0.0535,0.0577,0.3944,0.88,DROWSY,33,0,Windows,unspecified
22:53:46.965,45.626,0.0344,0.0655,0.0499,0.3982,0.8867,DROWSY,34,0,Windows,unspecified
22:53:46.996,45.658,0.0601,0.0737,0.0669,0.4027,0.8933,DROWSY,35,0,Windows,unspecified
22:53:47.029,45.69,0.0427,0.0647,0.0537,0.4126,0.9,DROWSY,36,0,Windows,unspecified
22:53:47.058,45.719,0.0723,0.0847,0.0785,0.4104,0.9067,DROWSY,37,0,Windows,unspecified
22:53:47.129,45.79,0.2355,0.2257,0.2306,0.3893,0.9133,DROWSY,38,0,Windows,unspecified
22:53:47.155,45.816,0.2159,0.2493,0.2326,0.4031,0.92,DROWSY,39,0,Windows,unspecified
22:53:47.190,45.851,0.3173,0.3173,0.3173,0.3908,0.92,DROWSY,0,0,Windows,unspecified
22:53:47.217,45.878,0.3023,0.293,0.2977,0.3944,0.92,DROWSY,0,0,Windows,unspecified
22:53:47.249,45.91,0.3173,0.3021,0.3097,0.381,0.92,DROWSY,0,0,Windows,unspecified
22:53:47.280,45.942,0.3277,0.3276,0.3276,0.398,0.92,DROWSY,0,0,Windows,unspecified
22:53:47.310,45.971,0.3266,0.3214,0.324,0.4019,0.9133,DROWSY,0,0,Windows,unspecified
22:53:47.344,46.005,0.3406,0.3492,0.3449,0.4042,0.9067,DROWSY,0,0,Windows,unspecified
22:53:47.375,46.036,0.3548,0.3323,0.3435,0.4098,0.9067,DROWSY,0,0,Windows,unspecified
22:53:47.407,46.068,0.3517,0.3266,0.3392,0.4019,0.9067,DROWSY,0,0,Windows,unspecified
22:53:47.438,46.099,0.3392,0.3564,0.3478,0.4041,0.9067,DROWSY,0,0,Windows,unspecified
22:53:47.469,46.13,0.2017,0.2249,0.2133,0.4007,0.9133,DROWSY,1,0,Windows,unspecified
22:53:47.518,46.179,0.0639,0.0139,0.0389,0.416,0.9133,DROWSY,2,0,Windows,unspecified
22:53:47.547,46.208,0.0437,0.0474,0.0456,0.4145,0.9133,DROWSY,3,0,Windows,unspecified
22:53:47.581,46.242,0.0456,0.0277,0.0367,0.4205,0.9133,DROWSY,4,0,Windows,unspecified
22:53:47.609,46.27,0.0372,0.0621,0.0496,0.4074,0.9133,DROWSY,5,0,Windows,unspecified
22:53:47.643,46.304,0.0318,0.0655,0.0486,0.4121,0.9133,DROWSY,6,0,Windows,unspecified
22:53:47.672,46.333,0.048,0.0655,0.0568,0.3966,0.9133,DROWSY,7,0,Windows,unspecified
22:53:47.703,46.364,0.0557,0.0788,0.0673,0.3873,0.9133,DROWSY,8,0,Windows,unspecified
22:53:47.735,46.396,0.0588,0.1021,0.0805,0.3854,0.9133,DROWSY,9,0,Windows,unspecified
22:53:47.766,46.427,0.048,0.1018,0.0749,0.3769,0.9133,DROWSY,10,0,Windows,unspecified
22:53:47.799,46.46,0.0588,0.0837,0.0713,0.3861,0.9133,DROWSY,11,0,Windows,unspecified
22:53:47.830,46.491,0.0604,0.0693,0.0649,0.3861,0.9133,DROWSY,12,0,Windows,unspecified
22:53:47.861,46.522,0.0449,0.1078,0.0764,0.392,0.9133,DROWSY,13,0,Windows,unspecified
22:53:47.917,46.579,0.0604,0.1333,0.0968,0.3841,0.9133,DROWSY,14,0,Windows,unspecified
22:53:47.939,46.6,0.073,0.1053,0.0891,0.392,0.9133,DROWSY,15,0,Windows,unspecified
22:53:47.983,46.644,0.048,0.084,0.066,0.3795,0.9133,DROWSY,16,0,Windows,unspecified
22:53:48.019,46.68,0.048,0.084,0.066,0.3825,0.9133,DROWSY,17,0,Windows,unspecified
22:53:48.051,46.712,0.048,0.084,0.066,0.3753,0.9133,DROWSY,18,0,Windows,unspecified
22:53:48.082,46.743,0.0557,0.0673,0.0615,0.3786,0.9133,DROWSY,19,0,Windows,unspecified
22:53:48.111,46.772,0.0588,0.0951,0.077,0.3824,0.9133,DROWSY,20,0,Windows,unspecified
22:53:48.143,46.804,0.048,0.0636,0.0558,0.3777,0.9133,DROWSY,21,0,Windows,unspecified
22:53:48.175,46.836,0.0372,0.0812,0.0592,0.3815,0.9133,DROWSY,22,0,Windows,unspecified
22:53:48.205,46.866,0.0588,0.1018,0.0803,0.3842,0.9133,DROWSY,23,0,Windows,unspecified
22:53:48.236,46.898,0.0588,0.0901,0.0745,0.3863,0.9133,DROWSY,24,0,Windows,unspecified
22:53:48.267,46.928,0.071,0.1046,0.0878,0.3859,0.9133,DROWSY,25,0,Windows,unspecified
22:53:48.320,46.981,0.0372,0.0762,0.0567,0.3853,0.9133,DROWSY,26,0,Windows,unspecified
22:53:48.346,47.007,0.0372,0.0901,0.0637,0.3863,0.9133,DROWSY,27,0,Windows,unspecified
22:53:48.381,47.042,0.048,0.1018,0.0749,0.3859,0.9133,DROWSY,28,0,Windows,unspecified
22:53:48.409,47.07,0.0635,0.1198,0.0917,0.3887,0.9133,DROWSY,29,0,Windows,unspecified
22:53:48.438,47.099,0.0666,0.1198,0.0932,0.3866,0.9133,DROWSY,30,0,Windows,unspecified
22:53:48.468,47.129,0.048,0.1041,0.0761,0.3982,0.9133,DROWSY,31,0,Windows,unspecified
22:53:48.502,47.164,0.0588,0.1041,0.0815,0.3943,0.9133,DROWSY,32,0,Windows,unspecified
22:53:48.533,47.194,0.071,0.1046,0.0878,0.3863,0.9133,DROWSY,33,0,Windows,unspecified
22:53:48.564,47.225,0.071,0.1046,0.0878,0.3917,0.9133,DROWSY,34,0,Windows,unspecified
22:53:48.595,47.256,0.0666,0.1078,0.0872,0.378,0.9133,DROWSY,35,0,Windows,unspecified
22:53:48.626,47.287,0.0666,0.1098,0.0882,0.378,0.9133,DROWSY,36,0,Windows,unspecified
22:53:48.659,47.321,0.0666,0.1085,0.0875,0.3762,0.9133,DROWSY,37,0,Windows,unspecified
22:53:48.715,47.376,0.0666,0.1162,0.0914,0.3839,0.9133,DROWSY,38,0,Windows,unspecified
22:53:48.751,47.412,0.0666,0.1162,0.0914,0.3882,0.9133,DROWSY,39,0,Windows,unspecified
22:53:48.779,47.441,0.0788,0.1085,0.0936,0.3875,0.9133,DROWSY,40,0,Windows,unspecified
22:53:48.812,47.473,0.0666,0.1085,0.0876,0.398,0.9133,DROWSY,41,0,Windows,unspecified
22:53:48.847,47.508,0.0666,0.1085,0.0876,0.398,0.9133,DROWSY,42,0,Windows,unspecified
22:53:48.879,47.54,0.0666,0.1098,0.0882,0.3987,0.9133,DROWSY,43,0,Windows,unspecified
22:53:48.908,47.569,0.0744,0.0968,0.0856,0.4012,0.9133,DROWSY,44,0,Windows,unspecified
22:53:48.940,47.601,0.0666,0.0968,0.0817,0.4012,0.9133,DROWSY,45,0,Windows,unspecified
22:53:48.973,47.634,0.0666,0.0879,0.0772,0.4012,0.9133,DROWSY,46,0,Windows,unspecified
22:53:49.003,47.664,0.0588,0.0851,0.072,0.4013,0.9133,DROWSY,47,0,Windows,unspecified
22:53:49.034,47.695,0.048,0.0851,0.0666,0.4013,0.9133,DROWSY,48,0,Windows,unspecified
22:53:49.065,47.726,0.0426,0.0893,0.066,0.3801,0.9133,DROWSY,49,0,Windows,unspecified
22:53:49.119,47.78,0.0256,0.0583,0.0419,0.3764,0.9133,DROWSY,50,0,Windows,unspecified
22:53:49.141,47.802,0.0309,0.0683,0.0496,0.3831,0.9133,DROWSY,51,0,Windows,unspecified
22:53:49.180,47.841,0.0394,0.0635,0.0514,0.3852,0.9133,DROWSY,52,0,Windows,unspecified
22:53:49.220,47.881,0.0424,0.0518,0.0471,0.3852,0.9133,DROWSY,53,0,Windows,unspecified
22:53:49.249,47.911,0.0425,0.0601,0.0513,0.3943,0.9133,DROWSY,54,0,Windows,unspecified
22:53:49.281,47.942,0.0317,0.0334,0.0325,0.3851,0.9133,DROWSY,55,0,Windows,unspecified
22:53:49.316,47.977,0.0448,0.0343,0.0395,0.3688,0.9133,DROWSY,56,0,Windows,unspecified
22:53:49.343,48.004,0.0317,0.0344,0.033,0.3814,0.9133,DROWSY,57,0,Windows,unspecified
22:53:49.375,48.037,0.0492,0.0485,0.0488,0.3839,0.9133,DROWSY,58,0,Windows,unspecified
22:53:49.408,48.069,0.0448,0.0459,0.0454,0.3839,0.9133,DROWSY,59,0,Windows,unspecified
22:53:49.439,48.1,0.0317,0.0459,0.0388,0.3799,0.9133,DROWSY,60,0,Windows,unspecified
22:53:49.469,48.13,0.0479,0.0617,0.0548,0.3791,0.9133,DROWSY,61,0,Windows,unspecified
22:53:49.518,48.179,0.048,0.0635,0.0557,0.3861,0.9133,DROWSY,62,0,Windows,unspecified
22:53:49.547,48.208,0.0588,0.0635,0.0611,0.3805,0.9133,DROWSY,63,0,Windows,unspecified
22:53:49.582,48.243,0.0479,0.0745,0.0612,0.3961,0.9133,DROWSY,64,0,Windows,unspecified
22:53:49.609,48.27,0.048,0.0617,0.0548,0.3834,0.9133,DROWSY,65,0,Windows,unspecified
22:53:49.643,48.304,0.048,0.0617,0.0548,0.3834,0.9133,DROWSY,66,0,Windows,unspecified
22:53:49.673,48.334,0.0467,0.0632,0.055,0.3826,0.9133,DROWSY,67,0,Windows,unspecified
22:53:49.705,48.366,0.048,0.0719,0.0599,0.3944,0.9133,DROWSY,68,0,Windows,unspecified
22:53:49.736,48.398,0.0557,0.0485,0.0521,0.385,0.9133,DROWSY,69,0,Windows,unspecified
22:53:49.767,48.428,0.0363,0.0547,0.0455,0.3965,0.9133,DROWSY,70,0,Windows,unspecified
22:53:49.798,48.459,0.0468,0.0925,0.0696,0.3848,0.9133,DROWSY,71,0,Windows,unspecified
22:53:49.829,48.491,0.0468,0.069,0.0579,0.3753,0.9133,DROWSY,72,0,Windows,unspecified
22:53:49.863,48.524,0.0558,0.0708,0.0633,0.4097,0.9133,DROWSY,73,0,Windows,unspecified
22:53:49.915,48.576,0.0604,0.0985,0.0794,0.3924,0.9133,DROWSY,74,0,Windows,unspecified
22:53:49.940,48.601,0.0493,0.0985,0.0739,0.3831,0.9133,DROWSY,75,0,Windows,unspecified
22:53:49.980,48.642,0.0588,0.0712,0.065,0.386,0.9133,DROWSY,76,0,Windows,unspecified
22:53:50.015,48.676,0.0588,0.0739,0.0664,0.3827,0.9133,DROWSY,77,0,Windows,unspecified
22:53:50.049,48.71,0.0493,0.0603,0.0548,0.3805,0.9133,DROWSY,78,0,Windows,unspecified
22:53:50.079,48.74,0.0557,0.0958,0.0758,0.396,0.9133,DROWSY,79,0,Windows,unspecified
22:53:50.111,48.772,0.0604,0.0864,0.0734,0.3822,0.9133,DROWSY,80,0,Windows,unspecified
22:53:50.142,48.803,0.0318,0.0864,0.0591,0.4086,0.9133,DROWSY,81,0,Windows,unspecified
22:53:50.174,48.835,0.0385,0.0833,0.0609,0.4042,0.9133,DROWSY,82,0,Windows,unspecified
22:53:50.207,48.868,0.0688,0.0497,0.0592,0.3927,0.9133,DROWSY,83,0,Windows,unspecified
22:53:50.238,48.9,0.071,0.0762,0.0736,0.3849,0.9133,DROWSY,84,0,Windows,unspecified
22:53:50.267,48.928,0.1795,0.1924,0.186,0.3861,0.9133,DROWSY,85,0,Windows,unspecified
22:53:50.330,48.991,0.2701,0.2559,0.263,0.3917,0.9067,DROWSY,0,0,Windows,unspecified
22:53:50.361,49.023,0.2456,0.2758,0.2607,0.3992,0.9,DROWSY,0,0,Windows,unspecified
22:53:50.393,49.054,0.2735,0.2994,0.2865,0.3877,0.8933,DROWSY,0,0,Windows,unspecified
22:53:50.423,49.084,0.2844,0.2701,0.2773,0.3824,0.8867,DROWSY,0,0,Windows,unspecified
22:53:50.453,49.114,0.2844,0.2844,0.2844,0.3874,0.88,DROWSY,0,0,Windows,unspecified
22:53:50.486,49.147,0.3226,0.3077,0.3152,0.3911,0.8733,DROWSY,0,0,Windows,unspecified
22:53:50.521,49.182,0.3248,0.3087,0.3167,0.4004,0.8667,DROWSY,0,0,Windows,unspecified
22:53:50.551,49.212,0.3112,0.3296,0.3204,0.4048,0.86,DROWSY,0,0,Windows,unspecified
22:53:50.580,49.241,0.3554,0.3482,0.3518,0.4049,0.8533,DROWSY,0,0,Windows,unspecified
22:53:50.611,49.272,0.341,0.3359,0.3384,0.4045,0.8467,DROWSY,0,0,Windows,unspecified
22:53:50.643,49.304,0.341,0.3359,0.3384,0.3997,0.84,DROWSY,0,0,Windows,unspecified
22:53:50.673,49.334,0.3577,0.3483,0.353,0.401,0.8333,DROWSY,0,0,Windows,unspecified
22:53:50.718,49.379,0.3577,0.3483,0.353,0.401,0.8267,DROWSY,0,0,Windows,unspecified
22:53:50.753,49.414,0.3577,0.3483,0.353,0.401,0.8267,DROWSY,0,0,Windows,unspecified
22:53:50.782,49.443,0.3554,0.3564,0.3559,0.4075,0.8267,DROWSY,0,0,Windows,unspecified
22:53:50.815,49.476,0.3437,0.3704,0.3571,0.3955,0.8267,DROWSY,0,0,Windows,unspecified
22:53:50.845,49.506,0.3577,0.3704,0.3641,0.3982,0.8267,DROWSY,0,0,Windows,unspecified
22:53:50.877,49.538,0.3587,0.372,0.3654,0.4012,0.82,DROWSY,0,0,Windows,unspecified
22:53:50.908,49.569,0.3709,0.3564,0.3637,0.4012,0.8133,DROWSY,0,0,Windows,unspecified
22:53:50.937,49.598,0.3709,0.3564,0.3637,0.3982,0.8067,DROWSY,0,0,Windows,unspecified
22:53:50.970,49.631,0.3587,0.372,0.3654,0.3982,0.8,DROWSY,0,0,Windows,unspecified
22:53:51.002,49.663,0.3447,0.3581,0.3514,0.3942,0.7933,DROWSY,0,0,Windows,unspecified
22:53:51.034,49.695,0.3447,0.3564,0.3506,0.3923,0.7867,DROWSY,0,0,Windows,unspecified
22:53:51.065,49.726,0.3402,0.3581,0.3491,0.3891,0.78,DROWSY,0,0,Windows,unspecified
22:53:51.116,49.777,0.3305,0.3453,0.3379,0.4011,0.7733,DROWSY,0,0,Windows,unspecified
22:53:51.144,49.805,0.3323,0.3465,0.3394,0.3974,0.7667,DROWSY,0,0,Windows,unspecified
22:53:51.180,49.841,0.3554,0.3456,0.3505,0.3942,0.76,DROWSY,0,0,Windows,unspecified
22:53:51.205,49.866,0.3577,0.3441,0.3509,0.3987,0.7533,DROWSY,0,0,Windows,unspecified
22:53:51.236,49.898,0.3577,0.3554,0.3565,0.3944,0.7467,DROWSY,0,0,Windows,unspecified
22:53:51.267,49.928,0.3314,0.3452,0.3383,0.3917,0.74,DROWSY,0,0,Windows,unspecified
22:53:51.297,49.958,0.3296,0.3441,0.3369,0.4009,0.7333,DROWSY,0,0,Windows,unspecified
22:53:51.329,49.99,0.3296,0.3441,0.3368,0.3967,0.7267,DROWSY,0,0,Windows,unspecified
22:53:51.359,50.02,0.341,0.3453,0.3432,0.3955,0.72,DROWSY,0,0,Windows,unspecified
22:53:51.393,50.054,0.3305,0.3606,0.3456,0.3973,0.7133,DROWSY,0,0,Windows,unspecified
22:53:51.424,50.085,0.3454,0.341,0.3432,0.396,0.7067,DROWSY,0,0,Windows,unspecified
22:53:51.456,50.117,0.3323,0.3482,0.3403,0.3839,0.7,DROWSY,0,0,Windows,unspecified
22:53:51.519,50.18,0.3174,0.3314,0.3244,0.3912,0.6933,DROWSY,0,0,Windows,unspecified
22:53:51.549,50.21,0.3087,0.341,0.3248,0.3961,0.6867,DROWSY,0,0,Windows,unspecified
22:53:51.579,50.241,0.3314,0.3314,0.3314,0.3955,0.68,DROWSY,0,0,Windows,unspecified
22:53:51.612,50.273,0.3174,0.3143,0.3159,0.4027,0.6733,DROWSY,0,0,Windows,unspecified
22:53:51.643,50.304,0.3174,0.3345,0.326,0.3993,0.6667,DROWSY,0,0,Windows,unspecified
22:53:51.674,50.335,0.1872,0.1967,0.1919,0.3941,0.6667,DROWSY,1,0,Windows,unspecified
22:53:51.704,50.366,0.1356,0.1638,0.1497,0.3913,0.6667,DROWSY,2,0,Windows,unspecified
22:53:51.735,50.396,0.0362,0.0461,0.0412,0.3869,0.6667,DROWSY,3,0,Windows,unspecified
22:53:51.767,50.428,0.0362,0.0278,0.032,0.3886,0.6667,DROWSY,4,0,Windows,unspecified
22:53:51.800,50.461,0.0468,0.0439,0.0454,0.3894,0.6667,DROWSY,5,0,Windows,unspecified
22:53:51.831,50.492,0.0468,0.0499,0.0483,0.3803,0.6667,DROWSY,6,0,Windows,unspecified
22:53:51.862,50.523,0.025,0.0363,0.0306,0.3808,0.6667,DROWSY,7,0,Windows,unspecified
22:53:51.919,50.58,0.0449,0.0715,0.0582,0.3865,0.6667,DROWSY,8,0,Windows,unspecified
22:53:51.939,50.6,0.0587,0.0864,0.0725,0.3936,0.6667,DROWSY,9,0,Windows,unspecified
22:53:51.981,50.642,0.0603,0.0838,0.0721,0.402,0.6667,DROWSY,10,0,Windows,unspecified
22:53:52.003,50.664,0.0588,0.0864,0.0726,0.3907,0.6667,DROWSY,11,0,Windows,unspecified
22:53:52.032,50.693,0.0603,0.0864,0.0734,0.3902,0.6667,DROWSY,12,0,Windows,unspecified
22:53:52.064,50.725,0.0317,0.0834,0.0575,0.3949,0.6667,DROWSY,13,0,Windows,unspecified
22:53:52.094,50.755,0.0449,0.0808,0.0628,0.3949,0.6667,DROWSY,14,0,Windows,unspecified
22:53:52.128,50.789,0.0426,0.0837,0.0631,0.3861,0.6667,DROWSY,15,0,Windows,unspecified
22:53:52.157,50.818,0.0449,0.0659,0.0554,0.3925,0.6733,DROWSY,16,0,Windows,unspecified
22:53:52.191,50.852,0.0318,0.0815,0.0566,0.388,0.68,DROWSY,17,0,Windows,unspecified
22:53:52.218,50.88,0.048,0.0815,0.0647,0.3979,0.6867,DROWSY,18,0,Windows,unspecified
22:53:52.257,50.918,0.0395,0.0653,0.0524,0.3797,0.6933,DROWSY,19,0,Windows,unspecified
22:53:52.316,50.977,0.0467,0.0727,0.0597,0.3771,0.7,DROWSY,20,0,Windows,unspecified
22:53:52.344,51.005,0.0559,0.0619,0.0589,0.3886,0.7067,DROWSY,21,0,Windows,unspecified
22:53:52.381,51.042,0.1936,0.1534,0.1735,0.3874,0.7133,DROWSY,22,0,Windows,unspecified
22:53:52.408,51.069,0.1993,0.1847,0.192,0.3939,0.72,DROWSY,23,0,Windows,unspecified
22:53:52.437,51.098,0.2133,0.1903,0.2018,0.3941,0.7267,DROWSY,24,0,Windows,unspecified
22:53:52.471,51.132,0.2551,0.2127,0.2339,0.3997,0.7267,DROWSY,25,0,Windows,unspecified
22:53:52.508,51.169,0.2479,0.2341,0.241,0.3981,0.72,DROWSY,0,0,Windows,unspecified
22:53:52.531,51.192,0.2693,0.2479,0.2586,0.407,0.7133,DROWSY,0,0,Windows,unspecified
22:53:52.563,51.224,0.2617,0.2521,0.2569,0.3988,0.7067,DROWSY,0,0,Windows,unspecified
22:53:52.592,51.253,0.2988,0.2895,0.2941,0.385,0.7,DROWSY,0,0,Windows,unspecified
22:53:52.624,51.285,0.2756,0.3089,0.2922,0.3859,0.6933,DROWSY,0,0,Windows,unspecified
22:53:52.656,51.317,0.2895,0.2941,0.2918,0.3927,0.6867,DROWSY,0,0,Windows,unspecified
22:53:52.720,51.381,0.3089,0.3162,0.3126,0.4047,0.68,DROWSY,0,0,Windows,unspecified
22:53:52.748,51.409,0.3237,0.3148,0.3193,0.4003,0.6733,DROWSY,0,0,Windows,unspecified
22:53:52.784,51.445,0.0973,0.0868,0.0921,0.3869,0.6733,DROWSY,1,0,Windows,unspecified
22:53:52.812,51.473,0.066,0.0384,0.0522,0.4019,0.6733,DROWSY,2,0,Windows,unspecified
22:53:52.843,51.504,0.0588,0.0691,0.064,0.3869,0.6733,DROWSY,3,0,Windows,unspecified
22:53:52.875,51.536,0.0426,0.0131,0.0279,0.3719,0.6733,DROWSY,4,0,Windows,unspecified
22:53:52.904,51.565,0.0558,0.0371,0.0465,0.3775,0.6733,DROWSY,5,0,Windows,unspecified
22:53:52.937,51.599,0.0456,0.0485,0.047,0.3839,0.6733,DROWSY,6,0,Windows,unspecified
22:53:52.967,51.628,0.0468,0.0635,0.0551,0.38,0.6733,DROWSY,7,0,Windows,unspecified
22:53:53.000,51.661,0.0363,0.0527,0.0445,0.389,0.6733,DROWSY,8,0,Windows,unspecified
22:53:53.031,51.692,0.053,0.0511,0.0521,0.3885,0.6733,DROWSY,9,0,Windows,unspecified
22:53:53.060,51.721,0.0649,0.0925,0.0787,0.3962,0.6733,DROWSY,10,0,Windows,unspecified
22:53:53.115,51.776,0.071,0.0729,0.072,0.3877,0.6733,DROWSY,11,0,Windows,unspecified
22:53:53.140,51.801,0.0666,0.0954,0.081,0.3935,0.6733,DROWSY,12,0,Windows,unspecified
22:53:53.185,51.846,0.0788,0.0958,0.0873,0.3771,0.6733,DROWSY,13,0,Windows,unspecified
22:53:53.217,51.878,0.0788,0.0958,0.0873,0.3859,0.6733,DROWSY,14,0,Windows,unspecified
22:53:53.247,51.909,0.0764,0.1271,0.1017,0.389,0.6733,DROWSY,15,0,Windows,unspecified
22:53:53.281,51.942,0.089,0.086,0.0875,0.3877,0.6733,DROWSY,16,0,Windows,unspecified
22:53:53.314,51.975,0.089,0.0954,0.0922,0.3924,0.6733,DROWSY,17,0,Windows,unspecified
22:53:53.341,52.002,0.0788,0.1078,0.0933,0.3914,0.6733,DROWSY,18,0,Windows,unspecified
22:53:53.372,52.034,0.0847,0.1271,0.1059,0.3914,0.6733,DROWSY,19,0,Windows,unspecified
22:53:53.405,52.066,0.0854,0.0864,0.0859,0.3914,0.6733,DROWSY,20,0,Windows,unspecified
22:53:53.437,52.098,0.0729,0.104,0.0884,0.3902,0.6733,DROWSY,21,0,Windows,unspecified
22:53:53.469,52.13,0.071,0.1113,0.0911,0.3883,0.6733,DROWSY,22,0,Windows,unspecified
22:53:53.519,52.18,0.0572,0.0985,0.0779,0.3886,0.6733,DROWSY,23,0,Windows,unspecified
22:53:53.545,52.206,0.0588,0.099,0.0789,0.3861,0.6733,DROWSY,24,0,Windows,unspecified
22:53:53.579,52.24,0.0588,0.0739,0.0664,0.3867,0.6733,DROWSY,25,0,Windows,unspecified
22:53:53.608,52.269,0.0588,0.0739,0.0664,0.3867,0.6733,DROWSY,26,0,Windows,unspecified
22:53:53.638,52.299,0.0588,0.0892,0.074,0.3747,0.6733,DROWSY,27,0,Windows,unspecified
22:53:53.670,52.331,0.0588,0.0963,0.0776,0.3867,0.6733,DROWSY,28,0,Windows,unspecified
22:53:53.701,52.362,0.0588,0.099,0.0789,0.3867,0.6733,DROWSY,29,0,Windows,unspecified
22:53:53.732,52.393,0.0557,0.0892,0.0725,0.3779,0.6733,DROWSY,30,0,Windows,unspecified
22:53:53.765,52.427,0.0588,0.0892,0.074,0.3779,0.6733,DROWSY,31,0,Windows,unspecified
22:53:53.795,52.456,0.0708,0.1023,0.0865,0.3867,0.6733,DROWSY,32,0,Windows,unspecified
22:53:53.830,52.491,0.071,0.1023,0.0867,0.3961,0.6733,DROWSY,33,0,Windows,unspecified
22:53:53.859,52.52,0.0789,0.1023,0.0906,0.3961,0.6733,DROWSY,34,0,Windows,unspecified
22:53:53.917,52.578,0.0604,0.1023,0.0814,0.3877,0.6733,DROWSY,35,0,Windows,unspecified
22:53:53.953,52.614,0.0604,0.0926,0.0765,0.3877,0.6733,DROWSY,36,0,Windows,unspecified
22:53:53.984,52.646,0.0684,0.0895,0.079,0.3837,0.6733,DROWSY,37,0,Windows,unspecified
22:53:54.018,52.679,0.0914,0.0895,0.0905,0.3828,0.6733,DROWSY,38,0,Windows,unspecified
22:53:54.049,52.71,0.0729,0.1055,0.0892,0.3828,0.6733,DROWSY,39,0,Windows,unspecified
22:53:54.079,52.74,0.0604,0.1055,0.0829,0.3884,0.6733,DROWSY,40,0,Windows,unspecified
22:53:54.114,52.775,0.0855,0.0892,0.0873,0.3894,0.6733,DROWSY,41,0,Windows,unspecified
22:53:54.143,52.804,0.0914,0.1055,0.0984,0.381,0.6733,DROWSY,42,0,Windows,unspecified
22:53:54.175,52.836,0.0914,0.0965,0.094,0.3897,0.6733,DROWSY,43,0,Windows,unspecified
22:53:54.205,52.866,0.0915,0.1118,0.1016,0.3835,0.6733,DROWSY,44,0,Windows,unspecified
22:53:54.236,52.897,0.0729,0.1266,0.0998,0.3793,0.6733,DROWSY,45,0,Windows,unspecified
22:53:54.268,52.929,0.0854,0.1192,0.1023,0.3723,0.6733,DROWSY,46,0,Windows,unspecified
22:53:54.321,52.982,0.0811,0.0954,0.0883,0.3948,0.6733,DROWSY,47,0,Windows,unspecified
22:53:54.344,53.006,0.0604,0.1059,0.0832,0.3957,0.6733,DROWSY,48,0,Windows,unspecified
22:53:54.381,53.042,0.0335,0.0861,0.0598,0.4018,0.6733,DROWSY,49,0,Windows,unspecified
22:53:54.408,53.069,0.0604,0.0785,0.0694,0.3806,0.6733,DROWSY,50,0,Windows,unspecified
22:53:54.438,53.099,0.0604,0.0926,0.0765,0.3914,0.6733,DROWSY,51,0,Windows,unspecified
22:53:54.471,53.132,0.0729,0.1094,0.0912,0.3912,0.6733,DROWSY,52,0,Windows,unspecified
22:53:54.505,53.166,0.0572,0.1027,0.08,0.389,0.6733,DROWSY,53,0,Windows,unspecified
22:53:54.534,53.195,0.0621,0.0971,0.0796,0.3896,0.6733,DROWSY,54,0,Windows,unspecified
22:53:54.569,53.23,0.0604,0.0996,0.08,0.3818,0.6733,DROWSY,55,0,Windows,unspecified
22:53:54.600,53.261,0.0382,0.0926,0.0654,0.4059,0.6733,DROWSY,56,0,Windows,unspecified
22:53:54.631,53.292,0.0506,0.1256,0.0881,0.4018,0.6733,DROWSY,57,0,Windows,unspecified
22:53:54.661,53.322,0.1202,0.1018,0.111,0.3807,0.6733,DROWSY,58,0,Windows,unspecified
22:53:54.720,53.382,0.2259,0.2169,0.2214,0.3757,0.6733,DROWSY,59,0,Windows,unspecified
22:53:54.756,53.417,0.2225,0.2122,0.2173,0.3859,0.6733,DROWSY,60,0,Windows,unspecified
22:53:54.790,53.451,0.2683,0.2793,0.2738,0.3992,0.6667,DROWSY,0,0,Windows,unspecified
22:53:54.815,53.476,0.2693,0.2789,0.2741,0.3972,0.66,DROWSY,0,0,Windows,unspecified
22:53:54.847,53.508,0.2693,0.287,0.2781,0.3939,0.6533,DROWSY,0,0,Windows,unspecified
22:53:54.879,53.54,0.2944,0.3171,0.3058,0.3939,0.6467,DROWSY,0,0,Windows,unspecified
22:53:54.907,53.568,0.3055,0.3121,0.3088,0.3915,0.64,DROWSY,0,0,Windows,unspecified
22:53:54.940,53.601,0.3101,0.2994,0.3047,0.4044,0.6333,DROWSY,0,0,Windows,unspecified
22:53:54.973,53.634,0.3195,0.3164,0.318,0.4072,0.6267,DROWSY,0,0,Windows,unspecified
22:53:55.003,53.664,0.3195,0.3315,0.3255,0.3996,0.62,DROWSY,0,0,Windows,unspecified
22:53:55.035,53.696,0.3246,0.3283,0.3264,0.4027,0.6133,DROWSY,0,0,Windows,unspecified
22:53:55.067,53.728,0.3354,0.3374,0.3364,0.3964,0.6067,DROWSY,0,0,Windows,unspecified
22:53:55.117,53.778,0.3504,0.3392,0.3448,0.4165,0.6,DROWSY,0,0,Windows,unspecified
22:53:55.143,53.804,0.341,0.3463,0.3436,0.4111,0.5933,DROWSY,0,0,Windows,unspecified
22:53:55.181,53.842,0.3402,0.3183,0.3292,0.4112,0.5867,DROWSY,0,0,Windows,unspecified
22:53:55.205,53.866,0.3504,0.3554,0.3529,0.4112,0.58,DROWSY,0,0,Windows,unspecified
22:53:55.239,53.9,0.3523,0.3554,0.3538,0.4158,0.5733,DROWSY,0,0,Windows,unspecified
22:53:55.265,53.926,0.3504,0.3564,0.3534,0.404,0.5667,DROWSY,0,0,Windows,unspecified
22:53:55.298,53.959,0.3504,0.3554,0.3529,0.4158,0.5667,DROWSY,0,0,Windows,unspecified
22:53:55.325,53.986,0.3504,0.3236,0.337,0.4073,0.5667,DROWSY,0,0,Windows,unspecified
22:53:55.361,54.022,0.3288,0.3055,0.3172,0.3947,0.5667,DROWSY,0,0,Windows,unspecified
22:53:55.393,54.054,0.2843,0.2717,0.278,0.4048,0.5667,DROWSY,0,0,Windows,unspecified
22:53:55.423,54.084,0.243,0.2648,0.2539,0.4081,0.5667,DROWSY,0,0,Windows,unspecified
22:53:55.457,54.118,0.243,0.2618,0.2524,0.4021,0.5667,DROWSY,0,0,Windows,unspecified
22:53:55.516,54.178,0.2688,0.2566,0.2627,0.4055,0.5667,DROWSY,0,0,Windows,unspecified
22:53:55.549,54.21,0.2843,0.2537,0.269,0.4055,0.5667,DROWSY,0,0,Windows,unspecified
22:53:55.582,54.243,0.3021,0.2566,0.2793,0.4114,0.5667,DROWSY,0,0,Windows,unspecified
22:53:55.607,54.268,0.3117,0.2843,0.298,0.4188,0.5667,DROWSY,0,0,Windows,unspecified
22:53:55.641,54.302,0.3094,0.2843,0.2968,0.4152,0.5667,DROWSY,0,0,Windows,unspecified
22:53:55.672,54.333,0.1744,0.1909,0.1826,0.3899,0.5733,DROWSY,1,0,Windows,unspecified
22:53:55.703,54.364,0.1635,0.1781,0.1708,0.3905,0.58,DROWSY,2,0,Windows,unspecified
22:53:55.735,54.396,0.0517,0.0657,0.0587,0.3831,0.5867,DROWSY,3,0,Windows,unspecified
22:53:55.767,54.428,0.0537,0.0429,0.0483,0.3895,0.5933,DROWSY,4,0,Windows,unspecified
22:53:55.796,54.457,0.0345,0.0286,0.0315,0.4003,0.6,DROWSY,5,0,Windows,unspecified
22:53:55.829,54.49,0.0488,0.0604,0.0546,0.3977,0.6067,DROWSY,6,0,Windows,unspecified
22:53:55.861,54.522,0.0143,0.0143,0.0143,0.3948,0.6133,DROWSY,7,0,Windows,unspecified
22:53:55.917,54.578,0.0485,0.0344,0.0414,0.4021,0.62,DROWSY,8,0,Windows,unspecified
22:53:55.940,54.601,0.0791,0.0535,0.0663,0.4038,0.6267,DROWSY,9,0,Windows,unspecified
22:53:55.982,54.643,0.0535,0.0499,0.0517,0.3999,0.6333,DROWSY,10,0,Windows,unspecified
22:53:56.004,54.665,0.0354,0.0427,0.0391,0.3983,0.64,DROWSY,11,0,Windows,unspecified
22:53:56.035,54.696,0.0294,0.0344,0.0319,0.3956,0.6467,DROWSY,12,0,Windows,unspecified
22:53:56.066,54.727,0.0327,0.0485,0.0406,0.4159,0.6533,DROWSY,13,0,Windows,unspecified
22:53:56.100,54.762,0.0453,0.0459,0.0456,0.4054,0.66,DROWSY,14,0,Windows,unspecified
22:53:56.129,54.79,0.0578,0.0341,0.046,0.404,0.6667,DROWSY,15,0,Windows,unspecified
22:53:56.161,54.822,0.0427,0.0543,0.0485,0.405,0.6733,DROWSY,16,0,Windows,unspecified
22:53:56.192,54.853,0.0451,0.0497,0.0474,0.3968,0.68,DROWSY,17,0,Windows,unspecified
22:53:56.223,54.884,0.0514,0.0518,0.0516,0.4025,0.6867,DROWSY,18,0,Windows,unspecified
22:53:56.252,54.914,0.0549,0.0483,0.0516,0.3952,0.6933,DROWSY,19,0,Windows,unspecified
22:53:56.322,54.983,0.0502,0.0458,0.048,0.3784,0.7,DROWSY,20,0,Windows,unspecified
22:53:56.350,55.012,0.052,0.0533,0.0526,0.3802,0.7067,DROWSY,21,0,Windows,unspecified
22:53:56.380,55.041,0.0648,0.0613,0.063,0.3755,0.7133,DROWSY,22,0,Windows,unspecified
22:53:56.410,55.071,0.0502,0.0635,0.0568,0.3697,0.72,DROWSY,23,0,Windows,unspecified
22:53:56.443,55.104,0.0465,0.0547,0.0506,0.3705,0.7267,DROWSY,24,0,Windows,unspecified
22:53:56.474,55.135,0.0782,0.0809,0.0795,0.3592,0.7333,DROWSY,25,0,Windows,unspecified
22:53:56.503,55.164,0.0782,0.0759,0.077,0.3539,0.74,DROWSY,26,0,Windows,unspecified
22:53:56.537,55.198,0.0782,0.0492,0.0637,0.3469,0.7467,DROWSY,27,0,Windows,unspecified
22:53:56.568,55.229,0.0657,0.0644,0.065,0.3517,0.7533,DROWSY,28,0,Windows,unspecified
22:53:56.599,55.26,0.0514,0.0628,0.0571,0.3725,0.76,DROWSY,29,0,Windows,unspecified
22:53:56.634,55.295,0.0657,0.0663,0.066,0.3633,0.7667,DROWSY,30,0,Windows,unspecified
22:53:56.664,55.325,0.0749,0.0733,0.0741,0.3544,0.7667,DROWSY,31,0,Windows,unspecified
22:53:56.722,55.384,0.1049,0.0613,0.0831,0.3433,0.7667,DROWSY,32,0,Windows,unspecified
22:53:56.759,55.42,0.1024,0.0494,0.0759,0.3469,0.7667,DROWSY,33,0,Windows,unspecified
22:53:56.791,55.452,0.0901,0.0538,0.0719,0.3369,0.7667,DROWSY,34,0,Windows,unspecified
22:53:56.821,55.483,0.1021,0.0795,0.0908,0.3516,0.7667,DROWSY,35,0,Windows,unspecified
22:53:56.853,55.514,0.1053,0.0659,0.0856,0.3622,0.7667,DROWSY,36,0,Windows,unspecified
22:53:56.885,55.546,0.1088,0.0805,0.0946,0.3438,0.7667,DROWSY,37,0,Windows,unspecified
22:53:56.918,55.579,0.0968,0.0888,0.0928,0.3525,0.7667,DROWSY,38,0,Windows,unspecified
22:53:56.946,55.607,0.1146,0.0927,0.1036,0.3381,0.7667,DROWSY,39,0,Windows,unspecified
22:53:56.978,55.639,0.1081,0.0805,0.0943,0.3441,0.7667,DROWSY,40,0,Windows,unspecified
22:53:57.010,55.671,0.1003,0.1292,0.1148,0.3553,0.7667,DROWSY,41,0,Windows,unspecified
22:53:57.044,55.705,0.1184,0.1292,0.1238,0.3712,0.7667,DROWSY,42,0,Windows,unspecified
22:53:57.071,55.732,0.1117,0.0846,0.0982,0.3627,0.7667,DROWSY,43,0,Windows,unspecified
22:53:57.120,55.781,0.0853,0.0778,0.0815,0.3526,0.7667,DROWSY,44,0,Windows,unspecified
22:53:57.151,55.812,0.083,0.0921,0.0875,0.3602,0.7667,DROWSY,45,0,Windows,unspecified
22:53:57.180,55.841,0.0747,0.0705,0.0726,0.3455,0.7667,DROWSY,46,0,Windows,unspecified
22:53:57.213,55.874,0.0612,0.0593,0.0603,0.3472,0.7667,DROWSY,47,0,Windows,unspecified
22:53:57.245,55.906,0.0726,0.0709,0.0718,0.3472,0.7667,DROWSY,48,0,Windows,unspecified
22:53:57.274,55.935,0.0487,0.0457,0.0472,0.3682,0.7667,DROWSY,49,0,Windows,unspecified
22:53:57.307,55.968,0.0345,0.0333,0.0339,0.3631,0.7667,DROWSY,50,0,Windows,unspecified
22:53:57.338,55.999,0.0447,0.0807,0.0627,0.3733,0.7667,DROWSY,51,0,Windows,unspecified
22:53:57.369,56.03,0.0543,0.0493,0.0518,0.3478,0.7667,DROWSY,52,0,Windows,unspecified
22:53:57.399,56.06,0.0567,0.0762,0.0665,0.3858,0.7667,DROWSY,53,0,Windows,unspecified
22:53:57.432,56.094,0.0537,0.0743,0.064,0.381,0.7667,DROWSY,54,0,Windows,unspecified
22:53:57.463,56.124,0.0593,0.1139,0.0866,0.3847,0.7667,DROWSY,55,0,Windows,unspecified
22:53:57.521,56.182,0.1544,0.181,0.1677,0.3924,0.7733,DROWSY,56,0,Windows,unspecified
22:53:57.557,56.218,0.1981,0.203,0.2005,0.3908,0.78,DROWSY,57,0,Windows,unspecified
22:53:57.592,56.253,0.2883,0.2693,0.2788,0.3819,0.78,DROWSY,0,0,Windows,unspecified
22:53:57.621,56.282,0.2905,0.2693,0.2799,0.3834,0.78,DROWSY,0,0,Windows,unspecified
22:53:57.651,56.312,0.2897,0.2693,0.2795,0.3791,0.78,DROWSY,0,0,Windows,unspecified
22:53:57.682,56.344,0.3266,0.3253,0.326,0.3868,0.78,DROWSY,0,0,Windows,unspecified
22:53:57.718,56.379,0.3372,0.3253,0.3313,0.3896,0.78,DROWSY,0,0,Windows,unspecified
22:53:57.745,56.406,0.3437,0.3265,0.3351,0.3881,0.78,DROWSY,0,0,Windows,unspecified
22:53:57.778,56.439,0.3223,0.3347,0.3285,0.3835,0.7733,DROWSY,0,0,Windows,unspecified
22:53:57.806,56.467,0.3778,0.3453,0.3615,0.3784,0.7667,DROWSY,0,0,Windows,unspecified
22:53:57.839,56.5,0.3768,0.3627,0.3697,0.3802,0.76,DROWSY,0,0,Windows,unspecified
22:53:57.871,56.532,0.3676,0.3641,0.3659,0.3857,0.7533,DROWSY,0,0,Windows,unspecified
22:53:57.919,56.58,0.3854,0.3788,0.3821,0.3825,0.7467,DROWSY,0,0,Windows,unspecified
22:53:57.949,56.61,0.3931,0.3713,0.3822,0.3863,0.74,DROWSY,0,0,Windows,unspecified
22:53:57.982,56.643,0.0493,0.062,0.0557,0.4133,0.74,DROWSY,1,0,Windows,unspecified
22:53:58.011,56.672,0.0449,0.0493,0.0471,0.4216,0.74,DROWSY,2,0,Windows,unspecified
22:53:58.043,56.704,0.0474,0.0416,0.0445,0.4134,0.74,DROWSY,3,0,Windows,unspecified
22:53:58.076,56.737,0.0256,0.0366,0.0311,0.3806,0.74,DROWSY,4,0,Windows,unspecified
22:53:58.104,56.765,0.0403,0.0249,0.0326,0.3861,0.74,DROWSY,5,0,Windows,unspecified
22:53:58.136,56.798,0.0952,0.093,0.0941,0.3774,0.74,DROWSY,6,0,Windows,unspecified
22:53:58.166,56.827,0.0794,0.0516,0.0655,0.3678,0.74,DROWSY,7,0,Windows,unspecified
22:53:58.232,56.893,0.1689,0.1492,0.159,0.3615,0.74,DROWSY,1,0,Windows,unspecified
22:53:59.277,57.938,0.1827,0.2003,0.1915,0.3512,0.74,DROWSY,1,0,Windows,unspecified
22:53:59.306,57.967,0.1757,0.2113,0.1935,0.3517,0.74,DROWSY,2,0,Windows,unspecified
22:53:59.337,57.998,0.1719,0.2292,0.2006,0.3529,0.74,DROWSY,3,0,Windows,unspecified
22:53:59.367,58.028,0.1843,0.2047,0.1945,0.3664,0.74,DROWSY,4,0,Windows,unspecified
22:53:59.399,58.06,0.2787,0.3124,0.2956,0.3917,0.7333,DROWSY,0,0,Windows,unspecified
22:53:59.430,58.091,0.248,0.2832,0.2656,0.405,0.7267,DROWSY,0,0,Windows,unspecified
22:53:59.461,58.122,0.3455,0.3503,0.3479,0.4042,0.72,DROWSY,0,0,Windows,unspecified
22:53:59.517,58.178,0.3565,0.3613,0.3589,0.3828,0.7133,DROWSY,0,0,Windows,unspecified
22:53:59.541,58.202,0.3747,0.3429,0.3588,0.3769,0.7067,DROWSY,0,0,Windows,unspecified
22:53:59.583,58.244,0.3604,0.3523,0.3563,0.3776,0.7,DROWSY,0,0,Windows,unspecified
22:53:59.616,58.277,0.3681,0.3429,0.3555,0.3804,0.6933,DROWSY,0,0,Windows,unspecified
22:53:59.652,58.313,0.3681,0.3429,0.3555,0.3738,0.6867,DROWSY,0,0,Windows,unspecified
22:53:59.680,58.341,0.3534,0.3402,0.3468,0.3796,0.68,DROWSY,0,0,Windows,unspecified
22:53:59.713,58.374,0.3667,0.341,0.3539,0.3852,0.6733,DROWSY,0,0,Windows,unspecified
22:53:59.744,58.405,0.3443,0.3402,0.3422,0.3841,0.6667,DROWSY,0,0,Windows,unspecified
22:53:59.774,58.435,0.38,0.3534,0.3667,0.3879,0.66,DROWSY,0,0,Windows,unspecified
22:53:59.807,58.468,0.3655,0.3596,0.3626,0.3834,0.6533,DROWSY,0,0,Windows,unspecified
22:53:59.838,58.499,0.3641,0.3678,0.366,0.3831,0.6467,DROWSY,0,0,Windows,unspecified
22:53:59.868,58.529,0.3667,0.3452,0.356,0.3846,0.64,DROWSY,0,0,Windows,unspecified
22:53:59.917,58.578,0.3788,0.3797,0.3792,0.3916,0.6333,DROWSY,0,0,Windows,unspecified
22:53:59.949,58.61,0.3676,0.3933,0.3805,0.3986,0.6267,DROWSY,0,0,Windows,unspecified
22:53:59.981,58.642,0.3933,0.392,0.3927,0.3937,0.62,DROWSY,0,0,Windows,unspecified
22:54:00.010,58.671,0.392,0.3948,0.3934,0.3851,0.6133,DROWSY,0,0,Windows,unspecified
22:54:00.041,58.702,0.4187,0.3986,0.4087,0.3897,0.6067,DROWSY,0,0,Windows,unspecified
22:54:00.073,58.734,0.4054,0.3847,0.3951,0.391,0.6,DROWSY,0,0,Windows,unspecified
22:54:00.104,58.765,0.409,0.3836,0.3963,0.3844,0.5933,DROWSY,0,0,Windows,unspecified
22:54:00.134,58.795,0.4078,0.3847,0.3962,0.391,0.5867,DROWSY,0,0,Windows,unspecified
22:54:00.164,58.825,0.4054,0.3947,0.4001,0.391,0.58,DROWSY,0,0,Windows,unspecified
22:54:00.196,58.858,0.4054,0.3947,0.4001,0.3959,0.5733,DROWSY,0,0,Windows,unspecified
22:54:00.226,58.887,0.404,0.3948,0.3994,0.4012,0.5667,DROWSY,0,0,Windows,unspecified
22:54:00.258,58.919,0.404,0.3831,0.3935,0.4022,0.56,DROWSY,0,0,Windows,unspecified
22:54:00.316,58.977,0.4174,0.3947,0.406,0.4041,0.5533,DROWSY,0,0,Windows,unspecified
22:54:00.338,58.999,0.4294,0.396,0.4127,0.3959,0.5467,DROWSY,0,0,Windows,unspecified
22:54:00.384,59.045,0.4054,0.3818,0.3936,0.3959,0.54,DROWSY,0,0,Windows,unspecified
22:54:00.412,59.073,0.4187,0.3948,0.4068,0.3959,0.5333,DROWSY,0,0,Windows,unspecified
22:54:00.447,59.108,0.4187,0.3948,0.4068,0.3959,0.5267,DROWSY,0,0,Windows,unspecified
22:54:00.478,59.139,0.4198,0.3948,0.4073,0.3991,0.52,DROWSY,0,0,Windows,unspecified
22:54:00.508,59.169,0.4187,0.3792,0.399,0.3983,0.5133,DROWSY,0,0,Windows,unspecified
22:54:00.541,59.202,0.3933,0.3787,0.386,0.3876,0.5067,DROWSY,0,0,Windows,unspecified
22:54:00.573,59.234,0.3753,0.3891,0.3822,0.3929,0.5,DROWSY,0,0,Windows,unspecified
22:54:00.603,59.264,0.0318,0.0788,0.0553,0.4143,0.5,DROWSY,1,0,Windows,unspecified
22:54:00.633,59.294,0.0382,0.0729,0.0556,0.4277,0.5,DROWSY,2,0,Windows,unspecified
22:54:00.665,59.326,0.0405,0.0191,0.0298,0.4402,0.5,DROWSY,3,0,Windows,unspecified
22:54:00.720,59.381,0.0372,0.0335,0.0354,0.4173,0.5,DROWSY,4,0,Windows,unspecified
22:54:00.744,59.405,0.0263,0.0139,0.0201,0.4143,0.5,DROWSY,5,0,Windows,unspecified
22:54:00.781,59.442,0.0345,0.0393,0.0369,0.3864,0.5,DROWSY,6,0,Windows,unspecified
22:54:00.804,59.465,0.0354,0.0507,0.043,0.3691,0.5067,DROWSY,7,0,Windows,unspecified
22:54:00.837,59.498,0.0456,0.0507,0.0482,0.3779,0.5133,DROWSY,8,0,Windows,unspecified
22:54:00.867,59.528,0.0675,0.0506,0.059,0.3638,0.52,DROWSY,9,0,Windows,unspecified
22:54:00.898,59.559,0.0559,0.062,0.059,0.3685,0.5267,DROWSY,10,0,Windows,unspecified
22:54:00.931,59.592,0.0633,0.0831,0.0732,0.366,0.5333,DROWSY,11,0,Windows,unspecified
22:54:00.963,59.624,0.0559,0.0722,0.0641,0.3649,0.54,DROWSY,12,0,Windows,unspecified
22:54:00.992,59.653,0.0868,0.1096,0.0982,0.3467,0.5467,DROWSY,13,0,Windows,unspecified
22:54:01.026,59.687,0.079,0.1129,0.096,0.359,0.5533,DROWSY,14,0,Windows,unspecified
22:54:01.056,59.717,0.0958,0.1166,0.1062,0.3601,0.56,DROWSY,15,0,Windows,unspecified
22:54:01.120,59.781,0.0958,0.1102,0.103,0.3604,0.5667,DROWSY,16,0,Windows,unspecified
22:54:01.151,59.812,0.0958,0.1244,0.1101,0.3564,0.5733,DROWSY,17,0,Windows,unspecified
22:54:01.180,59.841,0.1017,0.1444,0.123,0.3723,0.58,DROWSY,18,0,Windows,unspecified
22:54:01.213,59.874,0.1213,0.1392,0.1302,0.3685,0.5867,DROWSY,19,0,Windows,unspecified
22:54:01.244,59.905,0.1213,0.1438,0.1326,0.3723,0.5933,DROWSY,20,0,Windows,unspecified
22:54:01.274,59.935,0.1307,0.1593,0.145,0.3755,0.6,DROWSY,21,0,Windows,unspecified
22:54:01.306,59.967,0.1182,0.1684,0.1433,0.3653,0.6067,DROWSY,22,0,Windows,unspecified
22:54:01.338,59.999,0.1379,0.1719,0.1549,0.3735,0.6133,DROWSY,23,0,Windows,unspecified
22:54:01.370,60.031,0.1327,0.1771,0.1549,0.3762,0.62,DROWSY,24,0,Windows,unspecified
22:54:01.402,60.063,0.1182,0.1483,0.1333,0.3686,0.6267,DROWSY,25,0,Windows,unspecified
22:54:01.430,60.091,0.1102,0.1369,0.1235,0.3686,0.6333,DROWSY,26,0,Windows,unspecified
22:54:01.462,60.123,0.0933,0.1329,0.1131,0.372,0.64,DROWSY,27,0,Windows,unspecified
22:54:01.515,60.176,0.0934,0.1281,0.1107,0.3752,0.6467,DROWSY,28,0,Windows,unspecified
22:54:01.543,60.204,0.0789,0.15,0.1144,0.3768,0.6533,DROWSY,29,0,Windows,unspecified
22:54:01.581,60.242,0.0891,0.1496,0.1193,0.3724,0.66,DROWSY,30,0,Windows,unspecified
22:54:01.603,60.264,0.0811,0.1417,0.1114,0.3772,0.6667,DROWSY,31,0,Windows,unspecified
22:54:01.635,60.296,0.0934,0.1416,0.1175,0.3714,0.6733,DROWSY,32,0,Windows,unspecified
22:54:01.670,60.331,0.091,0.1544,0.1227,0.3825,0.68,DROWSY,33,0,Windows,unspecified
22:54:01.699,60.36,0.1057,0.1417,0.1237,0.375,0.68,DROWSY,34,0,Windows,unspecified
22:54:01.728,60.389,0.1057,0.1379,0.1218,0.38,0.68,DROWSY,35,0,Windows,unspecified
22:54:01.761,60.422,0.1085,0.1644,0.1364,0.3809,0.68,DROWSY,36,0,Windows,unspecified
22:54:01.792,60.453,0.1057,0.1778,0.1417,0.3865,0.68,DROWSY,37,0,Windows,unspecified
22:54:01.824,60.485,0.0934,0.181,0.1372,0.3873,0.68,DROWSY,38,0,Windows,unspecified
22:54:01.857,60.518,0.0934,0.1643,0.1289,0.3849,0.68,DROWSY,39,0,Windows,unspecified
22:54:01.919,60.58,0.0934,0.1541,0.1238,0.3859,0.68,DROWSY,40,0,Windows,unspecified
22:54:01.947,60.608,0.0979,0.1416,0.1198,0.3846,0.68,DROWSY,41,0,Windows,unspecified
22:54:01.979,60.641,0.1008,0.1541,0.1275,0.3788,0.68,DROWSY,42,0,Windows,unspecified
22:54:02.013,60.674,0.1008,0.1469,0.1239,0.3757,0.68,DROWSY,43,0,Windows,unspecified
22:54:02.042,60.703,0.1139,0.163,0.1385,0.3757,0.68,DROWSY,44,0,Windows,unspecified
22:54:02.073,60.734,0.0844,0.1671,0.1257,0.3736,0.68,DROWSY,45,0,Windows,unspecified
22:54:02.104,60.765,0.0865,0.1704,0.1284,0.3799,0.68,DROWSY,46,0,Windows,unspecified
22:54:02.135,60.796,0.1117,0.1453,0.1285,0.3859,0.68,DROWSY,47,0,Windows,unspecified
22:54:02.166,60.827,0.1009,0.1451,0.123,0.38,0.68,DROWSY,48,0,Windows,unspecified
22:54:02.197,60.858,0.0933,0.1451,0.1192,0.385,0.68,DROWSY,49,0,Windows,unspecified
22:54:02.228,60.889,0.0965,0.1412,0.1189,0.3725,0.68,DROWSY,50,0,Windows,unspecified
22:54:02.261,60.922,0.103,0.1547,0.1289,0.3801,0.68,DROWSY,51,0,Windows,unspecified
22:54:02.321,60.983,0.079,0.0957,0.0874,0.3777,0.68,DROWSY,52,0,Windows,unspecified
22:54:02.355,61.016,0.0692,0.0678,0.0685,0.3809,0.68,DROWSY,53,0,Windows,unspecified
22:54:02.401,61.062,0.0543,0.048,0.0512,0.3956,0.68,DROWSY,54,0,Windows,unspecified
22:54:02.433,61.094,0.053,0.0395,0.0462,0.382,0.68,DROWSY,55,0,Windows,unspecified
22:54:02.463,61.124,0.0543,0.0263,0.0403,0.382,0.68,DROWSY,56,0,Windows,unspecified
22:54:02.496,61.158,0.0517,0.0302,0.0409,0.3822,0.68,DROWSY,57,0,Windows,unspecified
22:54:02.524,61.185,0.0456,0.0302,0.0379,0.3885,0.68,DROWSY,58,0,Windows,unspecified
22:54:02.558,61.219,0.1293,0.1033,0.1163,0.3835,0.68,DROWSY,59,0,Windows,unspecified
22:54:02.587,61.248,0.1453,0.1177,0.1315,0.3823,0.68,DROWSY,60,0,Windows,unspecified
22:54:02.622,61.283,0.2158,0.1967,0.2063,0.3874,0.68,DROWSY,61,0,Windows,unspecified
22:54:02.652,61.313,0.2468,0.2228,0.2348,0.3836,0.68,DROWSY,62,0,Windows,unspecified
22:54:02.686,61.347,0.2688,0.2461,0.2574,0.3861,0.6733,DROWSY,0,0,Windows,unspecified
22:54:02.719,61.38,0.3087,0.2938,0.3012,0.3836,0.6667,DROWSY,0,0,Windows,unspecified
22:54:02.748,61.409,0.3137,0.3123,0.313,0.3789,0.66,DROWSY,0,0,Windows,unspecified
22:54:02.797,61.459,0.3402,0.3184,0.3293,0.3716,0.6533,DROWSY,0,0,Windows,unspecified
22:54:02.826,61.487,0.3495,0.3082,0.3288,0.3909,0.6467,DROWSY,0,0,Windows,unspecified
22:54:02.863,61.524,0.3391,0.3324,0.3357,0.3736,0.64,DROWSY,0,0,Windows,unspecified
22:54:02.889,61.55,0.3681,0.3835,0.3758,0.3937,0.6333,DROWSY,0,0,Windows,unspecified
22:54:02.918,61.579,0.3681,0.3548,0.3614,0.3977,0.6267,DROWSY,0,0,Windows,unspecified
22:54:02.953,61.614,0.3944,0.3699,0.3821,0.3809,0.62,DROWSY,0,0,Windows,unspecified
22:54:02.985,61.646,0.3842,0.3699,0.377,0.3848,0.6133,DROWSY,0,0,Windows,unspecified
22:54:03.015,61.677,0.4084,0.3938,0.4011,0.389,0.6067,DROWSY,0,0,Windows,unspecified
22:54:03.048,61.709,0.434,0.4303,0.4321,0.3876,0.6,DROWSY,0,0,Windows,unspecified
22:54:03.081,61.742,0.4229,0.4208,0.4218,0.3939,0.5933,DROWSY,0,0,Windows,unspecified
22:54:03.121,61.782,0.4208,0.3948,0.4078,0.3989,0.5867,DROWSY,0,0,Windows,unspecified
22:54:03.166,61.827,0.4222,0.4066,0.4144,0.3883,0.58,DROWSY,0,0,Windows,unspecified
22:54:03.199,61.86,0.4053,0.3982,0.4018,0.3969,0.5733,DROWSY,0,0,Windows,unspecified
22:54:03.241,61.902,0.4053,0.4099,0.4076,0.3911,0.5667,DROWSY,0,0,Windows,unspecified
22:54:03.269,61.93,0.43,0.4078,0.4189,0.3934,0.56,DROWSY,0,0,Windows,unspecified
22:54:03.306,61.967,0.4726,0.461,0.4668,0.4335,0.5533,DROWSY,0,0,Windows,unspecified
22:54:03.331,61.992,0.4774,0.4473,0.4624,0.4374,0.5467,DROWSY,0,0,Windows,unspecified
22:54:03.363,62.024,0.4575,0.436,0.4468,0.4238,0.54,DROWSY,0,0,Windows,unspecified
22:54:03.393,62.054,0.4614,0.4229,0.4421,0.424,0.5333,DROWSY,0,0,Windows,unspecified
22:54:03.428,62.089,0.4552,0.4501,0.4526,0.4124,0.5267,DROWSY,0,0,Windows,unspecified
22:54:03.458,62.119,0.4584,0.4259,0.4422,0.3978,0.52,DROWSY,0,0,Windows,unspecified
22:54:03.487,62.148,0.434,0.4343,0.4342,0.4212,0.5133,DROWSY,0,0,Windows,unspecified
22:54:03.520,62.181,0.5152,0.4913,0.5032,0.4474,0.5067,DROWSY,0,0,Windows,unspecified
22:54:03.551,62.212,0.5206,0.4631,0.4919,0.4573,0.5,DROWSY,0,0,Windows,unspecified
22:54:03.596,62.257,0.4492,0.4594,0.4543,0.4197,0.4933,DROWSY,0,0,Windows,unspecified
22:54:03.627,62.288,0.4487,0.4474,0.4481,0.4072,0.4933,DROWSY,0,0,Windows,unspecified
22:54:03.658,62.319,0.4357,0.4471,0.4414,0.4044,0.4933,DROWSY,0,0,Windows,unspecified
22:54:03.691,62.352,0.4324,0.436,0.4342,0.3956,0.4933,DROWSY,0,0,Windows,unspecified
22:54:03.722,62.384,0.4339,0.4104,0.4222,0.384,0.4933,DROWSY,0,0,Windows,unspecified
22:54:03.751,62.412,0.4765,0.4059,0.4412,0.4113,0.4933,DROWSY,0,0,Windows,unspecified
22:54:03.784,62.446,0.4765,0.4075,0.442,0.4274,0.4933,DROWSY,0,0,Windows,unspecified
22:54:03.817,62.478,0.4737,0.4351,0.4544,0.4223,0.4933,DROWSY,0,0,Windows,unspecified
22:54:03.847,62.508,0.4783,0.4605,0.4694,0.4211,0.4933,DROWSY,0,0,Windows,unspecified
22:54:03.879,62.54,0.4133,0.3959,0.4046,0.3958,0.4933,DROWSY,0,0,Windows,unspecified
22:54:03.921,62.582,0.2852,0.3144,0.2998,0.3855,0.4933,DROWSY,0,0,Windows,unspecified
22:54:03.954,62.615,0.2852,0.2884,0.2868,0.386,0.4933,DROWSY,0,0,Windows,unspecified
22:54:03.997,62.658,0.2566,0.264,0.2603,0.364,0.4933,DROWSY,0,0,Windows,unspecified
22:54:04.020,62.681,0.2249,0.2517,0.2383,0.3826,0.4933,DROWSY,1,0,Windows,unspecified
22:54:04.052,62.713,0.2172,0.237,0.2271,0.3816,0.4933,DROWSY,2,0,Windows,unspecified
22:54:04.081,62.742,0.1861,0.1578,0.1719,0.3719,0.4933,DROWSY,3,0,Windows,unspecified
22:54:04.113,62.774,0.1812,0.1713,0.1763,0.3768,0.4933,DROWSY,4,0,Windows,unspecified
22:54:04.146,62.807,0.1728,0.1447,0.1588,0.3575,0.4933,DROWSY,5,0,Windows,unspecified
22:54:04.179,62.84,0.156,0.1309,0.1434,0.3597,0.4933,DROWSY,6,0,Windows,unspecified
22:54:04.208,62.869,0.138,0.1704,0.1542,0.3791,0.4933,DROWSY,7,0,Windows,unspecified
22:54:04.239,62.9,0.1464,0.1529,0.1496,0.3722,0.4933,DROWSY,8,0,Windows,unspecified
22:54:04.268,62.929,0.138,0.1616,0.1498,0.3861,0.4933,DROWSY,9,0,Windows,unspecified
22:54:04.319,62.98,0.1351,0.2187,0.1769,0.3779,0.4933,DROWSY,10,0,Windows,unspecified
22:54:04.348,63.009,0.1426,0.2278,0.1852,0.3893,0.4933,DROWSY,11,0,Windows,unspecified
22:54:04.396,63.057,0.1632,0.2396,0.2014,0.3993,0.4933,DROWSY,12,0,Windows,unspecified
22:54:04.426,63.087,0.1549,0.2443,0.1996,0.3902,0.5,DROWSY,13,0,Windows,unspecified
22:54:04.460,63.122,0.1377,0.224,0.1809,0.3841,0.5067,DROWSY,14,0,Windows,unspecified
22:54:04.491,63.152,0.1068,0.0864,0.0966,0.4105,0.5133,DROWSY,15,0,Windows,unspecified
22:54:04.523,63.184,0.0958,0.0684,0.0821,0.3836,0.52,DROWSY,16,0,Windows,unspecified
22:54:04.553,63.214,0.0675,0.0195,0.0435,0.3745,0.5267,DROWSY,17,0,Windows,unspecified
22:54:04.584,63.245,0.0658,0.0135,0.0397,0.3752,0.5333,DROWSY,18,0,Windows,unspecified
22:54:04.616,63.277,0.0492,0.0352,0.0422,0.3639,0.54,DROWSY,19,0,Windows,unspecified
22:54:04.647,63.308,0.0406,0.03,0.0353,0.3709,0.5467,DROWSY,20,0,Windows,unspecified
22:54:04.677,63.338,0.0771,0.0371,0.0571,0.3956,0.5533,DROWSY,21,0,Windows,unspecified
22:54:04.717,63.378,0.1568,0.2221,0.1895,0.3914,0.56,DROWSY,22,0,Windows,unspecified
22:54:04.740,63.401,0.1862,0.2484,0.2173,0.383,0.5667,DROWSY,23,0,Windows,unspecified
22:54:04.805,63.466,0.2781,0.2684,0.2732,0.3947,0.5667,DROWSY,0,0,Windows,unspecified
22:54:04.832,63.493,0.3049,0.2648,0.2848,0.3857,0.5667,DROWSY,0,0,Windows,unspecified
22:54:04.860,63.521,0.3049,0.2648,0.2848,0.3928,0.5667,DROWSY,0,0,Windows,unspecified
22:54:04.895,63.557,0.3704,0.3559,0.3631,0.4087,0.5667,DROWSY,0,0,Windows,unspecified
22:54:04.926,63.587,0.3554,0.3047,0.33,0.4102,0.5667,DROWSY,0,0,Windows,unspecified
22:54:04.959,63.62,0.3588,0.3442,0.3515,0.4031,0.5667,DROWSY,0,0,Windows,unspecified
22:54:04.989,63.65,0.3588,0.334,0.3464,0.4027,0.5667,DROWSY,0,0,Windows,unspecified
22:54:05.023,63.684,0.3641,0.3345,0.3493,0.4091,0.5667,DROWSY,0,0,Windows,unspecified
22:54:05.051,63.712,0.3678,0.3471,0.3575,0.4092,0.5667,DROWSY,0,0,Windows,unspecified
22:54:05.084,63.745,0.369,0.3495,0.3592,0.399,0.5667,DROWSY,0,0,Windows,unspecified
22:54:05.121,63.782,0.3818,0.3619,0.3718,0.4004,0.5667,DROWSY,0,0,Windows,unspecified
22:54:05.145,63.806,0.3701,0.3584,0.3643,0.4111,0.5667,DROWSY,0,0,Windows,unspecified
22:54:05.199,63.86,0.3818,0.3597,0.3707,0.4073,0.5667,DROWSY,0,0,Windows,unspecified
22:54:05.224,63.885,0.3806,0.369,0.3748,0.3983,0.5667,DROWSY,0,0,Windows,unspecified
22:54:05.257,63.918,0.3806,0.3619,0.3713,0.4014,0.5667,DROWSY,0,0,Windows,unspecified
22:54:05.285,63.946,0.3854,0.3597,0.3725,0.3981,0.5667,DROWSY,0,0,Windows,unspecified
22:54:05.319,63.98,0.3818,0.397,0.3894,0.3926,0.5667,DROWSY,0,0,Windows,unspecified
22:54:05.347,64.008,0.3806,0.3662,0.3734,0.4021,0.5667,DROWSY,0,0,Windows,unspecified
22:54:05.380,64.041,0.3806,0.3842,0.3824,0.393,0.5667,DROWSY,0,0,Windows,unspecified
22:54:05.410,64.071,0.3687,0.3471,0.3579,0.3897,0.5667,DROWSY,0,0,Windows,unspecified
22:54:05.439,64.1,0.3558,0.3583,0.3571,0.3881,0.5667,DROWSY,0,0,Windows,unspecified
22:54:05.471,64.132,0.3596,0.3583,0.359,0.3915,0.5667,DROWSY,0,0,Windows,unspecified
22:54:05.516,64.177,0.409,0.3819,0.3955,0.4008,0.5667,DROWSY,0,0,Windows,unspecified
22:54:05.549,64.21,0.3944,0.3948,0.3946,0.401,0.5667,DROWSY,0,0,Windows,unspecified
22:54:05.580,64.241,0.4209,0.397,0.4089,0.3997,0.5667,DROWSY,0,0,Windows,unspecified
22:54:05.611,64.272,0.4208,0.3934,0.4071,0.4049,0.56,DROWSY,0,0,Windows,unspecified
22:54:05.642,64.303,0.4222,0.387,0.4046,0.4184,0.5533,DROWSY,0,0,Windows,unspecified
22:54:05.673,64.334,0.3957,0.3835,0.3896,0.3983,0.5467,DROWSY,0,0,Windows,unspecified
22:54:05.701,64.362,0.4208,0.3921,0.4064,0.3961,0.54,DROWSY,0,0,Windows,unspecified
22:54:05.734,64.395,0.4208,0.3957,0.4082,0.392,0.5333,DROWSY,0,0,Windows,unspecified
22:54:05.768,64.429,0.3944,0.3856,0.39,0.3899,0.5267,DROWSY,0,0,Windows,unspecified
22:54:05.797,64.459,0.4075,0.3856,0.3965,0.3899,0.52,DROWSY,0,0,Windows,unspecified
22:54:05.831,64.492,0.4191,0.3732,0.3962,0.3965,0.5133,DROWSY,0,0,Windows,unspecified
22:54:05.861,64.522,0.3854,0.3835,0.3844,0.3757,0.5067,DROWSY,0,0,Windows,unspecified
22:54:05.917,64.578,0.384,0.3697,0.3768,0.3754,0.5,DROWSY,0,0,Windows,unspecified
22:54:05.955,64.616,0.3863,0.3697,0.378,0.379,0.4933,DROWSY,0,0,Windows,unspecified
22:54:05.985,64.646,0.3831,0.3619,0.3725,0.3821,0.4867,DROWSY,0,0,Windows,unspecified
22:54:06.017,64.678,0.3854,0.3792,0.3823,0.3894,0.48,DROWSY,0,0,Windows,unspecified
22:54:06.050,64.711,0.3933,0.3819,0.3876,0.3959,0.4733,DROWSY,0,0,Windows,unspecified
22:54:06.083,64.744,0.411,0.3921,0.4016,0.4115,0.4667,DROWSY,0,0,Windows,unspecified
22:54:06.113,64.774,0.4242,0.3948,0.4095,0.4073,0.46,DROWSY,0,0,Windows,unspecified
22:54:06.141,64.802,0.3984,0.397,0.3977,0.4045,0.4533,DROWSY,0,0,Windows,unspecified
22:54:06.174,64.835,0.3875,0.3982,0.3928,0.3934,0.4467,DROWSY,0,0,Windows,unspecified
22:54:06.207,64.868,0.397,0.384,0.3905,0.3952,0.44,DROWSY,0,0,Windows,unspecified
22:54:06.238,64.899,0.4015,0.3835,0.3925,0.393,0.4333,DROWSY,0,0,Windows,unspecified
22:54:06.271,64.933,0.3842,0.3819,0.3831,0.3944,0.4267,DROWSY,0,0,Windows,unspecified
22:54:06.317,64.978,0.3971,0.3822,0.3897,0.3961,0.42,DROWSY,0,0,Windows,unspecified
22:54:06.348,65.009,0.4078,0.3934,0.4006,0.3946,0.4133,DROWSY,0,0,Windows,unspecified
22:54:06.378,65.039,0.4173,0.3961,0.4067,0.394,0.4067,DROWSY,0,0,Windows,unspecified
22:54:06.411,65.072,0.3971,0.3697,0.3834,0.3924,0.4,DROWSY,0,0,Windows,unspecified
22:54:06.454,65.115,0.3871,0.3628,0.375,0.387,0.3933,DROWSY,0,0,Windows,unspecified
22:54:06.490,65.151,0.3303,0.3343,0.3323,0.3909,0.3867,DROWSY,0,0,Windows,unspecified
22:54:06.519,65.18,0.3174,0.3078,0.3126,0.3918,0.38,DROWSY,0,0,Windows,unspecified
22:54:06.551,65.212,0.2401,0.265,0.2525,0.3824,0.3733,DROWSY,0,0,Windows,unspecified
22:54:06.582,65.243,0.2535,0.2656,0.2595,0.3777,0.3667,DROWSY,0,0,Windows,unspecified
22:54:06.614,65.275,0.2467,0.2537,0.2502,0.3883,0.36,DROWSY,0,0,Windows,unspecified
22:54:06.646,65.307,0.2592,0.2537,0.2565,0.3875,0.3533,DROWSY,0,0,Windows,unspecified
22:54:06.676,65.337,0.2656,0.2835,0.2745,0.3918,0.3467,NORMAL,0,0,Windows,unspecified
22:54:06.717,65.378,0.286,0.3158,0.3009,0.3893,0.34,NORMAL,0,0,Windows,unspecified
22:54:06.754,65.415,0.305,0.3028,0.3039,0.3846,0.3333,NORMAL,0,0,Windows,unspecified
22:54:06.783,65.444,0.3034,0.3046,0.304,0.3846,0.3267,NORMAL,0,0,Windows,unspecified
22:54:06.814,65.476,0.2675,0.263,0.2653,0.387,0.32,NORMAL,0,0,Windows,unspecified
22:54:06.843,65.504,0.2525,0.2637,0.2581,0.3881,0.3133,NORMAL,0,0,Windows,unspecified
22:54:06.877,65.538,0.2547,0.2675,0.2611,0.3811,0.3067,NORMAL,0,0,Windows,unspecified
22:54:06.909,65.57,0.2588,0.2525,0.2557,0.3896,0.3,NORMAL,0,0,Windows,unspecified
22:54:06.939,65.6,0.2588,0.2569,0.2579,0.3883,0.2933,NORMAL,0,0,Windows,unspecified
22:54:06.969,65.63,0.2588,0.265,0.2619,0.3935,0.2867,NORMAL,0,0,Windows,unspecified
22:54:07.002,65.664,0.2656,0.2563,0.261,0.4022,0.28,NORMAL,0,0,Windows,unspecified
22:54:07.035,65.696,0.2669,0.2547,0.2608,0.3973,0.2733,NORMAL,0,0,Windows,unspecified
22:54:07.065,65.726,0.265,0.265,0.265,0.3973,0.2667,NORMAL,0,0,Windows,unspecified
22:54:07.117,65.778,0.272,0.25,0.261,0.3994,0.26,NORMAL,0,0,Windows,unspecified
22:54:07.142,65.803,0.2795,0.25,0.2648,0.3983,0.2533,NORMAL,0,0,Windows,unspecified
22:54:07.167,65.828,0.2477,0.2463,0.247,0.4043,0.2467,NORMAL,0,0,Windows,unspecified
22:54:07.199,65.86,0.2795,0.2525,0.266,0.4074,0.24,NORMAL,0,0,Windows,unspecified
22:54:07.235,65.896,0.272,0.2547,0.2634,0.4053,0.2333,NORMAL,0,0,Windows,unspecified
22:54:07.265,65.926,0.2589,0.2656,0.2622,0.4065,0.2267,NORMAL,0,0,Windows,unspecified
22:54:07.299,65.96,0.2795,0.2525,0.266,0.4068,0.22,NORMAL,0,0,Windows,unspecified
22:54:07.328,65.989,0.3068,0.2588,0.2828,0.3964,0.2133,NORMAL,0,0,Windows,unspecified
22:54:07.361,66.022,0.292,0.2778,0.2849,0.3966,0.2067,NORMAL,0,0,Windows,unspecified
22:54:07.392,66.053,0.2433,0.2336,0.2385,0.3964,0.2067,NORMAL,1,0,Windows,unspecified
22:54:07.423,66.084,0.2328,0.2315,0.2321,0.394,0.2067,NORMAL,2,0,Windows,unspecified
22:54:07.458,66.119,0.1671,0.1834,0.1753,0.3993,0.2067,NORMAL,3,0,Windows,unspecified
22:54:07.515,66.176,0.1803,0.1558,0.168,0.4006,0.2067,NORMAL,4,0,Windows,unspecified
22:54:07.549,66.21,0.1757,0.1586,0.1672,0.4007,0.2067,NORMAL,5,0,Windows,unspecified
22:54:07.585,66.246,0.1886,0.164,0.1763,0.4047,0.2067,NORMAL,6,0,Windows,unspecified
22:54:07.613,66.274,0.1882,0.164,0.1761,0.3989,0.2067,NORMAL,7,0,Windows,unspecified
22:54:07.644,66.305,0.2012,0.1516,0.1764,0.4007,0.2067,NORMAL,8,0,Windows,unspecified
22:54:07.675,66.336,0.2054,0.1547,0.18,0.3907,0.2133,NORMAL,9,0,Windows,unspecified
22:54:07.705,66.366,0.1792,0.164,0.1716,0.3981,0.22,WARNING,10,0,Windows,unspecified
22:54:07.738,66.399,0.163,0.136,0.1495,0.3995,0.2267,WARNING,11,0,Windows,unspecified
22:54:07.768,66.429,0.1433,0.1508,0.1471,0.4017,0.2333,WARNING,12,0,Windows,unspecified
22:54:07.798,66.459,0.1589,0.1508,0.1549,0.3932,0.24,WARNING,13,0,Windows,unspecified
22:54:07.830,66.491,0.1558,0.1508,0.1533,0.3978,0.2467,WARNING,14,0,Windows,unspecified
22:54:07.884,66.545,0.1589,0.1482,0.1535,0.3894,0.2533,WARNING,15,0,Windows,unspecified
22:54:07.924,66.585,0.1589,0.1766,0.1677,0.3927,0.26,WARNING,16,0,Windows,unspecified
22:54:07.956,66.617,0.1558,0.1915,0.1737,0.3869,0.2667,WARNING,17,0,Windows,unspecified
22:54:07.987,66.648,0.1549,0.1792,0.167,0.3915,0.2733,WARNING,18,0,Windows,unspecified
22:54:08.018,66.679,0.1988,0.2236,0.2112,0.3973,0.28,WARNING,19,0,Windows,unspecified
22:54:08.052,66.713,0.2016,0.216,0.2088,0.3883,0.2867,DROWSY,20,0,Windows,unspecified
22:54:08.085,66.746,0.263,0.2611,0.2621,0.3905,0.2867,NORMAL,0,0,Windows,unspecified
22:54:08.110,66.771,0.27,0.2619,0.266,0.3863,0.2867,NORMAL,0,0,Windows,unspecified
22:54:08.140,66.801,0.2872,0.2761,0.2817,0.3905,0.2867,NORMAL,0,0,Windows,unspecified
22:54:08.174,66.835,0.2986,0.301,0.2998,0.3905,0.2867,NORMAL,0,0,Windows,unspecified
22:54:08.202,66.863,0.2975,0.2858,0.2917,0.3942,0.2867,NORMAL,0,0,Windows,unspecified
22:54:08.235,66.897,0.3102,0.2835,0.2968,0.3942,0.2867,NORMAL,0,0,Windows,unspecified
22:54:08.265,66.926,0.3175,0.2984,0.308,0.3905,0.2867,NORMAL,0,0,Windows,unspecified
22:54:08.319,66.98,0.3137,0.3103,0.312,0.381,0.2867,NORMAL,0,0,Windows,unspecified
22:54:08.344,67.005,0.3102,0.3253,0.3177,0.3847,0.2867,NORMAL,0,0,Windows,unspecified
22:54:08.373,67.034,0.3102,0.312,0.3111,0.3915,0.2867,NORMAL,0,0,Windows,unspecified
22:54:08.406,67.067,0.3145,0.3129,0.3137,0.3896,0.2867,NORMAL,0,0,Windows,unspecified
22:54:08.435,67.096,0.2926,0.3129,0.3028,0.3915,0.2867,NORMAL,0,0,Windows,unspecified
22:54:08.467,67.128,0.2985,0.3094,0.3039,0.3857,0.2867,NORMAL,0,0,Windows,unspecified
22:54:08.499,67.16,0.3126,0.3103,0.3115,0.3857,0.2867,NORMAL,0,0,Windows,unspecified
22:54:08.529,67.19,0.2915,0.2969,0.2942,0.3821,0.2867,NORMAL,0,0,Windows,unspecified
22:54:08.562,67.223,0.2994,0.2969,0.2981,0.3801,0.2867,NORMAL,0,0,Windows,unspecified
22:54:08.593,67.254,0.2397,0.2826,0.2612,0.3833,0.2867,NORMAL,0,0,Windows,unspecified
22:54:08.623,67.284,0.2267,0.2669,0.2468,0.3893,0.2867,NORMAL,0,0,Windows,unspecified
22:54:08.655,67.316,0.1837,0.183,0.1834,0.3806,0.2933,NORMAL,1,0,Windows,unspecified
22:54:08.717,67.379,0.1837,0.2033,0.1935,0.3845,0.3,NORMAL,2,0,Windows,unspecified
22:54:08.747,67.408,0.1917,0.2108,0.2013,0.3807,0.3067,NORMAL,3,0,Windows,unspecified
22:54:08.780,67.441,0.1793,0.1886,0.184,0.3834,0.3133,NORMAL,4,0,Windows,unspecified
22:54:08.810,67.471,0.1912,0.201,0.1961,0.3787,0.32,NORMAL,5,0,Windows,unspecified
22:54:08.841,67.502,0.1912,0.2061,0.1987,0.3855,0.3267,NORMAL,6,0,Windows,unspecified
22:54:08.873,67.534,0.1988,0.2085,0.2036,0.3833,0.3333,NORMAL,7,0,Windows,unspecified
22:54:08.904,67.565,0.2031,0.2085,0.2058,0.3786,0.34,NORMAL,8,0,Windows,unspecified
22:54:08.934,67.595,0.2031,0.2033,0.2032,0.3855,0.3467,NORMAL,9,0,Windows,unspecified
22:54:08.967,67.628,0.1988,0.2033,0.201,0.3855,0.3533,DROWSY,10,0,Windows,unspecified
22:54:08.998,67.659,0.1915,0.2177,0.2046,0.3846,0.3533,DROWSY,11,0,Windows,unspecified
22:54:09.029,67.69,0.1961,0.2002,0.1981,0.3893,0.3533,DROWSY,12,0,Windows,unspecified
22:54:09.062,67.723,0.1708,0.1785,0.1747,0.3915,0.3533,DROWSY,13,0,Windows,unspecified
22:54:09.115,67.776,0.1708,0.1629,0.1669,0.3955,0.3533,DROWSY,14,0,Windows,unspecified
22:54:09.138,67.8,0.1582,0.1621,0.1602,0.3953,0.3533,DROWSY,15,0,Windows,unspecified
22:54:09.173,67.834,0.1712,0.174,0.1726,0.3917,0.3533,DROWSY,16,0,Windows,unspecified
22:54:09.203,67.864,0.1582,0.1506,0.1544,0.3974,0.3533,DROWSY,17,0,Windows,unspecified
22:54:09.234,67.895,0.1834,0.1633,0.1734,0.3839,0.3533,DROWSY,18,0,Windows,unspecified
22:54:09.263,67.924,0.1661,0.1651,0.1656,0.3851,0.3533,DROWSY,19,0,Windows,unspecified
22:54:09.297,67.958,0.1634,0.1543,0.1589,0.3809,0.3533,DROWSY,20,0,Windows,unspecified
22:54:09.328,67.989,0.1504,0.1508,0.1506,0.405,0.3533,DROWSY,21,0,Windows,unspecified
22:54:09.357,68.018,0.1757,0.1467,0.1612,0.3955,0.3533,DROWSY,22,0,Windows,unspecified
22:54:09.391,68.052,0.1278,0.1304,0.1291,0.3987,0.3533,DROWSY,23,0,Windows,unspecified
22:54:09.421,68.082,0.1534,0.1378,0.1456,0.4063,0.3533,DROWSY,24,0,Windows,unspecified
22:54:09.455,68.116,0.1244,0.104,0.1142,0.3969,0.3533,DROWSY,25,0,Windows,unspecified
22:54:09.517,68.178,0.0936,0.0998,0.0967,0.4066,0.3533,DROWSY,26,0,Windows,unspecified
22:54:09.546,68.207,0.1375,0.0916,0.1146,0.399,0.3533,DROWSY,27,0,Windows,unspecified
22:54:09.579,68.24,0.1289,0.1026,0.1157,0.3972,0.3533,DROWSY,28,0,Windows,unspecified
22:54:09.607,68.268,0.1084,0.0809,0.0946,0.4041,0.3533,DROWSY,29,0,Windows,unspecified
22:54:09.640,68.302,0.1242,0.0923,0.1083,0.4163,0.3533,DROWSY,30,0,Windows,unspecified
22:54:09.672,68.333,0.0983,0.0955,0.0969,0.3937,0.3533,DROWSY,31,0,Windows,unspecified
22:54:09.704,68.365,0.1335,0.1093,0.1214,0.3865,0.3533,DROWSY,32,0,Windows,unspecified
22:54:09.735,68.396,0.1985,0.1578,0.1782,0.3971,0.3533,DROWSY,33,0,Windows,unspecified
22:54:09.765,68.426,0.195,0.1298,0.1624,0.3972,0.36,DROWSY,34,0,Windows,unspecified
22:54:09.795,68.456,0.2151,0.1726,0.1938,0.4029,0.3667,DROWSY,35,0,Windows,unspecified
22:54:09.829,68.49,0.2308,0.1591,0.1949,0.3981,0.3733,DROWSY,36,0,Windows,unspecified
22:54:09.861,68.522,0.2416,0.2002,0.2209,0.3799,0.38,DROWSY,37,0,Windows,unspecified
22:54:09.916,68.577,0.2438,0.2074,0.2256,0.4055,0.3867,DROWSY,38,0,Windows,unspecified
22:54:09.938,68.599,0.2498,0.1955,0.2226,0.4035,0.3933,DROWSY,39,0,Windows,unspecified
22:54:09.969,68.63,0.2504,0.1955,0.2229,0.3988,0.4,DROWSY,40,0,Windows,unspecified
22:54:10.001,68.662,0.257,0.212,0.2345,0.3869,0.4067,DROWSY,41,0,Windows,unspecified
22:54:10.028,68.69,0.2581,0.2104,0.2342,0.3964,0.4133,DROWSY,42,0,Windows,unspecified
22:54:10.063,68.724,0.2249,0.1801,0.2025,0.398,0.42,DROWSY,43,0,Windows,unspecified
22:54:10.095,68.756,0.2123,0.178,0.1951,0.3962,0.4267,DROWSY,44,0,Windows,unspecified
22:54:10.127,68.788,0.1173,0.0788,0.0981,0.4039,0.4333,DROWSY,45,0,Windows,unspecified
22:54:10.156,68.817,0.0559,0.0593,0.0576,0.4123,0.44,DROWSY,46,0,Windows,unspecified
22:54:10.190,68.851,0.0373,0.0332,0.0353,0.4104,0.4467,DROWSY,47,0,Windows,unspecified
22:54:10.217,68.878,0.0425,0.0597,0.0511,0.4033,0.4533,DROWSY,48,0,Windows,unspecified
22:54:10.253,68.914,0.272,0.256,0.264,0.3936,0.4533,DROWSY,0,0,Windows,unspecified
22:54:10.314,68.975,0.3805,0.3504,0.3655,0.3922,0.4533,DROWSY,0,0,Windows,unspecified
22:54:10.340,69.001,0.3856,0.3518,0.3687,0.3908,0.4533,DROWSY,0,0,Windows,unspecified
22:54:10.374,69.035,0.3856,0.3619,0.3737,0.3985,0.4533,DROWSY,0,0,Windows,unspecified
22:54:10.407,69.068,0.3965,0.3678,0.3821,0.3865,0.4533,DROWSY,0,0,Windows,unspecified
22:54:10.438,69.099,0.3987,0.391,0.3948,0.3892,0.4533,DROWSY,0,0,Windows,unspecified
22:54:10.467,69.128,0.4146,0.399,0.4068,0.3857,0.4533,DROWSY,0,0,Windows,unspecified
22:54:10.500,69.162,0.4007,0.3777,0.3892,0.3883,0.4533,DROWSY,0,0,Windows,unspecified
22:54:10.534,69.195,0.3864,0.3777,0.3821,0.3813,0.4533,DROWSY,0,0,Windows,unspecified
22:54:10.563,69.224,0.3835,0.3849,0.3842,0.3757,0.4533,DROWSY,0,0,Windows,unspecified
22:54:10.595,69.256,0.3619,0.3333,0.3476,0.3879,0.4533,DROWSY,0,0,Windows,unspecified
22:54:10.627,69.288,0.3355,0.3205,0.328,0.3832,0.4533,DROWSY,0,0,Windows,unspecified
22:54:10.658,69.32,0.2908,0.2926,0.2917,0.3844,0.4533,DROWSY,0,0,Windows,unspecified
22:54:10.721,69.382,0.263,0.265,0.264,0.3961,0.4533,DROWSY,0,0,Windows,unspecified
22:54:10.754,69.415,0.2391,0.263,0.2511,0.3819,0.4533,DROWSY,0,0,Windows,unspecified
22:54:10.783,69.444,0.2656,0.2669,0.2662,0.3798,0.4533,DROWSY,0,0,Windows,unspecified
22:54:10.816,69.477,0.2397,0.2669,0.2533,0.3892,0.4533,DROWSY,0,0,Windows,unspecified
22:54:10.847,69.508,0.2522,0.2852,0.2687,0.3901,0.4533,DROWSY,0,0,Windows,unspecified
22:54:10.877,69.538,0.2656,0.265,0.2653,0.4023,0.4533,DROWSY,0,0,Windows,unspecified
22:54:10.909,69.57,0.25,0.2915,0.2708,0.3873,0.4533,DROWSY,0,0,Windows,unspecified
22:54:10.940,69.601,0.2363,0.2658,0.251,0.3949,0.4533,DROWSY,0,0,Windows,unspecified
22:54:10.973,69.634,0.2386,0.2251,0.2318,0.3995,0.46,DROWSY,1,0,Windows,unspecified
22:54:11.004,69.665,0.2529,0.2369,0.2449,0.4141,0.46,DROWSY,0,0,Windows,unspecified
22:54:11.037,69.698,0.2395,0.199,0.2192,0.4095,0.4667,DROWSY,1,0,Windows,unspecified
22:54:11.068,69.729,0.2217,0.2355,0.2286,0.4198,0.4733,DROWSY,2,0,Windows,unspecified
22:54:11.116,69.777,0.2019,0.2223,0.2121,0.4224,0.48,DROWSY,3,0,Windows,unspecified
22:54:11.148,69.809,0.2079,0.2003,0.2041,0.418,0.4867,DROWSY,4,0,Windows,unspecified
22:54:11.186,69.847,0.2079,0.2003,0.2041,0.4126,0.4933,DROWSY,5,0,Windows,unspecified
22:54:11.243,69.904,0.2142,0.2145,0.2143,0.4409,0.5,DROWSY,6,0,Windows,unspecified
22:54:11.273,69.934,0.198,0.2148,0.2064,0.4267,0.5067,DROWSY,7,0,Windows,unspecified
22:54:11.303,69.964,0.1629,0.172,0.1674,0.4054,0.5133,DROWSY,8,0,Windows,unspecified
22:54:11.334,69.995,0.1679,0.1597,0.1638,0.4266,0.52,DROWSY,9,0,Windows,unspecified
22:54:11.364,70.025,0.2505,0.2222,0.2363,0.4151,0.5267,DROWSY,10,0,Windows,unspecified
22:54:11.395,70.056,0.2343,0.1856,0.2099,0.3993,0.5333,DROWSY,11,0,Windows,unspecified
22:54:11.427,70.088,0.2343,0.1981,0.2162,0.4174,0.54,DROWSY,12,0,Windows,unspecified
22:54:11.456,70.117,0.2043,0.2044,0.2044,0.4104,0.5467,DROWSY,13,0,Windows,unspecified
22:54:11.487,70.148,0.2505,0.25,0.2502,0.4107,0.5467,DROWSY,0,0,Windows,unspecified
22:54:11.521,70.182,0.3012,0.2601,0.2806,0.4011,0.5467,DROWSY,0,0,Windows,unspecified
22:54:11.553,70.214,0.3008,0.2551,0.2779,0.3959,0.5467,DROWSY,0,0,Windows,unspecified
22:54:11.583,70.244,0.2911,0.2519,0.2715,0.3959,0.5467,DROWSY,0,0,Windows,unspecified
22:54:11.614,70.275,0.3379,0.3139,0.3259,0.4063,0.5467,DROWSY,0,0,Windows,unspecified
22:54:11.644,70.305,0.3371,0.3139,0.3255,0.4061,0.5467,DROWSY,0,0,Windows,unspecified
22:54:11.676,70.337,0.3686,0.3599,0.3642,0.4108,0.5467,DROWSY,0,0,Windows,unspecified
22:54:11.709,70.37,0.3999,0.3606,0.3802,0.4069,0.5467,DROWSY,0,0,Windows,unspecified
22:54:11.740,70.402,0.3846,0.3606,0.3726,0.4112,0.5467,DROWSY,0,0,Windows,unspecified
22:54:11.773,70.434,0.3987,0.345,0.3719,0.4186,0.5467,DROWSY,0,0,Windows,unspecified
22:54:11.804,70.465,0.3699,0.345,0.3575,0.4207,0.5467,DROWSY,0,0,Windows,unspecified
22:54:11.834,70.495,0.3679,0.3452,0.3565,0.4125,0.5467,DROWSY,0,0,Windows,unspecified
22:54:11.865,70.526,0.3692,0.3296,0.3494,0.408,0.5467,DROWSY,0,0,Windows,unspecified
22:54:11.916,70.577,0.3699,0.3561,0.363,0.4052,0.5467,DROWSY,0,0,Windows,unspecified
22:54:11.944,70.605,0.3814,0.3744,0.3779,0.4012,0.5467,DROWSY,0,0,Windows,unspecified
22:54:11.975,70.637,0.3814,0.3846,0.383,0.4052,0.5467,DROWSY,0,0,Windows,unspecified
22:54:12.005,70.666,0.2763,0.2556,0.2659,0.3995,0.5467,DROWSY,0,0,Windows,unspecified
22:54:12.035,70.696,0.2254,0.2096,0.2175,0.4053,0.5533,DROWSY,1,0,Windows,unspecified
22:54:12.068,70.729,0.2013,0.2267,0.214,0.3955,0.56,DROWSY,2,0,Windows,unspecified
22:54:12.098,70.759,0.1849,0.2139,0.1994,0.3987,0.5667,DROWSY,3,0,Windows,unspecified
22:54:12.130,70.791,0.1683,0.2098,0.189,0.3998,0.5733,DROWSY,4,0,Windows,unspecified
22:54:12.163,70.824,0.1666,0.2268,0.1967,0.3972,0.58,DROWSY,5,0,Windows,unspecified
22:54:12.195,70.856,0.2,0.2267,0.2133,0.4047,0.5867,DROWSY,6,0,Windows,unspecified
22:54:12.224,70.885,0.2107,0.2519,0.2313,0.3966,0.5933,DROWSY,7,0,Windows,unspecified
22:54:12.257,70.918,0.1718,0.2263,0.199,0.3775,0.6,DROWSY,8,0,Windows,unspecified
22:54:12.316,70.977,0.1849,0.2522,0.2185,0.3928,0.6067,DROWSY,9,0,Windows,unspecified
22:54:12.348,71.009,0.2,0.2522,0.2261,0.3898,0.6133,DROWSY,10,0,Windows,unspecified
22:54:12.381,71.042,0.1833,0.2599,0.2216,0.3898,0.62,DROWSY,11,0,Windows,unspecified
22:54:12.411,71.072,0.2254,0.2805,0.2529,0.3983,0.6133,DROWSY,0,0,Windows,unspecified
22:54:12.442,71.103,0.2069,0.2805,0.2437,0.3898,0.6067,DROWSY,0,0,Windows,unspecified
22:54:12.473,71.134,0.2256,0.2826,0.2541,0.3919,0.6,DROWSY,0,0,Windows,unspecified
22:54:12.503,71.164,0.2083,0.2819,0.2451,0.3919,0.5933,DROWSY,0,0,Windows,unspecified
22:54:12.536,71.197,0.2254,0.2712,0.2483,0.3919,0.5867,DROWSY,0,0,Windows,unspecified
22:54:12.565,71.227,0.2081,0.2698,0.239,0.3825,0.5867,DROWSY,1,0,Windows,unspecified
22:54:12.597,71.258,0.2192,0.2712,0.2452,0.389,0.58,DROWSY,0,0,Windows,unspecified
22:54:12.629,71.291,0.2069,0.2712,0.239,0.399,0.5733,DROWSY,0,0,Windows,unspecified
22:54:12.661,71.322,0.218,0.2612,0.2396,0.3844,0.5667,DROWSY,0,0,Windows,unspecified
22:54:12.716,71.377,0.2425,0.2429,0.2427,0.3736,0.56,DROWSY,0,0,Windows,unspecified
22:54:12.754,71.415,0.2332,0.2343,0.2337,0.385,0.56,DROWSY,1,0,Windows,unspecified
22:54:12.787,71.448,0.2333,0.2171,0.2252,0.3825,0.56,DROWSY,2,0,Windows,unspecified
22:54:12.819,71.48,0.2254,0.2251,0.2253,0.3844,0.56,DROWSY,3,0,Windows,unspecified
22:54:12.852,71.513,0.1949,0.2251,0.21,0.3782,0.56,DROWSY,4,0,Windows,unspecified
22:54:12.881,71.543,0.1999,0.2251,0.2125,0.3782,0.56,DROWSY,5,0,Windows,unspecified
22:54:12.912,71.573,0.1934,0.2347,0.2141,0.3848,0.56,DROWSY,6,0,Windows,unspecified
22:54:12.942,71.603,0.1934,0.2434,0.2184,0.3936,0.56,DROWSY,7,0,Windows,unspecified
22:54:12.974,71.635,0.1887,0.2434,0.2161,0.3905,0.56,DROWSY,8,0,Windows,unspecified
22:54:13.005,71.666,0.1999,0.2248,0.2123,0.3904,0.56,DROWSY,9,0,Windows,unspecified
22:54:13.037,71.698,0.1829,0.2167,0.1998,0.4052,0.56,DROWSY,10,0,Windows,unspecified
22:54:13.068,71.729,0.1864,0.1992,0.1928,0.3932,0.5667,DROWSY,11,0,Windows,unspecified
22:54:13.117,71.778,0.131,0.1992,0.1651,0.3964,0.5733,DROWSY,12,0,Windows,unspecified
22:54:13.145,71.806,0.1309,0.1737,0.1523,0.3866,0.58,DROWSY,13,0,Windows,unspecified
22:54:13.177,71.838,0.131,0.1799,0.1554,0.3853,0.5867,DROWSY,14,0,Windows,unspecified
22:54:13.209,71.87,0.129,0.1799,0.1545,0.3909,0.5933,DROWSY,15,0,Windows,unspecified
22:54:13.241,71.902,0.1452,0.1737,0.1594,0.3934,0.6,DROWSY,16,0,Windows,unspecified
22:54:13.272,71.933,0.131,0.1548,0.1429,0.3925,0.6067,DROWSY,17,0,Windows,unspecified
22:54:13.303,71.964,0.129,0.1225,0.1258,0.39,0.6133,DROWSY,18,0,Windows,unspecified
22:54:13.334,71.995,0.1329,0.1968,0.1649,0.4063,0.62,DROWSY,19,0,Windows,unspecified
22:54:13.364,72.025,0.159,0.2209,0.1899,0.4027,0.6267,DROWSY,20,0,Windows,unspecified
22:54:13.396,72.057,0.191,0.1886,0.1898,0.4093,0.6333,DROWSY,21,0,Windows,unspecified
22:54:13.427,72.088,0.2098,0.1985,0.2041,0.4063,0.64,DROWSY,22,0,Windows,unspecified
22:54:13.459,72.12,0.2096,0.2167,0.2132,0.3965,0.6467,DROWSY,23,0,Windows,unspecified
22:54:13.516,72.178,0.2268,0.2004,0.2136,0.4075,0.6533,DROWSY,24,0,Windows,unspecified
22:54:13.553,72.215,0.2256,0.199,0.2123,0.4101,0.66,DROWSY,25,0,Windows,unspecified
22:54:13.589,72.25,0.2083,0.2009,0.2046,0.4125,0.6667,DROWSY,26,0,Windows,unspecified
22:54:13.618,72.279,0.2098,0.2174,0.2136,0.403,0.6733,DROWSY,27,0,Windows,unspecified
22:54:13.646,72.308,0.2267,0.2004,0.2135,0.4117,0.68,DROWSY,28,0,Windows,unspecified
22:54:13.680,72.341,0.2252,0.1958,0.2105,0.3974,0.68,DROWSY,29,0,Windows,unspecified
22:54:13.712,72.373,0.2138,0.1832,0.1985,0.4067,0.68,DROWSY,30,0,Windows,unspecified
22:54:13.743,72.404,0.2082,0.1788,0.1935,0.4067,0.68,DROWSY,31,0,Windows,unspecified
22:54:13.775,72.436,0.2167,0.1863,0.2015,0.4124,0.68,DROWSY,32,0,Windows,unspecified
22:54:13.809,72.47,0.2078,0.1904,0.1991,0.4066,0.68,DROWSY,33,0,Windows,unspecified
22:54:13.839,72.501,0.2078,0.1949,0.2014,0.4045,0.68,DROWSY,34,0,Windows,unspecified
22:54:13.872,72.533,0.2244,0.2068,0.2156,0.4117,0.68,DROWSY,35,0,Windows,unspecified
22:54:13.915,72.576,0.199,0.1962,0.1976,0.4005,0.68,DROWSY,36,0,Windows,unspecified
22:54:13.951,72.613,0.2234,0.2068,0.2151,0.4093,0.68,DROWSY,37,0,Windows,unspecified
22:54:13.981,72.642,0.2232,0.2068,0.215,0.407,0.68,DROWSY,38,0,Windows,unspecified
22:54:14.013,72.674,0.2232,0.2108,0.217,0.4016,0.68,DROWSY,39,0,Windows,unspecified
22:54:14.044,72.706,0.217,0.2108,0.2139,0.3994,0.68,DROWSY,40,0,Windows,unspecified
22:54:14.073,72.734,0.2334,0.1962,0.2148,0.4146,0.68,DROWSY,41,0,Windows,unspecified
22:54:14.107,72.768,0.2413,0.2227,0.232,0.4045,0.68,DROWSY,42,0,Windows,unspecified
22:54:14.139,72.8,0.2413,0.2315,0.2364,0.3877,0.68,DROWSY,43,0,Windows,unspecified
22:54:14.170,72.831,0.2229,0.2154,0.2192,0.4001,0.68,DROWSY,44,0,Windows,unspecified
22:54:14.200,72.861,0.199,0.221,0.21,0.4,0.68,DROWSY,45,0,Windows,unspecified
22:54:14.232,72.893,0.199,0.2281,0.2136,0.4001,0.68,DROWSY,46,0,Windows,unspecified
22:54:14.264,72.925,0.217,0.2348,0.2259,0.4044,0.68,DROWSY,47,0,Windows,unspecified
22:54:14.319,72.98,0.227,0.2001,0.2136,0.405,0.68,DROWSY,48,0,Windows,unspecified
22:54:14.356,73.017,0.2259,0.2242,0.2251,0.3999,0.68,DROWSY,49,0,Windows,unspecified
22:54:14.389,73.05,0.2259,0.221,0.2234,0.4034,0.68,DROWSY,50,0,Windows,unspecified
22:54:14.419,73.08,0.227,0.2055,0.2163,0.3934,0.68,DROWSY,51,0,Windows,unspecified
22:54:14.451,73.112,0.2334,0.2154,0.2244,0.3954,0.68,DROWSY,52,0,Windows,unspecified
22:54:14.482,73.143,0.2322,0.221,0.2266,0.3947,0.68,DROWSY,53,0,Windows,unspecified
22:54:14.514,73.176,0.2345,0.2302,0.2324,0.3842,0.68,DROWSY,54,0,Windows,unspecified
22:54:14.545,73.206,0.1996,0.228,0.2138,0.3909,0.68,DROWSY,55,0,Windows,unspecified
22:54:14.581,73.242,0.234,0.2141,0.224,0.394,0.68,DROWSY,56,0,Windows,unspecified
22:54:14.604,73.265,0.2328,0.212,0.2224,0.3975,0.68,DROWSY,57,0,Windows,unspecified
22:54:14.639,73.3,0.2328,0.212,0.2224,0.4011,0.68,DROWSY,58,0,Windows,unspecified
22:54:14.667,73.328,0.2276,0.2148,0.2212,0.3974,0.68,DROWSY,59,0,Windows,unspecified
22:54:14.716,73.377,0.2437,0.212,0.2279,0.3926,0.68,DROWSY,60,0,Windows,unspecified
22:54:14.747,73.408,0.1996,0.2159,0.2078,0.4045,0.68,DROWSY,61,0,Windows,unspecified
22:54:14.777,73.439,0.2023,0.2177,0.21,0.4034,0.68,DROWSY,62,0,Windows,unspecified
22:54:14.810,73.471,0.2401,0.2154,0.2278,0.4059,0.68,DROWSY,63,0,Windows,unspecified
22:54:14.841,73.502,0.2334,0.228,0.2307,0.3997,0.68,DROWSY,64,0,Windows,unspecified
22:54:14.877,73.538,0.2592,0.228,0.2436,0.3944,0.6733,DROWSY,0,0,Windows,unspecified
22:54:14.905,73.566,0.234,0.2193,0.2267,0.4039,0.6733,DROWSY,1,0,Windows,unspecified
22:54:14.937,73.598,0.2408,0.2155,0.2282,0.4108,0.6733,DROWSY,2,0,Windows,unspecified
22:54:14.969,73.63,0.2242,0.2067,0.2154,0.3964,0.6733,DROWSY,3,0,Windows,unspecified
22:54:14.999,73.66,0.1353,0.125,0.1302,0.4033,0.6733,DROWSY,4,0,Windows,unspecified
22:54:15.031,73.692,0.0832,0.0963,0.0898,0.4059,0.6733,DROWSY,5,0,Windows,unspecified
22:54:15.065,73.726,0.0662,0.0376,0.0519,0.4056,0.6733,DROWSY,6,0,Windows,unspecified
22:54:15.130,73.791,0.0806,0.0365,0.0586,0.4173,0.6733,DROWSY,7,0,Windows,unspecified
22:54:15.161,73.822,0.0833,0.0662,0.0747,0.4115,0.6733,DROWSY,8,0,Windows,unspecified
22:54:15.191,73.852,0.0833,0.0625,0.0729,0.4167,0.6733,DROWSY,9,0,Windows,unspecified
22:54:15.229,73.89,0.0999,0.0806,0.0903,0.4069,0.6733,DROWSY,10,0,Windows,unspecified
22:54:15.261,73.922,0.1193,0.0967,0.108,0.4038,0.6733,DROWSY,11,0,Windows,unspecified
22:54:15.288,73.949,0.1378,0.102,0.1199,0.4048,0.68,DROWSY,12,0,Windows,unspecified
22:54:15.321,73.982,0.1378,0.102,0.1199,0.4048,0.6867,DROWSY,13,0,Windows,unspecified
22:54:15.350,74.011,0.1397,0.1174,0.1286,0.4048,0.6933,DROWSY,14,0,Windows,unspecified
22:54:15.380,74.042,0.174,0.09,0.132,0.4048,0.7,DROWSY,15,0,Windows,unspecified
22:54:15.411,74.072,0.1568,0.1354,0.1461,0.398,0.7067,DROWSY,16,0,Windows,unspecified
22:54:15.441,74.103,0.14,0.1187,0.1293,0.4022,0.7133,DROWSY,17,0,Windows,unspecified
22:54:15.473,74.134,0.1551,0.1228,0.1389,0.3942,0.72,DROWSY,18,0,Windows,unspecified
22:54:15.517,74.178,0.1425,0.125,0.1337,0.4047,0.7267,DROWSY,19,0,Windows,unspecified
22:54:15.551,74.212,0.111,0.1422,0.1266,0.3992,0.7333,DROWSY,20,0,Windows,unspecified
22:54:15.581,74.242,0.1278,0.1255,0.1267,0.4116,0.74,DROWSY,21,0,Windows,unspecified
22:54:15.614,74.275,0.1249,0.145,0.1349,0.4045,0.7467,DROWSY,22,0,Windows,unspecified
22:54:15.645,74.306,0.148,0.1256,0.1368,0.399,0.7533,DROWSY,23,0,Windows,unspecified
22:54:15.678,74.339,0.168,0.1889,0.1784,0.4077,0.76,DROWSY,24,0,Windows,unspecified
22:54:15.707,74.368,0.1887,0.1995,0.1941,0.4076,0.7667,DROWSY,25,0,Windows,unspecified
22:54:15.739,74.4,0.1887,0.1997,0.1942,0.3964,0.7733,DROWSY,26,0,Windows,unspecified
22:54:15.771,74.432,0.1887,0.182,0.1854,0.4017,0.78,DROWSY,27,0,Windows,unspecified
22:54:15.801,74.462,0.1707,0.1995,0.1851,0.396,0.7867,DROWSY,28,0,Windows,unspecified
22:54:15.833,74.494,0.1707,0.194,0.1823,0.3952,0.7933,DROWSY,29,0,Windows,unspecified
22:54:15.864,74.525,0.2144,0.2069,0.2107,0.3948,0.8,DROWSY,30,0,Windows,unspecified
22:54:15.915,74.576,0.2069,0.2247,0.2158,0.383,0.8067,DROWSY,31,0,Windows,unspecified
22:54:15.943,74.604,0.2291,0.2239,0.2265,0.3847,0.8133,DROWSY,32,0,Windows,unspecified
22:54:15.972,74.633,0.2291,0.2239,0.2265,0.3794,0.8133,DROWSY,33,0,Windows,unspecified
22:54:16.002,74.664,0.2114,0.211,0.2112,0.3911,0.82,DROWSY,34,0,Windows,unspecified
22:54:16.033,74.694,0.2149,0.2562,0.2355,0.4044,0.82,DROWSY,35,0,Windows,unspecified
22:54:16.064,74.725,0.1883,0.2108,0.1996,0.3943,0.82,DROWSY,36,0,Windows,unspecified
22:54:16.097,74.758,0.2284,0.2181,0.2232,0.4105,0.82,DROWSY,37,0,Windows,unspecified
22:54:16.132,74.793,0.2513,0.2973,0.2743,0.3983,0.8133,DROWSY,0,0,Windows,unspecified
22:54:16.161,74.822,0.2795,0.2995,0.2895,0.4035,0.8067,DROWSY,0,0,Windows,unspecified
22:54:16.192,74.853,0.2943,0.2362,0.2653,0.396,0.8,DROWSY,0,0,Windows,unspecified
22:54:16.223,74.884,0.2937,0.2325,0.2631,0.3914,0.7933,DROWSY,0,0,Windows,unspecified
22:54:16.257,74.918,0.2568,0.2297,0.2432,0.3915,0.7867,DROWSY,0,0,Windows,unspecified
22:54:16.316,74.978,0.2296,0.2043,0.2169,0.3978,0.7867,DROWSY,1,0,Windows,unspecified
22:54:16.345,75.006,0.2253,0.1667,0.196,0.3978,0.7867,DROWSY,2,0,Windows,unspecified
22:54:16.378,75.039,0.2251,0.1667,0.1959,0.3986,0.7867,DROWSY,3,0,Windows,unspecified
22:54:16.410,75.071,0.2124,0.1877,0.2,0.407,0.7867,DROWSY,4,0,Windows,unspecified
22:54:16.442,75.104,0.2115,0.1859,0.1987,0.4005,0.7867,DROWSY,5,0,Windows,unspecified
22:54:16.471,75.132,0.2115,0.1616,0.1866,0.4092,0.7933,DROWSY,6,0,Windows,unspecified
22:54:16.505,75.166,0.2124,0.1868,0.1996,0.4124,0.8,DROWSY,7,0,Windows,unspecified
22:54:16.534,75.195,0.2298,0.1868,0.2083,0.4153,0.8067,DROWSY,8,0,Windows,unspecified
22:54:16.565,75.226,0.2071,0.1832,0.1951,0.4153,0.8133,DROWSY,9,0,Windows,unspecified
22:54:16.595,75.256,0.2071,0.1877,0.1974,0.4105,0.82,DROWSY,10,0,Windows,unspecified
22:54:16.628,75.289,0.1942,0.1793,0.1867,0.4014,0.8267,DROWSY,11,0,Windows,unspecified
22:54:16.660,75.321,0.194,0.1844,0.1892,0.4054,0.8333,DROWSY,12,0,Windows,unspecified
22:54:16.718,75.379,0.1869,0.1811,0.184,0.4059,0.84,DROWSY,13,0,Windows,unspecified
22:54:16.754,75.415,0.176,0.1582,0.1671,0.4059,0.8467,DROWSY,14,0,Windows,unspecified
22:54:16.784,75.445,0.1936,0.1509,0.1723,0.4094,0.8533,DROWSY,15,0,Windows,unspecified
22:54:16.817,75.478,0.1591,0.1509,0.155,0.4041,0.86,DROWSY,16,0,Windows,unspecified
22:54:16.847,75.509,0.1733,0.185,0.1792,0.4031,0.8667,DROWSY,17,0,Windows,unspecified
22:54:16.878,75.539,0.1733,0.1646,0.169,0.4045,0.8733,DROWSY,18,0,Windows,unspecified
22:54:16.909,75.571,0.1703,0.1646,0.1674,0.4002,0.88,DROWSY,19,0,Windows,unspecified
22:54:16.940,75.601,0.1703,0.1816,0.176,0.4058,0.8867,DROWSY,20,0,Windows,unspecified
22:54:16.973,75.634,0.1883,0.1646,0.1765,0.4002,0.8933,DROWSY,21,0,Windows,unspecified
22:54:17.005,75.666,0.1703,0.1816,0.176,0.4017,0.9,DROWSY,22,0,Windows,unspecified
22:54:17.034,75.695,0.1697,0.182,0.1759,0.401,0.9,DROWSY,23,0,Windows,unspecified
22:54:17.066,75.727,0.1707,0.1871,0.1789,0.4031,0.9,DROWSY,24,0,Windows,unspecified
22:54:17.117,75.778,0.1708,0.1534,0.1621,0.3978,0.9,DROWSY,25,0,Windows,unspecified
22:54:17.147,75.808,0.1526,0.1534,0.153,0.4138,0.9,DROWSY,26,0,Windows,unspecified
22:54:17.176,75.837,0.1526,0.1534,0.153,0.4097,0.9,DROWSY,27,0,Windows,unspecified
22:54:17.207,75.868,0.1526,0.1534,0.153,0.3978,0.9,DROWSY,28,0,Windows,unspecified
22:54:17.240,75.901,0.145,0.1481,0.1465,0.4024,0.9,DROWSY,29,0,Windows,unspecified
22:54:17.272,75.933,0.1624,0.1754,0.1689,0.4051,0.9,DROWSY,30,0,Windows,unspecified
22:54:17.300,75.961,0.1624,0.1757,0.1691,0.3969,0.9,DROWSY,31,0,Windows,unspecified
22:54:17.332,75.993,0.1472,0.1421,0.1446,0.4074,0.9,DROWSY,32,0,Windows,unspecified
22:54:17.363,76.024,0.1421,0.1214,0.1317,0.4083,0.9,DROWSY,33,0,Windows,unspecified
22:54:17.395,76.056,0.1422,0.1227,0.1325,0.4061,0.9067,DROWSY,34,0,Windows,unspecified
22:54:17.423,76.084,0.1421,0.1374,0.1397,0.3968,0.9133,DROWSY,35,0,Windows,unspecified
22:54:17.457,76.118,0.109,0.1166,0.1128,0.4078,0.92,DROWSY,36,0,Windows,unspecified
22:54:17.518,76.179,0.1309,0.1288,0.1299,0.4058,0.9267,DROWSY,37,0,Windows,unspecified
22:54:17.551,76.212,0.1329,0.1267,0.1298,0.3905,0.9333,DROWSY,38,0,Windows,unspecified
22:54:17.582,76.243,0.1288,0.1117,0.1202,0.3952,0.9333,DROWSY,39,0,Windows,unspecified
22:54:17.613,76.274,0.1288,0.1244,0.1266,0.4041,0.94,DROWSY,40,0,Windows,unspecified
22:54:17.642,76.303,0.1438,0.1542,0.149,0.3935,0.9467,DROWSY,41,0,Windows,unspecified
22:54:17.675,76.336,0.1379,0.1691,0.1535,0.3919,0.9533,DROWSY,42,0,Windows,unspecified
22:54:17.706,76.367,0.1545,0.1897,0.1721,0.3896,0.96,DROWSY,43,0,Windows,unspecified
22:54:17.737,76.398,0.1397,0.1542,0.147,0.388,0.96,DROWSY,44,0,Windows,unspecified
22:54:17.767,76.428,0.1583,0.1539,0.1561,0.3829,0.96,DROWSY,45,0,Windows,unspecified
22:54:17.799,76.46,0.1545,0.1354,0.145,0.401,0.96,DROWSY,46,0,Windows,unspecified
22:54:17.834,76.495,0.1249,0.1497,0.1373,0.4036,0.96,DROWSY,47,0,Windows,unspecified
22:54:17.865,76.526,0.1263,0.1144,0.1204,0.3987,0.96,DROWSY,48,0,Windows,unspecified
22:54:17.920,76.582,0.093,0.0903,0.0917,0.3964,0.96,DROWSY,49,0,Windows,unspecified
22:54:17.959,76.62,0.1071,0.0906,0.0989,0.3988,0.96,DROWSY,50,0,Windows,unspecified
22:54:17.991,76.653,0.1071,0.0794,0.0932,0.3885,0.96,DROWSY,51,0,Windows,unspecified
22:54:18.022,76.683,0.0759,0.077,0.0764,0.403,0.96,DROWSY,52,0,Windows,unspecified
22:54:18.053,76.714,0.093,0.0623,0.0776,0.4065,0.96,DROWSY,53,0,Windows,unspecified
22:54:18.083,76.744,0.1079,0.107,0.1074,0.4045,0.96,DROWSY,54,0,Windows,unspecified
22:54:18.113,76.774,0.1249,0.1047,0.1148,0.396,0.96,DROWSY,55,0,Windows,unspecified
22:54:18.145,76.806,0.1249,0.0958,0.1104,0.3987,0.96,DROWSY,56,0,Windows,unspecified
22:54:18.178,76.839,0.1249,0.0782,0.1015,0.4074,0.96,DROWSY,57,0,Windows,unspecified
22:54:18.207,76.868,0.0698,0.0757,0.0728,0.4089,0.96,DROWSY,58,0,Windows,unspecified
22:54:18.240,76.901,0.0962,0.0806,0.0884,0.4114,0.96,DROWSY,59,0,Windows,unspecified
22:54:18.272,76.933,0.1374,0.0962,0.1168,0.4067,0.96,DROWSY,60,0,Windows,unspecified
22:54:18.315,76.976,0.1569,0.1112,0.1341,0.4137,0.96,DROWSY,61,0,Windows,unspecified
22:54:18.351,77.012,0.1401,0.1112,0.1256,0.4124,0.96,DROWSY,62,0,Windows,unspecified
22:54:18.381,77.042,0.1401,0.1112,0.1256,0.407,0.96,DROWSY,63,0,Windows,unspecified
22:54:18.410,77.071,0.1272,0.1027,0.115,0.4073,0.96,DROWSY,64,0,Windows,unspecified
22:54:18.442,77.103,0.1206,0.0862,0.1034,0.4147,0.96,DROWSY,65,0,Windows,unspecified
22:54:18.472,77.133,0.11,0.0862,0.0981,0.4274,0.96,DROWSY,66,0,Windows,unspecified
22:54:18.508,77.169,0.0935,0.1027,0.0981,0.417,0.96,DROWSY,67,0,Windows,unspecified
22:54:18.537,77.198,0.1301,0.1034,0.1168,0.409,0.96,DROWSY,68,0,Windows,unspecified
22:54:18.569,77.23,0.1429,0.1256,0.1342,0.3958,0.96,DROWSY,69,0,Windows,unspecified
22:54:18.598,77.259,0.1562,0.1071,0.1316,0.4265,0.96,DROWSY,70,0,Windows,unspecified
22:54:18.631,77.292,0.1326,0.0892,0.1109,0.413,0.96,DROWSY,71,0,Windows,unspecified
22:54:18.662,77.323,0.16,0.1071,0.1336,0.4274,0.96,DROWSY,72,0,Windows,unspecified
22:54:18.717,77.378,0.16,0.1141,0.1371,0.4339,0.96,DROWSY,73,0,Windows,unspecified
22:54:18.740,77.401,0.1585,0.1185,0.1385,0.4241,0.96,DROWSY,74,0,Windows,unspecified
22:54:18.770,77.431,0.1585,0.1185,0.1385,0.4199,0.96,DROWSY,75,0,Windows,unspecified
22:54:18.803,77.464,0.1425,0.1185,0.1305,0.4215,0.96,DROWSY,76,0,Windows,unspecified
22:54:18.835,77.496,0.14,0.1007,0.1203,0.4377,0.96,DROWSY,77,0,Windows,unspecified
22:54:18.866,77.527,0.1667,0.1042,0.1354,0.4212,0.96,DROWSY,78,0,Windows,unspecified
22:54:18.897,77.558,0.1896,0.1091,0.1493,0.4181,0.96,DROWSY,79,0,Windows,unspecified
22:54:18.928,77.589,0.1793,0.1364,0.1578,0.4242,0.96,DROWSY,80,0,Windows,unspecified
22:54:18.960,77.621,0.2005,0.1582,0.1794,0.4263,0.96,DROWSY,81,0,Windows,unspecified
22:54:18.993,77.654,0.1791,0.1582,0.1687,0.4104,0.96,DROWSY,82,0,Windows,unspecified
22:54:19.023,77.684,0.2094,0.1557,0.1825,0.4312,0.96,DROWSY,83,0,Windows,unspecified
22:54:19.054,77.715,0.2094,0.1654,0.1874,0.4276,0.96,DROWSY,84,0,Windows,unspecified
22:54:19.117,77.778,0.1925,0.1694,0.181,0.4222,0.96,DROWSY,85,0,Windows,unspecified
22:54:19.149,77.81,0.2378,0.1934,0.2156,0.4206,0.96,DROWSY,86,0,Windows,unspecified
22:54:19.180,77.841,0.2133,0.2066,0.21,0.4393,0.96,DROWSY,87,0,Windows,unspecified
22:54:19.212,77.873,0.2051,0.1932,0.1992,0.4291,0.96,DROWSY,88,0,Windows,unspecified
22:54:19.242,77.904,0.2021,0.1696,0.1858,0.4156,0.96,DROWSY,89,0,Windows,unspecified
22:54:19.276,77.937,0.2021,0.1506,0.1763,0.4083,0.96,DROWSY,90,0,Windows,unspecified
22:54:19.306,77.967,0.2051,0.1467,0.1759,0.4089,0.96,DROWSY,91,0,Windows,unspecified
22:54:19.338,77.999,0.2294,0.1667,0.198,0.4027,0.96,DROWSY,92,0,Windows,unspecified
22:54:19.371,78.032,0.2537,0.2062,0.2299,0.4194,0.96,DROWSY,93,0,Windows,unspecified
22:54:19.400,78.061,0.2126,0.15,0.1813,0.4021,0.96,DROWSY,94,0,Windows,unspecified
22:54:19.432,78.093,0.2135,0.1748,0.1941,0.4107,0.96,DROWSY,95,0,Windows,unspecified
22:54:19.465,78.126,0.2126,0.2102,0.2114,0.4455,0.96,DROWSY,96,0,Windows,unspecified
22:54:19.517,78.179,0.2253,0.1976,0.2114,0.4341,0.96,DROWSY,97,0,Windows,unspecified
22:54:19.541,78.202,0.2397,0.2103,0.225,0.4233,0.96,DROWSY,98,0,Windows,unspecified
22:54:19.573,78.234,0.2126,0.1712,0.1919,0.4237,0.96,DROWSY,99,0,Windows,unspecified
22:54:19.604,78.265,0.2397,0.1709,0.2053,0.4157,0.96,DROWSY,100,0,Windows,unspecified
22:54:19.635,78.296,0.2388,0.1941,0.2165,0.4181,0.96,DROWSY,101,0,Windows,unspecified
22:54:19.667,78.328,0.2388,0.2135,0.2261,0.4133,0.96,DROWSY,102,0,Windows,unspecified
22:54:19.699,78.36,0.2094,0.2135,0.2114,0.4186,0.96,DROWSY,103,0,Windows,unspecified
22:54:19.727,78.388,0.2253,0.1882,0.2068,0.4348,0.96,DROWSY,104,0,Windows,unspecified
22:54:19.763,78.424,0.2253,0.1872,0.2062,0.4574,0.96,DROWSY,105,0,Windows,unspecified
22:54:19.792,78.453,0.2253,0.1613,0.1933,0.4452,0.96,DROWSY,106,0,Windows,unspecified
22:54:19.823,78.484,0.1986,0.1655,0.1821,0.4378,0.96,DROWSY,107,0,Windows,unspecified
22:54:19.858,78.519,0.2102,0.1662,0.1882,0.4308,0.9667,DROWSY,108,0,Windows,unspecified
22:54:19.915,78.577,0.2243,0.1709,0.1976,0.4202,0.9667,DROWSY,109,0,Windows,unspecified
22:54:19.946,78.608,0.2219,0.1976,0.2097,0.4155,0.9667,DROWSY,110,0,Windows,unspecified
22:54:19.981,78.642,0.2102,0.2253,0.2178,0.4216,0.9667,DROWSY,111,0,Windows,unspecified
22:54:20.016,78.677,0.253,0.2253,0.2392,0.4172,0.96,DROWSY,0,0,Windows,unspecified
22:54:20.044,78.705,0.2253,0.1986,0.212,0.4101,0.96,DROWSY,1,0,Windows,unspecified
22:54:20.076,78.737,0.2253,0.1882,0.2068,0.4065,0.96,DROWSY,2,0,Windows,unspecified
22:54:20.107,78.768,0.2135,0.1882,0.2008,0.4147,0.96,DROWSY,3,0,Windows,unspecified
22:54:20.137,78.798,0.2102,0.1712,0.1907,0.4231,0.96,DROWSY,4,0,Windows,unspecified
22:54:20.166,78.827,0.253,0.1976,0.2253,0.4299,0.96,DROWSY,5,0,Windows,unspecified
22:54:20.198,78.859,0.2102,0.2135,0.2119,0.4245,0.96,DROWSY,6,0,Windows,unspecified
22:54:20.231,78.892,0.2219,0.1882,0.2051,0.4245,0.96,DROWSY,7,0,Windows,unspecified
22:54:20.262,78.923,0.253,0.1882,0.2206,0.4342,0.96,DROWSY,8,0,Windows,unspecified
22:54:20.321,78.982,0.2135,0.2135,0.2135,0.4576,0.96,DROWSY,9,0,Windows,unspecified
22:54:20.355,79.016,0.2138,0.2135,0.2136,0.443,0.96,DROWSY,10,0,Windows,unspecified
22:54:20.388,79.049,0.2135,0.2135,0.2135,0.443,0.96,DROWSY,11,0,Windows,unspecified
22:54:20.416,79.077,0.1917,0.175,0.1834,0.4275,0.96,DROWSY,12,0,Windows,unspecified
22:54:20.449,79.11,0.2102,0.1498,0.18,0.4399,0.96,DROWSY,13,0,Windows,unspecified
22:54:20.478,79.139,0.2105,0.1779,0.1942,0.4049,0.96,DROWSY,14,0,Windows,unspecified
22:54:20.511,79.172,0.2105,0.1498,0.1802,0.4192,0.96,DROWSY,15,0,Windows,unspecified
22:54:20.543,79.204,0.15,0.1247,0.1373,0.4146,0.96,DROWSY,16,0,Windows,unspecified
22:54:20.573,79.234,0.1819,0.1009,0.1414,0.4127,0.96,DROWSY,17,0,Windows,unspecified
22:54:20.604,79.265,0.1735,0.1467,0.1601,0.4334,0.96,DROWSY,18,0,Windows,unspecified
22:54:20.635,79.296,0.1846,0.1245,0.1546,0.438,0.96,DROWSY,19,0,Windows,unspecified
22:54:20.667,79.328,0.1582,0.1172,0.1377,0.3937,0.96,DROWSY,20,0,Windows,unspecified
22:54:20.718,79.379,0.14,0.1047,0.1224,0.4191,0.96,DROWSY,21,0,Windows,unspecified
22:54:20.745,79.406,0.1185,0.0894,0.104,0.4266,0.96,DROWSY,22,0,Windows,unspecified
22:54:20.777,79.438,0.1185,0.0847,0.1016,0.4155,0.96,DROWSY,23,0,Windows,unspecified
22:54:20.808,79.469,0.1318,0.0999,0.1159,0.4045,0.96,DROWSY,24,0,Windows,unspecified
22:54:20.837,79.498,0.1301,0.1,0.115,0.423,0.96,DROWSY,25,0,Windows,unspecified
22:54:20.868,79.529,0.1272,0.1256,0.1264,0.3935,0.96,DROWSY,26,0,Windows,unspecified
22:54:20.899,79.56,0.145,0.1421,0.1435,0.3943,0.96,DROWSY,27,0,Windows,unspecified
22:54:20.932,79.593,0.2167,0.2138,0.2152,0.3906,0.96,DROWSY,28,0,Windows,unspecified
22:54:20.963,79.624,0.2343,0.2096,0.222,0.4006,0.96,DROWSY,29,0,Windows,unspecified
22:54:20.998,79.659,0.2681,0.2436,0.2559,0.3927,0.9533,DROWSY,0,0,Windows,unspecified
22:54:21.025,79.686,0.2589,0.2543,0.2566,0.3902,0.9467,DROWSY,0,0,Windows,unspecified
22:54:21.056,79.718,0.2908,0.2698,0.2803,0.3843,0.94,DROWSY,0,0,Windows,unspecified
22:54:21.114,79.775,0.2869,0.2635,0.2752,0.3953,0.9333,DROWSY,0,0,Windows,unspecified
22:54:21.150,79.811,0.2747,0.2687,0.2717,0.3956,0.9333,DROWSY,0,0,Windows,unspecified
22:54:21.181,79.842,0.286,0.2687,0.2773,0.3989,0.9333,DROWSY,0,0,Windows,unspecified
22:54:21.213,79.874,0.3216,0.3167,0.3191,0.3937,0.9333,DROWSY,0,0,Windows,unspecified
22:54:21.243,79.904,0.3392,0.3452,0.3422,0.3944,0.9333,DROWSY,0,0,Windows,unspecified
22:54:21.275,79.936,0.3971,0.3912,0.3941,0.4093,0.9333,DROWSY,0,0,Windows,unspecified
22:54:21.306,79.967,0.3971,0.3885,0.3928,0.4042,0.9267,DROWSY,0,0,Windows,unspecified
22:54:21.338,80.0,0.428,0.4051,0.4166,0.4068,0.92,DROWSY,0,0,Windows,unspecified
22:54:21.367,80.028,0.4,0.3824,0.3912,0.3975,0.9133,DROWSY,0,0,Windows,unspecified
22:54:21.399,80.06,0.3966,0.3713,0.3839,0.3851,0.9067,DROWSY,0,0,Windows,unspecified
22:54:21.433,80.094,0.3788,0.3693,0.374,0.3827,0.9,DROWSY,0,0,Windows,unspecified
22:54:21.463,80.125,0.311,0.2836,0.2973,0.3814,0.8933,DROWSY,0,0,Windows,unspecified
22:54:21.517,80.178,0.0588,0.0692,0.064,0.394,0.8933,DROWSY,1,0,Windows,unspecified
22:54:21.543,80.204,0.048,0.0573,0.0527,0.3814,0.8933,DROWSY,2,0,Windows,unspecified
22:54:21.573,80.234,0.0363,0.0588,0.0475,0.3874,0.8933,DROWSY,3,0,Windows,unspecified
22:54:21.605,80.266,0.1131,0.1176,0.1154,0.3923,0.8933,DROWSY,4,0,Windows,unspecified
22:54:21.633,80.295,0.1284,0.1367,0.1326,0.3883,0.8933,DROWSY,5,0,Windows,unspecified
22:54:21.665,80.327,0.2335,0.2353,0.2344,0.3931,0.8933,DROWSY,6,0,Windows,unspecified
22:54:21.696,80.357,0.2353,0.2545,0.2449,0.4018,0.8867,DROWSY,0,0,Windows,unspecified
22:54:21.729,80.39,0.3166,0.288,0.3023,0.3849,0.88,DROWSY,0,0,Windows,unspecified
22:54:21.759,80.42,0.3429,0.3396,0.3412,0.3879,0.8733,DROWSY,0,0,Windows,unspecified
22:54:21.792,80.454,0.3509,0.334,0.3424,0.3899,0.8667,DROWSY,0,0,Windows,unspecified
22:54:21.823,80.484,0.3329,0.3364,0.3347,0.3901,0.86,DROWSY,0,0,Windows,unspecified
22:54:21.855,80.516,0.3569,0.3357,0.3463,0.3892,0.8533,DROWSY,0,0,Windows,unspecified
22:54:21.915,80.576,0.3497,0.3431,0.3464,0.3947,0.8467,DROWSY,0,0,Windows,unspecified
22:54:21.947,80.608,0.3569,0.3451,0.351,0.3849,0.84,DROWSY,0,0,Windows,unspecified
22:54:21.979,80.64,0.3596,0.3357,0.3476,0.3846,0.8333,DROWSY,0,0,Windows,unspecified
22:54:22.008,80.669,0.3596,0.3409,0.3502,0.3892,0.8267,DROWSY,0,0,Windows,unspecified
22:54:22.040,80.701,0.3732,0.3565,0.3649,0.3945,0.82,DROWSY,0,0,Windows,unspecified
22:54:22.072,80.733,0.3745,0.3585,0.3665,0.3976,0.8133,DROWSY,0,0,Windows,unspecified
22:54:22.100,80.761,0.3849,0.3653,0.3751,0.3952,0.8067,DROWSY,0,0,Windows,unspecified
22:54:22.132,80.793,0.4015,0.364,0.3828,0.3911,0.8,DROWSY,0,0,Windows,unspecified
22:54:22.164,80.826,0.3723,0.3626,0.3674,0.3883,0.7933,DROWSY,0,0,Windows,unspecified
22:54:22.195,80.856,0.3542,0.3605,0.3573,0.3874,0.7867,DROWSY,0,0,Windows,unspecified
22:54:22.227,80.888,0.3619,0.3483,0.3551,0.3913,0.78,DROWSY,0,0,Windows,unspecified
22:54:22.258,80.92,0.2037,0.1853,0.1945,0.3982,0.78,DROWSY,1,0,Windows,unspecified
22:54:22.315,80.976,0.1007,0.0919,0.0963,0.3917,0.78,DROWSY,2,0,Windows,unspecified
22:54:22.352,81.013,0.1008,0.1039,0.1024,0.3981,0.78,DROWSY,3,0,Windows,unspecified
22:54:22.382,81.043,0.1008,0.1022,0.1015,0.3929,0.78,DROWSY,4,0,Windows,unspecified
22:54:22.414,81.075,0.221,0.1866,0.2038,0.3852,0.78,DROWSY,5,0,Windows,unspecified
22:54:22.443,81.104,0.2382,0.2023,0.2203,0.3883,0.78,DROWSY,6,0,Windows,unspecified
22:54:22.477,81.138,0.2839,0.2809,0.2824,0.3865,0.7733,DROWSY,0,0,Windows,unspecified
22:54:22.507,81.168,0.2894,0.2603,0.2748,0.394,0.7667,DROWSY,0,0,Windows,unspecified
22:54:22.540,81.201,0.318,0.3117,0.3148,0.3956,0.76,DROWSY,0,0,Windows,unspecified
22:54:22.570,81.231,0.3149,0.3117,0.3133,0.3935,0.7533,DROWSY,0,0,Windows,unspecified
22:54:22.601,81.262,0.3533,0.3046,0.329,0.398,0.7467,DROWSY,0,0,Windows,unspecified
22:54:22.631,81.292,0.3748,0.3301,0.3525,0.3931,0.74,DROWSY,0,0,Windows,unspecified
22:54:22.662,81.323,0.3851,0.3004,0.3428,0.4088,0.7333,DROWSY,0,0,Windows,unspecified
22:54:22.719,81.38,0.3994,0.2868,0.3431,0.4163,0.7267,DROWSY,0,0,Windows,unspecified
22:54:22.756,81.417,0.3962,0.3059,0.351,0.4161,0.72,DROWSY,0,0,Windows,unspecified
22:54:22.790,81.452,0.3861,0.3125,0.3493,0.4208,0.7133,DROWSY,0,0,Windows,unspecified
22:54:22.820,81.482,0.4194,0.2956,0.3575,0.4291,0.7067,DROWSY,0,0,Windows,unspecified
22:54:22.853,81.514,0.4194,0.3022,0.3608,0.4286,0.7,DROWSY,0,0,Windows,unspecified
22:54:22.883,81.544,0.4308,0.2992,0.365,0.451,0.6933,DROWSY,0,0,Windows,unspecified
22:54:22.915,81.576,0.4202,0.306,0.3631,0.4531,0.6867,DROWSY,0,0,Windows,unspecified
22:54:22.947,81.608,0.4198,0.3096,0.3647,0.4653,0.68,DROWSY,0,0,Windows,unspecified
22:54:22.980,81.641,0.4202,0.3165,0.3683,0.4677,0.6733,DROWSY,0,0,Windows,unspecified
22:54:23.008,81.669,0.4229,0.3314,0.3772,0.4446,0.6667,DROWSY,0,0,Windows,unspecified
22:54:23.038,81.699,0.413,0.3314,0.3722,0.4375,0.66,DROWSY,0,0,Windows,unspecified
22:54:23.071,81.732,0.4078,0.3411,0.3745,0.4238,0.6533,DROWSY,0,0,Windows,unspecified
22:54:23.115,81.777,0.3485,0.3436,0.346,0.3969,0.6467,DROWSY,0,0,Windows,unspecified
22:54:23.147,81.808,0.3406,0.3325,0.3365,0.3961,0.64,DROWSY,0,0,Windows,unspecified
22:54:23.179,81.84,0.3613,0.3174,0.3394,0.4028,0.6333,DROWSY,0,0,Windows,unspecified
22:54:23.210,81.871,0.2898,0.2831,0.2864,0.3749,0.6267,DROWSY,0,0,Windows,unspecified
22:54:23.242,81.903,0.2998,0.2599,0.2799,0.3814,0.62,DROWSY,0,0,Windows,unspecified
22:54:23.273,81.934,0.2711,0.2567,0.2639,0.3494,0.6133,DROWSY,0,0,Windows,unspecified
22:54:23.305,81.966,0.2672,0.2446,0.2559,0.3534,0.6067,DROWSY,0,0,Windows,unspecified
22:54:23.335,81.997,0.2185,0.2394,0.2289,0.3554,0.6067,DROWSY,1,0,Windows,unspecified
22:54:23.367,82.028,0.2197,0.2296,0.2246,0.3579,0.6067,DROWSY,2,0,Windows,unspecified
22:54:23.399,82.061,0.1984,0.2782,0.2383,0.3684,0.6067,DROWSY,3,0,Windows,unspecified
22:54:23.429,82.09,0.2065,0.285,0.2457,0.3653,0.6,DROWSY,0,0,Windows,unspecified
22:54:23.460,82.121,0.233,0.4164,0.3247,0.3899,0.5933,DROWSY,0,0,Windows,unspecified
22:54:23.515,82.176,0.3175,0.4798,0.3986,0.4084,0.5867,DROWSY,0,0,Windows,unspecified
22:54:23.554,82.215,0.3236,0.4821,0.4028,0.3981,0.58,DROWSY,0,0,Windows,unspecified
22:54:23.584,82.245,0.3475,0.5035,0.4255,0.4006,0.5733,DROWSY,0,0,Windows,unspecified
22:54:23.616,82.277,0.3368,0.4704,0.4036,0.396,0.5667,DROWSY,0,0,Windows,unspecified
22:54:23.647,82.308,0.3475,0.4876,0.4176,0.3966,0.56,DROWSY,0,0,Windows,unspecified
22:54:23.679,82.34,0.3335,0.4733,0.4034,0.4036,0.5533,DROWSY,0,0,Windows,unspecified
22:54:23.711,82.372,0.3331,0.4895,0.4113,0.376,0.5467,DROWSY,0,0,Windows,unspecified
22:54:23.742,82.403,0.1948,0.2276,0.2112,0.3729,0.5467,DROWSY,1,0,Windows,unspecified
22:54:23.771,82.432,0.1644,0.2194,0.1919,0.3855,0.5467,DROWSY,2,0,Windows,unspecified
22:54:23.805,82.466,0.0566,0.1041,0.0803,0.3726,0.5467,DROWSY,3,0,Windows,unspecified
22:54:23.837,82.498,0.0347,0.0883,0.0615,0.3766,0.5467,DROWSY,4,0,Windows,unspecified
22:54:23.868,82.529,0.0273,0.0456,0.0365,0.3644,0.5467,DROWSY,5,0,Windows,unspecified
22:54:23.917,82.578,0.0518,0.1091,0.0804,0.3855,0.5467,DROWSY,6,0,Windows,unspecified
22:54:23.945,82.606,0.0518,0.0974,0.0746,0.3863,0.5467,DROWSY,7,0,Windows,unspecified
22:54:23.977,82.639,0.049,0.1002,0.0746,0.38,0.5467,DROWSY,8,0,Windows,unspecified
22:54:24.008,82.669,0.0502,0.0995,0.0748,0.3691,0.5467,DROWSY,9,0,Windows,unspecified
22:54:24.041,82.702,0.075,0.0881,0.0815,0.3647,0.5467,DROWSY,10,0,Windows,unspecified
22:54:24.073,82.734,0.0385,0.0793,0.0589,0.3813,0.5467,DROWSY,11,0,Windows,unspecified
22:54:24.104,82.765,0.0406,0.0693,0.055,0.3706,0.5467,DROWSY,12,0,Windows,unspecified
22:54:24.137,82.798,0.0329,0.0552,0.044,0.3817,0.5467,DROWSY,13,0,Windows,unspecified
22:54:24.167,82.828,0.0385,0.0842,0.0613,0.367,0.5467,DROWSY,14,0,Windows,unspecified
22:54:24.198,82.859,0.0406,0.0682,0.0544,0.367,0.5467,DROWSY,15,0,Windows,unspecified
22:54:24.229,82.89,0.0434,0.084,0.0637,0.3724,0.5467,DROWSY,16,0,Windows,unspecified
22:54:24.261,82.922,0.0395,0.0718,0.0556,0.3773,0.5467,DROWSY,17,0,Windows,unspecified
22:54:24.317,82.978,0.0559,0.0984,0.0771,0.373,0.5467,DROWSY,18,0,Windows,unspecified
22:54:24.339,83.0,0.0573,0.0932,0.0753,0.3716,0.5467,DROWSY,19,0,Windows,unspecified
22:54:24.372,83.033,0.0559,0.0696,0.0627,0.3626,0.5467,DROWSY,20,0,Windows,unspecified
22:54:24.403,83.064,0.0559,0.1033,0.0796,0.3735,0.5467,DROWSY,21,0,Windows,unspecified
22:54:24.436,83.097,0.0573,0.0895,0.0734,0.3642,0.5467,DROWSY,22,0,Windows,unspecified
22:54:24.464,83.125,0.0559,0.0894,0.0727,0.3615,0.5467,DROWSY,23,0,Windows,unspecified
22:54:24.495,83.156,0.053,0.0865,0.0697,0.3577,0.5467,DROWSY,24,0,Windows,unspecified
22:54:24.529,83.19,0.0543,0.1187,0.0865,0.3572,0.5467,DROWSY,25,0,Windows,unspecified
22:54:24.555,83.217,0.0811,0.1091,0.0951,0.3667,0.5467,DROWSY,26,0,Windows,unspecified
22:54:24.588,83.249,0.0573,0.1304,0.0939,0.3537,0.5467,DROWSY,27,0,Windows,unspecified
22:54:24.620,83.281,0.0811,0.1411,0.1111,0.3589,0.5467,DROWSY,28,0,Windows,unspecified
22:54:24.658,83.319,0.0832,0.146,0.1146,0.3672,0.5467,DROWSY,29,0,Windows,unspecified
22:54:24.715,83.376,0.1085,0.146,0.1272,0.3576,0.5467,DROWSY,30,0,Windows,unspecified
22:54:24.746,83.407,0.1085,0.146,0.1272,0.3558,0.5467,DROWSY,31,0,Windows,unspecified
22:54:24.776,83.437,0.0959,0.146,0.1209,0.3511,0.5467,DROWSY,32,0,Windows,unspecified
22:54:24.806,83.468,0.0958,0.1288,0.1123,0.358,0.5467,DROWSY,33,0,Windows,unspecified
22:54:24.836,83.497,0.0958,0.1366,0.1162,0.3576,0.5467,DROWSY,34,0,Windows,unspecified
22:54:24.869,83.53,0.0588,0.1288,0.0938,0.3571,0.5467,DROWSY,35,0,Windows,unspecified
22:54:24.897,83.559,0.0854,0.1118,0.0986,0.3657,0.5467,DROWSY,36,0,Windows,unspecified
22:54:24.930,83.591,0.071,0.1288,0.0999,0.3616,0.5467,DROWSY,37,0,Windows,unspecified
22:54:24.963,83.624,0.0832,0.1342,0.1087,0.356,0.5467,DROWSY,38,0,Windows,unspecified
22:54:24.994,83.655,0.081,0.1624,0.1217,0.3595,0.5533,DROWSY,39,0,Windows,unspecified
22:54:25.025,83.686,0.0811,0.1304,0.1057,0.349,0.5533,DROWSY,40,0,Windows,unspecified
22:54:25.056,83.717,0.0984,0.139,0.1187,0.3619,0.5533,DROWSY,41,0,Windows,unspecified
22:54:25.116,83.778,0.0984,0.1416,0.12,0.3605,0.5533,DROWSY,42,0,Windows,unspecified
22:54:25.150,83.811,0.0854,0.1471,0.1163,0.3695,0.5533,DROWSY,43,0,Windows,unspecified
22:54:25.183,83.844,0.0854,0.1629,0.1242,0.3616,0.5533,DROWSY,44,0,Windows,unspecified
22:54:25.213,83.874,0.0855,0.1806,0.133,0.3524,0.5533,DROWSY,45,0,Windows,unspecified
22:54:25.245,83.906,0.0855,0.1806,0.133,0.354,0.5533,DROWSY,46,0,Windows,unspecified
22:54:25.275,83.936,0.094,0.1428,0.1184,0.3531,0.5533,DROWSY,47,0,Windows,unspecified
22:54:25.303,83.964,0.0789,0.1359,0.1074,0.3635,0.5533,DROWSY,48,0,Windows,unspecified
22:54:25.337,83.998,0.0621,0.1033,0.0827,0.3615,0.5533,DROWSY,49,0,Windows,unspecified
22:54:25.368,84.029,0.0621,0.1059,0.084,0.3537,0.5533,DROWSY,50,0,Windows,unspecified
22:54:25.401,84.062,0.0832,0.1196,0.1014,0.3576,0.5533,DROWSY,51,0,Windows,unspecified
22:54:25.434,84.095,0.0894,0.1366,0.113,0.3667,0.5533,DROWSY,52,0,Windows,unspecified
22:54:25.462,84.123,0.0869,0.1229,0.1049,0.3674,0.5533,DROWSY,53,0,Windows,unspecified
22:54:25.516,84.177,0.0789,0.0998,0.0894,0.3628,0.5533,DROWSY,54,0,Windows,unspecified
22:54:25.542,84.203,0.0915,0.1023,0.0969,0.3633,0.5533,DROWSY,55,0,Windows,unspecified
22:54:25.572,84.233,0.0809,0.099,0.0899,0.3633,0.5533,DROWSY,56,0,Windows,unspecified
22:54:25.603,84.264,0.0621,0.0892,0.0756,0.3753,0.5533,DROWSY,57,0,Windows,unspecified
22:54:25.637,84.298,0.0621,0.1023,0.0822,0.3702,0.5533,DROWSY,58,0,Windows,unspecified
22:54:25.668,84.329,0.0683,0.0715,0.0699,0.3731,0.5533,DROWSY,59,0,Windows,unspecified
22:54:25.701,84.362,0.0604,0.0905,0.0755,0.373,0.5533,DROWSY,60,0,Windows,unspecified
22:54:25.732,84.393,0.0683,0.079,0.0737,0.3721,0.5533,DROWSY,61,0,Windows,unspecified
22:54:25.762,84.423,0.0603,0.0906,0.0755,0.3758,0.5533,DROWSY,62,0,Windows,unspecified
22:54:25.794,84.455,0.0727,0.1222,0.0974,0.3712,0.5533,DROWSY,63,0,Windows,unspecified
22:54:25.829,84.49,0.0602,0.1537,0.107,0.3643,0.5533,DROWSY,64,0,Windows,unspecified
22:54:25.857,84.518,0.0602,0.1205,0.0904,0.3733,0.5533,DROWSY,65,0,Windows,unspecified
22:54:25.932,84.593,0.0637,0.1133,0.0885,0.3704,0.5533,DROWSY,66,0,Windows,unspecified
22:54:25.966,84.627,0.0749,0.1219,0.0984,0.359,0.5533,DROWSY,67,0,Windows,unspecified
22:54:25.996,84.657,0.0808,0.1353,0.108,0.3731,0.5533,DROWSY,68,0,Windows,unspecified
22:54:26.029,84.69,0.0619,0.1283,0.0951,0.3845,0.56,DROWSY,69,0,Windows,unspecified
22:54:26.059,84.72,0.067,0.1169,0.0919,0.377,0.5667,DROWSY,70,0,Windows,unspecified
22:54:26.088,84.749,0.0473,0.1205,0.0839,0.3789,0.5733,DROWSY,71,0,Windows,unspecified
22:54:26.120,84.781,0.0473,0.0986,0.073,0.3748,0.58,DROWSY,72,0,Windows,unspecified
22:54:26.151,84.812,0.0605,0.1053,0.0829,0.3803,0.5867,DROWSY,73,0,Windows,unspecified
22:54:26.182,84.843,0.062,0.0954,0.0787,0.3777,0.5933,DROWSY,74,0,Windows,unspecified
22:54:26.214,84.875,0.0404,0.0569,0.0487,0.3717,0.6,DROWSY,75,0,Windows,unspecified
22:54:26.245,84.906,0.0639,0.084,0.0739,0.3791,0.6067,DROWSY,76,0,Windows,unspecified
22:54:26.273,84.934,0.0639,0.0714,0.0676,0.3709,0.6133,DROWSY,77,0,Windows,unspecified
22:54:26.333,84.994,0.0623,0.0767,0.0695,0.3586,0.62,DROWSY,78,0,Windows,unspecified
22:54:26.371,85.032,0.0623,0.0626,0.0624,0.3744,0.6267,DROWSY,79,0,Windows,unspecified
22:54:26.404,85.065,0.0605,0.0794,0.0699,0.3699,0.6333,DROWSY,80,0,Windows,unspecified
22:54:26.435,85.096,0.0658,0.1129,0.0893,0.3748,0.64,DROWSY,81,0,Windows,unspecified
22:54:26.454,85.115,0.049,0.0959,0.0724,0.3662,0.6467,DROWSY,82,0,Windows,unspecified
22:54:26.480,85.141,0.0355,0.0959,0.0657,0.3687,0.6533,DROWSY,83,0,Windows,unspecified
22:54:26.511,85.172,0.0537,0.0959,0.0748,0.3597,0.6533,DROWSY,84,0,Windows,unspecified
22:54:26.542,85.203,0.0623,0.1335,0.0979,0.3627,0.6533,DROWSY,85,0,Windows,unspecified
22:54:26.573,85.234,0.0537,0.1335,0.0936,0.3708,0.6533,DROWSY,86,0,Windows,unspecified
22:54:26.595,85.256,0.0537,0.1288,0.0912,0.3674,0.6533,DROWSY,87,0,Windows,unspecified
22:54:26.623,85.284,0.0623,0.1335,0.0979,0.3645,0.6533,DROWSY,88,0,Windows,unspecified
22:54:26.655,85.316,0.093,0.1753,0.1341,0.3547,0.6533,DROWSY,89,0,Windows,unspecified
22:54:26.732,85.393,0.077,0.1743,0.1256,0.372,0.66,DROWSY,90,0,Windows,unspecified
22:54:26.762,85.424,0.093,0.1385,0.1157,0.37,0.6667,DROWSY,91,0,Windows,unspecified
22:54:26.795,85.456,0.0658,0.1634,0.1146,0.369,0.6733,DROWSY,92,0,Windows,unspecified
22:54:26.823,85.484,0.0859,0.1634,0.1246,0.37,0.68,DROWSY,93,0,Windows,unspecified
22:54:26.855,85.516,0.0946,0.1246,0.1096,0.3709,0.6867,DROWSY,94,0,Windows,unspecified
22:54:26.884,85.545,0.0881,0.1513,0.1197,0.372,0.6933,DROWSY,95,0,Windows,unspecified
22:54:26.916,85.577,0.0745,0.1335,0.104,0.3669,0.7,DROWSY,96,0,Windows,unspecified
22:54:26.946,85.608,0.0881,0.1335,0.1108,0.3711,0.7067,DROWSY,97,0,Windows,unspecified
22:54:26.977,85.638,0.0745,0.0989,0.0867,0.3711,0.7133,DROWSY,98,0,Windows,unspecified
22:54:27.010,85.671,0.0744,0.1137,0.0941,0.3771,0.72,DROWSY,99,0,Windows,unspecified
22:54:27.043,85.704,0.0745,0.1131,0.0938,0.3816,0.7267,DROWSY,100,0,Windows,unspecified
22:54:27.073,85.734,0.0881,0.124,0.106,0.3694,0.7333,DROWSY,101,0,Windows,unspecified
22:54:27.132,85.793,0.0995,0.0823,0.0909,0.3684,0.74,DROWSY,102,0,Windows,unspecified
22:54:27.167,85.828,0.106,0.1059,0.106,0.3622,0.7467,DROWSY,103,0,Windows,unspecified
22:54:27.197,85.858,0.0995,0.1137,0.1066,0.3614,0.7533,DROWSY,104,0,Windows,unspecified
22:54:27.230,85.891,0.0678,0.0959,0.0818,0.3661,0.76,DROWSY,105,0,Windows,unspecified
22:54:27.260,85.921,0.1093,0.1142,0.1117,0.3716,0.7667,DROWSY,106,0,Windows,unspecified
22:54:27.292,85.953,0.0744,0.1196,0.097,0.3595,0.7667,DROWSY,107,0,Windows,unspecified
22:54:27.322,85.983,0.106,0.1275,0.1167,0.3747,0.7667,DROWSY,108,0,Windows,unspecified
22:54:27.354,86.015,0.0995,0.0865,0.093,0.3683,0.7667,DROWSY,109,0,Windows,unspecified
22:54:27.386,86.047,0.0995,0.0626,0.0811,0.3554,0.7667,DROWSY,110,0,Windows,unspecified
22:54:27.416,86.077,0.0745,0.1027,0.0886,0.3749,0.7667,DROWSY,111,0,Windows,unspecified
22:54:27.447,86.108,0.0744,0.0922,0.0833,0.3577,0.7667,DROWSY,112,0,Windows,unspecified
22:54:27.476,86.137,0.0723,0.1103,0.0913,0.3605,0.7733,DROWSY,113,0,Windows,unspecified
22:54:27.534,86.195,0.093,0.138,0.1155,0.3817,0.78,DROWSY,114,0,Windows,unspecified
22:54:27.568,86.229,0.0995,0.1196,0.1095,0.3619,0.7867,DROWSY,115,0,Windows,unspecified
22:54:27.600,86.261,0.0995,0.134,0.1167,0.3619,0.7933,DROWSY,116,0,Windows,unspecified
22:54:27.633,86.294,0.0966,0.134,0.1153,0.371,0.8,DROWSY,117,0,Windows,unspecified
22:54:27.659,86.32,0.0995,0.134,0.1167,0.3729,0.8067,DROWSY,118,0,Windows,unspecified
22:54:27.694,86.355,0.103,0.1122,0.1076,0.3704,0.8133,DROWSY,119,0,Windows,unspecified
22:54:27.724,86.385,0.0639,0.1172,0.0905,0.3557,0.82,DROWSY,120,0,Windows,unspecified
22:54:27.757,86.418,0.1028,0.1297,0.1163,0.3563,0.8267,DROWSY,121,0,Windows,unspecified
22:54:27.789,86.45,0.0808,0.1515,0.1161,0.3659,0.8333,DROWSY,122,0,Windows,unspecified
22:54:27.819,86.48,0.0966,0.1431,0.1199,0.3549,0.84,DROWSY,123,0,Windows,unspecified
22:54:27.853,86.514,0.0807,0.1392,0.11,0.3669,0.8467,DROWSY,124,0,Windows,unspecified
22:54:27.883,86.544,0.0919,0.1122,0.102,0.3587,0.8533,DROWSY,125,0,Windows,unspecified
22:54:27.932,86.593,0.0702,0.1118,0.091,0.3706,0.86,DROWSY,126,0,Windows,unspecified
22:54:27.963,86.624,0.077,0.1351,0.1061,0.3729,0.8667,DROWSY,127,0,Windows,unspecified
22:54:27.995,86.656,0.1119,0.1351,0.1235,0.3729,0.8733,DROWSY,128,0,Windows,unspecified
22:54:28.026,86.687,0.0939,0.1217,0.1078,0.3756,0.88,DROWSY,129,0,Windows,unspecified
22:54:28.059,86.72,0.0702,0.1198,0.095,0.366,0.8867,DROWSY,130,0,Windows,unspecified
22:54:28.092,86.753,0.0903,0.1292,0.1098,0.3756,0.8933,DROWSY,131,0,Windows,unspecified
22:54:28.119,86.781,0.077,0.1394,0.1082,0.3696,0.9,DROWSY,132,0,Windows,unspecified
22:54:28.149,86.81,0.0918,0.1582,0.125,0.3668,0.9067,DROWSY,133,0,Windows,unspecified
22:54:28.182,86.843,0.0919,0.1252,0.1086,0.3673,0.9133,DROWSY,134,0,Windows,unspecified
22:54:28.213,86.874,0.0702,0.1469,0.1085,0.3642,0.92,DROWSY,135,0,Windows,unspecified
22:54:28.246,86.907,0.0722,0.1356,0.1039,0.3658,0.9267,DROWSY,136,0,Windows,unspecified
22:54:28.274,86.935,0.0892,0.1345,0.1119,0.3669,0.9333,DROWSY,137,0,Windows,unspecified
22:54:28.332,86.993,0.0702,0.1215,0.0959,0.3616,0.94,DROWSY,138,0,Windows,unspecified
22:54:28.369,87.03,0.0702,0.118,0.0941,0.3731,0.94,DROWSY,139,0,Windows,unspecified
22:54:28.398,87.06,0.0722,0.1215,0.0969,0.3673,0.94,DROWSY,140,0,Windows,unspecified
22:54:28.431,87.092,0.0763,0.118,0.0972,0.3599,0.94,DROWSY,141,0,Windows,unspecified
22:54:28.462,87.123,0.081,0.1293,0.1051,0.3709,0.9467,DROWSY,142,0,Windows,unspecified
22:54:28.497,87.158,0.081,0.1215,0.1013,0.3798,0.9533,DROWSY,143,0,Windows,unspecified
22:54:28.522,87.183,0.0749,0.1311,0.103,0.3648,0.96,DROWSY,144,0,Windows,unspecified
22:54:28.558,87.219,0.0722,0.1018,0.087,0.3672,0.9667,DROWSY,145,0,Windows,unspecified
22:54:28.588,87.249,0.0702,0.1021,0.0862,0.3672,0.9733,DROWSY,146,0,Windows,unspecified
22:54:28.622,87.283,0.0722,0.115,0.0936,0.3639,0.98,DROWSY,147,0,Windows,unspecified
22:54:28.653,87.314,0.0702,0.1021,0.0862,0.3632,0.9867,DROWSY,148,0,Windows,unspecified
22:54:28.685,87.346,0.0916,0.0991,0.0954,0.362,0.9933,DROWSY,149,0,Windows,unspecified
22:54:28.734,87.395,0.0963,0.1026,0.0995,0.3636,1.0,DROWSY,150,0,Windows,unspecified
22:54:28.764,87.425,0.085,0.115,0.1,0.3623,1.0,DROWSY,151,0,Windows,unspecified
22:54:28.793,87.455,0.107,0.0943,0.1006,0.3659,1.0,DROWSY,152,0,Windows,unspecified
22:54:28.826,87.487,0.0827,0.115,0.0988,0.3643,1.0,DROWSY,153,0,Windows,unspecified
22:54:28.857,87.518,0.0963,0.1191,0.1077,0.3722,1.0,DROWSY,154,0,Windows,unspecified
22:54:28.890,87.551,0.1187,0.115,0.1169,0.3805,1.0,DROWSY,155,0,Windows,unspecified
22:54:28.921,87.582,0.0961,0.1102,0.1031,0.3805,1.0,DROWSY,156,0,Windows,unspecified
22:54:28.952,87.613,0.1332,0.1348,0.134,0.366,1.0,DROWSY,157,0,Windows,unspecified
22:54:28.987,87.648,0.1067,0.1348,0.1208,0.3665,1.0,DROWSY,158,0,Windows,unspecified
22:54:29.015,87.676,0.1273,0.1152,0.1212,0.3752,1.0,DROWSY,159,0,Windows,unspecified
22:54:29.048,87.709,0.1053,0.1183,0.1118,0.3658,1.0,DROWSY,160,0,Windows,unspecified
22:54:29.078,87.739,0.1097,0.1152,0.1125,0.3787,1.0,DROWSY,161,0,Windows,unspecified
22:54:29.111,87.772,0.1097,0.1186,0.1141,0.38,1.0,DROWSY,162,0,Windows,unspecified
22:54:29.142,87.803,0.1571,0.1525,0.1548,0.3851,1.0,DROWSY,163,0,Windows,unspecified
22:54:29.172,87.833,0.1531,0.1313,0.1422,0.3842,1.0,DROWSY,164,0,Windows,unspecified
22:54:29.204,87.865,0.1306,0.1223,0.1265,0.3814,1.0,DROWSY,165,0,Windows,unspecified
22:54:29.235,87.897,0.1259,0.1447,0.1353,0.3794,1.0,DROWSY,166,0,Windows,unspecified
22:54:29.267,87.928,0.1573,0.1466,0.152,0.3841,1.0,DROWSY,167,0,Windows,unspecified
22:54:29.299,87.961,0.1573,0.1578,0.1575,0.3838,1.0,DROWSY,168,0,Windows,unspecified
22:54:29.329,87.99,0.1638,0.1362,0.15,0.3949,1.0,DROWSY,169,0,Windows,unspecified
22:54:29.358,88.019,0.1531,0.1223,0.1377,0.3992,1.0,DROWSY,170,0,Windows,unspecified
22:54:29.390,88.052,0.1638,0.1223,0.1431,0.4029,1.0,DROWSY,171,0,Windows,unspecified
22:54:29.423,88.084,0.1531,0.131,0.1421,0.4018,1.0,DROWSY,172,0,Windows,unspecified
22:54:29.457,88.118,0.1596,0.1223,0.141,0.4068,1.0,DROWSY,173,0,Windows,unspecified
22:54:29.484,88.145,0.1529,0.1089,0.1309,0.4085,1.0,DROWSY,174,0,Windows,unspecified
22:54:29.535,88.196,0.1638,0.1152,0.1395,0.404,1.0,DROWSY,175,0,Windows,unspecified
22:54:29.562,88.223,0.1638,0.1226,0.1432,0.404,1.0,DROWSY,176,0,Windows,unspecified
22:54:29.601,88.262,0.1531,0.1265,0.1398,0.404,1.0,DROWSY,177,0,Windows,unspecified
22:54:29.625,88.286,0.1531,0.1265,0.1398,0.4001,1.0,DROWSY,178,0,Windows,unspecified
22:54:29.664,88.325,0.1358,0.112,0.1239,0.4092,1.0,DROWSY,179,0,Windows,unspecified
22:54:29.687,88.348,0.1399,0.112,0.126,0.4029,1.0,DROWSY,180,0,Windows,unspecified
22:54:29.732,88.393,0.1332,0.1089,0.1211,0.4018,1.0,DROWSY,181,0,Windows,unspecified
22:54:29.769,88.43,0.1269,0.1132,0.1201,0.4113,1.0,DROWSY,182,0,Windows,unspecified
22:54:29.796,88.458,0.1399,0.1089,0.1244,0.4058,1.0,DROWSY,183,0,Windows,unspecified
22:54:29.831,88.492,0.144,0.1089,0.1264,0.3973,1.0,DROWSY,184,0,Windows,unspecified
22:54:29.862,88.523,0.1638,0.1226,0.1432,0.3878,1.0,DROWSY,185,0,Windows,unspecified
22:54:29.891,88.552,0.171,0.1403,0.1557,0.3879,1.0,DROWSY,186,0,Windows,unspecified
22:54:29.933,88.594,0.1525,0.1273,0.1399,0.3879,1.0,DROWSY,187,0,Windows,unspecified
22:54:29.957,88.618,0.1525,0.1403,0.1464,0.392,1.0,DROWSY,188,0,Windows,unspecified
22:54:29.999,88.66,0.1669,0.1478,0.1573,0.397,1.0,DROWSY,189,0,Windows,unspecified
22:54:30.034,88.695,0.1952,0.1478,0.1715,0.3907,1.0,DROWSY,190,0,Windows,unspecified
22:54:30.065,88.726,0.1754,0.1578,0.1666,0.3987,1.0,DROWSY,191,0,Windows,unspecified
22:54:30.095,88.756,0.177,0.1536,0.1653,0.3967,1.0,DROWSY,192,0,Windows,unspecified
22:54:30.125,88.786,0.1916,0.1581,0.1749,0.3995,1.0,DROWSY,193,0,Windows,unspecified
22:54:30.159,88.82,0.1859,0.1629,0.1744,0.3995,1.0,DROWSY,194,0,Windows,unspecified
22:54:30.195,88.856,0.1895,0.1581,0.1738,0.4016,1.0,DROWSY,195,0,Windows,unspecified
22:54:30.222,88.883,0.1895,0.1581,0.1738,0.4148,1.0,DROWSY,196,0,Windows,unspecified
22:54:30.256,88.917,0.1895,0.1581,0.1738,0.4123,1.0,DROWSY,197,0,Windows,unspecified
22:54:30.284,88.945,0.1895,0.1581,0.1738,0.4084,1.0,DROWSY,198,0,Windows,unspecified
22:54:30.334,88.995,0.2038,0.1578,0.1808,0.4084,1.0,DROWSY,199,0,Windows,unspecified
22:54:30.363,89.024,0.2028,0.1578,0.1803,0.4128,1.0,DROWSY,200,0,Windows,unspecified
22:54:30.397,89.058,0.2096,0.1601,0.1848,0.4077,1.0,DROWSY,201,0,Windows,unspecified
22:54:30.425,89.086,0.2064,0.1625,0.1845,0.4002,1.0,DROWSY,202,0,Windows,unspecified
22:54:30.460,89.121,0.1979,0.1581,0.178,0.4008,1.0,DROWSY,203,0,Windows,unspecified
22:54:30.488,89.149,0.2035,0.1447,0.1741,0.4051,1.0,DROWSY,204,0,Windows,unspecified
22:54:30.527,89.189,0.1789,0.1129,0.1459,0.3932,1.0,DROWSY,205,0,Windows,unspecified
22:54:30.551,89.212,0.1809,0.0963,0.1386,0.3869,1.0,DROWSY,206,0,Windows,unspecified
22:54:30.594,89.255,0.1067,0.0518,0.0792,0.3771,1.0,DROWSY,207,0,Windows,unspecified
22:54:30.631,89.292,0.081,0.0502,0.0656,0.384,1.0,DROWSY,208,0,Windows,unspecified
22:54:30.657,89.318,0.0393,0.0666,0.0529,0.3839,1.0,DROWSY,209,0,Windows,unspecified
22:54:30.691,89.352,0.0639,0.0875,0.0757,0.3854,1.0,DROWSY,210,0,Windows,unspecified
22:54:30.736,89.397,0.0657,0.1106,0.0882,0.3949,1.0,DROWSY,211,0,Windows,unspecified
22:54:30.766,89.427,0.0833,0.1174,0.1004,0.3981,1.0,DROWSY,212,0,Windows,unspecified
22:54:30.801,89.462,0.0928,0.1342,0.1135,0.3855,1.0,DROWSY,213,0,Windows,unspecified
22:54:30.829,89.49,0.1037,0.15,0.1268,0.3924,1.0,DROWSY,214,0,Windows,unspecified
22:54:30.865,89.526,0.1037,0.1516,0.1277,0.4132,1.0,DROWSY,215,0,Windows,unspecified
22:54:30.893,89.554,0.1087,0.1575,0.1331,0.3864,1.0,DROWSY,216,0,Windows,unspecified
22:54:30.927,89.588,0.1213,0.19,0.1556,0.4028,1.0,DROWSY,217,0,Windows,unspecified
22:54:30.953,89.614,0.1211,0.1575,0.1393,0.4123,1.0,DROWSY,218,0,Windows,unspecified
22:54:30.991,89.652,0.0928,0.1608,0.1268,0.3954,1.0,DROWSY,219,0,Windows,unspecified
22:54:31.018,89.68,0.107,0.1575,0.1322,0.4008,1.0,DROWSY,220,0,Windows,unspecified
22:54:31.056,89.718,0.1071,0.163,0.1351,0.4148,1.0,DROWSY,221,0,Windows,unspecified
22:54:31.079,89.741,0.1071,0.163,0.1351,0.4121,1.0,DROWSY,222,0,Windows,unspecified
22:54:31.136,89.797,0.1071,0.163,0.1351,0.4187,1.0,DROWSY,223,0,Windows,unspecified
22:54:31.170,89.831,0.0794,0.1598,0.1196,0.4086,1.0,DROWSY,224,0,Windows,unspecified
22:54:31.204,89.865,0.093,0.1679,0.1304,0.3979,1.0,DROWSY,225,0,Windows,unspecified
22:54:31.236,89.897,0.093,0.1469,0.1199,0.4149,1.0,DROWSY,226,0,Windows,unspecified
22:54:31.267,89.928,0.093,0.1294,0.1112,0.4015,1.0,DROWSY,227,0,Windows,unspecified
22:54:31.298,89.959,0.093,0.0962,0.0946,0.413,1.0,DROWSY,228,0,Windows,unspecified
22:54:31.330,89.992,0.0958,0.1138,0.1048,0.4188,1.0,DROWSY,229,0,Windows,unspecified
22:54:31.360,90.022,0.0642,0.0969,0.0805,0.4224,1.0,DROWSY,230,0,Windows,unspecified
22:54:31.389,90.05,0.093,0.114,0.1035,0.415,1.0,DROWSY,231,0,Windows,unspecified
22:54:31.424,90.085,0.093,0.114,0.1035,0.3989,1.0,DROWSY,232,0,Windows,unspecified
22:54:31.454,90.115,0.093,0.1315,0.1123,0.3859,1.0,DROWSY,233,0,Windows,unspecified
22:54:31.487,90.148,0.0906,0.1269,0.1087,0.3856,1.0,DROWSY,234,0,Windows,unspecified
22:54:31.534,90.195,0.0657,0.114,0.0899,0.3893,1.0,DROWSY,235,0,Windows,unspecified
22:54:31.564,90.225,0.0677,0.0934,0.0806,0.3887,1.0,DROWSY,236,0,Windows,unspecified
22:54:31.597,90.258,0.0759,0.1062,0.091,0.383,1.0,DROWSY,237,0,Windows,unspecified
22:54:31.634,90.295,0.0735,0.1255,0.0995,0.3887,1.0,DROWSY,238,0,Windows,unspecified
22:54:31.708,90.369,0.0735,0.1255,0.0995,0.3898,1.0,DROWSY,239,0,Windows,unspecified
22:54:31.762,90.423,0.0882,0.1062,0.0972,0.3835,1.0,DROWSY,240,0,Windows,unspecified
22:54:31.804,90.465,0.0735,0.1054,0.0894,0.3994,1.0,DROWSY,241,0,Windows,unspecified
22:54:31.867,90.528,0.0737,0.1174,0.0956,0.3993,1.0,DROWSY,242,0,Windows,unspecified
22:54:31.916,90.577,0.0605,0.102,0.0812,0.3914,1.0,DROWSY,243,0,Windows,unspecified
22:54:31.966,90.627,0.0605,0.102,0.0812,0.3961,1.0,DROWSY,244,0,Windows,unspecified
22:54:32.028,90.689,0.0639,0.102,0.0829,0.3895,1.0,DROWSY,245,0,Windows,unspecified
22:54:32.061,90.722,0.0748,0.1174,0.0961,0.4019,1.0,DROWSY,246,0,Windows,unspecified
22:54:32.091,90.752,0.0758,0.1054,0.0906,0.4017,1.0,DROWSY,247,0,Windows,unspecified
22:54:32.137,90.798,0.0736,0.1138,0.0937,0.4087,1.0,DROWSY,248,0,Windows,unspecified
22:54:32.198,90.859,0.0449,0.0842,0.0645,0.4033,1.0,DROWSY,249,0,Windows,unspecified
22:54:32.247,90.908,0.0536,0.1055,0.0796,0.4142,1.0,DROWSY,250,0,Windows,unspecified
22:54:32.290,90.951,0.0506,0.0657,0.0581,0.4118,1.0,DROWSY,251,0,Windows,unspecified
22:54:32.338,90.999,0.0722,0.0675,0.0699,0.4144,1.0,DROWSY,252,0,Windows,unspecified
22:54:32.380,91.041,0.077,0.1102,0.0936,0.4019,1.0,DROWSY,253,0,Windows,unspecified
22:54:32.411,91.072,0.0791,0.1102,0.0946,0.4051,1.0,DROWSY,254,0,Windows,unspecified
22:54:32.443,91.104,0.0875,0.1136,0.1006,0.3836,1.0,DROWSY,255,0,Windows,unspecified
22:54:32.473,91.134,0.0963,0.1122,0.1043,0.3963,1.0,DROWSY,256,0,Windows,unspecified
22:54:32.505,91.166,0.1141,0.1226,0.1184,0.3724,1.0,DROWSY,257,0,Windows,unspecified
22:54:32.535,91.196,0.117,0.1405,0.1288,0.3791,1.0,DROWSY,258,0,Windows,unspecified
22:54:32.569,91.23,0.1034,0.1187,0.1111,0.3862,1.0,DROWSY,259,0,Windows,unspecified
22:54:32.603,91.264,0.1037,0.1071,0.1054,0.3807,1.0,DROWSY,260,0,Windows,unspecified
22:54:32.649,91.31,0.1223,0.1396,0.131,0.3791,1.0,DROWSY,261,0,Windows,unspecified
22:54:32.678,91.339,0.1223,0.1396,0.131,0.3763,1.0,DROWSY,262,0,Windows,unspecified
22:54:32.710,91.371,0.1037,0.1302,0.1169,0.3791,1.0,DROWSY,263,0,Windows,unspecified
22:54:32.742,91.403,0.09,0.1407,0.1154,0.3791,1.0,DROWSY,264,0,Windows,unspecified
22:54:32.772,91.433,0.1008,0.1212,0.111,0.3815,1.0,DROWSY,265,0,Windows,unspecified
22:54:32.803,91.464,0.1174,0.1227,0.1201,0.3951,1.0,DROWSY,266,0,Windows,unspecified
22:54:32.834,91.495,0.1174,0.0903,0.1038,0.3934,1.0,DROWSY,267,0,Windows,unspecified
22:54:32.866,91.527,0.1174,0.0966,0.107,0.3986,1.0,DROWSY,268,0,Windows,unspecified
22:54:32.895,91.556,0.1206,0.1104,0.1155,0.3851,1.0,DROWSY,269,0,Windows,unspecified
22:54:32.924,91.585,0.1223,0.1228,0.1226,0.3867,1.0,DROWSY,270,0,Windows,unspecified
22:54:32.959,91.62,0.1223,0.1154,0.1189,0.3984,1.0,DROWSY,271,0,Windows,unspecified
22:54:32.989,91.65,0.1034,0.1104,0.1069,0.3967,1.0,DROWSY,272,0,Windows,unspecified
22:54:33.025,91.686,0.12,0.1228,0.1214,0.4068,1.0,DROWSY,273,0,Windows,unspecified
22:54:33.056,91.717,0.1097,0.103,0.1064,0.4146,1.0,DROWSY,274,0,Windows,unspecified
22:54:33.086,91.747,0.1354,0.1227,0.129,0.4138,1.0,DROWSY,275,0,Windows,unspecified
22:54:33.117,91.778,0.1186,0.1228,0.1207,0.3989,1.0,DROWSY,276,0,Windows,unspecified
22:54:33.149,91.81,0.1204,0.1416,0.131,0.4068,1.0,DROWSY,277,0,Windows,unspecified
22:54:33.180,91.841,0.1293,0.1228,0.126,0.409,1.0,DROWSY,278,0,Windows,unspecified
22:54:33.208,91.869,0.1531,0.0904,0.1217,0.4069,1.0,DROWSY,279,0,Windows,unspecified
22:54:33.239,91.9,0.1347,0.1194,0.127,0.4065,1.0,DROWSY,280,0,Windows,unspecified
22:54:33.273,91.934,0.1531,0.132,0.1426,0.4085,1.0,DROWSY,281,0,Windows,unspecified
22:54:33.300,91.961,0.1494,0.1145,0.132,0.406,1.0,DROWSY,282,0,Windows,unspecified
22:54:33.334,91.996,0.1489,0.1145,0.1317,0.4011,1.0,DROWSY,283,0,Windows,unspecified
22:54:33.367,92.029,0.1687,0.1145,0.1416,0.4157,1.0,DROWSY,284,0,Windows,unspecified
22:54:33.397,92.058,0.1494,0.1145,0.1319,0.4257,1.0,DROWSY,285,0,Windows,unspecified
22:54:33.430,92.091,0.1489,0.1012,0.1251,0.4257,1.0,DROWSY,286,0,Windows,unspecified
22:54:33.462,92.123,0.1586,0.1178,0.1382,0.424,1.0,DROWSY,287,0,Windows,unspecified
22:54:33.491,92.152,0.1414,0.1145,0.128,0.4244,1.0,DROWSY,288,0,Windows,unspecified
22:54:33.533,92.194,0.1586,0.1023,0.1305,0.436,1.0,DROWSY,289,0,Windows,unspecified
22:54:33.553,92.214,0.1556,0.0878,0.1217,0.4363,1.0,DROWSY,290,0,Windows,unspecified
22:54:33.599,92.26,0.1556,0.104,0.1298,0.4394,1.0,DROWSY,291,0,Windows,unspecified
22:54:33.631,92.293,0.1581,0.1011,0.1296,0.4265,1.0,DROWSY,292,0,Windows,unspecified
22:54:33.664,92.325,0.155,0.0989,0.127,0.4458,1.0,DROWSY,293,0,Windows,unspecified
22:54:33.692,92.353,0.1615,0.0878,0.1247,0.436,1.0,DROWSY,294,0,Windows,unspecified
22:54:33.727,92.388,0.1605,0.0621,0.1113,0.4482,1.0,DROWSY,295,0,Windows,unspecified
22:54:33.755,92.417,0.1459,0.0749,0.1104,0.445,1.0,DROWSY,296,0,Windows,unspecified
22:54:33.792,92.453,0.1621,0.0856,0.1238,0.4377,1.0,DROWSY,297,0,Windows,unspecified
22:54:33.819,92.48,0.1299,0.1018,0.1158,0.4609,1.0,DROWSY,298,0,Windows,unspecified
22:54:33.855,92.516,0.1637,0.0856,0.1246,0.4535,1.0,DROWSY,299,0,Windows,unspecified
22:54:33.881,92.542,0.1621,0.0833,0.1227,0.4432,1.0,DROWSY,300,0,Windows,unspecified
22:54:33.936,92.597,0.1605,0.0878,0.1242,0.4409,1.0,DROWSY,301,0,Windows,unspecified
22:54:33.956,92.617,0.1605,0.0878,0.1242,0.4441,1.0,DROWSY,302,0,Windows,unspecified
22:54:34.002,92.663,0.1675,0.1041,0.1358,0.4368,1.0,DROWSY,303,0,Windows,unspecified
22:54:34.035,92.696,0.1652,0.1178,0.1415,0.4582,1.0,DROWSY,304,0,Windows,unspecified
22:54:34.068,92.729,0.1668,0.1017,0.1343,0.4582,1.0,DROWSY,305,0,Windows,unspecified
22:54:34.100,92.761,0.1668,0.1017,0.1343,0.45,1.0,DROWSY,306,0,Windows,unspecified
22:54:34.130,92.791,0.1668,0.1128,0.1398,0.4476,1.0,DROWSY,307,0,Windows,unspecified
22:54:34.161,92.822,0.1507,0.1012,0.126,0.448,1.0,DROWSY,308,0,Windows,unspecified
22:54:34.194,92.855,0.1524,0.0856,0.119,0.444,1.0,DROWSY,309,0,Windows,unspecified
22:54:34.224,92.885,0.1615,0.0856,0.1236,0.4334,1.0,DROWSY,310,0,Windows,unspecified
22:54:34.253,92.914,0.1675,0.1012,0.1343,0.4412,1.0,DROWSY,311,0,Windows,unspecified
22:54:34.288,92.949,0.1507,0.0878,0.1193,0.4297,1.0,DROWSY,312,0,Windows,unspecified
22:54:34.335,92.996,0.1487,0.0855,0.1171,0.4335,1.0,DROWSY,313,0,Windows,unspecified
22:54:34.365,93.026,0.1507,0.0878,0.1193,0.4412,1.0,DROWSY,314,0,Windows,unspecified
22:54:34.395,93.056,0.1893,0.0856,0.1374,0.4525,1.0,DROWSY,315,0,Windows,unspecified
22:54:34.426,93.087,0.1886,0.0878,0.1382,0.4585,1.0,DROWSY,316,0,Windows,unspecified
22:54:34.465,93.126,0.1742,0.0855,0.1298,0.4558,1.0,DROWSY,317,0,Windows,unspecified
22:54:34.487,93.148,0.1725,0.1012,0.1368,0.4615,1.0,DROWSY,318,0,Windows,unspecified
22:54:34.527,93.189,0.1742,0.1145,0.1444,0.4534,1.0,DROWSY,319,0,Windows,unspecified
22:54:34.550,93.212,0.1742,0.1145,0.1443,0.4534,1.0,DROWSY,320,0,Windows,unspecified
22:54:34.587,93.248,0.1685,0.0985,0.1335,0.4655,1.0,DROWSY,321,0,Windows,unspecified
22:54:34.613,93.275,0.1685,0.0985,0.1335,0.4629,1.0,DROWSY,322,0,Windows,unspecified
22:54:34.656,93.317,0.1685,0.1012,0.1348,0.4546,1.0,DROWSY,323,0,Windows,unspecified
22:54:34.693,93.354,0.1847,0.1012,0.143,0.4466,1.0,DROWSY,324,0,Windows,unspecified
22:54:34.735,93.396,0.1831,0.1012,0.1421,0.4546,1.0,DROWSY,325,0,Windows,unspecified
22:54:34.770,93.431,0.1893,0.1012,0.1452,0.4546,1.0,DROWSY,326,0,Windows,unspecified
22:54:34.804,93.465,0.1883,0.0995,0.1439,0.4527,1.0,DROWSY,327,0,Windows,unspecified
22:54:34.835,93.496,0.1822,0.0995,0.1408,0.4537,1.0,DROWSY,328,0,Windows,unspecified
22:54:34.865,93.526,0.1883,0.1195,0.1539,0.4554,1.0,DROWSY,329,0,Windows,unspecified
22:54:34.896,93.557,0.19,0.1195,0.1548,0.4475,1.0,DROWSY,330,0,Windows,unspecified
22:54:34.927,93.588,0.19,0.1056,0.1478,0.4475,1.0,DROWSY,331,0,Windows,unspecified
22:54:34.960,93.621,0.19,0.1056,0.1478,0.4475,1.0,DROWSY,332,0,Windows,unspecified
22:54:34.994,93.655,0.191,0.1012,0.1461,0.4426,1.0,DROWSY,333,0,Windows,unspecified
22:54:35.023,93.684,0.191,0.1145,0.1528,0.4534,1.0,DROWSY,334,0,Windows,unspecified
22:54:35.054,93.715,0.191,0.1194,0.1552,0.4504,1.0,DROWSY,335,0,Windows,unspecified
22:54:35.085,93.746,0.191,0.1193,0.1552,0.4504,1.0,DROWSY,336,0,Windows,unspecified
22:54:35.135,93.796,0.1896,0.1145,0.152,0.4537,1.0,DROWSY,337,0,Windows,unspecified
22:54:35.163,93.824,0.1896,0.1145,0.152,0.4565,1.0,DROWSY,338,0,Windows,unspecified
22:54:35.201,93.862,0.1847,0.1011,0.1429,0.4554,1.0,DROWSY,339,0,Windows,unspecified
22:54:35.227,93.888,0.201,0.1012,0.1511,0.4608,1.0,DROWSY,340,0,Windows,unspecified
22:54:35.264,93.925,0.201,0.1012,0.1511,0.455,1.0,DROWSY,341,0,Windows,unspecified
22:54:35.289,93.95,0.1847,0.1012,0.143,0.455,1.0,DROWSY,342,0,Windows,unspecified
22:54:35.329,93.99,0.2173,0.1012,0.1592,0.4468,1.0,DROWSY,343,0,Windows,unspecified
22:54:35.350,94.011,0.201,0.1145,0.1578,0.4468,1.0,DROWSY,344,0,Windows,unspecified
22:54:35.392,94.053,0.2173,0.1012,0.1592,0.4468,1.0,DROWSY,345,0,Windows,unspecified
22:54:35.428,94.089,0.2173,0.1012,0.1592,0.4468,1.0,DROWSY,346,0,Windows,unspecified
22:54:35.460,94.121,0.2173,0.1012,0.1592,0.4501,1.0,DROWSY,347,0,Windows,unspecified
22:54:35.491,94.152,0.2078,0.1012,0.1545,0.4506,1.0,DROWSY,348,0,Windows,unspecified
22:54:35.533,94.194,0.2173,0.1012,0.1592,0.4476,1.0,DROWSY,349,0,Windows,unspecified
22:54:35.567,94.228,0.2173,0.1012,0.1592,0.4476,1.0,DROWSY,350,0,Windows,unspecified
22:54:35.600,94.261,0.2173,0.1012,0.1592,0.4532,1.0,DROWSY,351,0,Windows,unspecified
22:54:35.633,94.294,0.1847,0.1012,0.143,0.4476,1.0,DROWSY,352,0,Windows,unspecified
22:54:35.663,94.324,0.191,0.1073,0.1492,0.4476,1.0,DROWSY,353,0,Windows,unspecified
22:54:35.697,94.358,0.191,0.1012,0.1461,0.4556,1.0,DROWSY,354,0,Windows,unspecified
22:54:35.728,94.389,0.1847,0.1012,0.143,0.4613,1.0,DROWSY,355,0,Windows,unspecified
22:54:35.758,94.419,0.1825,0.1012,0.1418,0.4445,1.0,DROWSY,356,0,Windows,unspecified
22:54:35.793,94.454,0.19,0.1073,0.1487,0.4532,1.0,DROWSY,357,0,Windows,unspecified
22:54:35.822,94.483,0.1838,0.1145,0.1492,0.4539,1.0,DROWSY,358,0,Windows,unspecified
22:54:35.854,94.515,0.191,0.1178,0.1544,0.4489,1.0,DROWSY,359,0,Windows,unspecified
22:54:35.884,94.545,0.1847,0.1194,0.1521,0.4513,1.0,DROWSY,360,0,Windows,unspecified
22:54:35.935,94.596,0.1507,0.0878,0.1193,0.4434,1.0,DROWSY,361,0,Windows,unspecified
22:54:35.963,94.625,0.1342,0.0833,0.1088,0.4411,1.0,DROWSY,362,0,Windows,unspecified
22:54:35.997,94.658,0.1362,0.0878,0.112,0.4423,1.0,DROWSY,363,0,Windows,unspecified
22:54:36.028,94.689,0.1012,0.073,0.0871,0.4516,1.0,DROWSY,364,0,Windows,unspecified
22:54:36.064,94.725,0.096,0.0557,0.0759,0.4403,1.0,DROWSY,365,0,Windows,unspecified
22:54:36.090,94.751,0.0955,0.0604,0.078,0.4511,1.0,DROWSY,366,0,Windows,unspecified
22:54:36.129,94.79,0.096,0.0604,0.0782,0.4396,1.0,DROWSY,367,0,Windows,unspecified
22:54:36.151,94.812,0.093,0.0572,0.0751,0.4396,1.0,DROWSY,368,0,Windows,unspecified
22:54:36.190,94.851,0.1012,0.0854,0.0933,0.4361,1.0,DROWSY,369,0,Windows,unspecified
22:54:36.216,94.877,0.093,0.073,0.083,0.4383,1.0,DROWSY,370,0,Windows,unspecified
22:54:36.252,94.913,0.0981,0.0697,0.0839,0.4365,1.0,DROWSY,371,0,Windows,unspecified
22:54:36.280,94.941,0.0955,0.0572,0.0764,0.4293,1.0,DROWSY,372,0,Windows,unspecified
22:54:36.336,94.997,0.0984,0.0572,0.0778,0.4236,1.0,DROWSY,373,0,Windows,unspecified
22:54:36.356,95.017,0.0959,0.0604,0.0781,0.4293,1.0,DROWSY,374,0,Windows,unspecified
22:54:36.397,95.058,0.1081,0.0684,0.0882,0.4201,1.0,DROWSY,375,0,Windows,unspecified
22:54:36.424,95.085,0.1075,0.0604,0.0839,0.4254,1.0,DROWSY,376,0,Windows,unspecified
22:54:36.463,95.125,0.1208,0.0729,0.0969,0.4215,1.0,DROWSY,377,0,Windows,unspecified
22:54:36.483,95.144,0.1067,0.0917,0.0992,0.4153,1.0,DROWSY,378,0,Windows,unspecified
22:54:36.525,95.186,0.119,0.0728,0.0959,0.4255,1.0,DROWSY,379,0,Windows,unspecified
22:54:36.546,95.207,0.1297,0.0777,0.1037,0.4098,1.0,DROWSY,380,0,Windows,unspecified
22:54:36.592,95.254,0.119,0.0749,0.0969,0.4056,1.0,DROWSY,381,0,Windows,unspecified
22:54:36.623,95.284,0.1208,0.0728,0.0968,0.4177,1.0,DROWSY,382,0,Windows,unspecified
22:54:36.657,95.318,0.1208,0.094,0.1074,0.4145,1.0,DROWSY,383,0,Windows,unspecified
22:54:36.689,95.35,0.1223,0.1011,0.1117,0.4157,1.0,DROWSY,384,0,Windows,unspecified
22:54:36.735,95.396,0.1223,0.1192,0.1208,0.4173,1.0,DROWSY,385,0,Windows,unspecified
22:54:36.765,95.426,0.1223,0.1073,0.1148,0.4223,1.0,DROWSY,386,0,Windows,unspecified
22:54:36.800,95.461,0.1362,0.094,0.1151,0.4202,1.0,DROWSY,387,0,Windows,unspecified
22:54:36.828,95.489,0.1239,0.1031,0.1135,0.4229,1.0,DROWSY,388,0,Windows,unspecified
22:54:36.863,95.524,0.1223,0.101,0.1117,0.4271,1.0,DROWSY,389,0,Windows,unspecified
22:54:36.891,95.552,0.1223,0.0984,0.1104,0.4243,1.0,DROWSY,390,0,Windows,unspecified
22:54:36.928,95.589,0.11,0.094,0.102,0.425,1.0,DROWSY,391,0,Windows,unspecified
22:54:36.952,95.613,0.1208,0.1121,0.1165,0.4207,1.0,DROWSY,392,0,Windows,unspecified
22:54:36.992,95.653,0.09,0.106,0.098,0.4089,1.0,DROWSY,393,0,Windows,unspecified
22:54:37.015,95.676,0.0902,0.0854,0.0878,0.4054,1.0,DROWSY,394,0,Windows,unspecified
22:54:37.056,95.717,0.0749,0.0832,0.079,0.4063,1.0,DROWSY,395,0,Windows,unspecified
22:54:37.079,95.74,0.0728,0.094,0.0834,0.3923,1.0,DROWSY,396,0,Windows,unspecified
22:54:37.137,95.798,0.0638,0.1008,0.0823,0.3878,1.0,DROWSY,397,0,Windows,unspecified
22:54:37.171,95.832,0.0521,0.1037,0.0779,0.3987,1.0,DROWSY,398,0,Windows,unspecified
22:54:37.200,95.862,0.0703,0.1129,0.0916,0.3897,1.0,DROWSY,399,0,Windows,unspecified
22:54:37.235,95.896,0.0621,0.1046,0.0833,0.3913,1.0,DROWSY,400,0,Windows,unspecified
22:54:37.264,95.925,0.0621,0.1077,0.0849,0.3863,1.0,DROWSY,401,0,Windows,unspecified
22:54:37.297,95.958,0.0967,0.1293,0.113,0.398,1.0,DROWSY,402,0,Windows,unspecified
22:54:37.329,95.99,0.0919,0.1313,0.1116,0.3755,1.0,DROWSY,403,0,Windows,unspecified
22:54:37.358,96.019,0.0749,0.1313,0.1031,0.3804,1.0,DROWSY,404,0,Windows,unspecified
22:54:37.389,96.05,0.1001,0.116,0.1081,0.3753,1.0,DROWSY,405,0,Windows,unspecified
22:54:37.424,96.085,0.0903,0.1369,0.1136,0.3745,1.0,DROWSY,406,0,Windows,unspecified
22:54:37.457,96.118,0.077,0.1621,0.1195,0.3703,1.0,DROWSY,407,0,Windows,unspecified
22:54:37.484,96.145,0.0902,0.1524,0.1213,0.3702,1.0,DROWSY,408,0,Windows,unspecified
22:54:37.535,96.196,0.094,0.1431,0.1185,0.3675,1.0,DROWSY,409,0,Windows,unspecified
22:54:37.561,96.222,0.106,0.1564,0.1312,0.3795,1.0,DROWSY,410,0,Windows,unspecified
22:54:37.598,96.259,0.094,0.1516,0.1228,0.3868,1.0,DROWSY,411,0,Windows,unspecified
22:54:37.624,96.285,0.104,0.1713,0.1377,0.3813,1.0,DROWSY,412,0,Windows,unspecified
22:54:37.660,96.321,0.106,0.208,0.157,0.3823,1.0,DROWSY,413,0,Windows,unspecified
22:54:37.687,96.348,0.1073,0.1914,0.1493,0.3752,1.0,DROWSY,414,0,Windows,unspecified
22:54:37.727,96.388,0.0809,0.2103,0.1456,0.3878,1.0,DROWSY,415,0,Windows,unspecified
22:54:37.764,96.425,0.1002,0.1874,0.1438,0.3906,1.0,DROWSY,416,0,Windows,unspecified
22:54:37.796,96.457,0.1001,0.1626,0.1314,0.3904,1.0,DROWSY,417,0,Windows,unspecified
22:54:37.827,96.488,0.1012,0.1936,0.1474,0.3953,1.0,DROWSY,418,0,Windows,unspecified
22:54:37.858,96.519,0.1001,0.1925,0.1463,0.3961,1.0,DROWSY,419,0,Windows,unspecified
22:54:37.891,96.552,0.1001,0.1724,0.1362,0.3867,1.0,DROWSY,420,0,Windows,unspecified
22:54:37.936,96.598,0.106,0.1621,0.134,0.3809,1.0,DROWSY,421,0,Windows,unspecified
22:54:37.970,96.632,0.1153,0.1914,0.1534,0.376,1.0,DROWSY,422,0,Windows,unspecified
22:54:38.001,96.662,0.0878,0.1573,0.1226,0.3893,1.0,DROWSY,423,0,Windows,unspecified
22:54:38.032,96.693,0.1001,0.1573,0.1287,0.3938,1.0,DROWSY,424,0,Windows,unspecified
22:54:38.062,96.723,0.1002,0.1573,0.1288,0.3795,1.0,DROWSY,425,0,Windows,unspecified
22:54:38.094,96.755,0.1002,0.1573,0.1288,0.3795,1.0,DROWSY,426,0,Windows,unspecified
22:54:38.125,96.786,0.1122,0.1781,0.1452,0.3805,1.0,DROWSY,427,0,Windows,unspecified
22:54:38.152,96.813,0.1001,0.1626,0.1314,0.3878,1.0,DROWSY,428,0,Windows,unspecified
22:54:38.191,96.852,0.1122,0.1626,0.1374,0.3922,1.0,DROWSY,429,0,Windows,unspecified
22:54:38.217,96.878,0.1122,0.146,0.1291,0.3893,1.0,DROWSY,430,0,Windows,unspecified
22:54:38.256,96.917,0.1041,0.1413,0.1227,0.3922,1.0,DROWSY,431,0,Windows,unspecified
22:54:38.283,96.944,0.109,0.1573,0.1332,0.3934,1.0,DROWSY,432,0,Windows,unspecified
22:54:38.337,96.998,0.1178,0.1621,0.1399,0.3887,1.0,DROWSY,433,0,Windows,unspecified
22:54:38.375,97.036,0.1122,0.1573,0.1348,0.3933,1.0,DROWSY,434,0,Windows,unspecified
22:54:38.407,97.068,0.1091,0.1255,0.1173,0.3918,1.0,DROWSY,435,0,Windows,unspecified
22:54:38.436,97.097,0.0967,0.1118,0.1042,0.4016,1.0,DROWSY,436,0,Windows,unspecified
22:54:38.470,97.131,0.1071,0.1425,0.1248,0.4039,1.0,DROWSY,437,0,Windows,unspecified
22:54:38.503,97.164,0.1228,0.117,0.1199,0.4096,1.0,DROWSY,438,0,Windows,unspecified
22:54:38.553,97.214,0.0771,0.1425,0.1098,0.4103,1.0,DROWSY,439,0,Windows,unspecified
22:54:38.582,97.243,0.0878,0.1537,0.1207,0.3936,1.0,DROWSY,440,0,Windows,unspecified
22:54:38.604,97.266,0.0556,0.0984,0.077,0.4092,1.0,DROWSY,441,0,Windows,unspecified
22:54:38.627,97.288,0.0878,0.0816,0.0847,0.4222,1.0,DROWSY,442,0,Windows,unspecified
22:54:38.658,97.319,0.0417,0.0569,0.0493,0.4475,1.0,DROWSY,443,0,Windows,unspecified
22:54:38.689,97.351,0.0278,0.0151,0.0214,0.4442,1.0,DROWSY,444,0,Windows,unspecified
22:54:38.732,97.393,0.054,0.0151,0.0346,0.4981,1.0,DROWSY,445,0,Windows,unspecified
22:54:38.752,97.413,0.054,0.0294,0.0417,0.4976,1.0,DROWSY,446,0,Windows,unspecified
22:54:38.798,97.459,0.0555,0.0143,0.0349,0.5258,1.0,DROWSY,447,0,Windows,unspecified
22:54:38.828,97.489,0.0555,0.0143,0.0349,0.5387,1.0,DROWSY,448,0,Windows,unspecified
22:54:38.865,97.526,0.0405,0.0326,0.0366,0.5697,1.0,DROWSY,449,0,Windows,unspecified
22:54:38.890,97.552,0.0697,0.0278,0.0488,0.5623,1.0,DROWSY,450,0,Windows,unspecified
22:54:38.924,97.586,0.0417,0.0392,0.0404,0.6038,1.0,DROWSY,451,0,Windows,unspecified
22:54:38.954,97.615,0.0571,0.0278,0.0425,0.6174,1.0,DROWSY,452,0,Windows,unspecified
22:54:39.002,97.663,0.0571,0.0393,0.0482,0.6294,1.0,DROWSY,453,0,Windows,unspecified
22:54:39.033,97.694,0.0428,0.0139,0.0284,0.627,1.0,DROWSY,454,0,Windows,unspecified
22:54:39.065,97.726,0.0604,0.0382,0.0493,0.6569,1.0,DROWSY,455,1,Windows,unspecified
22:54:39.096,97.757,0.0735,0.0326,0.0531,0.6346,1.0,DROWSY,456,0,Windows,unspecified
22:54:39.135,97.796,0.0765,0.0345,0.0555,0.7199,1.0,DROWSY,457,1,Windows,unspecified
22:54:39.160,97.821,0.0765,0.0393,0.0579,0.7448,1.0,DROWSY,458,2,Windows,unspecified
22:54:39.200,97.861,0.0531,0.0345,0.0438,0.6831,1.0,DROWSY,459,3,Windows,unspecified
22:54:39.223,97.884,0.0613,0.0345,0.0479,0.7048,1.0,DROWSY,460,4,Windows,unspecified
22:54:39.264,97.925,0.0651,0.0501,0.0576,0.6844,1.0,DROWSY,461,5,Windows,unspecified
22:54:39.299,97.96,0.0651,0.0462,0.0556,0.7257,1.0,DROWSY,462,6,Windows,unspecified
22:54:39.329,97.99,0.0557,0.0364,0.0461,0.7078,1.0,DROWSY,463,7,Windows,unspecified
22:54:39.362,98.024,0.0377,0.044,0.0409,0.7225,1.0,DROWSY,464,8,Windows,unspecified
22:54:39.393,98.055,0.0784,0.0639,0.0712,0.7141,1.0,DROWSY,465,9,Windows,unspecified
22:54:39.421,98.082,0.0698,0.0515,0.0607,0.74,1.0,DROWSY,466,10,Windows,unspecified
22:54:39.455,98.116,0.0656,0.0602,0.0629,0.7243,1.0,DROWSY,467,11,Windows,unspecified
22:54:39.488,98.149,0.0529,0.0584,0.0557,0.7253,1.0,DROWSY,468,12,Windows,unspecified
22:54:39.533,98.194,0.076,0.0775,0.0768,0.7679,1.0,DROWSY,469,13,Windows,unspecified
22:54:39.567,98.228,0.0736,0.0463,0.06,0.7691,1.0,DROWSY,470,14,Windows,unspecified
22:54:39.599,98.26,0.0729,0.0544,0.0636,0.7569,1.0,DROWSY,471,15,Windows,unspecified
22:54:39.631,98.292,0.0752,0.062,0.0686,0.7675,1.0,DROWSY,472,16,Windows,unspecified
22:54:39.664,98.325,0.0752,0.0772,0.0762,0.7651,1.0,DROWSY,473,17,Windows,unspecified
22:54:39.691,98.352,0.0878,0.064,0.0759,0.7455,1.0,DROWSY,474,18,Windows,unspecified
22:54:39.727,98.388,0.085,0.064,0.0745,0.7375,1.0,DROWSY,475,19,Windows,unspecified
22:54:39.754,98.415,0.0868,0.0826,0.0847,0.7375,1.0,DROWSY,476,20,Windows,unspecified
22:54:39.789,98.45,0.0889,0.08,0.0844,0.7206,1.0,DROWSY,477,21,Windows,unspecified
22:54:39.818,98.479,0.088,0.062,0.075,0.7041,1.0,DROWSY,478,22,Windows,unspecified
22:54:39.855,98.516,0.088,0.0775,0.0828,0.7371,1.0,DROWSY,479,23,Windows,unspecified
22:54:39.879,98.54,0.0986,0.0812,0.0899,0.7353,1.0,DROWSY,480,24,Windows,unspecified
22:54:39.937,98.598,0.0854,0.0707,0.078,0.7405,1.0,DROWSY,481,25,Windows,unspecified
22:54:39.973,98.635,0.0724,0.0707,0.0715,0.7415,1.0,DROWSY,482,26,Windows,unspecified
22:54:40.005,98.667,0.041,0.0585,0.0497,0.7172,1.0,DROWSY,483,27,Windows,unspecified
22:54:40.037,98.698,0.0564,0.0568,0.0566,0.7063,1.0,DROWSY,484,28,Windows,unspecified
22:54:40.086,98.747,0.0499,0.073,0.0615,0.7366,1.0,DROWSY,485,29,Windows,unspecified
22:54:40.118,98.779,0.0654,0.0752,0.0703,0.7288,1.0,DROWSY,486,30,Windows,unspecified
22:54:40.147,98.808,0.0284,0.0584,0.0434,0.738,1.0,DROWSY,487,31,Windows,unspecified
22:54:40.179,98.84,0.0353,0.0436,0.0395,0.7348,1.0,DROWSY,488,32,Windows,unspecified
22:54:40.209,98.87,0.0346,0.0424,0.0385,0.7392,1.0,DROWSY,489,33,Windows,unspecified
22:54:40.244,98.905,0.0201,0.0283,0.0242,0.7359,1.0,DROWSY,490,34,Windows,unspecified
22:54:40.269,98.93,0.0277,0.0137,0.0207,0.7084,1.0,DROWSY,491,35,Windows,unspecified
22:54:40.301,98.962,0.0,0.0138,0.0069,0.7102,1.0,DROWSY,492,36,Windows,unspecified
22:54:40.335,98.996,0.0197,0.0,0.0098,0.6933,1.0,DROWSY,493,37,Windows,unspecified
22:54:40.364,99.025,0.0136,0.0,0.0068,0.6977,1.0,DROWSY,494,38,Windows,unspecified
22:54:40.400,99.062,0.0338,0.0333,0.0336,0.6765,1.0,DROWSY,495,39,Windows,unspecified
22:54:40.426,99.087,0.0338,0.0134,0.0236,0.6809,1.0,DROWSY,496,40,Windows,unspecified
22:54:40.464,99.126,0.0273,0.039,0.0332,0.6783,1.0,DROWSY,497,41,Windows,unspecified
22:54:40.502,99.164,0.0273,0.0,0.0136,0.6897,1.0,DROWSY,498,42,Windows,unspecified
22:54:40.532,99.193,0.0273,0.0415,0.0344,0.7012,1.0,DROWSY,499,43,Windows,unspecified
22:54:40.564,99.225,0.0322,0.0277,0.0299,0.6814,1.0,DROWSY,500,44,Windows,unspecified
22:54:40.597,99.258,0.0422,0.0138,0.028,0.6851,1.0,DROWSY,501,45,Windows,unspecified
22:54:40.626,99.288,0.0433,0.0334,0.0384,0.6867,1.0,DROWSY,502,46,Windows,unspecified
22:54:40.657,99.318,0.047,0.0135,0.0302,0.7085,1.0,DROWSY,503,47,Windows,unspecified
22:54:40.686,99.348,0.0455,0.0,0.0228,0.7223,1.0,DROWSY,504,48,Windows,unspecified
22:54:40.733,99.394,0.0413,0.0138,0.0276,0.7174,1.0,DROWSY,505,49,Windows,unspecified
22:54:40.762,99.423,0.05,0.0139,0.0319,0.7418,1.0,DROWSY,506,50,Windows,unspecified
22:54:40.796,99.457,0.0483,0.0,0.0241,0.7394,1.0,DROWSY,507,51,Windows,unspecified
22:54:40.816,99.478,0.0502,0.0,0.0251,0.749,1.0,DROWSY,508,52,Windows,unspecified
22:54:40.860,99.521,0.0502,0.0285,0.0393,0.7379,1.0,DROWSY,509,53,Windows,unspecified
22:54:40.894,99.555,0.047,0.0285,0.0377,0.7509,1.0,DROWSY,510,54,Windows,unspecified
22:54:40.929,99.59,0.055,0.0138,0.0344,0.7566,1.0,DROWSY,511,55,Windows,unspecified
22:54:40.959,99.62,0.055,0.0139,0.0344,0.7411,1.0,DROWSY,512,56,Windows,unspecified
22:54:40.995,99.656,0.0615,0.0196,0.0405,0.735,1.0,DROWSY,513,57,Windows,unspecified
22:54:41.022,99.683,0.0617,0.0139,0.0378,0.7296,1.0,DROWSY,514,58,Windows,unspecified
22:54:41.057,99.719,0.0334,0.0138,0.0236,0.7103,1.0,DROWSY,515,59,Windows,unspecified
22:54:41.085,99.746,0.0414,0.0138,0.0276,0.7161,1.0,DROWSY,516,60,Windows,unspecified
22:54:41.132,99.793,0.0586,0.0138,0.0362,0.6922,1.0,DROWSY,517,61,Windows,unspecified
22:54:41.160,99.821,0.0334,0.0138,0.0236,0.7032,1.0,DROWSY,518,62,Windows,unspecified
22:54:41.197,99.858,0.0879,0.0341,0.061,0.7125,1.0,DROWSY,519,63,Windows,unspecified
22:54:41.225,99.886,0.0603,0.0142,0.0372,0.7081,1.0,DROWSY,520,64,Windows,unspecified
22:54:41.261,99.922,0.0767,0.04,0.0584,0.6607,1.0,DROWSY,521,65,Windows,unspecified
22:54:41.302,99.963,0.09,0.0341,0.0621,0.6571,1.0,DROWSY,522,66,Windows,unspecified
22:54:41.340,100.001,0.1174,0.0341,0.0758,0.6479,1.0,DROWSY,523,0,Windows,unspecified
22:54:41.366,100.027,0.09,0.0401,0.0651,0.639,1.0,DROWSY,524,0,Windows,unspecified
22:54:41.398,100.059,0.0902,0.039,0.0646,0.628,1.0,DROWSY,525,0,Windows,unspecified
22:54:41.430,100.091,0.09,0.0489,0.0695,0.6255,1.0,DROWSY,526,0,Windows,unspecified
22:54:41.462,100.123,0.0879,0.0343,0.0611,0.5978,1.0,DROWSY,527,0,Windows,unspecified
22:54:41.493,100.154,0.0879,0.0502,0.0691,0.6082,1.0,DROWSY,528,0,Windows,unspecified
22:54:41.533,100.194,0.0747,0.0424,0.0586,0.6081,1.0,DROWSY,529,0,Windows,unspecified
22:54:41.557,100.218,0.0879,0.0483,0.0681,0.6081,1.0,DROWSY,530,0,Windows,unspecified
22:54:41.597,100.258,0.0902,0.0599,0.0751,0.5997,1.0,DROWSY,531,0,Windows,unspecified
22:54:41.620,100.281,0.1022,0.0502,0.0762,0.5959,1.0,DROWSY,532,0,Windows,unspecified
22:54:41.660,100.321,0.0902,0.0413,0.0657,0.5906,1.0,DROWSY,533,0,Windows,unspecified
22:54:41.696,100.357,0.0637,0.0332,0.0484,0.5998,1.0,DROWSY,534,0,Windows,unspecified
22:54:41.724,100.385,0.0877,0.0445,0.0661,0.6102,1.0,DROWSY,535,0,Windows,unspecified
22:54:41.757,100.418,0.0877,0.0433,0.0655,0.6075,1.0,DROWSY,536,0,Windows,unspecified
22:54:41.792,100.453,0.0619,0.039,0.0505,0.5931,1.0,DROWSY,537,0,Windows,unspecified
22:54:41.819,100.48,0.0619,0.039,0.0505,0.6039,1.0,DROWSY,538,0,Windows,unspecified
22:54:41.854,100.515,0.0749,0.0391,0.057,0.5908,1.0,DROWSY,539,0,Windows,unspecified
22:54:41.881,100.542,0.0877,0.0504,0.069,0.594,1.0,DROWSY,540,0,Windows,unspecified
22:54:41.937,100.598,0.0749,0.039,0.057,0.5803,1.0,DROWSY,541,0,Windows,unspecified
22:54:41.960,100.622,0.0749,0.039,0.057,0.5803,1.0,DROWSY,542,0,Windows,unspecified
22:54:42.001,100.662,0.062,0.0333,0.0477,0.5518,1.0,DROWSY,543,0,Windows,unspecified
22:54:42.036,100.698,0.0749,0.0284,0.0516,0.5506,1.0,DROWSY,544,0,Windows,unspecified
22:54:42.070,100.731,0.0603,0.0518,0.0561,0.5443,1.0,DROWSY,545,0,Windows,unspecified
22:54:42.099,100.76,0.0604,0.039,0.0497,0.5534,1.0,DROWSY,546,0,Windows,unspecified
22:54:42.131,100.792,0.062,0.0334,0.0477,0.542,1.0,DROWSY,547,0,Windows,unspecified
22:54:42.162,100.823,0.0506,0.0403,0.0455,0.5317,1.0,DROWSY,548,0,Windows,unspecified
22:54:42.194,100.855,0.0506,0.052,0.0513,0.5055,1.0,DROWSY,549,0,Windows,unspecified
22:54:42.225,100.886,0.0506,0.0638,0.0572,0.5089,1.0,DROWSY,550,0,Windows,unspecified
22:54:42.258,100.919,0.0473,0.0506,0.049,0.4824,1.0,DROWSY,551,0,Windows,unspecified
22:54:42.289,100.95,0.0473,0.0335,0.0404,0.4721,1.0,DROWSY,552,0,Windows,unspecified
22:54:42.335,100.996,0.0474,0.0506,0.049,0.4624,1.0,DROWSY,553,0,Windows,unspecified
22:54:42.367,101.028,0.0474,0.0507,0.049,0.4678,1.0,DROWSY,554,0,Windows,unspecified
22:54:42.397,101.058,0.0326,0.0493,0.0409,0.457,1.0,DROWSY,555,0,Windows,unspecified
22:54:42.428,101.089,0.0326,0.0573,0.0449,0.4535,1.0,DROWSY,556,0,Windows,unspecified
22:54:42.461,101.123,0.0277,0.0621,0.0449,0.4562,1.0,DROWSY,557,0,Windows,unspecified
22:54:42.490,101.151,0.0393,0.0493,0.0443,0.4597,1.0,DROWSY,558,0,Windows,unspecified
22:54:42.527,101.188,0.0392,0.0621,0.0507,0.4479,1.0,DROWSY,559,0,Windows,unspecified
22:54:42.553,101.215,0.0461,0.0683,0.0572,0.4501,1.0,DROWSY,560,0,Windows,unspecified
22:54:42.593,101.254,0.0621,0.077,0.0695,0.4367,1.0,DROWSY,561,0,Windows,unspecified
22:54:42.619,101.28,0.0392,0.077,0.0581,0.4399,1.0,DROWSY,562,0,Windows,unspecified
22:54:42.653,101.314,0.0507,0.0722,0.0615,0.4305,1.0,DROWSY,563,0,Windows,unspecified
22:54:42.682,101.343,0.0326,0.0723,0.0525,0.4351,1.0,DROWSY,564,0,Windows,unspecified
22:54:42.732,101.393,0.0382,0.0743,0.0563,0.4395,1.0,DROWSY,565,0,Windows,unspecified
22:54:42.761,101.422,0.0461,0.0606,0.0534,0.4452,1.0,DROWSY,566,0,Windows,unspecified
22:54:42.800,101.461,0.027,0.0521,0.0395,0.4445,1.0,DROWSY,567,0,Windows,unspecified
22:54:42.821,101.482,0.027,0.0722,0.0496,0.4511,1.0,DROWSY,568,0,Windows,unspecified
22:54:42.865,101.526,0.0326,0.0521,0.0423,0.4465,1.0,DROWSY,569,0,Windows,unspecified
22:54:42.899,101.56,0.0326,0.0521,0.0424,0.4341,1.0,DROWSY,570,0,Windows,unspecified
22:54:42.932,101.593,0.0437,0.0606,0.0521,0.4468,1.0,DROWSY,571,0,Windows,unspecified
22:54:42.963,101.624,0.0326,0.0606,0.0466,0.4437,1.0,DROWSY,572,0,Windows,unspecified
22:54:42.995,101.656,0.0405,0.0605,0.0505,0.4515,1.0,DROWSY,573,0,Windows,unspecified
22:54:43.025,101.686,0.0405,0.0834,0.062,0.4504,1.0,DROWSY,574,0,Windows,unspecified
22:54:43.056,101.717,0.0263,0.0722,0.0493,0.4552,1.0,DROWSY,575,0,Windows,unspecified
22:54:43.088,101.749,0.0263,0.0722,0.0493,0.4449,1.0,DROWSY,576,0,Windows,unspecified
22:54:43.133,101.794,0.0326,0.0605,0.0466,0.4515,1.0,DROWSY,577,0,Windows,unspecified
22:54:43.166,101.827,0.027,0.0744,0.0507,0.4559,1.0,DROWSY,578,0,Windows,unspecified
22:54:43.199,101.86,0.027,0.0606,0.0438,0.4651,1.0,DROWSY,579,0,Windows,unspecified
22:54:43.232,101.893,0.0135,0.0723,0.0429,0.4686,1.0,DROWSY,580,0,Windows,unspecified
22:54:43.260,101.921,0.0294,0.0639,0.0466,0.47,1.0,DROWSY,581,0,Windows,unspecified
22:54:43.294,101.955,0.0426,0.0521,0.0474,0.4786,1.0,DROWSY,582,0,Windows,unspecified
22:54:43.327,101.989,0.0426,0.0703,0.0564,0.4801,1.0,DROWSY,583,0,Windows,unspecified
22:54:43.357,102.018,0.0294,0.0507,0.0401,0.4789,1.0,DROWSY,584,0,Windows,unspecified
22:54:43.393,102.054,0.0414,0.0493,0.0454,0.4893,1.0,DROWSY,585,0,Windows,unspecified
22:54:43.419,102.08,0.0426,0.0449,0.0438,0.4892,1.0,DROWSY,586,0,Windows,unspecified
22:54:43.455,102.116,0.0181,0.0461,0.0321,0.4887,1.0,DROWSY,587,0,Windows,unspecified
22:54:43.480,102.141,0.0286,0.0604,0.0445,0.4897,1.0,DROWSY,588,0,Windows,unspecified
22:54:43.532,102.193,0.0414,0.0326,0.037,0.5054,1.0,DROWSY,589,0,Windows,unspecified
22:54:43.560,102.221,0.0181,0.0493,0.0337,0.4996,1.0,DROWSY,590,0,Windows,unspecified
22:54:43.596,102.258,0.0317,0.0426,0.0371,0.4997,1.0,DROWSY,591,0,Windows,unspecified
22:54:43.619,102.281,0.0362,0.0437,0.04,0.4897,1.0,DROWSY,592,0,Windows,unspecified
22:54:43.659,102.32,0.0362,0.0572,0.0467,0.5051,1.0,DROWSY,593,0,Windows,unspecified
22:54:43.684,102.345,0.0181,0.0426,0.0303,0.5152,1.0,DROWSY,594,0,Windows,unspecified
22:54:43.724,102.385,0.0371,0.0372,0.0372,0.5372,1.0,DROWSY,595,0,Windows,unspecified
22:54:43.760,102.421,0.048,0.0426,0.0453,0.5481,1.0,DROWSY,596,0,Windows,unspecified
22:54:43.792,102.453,0.0448,0.0326,0.0387,0.5574,1.0,DROWSY,597,0,Windows,unspecified
22:54:43.823,102.484,0.0448,0.0461,0.0455,0.5543,1.0,DROWSY,598,0,Windows,unspecified
22:54:43.852,102.513,0.0685,0.0603,0.0644,0.5765,1.0,DROWSY,599,0,Windows,unspecified
22:54:43.887,102.548,0.0669,0.0588,0.0628,0.602,1.0,DROWSY,600,0,Windows,unspecified
22:54:43.933,102.594,0.0669,0.0588,0.0628,0.5608,1.0,DROWSY,601,0,Windows,unspecified
22:54:43.964,102.625,0.0669,0.0709,0.0689,0.5554,1.0,DROWSY,602,0,Windows,unspecified
22:54:43.994,102.655,0.0437,0.0425,0.0431,0.5535,1.0,DROWSY,603,0,Windows,unspecified
22:54:44.027,102.688,0.0557,0.0263,0.041,0.5322,1.0,DROWSY,604,0,Windows,unspecified
22:54:44.064,102.725,0.0449,0.0449,0.0449,0.5266,1.0,DROWSY,605,0,Windows,unspecified
22:54:44.088,102.749,0.0708,0.0395,0.0551,0.5182,1.0,DROWSY,606,0,Windows,unspecified
22:54:44.129,102.79,0.0603,0.0394,0.0499,0.5041,1.0,DROWSY,607,0,Windows,unspecified
22:54:44.151,102.812,0.0707,0.0394,0.055,0.4946,1.0,DROWSY,608,0,Windows,unspecified
22:54:44.189,102.85,0.0474,0.0395,0.0434,0.5039,1.0,DROWSY,609,0,Windows,unspecified
22:54:44.213,102.874,0.0694,0.0572,0.0633,0.5004,1.0,DROWSY,610,0,Windows,unspecified
22:54:44.257,102.918,0.0713,0.0437,0.0575,0.5062,1.0,DROWSY,611,0,Windows,unspecified
22:54:44.291,102.952,0.0714,0.0707,0.0711,0.5145,1.0,DROWSY,612,0,Windows,unspecified
22:54:44.332,102.994,0.0794,0.0621,0.0707,0.5168,1.0,DROWSY,613,0,Windows,unspecified
22:54:44.369,103.03,0.0771,0.0621,0.0696,0.5261,1.0,DROWSY,614,0,Windows,unspecified
22:54:44.400,103.061,0.0933,0.0639,0.0786,0.5345,1.0,DROWSY,615,0,Windows,unspecified
22:54:44.430,103.091,0.0537,0.0639,0.0588,0.5262,1.0,DROWSY,616,0,Windows,unspecified
22:54:44.460,103.121,0.0782,0.0488,0.0635,0.566,1.0,DROWSY,617,0,Windows,unspecified
22:54:44.492,103.153,0.0502,0.0286,0.0394,0.5754,1.0,DROWSY,618,0,Windows,unspecified
22:54:44.526,103.187,0.0642,0.0476,0.0559,0.5981,1.0,DROWSY,619,0,Windows,unspecified
22:54:44.556,103.217,0.0441,0.0208,0.0324,0.6141,1.0,DROWSY,620,0,Windows,unspecified
22:54:44.592,103.253,0.0625,0.0147,0.0386,0.6268,1.0,DROWSY,621,0,Windows,unspecified
22:54:44.616,103.278,0.0303,0.0,0.0152,0.6553,1.0,DROWSY,622,1,Windows,unspecified
22:54:44.653,103.314,0.0312,0.0,0.0156,0.6486,1.0,DROWSY,623,0,Windows,unspecified
22:54:44.679,103.34,0.0625,0.0147,0.0386,0.662,1.0,DROWSY,624,1,Windows,unspecified
22:54:44.736,103.397,0.0377,0.0,0.0189,0.6625,1.0,DROWSY,625,2,Windows,unspecified
22:54:44.772,103.433,0.0662,0.0,0.0331,0.7085,1.0,DROWSY,626,3,Windows,unspecified
22:54:44.805,103.466,0.0322,0.0147,0.0235,0.7146,1.0,DROWSY,627,4,Windows,unspecified
22:54:44.836,103.497,0.0682,0.0,0.0341,0.7136,1.0,DROWSY,628,5,Windows,unspecified
22:54:44.867,103.528,0.0333,0.0,0.0167,0.744,1.0,DROWSY,629,6,Windows,unspecified
22:54:44.900,103.561,0.0499,0.0,0.0249,0.7575,1.0,DROWSY,630,7,Windows,unspecified
22:54:44.930,103.592,0.0161,0.0156,0.0159,0.7773,1.0,DROWSY,631,8,Windows,unspecified
22:54:44.963,103.624,0.0,0.0,0.0,0.7546,1.0,DROWSY,632,9,Windows,unspecified
22:54:44.993,103.655,0.0161,0.0156,0.0158,0.7253,1.0,DROWSY,633,10,Windows,unspecified
22:54:45.023,103.685,0.0548,0.0161,0.0355,0.7533,1.0,DROWSY,634,11,Windows,unspecified
22:54:45.057,103.718,0.1666,0.1256,0.1461,0.797,1.0,DROWSY,635,12,Windows,unspecified
22:54:45.087,103.748,0.2036,0.1207,0.1621,0.7857,1.0,DROWSY,636,13,Windows,unspecified
22:54:45.134,103.795,0.2704,0.1995,0.235,0.7609,1.0,DROWSY,637,14,Windows,unspecified
22:54:45.170,103.831,0.2787,0.1995,0.2391,0.7387,0.9933,DROWSY,0,15,Windows,unspecified
22:54:45.200,103.861,0.2791,0.2436,0.2613,0.7501,0.9867,DROWSY,0,16,Windows,unspecified
22:54:45.225,103.886,0.3089,0.2436,0.2762,0.7501,0.98,DROWSY,0,17,Windows,unspecified
22:54:45.263,103.925,0.2896,0.2069,0.2483,0.7531,0.9733,DROWSY,0,18,Windows,unspecified
22:54:45.290,103.951,0.2778,0.1995,0.2387,0.744,0.9733,DROWSY,1,19,Windows,unspecified
22:54:45.324,103.985,0.347,0.2298,0.2884,0.7474,0.9667,DROWSY,0,20,Windows,unspecified
22:54:45.350,104.011,0.3519,0.2802,0.3161,0.7386,0.96,DROWSY,0,21,Windows,unspecified
22:54:45.391,104.052,0.3099,0.1997,0.2548,0.723,0.9533,DROWSY,0,22,Windows,unspecified
22:54:45.413,104.074,0.2839,0.1647,0.2243,0.7098,0.9533,DROWSY,1,23,Windows,unspecified
22:54:45.456,104.117,0.2421,0.1535,0.1978,0.7535,0.9533,DROWSY,2,24,Windows,unspecified
22:54:45.492,104.153,0.2617,0.1422,0.2019,0.7803,0.9533,DROWSY,3,25,Windows,unspecified
22:54:45.538,104.199,0.0666,0.0333,0.0499,0.7516,0.9533,DROWSY,4,26,Windows,unspecified
22:54:45.570,104.231,0.0744,0.0389,0.0566,0.7563,0.9533,DROWSY,5,27,Windows,unspecified
22:54:45.599,104.26,0.0401,0.0167,0.0284,0.7567,0.9533,DROWSY,6,28,Windows,unspecified
22:54:45.630,104.291,0.0682,0.0389,0.0535,0.7355,0.9533,DROWSY,7,29,Windows,unspecified
22:54:45.659,104.321,0.0499,0.0161,0.033,0.7418,0.9533,DROWSY,8,30,Windows,unspecified
22:54:45.694,104.355,0.0499,0.0,0.0249,0.762,0.9533,DROWSY,9,31,Windows,unspecified
22:54:45.729,104.39,0.0998,0.0161,0.0579,0.7674,0.9533,DROWSY,10,32,Windows,unspecified
22:54:45.754,104.415,0.0998,0.0376,0.0687,0.7554,0.9533,DROWSY,11,33,Windows,unspecified
22:54:45.793,104.454,0.0706,0.0312,0.0509,0.7484,0.9533,DROWSY,12,34,Windows,unspecified
22:54:45.816,104.477,0.0967,0.0156,0.0562,0.7589,0.9533,DROWSY,13,35,Windows,unspecified
22:54:45.853,104.514,0.0967,0.0376,0.0672,0.7511,0.9533,DROWSY,14,36,Windows,unspecified
22:54:45.880,104.541,0.0966,0.0303,0.0634,0.7602,0.9533,DROWSY,15,37,Windows,unspecified
22:54:45.931,104.593,0.0468,0.0366,0.0417,0.7785,0.9533,DROWSY,16,38,Windows,unspecified
22:54:45.957,104.618,0.0644,0.0312,0.0478,0.7865,0.9533,DROWSY,17,39,Windows,unspecified
22:54:45.997,104.658,0.0644,0.0312,0.0478,0.7745,0.9533,DROWSY,18,40,Windows,unspecified
22:54:46.021,104.682,0.0644,0.0377,0.051,0.7734,0.9533,DROWSY,19,41,Windows,unspecified
22:54:46.063,104.724,0.0683,0.0312,0.0498,0.7364,0.9533,DROWSY,20,42,Windows,unspecified
22:54:46.096,104.758,0.055,0.0312,0.0431,0.7174,0.9533,DROWSY,21,43,Windows,unspecified
22:54:46.131,104.792,0.0683,0.0,0.0341,0.6586,0.9533,DROWSY,22,44,Windows,unspecified
22:54:46.166,104.827,0.0844,0.0,0.0422,0.6397,0.9533,DROWSY,23,0,Windows,unspecified
22:54:46.192,104.853,0.0683,0.0,0.0341,0.5607,0.9533,DROWSY,24,0,Windows,unspecified
22:54:46.222,104.883,0.0706,0.0,0.0353,0.5603,0.9533,DROWSY,25,0,Windows,unspecified
22:54:46.257,104.918,0.05,0.0322,0.0411,0.4859,0.9533,DROWSY,26,0,Windows,unspecified
22:54:46.286,104.947,0.0667,0.0499,0.0583,0.4864,0.9533,DROWSY,27,0,Windows,unspecified
22:54:46.332,104.994,0.1062,0.0689,0.0876,0.4242,0.9533,DROWSY,28,0,Windows,unspecified
22:54:46.363,105.024,0.11,0.0688,0.0894,0.4278,0.9533,DROWSY,29,0,Windows,unspecified
22:54:46.400,105.061,0.125,0.0756,0.1003,0.4043,0.9533,DROWSY,30,0,Windows,unspecified
22:54:46.438,105.099,0.125,0.0923,0.1087,0.409,0.9533,DROWSY,31,0,Windows,unspecified
22:54:46.472,105.133,0.2222,0.196,0.2091,0.3917,0.9533,DROWSY,32,0,Windows,unspecified
22:54:46.503,105.164,0.2036,0.215,0.2093,0.3956,0.9533,DROWSY,33,0,Windows,unspecified
22:54:46.539,105.2,0.2617,0.2436,0.2527,0.3817,0.9467,DROWSY,0,0,Windows,unspecified
22:54:46.564,105.225,0.2801,0.2436,0.2618,0.3764,0.94,DROWSY,0,0,Windows,unspecified
22:54:46.595,105.256,0.2908,0.2436,0.2672,0.3786,0.9333,DROWSY,0,0,Windows,unspecified
22:54:46.629,105.29,0.2896,0.2436,0.2666,0.3835,0.9267,DROWSY,0,0,Windows,unspecified
22:54:46.658,105.319,0.2908,0.2436,0.2672,0.3903,0.92,DROWSY,0,0,Windows,unspecified
22:54:46.691,105.352,0.2718,0.2617,0.2667,0.3879,0.9133,DROWSY,0,0,Windows,unspecified
22:54:46.739,105.4,0.2908,0.2528,0.2718,0.3939,0.9067,DROWSY,0,0,Windows,unspecified
22:54:46.772,105.433,0.2896,0.2712,0.2804,0.392,0.9,DROWSY,0,0,Windows,unspecified
22:54:46.801,105.462,0.2801,0.2948,0.2874,0.3858,0.8933,DROWSY,0,0,Windows,unspecified
22:54:46.831,105.492,0.2978,0.2908,0.2943,0.3828,0.8867,DROWSY,0,0,Windows,unspecified
22:54:46.859,105.52,0.3168,0.2902,0.3035,0.387,0.88,DROWSY,0,0,Windows,unspecified
22:54:46.893,105.554,0.3168,0.2942,0.3055,0.3787,0.8733,DROWSY,0,0,Windows,unspecified
22:54:46.927,105.588,0.3282,0.3325,0.3303,0.3729,0.8667,DROWSY,0,0,Windows,unspecified
22:54:46.958,105.619,0.3473,0.3289,0.3381,0.3672,0.86,DROWSY,0,0,Windows,unspecified
22:54:46.990,105.651,0.3279,0.3099,0.3189,0.3801,0.8533,DROWSY,0,0,Windows,unspecified
22:54:47.019,105.68,0.3279,0.3087,0.3183,0.3805,0.8467,DROWSY,0,0,Windows,unspecified
22:54:47.056,105.717,0.3279,0.289,0.3084,0.386,0.84,DROWSY,0,0,Windows,unspecified
22:54:47.083,105.744,0.3279,0.3279,0.3279,0.3895,0.8333,DROWSY,0,0,Windows,unspecified
22:54:47.135,105.796,0.3156,0.2984,0.307,0.3883,0.8267,DROWSY,0,0,Windows,unspecified
22:54:47.161,105.822,0.2984,0.2795,0.2889,0.3809,0.82,DROWSY,0,0,Windows,unspecified
22:54:47.196,105.857,0.2896,0.2942,0.2919,0.3806,0.8133,DROWSY,0,0,Windows,unspecified
22:54:47.223,105.884,0.2908,0.289,0.2899,0.3828,0.8067,DROWSY,0,0,Windows,unspecified
22:54:47.261,105.922,0.2801,0.2795,0.2798,0.3863,0.8,DROWSY,0,0,Windows,unspecified
22:54:47.286,105.948,0.2908,0.2795,0.2851,0.386,0.7933,DROWSY,0,0,Windows,unspecified
22:54:47.328,105.989,0.2984,0.2733,0.2858,0.3862,0.7867,DROWSY,0,0,Windows,unspecified
22:54:47.364,106.025,0.2978,0.2978,0.2978,0.3887,0.78,DROWSY,0,0,Windows,unspecified
22:54:47.395,106.057,0.3161,0.3161,0.3161,0.3912,0.7733,DROWSY,0,0,Windows,unspecified
22:54:47.427,106.088,0.3282,0.3168,0.3225,0.3949,0.7667,DROWSY,0,0,Windows,unspecified
22:54:47.454,106.115,0.3272,0.3168,0.322,0.4047,0.76,DROWSY,0,0,Windows,unspecified
22:54:47.486,106.147,0.3272,0.3055,0.3163,0.3986,0.7533,DROWSY,0,0,Windows,unspecified
22:54:47.535,106.196,0.315,0.3088,0.3119,0.4022,0.7467,DROWSY,0,0,Windows,unspecified
22:54:47.564,106.225,0.3161,0.3088,0.3124,0.3862,0.74,DROWSY,0,0,Windows,unspecified
22:54:47.600,106.261,0.3168,0.2972,0.307,0.3955,0.7333,DROWSY,0,0,Windows,unspecified
22:54:47.627,106.288,0.3168,0.2984,0.3076,0.3916,0.7267,DROWSY,0,0,Windows,unspecified
22:54:47.664,106.325,0.3087,0.2978,0.3032,0.3956,0.72,DROWSY,0,0,Windows,unspecified
22:54:47.690,106.351,0.3158,0.2872,0.3015,0.3879,0.7133,DROWSY,0,0,Windows,unspecified
22:54:47.724,106.385,0.2984,0.2978,0.2981,0.3917,0.7067,DROWSY,0,0,Windows,unspecified
22:54:47.751,106.412,0.3158,0.3161,0.3159,0.4034,0.7,DROWSY,0,0,Windows,unspecified
22:54:47.791,106.452,0.3352,0.3078,0.3215,0.4034,0.6933,DROWSY,0,0,Windows,unspecified
22:54:47.814,106.475,0.3352,0.3078,0.3215,0.4058,0.6867,DROWSY,0,0,Windows,unspecified
22:54:47.855,106.516,0.3536,0.3078,0.3307,0.3977,0.68,DROWSY,0,0,Windows,unspecified
22:54:47.890,106.551,0.3536,0.3255,0.3395,0.3915,0.6733,DROWSY,0,0,Windows,unspecified
22:54:47.934,106.595,0.3261,0.3168,0.3215,0.3891,0.6667,DROWSY,0,0,Windows,unspecified
22:54:47.967,106.628,0.3222,0.3055,0.3138,0.3867,0.66,DROWSY,0,0,Windows,unspecified
22:54:48.000,106.661,0.3352,0.3055,0.3203,0.4007,0.6533,DROWSY,0,0,Windows,unspecified
22:54:48.031,106.692,0.3352,0.3168,0.326,0.4007,0.6467,DROWSY,0,0,Windows,unspecified
22:54:48.064,106.725,0.3341,0.3055,0.3198,0.3954,0.64,DROWSY,0,0,Windows,unspecified
22:54:48.093,106.754,0.3352,0.3045,0.3198,0.3954,0.6333,DROWSY,0,0,Windows,unspecified
22:54:48.128,106.789,0.3352,0.3055,0.3203,0.3915,0.6267,DROWSY,0,0,Windows,unspecified
22:54:48.156,106.818,0.3536,0.3082,0.3309,0.3864,0.62,DROWSY,0,0,Windows,unspecified
22:54:48.188,106.85,0.3536,0.3082,0.3309,0.376,0.6133,DROWSY,0,0,Windows,unspecified
22:54:48.217,106.878,0.3536,0.3082,0.3309,0.376,0.6067,DROWSY,0,0,Windows,unspecified
22:54:48.253,106.914,0.3528,0.3394,0.3461,0.3801,0.6,DROWSY,0,0,Windows,unspecified
22:54:48.280,106.941,0.3528,0.3403,0.3466,0.3801,0.5933,DROWSY,0,0,Windows,unspecified
22:54:48.337,106.998,0.3394,0.3286,0.334,0.3956,0.5867,DROWSY,0,0,Windows,unspecified
22:54:48.358,107.019,0.3423,0.3432,0.3428,0.3956,0.58,DROWSY,0,0,Windows,unspecified
22:54:48.402,107.063,0.3528,0.3403,0.3466,0.394,0.5733,DROWSY,0,0,Windows,unspecified
22:54:48.438,107.1,0.3519,0.3403,0.3461,0.3857,0.5667,DROWSY,0,0,Windows,unspecified
22:54:48.467,107.128,0.3394,0.3432,0.3413,0.3846,0.56,DROWSY,0,0,Windows,unspecified
22:54:48.500,107.161,0.3403,0.3432,0.3418,0.381,0.5533,DROWSY,0,0,Windows,unspecified
22:54:48.529,107.19,0.3536,0.358,0.3558,0.377,0.5467,DROWSY,0,0,Windows,unspecified
22:54:48.562,107.223,0.3528,0.3401,0.3464,0.3821,0.54,DROWSY,0,0,Windows,unspecified
22:54:48.597,107.258,0.3519,0.3278,0.3398,0.3857,0.5333,DROWSY,0,0,Windows,unspecified
22:54:48.625,107.286,0.3336,0.3115,0.3225,0.3857,0.5267,DROWSY,0,0,Windows,unspecified
22:54:48.658,107.319,0.3336,0.3115,0.3225,0.3932,0.52,DROWSY,0,0,Windows,unspecified
22:54:48.691,107.352,0.3519,0.3115,0.3317,0.3932,0.5133,DROWSY,0,0,Windows,unspecified
22:54:48.754,107.415,0.3519,0.3115,0.3317,0.3932,0.5067,DROWSY,0,0,Windows,unspecified
22:54:48.782,107.443,0.3519,0.3115,0.3317,0.4064,0.5,DROWSY,0,0,Windows,unspecified
22:54:48.814,107.475,0.3519,0.2944,0.3232,0.4011,0.4933,DROWSY,0,0,Windows,unspecified
22:54:48.842,107.503,0.3334,0.2944,0.3139,0.3932,0.4867,DROWSY,0,0,Windows,unspecified
22:54:48.874,107.535,0.3519,0.3394,0.3457,0.3932,0.48,DROWSY,0,0,Windows,unspecified
22:54:48.907,107.568,0.3323,0.3206,0.3264,0.3912,0.4733,DROWSY,0,0,Windows,unspecified
22:54:48.938,107.599,0.3334,0.3206,0.327,0.3912,0.4667,DROWSY,0,0,Windows,unspecified
22:54:48.968,107.629,0.3334,0.3216,0.3275,0.3912,0.46,DROWSY,0,0,Windows,unspecified
22:54:48.999,107.66,0.3336,0.3217,0.3276,0.3912,0.4533,DROWSY,0,0,Windows,unspecified
22:54:49.031,107.692,0.3519,0.3403,0.3461,0.393,0.4467,DROWSY,0,0,Windows,unspecified
22:54:49.072,107.733,0.3384,0.3394,0.3389,0.393,0.44,DROWSY,0,0,Windows,unspecified
22:54:49.107,107.768,0.3384,0.3394,0.3389,0.3875,0.4333,DROWSY,0,0,Windows,unspecified
22:54:49.137,107.798,0.3384,0.3216,0.33,0.3935,0.4267,DROWSY,0,0,Windows,unspecified
22:54:49.169,107.831,0.3384,0.3394,0.3389,0.3935,0.42,DROWSY,0,0,Windows,unspecified
22:54:49.203,107.864,0.3562,0.3571,0.3567,0.4038,0.4133,DROWSY,0,0,Windows,unspecified
22:54:49.232,107.893,0.3394,0.3571,0.3483,0.3947,0.4067,DROWSY,0,0,Windows,unspecified
22:54:49.265,107.926,0.3703,0.3394,0.3548,0.3993,0.4,DROWSY,0,0,Windows,unspecified
22:54:49.295,107.956,0.369,0.3394,0.3542,0.3997,0.3933,DROWSY,0,0,Windows,unspecified
22:54:49.327,107.989,0.3874,0.3571,0.3723,0.3932,0.3867,DROWSY,0,0,Windows,unspecified
22:54:49.357,108.018,0.3874,0.3738,0.3806,0.3932,0.38,DROWSY,0,0,Windows,unspecified
22:54:49.390,108.051,0.3874,0.3738,0.3806,0.3932,0.3733,DROWSY,0,0,Windows,unspecified
22:54:49.420,108.081,0.3874,0.3738,0.3806,0.3985,0.3667,DROWSY,0,0,Windows,unspecified
22:54:49.469,108.13,0.3874,0.3618,0.3746,0.3985,0.36,DROWSY,0,0,Windows,unspecified
22:54:49.496,108.157,0.3874,0.3618,0.3746,0.3985,0.3533,DROWSY,0,0,Windows,unspecified
22:54:49.536,108.197,0.3874,0.3643,0.3759,0.3879,0.3467,NORMAL,0,0,Windows,unspecified
22:54:49.559,108.221,0.3874,0.3772,0.3823,0.3879,0.34,NORMAL,0,0,Windows,unspecified
22:54:49.599,108.26,0.3874,0.3772,0.3823,0.394,0.3333,NORMAL,0,0,Windows,unspecified
22:54:49.620,108.281,0.3738,0.3772,0.3755,0.3889,0.3267,NORMAL,0,0,Windows,unspecified
22:54:49.662,108.323,0.3772,0.3618,0.3695,0.3866,0.32,NORMAL,0,0,Windows,unspecified
22:54:49.686,108.347,0.3746,0.3635,0.3691,0.3866,0.3133,NORMAL,0,0,Windows,unspecified
22:54:49.724,108.385,0.408,0.3825,0.3953,0.375,0.3067,NORMAL,0,0,Windows,unspecified
22:54:49.763,108.424,0.4112,0.3784,0.3948,0.3827,0.3,NORMAL,0,0,Windows,unspecified
22:54:49.794,108.455,0.408,0.3784,0.3932,0.3879,0.2933,NORMAL,0,0,Windows,unspecified
22:54:49.826,108.487,0.3935,0.3784,0.3859,0.3932,0.2867,NORMAL,0,0,Windows,unspecified
22:54:49.867,108.529,0.408,0.3784,0.3932,0.3956,0.28,NORMAL,0,0,Windows,unspecified
22:54:49.905,108.566,0.408,0.3784,0.3932,0.3893,0.2733,NORMAL,0,0,Windows,unspecified
22:54:49.935,108.596,0.3746,0.3959,0.3852,0.3893,0.2667,NORMAL,0,0,Windows,unspecified
22:54:49.967,108.628,0.3746,0.3784,0.3765,0.3893,0.26,NORMAL,0,0,Windows,unspecified
22:54:49.998,108.66,0.3883,0.3784,0.3833,0.3906,0.2533,NORMAL,0,0,Windows,unspecified
22:54:50.028,108.689,0.3883,0.3772,0.3827,0.3906,0.2467,NORMAL,0,0,Windows,unspecified
22:54:50.065,108.726,0.3746,0.3772,0.3759,0.3956,0.24,NORMAL,0,0,Windows,unspecified
22:54:50.091,108.752,0.3746,0.3772,0.3759,0.3956,0.2333,NORMAL,0,0,Windows,unspecified
22:54:50.129,108.79,0.3746,0.3618,0.3682,0.3932,0.2267,NORMAL,0,0,Windows,unspecified
22:54:50.154,108.815,0.3883,0.361,0.3746,0.3932,0.2267,NORMAL,0,0,Windows,unspecified
22:54:50.191,108.852,0.3712,0.361,0.3661,0.3932,0.2267,NORMAL,0,0,Windows,unspecified
22:54:50.214,108.875,0.3703,0.361,0.3656,0.3857,0.2267,NORMAL,0,0,Windows,unspecified
22:54:50.272,108.933,0.3703,0.3738,0.372,0.3857,0.2267,NORMAL,0,0,Windows,unspecified
22:54:50.296,108.958,0.358,0.3738,0.3659,0.3896,0.22,NORMAL,0,0,Windows,unspecified
22:54:50.337,108.998,0.3757,0.3449,0.3603,0.3812,0.22,NORMAL,0,0,Windows,unspecified
22:54:50.372,109.033,0.3757,0.3621,0.3689,0.386,0.22,NORMAL,0,0,Windows,unspecified
22:54:50.403,109.064,0.3757,0.3792,0.3775,0.386,0.22,NORMAL,0,0,Windows,unspecified
22:54:50.434,109.096,0.3757,0.3792,0.3775,0.3821,0.2133,NORMAL,0,0,Windows,unspecified
22:54:50.466,109.127,0.2612,0.2696,0.2654,0.386,0.2067,NORMAL,0,0,Windows,unspecified
22:54:50.498,109.159,0.2419,0.2524,0.2471,0.3857,0.2,NORMAL,0,0,Windows,unspecified
22:54:50.528,109.189,0.0558,0.0333,0.0445,0.3955,0.2,NORMAL,1,0,Windows,unspecified
22:54:50.561,109.222,0.0402,0.0161,0.0282,0.3998,0.2,NORMAL,2,0,Windows,unspecified
22:54:50.593,109.254,0.1062,0.0862,0.0962,0.3956,0.2,NORMAL,3,0,Windows,unspecified
22:54:50.622,109.284,0.1428,0.125,0.1339,0.3956,0.2,NORMAL,4,0,Windows,unspecified
22:54:50.667,109.328,0.1964,0.2055,0.201,0.3973,0.2,NORMAL,5,0,Windows,unspecified
22:54:50.700,109.361,0.2421,0.2423,0.2422,0.3957,0.1933,NORMAL,0,0,Windows,unspecified
22:54:50.733,109.394,0.2789,0.2691,0.274,0.3932,0.1867,NORMAL,0,0,Windows,unspecified
22:54:50.761,109.422,0.2789,0.2691,0.274,0.4011,0.18,NORMAL,0,0,Windows,unspecified
22:54:50.797,109.458,0.3156,0.2866,0.3011,0.4011,0.1733,NORMAL,0,0,Windows,unspecified
22:54:50.824,109.485,0.3156,0.3045,0.3101,0.4034,0.1667,NORMAL,0,0,Windows,unspecified
22:54:50.864,109.525,0.3156,0.3055,0.3106,0.4034,0.16,NORMAL,0,0,Windows,unspecified
22:54:50.888,109.549,0.3168,0.3055,0.3111,0.4096,0.1533,NORMAL,0,0,Windows,unspecified
22:54:50.927,109.588,0.3168,0.3045,0.3106,0.4019,0.1467,NORMAL,0,0,Windows,unspecified
22:54:50.950,109.612,0.3168,0.3078,0.3123,0.3956,0.14,NORMAL,0,0,Windows,unspecified
22:54:50.991,109.652,0.3168,0.3088,0.3128,0.3932,0.1333,NORMAL,0,0,Windows,unspecified
22:54:51.014,109.675,0.3168,0.3261,0.3215,0.3857,0.1267,NORMAL,0,0,Windows,unspecified
22:54:51.070,109.731,0.3168,0.3261,0.3215,0.3827,0.12,NORMAL,0,0,Windows,unspecified
22:54:51.109,109.77,0.3168,0.3261,0.3215,0.3852,0.1133,NORMAL,0,0,Windows,unspecified
22:54:51.139,109.8,0.3168,0.3255,0.3211,0.3852,0.1067,NORMAL,0,0,Windows,unspecified
22:54:51.170,109.831,0.3168,0.3255,0.3211,0.3852,0.1,NORMAL,0,0,Windows,unspecified
22:54:51.203,109.864,0.3528,0.3255,0.3392,0.3889,0.0933,NORMAL,0,0,Windows,unspecified
22:54:51.234,109.896,0.3528,0.3403,0.3466,0.3932,0.0867,NORMAL,0,0,Windows,unspecified
22:54:51.266,109.928,0.3528,0.3403,0.3466,0.3867,0.08,NORMAL,0,0,Windows,unspecified
22:54:51.298,109.959,0.3528,0.358,0.3554,0.3928,0.0733,NORMAL,0,0,Windows,unspecified
22:54:51.328,109.989,0.3403,0.3569,0.3486,0.3928,0.0667,NORMAL,0,0,Windows,unspecified
22:54:51.360,110.021,0.3432,0.3569,0.3501,0.3854,0.06,NORMAL,0,0,Windows,unspecified
22:54:51.388,110.05,0.3432,0.3457,0.3445,0.3917,0.0533,NORMAL,0,0,Windows,unspecified
22:54:51.424,110.085,0.3432,0.3286,0.3359,0.3994,0.0467,NORMAL,0,0,Windows,unspecified
22:54:51.471,110.133,0.3519,0.3403,0.3461,0.3994,0.04,NORMAL,0,0,Windows,unspecified
22:54:51.503,110.164,0.3519,0.3216,0.3368,0.3994,0.0333,NORMAL,0,0,Windows,unspecified
22:54:51.533,110.194,0.0558,0.087,0.0714,0.394,0.04,NORMAL,1,0,Windows,unspecified
22:54:51.567,110.228,0.0333,0.0323,0.0328,0.3962,0.0467,NORMAL,2,0,Windows,unspecified
22:54:51.601,110.262,0.0333,0.0312,0.0323,0.3843,0.0533,NORMAL,3,0,Windows,unspecified
22:54:51.629,110.29,0.0333,0.0221,0.0277,0.377,0.06,NORMAL,4,0,Windows,unspecified
22:54:51.665,110.326,0.0921,0.0389,0.0655,0.3758,0.0667,NORMAL,5,0,Windows,unspecified
22:54:51.692,110.353,0.0999,0.0569,0.0784,0.3855,0.0733,NORMAL,6,0,Windows,unspecified
22:54:51.724,110.385,0.1707,0.1235,0.1471,0.3835,0.08,NORMAL,7,0,Windows,unspecified
22:54:51.754,110.416,0.2069,0.1741,0.1905,0.3852,0.0867,NORMAL,8,0,Windows,unspecified
22:54:51.792,110.453,0.2706,0.232,0.2513,0.3926,0.0867,NORMAL,0,0,Windows,unspecified
22:54:51.817,110.478,0.2898,0.2498,0.2698,0.3942,0.0867,NORMAL,0,0,Windows,unspecified
22:54:51.867,110.528,0.3279,0.2677,0.2978,0.3888,0.0867,NORMAL,0,0,Windows,unspecified
22:54:51.895,110.556,0.3168,0.2861,0.3014,0.3868,0.0867,NORMAL,0,0,Windows,unspecified
22:54:51.933,110.594,0.3168,0.3161,0.3165,0.3809,0.0867,NORMAL,0,0,Windows,unspecified
22:54:51.959,110.62,0.3168,0.3161,0.3165,0.3809,0.0867,NORMAL,0,0,Windows,unspecified
22:54:51.996,110.657,0.3345,0.3216,0.328,0.3888,0.0867,NORMAL,0,0,Windows,unspecified
22:54:52.021,110.683,0.3528,0.3345,0.3437,0.3883,0.0867,NORMAL,0,0,Windows,unspecified
22:54:52.061,110.722,0.3168,0.3168,0.3168,0.3878,0.0867,NORMAL,0,0,Windows,unspecified
22:54:52.098,110.759,0.314,0.2984,0.3062,0.3886,0.0867,NORMAL,0,0,Windows,unspecified
22:54:52.129,110.79,0.314,0.2866,0.3003,0.3904,0.0867,NORMAL,0,0,Windows,unspecified
22:54:52.161,110.822,0.314,0.2855,0.2997,0.3831,0.0867,NORMAL,0,0,Windows,unspecified
22:54:52.189,110.851,0.3334,0.3045,0.319,0.3868,0.0867,NORMAL,0,0,Windows,unspecified
22:54:52.222,110.883,0.3334,0.3055,0.3195,0.3868,0.0867,NORMAL,0,0,Windows,unspecified
22:54:52.272,110.934,0.3403,0.3055,0.3229,0.386,0.0867,NORMAL,0,0,Windows,unspecified
22:54:52.300,110.961,0.3394,0.3088,0.3241,0.3921,0.0867,NORMAL,0,0,Windows,unspecified
22:54:52.331,110.992,0.3345,0.3049,0.3197,0.3879,0.0867,NORMAL,0,0,Windows,unspecified
22:54:52.363,111.024,0.3226,0.3039,0.3132,0.3932,0.0867,NORMAL,0,0,Windows,unspecified
22:54:52.401,111.062,0.3226,0.3039,0.3132,0.3896,0.0867,NORMAL,0,0,Windows,unspecified
22:54:52.427,111.088,0.3216,0.3039,0.3128,0.3896,0.0867,NORMAL,0,0,Windows,unspecified
22:54:52.465,111.126,0.3206,0.3216,0.3211,0.3896,0.0867,NORMAL,0,0,Windows,unspecified
22:54:52.489,111.15,0.3206,0.3216,0.3211,0.3931,0.0867,NORMAL,0,0,Windows,unspecified
22:54:52.526,111.187,0.3206,0.3216,0.3211,0.3879,0.0867,NORMAL,0,0,Windows,unspecified
22:54:52.551,111.212,0.3206,0.3039,0.3123,0.3879,0.0867,NORMAL,0,0,Windows,unspecified
22:54:52.591,111.252,0.3206,0.3039,0.3123,0.3876,0.0867,NORMAL,0,0,Windows,unspecified
22:54:52.616,111.277,0.3206,0.3039,0.3123,0.3901,0.0867,NORMAL,0,0,Windows,unspecified
22:54:52.673,111.334,0.3151,0.3216,0.3184,0.394,0.0867,NORMAL,0,0,Windows,unspecified
22:54:52.709,111.37,0.3151,0.3216,0.3184,0.394,0.0867,NORMAL,0,0,Windows,unspecified
22:54:52.738,111.399,0.3151,0.3216,0.3184,0.3881,0.0867,NORMAL,0,0,Windows,unspecified
22:54:52.771,111.432,0.3151,0.3039,0.3095,0.3859,0.0867,NORMAL,0,0,Windows,unspecified
22:54:52.802,111.464,0.3151,0.3039,0.3095,0.3901,0.0867,NORMAL,0,0,Windows,unspecified
22:54:52.836,111.497,0.3151,0.3038,0.3094,0.3882,0.0867,NORMAL,0,0,Windows,unspecified
22:54:52.866,111.527,0.3151,0.3226,0.3188,0.3882,0.0867,NORMAL,0,0,Windows,unspecified
22:54:52.898,111.559,0.3151,0.3226,0.3188,0.3881,0.0867,NORMAL,0,0,Windows,unspecified
22:54:52.931,111.592,0.3158,0.3049,0.3103,0.385,0.0867,NORMAL,0,0,Windows,unspecified
22:54:52.958,111.619,0.3158,0.3049,0.3103,0.3901,0.0867,NORMAL,0,0,Windows,unspecified
22:54:52.992,111.653,0.3341,0.3049,0.3195,0.386,0.0867,NORMAL,0,0,Windows,unspecified
22:54:53.022,111.683,0.3526,0.3039,0.3283,0.386,0.0867,NORMAL,0,0,Windows,unspecified
22:54:53.073,111.734,0.3526,0.3028,0.3277,0.3896,0.0867,NORMAL,0,0,Windows,unspecified
22:54:53.100,111.762,0.3526,0.3028,0.3277,0.3896,0.0867,NORMAL,0,0,Windows,unspecified
22:54:53.136,111.797,0.3526,0.3038,0.3282,0.3857,0.0867,NORMAL,0,0,Windows,unspecified
22:54:53.163,111.824,0.3526,0.3049,0.3288,0.3901,0.0867,NORMAL,0,0,Windows,unspecified
22:54:53.199,111.86,0.3526,0.3049,0.3288,0.3901,0.0867,NORMAL,0,0,Windows,unspecified
22:54:53.225,111.886,0.3526,0.3403,0.3465,0.3901,0.0867,NORMAL,0,0,Windows,unspecified
22:54:53.260,111.921,0.3526,0.3049,0.3288,0.3927,0.0867,NORMAL,0,0,Windows,unspecified
22:54:53.288,111.949,0.3158,0.3049,0.3103,0.3909,0.0867,NORMAL,0,0,Windows,unspecified
22:54:53.327,111.988,0.3158,0.3039,0.3098,0.3877,0.0867,NORMAL,0,0,Windows,unspecified
22:54:53.352,112.013,0.3028,0.3216,0.3122,0.3921,0.0867,NORMAL,0,0,Windows,unspecified
22:54:53.389,112.05,0.3161,0.3115,0.3138,0.3856,0.0867,NORMAL,0,0,Windows,unspecified
22:54:53.413,112.074,0.3352,0.3226,0.3289,0.3933,0.0867,NORMAL,0,0,Windows,unspecified
22:54:53.469,112.13,0.3161,0.3226,0.3194,0.393,0.0867,NORMAL,0,0,Windows,unspecified
22:54:53.494,112.155,0.3151,0.3226,0.3188,0.393,0.0867,NORMAL,0,0,Windows,unspecified
22:54:53.532,112.193,0.3161,0.3226,0.3194,0.3894,0.0867,NORMAL,0,0,Windows,unspecified
22:54:53.556,112.217,0.3161,0.3255,0.3208,0.3855,0.0867,NORMAL,0,0,Windows,unspecified
22:54:53.597,112.258,0.3161,0.3115,0.3138,0.393,0.0867,NORMAL,0,0,Windows,unspecified
22:54:53.636,112.297,0.3049,0.3115,0.3082,0.3952,0.0867,NORMAL,0,0,Windows,unspecified
22:54:53.667,112.328,0.3223,0.3115,0.3169,0.3859,0.0867,NORMAL,0,0,Windows,unspecified
22:54:53.699,112.36,0.3401,0.3394,0.3397,0.3894,0.0867,NORMAL,0,0,Windows,unspecified
22:54:53.728,112.389,0.3401,0.3394,0.3397,0.3843,0.0867,NORMAL,0,0,Windows,unspecified
22:54:53.763,112.424,0.3401,0.3393,0.3397,0.3806,0.0867,NORMAL,0,0,Windows,unspecified
22:54:53.793,112.454,0.3401,0.3394,0.3397,0.3843,0.0867,NORMAL,0,0,Windows,unspecified
22:54:53.821,112.482,0.3401,0.3394,0.3397,0.3843,0.0867,NORMAL,0,0,Windows,unspecified
22:54:53.870,112.531,0.3394,0.3382,0.3388,0.3843,0.0867,NORMAL,0,0,Windows,unspecified
22:54:53.902,112.563,0.3519,0.3382,0.3451,0.3896,0.0867,NORMAL,0,0,Windows,unspecified
22:54:53.932,112.593,0.3528,0.3392,0.346,0.3915,0.0867,NORMAL,0,0,Windows,unspecified
22:54:53.964,112.625,0.3226,0.3277,0.3251,0.3821,0.0867,NORMAL,0,0,Windows,unspecified
22:54:54.000,112.661,0.3403,0.3268,0.3335,0.3821,0.0867,NORMAL,0,0,Windows,unspecified
22:54:54.031,112.692,0.3403,0.3383,0.3393,0.3782,0.0867,NORMAL,0,0,Windows,unspecified
22:54:54.060,112.721,0.3403,0.3383,0.3393,0.3835,0.0867,NORMAL,0,0,Windows,unspecified
22:54:54.091,112.752,0.3403,0.3383,0.3393,0.3817,0.0867,NORMAL,0,0,Windows,unspecified
22:54:54.124,112.785,0.3226,0.3268,0.3247,0.3817,0.0867,NORMAL,0,0,Windows,unspecified
22:54:54.154,112.815,0.3226,0.3268,0.3247,0.3855,0.0867,NORMAL,0,0,Windows,unspecified
22:54:54.193,112.854,0.3403,0.3277,0.334,0.3855,0.0867,NORMAL,0,0,Windows,unspecified
22:54:54.231,112.892,0.3528,0.3277,0.3402,0.3906,0.0867,NORMAL,0,0,Windows,unspecified
22:54:54.273,112.934,0.3528,0.3392,0.346,0.3853,0.0867,NORMAL,0,0,Windows,unspecified
22:54:54.308,112.969,0.3528,0.3392,0.346,0.3853,0.0867,NORMAL,0,0,Windows,unspecified
22:54:54.337,112.998,0.3528,0.3403,0.3466,0.3991,0.0867,NORMAL,0,0,Windows,unspecified
22:54:54.372,113.033,0.3528,0.3403,0.3466,0.3991,0.0867,NORMAL,0,0,Windows,unspecified
22:54:54.402,113.064,0.3528,0.3403,0.3466,0.3991,0.0867,NORMAL,0,0,Windows,unspecified
22:54:54.433,113.094,0.3345,0.3403,0.3374,0.3954,0.0867,NORMAL,0,0,Windows,unspecified
22:54:54.463,113.124,0.3536,0.3403,0.3469,0.3954,0.0867,NORMAL,0,0,Windows,unspecified
22:54:54.493,113.155,0.372,0.3394,0.3557,0.3967,0.0867,NORMAL,0,0,Windows,unspecified
22:54:54.529,113.19,0.3528,0.3403,0.3466,0.3991,0.0867,NORMAL,0,0,Windows,unspecified
22:54:54.559,113.22,0.3528,0.3403,0.3466,0.3967,0.0867,NORMAL,0,0,Windows,unspecified
22:54:54.593,113.254,0.3528,0.3403,0.3466,0.3991,0.0867,NORMAL,0,0,Windows,unspecified
22:54:54.623,113.284,0.3528,0.3392,0.346,0.3991,0.0867,NORMAL,0,0,Windows,unspecified
22:54:54.671,113.332,0.3345,0.3392,0.3368,0.3954,0.0867,NORMAL,0,0,Windows,unspecified
22:54:54.703,113.364,0.3536,0.3392,0.3464,0.3954,0.0867,NORMAL,0,0,Windows,unspecified
22:54:54.735,113.397,0.3528,0.3392,0.346,0.3948,0.0867,NORMAL,0,0,Windows,unspecified
22:54:54.764,113.425,0.3528,0.3392,0.346,0.3932,0.0867,NORMAL,0,0,Windows,unspecified
22:54:54.799,113.46,0.3528,0.3392,0.346,0.3932,0.0867,NORMAL,0,0,Windows,unspecified
22:54:54.826,113.487,0.3528,0.3277,0.3402,0.397,0.0867,NORMAL,0,0,Windows,unspecified
22:54:54.864,113.526,0.3049,0.3383,0.3216,0.397,0.0867,NORMAL,0,0,Windows,unspecified
22:54:54.889,113.55,0.3409,0.3383,0.3396,0.3854,0.0867,NORMAL,0,0,Windows,unspecified
22:54:54.924,113.585,0.3409,0.3206,0.3308,0.384,0.0867,NORMAL,0,0,Windows,unspecified
22:54:54.952,113.613,0.3401,0.3216,0.3308,0.384,0.0867,NORMAL,0,0,Windows,unspecified
22:54:54.991,113.653,0.1272,0.1206,0.1239,0.3857,0.0933,NORMAL,1,0,Windows,unspecified
22:54:55.014,113.675,0.0921,0.0862,0.0892,0.3917,0.1,NORMAL,2,0,Windows,unspecified
22:54:55.069,113.73,0.114,0.0862,0.1001,0.3917,0.1067,NORMAL,3,0,Windows,unspecified
22:54:55.090,113.751,0.117,0.0862,0.1016,0.3969,0.1133,NORMAL,4,0,Windows,unspecified
22:54:55.136,113.797,0.1526,0.1301,0.1413,0.3993,0.12,NORMAL,5,0,Windows,unspecified
22:54:55.168,113.829,0.1561,0.1473,0.1517,0.3993,0.1267,NORMAL,6,0,Windows,unspecified
22:54:55.198,113.859,0.2322,0.1995,0.2159,0.3917,0.1333,NORMAL,7,0,Windows,unspecified
22:54:55.229,113.89,0.2324,0.2251,0.2287,0.3917,0.14,NORMAL,8,0,Windows,unspecified
22:54:55.263,113.924,0.2802,0.2801,0.2802,0.3881,0.14,NORMAL,0,0,Windows,unspecified
22:54:55.293,113.954,0.2986,0.2795,0.289,0.3881,0.14,NORMAL,0,0,Windows,unspecified
22:54:55.325,113.986,0.2986,0.2978,0.2982,0.3881,0.14,NORMAL,0,0,Windows,unspecified
22:54:55.354,114.016,0.2984,0.2978,0.2981,0.3881,0.14,NORMAL,0,0,Windows,unspecified
22:54:55.390,114.051,0.3352,0.3049,0.32,0.3857,0.14,NORMAL,0,0,Windows,unspecified
22:54:55.417,114.078,0.3352,0.3226,0.3289,0.3857,0.14,NORMAL,0,0,Windows,unspecified
22:54:55.468,114.129,0.3341,0.3226,0.3284,0.3895,0.14,NORMAL,0,0,Windows,unspecified
22:54:55.497,114.159,0.3222,0.3226,0.3224,0.3954,0.14,NORMAL,0,0,Windows,unspecified
22:54:55.536,114.197,0.3222,0.3049,0.3136,0.3954,0.1333,NORMAL,0,0,Windows,unspecified
22:54:55.562,114.223,0.3045,0.3038,0.3041,0.3872,0.1267,NORMAL,0,0,Windows,unspecified
22:54:55.600,114.261,0.3168,0.3334,0.3251,0.3872,0.12,NORMAL,0,0,Windows,unspecified
22:54:55.625,114.286,0.3168,0.3334,0.3251,0.3872,0.1133,NORMAL,0,0,Windows,unspecified
22:54:55.663,114.324,0.3352,0.3345,0.3348,0.3821,0.1067,NORMAL,0,0,Windows,unspecified
22:54:55.690,114.351,0.3352,0.3345,0.3348,0.384,0.1067,NORMAL,0,0,Windows,unspecified
22:54:55.724,114.385,0.3352,0.3345,0.3348,0.384,0.1067,NORMAL,0,0,Windows,unspecified
22:54:55.750,114.411,0.3536,0.3345,0.344,0.3877,0.1067,NORMAL,0,0,Windows,unspecified
22:54:55.793,114.454,0.3536,0.3345,0.344,0.3783,0.1067,NORMAL,0,0,Windows,unspecified
22:54:55.829,114.49,0.3536,0.3226,0.3381,0.3783,0.1067,NORMAL,0,0,Windows,unspecified
22:54:55.873,114.534,0.3536,0.3216,0.3376,0.384,0.1067,NORMAL,0,0,Windows,unspecified
22:54:55.907,114.568,0.3536,0.3216,0.3376,0.384,0.1067,NORMAL,0,0,Windows,unspecified
22:54:55.937,114.598,0.3536,0.3216,0.3376,0.3857,0.1067,NORMAL,0,0,Windows,unspecified
22:54:55.969,114.63,0.3536,0.3216,0.3376,0.3896,0.1067,NORMAL,0,0,Windows,unspecified
22:54:56.001,114.663,0.3536,0.3216,0.3376,0.3908,0.1067,NORMAL,0,0,Windows,unspecified
22:54:56.032,114.693,0.3536,0.3216,0.3376,0.3908,0.1067,NORMAL,0,0,Windows,unspecified
22:54:56.063,114.725,0.3409,0.3216,0.3313,0.3954,0.1067,NORMAL,0,0,Windows,unspecified
22:54:56.094,114.755,0.3232,0.3216,0.3224,0.3892,0.1067,NORMAL,0,0,Windows,unspecified
22:54:56.128,114.789,0.3232,0.3216,0.3224,0.3872,0.1067,NORMAL,0,0,Windows,unspecified
22:54:56.157,114.818,0.3352,0.3216,0.3284,0.3872,0.1067,NORMAL,0,0,Windows,unspecified
22:54:56.190,114.851,0.3055,0.3216,0.3135,0.3908,0.1067,NORMAL,0,0,Windows,unspecified
22:54:56.221,114.882,0.3168,0.3216,0.3192,0.3969,0.1067,NORMAL,0,0,Windows,unspecified
22:54:56.272,114.933,0.3168,0.3216,0.3192,0.3917,0.1067,NORMAL,0,0,Windows,unspecified
22:54:56.297,114.958,0.3168,0.3216,0.3192,0.3917,0.1067,NORMAL,0,0,Windows,unspecified
22:54:56.333,114.994,0.3352,0.3216,0.3284,0.3857,0.1067,NORMAL,0,0,Windows,unspecified
22:54:56.363,115.024,0.3352,0.3216,0.3284,0.3917,0.1067,NORMAL,0,0,Windows,unspecified
22:54:56.400,115.061,0.3352,0.3216,0.3284,0.3956,0.1067,NORMAL,0,0,Windows,unspecified
22:54:56.441,115.102,0.3232,0.3216,0.3224,0.3857,0.1067,NORMAL,0,0,Windows,unspecified
22:54:56.470,115.131,0.3232,0.3216,0.3224,0.394,0.1067,NORMAL,0,0,Windows,unspecified
22:54:56.503,115.164,0.3232,0.3216,0.3224,0.3932,0.1067,NORMAL,0,0,Windows,unspecified
22:54:56.535,115.196,0.3232,0.3216,0.3224,0.3932,0.1,NORMAL,0,0,Windows,unspecified
22:54:56.563,115.224,0.3222,0.3216,0.3219,0.3932,0.0933,NORMAL,0,0,Windows,unspecified
22:54:56.597,115.258,0.3331,0.3206,0.3269,0.3857,0.0867,NORMAL,0,0,Windows,unspecified
22:54:56.628,115.289,0.3341,0.3216,0.3279,0.3857,0.08,NORMAL,0,0,Windows,unspecified
22:54:56.668,115.329,0.2423,0.1981,0.2202,0.3879,0.08,NORMAL,1,0,Windows,unspecified
22:54:56.691,115.352,0.2055,0.182,0.1938,0.3879,0.08,NORMAL,2,0,Windows,unspecified
22:54:56.734,115.395,0.1071,0.0862,0.0967,0.3879,0.08,NORMAL,3,0,Windows,unspecified
22:54:56.768,115.429,0.069,0.0558,0.0624,0.3879,0.08,NORMAL,4,0,Windows,unspecified
22:54:56.799,115.461,0.0926,0.0771,0.0848,0.3931,0.0867,NORMAL,5,0,Windows,unspecified
22:54:56.829,115.49,0.1141,0.061,0.0875,0.401,0.0933,NORMAL,6,0,Windows,unspecified
22:54:56.865,115.526,0.175,0.1504,0.1627,0.401,0.1,NORMAL,7,0,Windows,unspecified
22:54:56.892,115.553,0.2131,0.2052,0.2092,0.401,0.1067,NORMAL,8,0,Windows,unspecified
22:54:56.925,115.586,0.2421,0.2333,0.2377,0.397,0.1133,NORMAL,9,0,Windows,unspecified
22:54:56.955,115.616,0.2421,0.2524,0.2472,0.3872,0.1133,NORMAL,0,0,Windows,unspecified
22:54:56.992,115.653,0.2789,0.2519,0.2654,0.3948,0.1133,NORMAL,0,0,Windows,unspecified
22:54:57.016,115.677,0.2787,0.2795,0.2791,0.3945,0.1133,NORMAL,0,0,Windows,unspecified
22:54:57.070,115.731,0.2801,0.2795,0.2798,0.3982,0.1133,NORMAL,0,0,Windows,unspecified
22:54:57.098,115.759,0.2801,0.2795,0.2798,0.4007,0.1133,NORMAL,0,0,Windows,unspecified
22:54:57.135,115.796,0.2801,0.2696,0.2748,0.3982,0.1133,NORMAL,0,0,Windows,unspecified
22:54:57.159,115.82,0.2984,0.2696,0.284,0.393,0.1133,NORMAL,0,0,Windows,unspecified
22:54:57.201,115.862,0.3168,0.2696,0.2932,0.393,0.1133,NORMAL,0,0,Windows,unspecified
22:54:57.235,115.896,0.3168,0.2872,0.302,0.393,0.1133,NORMAL,0,0,Windows,unspecified
22:54:57.266,115.927,0.3156,0.2861,0.3009,0.3802,0.1133,NORMAL,0,0,Windows,unspecified
22:54:57.299,115.96,0.3168,0.2861,0.3014,0.3802,0.1133,NORMAL,0,0,Windows,unspecified
22:54:57.328,115.989,0.3156,0.2861,0.3009,0.3853,0.1133,NORMAL,0,0,Windows,unspecified
22:54:57.361,116.022,0.3168,0.2861,0.3014,0.3853,0.1133,NORMAL,0,0,Windows,unspecified
22:54:57.392,116.054,0.3158,0.3039,0.3098,0.3914,0.1133,NORMAL,0,0,Windows,unspecified
22:54:57.423,116.084,0.3341,0.3039,0.319,0.3991,0.1133,NORMAL,0,0,Windows,unspecified
22:54:57.470,116.131,0.3341,0.3039,0.319,0.3954,0.1133,NORMAL,0,0,Windows,unspecified
22:54:57.501,116.163,0.3341,0.3039,0.319,0.3901,0.1133,NORMAL,0,0,Windows,unspecified
22:54:57.535,116.196,0.3222,0.3216,0.3219,0.3901,0.1133,NORMAL,0,0,Windows,unspecified
22:54:57.563,116.224,0.3222,0.3216,0.3219,0.3901,0.1133,NORMAL,0,0,Windows,unspecified
22:54:57.600,116.262,0.3352,0.3216,0.3284,0.3881,0.1133,NORMAL,0,0,Windows,unspecified
22:54:57.625,116.286,0.3352,0.3216,0.3284,0.3881,0.1133,NORMAL,0,0,Windows,unspecified
22:54:57.664,116.325,0.3168,0.3216,0.3192,0.3913,0.1133,NORMAL,0,0,Windows,unspecified
22:54:57.686,116.347,0.3168,0.3216,0.3192,0.3913,0.1133,NORMAL,0,0,Windows,unspecified
22:54:57.730,116.391,0.3168,0.3216,0.3192,0.3967,0.1133,NORMAL,0,0,Windows,unspecified
22:54:57.767,116.428,0.3168,0.3216,0.3192,0.3896,0.1133,NORMAL,0,0,Windows,unspecified
22:54:57.797,116.458,0.3168,0.3216,0.3192,0.3896,0.1133,NORMAL,0,0,Windows,unspecified
22:54:57.829,116.49,0.3168,0.3216,0.3192,0.3835,0.1133,NORMAL,0,0,Windows,unspecified
22:54:57.869,116.53,0.3168,0.3345,0.3256,0.3835,0.1133,NORMAL,0,0,Windows,unspecified
22:54:57.892,116.553,0.3168,0.3226,0.3197,0.3835,0.1133,NORMAL,0,0,Windows,unspecified
22:54:57.936,116.597,0.3168,0.3226,0.3197,0.3813,0.1133,NORMAL,0,0,Windows,unspecified
22:54:57.969,116.63,0.3168,0.3226,0.3197,0.392,0.1133,NORMAL,0,0,Windows,unspecified
22:54:58.001,116.662,0.3168,0.3226,0.3197,0.4151,0.1133,NORMAL,0,0,Windows,unspecified
22:54:58.033,116.694,0.3168,0.3226,0.3197,0.4245,0.1133,NORMAL,0,0,Windows,unspecified
22:54:58.059,116.72,0.3168,0.3226,0.3197,0.4228,0.1133,NORMAL,0,0,Windows,unspecified
22:54:58.094,116.755,0.3382,0.3345,0.3363,0.4165,0.1133,NORMAL,0,0,Windows,unspecified
22:54:58.127,116.788,0.3382,0.3049,0.3215,0.4321,0.1133,NORMAL,0,0,Windows,unspecified
22:54:58.156,116.817,0.3566,0.3049,0.3307,0.4328,0.1133,NORMAL,0,0,Windows,unspecified
22:54:58.193,116.854,0.2802,0.2617,0.271,0.4388,0.1133,NORMAL,0,0,Windows,unspecified
22:54:58.221,116.882,0.291,0.2434,0.2672,0.4431,0.1133,NORMAL,0,0,Windows,unspecified
22:54:58.270,116.931,0.0963,0.069,0.0827,0.4022,0.12,NORMAL,1,0,Windows,unspecified
22:54:58.299,116.96,0.0629,0.0402,0.0516,0.4105,0.1267,NORMAL,2,0,Windows,unspecified
22:54:58.334,116.995,0.0415,0.0167,0.0291,0.3756,0.1333,NORMAL,3,0,Windows,unspecified
22:54:58.363,117.024,0.0402,0.0161,0.0282,0.3876,0.14,NORMAL,4,0,Windows,unspecified
22:54:58.396,117.057,0.0402,0.0333,0.0368,0.3574,0.1467,NORMAL,5,0,Windows,unspecified
22:54:58.424,117.085,0.0629,0.05,0.0564,0.3671,0.1533,NORMAL,6,0,Windows,unspecified
22:54:58.464,117.125,0.117,0.0921,0.1046,0.3756,0.16,NORMAL,7,0,Windows,unspecified
22:54:58.487,117.148,0.1325,0.1129,0.1227,0.3699,0.1667,NORMAL,8,0,Windows,unspecified
22:54:58.523,117.185,0.187,0.1685,0.1778,0.3751,0.1733,NORMAL,9,0,Windows,unspecified
22:54:58.549,117.21,0.1961,0.2071,0.2016,0.379,0.18,WARNING,10,0,Windows,unspecified
22:54:58.591,117.252,0.253,0.2436,0.2483,0.392,0.18,NORMAL,0,0,Windows,unspecified
22:54:58.628,117.289,0.291,0.2617,0.2764,0.4058,0.18,NORMAL,0,0,Windows,unspecified
22:54:58.669,117.33,0.2898,0.2617,0.2758,0.4025,0.18,NORMAL,0,0,Windows,unspecified
22:54:58.706,117.367,0.2898,0.2801,0.2849,0.4003,0.18,NORMAL,0,0,Windows,unspecified
22:54:58.740,117.401,0.2896,0.2787,0.2842,0.4537,0.18,NORMAL,0,0,Windows,unspecified
22:54:58.770,117.431,0.2896,0.2801,0.2848,0.4734,0.18,NORMAL,0,0,Windows,unspecified
22:54:58.797,117.458,0.3279,0.2978,0.3128,0.4881,0.18,NORMAL,0,0,Windows,unspecified
22:54:58.831,117.492,0.3279,0.2978,0.3128,0.5023,0.18,NORMAL,0,0,Windows,unspecified
22:54:58.860,117.522,0.2972,0.2978,0.2975,0.4841,0.18,NORMAL,0,0,Windows,unspecified
22:54:58.893,117.554,0.2789,0.2978,0.2883,0.4662,0.18,NORMAL,0,0,Windows,unspecified
22:54:58.928,117.589,0.2801,0.3161,0.2981,0.4069,0.18,NORMAL,0,0,Windows,unspecified
22:54:58.956,117.617,0.2801,0.3161,0.2981,0.3923,0.18,NORMAL,0,0,Windows,unspecified
22:54:58.987,117.648,0.2984,0.3161,0.3073,0.3867,0.18,NORMAL,0,0,Windows,unspecified
22:54:59.018,117.68,0.2984,0.3161,0.3073,0.384,0.18,NORMAL,0,0,Windows,unspecified
22:54:59.073,117.734,0.2984,0.3049,0.3016,0.3838,0.18,NORMAL,0,0,Windows,unspecified
22:54:59.096,117.757,0.3168,0.3039,0.3103,0.3869,0.18,NORMAL,0,0,Windows,unspecified
22:54:59.137,117.798,0.3168,0.3028,0.3098,0.3905,0.18,NORMAL,0,0,Windows,unspecified
22:54:59.162,117.823,0.3168,0.3028,0.3098,0.3853,0.18,NORMAL,0,0,Windows,unspecified
22:54:59.195,117.856,0.3158,0.3039,0.3098,0.3853,0.18,NORMAL,0,0,Windows,unspecified
22:54:59.223,117.884,0.3168,0.3039,0.3103,0.3887,0.18,NORMAL,0,0,Windows,unspecified
22:54:59.264,117.925,0.3168,0.3226,0.3197,0.3792,0.18,NORMAL,0,0,Windows,unspecified
22:54:59.286,117.947,0.3168,0.3049,0.3108,0.3792,0.18,NORMAL,0,0,Windows,unspecified
22:54:59.324,117.985,0.2984,0.3161,0.3073,0.3792,0.18,NORMAL,0,0,Windows,unspecified
22:54:59.365,118.026,0.2984,0.3161,0.3073,0.3762,0.18,NORMAL,0,0,Windows,unspecified
22:54:59.397,118.058,0.2984,0.3161,0.3073,0.3762,0.18,NORMAL,0,0,Windows,unspecified
22:54:59.428,118.089,0.2984,0.3161,0.3073,0.3762,0.18,NORMAL,0,0,Windows,unspecified
22:54:59.472,118.133,0.2984,0.3161,0.3073,0.3867,0.18,NORMAL,0,0,Windows,unspecified
22:54:59.507,118.168,0.2984,0.3161,0.3073,0.3918,0.18,NORMAL,0,0,Windows,unspecified
22:54:59.537,118.198,0.2802,0.2617,0.271,0.3829,0.18,NORMAL,0,0,Windows,unspecified
22:54:59.567,118.228,0.2528,0.2236,0.2382,0.3868,0.1867,NORMAL,1,0,Windows,unspecified
22:54:59.597,118.258,0.1129,0.0862,0.0996,0.3907,0.1933,NORMAL,2,0,Windows,unspecified
22:54:59.630,118.291,0.073,0.0517,0.0624,0.4025,0.2,NORMAL,3,0,Windows,unspecified
22:54:59.662,118.323,0.1071,0.0689,0.088,0.3891,0.2067,NORMAL,4,0,Windows,unspecified
22:54:59.694,118.355,0.11,0.0667,0.0884,0.3854,0.2133,NORMAL,5,0,Windows,unspecified
22:54:59.724,118.385,0.1504,0.1279,0.1392,0.3824,0.22,NORMAL,6,0,Windows,unspecified
22:54:59.756,118.417,0.175,0.1708,0.1729,0.3824,0.2267,NORMAL,7,0,Windows,unspecified
22:54:59.792,118.454,0.1942,0.1997,0.1969,0.3824,0.2333,NORMAL,8,0,Windows,unspecified
22:54:59.820,118.481,0.2324,0.2253,0.2288,0.3854,0.24,NORMAL,9,0,Windows,unspecified
22:54:59.872,118.533,0.234,0.2434,0.2387,0.3893,0.2467,WARNING,10,0,Windows,unspecified
22:54:59.900,118.561,0.253,0.2617,0.2573,0.3893,0.2467,NORMAL,0,0,Windows,unspecified
22:54:59.933,118.594,0.2908,0.2617,0.2763,0.3879,0.2467,NORMAL,0,0,Windows,unspecified
22:54:59.963,118.624,0.2908,0.2617,0.2763,0.3879,0.2467,NORMAL,0,0,Windows,unspecified
22:55:00.001,118.662,0.2801,0.2801,0.2801,0.395,0.24,NORMAL,0,0,Windows,unspecified
22:55:00.027,118.688,0.2787,0.2801,0.2794,0.3947,0.2333,NORMAL,0,0,Windows,unspecified
22:55:00.064,118.725,0.2787,0.2801,0.2794,0.3939,0.2267,NORMAL,0,0,Windows,unspecified
22:55:00.088,118.749,0.2801,0.2801,0.2801,0.394,0.22,NORMAL,0,0,Windows,unspecified
22:55:00.126,118.787,0.2801,0.2696,0.2748,0.3977,0.2133,NORMAL,0,0,Windows,unspecified
22:55:00.151,118.813,0.2801,0.2696,0.2748,0.3844,0.2067,NORMAL,0,0,Windows,unspecified
22:55:00.192,118.853,0.2787,0.2684,0.2736,0.3943,0.2,NORMAL,0,0,Windows,unspecified
22:55:00.214,118.875,0.2787,0.2684,0.2736,0.3943,0.1933,NORMAL,0,0,Windows,unspecified
22:55:00.269,118.93,0.2787,0.2684,0.2736,0.3943,0.1933,NORMAL,0,0,Windows,unspecified
22:55:00.310,118.971,0.2787,0.2684,0.2736,0.3943,0.1933,NORMAL,0,0,Windows,unspecified
22:55:00.339,119.0,0.2801,0.2684,0.2742,0.3864,0.1933,NORMAL,0,0,Windows,unspecified
22:55:00.371,119.032,0.2801,0.2684,0.2742,0.3916,0.1933,NORMAL,0,0,Windows,unspecified
22:55:00.402,119.063,0.2984,0.2861,0.2922,0.3916,0.1933,NORMAL,0,0,Windows,unspecified
22:55:00.431,119.092,0.2984,0.2872,0.2928,0.3916,0.1933,NORMAL,0,0,Windows,unspecified
22:55:00.465,119.126,0.2984,0.2872,0.2928,0.3954,0.1933,NORMAL,0,0,Windows,unspecified
22:55:00.495,119.156,0.2984,0.2872,0.2928,0.3954,0.1933,NORMAL,0,0,Windows,unspecified
22:55:00.529,119.19,0.2984,0.2872,0.2928,0.4007,0.1933,NORMAL,0,0,Windows,unspecified
22:55:00.557,119.218,0.2984,0.2872,0.2928,0.4007,0.1933,NORMAL,0,0,Windows,unspecified
22:55:00.589,119.25,0.2984,0.2872,0.2928,0.3954,0.1933,NORMAL,0,0,Windows,unspecified
22:55:00.620,119.281,0.2984,0.2872,0.2928,0.3954,0.1933,NORMAL,0,0,Windows,unspecified
22:55:00.673,119.334,0.2984,0.2872,0.2928,0.393,0.1933,NORMAL,0,0,Windows,unspecified
22:55:00.698,119.359,0.3168,0.2872,0.302,0.4044,0.1933,NORMAL,0,0,Windows,unspecified
22:55:00.735,119.396,0.3168,0.2872,0.302,0.3957,0.1933,NORMAL,0,0,Windows,unspecified
22:55:00.758,119.42,0.3168,0.2872,0.302,0.3881,0.1933,NORMAL,0,0,Windows,unspecified
22:55:00.801,119.462,0.3168,0.3049,0.3108,0.3921,0.1933,NORMAL,0,0,Windows,unspecified
22:55:00.837,119.498,0.3168,0.3226,0.3197,0.3881,0.1933,NORMAL,0,0,Windows,unspecified
22:55:00.871,119.533,0.3168,0.3226,0.3197,0.3921,0.1933,NORMAL,0,0,Windows,unspecified
22:55:00.900,119.561,0.3168,0.3226,0.3197,0.3881,0.1933,NORMAL,0,0,Windows,unspecified
22:55:00.931,119.592,0.3168,0.3049,0.3108,0.3881,0.1933,NORMAL,0,0,Windows,unspecified
22:55:00.965,119.626,0.3168,0.3049,0.3108,0.3821,0.1933,NORMAL,0,0,Windows,unspecified
22:55:00.995,119.656,0.3168,0.3226,0.3197,0.3821,0.1933,NORMAL,0,0,Windows,unspecified
22:55:01.025,119.686,0.3168,0.3226,0.3197,0.3821,0.1933,NORMAL,0,0,Windows,unspecified
22:55:01.069,119.73,0.3168,0.3226,0.3197,0.3783,0.1933,NORMAL,0,0,Windows,unspecified
22:55:01.103,119.764,0.3352,0.3226,0.3289,0.3821,0.1933,NORMAL,0,0,Windows,unspecified
22:55:01.135,119.796,0.3352,0.3049,0.32,0.3821,0.1933,NORMAL,0,0,Windows,unspecified
22:55:01.167,119.828,0.3352,0.3049,0.32,0.3821,0.1933,NORMAL,0,0,Windows,unspecified
22:55:01.199,119.86,0.3352,0.3403,0.3377,0.3821,0.1933,NORMAL,0,0,Windows,unspecified
22:55:01.230,119.891,0.3352,0.3403,0.3377,0.3821,0.1933,NORMAL,0,0,Windows,unspecified
22:55:01.264,119.925,0.3352,0.3392,0.3372,0.3821,0.1933,NORMAL,0,0,Windows,unspecified
22:55:01.293,119.954,0.3352,0.3392,0.3372,0.3916,0.1933,NORMAL,0,0,Windows,unspecified
22:55:01.327,119.988,0.3352,0.3421,0.3386,0.3821,0.1933,NORMAL,0,0,Windows,unspecified
22:55:01.355,120.016,0.3352,0.3249,0.33,0.386,0.1933,NORMAL,0,0,Windows,unspecified
22:55:01.393,120.054,0.3536,0.3421,0.3478,0.3808,0.1933,NORMAL,0,0,Windows,unspecified
22:55:01.418,120.079,0.3536,0.3421,0.3478,0.3808,0.1933,NORMAL,0,0,Windows,unspecified
22:55:01.468,120.129,0.3536,0.3595,0.3565,0.3881,0.1933,NORMAL,0,0,Windows,unspecified
22:55:01.494,120.155,0.3536,0.3595,0.3565,0.3901,0.1933,NORMAL,0,0,Windows,unspecified
22:55:01.533,120.194,0.3536,0.3595,0.3565,0.384,0.1933,NORMAL,0,0,Windows,unspecified
22:55:01.557,120.218,0.3536,0.3569,0.3552,0.384,0.1933,NORMAL,0,0,Windows,unspecified
22:55:01.601,120.262,0.3536,0.3569,0.3552,0.3938,0.1933,NORMAL,0,0,Windows,unspecified
22:55:01.636,120.297,0.3536,0.3392,0.3464,0.3938,0.1933,NORMAL,0,0,Windows,unspecified
22:55:01.666,120.328,0.3536,0.3392,0.3464,0.3938,0.1867,NORMAL,0,0,Windows,unspecified
22:55:01.698,120.359,0.3536,0.3392,0.3464,0.3938,0.18,NORMAL,0,0,Windows,unspecified
22:55:01.727,120.388,0.3536,0.3392,0.3464,0.393,0.1733,NORMAL,0,0,Windows,unspecified
22:55:01.761,120.422,0.3536,0.3392,0.3464,0.393,0.1667,NORMAL,0,0,Windows,unspecified
22:55:01.788,120.45,0.3536,0.3383,0.3459,0.393,0.16,NORMAL,0,0,Windows,unspecified
22:55:01.821,120.482,0.3536,0.3383,0.3459,0.393,0.1533,NORMAL,0,0,Windows,unspecified
22:55:01.871,120.532,0.3536,0.356,0.3548,0.3938,0.1467,NORMAL,0,0,Windows,unspecified
22:55:01.901,120.562,0.3526,0.356,0.3543,0.394,0.14,NORMAL,0,0,Windows,unspecified
22:55:01.936,120.597,0.3401,0.356,0.348,0.394,0.1333,NORMAL,0,0,Windows,unspecified
22:55:01.962,120.623,0.3401,0.356,0.348,0.394,0.1333,NORMAL,0,0,Windows,unspecified
22:55:01.999,120.66,0.3401,0.356,0.348,0.3919,0.1333,NORMAL,0,0,Windows,unspecified
22:55:02.026,120.687,0.3394,0.3439,0.3416,0.3894,0.1333,NORMAL,0,0,Windows,unspecified
22:55:02.061,120.722,0.3401,0.3439,0.342,0.3894,0.1333,NORMAL,0,0,Windows,unspecified
22:55:02.091,120.752,0.3401,0.3439,0.342,0.3894,0.1333,NORMAL,0,0,Windows,unspecified
22:55:02.126,120.787,0.3401,0.3439,0.342,0.3857,0.1333,NORMAL,0,0,Windows,unspecified
22:55:02.154,120.815,0.3401,0.3439,0.342,0.3857,0.1333,NORMAL,0,0,Windows,unspecified
22:55:02.187,120.848,0.3401,0.3439,0.342,0.3879,0.1333,NORMAL,0,0,Windows,unspecified
22:55:02.215,120.876,0.3401,0.3268,0.3334,0.3879,0.1333,NORMAL,0,0,Windows,unspecified
22:55:02.275,120.936,0.3401,0.3439,0.342,0.3879,0.1333,NORMAL,0,0,Windows,unspecified
22:55:02.313,120.974,0.3401,0.3439,0.342,0.3932,0.1333,NORMAL,0,0,Windows,unspecified
22:55:02.341,121.002,0.3526,0.3383,0.3455,0.3932,0.1333,NORMAL,0,0,Windows,unspecified
22:55:02.373,121.035,0.3526,0.3383,0.3455,0.3956,0.1333,NORMAL,0,0,Windows,unspecified
22:55:02.406,121.067,0.0935,0.0706,0.0821,0.3995,0.14,NORMAL,1,0,Windows,unspecified
22:55:02.438,121.099,0.0588,0.0333,0.0461,0.4085,0.1467,NORMAL,2,0,Windows,unspecified
22:55:02.468,121.129,0.0333,0.0161,0.0247,0.4085,0.1533,NORMAL,3,0,Windows,unspecified
22:55:02.499,121.16,0.0167,0.0161,0.0164,0.403,0.16,NORMAL,4,0,Windows,unspecified
22:55:02.532,121.193,0.0244,0.0416,0.033,0.403,0.1667,NORMAL,5,0,Windows,unspecified
22:55:02.565,121.226,0.0431,0.0345,0.0388,0.403,0.1733,NORMAL,6,0,Windows,unspecified
22:55:02.594,121.256,0.1527,0.1481,0.1504,0.3977,0.18,NORMAL,7,0,Windows,unspecified
22:55:02.627,121.288,0.1961,0.2052,0.2007,0.3956,0.1867,NORMAL,8,0,Windows,unspecified
22:55:02.673,121.334,0.272,0.2419,0.2569,0.3956,0.1867,NORMAL,0,0,Windows,unspecified
22:55:02.705,121.366,0.253,0.2604,0.2567,0.3956,0.1867,NORMAL,0,0,Windows,unspecified
22:55:02.735,121.396,0.291,0.2782,0.2846,0.397,0.1867,NORMAL,0,0,Windows,unspecified
22:55:02.767,121.428,0.291,0.2684,0.2797,0.4007,0.1867,NORMAL,0,0,Windows,unspecified
22:55:02.797,121.459,0.2802,0.2684,0.2743,0.4007,0.1867,NORMAL,0,0,Windows,unspecified
22:55:02.829,121.49,0.2801,0.2684,0.2742,0.4007,0.1867,NORMAL,0,0,Windows,unspecified
22:55:02.860,121.521,0.2984,0.2861,0.2922,0.3982,0.1867,NORMAL,0,0,Windows,unspecified
22:55:02.892,121.554,0.2984,0.2861,0.2922,0.3982,0.1867,NORMAL,0,0,Windows,unspecified
22:55:02.929,121.59,0.3168,0.2872,0.302,0.3906,0.1867,NORMAL,0,0,Windows,unspecified
22:55:02.956,121.618,0.3168,0.2863,0.3015,0.3906,0.1867,NORMAL,0,0,Windows,unspecified
22:55:02.989,121.65,0.3168,0.2863,0.3015,0.3906,0.1867,NORMAL,0,0,Windows,unspecified
22:55:03.019,121.68,0.3168,0.2863,0.3015,0.4007,0.1867,NORMAL,0,0,Windows,unspecified
22:55:03.067,121.728,0.3168,0.2863,0.3015,0.3929,0.1867,NORMAL,0,0,Windows,unspecified
22:55:03.094,121.755,0.3168,0.2863,0.3015,0.3929,0.1867,NORMAL,0,0,Windows,unspecified
22:55:03.132,121.793,0.3168,0.2968,0.3068,0.3929,0.1867,NORMAL,0,0,Windows,unspecified
22:55:03.160,121.821,0.3168,0.3151,0.3159,0.4012,0.1867,NORMAL,0,0,Windows,unspecified
22:55:03.200,121.861,0.3055,0.3029,0.3042,0.384,0.1867,NORMAL,0,0,Windows,unspecified
22:55:03.220,121.881,0.3232,0.3029,0.3131,0.3901,0.1867,NORMAL,0,0,Windows,unspecified
22:55:03.260,121.921,0.3222,0.2841,0.3032,0.384,0.18,NORMAL,0,0,Windows,unspecified
22:55:03.286,121.947,0.3222,0.3018,0.312,0.3879,0.1733,NORMAL,0,0,Windows,unspecified
22:55:03.327,121.988,0.3341,0.3018,0.318,0.3901,0.1667,NORMAL,0,0,Windows,unspecified
22:55:03.364,122.025,0.3168,0.3206,0.3187,0.4005,0.16,NORMAL,0,0,Windows,unspecified
22:55:03.395,122.056,0.3161,0.3226,0.3194,0.3991,0.1533,NORMAL,0,0,Windows,unspecified
22:55:03.425,122.086,0.3168,0.3049,0.3108,0.3901,0.1467,NORMAL,0,0,Windows,unspecified
22:55:03.472,122.133,0.3168,0.3049,0.3108,0.3857,0.14,NORMAL,0,0,Windows,unspecified
22:55:03.504,122.165,0.3168,0.2863,0.3015,0.3955,0.1333,NORMAL,0,0,Windows,unspecified
22:55:03.535,122.196,0.3168,0.3049,0.3108,0.3821,0.1267,NORMAL,0,0,Windows,unspecified
22:55:03.564,122.225,0.3151,0.3039,0.3095,0.3844,0.12,NORMAL,0,0,Windows,unspecified
22:55:03.599,122.261,0.3045,0.2861,0.2953,0.3788,0.12,NORMAL,0,0,Windows,unspecified
22:55:03.628,122.289,0.3045,0.2755,0.29,0.3788,0.12,NORMAL,0,0,Windows,unspecified
22:55:03.659,122.32,0.3251,0.2765,0.3008,0.3836,0.12,NORMAL,0,0,Windows,unspecified
22:55:03.692,122.353,0.3251,0.2765,0.3008,0.3883,0.12,NORMAL,0,0,Windows,unspecified
22:55:03.727,122.389,0.3251,0.3115,0.3183,0.3883,0.12,NORMAL,0,0,Windows,unspecified
22:55:03.752,122.413,0.3251,0.3115,0.3183,0.3921,0.12,NORMAL,0,0,Windows,unspecified
22:55:03.789,122.45,0.3078,0.3226,0.3152,0.3902,0.12,NORMAL,0,0,Windows,unspecified
22:55:03.817,122.478,0.3078,0.3226,0.3152,0.3902,0.12,NORMAL,0,0,Windows,unspecified
22:55:03.866,122.527,0.3045,0.3226,0.3135,0.3902,0.12,NORMAL,0,0,Windows,unspecified
22:55:03.896,122.557,0.3049,0.3226,0.3137,0.3923,0.12,NORMAL,0,0,Windows,unspecified
22:55:03.934,122.595,0.3039,0.3226,0.3132,0.3883,0.12,NORMAL,0,0,Windows,unspecified
22:55:03.957,122.618,0.3039,0.3226,0.3132,0.3919,0.12,NORMAL,0,0,Windows,unspecified
22:55:03.998,122.659,0.3039,0.2944,0.2992,0.387,0.12,NORMAL,0,0,Windows,unspecified
22:55:04.020,122.681,0.3045,0.2944,0.2995,0.3836,0.12,NORMAL,0,0,Windows,unspecified
22:55:04.061,122.722,0.3168,0.2944,0.3056,0.3795,0.12,NORMAL,0,0,Windows,unspecified
22:55:04.096,122.757,0.3168,0.3039,0.3103,0.3874,0.12,NORMAL,0,0,Windows,unspecified
22:55:04.129,122.79,0.3168,0.3039,0.3103,0.3867,0.12,NORMAL,0,0,Windows,unspecified
22:55:04.162,122.823,0.3168,0.3049,0.3108,0.3867,0.12,NORMAL,0,0,Windows,unspecified
22:55:04.188,122.849,0.3352,0.3039,0.3195,0.3895,0.12,NORMAL,0,0,Windows,unspecified
22:55:04.224,122.886,0.3536,0.3039,0.3287,0.3895,0.12,NORMAL,0,0,Windows,unspecified
22:55:04.269,122.93,0.3352,0.3216,0.3284,0.3895,0.12,NORMAL,0,0,Windows,unspecified
22:55:04.301,122.962,0.3168,0.3226,0.3197,0.4016,0.12,NORMAL,0,0,Windows,unspecified
22:55:04.334,122.996,0.3161,0.3226,0.3194,0.4016,0.12,NORMAL,0,0,Windows,unspecified
22:55:04.363,123.024,0.3161,0.3049,0.3105,0.3898,0.12,NORMAL,0,0,Windows,unspecified
22:55:04.400,123.061,0.3352,0.3049,0.32,0.3955,0.12,NORMAL,0,0,Windows,unspecified
22:55:04.425,123.086,0.3536,0.3216,0.3376,0.3846,0.12,NORMAL,0,0,Windows,unspecified
22:55:04.465,123.126,0.3168,0.3115,0.3141,0.3959,0.12,NORMAL,0,0,Windows,unspecified
22:55:04.486,123.147,0.3161,0.3049,0.3105,0.3901,0.12,NORMAL,0,0,Windows,unspecified
22:55:04.526,123.188,0.3055,0.2872,0.2963,0.3888,0.12,NORMAL,0,0,Windows,unspecified
22:55:04.549,123.21,0.3232,0.2863,0.3047,0.3945,0.1133,NORMAL,0,0,Windows,unspecified
22:55:04.586,123.248,0.3168,0.3039,0.3103,0.3849,0.1067,NORMAL,0,0,Windows,unspecified
22:55:04.611,123.272,0.3161,0.2872,0.3017,0.378,0.1,NORMAL,0,0,Windows,unspecified
22:55:04.668,123.329,0.3161,0.2872,0.3017,0.3854,0.0933,NORMAL,0,0,Windows,unspecified
22:55:04.693,123.354,0.3049,0.2872,0.2961,0.3833,0.0867,NORMAL,0,0,Windows,unspecified
22:55:04.736,123.398,0.2878,0.2696,0.2787,0.3883,0.08,NORMAL,0,0,Windows,unspecified
22:55:04.771,123.432,0.2701,0.2696,0.2698,0.3833,0.0733,NORMAL,0,0,Windows,unspecified
22:55:04.803,123.464,0.2878,0.2872,0.2875,0.3939,0.0667,NORMAL,0,0,Windows,unspecified
22:55:04.833,123.494,0.2787,0.2696,0.2741,0.3904,0.06,NORMAL,0,0,Windows,unspecified
22:55:04.863,123.524,0.0706,0.0484,0.0595,0.3898,0.06,NORMAL,1,0,Windows,unspecified
22:55:04.894,123.555,0.0228,0.0323,0.0275,0.3898,0.0667,NORMAL,2,0,Windows,unspecified
22:55:04.927,123.588,0.0167,0.0161,0.0164,0.3898,0.0733,NORMAL,3,0,Windows,unspecified
22:55:04.956,123.617,0.0389,0.0161,0.0275,0.3883,0.08,NORMAL,4,0,Windows,unspecified
22:55:04.991,123.652,0.0322,0.0323,0.0322,0.3927,0.0867,NORMAL,5,0,Windows,unspecified
22:55:05.018,123.679,0.057,0.0484,0.0527,0.3927,0.0933,NORMAL,6,0,Windows,unspecified
22:55:05.069,123.73,0.0471,0.073,0.0601,0.3919,0.1,NORMAL,7,0,Windows,unspecified
22:55:05.097,123.758,0.0471,0.0629,0.055,0.388,0.1067,NORMAL,8,0,Windows,unspecified
22:55:05.133,123.794,0.1503,0.1527,0.1515,0.3919,0.1133,NORMAL,9,0,Windows,unspecified
22:55:05.157,123.818,0.1708,0.1869,0.1788,0.3974,0.12,WARNING,10,0,Windows,unspecified
22:55:05.199,123.86,0.253,0.2338,0.2434,0.3938,0.12,NORMAL,0,0,Windows,unspecified
22:55:05.222,123.884,0.253,0.2247,0.2388,0.3938,0.1267,NORMAL,1,0,Windows,unspecified
22:55:05.260,123.921,0.2908,0.2795,0.2851,0.3888,0.1267,NORMAL,0,0,Windows,unspecified
22:55:05.285,123.946,0.2908,0.2795,0.2851,0.3996,0.1267,NORMAL,0,0,Windows,unspecified
22:55:05.323,123.984,0.2984,0.2785,0.2885,0.3996,0.1267,NORMAL,0,0,Windows,unspecified
22:55:05.349,124.01,0.2984,0.2968,0.2976,0.3942,0.1267,NORMAL,0,0,Windows,unspecified
22:55:05.389,124.051,0.2984,0.2968,0.2976,0.3869,0.1267,NORMAL,0,0,Windows,unspecified
22:55:05.426,124.087,0.2984,0.2968,0.2976,0.3869,0.1267,NORMAL,0,0,Windows,unspecified
22:55:05.471,124.132,0.3161,0.2978,0.307,0.3904,0.1267,NORMAL,0,0,Windows,unspecified
22:55:05.507,124.168,0.3161,0.3161,0.3161,0.3918,0.1267,NORMAL,0,0,Windows,unspecified
22:55:05.536,124.197,0.3161,0.3161,0.3161,0.3904,0.1267,NORMAL,0,0,Windows,unspecified
22:55:05.568,124.229,0.3161,0.3161,0.3161,0.3904,0.1267,NORMAL,0,0,Windows,unspecified
22:55:05.599,124.26,0.3161,0.2978,0.307,0.3869,0.1267,NORMAL,0,0,Windows,unspecified
22:55:05.632,124.294,0.3161,0.2978,0.307,0.3869,0.1267,NORMAL,0,0,Windows,unspecified
22:55:05.663,124.324,0.3352,0.3226,0.3289,0.3918,0.1267,NORMAL,0,0,Windows,unspecified
22:55:05.694,124.355,0.3161,0.3216,0.3188,0.392,0.1267,NORMAL,0,0,Windows,unspecified
22:55:05.722,124.383,0.3161,0.3216,0.3188,0.3904,0.1267,NORMAL,0,0,Windows,unspecified
22:55:05.758,124.419,0.3168,0.3216,0.3192,0.3883,0.1267,NORMAL,0,0,Windows,unspecified
22:55:05.791,124.452,0.3168,0.3206,0.3187,0.3883,0.1267,NORMAL,0,0,Windows,unspecified
22:55:05.818,124.479,0.3168,0.3206,0.3187,0.3883,0.1267,NORMAL,0,0,Windows,unspecified
22:55:05.873,124.534,0.3082,0.3029,0.3056,0.3898,0.1267,NORMAL,0,0,Windows,unspecified
22:55:05.900,124.561,0.3049,0.3049,0.3049,0.3942,0.1267,NORMAL,0,0,Windows,unspecified
22:55:05.932,124.593,0.3039,0.3082,0.306,0.3905,0.1267,NORMAL,0,0,Windows,unspecified
22:55:05.958,124.619,0.3039,0.3072,0.3056,0.3864,0.1267,NORMAL,0,0,Windows,unspecified
22:55:05.996,124.657,0.3161,0.3039,0.31,0.3925,0.1267,NORMAL,0,0,Windows,unspecified
22:55:06.023,124.684,0.3161,0.2936,0.3048,0.3905,0.1267,NORMAL,0,0,Windows,unspecified
22:55:06.060,124.721,0.3082,0.3216,0.3149,0.3829,0.1267,NORMAL,0,0,Windows,unspecified
22:55:06.084,124.745,0.3401,0.3216,0.3308,0.3866,0.1267,NORMAL,0,0,Windows,unspecified
22:55:06.125,124.786,0.3055,0.3226,0.314,0.386,0.1267,NORMAL,0,0,Windows,unspecified
22:55:06.146,124.807,0.3168,0.3106,0.3137,0.3821,0.1267,NORMAL,0,0,Windows,unspecified
22:55:06.190,124.851,0.3168,0.3029,0.3099,0.3906,0.1267,NORMAL,0,0,Windows,unspecified
22:55:06.225,124.886,0.3055,0.3028,0.3042,0.3906,0.1267,NORMAL,0,0,Windows,unspecified
22:55:06.270,124.931,0.3232,0.2944,0.3088,0.3957,0.1267,NORMAL,0,0,Windows,unspecified
22:55:06.303,124.964,0.3055,0.3115,0.3085,0.3821,0.1267,NORMAL,0,0,Windows,unspecified
22:55:06.333,124.994,0.3055,0.3206,0.313,0.3742,0.1267,NORMAL,0,0,Windows,unspecified
22:55:06.367,125.028,0.3082,0.3206,0.3144,0.3901,0.1267,NORMAL,0,0,Windows,unspecified
22:55:06.396,125.057,0.3168,0.3039,0.3104,0.3912,0.1267,NORMAL,0,0,Windows,unspecified
22:55:06.429,125.09,0.3536,0.3039,0.3287,0.3892,0.1267,NORMAL,0,0,Windows,unspecified
22:55:06.463,125.124,0.3168,0.3106,0.3137,0.3889,0.1267,NORMAL,0,0,Windows,unspecified
22:55:06.490,125.152,0.3536,0.3106,0.3321,0.3937,0.1267,NORMAL,0,0,Windows,unspecified
22:55:06.527,125.188,0.3055,0.3096,0.3076,0.3797,0.1267,NORMAL,0,0,Windows,unspecified
22:55:06.552,125.213,0.309,0.3098,0.3094,0.3929,0.1267,NORMAL,0,0,Windows,unspecified
22:55:06.589,125.25,0.3261,0.3106,0.3183,0.3929,0.1267,NORMAL,0,0,Windows,unspecified
22:55:06.617,125.278,0.3088,0.3098,0.3093,0.3929,0.1267,NORMAL,0,0,Windows,unspecified
22:55:06.673,125.334,0.3232,0.3106,0.3169,0.3879,0.1267,NORMAL,0,0,Windows,unspecified
22:55:06.708,125.369,0.3088,0.3268,0.3178,0.3957,0.1267,NORMAL,0,0,Windows,unspecified
22:55:06.740,125.401,0.3055,0.3096,0.3076,0.3967,0.1267,NORMAL,0,0,Windows,unspecified
22:55:06.773,125.434,0.3439,0.3216,0.3327,0.3967,0.1267,NORMAL,0,0,Windows,unspecified
22:55:06.803,125.465,0.3232,0.3216,0.3224,0.3915,0.1267,NORMAL,0,0,Windows,unspecified
22:55:06.834,125.495,0.3232,0.3018,0.3125,0.3878,0.1267,NORMAL,0,0,Windows,unspecified
22:55:06.865,125.526,0.3057,0.3206,0.3131,0.3967,0.1267,NORMAL,0,0,Windows,unspecified
22:55:06.898,125.559,0.3232,0.3216,0.3224,0.3967,0.1267,NORMAL,0,0,Windows,unspecified
22:55:06.930,125.591,0.3232,0.3216,0.3224,0.3992,0.1267,NORMAL,0,0,Windows,unspecified
22:55:06.957,125.618,0.3234,0.3216,0.3225,0.4072,0.1267,NORMAL,0,0,Windows,unspecified
22:55:06.988,125.65,0.3409,0.3216,0.3313,0.3915,0.1267,NORMAL,0,0,Windows,unspecified
22:55:07.021,125.682,0.3409,0.3216,0.3313,0.3915,0.1267,NORMAL,0,0,Windows,unspecified
22:55:07.076,125.737,0.3168,0.3206,0.3187,0.3945,0.1267,NORMAL,0,0,Windows,unspecified
22:55:07.102,125.763,0.3045,0.3207,0.3126,0.3945,0.1267,NORMAL,0,0,Windows,unspecified
22:55:07.134,125.795,0.3057,0.3207,0.3132,0.3945,0.1267,NORMAL,0,0,Windows,unspecified
22:55:07.164,125.825,0.3168,0.3207,0.3187,0.3945,0.1267,NORMAL,0,0,Windows,unspecified
22:55:07.199,125.86,0.317,0.3196,0.3183,0.3988,0.1267,NORMAL,0,0,Windows,unspecified
22:55:07.223,125.885,0.3234,0.3207,0.3221,0.3966,0.1267,NORMAL,0,0,Windows,unspecified
22:55:07.265,125.926,0.3261,0.3049,0.3155,0.3915,0.1267,NORMAL,0,0,Windows,unspecified
22:55:07.287,125.949,0.3232,0.3216,0.3224,0.3906,0.1267,NORMAL,0,0,Windows,unspecified
22:55:07.328,125.989,0.3341,0.3106,0.3223,0.3892,0.1267,NORMAL,0,0,Windows,unspecified
22:55:07.350,126.012,0.3222,0.3226,0.3224,0.3832,0.1267,NORMAL,0,0,Windows,unspecified
22:55:07.389,126.05,0.3232,0.3049,0.314,0.3906,0.12,NORMAL,0,0,Windows,unspecified
22:55:07.413,126.074,0.3352,0.3038,0.3195,0.3855,0.1133,NORMAL,0,0,Windows,unspecified
22:55:07.472,126.133,0.317,0.3216,0.3193,0.3872,0.1067,NORMAL,0,0,Windows,unspecified
22:55:07.506,126.167,0.3057,0.3028,0.3042,0.3855,0.1,NORMAL,0,0,Windows,unspecified
22:55:07.538,126.199,0.3168,0.3216,0.3192,0.3915,0.0933,NORMAL,0,0,Windows,unspecified
22:55:07.568,126.229,0.3168,0.3216,0.3192,0.4044,0.0867,NORMAL,0,0,Windows,unspecified
22:55:07.598,126.259,0.3352,0.3216,0.3284,0.3906,0.08,NORMAL,0,0,Windows,unspecified
22:55:07.629,126.291,0.3232,0.3216,0.3224,0.3906,0.0733,NORMAL,0,0,Windows,unspecified
22:55:07.665,126.326,0.3232,0.3049,0.314,0.4033,0.0733,NORMAL,0,0,Windows,unspecified
22:55:07.693,126.354,0.3409,0.3072,0.3241,0.4033,0.0733,NORMAL,0,0,Windows,unspecified
22:55:07.724,126.385,0.3401,0.3039,0.322,0.4012,0.0733,NORMAL,0,0,Windows,unspecified
22:55:07.757,126.418,0.3536,0.3039,0.3287,0.3906,0.0733,NORMAL,0,0,Windows,unspecified
22:55:07.789,126.45,0.3055,0.3049,0.3052,0.3945,0.0733,NORMAL,0,0,Windows,unspecified
22:55:07.820,126.481,0.3168,0.3115,0.3141,0.3906,0.0733,NORMAL,0,0,Windows,unspecified
22:55:07.872,126.533,0.3267,0.3216,0.3242,0.3906,0.0733,NORMAL,0,0,Windows,unspecified
22:55:07.894,126.555,0.317,0.3226,0.3198,0.4044,0.0733,NORMAL,0,0,Windows,unspecified
22:55:07.933,126.594,0.2516,0.2599,0.2557,0.4029,0.0733,NORMAL,0,0,Windows,unspecified
22:55:07.958,126.619,0.2253,0.2231,0.2242,0.3968,0.08,NORMAL,1,0,Windows,unspecified
22:55:07.999,126.66,0.0797,0.0769,0.0783,0.3951,0.0867,NORMAL,2,0,Windows,unspecified
22:55:08.022,126.683,0.0344,0.0345,0.0344,0.4005,0.0933,NORMAL,3,0,Windows,unspecified
22:55:08.063,126.724,0.0688,0.0333,0.0511,0.4047,0.1,NORMAL,4,0,Windows,unspecified
22:55:08.099,126.76,0.0891,0.05,0.0695,0.4002,0.1067,NORMAL,5,0,Windows,unspecified
22:55:08.130,126.792,0.1138,0.0922,0.103,0.3942,0.1133,NORMAL,6,0,Windows,unspecified
22:55:08.163,126.824,0.114,0.111,0.1125,0.3888,0.12,NORMAL,7,0,Windows,unspecified
22:55:08.193,126.854,0.1887,0.1869,0.1878,0.4002,0.1267,NORMAL,8,0,Windows,unspecified
22:55:08.225,126.886,0.2149,0.2236,0.2192,0.4069,0.1333,NORMAL,9,0,Windows,unspecified
22:55:08.272,126.934,0.2479,0.2145,0.2312,0.3946,0.14,WARNING,10,0,Windows,unspecified
22:55:08.305,126.966,0.2617,0.2612,0.2614,0.4042,0.14,NORMAL,0,0,Windows,unspecified
22:55:08.335,126.996,0.2617,0.2506,0.2562,0.3905,0.14,NORMAL,0,0,Windows,unspecified
22:55:08.369,127.03,0.2704,0.2494,0.2599,0.3905,0.14,NORMAL,0,0,Windows,unspecified
22:55:08.400,127.062,0.2617,0.2494,0.2555,0.3905,0.14,NORMAL,0,0,Windows,unspecified
22:55:08.432,127.094,0.2617,0.2506,0.2562,0.3937,0.14,NORMAL,0,0,Windows,unspecified
22:55:08.459,127.12,0.2986,0.2603,0.2795,0.3915,0.14,NORMAL,0,0,Windows,unspecified
22:55:08.494,127.155,0.2986,0.2863,0.2925,0.3915,0.14,NORMAL,0,0,Windows,unspecified
22:55:08.527,127.188,0.2986,0.2863,0.2925,0.3901,0.14,NORMAL,0,0,Windows,unspecified
22:55:08.558,127.219,0.2986,0.2863,0.2925,0.3901,0.14,NORMAL,0,0,Windows,unspecified
22:55:08.591,127.252,0.2986,0.3028,0.3007,0.3943,0.14,NORMAL,0,0,Windows,unspecified
22:55:08.621,127.282,0.3057,0.3018,0.3038,0.402,0.14,NORMAL,0,0,Windows,unspecified
22:55:08.672,127.333,0.309,0.2926,0.3008,0.3886,0.14,NORMAL,0,0,Windows,unspecified
22:55:08.697,127.358,0.309,0.2936,0.3013,0.391,0.14,NORMAL,0,0,Windows,unspecified
22:55:08.737,127.398,0.3057,0.3038,0.3047,0.3949,0.14,NORMAL,0,0,Windows,unspecified
22:55:08.761,127.423,0.317,0.3196,0.3183,0.3917,0.14,NORMAL,0,0,Windows,unspecified
22:55:08.799,127.461,0.317,0.3206,0.3188,0.3917,0.14,NORMAL,0,0,Windows,unspecified
22:55:08.822,127.483,0.317,0.3206,0.3188,0.3917,0.14,NORMAL,0,0,Windows,unspecified
22:55:08.859,127.52,0.3057,0.3096,0.3077,0.3896,0.14,NORMAL,0,0,Windows,unspecified
22:55:08.886,127.547,0.3057,0.3106,0.3081,0.3896,0.14,NORMAL,0,0,Windows,unspecified
22:55:08.927,127.588,0.309,0.3039,0.3064,0.3896,0.14,NORMAL,0,0,Windows,unspecified
22:55:08.963,127.625,0.317,0.2863,0.3016,0.3896,0.14,NORMAL,0,0,Windows,unspecified
22:55:08.997,127.658,0.317,0.2841,0.3005,0.3896,0.14,NORMAL,0,0,Windows,unspecified
22:55:09.026,127.688,0.317,0.2841,0.3005,0.3972,0.14,NORMAL,0,0,Windows,unspecified
22:55:09.072,127.734,0.317,0.2755,0.2962,0.3892,0.14,NORMAL,0,0,Windows,unspecified
22:55:09.104,127.765,0.317,0.2765,0.2968,0.3953,0.14,NORMAL,0,0,Windows,unspecified
22:55:09.134,127.795,0.309,0.2863,0.2976,0.3896,0.14,NORMAL,0,0,Windows,unspecified
22:55:09.166,127.827,0.317,0.2841,0.3005,0.384,0.14,NORMAL,0,0,Windows,unspecified
22:55:09.196,127.857,0.317,0.2852,0.3011,0.3967,0.14,NORMAL,0,0,Windows,unspecified
22:55:09.228,127.889,0.317,0.2852,0.3011,0.3967,0.14,NORMAL,0,0,Windows,unspecified
22:55:09.264,127.925,0.308,0.2926,0.3003,0.393,0.14,NORMAL,0,0,Windows,unspecified
22:55:09.292,127.953,0.309,0.3039,0.3064,0.393,0.14,NORMAL,0,0,Windows,unspecified
22:55:09.323,127.984,0.317,0.3039,0.3105,0.3951,0.14,NORMAL,0,0,Windows,unspecified
22:55:09.355,128.016,0.317,0.3018,0.3094,0.3928,0.14,NORMAL,0,0,Windows,unspecified
22:55:09.392,128.053,0.317,0.3039,0.3105,0.3866,0.14,NORMAL,0,0,Windows,unspecified
22:55:09.433,128.094,0.3232,0.3106,0.3169,0.3926,0.14,NORMAL,0,0,Windows,unspecified
22:55:09.473,128.134,0.3047,0.3115,0.3081,0.3984,0.14,NORMAL,0,0,Windows,unspecified
22:55:09.511,128.172,0.3047,0.3115,0.3081,0.3924,0.14,NORMAL,0,0,Windows,unspecified
22:55:09.542,128.203,0.309,0.3226,0.3158,0.3926,0.14,NORMAL,0,0,Windows,unspecified
22:55:09.573,128.234,0.317,0.3226,0.3198,0.3926,0.14,NORMAL,0,0,Windows,unspecified
22:55:09.604,128.265,0.317,0.3206,0.3188,0.4002,0.14,NORMAL,0,0,Windows,unspecified
22:55:09.634,128.295,0.317,0.3206,0.3188,0.398,0.14,NORMAL,0,0,Windows,unspecified
22:55:09.665,128.326,0.317,0.3216,0.3193,0.4038,0.14,NORMAL,0,0,Windows,unspecified
22:55:09.696,128.357,0.317,0.3216,0.3193,0.4038,0.14,NORMAL,0,0,Windows,unspecified
22:55:09.729,128.39,0.3352,0.3216,0.3284,0.4023,0.14,NORMAL,0,0,Windows,unspecified
22:55:09.761,128.422,0.3352,0.3029,0.3191,0.3983,0.14,NORMAL,0,0,Windows,unspecified
22:55:09.792,128.453,0.3352,0.2926,0.3139,0.4121,0.14,NORMAL,0,0,Windows,unspecified
22:55:09.823,128.484,0.3352,0.2926,0.3139,0.4121,0.14,NORMAL,0,0,Windows,unspecified
22:55:09.871,128.532,0.3261,0.2926,0.3094,0.406,0.1333,NORMAL,0,0,Windows,unspecified
22:55:09.902,128.563,0.3251,0.2926,0.3089,0.406,0.1267,NORMAL,0,0,Windows,unspecified
22:55:09.933,128.594,0.3251,0.2755,0.3003,0.4018,0.12,NORMAL,0,0,Windows,unspecified
22:55:09.965,128.626,0.3078,0.2755,0.2916,0.3955,0.1133,NORMAL,0,0,Windows,unspecified
22:55:09.999,128.66,0.3078,0.2755,0.2916,0.3955,0.1067,NORMAL,0,0,Windows,unspecified
22:55:10.030,128.691,0.3078,0.2755,0.2916,0.3955,0.1,NORMAL,0,0,Windows,unspecified
22:55:10.065,128.726,0.3232,0.2755,0.2993,0.3963,0.0933,NORMAL,0,0,Windows,unspecified
22:55:10.092,128.753,0.3232,0.2755,0.2993,0.3926,0.0867,NORMAL,0,0,Windows,unspecified
22:55:10.124,128.785,0.317,0.3039,0.3105,0.4003,0.08,NORMAL,0,0,Windows,unspecified
22:55:10.156,128.818,0.317,0.3028,0.3099,0.3953,0.0733,NORMAL,0,0,Windows,unspecified
22:55:10.188,128.849,0.3057,0.3038,0.3047,0.3891,0.0733,NORMAL,0,0,Windows,unspecified
22:55:10.217,128.879,0.309,0.3049,0.3069,0.3838,0.0667,NORMAL,0,0,Windows,unspecified
22:55:10.271,128.932,0.3047,0.2935,0.2991,0.3992,0.0667,NORMAL,0,0,Windows,unspecified
22:55:10.298,128.959,0.3057,0.2935,0.2996,0.3953,0.0667,NORMAL,0,0,Windows,unspecified
22:55:10.337,128.998,0.317,0.3216,0.3193,0.3891,0.0667,NORMAL,0,0,Windows,unspecified
22:55:10.361,129.022,0.317,0.3216,0.3193,0.3914,0.0667,NORMAL,0,0,Windows,unspecified
22:55:10.399,129.06,0.317,0.3216,0.3193,0.3891,0.0667,NORMAL,0,0,Windows,unspecified
22:55:10.424,129.085,0.317,0.3206,0.3188,0.3891,0.0667,NORMAL,0,0,Windows,unspecified
22:55:10.464,129.125,0.3168,0.3206,0.3187,0.3891,0.0667,NORMAL,0,0,Windows,unspecified
22:55:10.488,129.149,0.3352,0.3196,0.3274,0.3941,0.0667,NORMAL,0,0,Windows,unspecified
22:55:10.524,129.185,0.317,0.3206,0.3188,0.3945,0.0667,NORMAL,0,0,Windows,unspecified
22:55:10.549,129.21,0.317,0.3206,0.3188,0.3945,0.0667,NORMAL,0,0,Windows,unspecified
22:55:10.591,129.252,0.317,0.3206,0.3188,0.3945,0.0667,NORMAL,0,0,Windows,unspecified
22:55:10.628,129.289,0.317,0.3206,0.3188,0.3964,0.0667,NORMAL,0,0,Windows,unspecified
22:55:10.670,129.331,0.3352,0.3206,0.3279,0.3964,0.0667,NORMAL,0,0,Windows,unspecified
22:55:10.707,129.368,0.3352,0.3018,0.3185,0.3941,0.0667,NORMAL,0,0,Windows,unspecified
22:55:10.735,129.396,0.3234,0.3038,0.3136,0.402,0.0667,NORMAL,0,0,Windows,unspecified
22:55:10.768,129.429,0.3234,0.2944,0.3089,0.3981,0.0667,NORMAL,0,0,Windows,unspecified
22:55:10.794,129.455,0.3352,0.2944,0.3148,0.4001,0.0667,NORMAL,0,0,Windows,unspecified
22:55:10.828,129.489,0.3352,0.2935,0.3143,0.3988,0.0667,NORMAL,0,0,Windows,unspecified
22:55:10.864,129.525,0.317,0.2755,0.2962,0.3949,0.0667,NORMAL,0,0,Windows,unspecified
22:55:10.893,129.555,0.317,0.2926,0.3048,0.3969,0.0667,NORMAL,0,0,Windows,unspecified
22:55:10.929,129.59,0.317,0.2926,0.3048,0.3969,0.0667,NORMAL,0,0,Windows,unspecified
22:55:10.957,129.618,0.317,0.2926,0.3048,0.3915,0.0667,NORMAL,0,0,Windows,unspecified
22:55:10.990,129.652,0.317,0.2926,0.3048,0.3953,0.0667,NORMAL,0,0,Windows,unspecified
22:55:11.017,129.679,0.317,0.2926,0.3048,0.401,0.0667,NORMAL,0,0,Windows,unspecified
22:55:11.071,129.732,0.317,0.2926,0.3048,0.4063,0.0667,NORMAL,0,0,Windows,unspecified
22:55:11.094,129.755,0.317,0.3226,0.3198,0.3945,0.0667,NORMAL,0,0,Windows,unspecified
22:55:11.134,129.795,0.309,0.3206,0.3148,0.3968,0.0667,NORMAL,0,0,Windows,unspecified
22:55:11.172,129.833,0.3057,0.3216,0.3136,0.4029,0.0667,NORMAL,0,0,Windows,unspecified
22:55:11.205,129.866,0.3057,0.3115,0.3086,0.4012,0.0667,NORMAL,0,0,Windows,unspecified
22:55:11.236,129.897,0.309,0.3216,0.3153,0.3951,0.0667,NORMAL,0,0,Windows,unspecified
22:55:11.268,129.929,0.3057,0.3216,0.3136,0.3853,0.0667,NORMAL,0,0,Windows,unspecified
22:55:11.299,129.96,0.3057,0.2944,0.3001,0.3963,0.0667,NORMAL,0,0,Windows,unspecified
22:55:11.332,129.993,0.3057,0.2872,0.2964,0.3902,0.0667,NORMAL,0,0,Windows,unspecified
22:55:11.363,130.024,0.2802,0.2861,0.2832,0.3902,0.0667,NORMAL,0,0,Windows,unspecified
22:55:11.395,130.056,0.093,0.0569,0.075,0.3943,0.0733,NORMAL,1,0,Windows,unspecified
22:55:11.425,130.086,0.0416,0.0323,0.0369,0.3967,0.08,NORMAL,2,0,Windows,unspecified
22:55:11.472,130.133,0.0569,0.0333,0.0451,0.404,0.0867,NORMAL,3,0,Windows,unspecified
22:55:11.505,130.166,0.0416,0.0333,0.0375,0.4056,0.0933,NORMAL,4,0,Windows,unspecified
22:55:11.531,130.192,0.1526,0.1249,0.1388,0.4025,0.1,NORMAL,5,0,Windows,unspecified
22:55:11.566,130.227,0.1941,0.1689,0.1815,0.3995,0.1067,NORMAL,6,0,Windows,unspecified
22:55:11.601,130.262,0.2322,0.2324,0.2323,0.4056,0.1133,NORMAL,7,0,Windows,unspecified
22:55:11.626,130.287,0.2617,0.2604,0.2611,0.3902,0.1133,NORMAL,0,0,Windows,unspecified
22:55:11.665,130.326,0.2606,0.2604,0.2605,0.3906,0.1133,NORMAL,0,0,Windows,unspecified
22:55:11.693,130.354,0.2606,0.2801,0.2703,0.3906,0.1133,NORMAL,0,0,Windows,unspecified
22:55:11.727,130.388,0.2986,0.2966,0.2976,0.3967,0.1133,NORMAL,0,0,Windows,unspecified
22:55:11.755,130.416,0.2986,0.314,0.3063,0.4066,0.1133,NORMAL,0,0,Windows,unspecified
22:55:11.792,130.453,0.2986,0.3039,0.3013,0.3967,0.1133,NORMAL,0,0,Windows,unspecified
22:55:11.817,130.478,0.3354,0.3039,0.3196,0.402,0.1133,NORMAL,0,0,Windows,unspecified
22:55:11.870,130.532,0.2986,0.3039,0.3013,0.402,0.1133,NORMAL,0,0,Windows,unspecified
22:55:11.897,130.558,0.2986,0.2861,0.2923,0.4044,0.1133,NORMAL,0,0,Windows,unspecified
22:55:11.935,130.596,0.2986,0.3039,0.3013,0.3967,0.1133,NORMAL,0,0,Windows,unspecified
22:55:11.960,130.621,0.3352,0.3028,0.319,0.3967,0.1133,NORMAL,0,0,Windows,unspecified
22:55:11.996,130.657,0.3352,0.3028,0.319,0.3906,0.1133,NORMAL,0,0,Windows,unspecified
22:55:12.023,130.684,0.3168,0.3028,0.3098,0.3869,0.1133,NORMAL,0,0,Windows,unspecified
22:55:12.065,130.726,0.317,0.3039,0.3105,0.3905,0.1133,NORMAL,0,0,Windows,unspecified
22:55:12.086,130.747,0.317,0.3039,0.3105,0.3958,0.1133,NORMAL,0,0,Windows,unspecified
22:55:12.126,130.788,0.317,0.3039,0.3105,0.4034,0.1133,NORMAL,0,0,Windows,unspecified
22:55:12.161,130.822,0.317,0.3039,0.3105,0.3984,0.1133,NORMAL,0,0,Windows,unspecified
22:55:12.194,130.855,0.317,0.3039,0.3105,0.3953,0.1133,NORMAL,0,0,Windows,unspecified
22:55:12.223,130.884,0.317,0.2861,0.3015,0.3953,0.1133,NORMAL,0,0,Windows,unspecified
22:55:12.269,130.931,0.317,0.2861,0.3015,0.3953,0.1133,NORMAL,0,0,Windows,unspecified
22:55:12.302,130.964,0.317,0.2852,0.3011,0.3953,0.1133,NORMAL,0,0,Windows,unspecified
22:55:12.334,130.995,0.317,0.2852,0.3011,0.4029,0.1133,NORMAL,0,0,Windows,unspecified
22:55:12.364,131.025,0.317,0.2852,0.3011,0.4029,0.1133,NORMAL,0,0,Windows,unspecified
22:55:12.399,131.06,0.317,0.2852,0.3011,0.4029,0.1133,NORMAL,0,0,Windows,unspecified
22:55:12.427,131.088,0.317,0.2852,0.3011,0.4029,0.1133,NORMAL,0,0,Windows,unspecified
22:55:12.462,131.123,0.317,0.2852,0.3011,0.3968,0.1133,NORMAL,0,0,Windows,unspecified
22:55:12.488,131.149,0.3168,0.2852,0.301,0.3817,0.1133,NORMAL,0,0,Windows,unspecified
22:55:12.523,131.184,0.3168,0.2852,0.301,0.3817,0.1133,NORMAL,0,0,Windows,unspecified
22:55:12.549,131.21,0.3168,0.2861,0.3014,0.3877,0.1133,NORMAL,0,0,Windows,unspecified
22:55:12.605,131.266,0.3232,0.2861,0.3046,0.3877,0.1133,NORMAL,0,0,Windows,unspecified
22:55:12.641,131.302,0.3232,0.2861,0.3046,0.3877,0.1133,NORMAL,0,0,Windows,unspecified
22:55:12.673,131.334,0.3261,0.3039,0.315,0.3881,0.1133,NORMAL,0,0,Windows,unspecified
22:55:12.706,131.367,0.3261,0.3216,0.3239,0.3863,0.1133,NORMAL,0,0,Windows,unspecified
22:55:12.735,131.396,0.3261,0.3216,0.3239,0.3967,0.1133,NORMAL,0,0,Windows,unspecified
22:55:12.767,131.428,0.3088,0.3216,0.3152,0.3906,0.1133,NORMAL,0,0,Windows,unspecified
22:55:12.801,131.462,0.2702,0.2494,0.2598,0.3906,0.1133,NORMAL,0,0,Windows,unspecified
22:55:12.832,131.493,0.2701,0.2494,0.2597,0.3902,0.1133,NORMAL,0,0,Windows,unspecified
22:55:12.861,131.522,0.2349,0.2316,0.2332,0.3868,0.12,NORMAL,1,0,Windows,unspecified
22:55:12.893,131.554,0.2349,0.2152,0.2251,0.3817,0.1267,NORMAL,2,0,Windows,unspecified
22:55:12.927,131.588,0.2349,0.2137,0.2243,0.3895,0.1333,NORMAL,3,0,Windows,unspecified
22:55:12.957,131.618,0.2349,0.2137,0.2243,0.3957,0.1333,NORMAL,4,0,Windows,unspecified
22:55:13.004,131.665,0.2349,0.2137,0.2243,0.3906,0.1333,NORMAL,5,0,Windows,unspecified
22:55:13.033,131.694,0.2436,0.2137,0.2287,0.3945,0.1333,NORMAL,6,0,Windows,unspecified
22:55:13.070,131.731,0.2421,0.2137,0.2279,0.3967,0.1333,NORMAL,7,0,Windows,unspecified
22:55:13.097,131.758,0.2421,0.2137,0.2279,0.4029,0.1333,NORMAL,8,0,Windows,unspecified
22:55:13.136,131.797,0.1803,0.1206,0.1505,0.4119,0.1333,NORMAL,9,0,Windows,unspecified
22:55:13.161,131.822,0.11,0.0862,0.0981,0.4157,0.1333,WARNING,10,0,Windows,unspecified
22:55:13.200,131.861,0.0921,0.073,0.0826,0.4115,0.1333,WARNING,11,0,Windows,unspecified
22:55:13.225,131.886,0.11,0.0629,0.0865,0.4066,0.1333,WARNING,12,0,Windows,unspecified
22:55:13.264,131.925,0.2156,0.1995,0.2076,0.3982,0.1333,WARNING,13,0,Windows,unspecified
22:55:13.286,131.947,0.2606,0.2524,0.2565,0.3982,0.1333,NORMAL,0,0,Windows,unspecified
22:55:13.325,131.986,0.2974,0.2872,0.2923,0.3982,0.1333,NORMAL,0,0,Windows,unspecified
22:55:13.349,132.01,0.2787,0.3049,0.2918,0.3906,0.1333,NORMAL,0,0,Windows,unspecified
22:55:13.407,132.068,0.3156,0.3334,0.3245,0.4005,0.1333,NORMAL,0,0,Windows,unspecified
22:55:13.441,132.103,0.3156,0.3151,0.3154,0.3968,0.1333,NORMAL,0,0,Windows,unspecified
22:55:13.472,132.134,0.3168,0.3039,0.3103,0.393,0.1333,NORMAL,0,0,Windows,unspecified
22:55:13.504,132.165,0.3168,0.2935,0.3051,0.3915,0.1333,NORMAL,0,0,Windows,unspecified
22:55:13.532,132.193,0.3168,0.2926,0.3047,0.3915,0.1333,NORMAL,0,0,Windows,unspecified
22:55:13.568,132.23,0.3168,0.2926,0.3047,0.3967,0.1333,NORMAL,0,0,Windows,unspecified
22:55:13.595,132.256,0.3168,0.3098,0.3133,0.4042,0.1333,NORMAL,0,0,Windows,unspecified
22:55:13.630,132.291,0.317,0.2926,0.3048,0.4065,0.1333,NORMAL,0,0,Windows,unspecified
22:55:13.663,132.324,0.317,0.2926,0.3048,0.4005,0.1333,NORMAL,0,0,Windows,unspecified
22:55:13.691,132.352,0.3057,0.3098,0.3077,0.3951,0.1333,NORMAL,0,0,Windows,unspecified
22:55:13.724,132.385,0.3057,0.3098,0.3077,0.4019,0.1333,NORMAL,0,0,Windows,unspecified
22:55:13.755,132.416,0.3057,0.3098,0.3077,0.408,0.1333,NORMAL,0,0,Windows,unspecified
22:55:13.807,132.468,0.3412,0.3039,0.3225,0.3967,0.1333,NORMAL,0,0,Windows,unspecified
22:55:13.831,132.492,0.3412,0.3039,0.3225,0.3967,0.1333,NORMAL,0,0,Windows,unspecified
22:55:13.874,132.535,0.3538,0.2936,0.3237,0.3984,0.1333,NORMAL,0,0,Windows,unspecified
22:55:13.909,132.571,0.3538,0.2936,0.3237,0.4007,0.1333,NORMAL,0,0,Windows,unspecified
22:55:13.942,132.603,0.3538,0.2936,0.3237,0.3931,0.1333,NORMAL,0,0,Windows,unspecified
22:55:13.972,132.634,0.3538,0.2936,0.3237,0.3857,0.1333,NORMAL,0,0,Windows,unspecified
22:55:14.004,132.665,0.3538,0.2936,0.3237,0.3931,0.1333,NORMAL,0,0,Windows,unspecified
22:55:14.036,132.697,0.3538,0.2936,0.3237,0.3984,0.1333,NORMAL,0,0,Windows,unspecified
22:55:14.065,132.726,0.3538,0.3039,0.3289,0.3931,0.1333,NORMAL,0,0,Windows,unspecified
22:55:14.096,132.757,0.3354,0.3039,0.3197,0.3931,0.1333,NORMAL,0,0,Windows,unspecified
22:55:14.128,132.789,0.3234,0.3039,0.3137,0.3931,0.1333,NORMAL,0,0,Windows,unspecified
22:55:14.164,132.825,0.3225,0.3039,0.3132,0.3931,0.1333,NORMAL,0,0,Windows,unspecified
22:55:14.203,132.864,0.3225,0.3028,0.3127,0.3931,0.1333,NORMAL,0,0,Windows,unspecified
22:55:14.240,132.901,0.3225,0.3028,0.3127,0.3857,0.1333,NORMAL,0,0,Windows,unspecified
22:55:14.270,132.932,0.3232,0.3216,0.3224,0.3804,0.1333,NORMAL,0,0,Windows,unspecified
22:55:14.303,132.964,0.3409,0.3038,0.3224,0.3864,0.1333,NORMAL,0,0,Windows,unspecified
22:55:14.336,132.997,0.269,0.2866,0.2778,0.3877,0.1333,NORMAL,0,0,Windows,unspecified
22:55:14.364,133.025,0.2691,0.2683,0.2687,0.3877,0.1333,NORMAL,0,0,Windows,unspecified
22:55:14.396,133.057,0.2701,0.2506,0.2603,0.3877,0.1333,NORMAL,0,0,Windows,unspecified
22:55:14.427,133.088,0.2801,0.2506,0.2653,0.3877,0.1333,NORMAL,0,0,Windows,unspecified
22:55:14.459,133.12,0.2801,0.2506,0.2653,0.3967,0.1333,NORMAL,0,0,Windows,unspecified
22:55:14.489,133.15,0.2802,0.2506,0.2654,0.3967,0.1333,NORMAL,0,0,Windows,unspecified
22:55:14.524,133.185,0.2802,0.2688,0.2745,0.3967,0.1333,NORMAL,0,0,Windows,unspecified
22:55:14.551,133.212,0.2802,0.2688,0.2745,0.3967,0.1333,NORMAL,0,0,Windows,unspecified
22:55:14.604,133.265,0.2802,0.2688,0.2745,0.3991,0.1333,NORMAL,0,0,Windows,unspecified
22:55:14.630,133.291,0.2802,0.2688,0.2745,0.3991,0.1333,NORMAL,0,0,Windows,unspecified
22:55:14.669,133.33,0.2619,0.2701,0.266,0.3967,0.1333,NORMAL,0,0,Windows,unspecified
22:55:14.706,133.367,0.2619,0.2701,0.266,0.3988,0.1333,NORMAL,0,0,Windows,unspecified
22:55:14.738,133.399,0.2619,0.2524,0.2572,0.4052,0.1333,NORMAL,0,0,Windows,unspecified
22:55:14.773,133.434,0.2606,0.2524,0.2565,0.4071,0.1333,NORMAL,0,0,Windows,unspecified
22:55:14.802,133.463,0.2421,0.2347,0.2384,0.4071,0.14,NORMAL,1,0,Windows,unspecified
22:55:14.833,133.494,0.2421,0.2347,0.2384,0.4071,0.1467,NORMAL,2,0,Windows,unspecified
22:55:14.865,133.526,0.2421,0.2347,0.2384,0.4111,0.1533,NORMAL,3,0,Windows,unspecified
22:55:14.895,133.556,0.2421,0.2347,0.2384,0.4163,0.16,NORMAL,4,0,Windows,unspecified
22:55:14.923,133.584,0.2421,0.2171,0.2296,0.4082,0.1667,NORMAL,5,0,Windows,unspecified
22:55:14.958,133.619,0.2421,0.2171,0.2296,0.4066,0.1733,NORMAL,6,0,Windows,unspecified
22:55:15.008,133.669,0.2421,0.2171,0.2296,0.3951,0.18,NORMAL,7,0,Windows,unspecified
22:55:15.039,133.7,0.2421,0.2171,0.2296,0.3928,0.1867,NORMAL,8,0,Windows,unspecified
22:55:15.070,133.731,0.2421,0.2171,0.2296,0.3928,0.1933,NORMAL,9,0,Windows,unspecified
22:55:15.098,133.759,0.2421,0.2171,0.2296,0.3928,0.2,WARNING,10,0,Windows,unspecified
22:55:15.134,133.795,0.1227,0.0999,0.1113,0.4005,0.2067,WARNING,11,0,Windows,unspecified
22:55:15.160,133.821,0.0929,0.0667,0.0798,0.4042,0.2133,WARNING,12,0,Windows,unspecified
22:55:15.195,133.856,0.0402,0.0484,0.0443,0.4005,0.22,WARNING,13,0,Windows,unspecified
22:55:15.224,133.885,0.0401,0.0312,0.0357,0.4005,0.2267,WARNING,14,0,Windows,unspecified
22:55:15.265,133.926,0.1606,0.1625,0.1615,0.3951,0.2333,WARNING,15,0,Windows,unspecified
22:55:15.301,133.962,0.2054,0.1869,0.1961,0.3988,0.24,WARNING,16,0,Windows,unspecified
22:55:15.334,133.995,0.2791,0.2335,0.2563,0.3966,0.24,NORMAL,0,0,Windows,unspecified
22:55:15.365,134.026,0.2789,0.2511,0.265,0.4017,0.24,NORMAL,0,0,Windows,unspecified
22:55:15.407,134.068,0.3289,0.2684,0.2987,0.404,0.24,NORMAL,0,0,Windows,unspecified
22:55:15.442,134.103,0.3168,0.2684,0.2926,0.3988,0.24,NORMAL,0,0,Windows,unspecified
22:55:15.474,134.135,0.3168,0.285,0.3009,0.3928,0.24,NORMAL,0,0,Windows,unspecified
22:55:15.505,134.167,0.317,0.285,0.301,0.3928,0.24,NORMAL,0,0,Windows,unspecified
22:55:15.535,134.196,0.317,0.285,0.301,0.3855,0.24,NORMAL,0,0,Windows,unspecified
22:55:15.567,134.228,0.317,0.2861,0.3015,0.3855,0.24,NORMAL,0,0,Windows,unspecified
22:55:15.600,134.261,0.317,0.2861,0.3015,0.3855,0.24,NORMAL,0,0,Windows,unspecified
22:55:15.632,134.293,0.317,0.2861,0.3015,0.3855,0.24,NORMAL,0,0,Windows,unspecified
22:55:15.659,134.321,0.317,0.3039,0.3105,0.3855,0.24,NORMAL,0,0,Windows,unspecified
22:55:15.693,134.354,0.3354,0.3029,0.3192,0.3855,0.24,NORMAL,0,0,Windows,unspecified
22:55:15.728,134.39,0.3536,0.3029,0.3283,0.3855,0.24,NORMAL,0,0,Windows,unspecified
22:55:15.754,134.415,0.3536,0.3096,0.3316,0.3855,0.24,NORMAL,0,0,Windows,unspecified
22:55:15.804,134.465,0.3409,0.3096,0.3253,0.3855,0.24,NORMAL,0,0,Windows,unspecified
22:55:15.833,134.494,0.3409,0.3096,0.3253,0.3855,0.24,NORMAL,0,0,Windows,unspecified
22:55:15.870,134.531,0.3409,0.3096,0.3253,0.3855,0.24,NORMAL,0,0,Windows,unspecified
22:55:15.897,134.558,0.3409,0.3383,0.3396,0.3855,0.24,NORMAL,0,0,Windows,unspecified
22:55:15.937,134.598,0.1997,0.1802,0.1899,0.3855,0.2467,NORMAL,1,0,Windows,unspecified
22:55:15.957,134.618,0.1708,0.1646,0.1677,0.404,0.2533,NORMAL,2,0,Windows,unspecified
22:55:16.000,134.661,0.0651,0.0539,0.0595,0.4084,0.26,NORMAL,3,0,Windows,unspecified
22:55:16.035,134.696,0.0416,0.0167,0.0291,0.4058,0.2667,NORMAL,4,0,Windows,unspecified
22:55:16.066,134.727,0.0651,0.0416,0.0534,0.4058,0.2733,NORMAL,5,0,Windows,unspecified
22:55:16.098,134.759,0.0999,0.0652,0.0825,0.4058,0.28,NORMAL,6,0,Windows,unspecified
22:55:16.129,134.791,0.1772,0.1326,0.1549,0.4084,0.2867,NORMAL,7,0,Windows,unspecified
22:55:16.158,134.819,0.2149,0.187,0.2009,0.4094,0.2933,NORMAL,8,0,Windows,unspecified
22:55:16.208,134.869,0.2436,0.2604,0.252,0.4094,0.2933,NORMAL,0,0,Windows,unspecified
22:55:16.239,134.9,0.2802,0.2688,0.2745,0.4042,0.2933,NORMAL,0,0,Windows,unspecified
22:55:16.272,134.933,0.2802,0.2855,0.2829,0.3988,0.2933,NORMAL,0,0,Windows,unspecified
22:55:16.301,134.962,0.2986,0.2855,0.2921,0.3928,0.2933,NORMAL,0,0,Windows,unspecified
22:55:16.337,134.998,0.317,0.3028,0.3099,0.3928,0.2933,NORMAL,0,0,Windows,unspecified
22:55:16.362,135.023,0.3352,0.3028,0.319,0.3928,0.2933,NORMAL,0,0,Windows,unspecified
22:55:16.395,135.056,0.3168,0.3206,0.3187,0.3928,0.2867,NORMAL,0,0,Windows,unspecified
22:55:16.423,135.084,0.3168,0.3206,0.3187,0.3928,0.28,NORMAL,0,0,Windows,unspecified
22:55:16.464,135.125,0.3168,0.3206,0.3187,0.3928,0.2733,NORMAL,0,0,Windows,unspecified
22:55:16.488,135.149,0.3168,0.3206,0.3187,0.3967,0.2667,NORMAL,0,0,Windows,unspecified
22:55:16.527,135.188,0.3168,0.3206,0.3187,0.3967,0.26,NORMAL,0,0,Windows,unspecified
22:55:16.564,135.225,0.3088,0.3206,0.3147,0.3967,0.2533,NORMAL,0,0,Windows,unspecified
22:55:16.609,135.27,0.3439,0.3384,0.3412,0.3892,0.2467,NORMAL,0,0,Windows,unspecified
22:55:16.641,135.302,0.3439,0.3384,0.3412,0.3841,0.2467,NORMAL,0,0,Windows,unspecified
22:55:16.673,135.334,0.3265,0.3384,0.3325,0.3967,0.2467,NORMAL,0,0,Windows,unspecified
22:55:16.705,135.366,0.343,0.3384,0.3407,0.3967,0.2467,NORMAL,0,0,Windows,unspecified
22:55:16.738,135.4,0.343,0.3384,0.3407,0.3967,0.2467,NORMAL,0,0,Windows,unspecified
22:55:16.768,135.429,0.3251,0.3384,0.3318,0.3991,0.2467,NORMAL,0,0,Windows,unspecified
22:55:16.801,135.462,0.3261,0.3394,0.3328,0.3991,0.2467,NORMAL,0,0,Windows,unspecified
22:55:16.831,135.492,0.3261,0.3394,0.3328,0.4044,0.2467,NORMAL,0,0,Windows,unspecified
22:55:16.863,135.524,0.3261,0.3216,0.3239,0.3906,0.2467,NORMAL,0,0,Windows,unspecified
22:55:16.894,135.555,0.3439,0.3216,0.3327,0.3945,0.2467,NORMAL,0,0,Windows,unspecified
22:55:16.924,135.585,0.3439,0.3216,0.3327,0.3943,0.2467,NORMAL,0,0,Windows,unspecified
22:55:16.956,135.617,0.3439,0.3216,0.3327,0.4004,0.2467,NORMAL,0,0,Windows,unspecified
22:55:17.008,135.669,0.3439,0.3106,0.3272,0.3915,0.2467,NORMAL,0,0,Windows,unspecified
22:55:17.034,135.695,0.3439,0.3106,0.3272,0.3821,0.2467,NORMAL,0,0,Windows,unspecified
22:55:17.073,135.734,0.3439,0.3106,0.3272,0.3881,0.2467,NORMAL,0,0,Windows,unspecified
22:55:17.113,135.774,0.3439,0.3106,0.3272,0.3817,0.2467,NORMAL,0,0,Windows,unspecified
22:55:17.141,135.802,0.3439,0.3216,0.3327,0.3881,0.2467,NORMAL,0,0,Windows,unspecified
22:55:17.175,135.836,0.3439,0.3216,0.3327,0.3895,0.2467,NORMAL,0,0,Windows,unspecified
22:55:17.206,135.868,0.3401,0.3039,0.322,0.3989,0.2467,NORMAL,0,0,Windows,unspecified
22:55:17.237,135.898,0.3045,0.2861,0.2953,0.402,0.2467,NORMAL,0,0,Windows,unspecified
22:55:17.266,135.927,0.2802,0.2519,0.2661,0.3943,0.2467,NORMAL,0,0,Windows,unspecified
22:55:17.297,135.959,0.2802,0.2519,0.2661,0.3857,0.2467,NORMAL,0,0,Windows,unspecified
22:55:17.330,135.992,0.2253,0.1802,0.2028,0.3915,0.2533,NORMAL,1,0,Windows,unspecified
22:55:17.361,136.022,0.215,0.1802,0.1976,0.4005,0.26,NORMAL,2,0,Windows,unspecified
22:55:17.405,136.066,0.1349,0.089,0.1119,0.4005,0.2667,NORMAL,3,0,Windows,unspecified
22:55:17.441,136.102,0.1129,0.073,0.093,0.3984,0.2733,NORMAL,4,0,Windows,unspecified
22:55:17.473,136.134,0.0798,0.0402,0.06,0.3984,0.28,NORMAL,5,0,Windows,unspecified
22:55:17.503,136.164,0.0651,0.0228,0.044,0.3984,0.2867,NORMAL,6,0,Windows,unspecified
22:55:17.535,136.196,0.0487,0.0228,0.0358,0.4042,0.2933,NORMAL,7,0,Windows,unspecified
22:55:17.565,136.226,0.0487,0.0161,0.0324,0.4042,0.3,NORMAL,8,0,Windows,unspecified
22:55:17.599,136.26,0.0415,0.0167,0.0291,0.4062,0.3067,NORMAL,9,0,Windows,unspecified
22:55:17.626,136.287,0.0344,0.0161,0.0253,0.4062,0.3133,WARNING,10,0,Windows,unspecified
22:55:17.664,136.325,0.0344,0.0167,0.0255,0.4025,0.32,WARNING,11,0,Windows,unspecified
22:55:17.690,136.351,0.0344,0.0161,0.0253,0.3937,0.3267,WARNING,12,0,Windows,unspecified
22:55:17.728,136.389,0.0333,0.0333,0.0333,0.4005,0.3333,WARNING,13,0,Windows,unspecified
22:55:17.749,136.41,0.0333,0.0161,0.0247,0.4005,0.34,WARNING,14,0,Windows,unspecified
22:55:17.804,136.465,0.0344,0.0333,0.0339,0.4094,0.3467,WARNING,15,0,Windows,unspecified
22:55:17.827,136.488,0.0516,0.0167,0.0341,0.4094,0.3533,DROWSY,16,0,Windows,unspecified
22:55:17.873,136.534,0.1345,0.1129,0.1237,0.404,0.3533,DROWSY,17,0,Windows,unspecified
22:55:17.907,136.568,0.1585,0.1503,0.1544,0.404,0.3533,DROWSY,18,0,Windows,unspecified
22:55:17.940,136.601,0.2235,0.2051,0.2143,0.4019,0.3533,DROWSY,19,0,Windows,unspecified
22:55:17.969,136.63,0.2436,0.2236,0.2336,0.4056,0.3533,DROWSY,20,0,Windows,unspecified
22:55:18.002,136.663,0.2434,0.2316,0.2375,0.3906,0.3533,DROWSY,21,0,Windows,unspecified
22:55:18.037,136.698,0.2618,0.2498,0.2558,0.3906,0.3467,NORMAL,0,0,Windows,unspecified
22:55:18.063,136.724,0.2787,0.2498,0.2643,0.3869,0.34,NORMAL,0,0,Windows,unspecified
22:55:18.094,136.755,0.2787,0.2498,0.2643,0.4007,0.3333,NORMAL,0,0,Windows,unspecified
22:55:18.125,136.786,0.2789,0.2677,0.2733,0.4007,0.3267,NORMAL,0,0,Windows,unspecified
22:55:18.157,136.818,0.2973,0.2677,0.2825,0.4007,0.32,NORMAL,0,0,Windows,unspecified
22:55:18.204,136.865,0.3158,0.2677,0.2918,0.4007,0.3133,NORMAL,0,0,Windows,unspecified
22:55:18.237,136.898,0.3158,0.2855,0.3007,0.402,0.3067,NORMAL,0,0,Windows,unspecified
22:55:18.271,136.932,0.3158,0.2855,0.3007,0.4017,0.3,NORMAL,0,0,Windows,unspecified
22:55:18.301,136.962,0.3158,0.2866,0.3012,0.4017,0.3,NORMAL,0,0,Windows,unspecified
22:55:18.336,136.997,0.317,0.2872,0.3021,0.3967,0.3,NORMAL,0,0,Windows,unspecified
22:55:18.361,137.022,0.317,0.2774,0.2972,0.3967,0.3,NORMAL,0,0,Windows,unspecified
22:55:18.401,137.062,0.317,0.2774,0.2972,0.3967,0.3,NORMAL,0,0,Windows,unspecified
22:55:18.439,137.1,0.3168,0.2944,0.3056,0.3967,0.3,NORMAL,0,0,Windows,unspecified
22:55:18.469,137.13,0.3168,0.2944,0.3056,0.3856,0.3,NORMAL,0,0,Windows,unspecified
22:55:18.502,137.163,0.3168,0.2944,0.3056,0.3892,0.3,NORMAL,0,0,Windows,unspecified
22:55:18.535,137.196,0.3168,0.2935,0.3051,0.4007,0.3,NORMAL,0,0,Windows,unspecified
22:55:18.564,137.225,0.3168,0.2935,0.3051,0.4007,0.3,NORMAL,0,0,Windows,unspecified
22:55:18.607,137.268,0.2801,0.2592,0.2696,0.3991,0.3,NORMAL,0,0,Windows,unspecified
22:55:18.640,137.301,0.2593,0.2592,0.2592,0.3954,0.3,NORMAL,0,0,Windows,unspecified
22:55:18.673,137.334,0.2701,0.242,0.256,0.3991,0.3,NORMAL,0,0,Windows,unspecified
22:55:18.704,137.365,0.2702,0.2592,0.2647,0.3975,0.3,NORMAL,0,0,Windows,unspecified
22:55:18.736,137.397,0.2702,0.2519,0.2611,0.4044,0.3,NORMAL,0,0,Windows,unspecified
22:55:18.768,137.429,0.2701,0.2519,0.261,0.4044,0.3,NORMAL,0,0,Windows,unspecified
22:55:18.799,137.46,0.2525,0.2524,0.2525,0.4005,0.3,NORMAL,0,0,Windows,unspecified
22:55:18.828,137.489,0.2702,0.2519,0.2611,0.403,0.3,NORMAL,0,0,Windows,unspecified
22:55:18.860,137.521,0.2513,0.2494,0.2503,0.4066,0.3,NORMAL,0,0,Windows,unspecified
22:55:18.892,137.553,0.2679,0.2672,0.2675,0.3935,0.3,NORMAL,0,0,Windows,unspecified
22:55:18.925,137.586,0.2986,0.2672,0.2829,0.3953,0.3,NORMAL,0,0,Windows,unspecified
22:55:18.957,137.618,0.2879,0.2672,0.2776,0.3913,0.3,NORMAL,0,0,Windows,unspecified
22:55:19.004,137.665,0.3057,0.2841,0.2949,0.3829,0.3,NORMAL,0,0,Windows,unspecified
22:55:19.032,137.693,0.3055,0.2841,0.2948,0.3917,0.3,NORMAL,0,0,Windows,unspecified
22:55:19.070,137.731,0.2878,0.285,0.2864,0.3915,0.3,NORMAL,0,0,Windows,unspecified
22:55:19.096,137.757,0.3046,0.2683,0.2864,0.3913,0.3,NORMAL,0,0,Windows,unspecified
22:55:19.136,137.797,0.3044,0.2852,0.2948,0.3954,0.3,NORMAL,0,0,Windows,unspecified
22:55:19.158,137.819,0.3044,0.3028,0.3036,0.399,0.3,NORMAL,0,0,Windows,unspecified
22:55:19.194,137.855,0.3222,0.3028,0.3125,0.3915,0.3,NORMAL,0,0,Windows,unspecified
22:55:19.222,137.883,0.3222,0.2764,0.2993,0.3829,0.3,NORMAL,0,0,Windows,unspecified
22:55:19.264,137.925,0.3222,0.3038,0.313,0.3954,0.3,NORMAL,0,0,Windows,unspecified
22:55:19.300,137.962,0.3222,0.3038,0.313,0.399,0.3,NORMAL,0,0,Windows,unspecified
22:55:19.331,137.992,0.3352,0.2924,0.3138,0.3954,0.3,NORMAL,0,0,Windows,unspecified
22:55:19.363,138.025,0.3222,0.2935,0.3078,0.3843,0.3,NORMAL,0,0,Windows,unspecified
22:55:19.403,138.064,0.3222,0.2934,0.3078,0.394,0.3,NORMAL,0,0,Windows,unspecified
22:55:19.426,138.087,0.3111,0.2935,0.3023,0.3903,0.3,NORMAL,0,0,Windows,unspecified
22:55:19.472,138.133,0.3121,0.2935,0.3028,0.3903,0.3,NORMAL,0,0,Windows,unspecified
22:55:19.505,138.166,0.3232,0.2934,0.3083,0.3883,0.3,NORMAL,0,0,Windows,unspecified
22:55:19.536,138.197,0.3111,0.3049,0.308,0.4016,0.3,NORMAL,0,0,Windows,unspecified
22:55:19.567,138.228,0.2929,0.2935,0.2932,0.3962,0.3,NORMAL,0,0,Windows,unspecified
22:55:19.600,138.261,0.3222,0.2852,0.3037,0.3942,0.3,NORMAL,0,0,Windows,unspecified
22:55:19.629,138.29,0.3222,0.2852,0.3037,0.3885,0.3,NORMAL,0,0,Windows,unspecified
22:55:19.663,138.324,0.3222,0.3226,0.3224,0.3939,0.3,NORMAL,0,0,Windows,unspecified
22:55:19.693,138.354,0.3222,0.3038,0.313,0.3862,0.3,NORMAL,0,0,Windows,unspecified
22:55:19.727,138.388,0.3039,0.2872,0.2956,0.3927,0.3,NORMAL,0,0,Windows,unspecified
22:55:19.757,138.418,0.3038,0.2863,0.295,0.3808,0.3,NORMAL,0,0,Windows,unspecified
22:55:19.809,138.47,0.3044,0.3028,0.3036,0.3905,0.2933,NORMAL,0,0,Windows,unspecified
22:55:19.830,138.491,0.3044,0.3039,0.3041,0.3855,0.2867,NORMAL,0,0,Windows,unspecified
22:55:19.869,138.53,0.3049,0.285,0.2949,0.4009,0.28,NORMAL,0,0,Windows,unspecified
22:55:19.912,138.573,0.3055,0.2684,0.287,0.3981,0.2733,NORMAL,0,0,Windows,unspecified
22:55:19.941,138.602,0.2878,0.2506,0.2692,0.3939,0.2667,NORMAL,0,0,Windows,unspecified
22:55:19.973,138.635,0.2701,0.2433,0.2567,0.3993,0.26,NORMAL,0,0,Windows,unspecified
22:55:20.004,138.666,0.2701,0.2603,0.2652,0.3919,0.2533,NORMAL,0,0,Windows,unspecified
22:55:20.035,138.696,0.295,0.2774,0.2862,0.3948,0.2467,NORMAL,0,0,Windows,unspecified
22:55:20.066,138.727,0.2774,0.2524,0.2649,0.3919,0.24,NORMAL,0,0,Windows,unspecified
22:55:20.097,138.758,0.2701,0.2519,0.261,0.3878,0.2333,NORMAL,0,0,Windows,unspecified
22:55:20.131,138.792,0.2701,0.2519,0.261,0.3996,0.2267,NORMAL,0,0,Windows,unspecified
22:55:20.160,138.821,0.2701,0.2506,0.2603,0.402,0.22,NORMAL,0,0,Windows,unspecified
22:55:20.205,138.866,0.2701,0.2494,0.2597,0.3939,0.2133,NORMAL,0,0,Windows,unspecified
22:55:20.239,138.9,0.2701,0.2498,0.26,0.3942,0.2067,NORMAL,0,0,Windows,unspecified
22:55:20.273,138.934,0.2701,0.2511,0.2606,0.3905,0.2,NORMAL,0,0,Windows,unspecified
22:55:20.302,138.963,0.2688,0.2511,0.26,0.385,0.1933,NORMAL,0,0,Windows,unspecified
22:55:20.334,138.995,0.2511,0.2506,0.2509,0.3829,0.1933,NORMAL,0,0,Windows,unspecified
22:55:20.364,139.025,0.2333,0.2152,0.2242,0.3954,0.2,NORMAL,1,0,Windows,unspecified
22:55:20.399,139.061,0.2333,0.2333,0.2333,0.3901,0.2067,NORMAL,2,0,Windows,unspecified
22:55:20.427,139.089,0.2158,0.2335,0.2246,0.3902,0.2133,NORMAL,3,0,Windows,unspecified
22:55:20.460,139.121,0.2083,0.2333,0.2208,0.3902,0.22,NORMAL,4,0,Windows,unspecified
22:55:20.491,139.152,0.1897,0.2082,0.1989,0.3917,0.2267,NORMAL,5,0,Windows,unspecified
22:55:20.524,139.185,0.2069,0.2009,0.2039,0.3954,0.2333,NORMAL,6,0,Windows,unspecified
22:55:20.554,139.215,0.2156,0.2078,0.2117,0.3984,0.24,NORMAL,7,0,Windows,unspecified
22:55:20.604,139.265,0.2082,0.2152,0.2117,0.3904,0.2467,NORMAL,8,0,Windows,unspecified
22:55:20.633,139.295,0.2082,0.2093,0.2087,0.3823,0.2533,NORMAL,9,0,Windows,unspecified
22:55:20.667,139.328,0.2267,0.2167,0.2217,0.3908,0.26,WARNING,10,0,Windows,unspecified
22:55:20.695,139.356,0.2156,0.2152,0.2154,0.392,0.2667,WARNING,11,0,Windows,unspecified
22:55:20.735,139.396,0.2096,0.2167,0.2132,0.3818,0.2733,WARNING,12,0,Windows,unspecified
22:55:20.757,139.418,0.1978,0.221,0.2094,0.4004,0.28,WARNING,13,0,Windows,unspecified
22:55:20.796,139.457,0.1927,0.221,0.2068,0.3965,0.2867,WARNING,14,0,Windows,unspecified
22:55:20.821,139.482,0.159,0.1883,0.1737,0.3991,0.2933,WARNING,15,0,Windows,unspecified
22:55:20.860,139.521,0.1572,0.1816,0.1694,0.4209,0.3,WARNING,16,0,Windows,unspecified
22:55:20.884,139.545,0.1517,0.182,0.1668,0.4312,0.3067,WARNING,17,0,Windows,unspecified
22:55:20.928,139.589,0.1256,0.1646,0.1451,0.4986,0.3067,WARNING,18,0,Windows,unspecified
22:55:20.959,139.62,0.1194,0.1378,0.1286,0.531,0.3067,WARNING,19,0,Windows,unspecified
22:55:21.007,139.668,0.0899,0.1425,0.1162,0.5666,0.3067,DROWSY,20,0,Windows,unspecified
22:55:21.038,139.699,0.0771,0.13,0.1036,0.5637,0.3067,DROWSY,21,0,Windows,unspecified
22:55:21.073,139.734,0.086,0.1129,0.0995,0.5752,0.3067,DROWSY,22,0,Windows,unspecified
22:55:21.101,139.762,0.0706,0.0902,0.0804,0.5821,0.3067,DROWSY,23,0,Windows,unspecified
22:55:21.137,139.798,0.0745,0.0902,0.0824,0.5991,0.3067,DROWSY,24,0,Windows,unspecified
22:55:21.164,139.825,0.0745,0.0963,0.0854,0.614,0.3067,DROWSY,25,0,Windows,unspecified
22:55:21.199,139.86,0.0706,0.0756,0.0731,0.6568,0.3133,DROWSY,26,1,Windows,unspecified
22:55:21.225,139.887,0.086,0.0714,0.0787,0.6691,0.32,DROWSY,27,2,Windows,unspecified
22:55:21.262,139.923,0.0745,0.0535,0.064,0.7022,0.3267,DROWSY,28,3,Windows,unspecified
22:55:21.289,139.95,0.0721,0.0535,0.0628,0.7007,0.3333,DROWSY,29,4,Windows,unspecified
22:55:21.328,139.989,0.0569,0.0517,0.0543,0.6955,0.34,DROWSY,30,5,Windows,unspecified
22:55:21.364,140.025,0.0569,0.0345,0.0457,0.7136,0.3467,DROWSY,31,6,Windows,unspecified
22:55:21.404,140.065,0.0667,0.0172,0.0419,0.7057,0.3533,DROWSY,32,7,Windows,unspecified
22:55:21.427,140.088,0.0706,0.0178,0.0442,0.6986,0.36,DROWSY,33,8,Windows,unspecified
22:55:21.469,140.13,0.0683,0.0172,0.0428,0.6841,0.3667,DROWSY,34,9,Windows,unspecified
22:55:21.507,140.169,0.0721,0.0172,0.0447,0.697,0.3733,DROWSY,35,10,Windows,unspecified
22:55:21.535,140.196,0.0833,0.0172,0.0503,0.6911,0.38,DROWSY,36,11,Windows,unspecified
22:55:21.568,140.229,0.0871,0.0172,0.0522,0.7018,0.3867,DROWSY,37,12,Windows,unspecified
22:55:21.599,140.26,0.0833,0.0,0.0417,0.7097,0.3933,DROWSY,38,13,Windows,unspecified
22:55:21.632,140.293,0.0845,0.0167,0.0506,0.7153,0.4,DROWSY,39,14,Windows,unspecified
22:55:21.660,140.321,0.0683,0.0161,0.0422,0.7456,0.4067,DROWSY,40,15,Windows,unspecified
22:55:21.694,140.355,0.0683,0.0161,0.0422,0.7397,0.4133,DROWSY,41,16,Windows,unspecified
22:55:21.728,140.389,0.0721,0.0,0.036,0.7759,0.42,DROWSY,42,17,Windows,unspecified
22:55:21.757,140.418,0.0645,0.0236,0.044,0.782,0.4267,DROWSY,43,18,Windows,unspecified
22:55:21.806,140.467,0.0312,0.0312,0.0312,0.8243,0.4333,DROWSY,44,19,Windows,unspecified
22:55:21.834,140.495,0.0389,0.0161,0.0275,0.8024,0.44,DROWSY,45,20,Windows,unspecified
22:55:21.871,140.532,0.05,0.0228,0.0364,0.801,0.4467,DROWSY,46,21,Windows,unspecified
22:55:21.898,140.559,0.0484,0.0,0.0242,0.7907,0.4533,DROWSY,47,22,Windows,unspecified
22:55:21.935,140.596,0.0156,0.0428,0.0292,0.7969,0.46,DROWSY,48,23,Windows,unspecified
22:55:21.959,140.62,0.0161,0.0469,0.0315,0.7778,0.4667,DROWSY,49,24,Windows,unspecified
22:55:21.996,140.657,0.0161,0.0533,0.0347,0.7895,0.4733,DROWSY,50,25,Windows,unspecified
22:55:22.022,140.683,0.0389,0.0302,0.0346,0.7732,0.48,DROWSY,51,26,Windows,unspecified
22:55:22.063,140.724,0.0469,0.0214,0.0341,0.7543,0.4867,DROWSY,52,27,Windows,unspecified
22:55:22.099,140.76,0.0645,0.0365,0.0505,0.7496,0.4933,DROWSY,53,28,Windows,unspecified
22:55:22.131,140.792,0.0312,0.0,0.0156,0.7638,0.5,DROWSY,54,29,Windows,unspecified
22:55:22.161,140.822,0.0469,0.0151,0.031,0.7493,0.5067,DROWSY,55,30,Windows,unspecified
22:55:22.210,140.871,0.0533,0.0,0.0267,0.7602,0.5133,DROWSY,56,31,Windows,unspecified
22:55:22.239,140.9,0.0312,0.0,0.0156,0.758,0.52,DROWSY,57,32,Windows,unspecified
22:55:22.268,140.929,0.0312,0.0,0.0156,0.756,0.5267,DROWSY,58,33,Windows,unspecified
22:55:22.303,140.964,0.0323,0.0151,0.0237,0.7768,0.5333,DROWSY,59,34,Windows,unspecified
22:55:22.336,140.997,0.0645,0.0366,0.0505,0.7804,0.5333,DROWSY,60,35,Windows,unspecified
22:55:22.367,141.028,0.0377,0.0303,0.034,0.7661,0.5333,DROWSY,61,36,Windows,unspecified
22:55:22.400,141.061,0.0484,0.0,0.0242,0.7624,0.5333,DROWSY,62,37,Windows,unspecified
22:55:22.428,141.089,0.0625,0.0151,0.0388,0.7703,0.5333,DROWSY,63,38,Windows,unspecified
22:55:22.464,141.125,0.0625,0.0151,0.0388,0.7412,0.5333,DROWSY,64,39,Windows,unspecified
22:55:22.492,141.153,0.0625,0.0303,0.0464,0.7471,0.5333,DROWSY,65,40,Windows,unspecified
22:55:22.529,141.19,0.0645,0.0303,0.0474,0.7591,0.5333,DROWSY,66,41,Windows,unspecified
22:55:22.570,141.231,0.0645,0.0303,0.0474,0.7522,0.5333,DROWSY,67,42,Windows,unspecified
22:55:22.606,141.268,0.0645,0.0366,0.0505,0.7511,0.5333,DROWSY,68,43,Windows,unspecified
22:55:22.632,141.294,0.0662,0.0377,0.0519,0.7347,0.5333,DROWSY,69,44,Windows,unspecified
22:55:22.672,141.334,0.0645,0.0151,0.0398,0.7199,0.5333,DROWSY,70,45,Windows,unspecified
22:55:22.709,141.37,0.0484,0.0312,0.0398,0.7282,0.5333,DROWSY,71,46,Windows,unspecified
22:55:22.741,141.402,0.0845,0.0156,0.05,0.7257,0.5333,DROWSY,72,47,Windows,unspecified
22:55:22.773,141.434,0.0806,0.0322,0.0564,0.7224,0.5333,DROWSY,73,48,Windows,unspecified
22:55:22.804,141.465,0.0968,0.0377,0.0672,0.7329,0.5333,DROWSY,74,49,Windows,unspecified
22:55:22.833,141.495,0.1155,0.0442,0.0798,0.7513,0.5333,DROWSY,75,50,Windows,unspecified
22:55:22.865,141.526,0.1128,0.0377,0.0753,0.7579,0.5333,DROWSY,76,51,Windows,unspecified
22:55:22.897,141.558,0.1155,0.0377,0.0766,0.76,0.5333,DROWSY,77,52,Windows,unspecified
22:55:22.929,141.591,0.1129,0.0377,0.0753,0.761,0.5333,DROWSY,78,53,Windows,unspecified
22:55:22.958,141.62,0.1128,0.0442,0.0785,0.7788,0.5333,DROWSY,79,54,Windows,unspecified
22:55:23.008,141.669,0.0967,0.0442,0.0704,0.7822,0.5333,DROWSY,80,55,Windows,unspecified
22:55:23.036,141.697,0.0967,0.0366,0.0666,0.7877,0.54,DROWSY,81,56,Windows,unspecified
22:55:23.067,141.728,0.0967,0.0303,0.0635,0.7768,0.5467,DROWSY,82,57,Windows,unspecified
22:55:23.098,141.759,0.0844,0.0442,0.0643,0.7731,0.5533,DROWSY,83,58,Windows,unspecified
22:55:23.136,141.797,0.0806,0.0442,0.0624,0.7731,0.56,DROWSY,84,59,Windows,unspecified
22:55:23.161,141.822,0.0781,0.0442,0.0611,0.7731,0.5667,DROWSY,85,60,Windows,unspecified
22:55:23.197,141.858,0.0662,0.0312,0.0487,0.7574,0.5733,DROWSY,86,61,Windows,unspecified
22:55:23.223,141.884,0.0662,0.0312,0.0487,0.7496,0.58,DROWSY,87,62,Windows,unspecified
22:55:23.262,141.924,0.0662,0.0442,0.0552,0.755,0.5867,DROWSY,88,63,Windows,unspecified
22:55:23.285,141.946,0.0818,0.0377,0.0598,0.755,0.5933,DROWSY,89,64,Windows,unspecified
22:55:23.328,141.989,0.0662,0.0442,0.0552,0.7487,0.6,DROWSY,90,65,Windows,unspecified
22:55:23.363,142.024,0.0662,0.0428,0.0545,0.7487,0.6067,DROWSY,91,66,Windows,unspecified
22:55:23.409,142.07,0.0625,0.0303,0.0464,0.7338,0.6133,DROWSY,92,67,Windows,unspecified
22:55:23.439,142.1,0.0625,0.0428,0.0527,0.7147,0.62,DROWSY,93,68,Windows,unspecified
22:55:23.467,142.128,0.0645,0.0442,0.0543,0.681,0.6267,DROWSY,94,69,Windows,unspecified
22:55:23.501,142.163,0.0484,0.0303,0.0393,0.6779,0.6333,DROWSY,95,70,Windows,unspecified
22:55:23.540,142.201,0.0469,0.0377,0.0423,0.6487,0.64,DROWSY,96,0,Windows,unspecified
22:55:23.567,142.228,0.0484,0.0442,0.0463,0.6379,0.6467,DROWSY,97,0,Windows,unspecified
22:55:23.600,142.261,0.0625,0.0377,0.0501,0.602,0.6533,DROWSY,98,0,Windows,unspecified
22:55:23.628,142.289,0.0645,0.057,0.0608,0.6031,0.66,DROWSY,99,0,Windows,unspecified
22:55:23.661,142.322,0.0645,0.0698,0.0672,0.5719,0.6667,DROWSY,100,0,Windows,unspecified
22:55:23.691,142.352,0.0469,0.0442,0.0455,0.57,0.6733,DROWSY,101,0,Windows,unspecified
22:55:23.727,142.388,0.0484,0.0517,0.05,0.5482,0.68,DROWSY,102,0,Windows,unspecified
22:55:23.753,142.415,0.0484,0.0698,0.0591,0.5605,0.6867,DROWSY,103,0,Windows,unspecified
22:55:23.803,142.465,0.0312,0.0818,0.0565,0.5336,0.6933,DROWSY,104,0,Windows,unspecified
22:55:23.831,142.492,0.0377,0.0662,0.0519,0.5244,0.7,DROWSY,105,0,Windows,unspecified
22:55:23.870,142.531,0.0377,0.0698,0.0538,0.5291,0.7067,DROWSY,106,0,Windows,unspecified
22:55:23.893,142.554,0.0505,0.0698,0.0602,0.5243,0.7133,DROWSY,107,0,Windows,unspecified
22:55:23.934,142.595,0.0377,0.0642,0.0509,0.5208,0.72,DROWSY,108,0,Windows,unspecified
22:55:23.957,142.618,0.0377,0.0642,0.0509,0.5278,0.7267,DROWSY,109,0,Windows,unspecified
22:55:23.997,142.658,0.0221,0.0677,0.0449,0.5221,0.7333,DROWSY,110,0,Windows,unspecified
22:55:24.035,142.696,0.0377,0.0677,0.0527,0.5189,0.74,DROWSY,111,0,Windows,unspecified
22:55:24.066,142.727,0.0377,0.0677,0.0527,0.5189,0.7467,DROWSY,112,0,Windows,unspecified
22:55:24.097,142.758,0.0377,0.0698,0.0538,0.5189,0.7533,DROWSY,113,0,Windows,unspecified
22:55:24.126,142.788,0.0312,0.0698,0.0505,0.5238,0.76,DROWSY,114,0,Windows,unspecified
22:55:24.160,142.822,0.0312,0.0642,0.0477,0.5238,0.7667,DROWSY,115,0,Windows,unspecified
22:55:24.207,142.868,0.0312,0.0642,0.0477,0.5238,0.7733,DROWSY,116,0,Windows,unspecified
22:55:24.239,142.9,0.0312,0.0642,0.0477,0.5333,0.78,DROWSY,117,0,Windows,unspecified
22:55:24.272,142.933,0.0312,0.0731,0.0522,0.5231,0.7867,DROWSY,118,0,Windows,unspecified
22:55:24.300,142.961,0.0469,0.0442,0.0455,0.5202,0.7933,DROWSY,119,0,Windows,unspecified
22:55:24.335,142.996,0.0303,0.0428,0.0366,0.5296,0.8,DROWSY,120,0,Windows,unspecified
22:55:24.363,143.024,0.0366,0.0366,0.0366,0.5401,0.8067,DROWSY,121,0,Windows,unspecified
22:55:24.397,143.058,0.0214,0.0428,0.0321,0.5479,0.8133,DROWSY,122,0,Windows,unspecified
22:55:24.423,143.084,0.0377,0.0428,0.0403,0.5525,0.82,DROWSY,123,0,Windows,unspecified
22:55:24.459,143.12,0.0377,0.0366,0.0371,0.557,0.8267,DROWSY,124,0,Windows,unspecified
22:55:24.483,143.144,0.0312,0.0366,0.0339,0.5501,0.8333,DROWSY,125,0,Windows,unspecified
22:55:24.528,143.189,0.0,0.0366,0.0183,0.5611,0.84,DROWSY,126,0,Windows,unspecified
22:55:24.563,143.224,0.0,0.049,0.0245,0.5554,0.8467,DROWSY,127,0,Windows,unspecified
22:55:24.605,143.266,0.0,0.0553,0.0276,0.5771,0.8533,DROWSY,128,0,Windows,unspecified
22:55:24.640,143.301,0.0,0.0553,0.0276,0.5778,0.86,DROWSY,129,0,Windows,unspecified
22:55:24.673,143.334,0.0,0.049,0.0245,0.5789,0.8667,DROWSY,130,0,Windows,unspecified
22:55:24.703,143.364,0.0156,0.0428,0.0292,0.5697,0.8733,DROWSY,131,0,Windows,unspecified
22:55:24.732,143.393,0.0303,0.0428,0.0366,0.5864,0.88,DROWSY,132,0,Windows,unspecified
22:55:24.763,143.424,0.0303,0.0428,0.0366,0.5819,0.8867,DROWSY,133,0,Windows,unspecified
22:55:24.799,143.46,0.0214,0.0428,0.0321,0.5783,0.8933,DROWSY,134,0,Windows,unspecified
22:55:24.825,143.486,0.0,0.0428,0.0214,0.5708,0.9,DROWSY,135,0,Windows,unspecified
22:55:24.862,143.523,0.0303,0.0428,0.0366,0.5694,0.9067,DROWSY,136,0,Windows,unspecified
22:55:24.888,143.549,0.0303,0.0428,0.0366,0.5603,0.9133,DROWSY,137,0,Windows,unspecified
22:55:24.923,143.584,0.0312,0.0428,0.037,0.5516,0.92,DROWSY,138,0,Windows,unspecified
22:55:24.953,143.614,0.0303,0.0442,0.0372,0.5429,0.9267,DROWSY,139,0,Windows,unspecified
22:55:25.005,143.666,0.0377,0.057,0.0474,0.5173,0.9333,DROWSY,140,0,Windows,unspecified
22:55:25.032,143.693,0.0323,0.0456,0.0389,0.5096,0.94,DROWSY,141,0,Windows,unspecified
22:55:25.075,143.736,0.0161,0.0699,0.043,0.4841,0.9467,DROWSY,142,0,Windows,unspecified
22:55:25.110,143.771,0.0333,0.0442,0.0388,0.4722,0.9533,DROWSY,143,0,Windows,unspecified
22:55:25.140,143.801,0.0333,0.0442,0.0388,0.4425,0.96,DROWSY,144,0,Windows,unspecified
22:55:25.173,143.834,0.0323,0.0442,0.0382,0.4478,0.9667,DROWSY,145,0,Windows,unspecified
22:55:25.205,143.866,0.0389,0.0377,0.0383,0.4379,0.9733,DROWSY,146,0,Windows,unspecified
22:55:25.235,143.896,0.0589,0.0442,0.0515,0.4314,0.98,DROWSY,147,0,Windows,unspecified
22:55:25.266,143.927,0.0471,0.0471,0.0471,0.4127,0.9867,DROWSY,148,0,Windows,unspecified
22:55:25.296,143.957,0.0471,0.0608,0.054,0.4131,0.9933,DROWSY,149,0,Windows,unspecified
22:55:25.325,143.986,0.0402,0.0389,0.0396,0.412,1.0,DROWSY,150,0,Windows,unspecified
22:55:25.361,144.022,0.0402,0.0522,0.0462,0.4069,1.0,DROWSY,151,0,Windows,unspecified
22:55:25.404,144.065,0.0589,0.0389,0.0489,0.3957,1.0,DROWSY,152,0,Windows,unspecified
22:55:25.440,144.101,0.0558,0.0588,0.0573,0.3937,1.0,DROWSY,153,0,Windows,unspecified
22:55:25.473,144.134,0.0488,0.0522,0.0505,0.3926,1.0,DROWSY,154,0,Windows,unspecified
22:55:25.502,144.163,0.0416,0.0588,0.0502,0.3863,1.0,DROWSY,155,0,Windows,unspecified
22:55:25.534,144.195,0.0416,0.0471,0.0444,0.3917,1.0,DROWSY,156,0,Windows,unspecified
22:55:25.564,144.225,0.0416,0.0402,0.0409,0.3931,1.0,DROWSY,157,0,Windows,unspecified
22:55:25.596,144.257,0.0488,0.0608,0.0548,0.3917,1.0,DROWSY,158,0,Windows,unspecified
22:55:25.627,144.288,0.0488,0.0522,0.0505,0.3916,1.0,DROWSY,159,0,Windows,unspecified
22:55:25.659,144.321,0.0488,0.0539,0.0513,0.3894,1.0,DROWSY,160,0,Windows,unspecified
22:55:25.687,144.348,0.0488,0.0539,0.0513,0.3894,1.0,DROWSY,161,0,Windows,unspecified
22:55:25.724,144.385,0.0416,0.0539,0.0478,0.3894,1.0,DROWSY,162,0,Windows,unspecified
22:55:25.751,144.412,0.0244,0.0539,0.0391,0.3895,1.0,DROWSY,163,0,Windows,unspecified
22:55:25.809,144.47,0.0416,0.0608,0.0512,0.3813,1.0,DROWSY,164,0,Windows,unspecified
22:55:25.845,144.506,0.0416,0.0608,0.0512,0.3899,1.0,DROWSY,165,0,Windows,unspecified
22:55:25.875,144.536,0.0558,0.0608,0.0583,0.3807,1.0,DROWSY,166,0,Windows,unspecified
22:55:25.906,144.567,0.0629,0.0608,0.0619,0.3966,1.0,DROWSY,167,0,Windows,unspecified
22:55:25.937,144.598,0.0589,0.0471,0.053,0.4073,1.0,DROWSY,168,0,Windows,unspecified
22:55:25.967,144.628,0.0589,0.0471,0.053,0.412,1.0,DROWSY,169,0,Windows,unspecified
22:55:25.999,144.66,0.0488,0.0389,0.0438,0.4115,1.0,DROWSY,170,0,Windows,unspecified
22:55:26.032,144.693,0.0589,0.0389,0.0489,0.4115,1.0,DROWSY,171,0,Windows,unspecified
22:55:26.061,144.722,0.073,0.0456,0.0593,0.4566,1.0,DROWSY,172,0,Windows,unspecified
22:55:26.095,144.756,0.0931,0.0588,0.076,0.4625,1.0,DROWSY,173,0,Windows,unspecified
22:55:26.127,144.789,0.0833,0.0456,0.0645,0.5324,1.0,DROWSY,174,0,Windows,unspecified
22:55:26.157,144.818,0.073,0.0389,0.056,0.5387,1.0,DROWSY,175,0,Windows,unspecified
22:55:26.207,144.868,0.0471,0.0156,0.0314,0.6018,1.0,DROWSY,176,0,Windows,unspecified
22:55:26.238,144.899,0.0666,0.0,0.0333,0.6283,1.0,DROWSY,177,0,Windows,unspecified
22:55:26.268,144.929,0.05,0.0156,0.0328,0.6668,1.0,DROWSY,178,1,Windows,unspecified
22:55:26.300,144.961,0.0645,0.0152,0.0398,0.6787,1.0,DROWSY,179,2,Windows,unspecified
22:55:26.334,144.995,0.0551,0.0151,0.0351,0.7143,1.0,DROWSY,180,3,Windows,unspecified
22:55:26.363,145.024,0.0484,0.0366,0.0425,0.7124,1.0,DROWSY,181,4,Windows,unspecified
22:55:26.401,145.062,0.0645,0.0151,0.0398,0.7115,1.0,DROWSY,182,5,Windows,unspecified
22:55:26.424,145.085,0.0484,0.0,0.0242,0.7288,1.0,DROWSY,183,6,Windows,unspecified
22:55:26.460,145.121,0.0522,0.0151,0.0337,0.7288,1.0,DROWSY,184,7,Windows,unspecified
22:55:26.488,145.149,0.0551,0.0151,0.0351,0.713,1.0,DROWSY,185,8,Windows,unspecified
22:55:26.525,145.186,0.0683,0.0156,0.042,0.7413,1.0,DROWSY,186,9,Windows,unspecified
22:55:26.551,145.212,0.0683,0.0,0.0342,0.7435,1.0,DROWSY,187,10,Windows,unspecified
22:55:26.603,145.264,0.0645,0.0312,0.0479,0.7478,1.0,DROWSY,188,11,Windows,unspecified
22:55:26.630,145.291,0.0645,0.0312,0.0479,0.7409,1.0,DROWSY,189,12,Windows,unspecified
22:55:26.671,145.332,0.0645,0.0312,0.0479,0.7314,1.0,DROWSY,190,13,Windows,unspecified
22:55:26.706,145.367,0.0484,0.0221,0.0352,0.7181,1.0,DROWSY,191,14,Windows,unspecified
22:55:26.737,145.398,0.0469,0.0221,0.0345,0.737,1.0,DROWSY,192,15,Windows,unspecified
22:55:26.771,145.432,0.0683,0.0156,0.042,0.7302,1.0,DROWSY,193,16,Windows,unspecified
22:55:26.803,145.464,0.0683,0.0156,0.042,0.7294,1.0,DROWSY,194,17,Windows,unspecified
22:55:26.834,145.495,0.0484,0.0156,0.032,0.7232,1.0,DROWSY,195,18,Windows,unspecified
22:55:26.865,145.526,0.0522,0.0,0.0261,0.6876,1.0,DROWSY,196,19,Windows,unspecified
22:55:26.895,145.556,0.0484,0.0,0.0242,0.6587,1.0,DROWSY,197,20,Windows,unspecified
22:55:26.929,145.59,0.0333,0.0303,0.0318,0.5836,1.0,DROWSY,198,0,Windows,unspecified
22:55:26.957,145.618,0.0522,0.0,0.0261,0.5633,1.0,DROWSY,199,0,Windows,unspecified
22:55:27.005,145.666,0.0629,0.0303,0.0466,0.4748,1.0,DROWSY,200,0,Windows,unspecified
22:55:27.034,145.695,0.05,0.0,0.025,0.4653,1.0,DROWSY,201,0,Windows,unspecified
22:55:27.067,145.729,0.073,0.0,0.0365,0.4227,1.0,DROWSY,202,0,Windows,unspecified
22:55:27.097,145.758,0.0667,0.0156,0.0411,0.4182,1.0,DROWSY,203,0,Windows,unspecified
22:55:27.136,145.797,0.089,0.0156,0.0523,0.4081,1.0,DROWSY,204,0,Windows,unspecified
22:55:27.177,145.838,0.089,0.0156,0.0523,0.4162,1.0,DROWSY,205,0,Windows,unspecified
22:55:27.208,145.869,0.089,0.0,0.0445,0.4014,1.0,DROWSY,206,0,Windows,unspecified
22:55:27.238,145.899,0.089,0.0156,0.0523,0.3992,1.0,DROWSY,207,0,Windows,unspecified
22:55:27.268,145.929,0.0934,0.0389,0.0662,0.3994,1.0,DROWSY,208,0,Windows,unspecified
22:55:27.300,145.961,0.11,0.0389,0.0744,0.3917,1.0,DROWSY,209,0,Windows,unspecified
22:55:27.333,145.994,0.0902,0.0389,0.0646,0.3875,1.0,DROWSY,210,0,Windows,unspecified
22:55:27.364,146.025,0.089,0.0456,0.0673,0.3813,1.0,DROWSY,211,0,Windows,unspecified
22:55:27.403,146.064,0.1062,0.0389,0.0726,0.3934,1.0,DROWSY,212,0,Windows,unspecified
22:55:27.438,146.099,0.1062,0.0389,0.0726,0.3888,1.0,DROWSY,213,0,Windows,unspecified
22:55:27.474,146.135,0.1062,0.0389,0.0726,0.3927,1.0,DROWSY,214,0,Windows,unspecified
22:55:27.502,146.163,0.1062,0.0389,0.0726,0.3931,1.0,DROWSY,215,0,Windows,unspecified
22:55:27.537,146.198,0.1062,0.0389,0.0726,0.4203,1.0,DROWSY,216,0,Windows,unspecified
22:55:27.564,146.225,0.0902,0.05,0.0701,0.4278,1.0,DROWSY,217,0,Windows,unspecified
22:55:27.595,146.256,0.073,0.0522,0.0626,0.4306,1.0,DROWSY,218,0,Windows,unspecified
22:55:27.626,146.287,0.073,0.0683,0.0706,0.4278,1.0,DROWSY,219,0,Windows,unspecified
22:55:27.664,146.325,0.073,0.0683,0.0707,0.4059,1.0,DROWSY,220,0,Windows,unspecified
22:55:27.691,146.352,0.0903,0.0683,0.0793,0.3933,1.0,DROWSY,221,0,Windows,unspecified
22:55:27.725,146.386,0.0745,0.0683,0.0714,0.3904,1.0,DROWSY,222,0,Windows,unspecified
22:55:27.752,146.413,0.0706,0.0683,0.0694,0.3781,1.0,DROWSY,223,0,Windows,unspecified
22:55:27.806,146.467,0.0569,0.0662,0.0615,0.3718,1.0,DROWSY,224,0,Windows,unspecified
22:55:27.827,146.488,0.0706,0.0662,0.0684,0.3759,1.0,DROWSY,225,0,Windows,unspecified
22:55:27.868,146.529,0.073,0.0645,0.0688,0.3864,1.0,DROWSY,226,0,Windows,unspecified
22:55:27.894,146.555,0.086,0.0683,0.0772,0.3839,1.0,DROWSY,227,0,Windows,unspecified
22:55:27.936,146.597,0.0667,0.0721,0.0694,0.3948,1.0,DROWSY,228,0,Windows,unspecified
22:55:27.972,146.633,0.0833,0.0806,0.0819,0.3972,1.0,DROWSY,229,0,Windows,unspecified
22:55:28.003,146.664,0.089,0.0625,0.0757,0.3947,1.0,DROWSY,230,0,Windows,unspecified
22:55:28.034,146.695,0.0862,0.0683,0.0773,0.3888,1.0,DROWSY,231,0,Windows,unspecified
22:55:28.065,146.726,0.0873,0.0806,0.084,0.393,1.0,DROWSY,232,0,Windows,unspecified
22:55:28.096,146.757,0.0667,0.0818,0.0742,0.4002,1.0,DROWSY,233,0,Windows,unspecified
22:55:28.122,146.783,0.069,0.0683,0.0686,0.3968,1.0,DROWSY,234,0,Windows,unspecified
22:55:28.158,146.819,0.0667,0.0469,0.0568,0.3952,1.0,DROWSY,235,0,Windows,unspecified
22:55:28.204,146.866,0.0402,0.0322,0.0362,0.3928,1.0,DROWSY,236,0,Windows,unspecified
22:55:28.236,146.897,0.0402,0.0322,0.0362,0.3895,1.0,DROWSY,237,0,Windows,unspecified
22:55:28.271,146.932,0.0172,0.0389,0.0281,0.3931,1.0,DROWSY,238,0,Windows,unspecified
22:55:28.298,146.959,0.0333,0.0,0.0167,0.3818,1.0,DROWSY,239,0,Windows,unspecified
22:55:28.337,146.998,0.1647,0.1354,0.15,0.3915,1.0,DROWSY,240,0,Windows,unspecified
22:55:28.362,147.023,0.1889,0.1683,0.1786,0.39,1.0,DROWSY,241,0,Windows,unspecified
22:55:28.399,147.061,0.2801,0.2521,0.2661,0.3931,0.9933,DROWSY,0,0,Windows,unspecified
22:55:28.424,147.085,0.2801,0.2608,0.2704,0.3931,0.9867,DROWSY,0,0,Windows,unspecified
22:55:28.464,147.125,0.3168,0.295,0.3059,0.3965,0.98,DROWSY,0,0,Windows,unspecified
22:55:28.504,147.165,0.3055,0.295,0.3002,0.3944,0.9733,DROWSY,0,0,Windows,unspecified
22:55:28.534,147.195,0.3055,0.3012,0.3033,0.3956,0.9667,DROWSY,0,0,Windows,unspecified
22:55:28.565,147.226,0.3055,0.2944,0.3,0.3862,0.96,DROWSY,0,0,Windows,unspecified
22:55:28.609,147.27,0.3283,0.3012,0.3148,0.3956,0.9533,DROWSY,0,0,Windows,unspecified
22:55:28.643,147.304,0.3283,0.3012,0.3148,0.3929,0.9467,DROWSY,0,0,Windows,unspecified
22:55:28.673,147.334,0.3283,0.3012,0.3148,0.3972,0.94,DROWSY,0,0,Windows,unspecified
22:55:28.706,147.367,0.3283,0.3012,0.3148,0.3929,0.9333,DROWSY,0,0,Windows,unspecified
22:55:28.734,147.395,0.3621,0.3343,0.3482,0.3952,0.9267,DROWSY,0,0,Windows,unspecified
22:55:28.766,147.427,0.3621,0.3168,0.3395,0.3873,0.92,DROWSY,0,0,Windows,unspecified
22:55:28.795,147.457,0.3792,0.3508,0.365,0.3873,0.9133,DROWSY,0,0,Windows,unspecified
22:55:28.828,147.489,0.3621,0.3498,0.356,0.3929,0.9067,DROWSY,0,0,Windows,unspecified
22:55:28.859,147.52,0.3964,0.3664,0.3814,0.3895,0.9,DROWSY,0,0,Windows,unspecified
22:55:28.891,147.552,0.3621,0.3674,0.3647,0.392,0.8933,DROWSY,0,0,Windows,unspecified
22:55:28.928,147.589,0.3959,0.3664,0.3811,0.3855,0.8867,DROWSY,0,0,Windows,unspecified
22:55:28.952,147.613,0.3959,0.3664,0.3812,0.3875,0.88,DROWSY,0,0,Windows,unspecified
22:55:29.007,147.668,0.38,0.3568,0.3684,0.3917,0.8733,DROWSY,0,0,Windows,unspecified
22:55:29.028,147.689,0.38,0.3664,0.3732,0.389,0.8667,DROWSY,0,0,Windows,unspecified
22:55:29.071,147.732,0.4143,0.3829,0.3986,0.3941,0.86,DROWSY,0,0,Windows,unspecified
22:55:29.107,147.768,0.3971,0.3656,0.3814,0.3996,0.8533,DROWSY,0,0,Windows,unspecified
22:55:29.141,147.802,0.3508,0.3501,0.3504,0.4059,0.8467,DROWSY,0,0,Windows,unspecified
22:55:29.171,147.832,0.3635,0.3325,0.348,0.4012,0.84,DROWSY,0,0,Windows,unspecified
22:55:29.201,147.862,0.3628,0.3177,0.3403,0.391,0.8333,DROWSY,0,0,Windows,unspecified
22:55:29.235,147.896,0.3646,0.3075,0.3361,0.3941,0.8267,DROWSY,0,0,Windows,unspecified
22:55:29.263,147.924,0.3628,0.3235,0.3432,0.3917,0.82,DROWSY,0,0,Windows,unspecified
22:55:29.297,147.958,0.3628,0.3177,0.3403,0.399,0.8133,DROWSY,0,0,Windows,unspecified
22:55:29.324,147.985,0.3463,0.3169,0.3316,0.4066,0.8067,DROWSY,0,0,Windows,unspecified
22:55:29.357,148.018,0.3348,0.3075,0.3212,0.4103,0.8,DROWSY,0,0,Windows,unspecified
22:55:29.404,148.065,0.3283,0.2993,0.3138,0.4428,0.7933,DROWSY,0,0,Windows,unspecified
22:55:29.434,148.095,0.3283,0.3177,0.323,0.4436,0.7867,DROWSY,0,0,Windows,unspecified
22:55:29.471,148.132,0.3292,0.2847,0.3069,0.4844,0.78,DROWSY,0,0,Windows,unspecified
22:55:29.500,148.161,0.3292,0.2847,0.3069,0.4907,0.7733,DROWSY,0,0,Windows,unspecified
22:55:29.535,148.196,0.3283,0.2755,0.3019,0.4859,0.7667,DROWSY,0,0,Windows,unspecified
22:55:29.561,148.222,0.3274,0.2736,0.3005,0.4959,0.76,DROWSY,0,0,Windows,unspecified
22:55:29.601,148.262,0.3283,0.2755,0.3019,0.4616,0.7533,DROWSY,0,0,Windows,unspecified
22:55:29.641,148.302,0.3292,0.2755,0.3024,0.4457,0.7467,DROWSY,0,0,Windows,unspecified
22:55:29.671,148.332,0.3292,0.2847,0.3069,0.4093,0.74,DROWSY,0,0,Windows,unspecified
22:55:29.702,148.363,0.3222,0.2847,0.3034,0.4029,0.7333,DROWSY,0,0,Windows,unspecified
22:55:29.733,148.394,0.3222,0.2774,0.2998,0.3885,0.7267,DROWSY,0,0,Windows,unspecified
22:55:29.765,148.426,0.3044,0.2681,0.2863,0.3768,0.72,DROWSY,0,0,Windows,unspecified
22:55:29.804,148.465,0.3044,0.2681,0.2863,0.3756,0.7133,DROWSY,0,0,Windows,unspecified
22:55:29.842,148.503,0.2866,0.2686,0.2776,0.3785,0.7067,DROWSY,0,0,Windows,unspecified
22:55:29.872,148.534,0.2688,0.2521,0.2604,0.3903,0.7,DROWSY,0,0,Windows,unspecified
22:55:29.904,148.565,0.2688,0.2686,0.2687,0.4034,0.6933,DROWSY,0,0,Windows,unspecified
22:55:29.937,148.598,0.2688,0.2686,0.2687,0.4218,0.6867,DROWSY,0,0,Windows,unspecified
22:55:29.968,148.629,0.2688,0.2686,0.2687,0.4318,0.68,DROWSY,0,0,Windows,unspecified
22:55:29.996,148.657,0.2595,0.2686,0.2641,0.5024,0.6733,DROWSY,0,0,Windows,unspecified
22:55:30.026,148.687,0.2585,0.2509,0.2547,0.5243,0.6667,DROWSY,0,0,Windows,unspecified
22:55:30.060,148.721,0.2585,0.2509,0.2547,0.512,0.66,DROWSY,0,0,Windows,unspecified
22:55:30.091,148.752,0.2585,0.2509,0.2547,0.5118,0.6533,DROWSY,0,0,Windows,unspecified
22:55:30.129,148.79,0.2585,0.2344,0.2464,0.4391,0.6467,DROWSY,0,0,Windows,unspecified
22:55:30.153,148.814,0.2412,0.2344,0.2378,0.4237,0.6467,DROWSY,1,0,Windows,unspecified
22:55:30.206,148.867,0.2585,0.2344,0.2464,0.3984,0.64,DROWSY,0,0,Windows,unspecified
22:55:30.231,148.892,0.2586,0.2179,0.2382,0.391,0.64,DROWSY,1,0,Windows,unspecified
22:55:30.271,148.932,0.2586,0.2177,0.2382,0.3896,0.64,DROWSY,2,0,Windows,unspecified
22:55:30.293,148.955,0.2586,0.2423,0.2505,0.3827,0.6333,DROWSY,0,0,Windows,unspecified
22:55:30.335,148.996,0.2597,0.2595,0.2596,0.3827,0.6267,DROWSY,0,0,Windows,unspecified
22:55:30.372,149.033,0.2597,0.2595,0.2596,0.3873,0.62,DROWSY,0,0,Windows,unspecified
22:55:30.403,149.064,0.2597,0.2586,0.2592,0.3874,0.6133,DROWSY,0,0,Windows,unspecified
22:55:30.434,149.095,0.2597,0.2412,0.2505,0.3905,0.6067,DROWSY,0,0,Windows,unspecified
22:55:30.464,149.126,0.2595,0.2425,0.251,0.3955,0.6,DROWSY,0,0,Windows,unspecified
22:55:30.496,149.157,0.2595,0.2425,0.251,0.3917,0.5933,DROWSY,0,0,Windows,unspecified
22:55:30.526,149.187,0.2511,0.2254,0.2383,0.3937,0.5933,DROWSY,1,0,Windows,unspecified
22:55:30.558,149.219,0.2701,0.2267,0.2484,0.3937,0.5867,DROWSY,0,0,Windows,unspecified
22:55:30.606,149.267,0.2525,0.2096,0.2311,0.3967,0.5867,DROWSY,1,0,Windows,unspecified
22:55:30.637,149.299,0.2525,0.2098,0.2311,0.4003,0.5867,DROWSY,2,0,Windows,unspecified
22:55:30.672,149.333,0.2347,0.2026,0.2187,0.3908,0.5867,DROWSY,3,0,Windows,unspecified
22:55:30.701,149.362,0.2252,0.17,0.1976,0.393,0.5867,DROWSY,4,0,Windows,unspecified
22:55:30.733,149.395,0.1568,0.1194,0.1381,0.4018,0.5867,DROWSY,5,0,Windows,unspecified
22:55:30.759,149.42,0.1272,0.1027,0.115,0.4018,0.5867,DROWSY,6,0,Windows,unspecified
22:55:30.796,149.457,0.2143,0.1552,0.1847,0.4039,0.5867,DROWSY,7,0,Windows,unspecified
22:55:30.821,149.482,0.2143,0.1786,0.1964,0.4037,0.5867,DROWSY,8,0,Windows,unspecified
22:55:30.866,149.527,0.2525,0.2347,0.2436,0.4016,0.58,DROWSY,0,0,Windows,unspecified
22:55:30.900,149.561,0.2701,0.2524,0.2612,0.4016,0.5733,DROWSY,0,0,Windows,unspecified
22:55:30.930,149.592,0.3045,0.2778,0.2912,0.398,0.5667,DROWSY,0,0,Windows,unspecified
22:55:30.961,149.622,0.3283,0.2944,0.3114,0.398,0.56,DROWSY,0,0,Windows,unspecified
22:55:31.005,149.666,0.3409,0.3115,0.3262,0.3965,0.5533,DROWSY,0,0,Windows,unspecified
22:55:31.038,149.699,0.3409,0.3115,0.3262,0.405,0.5467,DROWSY,0,0,Windows,unspecified
22:55:31.072,149.733,0.3409,0.3115,0.3262,0.405,0.54,DROWSY,0,0,Windows,unspecified
22:55:31.104,149.765,0.3587,0.3115,0.3351,0.405,0.5333,DROWSY,0,0,Windows,unspecified
22:55:31.132,149.793,0.3784,0.3278,0.3531,0.405,0.5267,DROWSY,0,0,Windows,unspecified
22:55:31.165,149.826,0.3757,0.3449,0.3603,0.405,0.52,DROWSY,0,0,Windows,unspecified
22:55:31.199,149.86,0.3757,0.3333,0.3545,0.4003,0.5133,DROWSY,0,0,Windows,unspecified
22:55:31.227,149.888,0.3749,0.3333,0.3541,0.4119,0.5067,DROWSY,0,0,Windows,unspecified
22:55:31.259,149.921,0.1026,0.1026,0.1026,0.4076,0.5067,DROWSY,1,0,Windows,unspecified
22:55:31.292,149.953,0.0704,0.0833,0.0769,0.4096,0.5067,DROWSY,2,0,Windows,unspecified
22:55:31.324,149.985,0.0644,0.0539,0.0591,0.4067,0.5067,DROWSY,3,0,Windows,unspecified
22:55:31.354,150.015,0.0831,0.0389,0.061,0.4109,0.5067,DROWSY,4,0,Windows,unspecified
22:55:31.403,150.064,0.186,0.1737,0.1798,0.4028,0.5067,DROWSY,5,0,Windows,unspecified
22:55:31.432,150.094,0.186,0.1959,0.1909,0.4054,0.5067,DROWSY,6,0,Windows,unspecified
22:55:31.473,150.134,0.2263,0.2486,0.2374,0.3956,0.5067,DROWSY,7,0,Windows,unspecified
22:55:31.510,150.172,0.2696,0.2663,0.2679,0.3906,0.5,DROWSY,0,0,Windows,unspecified
22:55:31.541,150.203,0.2805,0.3005,0.2905,0.3898,0.4933,DROWSY,0,0,Windows,unspecified
22:55:31.572,150.233,0.2928,0.3005,0.2967,0.3943,0.4867,DROWSY,0,0,Windows,unspecified
22:55:31.604,150.265,0.3274,0.3015,0.3144,0.3991,0.48,DROWSY,0,0,Windows,unspecified
22:55:31.638,150.299,0.3082,0.2904,0.2993,0.4027,0.4733,DROWSY,0,0,Windows,unspecified
22:55:31.668,150.329,0.3274,0.285,0.3062,0.417,0.4667,DROWSY,0,0,Windows,unspecified
22:55:31.698,150.359,0.3101,0.2733,0.2917,0.4148,0.46,DROWSY,0,0,Windows,unspecified
22:55:31.730,150.391,0.3275,0.2908,0.3092,0.4209,0.4533,DROWSY,0,0,Windows,unspecified
22:55:31.760,150.421,0.3274,0.2805,0.3039,0.4129,0.4467,DROWSY,0,0,Windows,unspecified
22:55:31.806,150.467,0.3448,0.3017,0.3232,0.4238,0.44,DROWSY,0,0,Windows,unspecified
22:55:31.838,150.499,0.3448,0.3175,0.3311,0.4313,0.4333,DROWSY,0,0,Windows,unspecified
22:55:31.873,150.534,0.3574,0.3333,0.3453,0.4358,0.4267,DROWSY,0,0,Windows,unspecified
22:55:31.901,150.562,0.3459,0.3079,0.3269,0.4329,0.42,DROWSY,0,0,Windows,unspecified
22:55:31.935,150.596,0.3429,0.3071,0.325,0.4298,0.4133,DROWSY,0,0,Windows,unspecified
22:55:31.964,150.625,0.3274,0.3193,0.3233,0.4171,0.4067,DROWSY,0,0,Windows,unspecified
22:55:31.999,150.66,0.3459,0.2954,0.3207,0.4143,0.4,DROWSY,0,0,Windows,unspecified
22:55:32.030,150.691,0.3255,0.2972,0.3114,0.41,0.3933,DROWSY,0,0,Windows,unspecified
22:55:32.065,150.726,0.3286,0.2915,0.3101,0.3874,0.3867,DROWSY,0,0,Windows,unspecified
22:55:32.093,150.754,0.3149,0.2807,0.2978,0.3876,0.38,DROWSY,0,0,Windows,unspecified
22:55:32.126,150.787,0.3283,0.2589,0.2936,0.3882,0.3733,DROWSY,0,0,Windows,unspecified
22:55:32.154,150.815,0.3292,0.2761,0.3026,0.388,0.3667,DROWSY,0,0,Windows,unspecified
22:55:32.205,150.866,0.3165,0.2759,0.2962,0.4032,0.36,DROWSY,0,0,Windows,unspecified
22:55:32.233,150.895,0.2993,0.2755,0.2874,0.3926,0.3533,DROWSY,0,0,Windows,unspecified
22:55:32.269,150.93,0.289,0.2566,0.2728,0.388,0.3467,NORMAL,0,0,Windows,unspecified
22:55:32.297,150.958,0.2879,0.2415,0.2647,0.3854,0.34,NORMAL,0,0,Windows,unspecified
22:55:32.334,150.996,0.2866,0.2493,0.2679,0.3956,0.3333,NORMAL,0,0,Windows,unspecified
22:55:32.358,151.019,0.2558,0.2493,0.2525,0.3931,0.3267,NORMAL,0,0,Windows,unspecified
22:55:32.396,151.057,0.2933,0.2629,0.2781,0.4324,0.32,NORMAL,0,0,Windows,unspecified
22:55:32.421,151.082,0.2799,0.2877,0.2838,0.436,0.3133,NORMAL,0,0,Windows,unspecified
22:55:32.461,151.122,0.2636,0.2878,0.2757,0.4523,0.3067,NORMAL,0,0,Windows,unspecified
22:55:32.496,151.157,0.2636,0.291,0.2773,0.4564,0.3,NORMAL,0,0,Windows,unspecified
22:55:32.527,151.188,0.2557,0.3291,0.2924,0.5201,0.2933,NORMAL,0,0,Windows,unspecified
22:55:32.562,151.223,0.2557,0.3375,0.2966,0.5108,0.2867,NORMAL,0,0,Windows,unspecified
22:55:32.608,151.269,0.2716,0.3681,0.3199,0.5501,0.28,NORMAL,0,0,Windows,unspecified
22:55:32.639,151.3,0.2946,0.3632,0.3289,0.5357,0.2733,NORMAL,0,0,Windows,unspecified
22:55:32.672,151.333,0.3016,0.3882,0.3449,0.5586,0.2667,NORMAL,0,0,Windows,unspecified
22:55:32.700,151.361,0.3146,0.3827,0.3487,0.549,0.26,NORMAL,0,0,Windows,unspecified
22:55:32.736,151.397,0.3296,0.4215,0.3755,0.5207,0.2533,NORMAL,0,0,Windows,unspecified
22:55:32.764,151.425,0.3296,0.4007,0.3651,0.5231,0.2467,NORMAL,0,0,Windows,unspecified
22:55:32.797,151.458,0.3146,0.4204,0.3675,0.5572,0.24,NORMAL,0,0,Windows,unspecified
22:55:32.827,151.488,0.3296,0.3827,0.3562,0.5491,0.2333,NORMAL,0,0,Windows,unspecified
22:55:32.864,151.525,0.328,0.3809,0.3544,0.5419,0.2267,NORMAL,0,0,Windows,unspecified
22:55:32.888,151.549,0.3296,0.4027,0.3661,0.5284,0.22,NORMAL,0,0,Windows,unspecified
22:55:32.924,151.585,0.3207,0.3842,0.3525,0.5025,0.2133,NORMAL,0,0,Windows,unspecified
22:55:32.950,151.611,0.3207,0.3632,0.342,0.5185,0.2067,NORMAL,0,0,Windows,unspecified
22:55:33.007,151.668,0.328,0.3838,0.3559,0.5154,0.2,NORMAL,0,0,Windows,unspecified
22:55:33.045,151.706,0.3146,0.3851,0.3498,0.5169,0.1933,NORMAL,0,0,Windows,unspecified
22:55:33.076,151.737,0.3153,0.4046,0.36,0.5078,0.1867,NORMAL,0,0,Windows,unspecified
22:55:33.109,151.77,0.3146,0.4204,0.3675,0.5082,0.18,NORMAL,0,0,Windows,unspecified
22:55:33.136,151.797,0.3146,0.4046,0.3596,0.5456,0.1733,NORMAL,0,0,Windows,unspecified
22:55:33.169,151.83,0.3225,0.4046,0.3636,0.5561,0.1667,NORMAL,0,0,Windows,unspecified
22:55:33.200,151.862,0.3286,0.4046,0.3666,0.535,0.16,NORMAL,0,0,Windows,unspecified
22:55:33.228,151.889,0.3145,0.4095,0.362,0.5321,0.1533,NORMAL,0,0,Windows,unspecified
22:55:33.263,151.925,0.3146,0.4046,0.3596,0.5419,0.1467,NORMAL,0,0,Windows,unspecified
22:55:33.293,151.954,0.3452,0.4046,0.3749,0.536,0.14,NORMAL,0,0,Windows,unspecified
22:55:33.327,151.988,0.3452,0.4076,0.3764,0.5299,0.1333,NORMAL,0,0,Windows,unspecified
22:55:33.357,152.018,0.3446,0.4046,0.3746,0.5239,0.1267,NORMAL,0,0,Windows,unspecified
22:55:33.403,152.064,0.3393,0.4046,0.3719,0.5402,0.1267,NORMAL,0,0,Windows,unspecified
22:55:33.436,152.097,0.328,0.4046,0.3663,0.5402,0.1267,NORMAL,0,0,Windows,unspecified
22:55:33.470,152.131,0.3153,0.4046,0.36,0.5353,0.1267,NORMAL,0,0,Windows,unspecified
22:55:33.498,152.159,0.3153,0.4046,0.36,0.5353,0.1267,NORMAL,0,0,Windows,unspecified
22:55:33.535,152.196,0.3153,0.4046,0.36,0.5399,0.1267,NORMAL,0,0,Windows,unspecified
22:55:33.561,152.222,0.3153,0.4046,0.36,0.5446,0.1267,NORMAL,0,0,Windows,unspecified
22:55:33.599,152.26,0.3452,0.4037,0.3745,0.5379,0.1267,NORMAL,0,0,Windows,unspecified
22:55:33.622,152.283,0.3286,0.4037,0.3662,0.5579,0.1267,NORMAL,0,0,Windows,unspecified
22:55:33.659,152.32,0.3286,0.4046,0.3666,0.5671,0.1267,NORMAL,0,0,Windows,unspecified
22:55:33.684,152.345,0.313,0.4046,0.3588,0.5671,0.1267,NORMAL,0,0,Windows,unspecified
22:55:33.724,152.385,0.2996,0.3851,0.3423,0.5366,0.1267,NORMAL,0,0,Windows,unspecified
22:55:33.747,152.408,0.3403,0.3703,0.3553,0.5366,0.1267,NORMAL,0,0,Windows,unspecified
22:55:33.809,152.47,0.3286,0.3695,0.3491,0.5444,0.1267,NORMAL,0,0,Windows,unspecified
22:55:33.839,152.5,0.3146,0.3695,0.342,0.5459,0.1267,NORMAL,0,0,Windows,unspecified
22:55:33.872,152.533,0.3359,0.4046,0.3703,0.5258,0.1267,NORMAL,0,0,Windows,unspecified
22:55:33.902,152.564,0.3286,0.4082,0.3684,0.5258,0.1267,NORMAL,0,0,Windows,unspecified
22:55:33.934,152.595,0.328,0.4082,0.3681,0.5315,0.1267,NORMAL,0,0,Windows,unspecified
22:55:33.962,152.623,0.3286,0.4082,0.3684,0.5315,0.1267,NORMAL,0,0,Windows,unspecified
22:55:33.997,152.658,0.3403,0.4082,0.3743,0.5551,0.1267,NORMAL,0,0,Windows,unspecified
22:55:34.025,152.686,0.3303,0.4082,0.3692,0.5647,0.1267,NORMAL,0,0,Windows,unspecified
22:55:34.063,152.724,0.3446,0.375,0.3598,0.5492,0.1267,NORMAL,0,0,Windows,unspecified
22:55:34.087,152.748,0.3429,0.3931,0.368,0.5482,0.1267,NORMAL,0,0,Windows,unspecified
22:55:34.123,152.784,0.3429,0.3931,0.368,0.5482,0.1267,NORMAL,0,0,Windows,unspecified
22:55:34.151,152.812,0.3403,0.4082,0.3743,0.5398,0.1267,NORMAL,0,0,Windows,unspecified
22:55:34.208,152.869,0.3303,0.3747,0.3525,0.5584,0.1267,NORMAL,0,0,Windows,unspecified
22:55:34.246,152.907,0.3296,0.3774,0.3535,0.5591,0.1267,NORMAL,0,0,Windows,unspecified
22:55:34.277,152.938,0.3074,0.3432,0.3253,0.5249,0.1267,NORMAL,0,0,Windows,unspecified
22:55:34.307,152.968,0.2921,0.3613,0.3267,0.5255,0.1267,NORMAL,0,0,Windows,unspecified
22:55:34.338,152.999,0.2936,0.3286,0.3111,0.4566,0.1267,NORMAL,0,0,Windows,unspecified
22:55:34.371,153.032,0.2858,0.2873,0.2865,0.4591,0.1267,NORMAL,0,0,Windows,unspecified
22:55:34.400,153.061,0.2964,0.2712,0.2838,0.4015,0.1267,NORMAL,0,0,Windows,unspecified
22:55:34.433,153.094,0.2809,0.2981,0.2895,0.4051,0.1267,NORMAL,0,0,Windows,unspecified
22:55:34.464,153.125,0.2574,0.2518,0.2546,0.3927,0.1267,NORMAL,0,0,Windows,unspecified
22:55:34.494,153.155,0.2661,0.2789,0.2725,0.3861,0.1267,NORMAL,0,0,Windows,unspecified
22:55:34.527,153.188,0.2749,0.2673,0.2711,0.3829,0.1267,NORMAL,0,0,Windows,unspecified
22:55:34.557,153.218,0.2745,0.2673,0.2709,0.3799,0.1267,NORMAL,0,0,Windows,unspecified
22:55:34.603,153.264,0.2741,0.2761,0.2751,0.3756,0.1267,NORMAL,0,0,Windows,unspecified
22:55:34.633,153.294,0.2911,0.2675,0.2793,0.394,0.1267,NORMAL,0,0,Windows,unspecified
22:55:34.669,153.33,0.3072,0.2666,0.2869,0.3877,0.1267,NORMAL,0,0,Windows,unspecified
22:55:34.697,153.358,0.3176,0.2893,0.3035,0.3943,0.1267,NORMAL,0,0,Windows,unspecified
22:55:34.732,153.393,0.3072,0.2743,0.2907,0.3984,0.1267,NORMAL,0,0,Windows,unspecified
22:55:34.760,153.421,0.3072,0.2702,0.2887,0.395,0.1267,NORMAL,0,0,Windows,unspecified
22:55:34.800,153.461,0.3182,0.2665,0.2924,0.3903,0.1267,NORMAL,0,0,Windows,unspecified
22:55:34.823,153.484,0.3067,0.2584,0.2826,0.396,0.1267,NORMAL,0,0,Windows,unspecified
22:55:34.860,153.522,0.324,0.2979,0.311,0.3925,0.1267,NORMAL,0,0,Windows,unspecified
22:55:34.884,153.545,0.324,0.2914,0.3077,0.3855,0.1267,NORMAL,0,0,Windows,unspecified
22:55:34.925,153.586,0.3401,0.3026,0.3213,0.3883,0.1267,NORMAL,0,0,Windows,unspecified
22:55:34.946,153.607,0.2984,0.3025,0.3005,0.3974,0.1267,NORMAL,0,0,Windows,unspecified
22:55:35.009,153.67,0.3393,0.3183,0.3288,0.3819,0.1267,NORMAL,0,0,Windows,unspecified
22:55:35.040,153.701,0.3393,0.3183,0.3288,0.388,0.1267,NORMAL,0,0,Windows,unspecified
22:55:35.072,153.733,0.3395,0.3333,0.3364,0.392,0.1267,NORMAL,0,0,Windows,unspecified
22:55:35.102,153.763,0.3395,0.3183,0.3289,0.3925,0.1267,NORMAL,0,0,Windows,unspecified
22:55:35.136,153.797,0.3005,0.3334,0.317,0.3899,0.1267,NORMAL,0,0,Windows,unspecified
22:55:35.165,153.826,0.3313,0.3183,0.3248,0.3876,0.12,NORMAL,0,0,Windows,unspecified
22:55:35.197,153.858,0.3393,0.3206,0.33,0.3916,0.12,NORMAL,0,0,Windows,unspecified
22:55:35.229,153.89,0.3295,0.2951,0.3123,0.3868,0.1133,NORMAL,0,0,Windows,unspecified
22:55:35.264,153.925,0.3295,0.3341,0.3318,0.3835,0.1067,NORMAL,0,0,Windows,unspecified
22:55:35.289,153.95,0.3393,0.329,0.3342,0.3852,0.1067,NORMAL,0,0,Windows,unspecified
22:55:35.326,153.987,0.3393,0.319,0.3292,0.3919,0.1067,NORMAL,0,0,Windows,unspecified
22:55:35.354,154.015,0.329,0.329,0.329,0.3989,0.1067,NORMAL,0,0,Windows,unspecified
22:55:35.409,154.07,0.329,0.319,0.324,0.3958,0.1067,NORMAL,0,0,Windows,unspecified
22:55:35.430,154.091,0.3549,0.3206,0.3377,0.384,0.1067,NORMAL,0,0,Windows,unspecified
22:55:35.469,154.13,0.3388,0.329,0.3339,0.3857,0.1067,NORMAL,0,0,Windows,unspecified
22:55:35.508,154.169,0.329,0.319,0.324,0.3994,0.1067,NORMAL,0,0,Windows,unspecified
22:55:35.539,154.2,0.3283,0.3184,0.3233,0.398,0.1,NORMAL,0,0,Windows,unspecified
22:55:35.571,154.232,0.3388,0.3313,0.335,0.3946,0.1,NORMAL,0,0,Windows,unspecified
22:55:35.604,154.266,0.3388,0.329,0.3339,0.4009,0.0933,NORMAL,0,0,Windows,unspecified
22:55:35.636,154.297,0.3395,0.329,0.3343,0.3945,0.0867,NORMAL,0,0,Windows,unspecified
22:55:35.665,154.326,0.329,0.329,0.329,0.3958,0.08,NORMAL,0,0,Windows,unspecified
22:55:35.694,154.355,0.329,0.329,0.329,0.3958,0.0733,NORMAL,0,0,Windows,unspecified
22:55:35.740,154.401,0.3445,0.3445,0.3445,0.3958,0.0667,NORMAL,0,0,Windows,unspecified
22:55:35.774,154.435,0.36,0.3295,0.3447,0.3927,0.06,NORMAL,0,0,Windows,unspecified
22:55:35.809,154.47,0.3445,0.329,0.3367,0.3887,0.0533,NORMAL,0,0,Windows,unspecified
22:55:35.836,154.497,0.3445,0.329,0.3367,0.3968,0.0467,NORMAL,0,0,Windows,unspecified
22:55:35.869,154.53,0.329,0.3445,0.3367,0.401,0.0467,NORMAL,0,0,Windows,unspecified
22:55:35.899,154.56,0.329,0.3445,0.3367,0.401,0.0467,NORMAL,0,0,Windows,unspecified
22:55:35.936,154.597,0.3395,0.3295,0.3345,0.3946,0.0467,NORMAL,0,0,Windows,unspecified
22:55:35.958,154.619,0.3388,0.3318,0.3353,0.3916,0.0467,NORMAL,0,0,Windows,unspecified
22:55:35.995,154.656,0.3388,0.3295,0.3341,0.3855,0.0467,NORMAL,0,0,Windows,unspecified
22:55:36.021,154.682,0.3283,0.3295,0.3289,0.3871,0.0467,NORMAL,0,0,Windows,unspecified
22:55:36.064,154.725,0.3395,0.3188,0.3292,0.385,0.0467,NORMAL,0,0,Windows,unspecified
22:55:36.101,154.762,0.3388,0.3184,0.3286,0.3943,0.0467,NORMAL,0,0,Windows,unspecified
22:55:36.141,154.802,0.3388,0.329,0.3339,0.3925,0.0467,NORMAL,0,0,Windows,unspecified
22:55:36.180,154.841,0.3388,0.329,0.3339,0.3958,0.0467,NORMAL,0,0,Windows,unspecified
22:55:36.210,154.871,0.1053,0.0904,0.0978,0.3977,0.0533,NORMAL,1,0,Windows,unspecified
22:55:36.241,154.902,0.0588,0.0449,0.0519,0.402,0.06,NORMAL,2,0,Windows,unspecified
22:55:36.274,154.935,0.0143,0.0278,0.021,0.3977,0.06,NORMAL,3,0,Windows,unspecified
22:55:36.304,154.965,0.0143,0.0278,0.021,0.3977,0.06,NORMAL,4,0,Windows,unspecified
22:55:36.338,154.999,0.0721,0.0818,0.077,0.401,0.06,NORMAL,5,0,Windows,unspecified
22:55:36.366,155.027,0.1054,0.0963,0.1008,0.3966,0.06,NORMAL,6,0,Windows,unspecified
22:55:36.400,155.061,0.1864,0.1747,0.1805,0.3977,0.06,NORMAL,7,0,Windows,unspecified
22:55:36.431,155.092,0.2192,0.2198,0.2195,0.3959,0.06,NORMAL,8,0,Windows,unspecified
22:55:36.460,155.121,0.2441,0.2673,0.2557,0.3959,0.0533,NORMAL,0,0,Windows,unspecified
22:55:36.494,155.155,0.2761,0.2673,0.2717,0.3959,0.0533,NORMAL,0,0,Windows,unspecified
22:55:36.540,155.201,0.3081,0.2828,0.2955,0.3917,0.0533,NORMAL,0,0,Windows,unspecified
22:55:36.572,155.233,0.308,0.3009,0.3045,0.3982,0.0533,NORMAL,0,0,Windows,unspecified
22:55:36.609,155.27,0.308,0.3158,0.3119,0.3947,0.0533,NORMAL,0,0,Windows,unspecified
22:55:36.634,155.295,0.3227,0.3313,0.327,0.3947,0.0533,NORMAL,0,0,Windows,unspecified
22:55:36.672,155.333,0.3388,0.329,0.3339,0.399,0.0533,NORMAL,0,0,Windows,unspecified
22:55:36.710,155.371,0.3388,0.329,0.3339,0.3946,0.0533,NORMAL,0,0,Windows,unspecified
22:55:36.740,155.401,0.3388,0.329,0.3339,0.399,0.0533,NORMAL,0,0,Windows,unspecified
22:55:36.773,155.434,0.3388,0.329,0.3339,0.399,0.0533,NORMAL,0,0,Windows,unspecified
22:55:36.803,155.464,0.3379,0.3445,0.3412,0.3931,0.0533,NORMAL,0,0,Windows,unspecified
22:55:36.835,155.496,0.3379,0.3445,0.3412,0.3899,0.0533,NORMAL,0,0,Windows,unspecified
22:55:36.867,155.528,0.3275,0.3445,0.336,0.3931,0.0533,NORMAL,0,0,Windows,unspecified
22:55:36.900,155.561,0.3313,0.3445,0.3379,0.3931,0.0533,NORMAL,0,0,Windows,unspecified
22:55:36.944,155.605,0.329,0.3506,0.3398,0.3912,0.0533,NORMAL,0,0,Windows,unspecified
22:55:36.977,155.638,0.319,0.3333,0.3262,0.3927,0.0533,NORMAL,0,0,Windows,unspecified
22:55:37.009,155.67,0.329,0.3333,0.3312,0.3934,0.0533,NORMAL,0,0,Windows,unspecified
22:55:37.040,155.701,0.3412,0.3333,0.3373,0.3957,0.0533,NORMAL,0,0,Windows,unspecified
22:55:37.070,155.731,0.3313,0.3354,0.3333,0.3976,0.0533,NORMAL,0,0,Windows,unspecified
22:55:37.102,155.763,0.3388,0.3183,0.3286,0.4019,0.0533,NORMAL,0,0,Windows,unspecified
22:55:37.135,155.796,0.3621,0.319,0.3406,0.4005,0.0533,NORMAL,0,0,Windows,unspecified
22:55:37.164,155.825,0.3716,0.3361,0.3539,0.3975,0.0533,NORMAL,0,0,Windows,unspecified
22:55:37.200,155.862,0.3318,0.319,0.3254,0.4037,0.0533,NORMAL,0,0,Windows,unspecified
22:55:37.227,155.888,0.3401,0.3295,0.3348,0.3976,0.0533,NORMAL,0,0,Windows,unspecified
22:55:37.263,155.925,0.3395,0.329,0.3343,0.3961,0.0533,NORMAL,0,0,Windows,unspecified
22:55:37.291,155.952,0.3313,0.2883,0.3098,0.3942,0.0533,NORMAL,0,0,Windows,unspecified
22:55:37.342,156.003,0.308,0.3135,0.3107,0.4022,0.0533,NORMAL,0,0,Windows,unspecified
22:55:37.371,156.032,0.2979,0.3184,0.3081,0.3986,0.0533,NORMAL,0,0,Windows,unspecified
22:55:37.406,156.067,0.3005,0.304,0.3022,0.4007,0.0533,NORMAL,0,0,Windows,unspecified
22:55:37.432,156.093,0.3075,0.304,0.3057,0.4074,0.0533,NORMAL,0,0,Windows,unspecified
22:55:37.471,156.132,0.3235,0.3158,0.3196,0.3945,0.0533,NORMAL,0,0,Windows,unspecified
22:55:37.493,156.154,0.3395,0.2979,0.3187,0.3945,0.0533,NORMAL,0,0,Windows,unspecified
22:55:37.531,156.192,0.3227,0.2893,0.306,0.4051,0.0533,NORMAL,0,0,Windows,unspecified
22:55:37.558,156.219,0.3067,0.319,0.3129,0.3968,0.0533,NORMAL,0,0,Windows,unspecified
22:55:37.597,156.258,0.3075,0.2893,0.2984,0.3981,0.0533,NORMAL,0,0,Windows,unspecified
22:55:37.620,156.282,0.2824,0.2918,0.2871,0.4043,0.0533,NORMAL,0,0,Windows,unspecified
22:55:37.660,156.321,0.2906,0.3009,0.2958,0.3978,0.0533,NORMAL,0,0,Windows,unspecified
22:55:37.684,156.345,0.2906,0.2893,0.29,0.3925,0.0533,NORMAL,0,0,Windows,unspecified
22:55:37.741,156.402,0.3067,0.2912,0.299,0.397,0.0533,NORMAL,0,0,Windows,unspecified
22:55:37.778,156.44,0.2908,0.2789,0.2848,0.394,0.0533,NORMAL,0,0,Windows,unspecified
22:55:37.808,156.469,0.2698,0.2739,0.2719,0.3917,0.0533,NORMAL,0,0,Windows,unspecified
22:55:37.838,156.499,0.3009,0.2964,0.2987,0.3863,0.0533,NORMAL,0,0,Windows,unspecified
22:55:37.873,156.534,0.2946,0.2972,0.2959,0.3932,0.0533,NORMAL,0,0,Windows,unspecified
22:55:37.904,156.565,0.3009,0.2964,0.2987,0.3887,0.0533,NORMAL,0,0,Windows,unspecified
22:55:37.935,156.596,0.3009,0.3119,0.3064,0.3915,0.0533,NORMAL,0,0,Windows,unspecified
22:55:37.965,156.626,0.313,0.2866,0.2998,0.3998,0.0533,NORMAL,0,0,Windows,unspecified
22:55:37.999,156.66,0.3009,0.2954,0.2982,0.4032,0.0533,NORMAL,0,0,Windows,unspecified
22:55:38.029,156.69,0.3106,0.2964,0.3035,0.4012,0.0533,NORMAL,0,0,Windows,unspecified
22:55:38.061,156.722,0.2934,0.2818,0.2876,0.4049,0.0533,NORMAL,0,0,Windows,unspecified
22:55:38.090,156.751,0.3012,0.2733,0.2872,0.3967,0.0533,NORMAL,0,0,Windows,unspecified
22:55:38.139,156.8,0.3003,0.2846,0.2925,0.4024,0.0533,NORMAL,0,0,Windows,unspecified
22:55:38.166,156.827,0.2579,0.2846,0.2713,0.4017,0.0533,NORMAL,0,0,Windows,unspecified
22:55:38.207,156.868,0.2974,0.2762,0.2868,0.4042,0.0533,NORMAL,0,0,Windows,unspecified
22:55:38.230,156.891,0.3156,0.2853,0.3005,0.4034,0.0533,NORMAL,0,0,Windows,unspecified
22:55:38.269,156.93,0.3048,0.2698,0.2873,0.3947,0.0533,NORMAL,0,0,Windows,unspecified
22:55:38.304,156.965,0.3056,0.2698,0.2877,0.3925,0.0533,NORMAL,0,0,Windows,unspecified
22:55:38.335,156.996,0.3067,0.2695,0.2881,0.4006,0.0533,NORMAL,0,0,Windows,unspecified
22:55:38.371,157.032,0.2908,0.2768,0.2838,0.4058,0.0533,NORMAL,0,0,Windows,unspecified
22:55:38.399,157.06,0.3117,0.2899,0.3008,0.3758,0.0533,NORMAL,0,0,Windows,unspecified
22:55:38.431,157.092,0.2968,0.2908,0.2938,0.3796,0.0533,NORMAL,0,0,Windows,unspecified
22:55:38.464,157.125,0.3125,0.2908,0.3017,0.3827,0.0533,NORMAL,0,0,Windows,unspecified
22:55:38.495,157.156,0.3033,0.2972,0.3002,0.3835,0.0533,NORMAL,0,0,Windows,unspecified
22:55:38.542,157.204,0.3441,0.3056,0.3249,0.3856,0.0533,NORMAL,0,0,Windows,unspecified
22:55:38.572,157.233,0.313,0.2808,0.2969,0.3826,0.0533,NORMAL,0,0,Windows,unspecified
22:55:38.609,157.27,0.2941,0.2962,0.2952,0.3923,0.0533,NORMAL,0,0,Windows,unspecified
22:55:38.636,157.298,0.3102,0.2962,0.3032,0.3874,0.0533,NORMAL,0,0,Windows,unspecified
22:55:38.672,157.333,0.2778,0.2988,0.2883,0.3974,0.0533,NORMAL,0,0,Windows,unspecified
22:55:38.697,157.358,0.2934,0.286,0.2897,0.3916,0.0533,NORMAL,0,0,Windows,unspecified
22:55:38.734,157.395,0.3004,0.2692,0.2848,0.4061,0.0533,NORMAL,0,0,Windows,unspecified
22:55:38.760,157.421,0.2748,0.2692,0.272,0.395,0.0533,NORMAL,0,0,Windows,unspecified
22:55:38.801,157.462,0.2663,0.2572,0.2617,0.4005,0.0533,NORMAL,0,0,Windows,unspecified
22:55:38.839,157.5,0.2663,0.2617,0.264,0.3901,0.0533,NORMAL,0,0,Windows,unspecified
22:55:38.867,157.528,0.2663,0.2728,0.2695,0.3885,0.0533,NORMAL,0,0,Windows,unspecified
22:55:38.900,157.561,0.2897,0.2698,0.2798,0.3937,0.0533,NORMAL,0,0,Windows,unspecified
22:55:38.940,157.601,0.2589,0.2698,0.2643,0.3934,0.0533,NORMAL,0,0,Windows,unspecified
22:55:38.978,157.639,0.2674,0.2695,0.2685,0.3833,0.0533,NORMAL,0,0,Windows,unspecified
22:55:39.010,157.671,0.2517,0.2436,0.2476,0.3797,0.0533,NORMAL,0,0,Windows,unspecified
22:55:39.041,157.702,0.2582,0.2304,0.2443,0.377,0.0533,NORMAL,0,0,Windows,unspecified
22:55:39.072,157.733,0.2499,0.25,0.25,0.386,0.0533,NORMAL,0,0,Windows,unspecified
22:55:39.103,157.764,0.2811,0.2897,0.2854,0.3765,0.0533,NORMAL,0,0,Windows,unspecified
22:55:39.135,157.796,0.307,0.2808,0.2939,0.3803,0.0533,NORMAL,0,0,Windows,unspecified
22:55:39.164,157.825,0.3125,0.3042,0.3084,0.3754,0.0533,NORMAL,0,0,Windows,unspecified
22:55:39.195,157.856,0.313,0.2796,0.2963,0.3844,0.0533,NORMAL,0,0,Windows,unspecified
22:55:39.227,157.888,0.3125,0.2796,0.2961,0.3822,0.0533,NORMAL,0,0,Windows,unspecified
22:55:39.265,157.926,0.2968,0.3082,0.3025,0.378,0.0533,NORMAL,0,0,Windows,unspecified
22:55:39.291,157.952,0.3125,0.3082,0.3104,0.381,0.0533,NORMAL,0,0,Windows,unspecified
22:55:39.339,158.0,0.3117,0.2843,0.298,0.3849,0.0533,NORMAL,0,0,Windows,unspecified
22:55:39.367,158.029,0.3091,0.3021,0.3056,0.3838,0.0533,NORMAL,0,0,Windows,unspecified
22:55:39.408,158.069,0.3094,0.2998,0.3046,0.386,0.0533,NORMAL,0,0,Windows,unspecified
22:55:39.432,158.093,0.3067,0.3021,0.3044,0.3958,0.0533,NORMAL,0,0,Windows,unspecified
22:55:39.466,158.127,0.3091,0.2811,0.2951,0.3906,0.0533,NORMAL,0,0,Windows,unspecified
22:55:39.492,158.153,0.3183,0.3028,0.3106,0.3891,0.0533,NORMAL,0,0,Windows,unspecified
22:55:39.533,158.194,0.3099,0.3352,0.3226,0.3861,0.0533,NORMAL,0,0,Windows,unspecified
22:55:39.569,158.23,0.3419,0.3326,0.3373,0.3956,0.0533,NORMAL,0,0,Windows,unspecified
22:55:39.603,158.265,0.337,0.3459,0.3414,0.3891,0.0533,NORMAL,0,0,Windows,unspecified
22:55:39.633,158.294,0.3419,0.33,0.336,0.3887,0.0533,NORMAL,0,0,Windows,unspecified
22:55:39.663,158.325,0.348,0.3367,0.3424,0.3906,0.0533,NORMAL,0,0,Windows,unspecified
22:55:39.696,158.357,0.348,0.3271,0.3375,0.3842,0.0533,NORMAL,0,0,Windows,unspecified
22:55:39.743,158.404,0.3181,0.341,0.3296,0.3865,0.0533,NORMAL,0,0,Windows,unspecified
22:55:39.773,158.434,0.3289,0.3374,0.3332,0.3879,0.0533,NORMAL,0,0,Windows,unspecified
22:55:39.803,158.464,0.3639,0.3693,0.3666,0.3898,0.0533,NORMAL,0,0,Windows,unspecified
22:55:39.836,158.498,0.36,0.36,0.36,0.3885,0.0533,NORMAL,0,0,Windows,unspecified
22:55:39.868,158.529,0.36,0.3173,0.3386,0.3865,0.0533,NORMAL,0,0,Windows,unspecified
22:55:39.897,158.558,0.36,0.3294,0.3447,0.3965,0.0533,NORMAL,0,0,Windows,unspecified
22:55:39.935,158.596,0.3387,0.3431,0.3409,0.3939,0.0533,NORMAL,0,0,Windows,unspecified
22:55:39.963,158.624,0.3326,0.3452,0.3389,0.3991,0.0533,NORMAL,0,0,Windows,unspecified
22:55:39.999,158.66,0.3387,0.3467,0.3427,0.3913,0.0533,NORMAL,0,0,Windows,unspecified
22:55:40.027,158.688,0.3706,0.3446,0.3576,0.3899,0.0533,NORMAL,0,0,Windows,unspecified
22:55:40.059,158.72,0.3326,0.3467,0.3396,0.3981,0.0533,NORMAL,0,0,Windows,unspecified
22:55:40.086,158.747,0.3613,0.36,0.3606,0.3912,0.0533,NORMAL,0,0,Windows,unspecified
22:55:40.139,158.8,0.3305,0.3715,0.351,0.3871,0.0533,NORMAL,0,0,Windows,unspecified
22:55:40.163,158.824,0.3326,0.36,0.3463,0.3871,0.0533,NORMAL,0,0,Windows,unspecified
22:55:40.204,158.865,0.3523,0.3479,0.3501,0.3868,0.0533,NORMAL,0,0,Windows,unspecified
22:55:40.227,158.888,0.3656,0.3579,0.3618,0.3846,0.0533,NORMAL,0,0,Windows,unspecified
22:55:40.272,158.933,0.3621,0.3437,0.3529,0.3934,0.0533,NORMAL,0,0,Windows,unspecified
22:55:40.304,158.965,0.3504,0.3271,0.3387,0.4025,0.0533,NORMAL,0,0,Windows,unspecified
22:55:40.336,158.997,0.3632,0.3493,0.3562,0.3946,0.0533,NORMAL,0,0,Windows,unspecified
22:55:40.366,159.028,0.3484,0.3613,0.3548,0.3962,0.0533,NORMAL,0,0,Windows,unspecified
22:55:40.399,159.06,0.3534,0.3621,0.3578,0.3972,0.0533,NORMAL,0,0,Windows,unspecified
22:55:40.431,159.092,0.3504,0.3523,0.3513,0.3996,0.0533,NORMAL,0,0,Windows,unspecified
22:55:40.464,159.126,0.3425,0.3318,0.3371,0.3999,0.0533,NORMAL,0,0,Windows,unspecified
22:55:40.491,159.152,0.3448,0.3506,0.3477,0.3934,0.0533,NORMAL,0,0,Windows,unspecified
22:55:40.545,159.206,0.3309,0.3378,0.3344,0.3987,0.0533,NORMAL,0,0,Windows,unspecified
22:55:40.567,159.228,0.3309,0.3127,0.3218,0.3992,0.0533,NORMAL,0,0,Windows,unspecified
22:55:40.608,159.269,0.313,0.3168,0.3149,0.398,0.0533,NORMAL,0,0,Windows,unspecified
22:55:40.632,159.293,0.2989,0.307,0.3029,0.4051,0.0533,NORMAL,0,0,Windows,unspecified
22:55:40.672,159.333,0.2816,0.291,0.2863,0.3964,0.0533,NORMAL,0,0,Windows,unspecified
22:55:40.696,159.357,0.3099,0.31,0.3099,0.3987,0.0533,NORMAL,0,0,Windows,unspecified
22:55:40.735,159.396,0.2653,0.2899,0.2776,0.392,0.0533,NORMAL,0,0,Windows,unspecified
22:55:40.773,159.434,0.2727,0.3141,0.2934,0.3795,0.0533,NORMAL,0,0,Windows,unspecified
22:55:40.803,159.464,0.2938,0.3223,0.3081,0.3876,0.0533,NORMAL,0,0,Windows,unspecified
22:55:40.836,159.497,0.2858,0.3325,0.3091,0.3985,0.0533,NORMAL,0,0,Windows,unspecified
22:55:40.866,159.527,0.3074,0.343,0.3252,0.3945,0.0533,NORMAL,0,0,Windows,unspecified
22:55:40.897,159.558,0.3342,0.3533,0.3438,0.3978,0.0533,NORMAL,0,0,Windows,unspecified
22:55:40.942,159.603,0.3146,0.2196,0.2671,0.3886,0.0533,NORMAL,0,0,Windows,unspecified
22:55:40.977,159.638,0.2841,0.1728,0.2285,0.3886,0.06,NORMAL,1,0,Windows,unspecified
22:55:41.004,159.665,0.276,0.1669,0.2215,0.3852,0.0667,NORMAL,2,0,Windows,unspecified
22:55:41.039,159.7,0.2506,0.1297,0.1901,0.3968,0.0733,NORMAL,3,0,Windows,unspecified
22:55:41.072,159.733,0.2735,0.1717,0.2226,0.3894,0.08,NORMAL,4,0,Windows,unspecified
22:55:41.101,159.762,0.2543,0.1875,0.2209,0.3831,0.0867,NORMAL,5,0,Windows,unspecified
22:55:41.136,159.797,0.2664,0.1921,0.2292,0.393,0.0933,NORMAL,6,0,Windows,unspecified
22:55:41.163,159.824,0.2735,0.1976,0.2355,0.3936,0.1,NORMAL,7,0,Windows,unspecified
22:55:41.199,159.861,0.2756,0.2377,0.2566,0.3857,0.0933,NORMAL,0,0,Windows,unspecified
22:55:41.226,159.887,0.2681,0.245,0.2565,0.3928,0.0867,NORMAL,0,0,Windows,unspecified
22:55:41.259,159.92,0.3039,0.2965,0.3002,0.391,0.08,NORMAL,0,0,Windows,unspecified
22:55:41.290,159.951,0.3182,0.3021,0.3101,0.3888,0.0733,NORMAL,0,0,Windows,unspecified
22:55:41.342,160.003,0.3106,0.3027,0.3067,0.3932,0.0667,NORMAL,0,0,Windows,unspecified
22:55:41.366,160.027,0.2999,0.3209,0.3104,0.3974,0.06,NORMAL,0,0,Windows,unspecified
22:55:41.407,160.068,0.2878,0.3222,0.305,0.3994,0.0533,NORMAL,0,0,Windows,unspecified
22:55:41.432,160.093,0.2857,0.2866,0.2862,0.3941,0.0467,NORMAL,0,0,Windows,unspecified
22:55:41.467,160.128,0.3059,0.3124,0.3091,0.4094,0.0467,NORMAL,0,0,Windows,unspecified
22:55:41.496,160.157,0.3084,0.3222,0.3153,0.3978,0.0467,NORMAL,0,0,Windows,unspecified
22:55:41.536,160.197,0.3175,0.3122,0.3148,0.4136,0.0467,NORMAL,0,0,Windows,unspecified
22:55:41.573,160.234,0.3203,0.3122,0.3162,0.4029,0.0467,NORMAL,0,0,Windows,unspecified
22:55:41.604,160.265,0.3319,0.3144,0.3232,0.4028,0.0467,NORMAL,0,0,Windows,unspecified
22:55:41.635,160.296,0.3175,0.3292,0.3233,0.4074,0.0467,NORMAL,0,0,Windows,unspecified
22:55:41.666,160.327,0.3447,0.3292,0.3369,0.4011,0.0467,NORMAL,0,0,Windows,unspecified
22:55:41.698,160.359,0.3324,0.3292,0.3308,0.3972,0.0467,NORMAL,0,0,Windows,unspecified
22:55:41.743,160.404,0.3465,0.3363,0.3414,0.4015,0.0467,NORMAL,0,0,Windows,unspecified
22:55:41.777,160.438,0.3291,0.3263,0.3277,0.409,0.0467,NORMAL,0,0,Windows,unspecified
22:55:41.808,160.47,0.332,0.3234,0.3277,0.4076,0.0467,NORMAL,0,0,Windows,unspecified
22:55:41.840,160.501,0.338,0.3337,0.3358,0.4076,0.0467,NORMAL,0,0,Windows,unspecified
22:55:41.872,160.533,0.356,0.3399,0.3479,0.3975,0.0467,NORMAL,0,0,Windows,unspecified
22:55:41.901,160.562,0.3409,0.3402,0.3405,0.4037,0.0467,NORMAL,0,0,Windows,unspecified
22:55:41.937,160.598,0.3692,0.3572,0.3632,0.4003,0.0467,NORMAL,0,0,Windows,unspecified
22:55:41.965,160.627,0.3722,0.36,0.3661,0.3937,0.0467,NORMAL,0,0,Windows,unspecified
22:55:42.000,160.661,0.3692,0.3364,0.3528,0.4145,0.0467,NORMAL,0,0,Windows,unspecified
22:55:42.025,160.686,0.373,0.3438,0.3584,0.4079,0.0467,NORMAL,0,0,Windows,unspecified
22:55:42.060,160.721,0.3459,0.3229,0.3344,0.4188,0.0467,NORMAL,0,0,Windows,unspecified
22:55:42.089,160.75,0.3581,0.3343,0.3462,0.4105,0.0467,NORMAL,0,0,Windows,unspecified
22:55:42.149,160.81,0.3183,0.3053,0.3118,0.4061,0.0467,NORMAL,0,0,Windows,unspecified
22:55:42.183,160.844,0.311,0.3226,0.3168,0.4061,0.0467,NORMAL,0,0,Windows,unspecified
22:55:42.214,160.875,0.3249,0.3206,0.3228,0.3988,0.0467,NORMAL,0,0,Windows,unspecified
22:55:42.245,160.906,0.3285,0.319,0.3238,0.3906,0.0467,NORMAL,0,0,Windows,unspecified
22:55:42.277,160.938,0.3135,0.3017,0.3076,0.3926,0.0467,NORMAL,0,0,Windows,unspecified
22:55:42.306,160.967,0.338,0.3243,0.3312,0.3997,0.0467,NORMAL,0,0,Windows,unspecified
22:55:42.337,160.998,0.3212,0.2791,0.3002,0.3965,0.0467,NORMAL,0,0,Windows,unspecified
22:55:42.369,161.03,0.3132,0.2884,0.3008,0.4124,0.0467,NORMAL,0,0,Windows,unspecified
22:55:42.397,161.058,0.3118,0.2819,0.2969,0.4183,0.0467,NORMAL,0,0,Windows,unspecified
22:55:42.431,161.092,0.3212,0.2742,0.2977,0.4141,0.0467,NORMAL,0,0,Windows,unspecified
22:55:42.459,161.12,0.3173,0.2455,0.2814,0.4171,0.0467,NORMAL,0,0,Windows,unspecified
22:55:42.495,161.156,0.2939,0.2799,0.2869,0.405,0.0467,NORMAL,0,0,Windows,unspecified
22:55:42.538,161.199,0.2804,0.2256,0.253,0.4248,0.0467,NORMAL,0,0,Windows,unspecified
22:55:42.573,161.234,0.2579,0.2483,0.2531,0.4164,0.0467,NORMAL,0,0,Windows,unspecified
22:55:42.604,161.266,0.269,0.2265,0.2477,0.415,0.0467,NORMAL,0,0,Windows,unspecified
22:55:42.635,161.296,0.2716,0.2555,0.2636,0.4124,0.0467,NORMAL,0,0,Windows,unspecified
22:55:42.673,161.334,0.2697,0.2602,0.2649,0.4123,0.0467,NORMAL,0,0,Windows,unspecified
22:55:42.696,161.357,0.2557,0.259,0.2573,0.4119,0.0467,NORMAL,0,0,Windows,unspecified
22:55:42.734,161.395,0.2903,0.2872,0.2888,0.4109,0.0467,NORMAL,0,0,Windows,unspecified
22:55:42.760,161.421,0.2999,0.2326,0.2663,0.4138,0.0467,NORMAL,0,0,Windows,unspecified
22:55:42.795,161.456,0.2903,0.2642,0.2772,0.4176,0.0467,NORMAL,0,0,Windows,unspecified
22:55:42.822,161.483,0.2999,0.2642,0.282,0.4231,0.0467,NORMAL,0,0,Windows,unspecified
22:55:42.864,161.525,0.2994,0.2612,0.2803,0.4057,0.0467,NORMAL,0,0,Windows,unspecified
22:55:42.902,161.563,0.2927,0.2384,0.2656,0.4251,0.0467,NORMAL,0,0,Windows,unspecified
22:55:42.944,161.605,0.1926,0.1266,0.1596,0.4241,0.0533,NORMAL,1,0,Windows,unspecified
22:55:42.982,161.643,0.1822,0.1119,0.147,0.421,0.06,NORMAL,2,0,Windows,unspecified
22:55:43.015,161.676,0.1831,0.1266,0.1549,0.4249,0.0667,NORMAL,3,0,Windows,unspecified
22:55:43.045,161.706,0.1996,0.1424,0.171,0.4249,0.0733,NORMAL,4,0,Windows,unspecified
22:55:43.078,161.739,0.2173,0.2193,0.2183,0.4271,0.08,NORMAL,5,0,Windows,unspecified
22:55:43.106,161.767,0.2159,0.2176,0.2168,0.4279,0.0867,NORMAL,6,0,Windows,unspecified
22:55:43.139,161.8,0.2322,0.2695,0.2508,0.4183,0.0867,NORMAL,0,0,Windows,unspecified
22:55:43.171,161.832,0.2248,0.2461,0.2354,0.4164,0.0933,NORMAL,1,0,Windows,unspecified
22:55:43.202,161.864,0.2674,0.2739,0.2707,0.4135,0.0933,NORMAL,0,0,Windows,unspecified
22:55:43.234,161.895,0.2729,0.2764,0.2747,0.4202,0.0933,NORMAL,0,0,Windows,unspecified
22:55:43.267,161.928,0.2898,0.2743,0.282,0.4199,0.0933,NORMAL,0,0,Windows,unspecified
22:55:43.297,161.958,0.289,0.2768,0.2829,0.4276,0.0933,NORMAL,0,0,Windows,unspecified
22:55:43.341,162.002,0.2905,0.2769,0.2837,0.4214,0.0933,NORMAL,0,0,Windows,unspecified
22:55:43.375,162.036,0.2897,0.3045,0.2971,0.4259,0.0933,NORMAL,0,0,Windows,unspecified
22:55:43.403,162.064,0.3058,0.3068,0.3063,0.422,0.0933,NORMAL,0,0,Windows,unspecified
22:55:43.440,162.101,0.3067,0.3141,0.3104,0.4258,0.0933,NORMAL,0,0,Windows,unspecified
22:55:43.472,162.133,0.3058,0.2886,0.2972,0.4241,0.0933,NORMAL,0,0,Windows,unspecified
22:55:43.502,162.163,0.3331,0.3139,0.3235,0.4281,0.0933,NORMAL,0,0,Windows,unspecified
22:55:43.536,162.197,0.3385,0.3044,0.3215,0.4264,0.0933,NORMAL,0,0,Windows,unspecified
22:55:43.561,162.222,0.3176,0.3036,0.3106,0.4287,0.0933,NORMAL,0,0,Windows,unspecified
22:55:43.596,162.257,0.3506,0.3044,0.3275,0.4257,0.0933,NORMAL,0,0,Windows,unspecified
22:55:43.623,162.284,0.3506,0.2955,0.323,0.4339,0.0933,NORMAL,0,0,Windows,unspecified
22:55:43.663,162.324,0.3342,0.3044,0.3193,0.4167,0.0933,NORMAL,0,0,Windows,unspecified
22:55:43.686,162.347,0.3231,0.3036,0.3134,0.4236,0.0933,NORMAL,0,0,Windows,unspecified
22:55:43.739,162.4,0.3072,0.2951,0.3011,0.4206,0.0933,NORMAL,0,0,Windows,unspecified
22:55:43.767,162.428,0.3393,0.3097,0.3245,0.4098,0.0933,NORMAL,0,0,Windows,unspecified
22:55:43.805,162.466,0.3401,0.3236,0.3319,0.4183,0.0933,NORMAL,0,0,Windows,unspecified
22:55:43.828,162.489,0.3232,0.309,0.3161,0.4192,0.0933,NORMAL,0,0,Windows,unspecified
22:55:43.870,162.531,0.3393,0.3334,0.3364,0.4156,0.0933,NORMAL,0,0,Windows,unspecified
22:55:43.906,162.567,0.3232,0.319,0.3211,0.4208,0.0933,NORMAL,0,0,Windows,unspecified
22:55:43.936,162.597,0.3393,0.3101,0.3247,0.4257,0.0933,NORMAL,0,0,Windows,unspecified
22:55:43.969,162.63,0.3393,0.2951,0.3172,0.4208,0.0933,NORMAL,0,0,Windows,unspecified
22:55:43.999,162.66,0.2969,0.2955,0.2962,0.4119,0.0933,NORMAL,0,0,Windows,unspecified
22:55:44.032,162.693,0.2821,0.2885,0.2853,0.4079,0.0933,NORMAL,0,0,Windows,unspecified
22:55:44.065,162.726,0.3063,0.2808,0.2936,0.419,0.0933,NORMAL,0,0,Windows,unspecified
22:55:44.093,162.754,0.2967,0.2726,0.2847,0.4205,0.0933,NORMAL,0,0,Windows,unspecified
22:55:44.139,162.8,0.3073,0.2801,0.2937,0.4273,0.0933,NORMAL,0,0,Windows,unspecified
22:55:44.169,162.83,0.2742,0.2947,0.2845,0.4247,0.0933,NORMAL,0,0,Windows,unspecified
22:55:44.204,162.866,0.2742,0.3044,0.2893,0.4234,0.0933,NORMAL,0,0,Windows,unspecified
22:55:44.233,162.894,0.2751,0.2955,0.2853,0.4305,0.0933,NORMAL,0,0,Windows,unspecified
22:55:44.271,162.932,0.2742,0.2947,0.2845,0.4351,0.0933,NORMAL,0,0,Windows,unspecified
22:55:44.296,162.957,0.2742,0.2801,0.2771,0.4351,0.0933,NORMAL,0,0,Windows,unspecified
22:55:44.336,162.997,0.2666,0.2793,0.2729,0.432,0.0933,NORMAL,0,0,Windows,unspecified
22:55:44.357,163.018,0.2666,0.3044,0.2855,0.4332,0.0933,NORMAL,0,0,Windows,unspecified
22:55:44.405,163.066,0.2742,0.3044,0.2893,0.4332,0.0933,NORMAL,0,0,Windows,unspecified
22:55:44.437,163.098,0.2742,0.3044,0.2893,0.4247,0.0933,NORMAL,0,0,Windows,unspecified
22:55:44.467,163.128,0.2258,0.2132,0.2195,0.4302,0.1,NORMAL,1,0,Windows,unspecified
22:55:44.499,163.16,0.1832,0.1818,0.1825,0.4302,0.1067,NORMAL,2,0,Windows,unspecified
22:55:44.546,163.207,0.1333,0.1363,0.1348,0.4355,0.1133,NORMAL,3,0,Windows,unspecified
22:55:44.579,163.24,0.133,0.1212,0.1271,0.4355,0.12,NORMAL,4,0,Windows,unspecified
22:55:44.608,163.269,0.1833,0.1831,0.1832,0.4358,0.1267,NORMAL,5,0,Windows,unspecified
22:55:44.639,163.3,0.2333,0.1981,0.2157,0.4391,0.1333,NORMAL,6,0,Windows,unspecified
22:55:44.671,163.332,0.2677,0.2433,0.2555,0.4358,0.1333,NORMAL,0,0,Windows,unspecified
22:55:44.702,163.363,0.3008,0.2584,0.2796,0.444,0.1333,NORMAL,0,0,Windows,unspecified
22:55:44.735,163.396,0.3072,0.2734,0.2903,0.4305,0.1333,NORMAL,0,0,Windows,unspecified
22:55:44.763,163.424,0.3072,0.2734,0.2903,0.4234,0.1333,NORMAL,0,0,Windows,unspecified
22:55:44.797,163.458,0.3072,0.2907,0.299,0.4335,0.1333,NORMAL,0,0,Windows,unspecified
22:55:44.827,163.488,0.3063,0.3059,0.3061,0.4258,0.1333,NORMAL,0,0,Windows,unspecified
22:55:44.864,163.525,0.338,0.3036,0.3208,0.4298,0.1333,NORMAL,0,0,Windows,unspecified
22:55:44.906,163.567,0.3388,0.3036,0.3212,0.4252,0.1333,NORMAL,0,0,Windows,unspecified
22:55:44.940,163.601,0.3393,0.3334,0.3364,0.4236,0.1333,NORMAL,0,0,Windows,unspecified
22:55:44.968,163.629,0.3393,0.3341,0.3367,0.4236,0.1333,NORMAL,0,0,Windows,unspecified
22:55:45.006,163.667,0.3393,0.3341,0.3367,0.4236,0.1333,NORMAL,0,0,Windows,unspecified
22:55:45.031,163.692,0.3393,0.3341,0.3367,0.4236,0.1333,NORMAL,0,0,Windows,unspecified
22:55:45.066,163.727,0.3393,0.3341,0.3367,0.4236,0.1333,NORMAL,0,0,Windows,unspecified
22:55:45.107,163.768,0.3401,0.3341,0.3371,0.4236,0.1333,NORMAL,0,0,Windows,unspecified
22:55:45.137,163.798,0.3561,0.3243,0.3402,0.4183,0.1333,NORMAL,0,0,Windows,unspecified
22:55:45.171,163.833,0.3561,0.3243,0.3402,0.4254,0.1333,NORMAL,0,0,Windows,unspecified
22:55:45.203,163.864,0.3555,0.3263,0.3409,0.4254,0.1333,NORMAL,0,0,Windows,unspecified
22:55:45.234,163.895,0.3555,0.3263,0.3409,0.4183,0.1333,NORMAL,0,0,Windows,unspecified
22:55:45.265,163.926,0.3393,0.3263,0.3328,0.4167,0.1333,NORMAL,0,0,Windows,unspecified
22:55:45.296,163.957,0.3393,0.3263,0.3328,0.4168,0.1333,NORMAL,0,0,Windows,unspecified
22:55:45.342,164.003,0.3393,0.3409,0.3401,0.4168,0.1333,NORMAL,0,0,Windows,unspecified
22:55:45.377,164.038,0.3388,0.3409,0.3399,0.4167,0.1333,NORMAL,0,0,Windows,unspecified
22:55:45.407,164.068,0.3401,0.3409,0.3405,0.4132,0.1333,NORMAL,0,0,Windows,unspecified
22:55:45.439,164.1,0.3401,0.3414,0.3407,0.4086,0.1333,NORMAL,0,0,Windows,unspecified
22:55:45.470,164.131,0.3401,0.3383,0.3392,0.4086,0.1333,NORMAL,0,0,Windows,unspecified
22:55:45.502,164.163,0.345,0.3243,0.3347,0.4151,0.1333,NORMAL,0,0,Windows,unspecified
22:55:45.534,164.195,0.3599,0.3243,0.3421,0.4197,0.1333,NORMAL,0,0,Windows,unspecified
22:55:45.567,164.228,0.3443,0.3243,0.3343,0.4182,0.1333,NORMAL,0,0,Windows,unspecified
22:55:45.599,164.26,0.3283,0.3263,0.3273,0.4197,0.1333,NORMAL,0,0,Windows,unspecified
22:55:45.626,164.287,0.3283,0.3263,0.3273,0.4161,0.1333,NORMAL,0,0,Windows,unspecified
22:55:45.663,164.324,0.3283,0.3407,0.3345,0.4174,0.1333,NORMAL,0,0,Windows,unspecified
22:55:45.690,164.351,0.3283,0.3286,0.3284,0.4209,0.1333,NORMAL,0,0,Windows,unspecified
22:55:45.745,164.406,0.3283,0.3286,0.3284,0.4246,0.1333,NORMAL,0,0,Windows,unspecified
22:55:45.765,164.426,0.3287,0.3293,0.329,0.4223,0.1333,NORMAL,0,0,Windows,unspecified
22:55:45.805,164.466,0.3287,0.3293,0.329,0.4156,0.1333,NORMAL,0,0,Windows,unspecified
22:55:45.828,164.489,0.3444,0.3151,0.3297,0.4182,0.1333,NORMAL,0,0,Windows,unspecified
22:55:45.869,164.53,0.345,0.3151,0.33,0.4234,0.1333,NORMAL,0,0,Windows,unspecified
22:55:45.891,164.552,0.3716,0.3151,0.3433,0.4203,0.1333,NORMAL,0,0,Windows,unspecified
22:55:45.932,164.593,0.329,0.3236,0.3263,0.4244,0.1333,NORMAL,0,0,Windows,unspecified
22:55:45.970,164.631,0.3283,0.3097,0.319,0.4261,0.1267,NORMAL,0,0,Windows,unspecified
22:55:46.000,164.662,0.3599,0.3389,0.3494,0.4236,0.12,NORMAL,0,0,Windows,unspecified
22:55:46.031,164.692,0.3287,0.3247,0.3267,0.4254,0.1133,NORMAL,0,0,Windows,unspecified
22:55:46.064,164.725,0.3287,0.3243,0.3265,0.4274,0.1067,NORMAL,0,0,Windows,unspecified
22:55:46.094,164.755,0.3401,0.3097,0.3249,0.4189,0.1,NORMAL,0,0,Windows,unspecified
22:55:46.143,164.805,0.3393,0.309,0.3242,0.4211,0.0933,NORMAL,0,0,Windows,unspecified
22:55:46.173,164.834,0.3287,0.309,0.3189,0.4221,0.0867,NORMAL,0,0,Windows,unspecified
22:55:46.211,164.872,0.3436,0.309,0.3263,0.4211,0.0867,NORMAL,0,0,Windows,unspecified
22:55:46.235,164.896,0.3436,0.309,0.3263,0.4165,0.0867,NORMAL,0,0,Windows,unspecified
22:55:46.270,164.931,0.3443,0.3236,0.334,0.4203,0.0867,NORMAL,0,0,Windows,unspecified
22:55:46.299,164.96,0.3287,0.3243,0.3265,0.4249,0.0867,NORMAL,0,0,Windows,unspecified
22:55:46.336,164.997,0.3287,0.3101,0.3194,0.4274,0.0867,NORMAL,0,0,Windows,unspecified
22:55:46.363,165.024,0.3401,0.3101,0.3251,0.4183,0.0867,NORMAL,0,0,Windows,unspecified
22:55:46.400,165.061,0.3401,0.3094,0.3247,0.4197,0.0867,NORMAL,0,0,Windows,unspecified
22:55:46.424,165.085,0.3295,0.3094,0.3194,0.4203,0.0867,NORMAL,0,0,Windows,unspecified
22:55:46.461,165.122,0.3287,0.3094,0.3191,0.4234,0.0867,NORMAL,0,0,Windows,unspecified
22:55:46.485,165.146,0.3287,0.3094,0.3191,0.4279,0.0867,NORMAL,0,0,Windows,unspecified
22:55:46.541,165.202,0.328,0.309,0.3185,0.4257,0.0867,NORMAL,0,0,Windows,unspecified
22:55:46.579,165.24,0.328,0.309,0.3185,0.4217,0.0867,NORMAL,0,0,Windows,unspecified
22:55:46.608,165.269,0.3393,0.309,0.3241,0.4189,0.0867,NORMAL,0,0,Windows,unspecified
22:55:46.640,165.301,0.3401,0.3083,0.3242,0.415,0.0867,NORMAL,0,0,Windows,unspecified
22:55:46.671,165.332,0.3287,0.309,0.3188,0.4135,0.0867,NORMAL,0,0,Windows,unspecified
22:55:46.701,165.362,0.328,0.3184,0.3232,0.4257,0.0867,NORMAL,0,0,Windows,unspecified
22:55:46.734,165.395,0.328,0.319,0.3235,0.4206,0.0867,NORMAL,0,0,Windows,unspecified
22:55:46.767,165.428,0.328,0.319,0.3235,0.4154,0.0867,NORMAL,0,0,Windows,unspecified
22:55:46.799,165.46,0.3287,0.3184,0.3235,0.4169,0.0867,NORMAL,0,0,Windows,unspecified
22:55:46.825,165.486,0.3287,0.3184,0.3235,0.4221,0.0867,NORMAL,0,0,Windows,unspecified
22:55:46.859,165.52,0.3287,0.3184,0.3235,0.4283,0.0867,NORMAL,0,0,Windows,unspecified
22:55:46.888,165.549,0.3287,0.3184,0.3235,0.4335,0.0867,NORMAL,0,0,Windows,unspecified
22:55:46.949,165.61,0.3287,0.3184,0.3235,0.4283,0.0867,NORMAL,0,0,Windows,unspecified
22:55:46.984,165.645,0.3287,0.3184,0.3235,0.4305,0.0867,NORMAL,0,0,Windows,unspecified
22:55:47.016,165.677,0.3287,0.3184,0.3235,0.4305,0.0867,NORMAL,0,0,Windows,unspecified
22:55:47.047,165.708,0.3287,0.3184,0.3235,0.4253,0.0867,NORMAL,0,0,Windows,unspecified
22:55:47.077,165.738,0.3287,0.3184,0.3235,0.4149,0.0867,NORMAL,0,0,Windows,unspecified
22:55:47.108,165.769,0.3287,0.3025,0.3156,0.4134,0.0867,NORMAL,0,0,Windows,unspecified
22:55:47.139,165.8,0.3287,0.3032,0.316,0.4208,0.0867,NORMAL,0,0,Windows,unspecified
22:55:47.171,165.832,0.3127,0.2882,0.3004,0.4154,0.0867,NORMAL,0,0,Windows,unspecified
22:55:47.200,165.861,0.2984,0.2877,0.2931,0.4206,0.0867,NORMAL,0,0,Windows,unspecified
22:55:47.231,165.893,0.2984,0.3025,0.3004,0.4122,0.0867,NORMAL,0,0,Windows,unspecified
22:55:47.263,165.924,0.3295,0.3176,0.3235,0.4083,0.0867,NORMAL,0,0,Windows,unspecified
22:55:47.297,165.958,0.3295,0.3176,0.3235,0.4027,0.0867,NORMAL,0,0,Windows,unspecified
22:55:47.340,166.002,0.3296,0.3176,0.3236,0.4049,0.0867,NORMAL,0,0,Windows,unspecified
22:55:47.375,166.036,0.3296,0.3176,0.3236,0.4107,0.0867,NORMAL,0,0,Windows,unspecified
22:55:47.402,166.063,0.3296,0.3025,0.316,0.4158,0.0867,NORMAL,0,0,Windows,unspecified
22:55:47.438,166.099,0.3296,0.3032,0.3164,0.4107,0.0867,NORMAL,0,0,Windows,unspecified
22:55:47.471,166.132,0.3295,0.3032,0.3163,0.4137,0.0867,NORMAL,0,0,Windows,unspecified
22:55:47.500,166.161,0.3295,0.3032,0.3163,0.4171,0.0867,NORMAL,0,0,Windows,unspecified
22:55:47.536,166.197,0.3131,0.3188,0.316,0.4222,0.0867,NORMAL,0,0,Windows,unspecified
22:55:47.562,166.223,0.3139,0.3188,0.3163,0.4171,0.0867,NORMAL,0,0,Windows,unspecified
22:55:47.598,166.259,0.3139,0.3176,0.3158,0.4171,0.0867,NORMAL,0,0,Windows,unspecified
22:55:47.623,166.284,0.3295,0.3083,0.3189,0.4171,0.0867,NORMAL,0,0,Windows,unspecified
22:55:47.664,166.325,0.3295,0.3083,0.3189,0.4222,0.0867,NORMAL,0,0,Windows,unspecified
22:55:47.701,166.362,0.3295,0.3083,0.3189,0.4208,0.0867,NORMAL,0,0,Windows,unspecified
22:55:47.744,166.405,0.3295,0.3083,0.3189,0.4206,0.0867,NORMAL,0,0,Windows,unspecified
22:55:47.781,166.442,0.3401,0.3083,0.3242,0.4176,0.0867,NORMAL,0,0,Windows,unspecified
22:55:47.813,166.474,0.3401,0.3083,0.3242,0.4208,0.0867,NORMAL,0,0,Windows,unspecified
22:55:47.842,166.503,0.3393,0.3083,0.3238,0.4222,0.0867,NORMAL,0,0,Windows,unspecified
22:55:47.874,166.535,0.3393,0.3083,0.3238,0.4222,0.0867,NORMAL,0,0,Windows,unspecified
22:55:47.904,166.565,0.3393,0.2936,0.3165,0.4222,0.0867,NORMAL,0,0,Windows,unspecified
22:55:47.932,166.594,0.3393,0.2936,0.3165,0.4222,0.08,NORMAL,0,0,Windows,unspecified
22:55:47.968,166.629,0.3393,0.2936,0.3165,0.4233,0.0733,NORMAL,0,0,Windows,unspecified
22:55:47.998,166.659,0.3393,0.293,0.3162,0.4233,0.0667,NORMAL,0,0,Windows,unspecified
22:55:48.028,166.689,0.3393,0.293,0.3162,0.4188,0.06,NORMAL,0,0,Windows,unspecified
22:55:48.064,166.725,0.2903,0.2575,0.2739,0.4265,0.0533,NORMAL,0,0,Windows,unspecified
22:55:48.093,166.754,0.2601,0.2584,0.2592,0.4236,0.0467,NORMAL,0,0,Windows,unspecified
22:55:48.141,166.802,0.1269,0.1,0.1134,0.4236,0.0533,NORMAL,1,0,Windows,unspecified
22:55:48.172,166.833,0.0933,0.0555,0.0744,0.4265,0.0533,NORMAL,2,0,Windows,unspecified
22:55:48.206,166.868,0.1138,0.0605,0.0871,0.4236,0.06,NORMAL,3,0,Windows,unspecified
22:55:48.234,166.896,0.1288,0.0737,0.1013,0.4236,0.0667,NORMAL,4,0,Windows,unspecified
22:55:48.270,166.931,0.1961,0.1299,0.163,0.4236,0.0733,NORMAL,5,0,Windows,unspecified
22:55:48.297,166.958,0.228,0.1644,0.1962,0.4236,0.08,NORMAL,6,0,Windows,unspecified
22:55:48.335,166.996,0.2441,0.2079,0.226,0.4185,0.0867,NORMAL,7,0,Windows,unspecified
22:55:48.360,167.021,0.2601,0.2225,0.2413,0.4185,0.0867,NORMAL,0,0,Windows,unspecified
22:55:48.396,167.058,0.2601,0.2516,0.2558,0.4236,0.0867,NORMAL,0,0,Windows,unspecified
22:55:48.423,167.084,0.2912,0.2662,0.2787,0.4236,0.0867,NORMAL,0,0,Windows,unspecified
22:55:48.460,167.121,0.2903,0.2659,0.2781,0.4236,0.0867,NORMAL,0,0,Windows,unspecified
22:55:48.486,167.147,0.3072,0.2805,0.2938,0.4265,0.0867,NORMAL,0,0,Windows,unspecified
22:55:48.540,167.201,0.3232,0.2805,0.3018,0.4265,0.0867,NORMAL,0,0,Windows,unspecified
22:55:48.564,167.225,0.3232,0.2951,0.3091,0.4239,0.0867,NORMAL,0,0,Windows,unspecified
22:55:48.606,167.267,0.3232,0.2951,0.3091,0.418,0.0867,NORMAL,0,0,Windows,unspecified
22:55:48.645,167.306,0.3232,0.2951,0.3091,0.418,0.0867,NORMAL,0,0,Windows,unspecified
22:55:48.676,167.337,0.3232,0.2951,0.3091,0.4209,0.0867,NORMAL,0,0,Windows,unspecified
22:55:48.709,167.37,0.3133,0.2951,0.3042,0.4209,0.0867,NORMAL,0,0,Windows,unspecified
22:55:48.739,167.401,0.2345,0.198,0.2162,0.422,0.0933,NORMAL,1,0,Windows,unspecified
22:55:48.769,167.43,0.218,0.1678,0.1929,0.422,0.1,NORMAL,2,0,Windows,unspecified
22:55:48.802,167.463,0.0696,0.0571,0.0634,0.4253,0.1067,NORMAL,3,0,Windows,unspecified
22:55:48.831,167.492,0.0364,0.0429,0.0396,0.4156,0.1133,NORMAL,4,0,Windows,unspecified
22:55:48.867,167.528,0.0622,0.0714,0.0668,0.4199,0.12,NORMAL,5,0,Windows,unspecified
22:55:48.895,167.556,0.1133,0.0571,0.0852,0.4128,0.1267,NORMAL,6,0,Windows,unspecified
22:55:48.939,167.601,0.1324,0.1363,0.1343,0.4022,0.1333,NORMAL,7,0,Windows,unspecified
22:55:48.976,167.637,0.1484,0.1664,0.1574,0.3955,0.14,NORMAL,8,0,Windows,unspecified
22:55:49.003,167.664,0.2222,0.2408,0.2315,0.4127,0.1467,NORMAL,9,0,Windows,unspecified
22:55:49.039,167.7,0.2352,0.2569,0.246,0.4117,0.1467,NORMAL,0,0,Windows,unspecified
22:55:49.067,167.728,0.2897,0.28,0.2848,0.4183,0.1467,NORMAL,0,0,Windows,unspecified
22:55:49.101,167.762,0.3003,0.2645,0.2824,0.4084,0.1467,NORMAL,0,0,Windows,unspecified
22:55:49.133,167.795,0.3075,0.2791,0.2933,0.4192,0.1467,NORMAL,0,0,Windows,unspecified
22:55:49.163,167.824,0.296,0.2644,0.2802,0.4095,0.1467,NORMAL,0,0,Windows,unspecified
22:55:49.195,167.856,0.3432,0.2941,0.3186,0.3967,0.1467,NORMAL,0,0,Windows,unspecified
22:55:49.225,167.886,0.3125,0.2879,0.3002,0.4008,0.1467,NORMAL,0,0,Windows,unspecified
22:55:49.260,167.921,0.3125,0.3009,0.3067,0.3968,0.1467,NORMAL,0,0,Windows,unspecified
22:55:49.288,167.949,0.3117,0.2866,0.2992,0.3812,0.1467,NORMAL,0,0,Windows,unspecified
22:55:49.343,168.004,0.3265,0.3017,0.3141,0.3793,0.1467,NORMAL,0,0,Windows,unspecified
22:55:49.365,168.026,0.3135,0.2977,0.3056,0.3816,0.1467,NORMAL,0,0,Windows,unspecified
22:55:49.405,168.066,0.3106,0.3009,0.3057,0.383,0.1467,NORMAL,0,0,Windows,unspecified
22:55:49.430,168.091,0.3117,0.296,0.3039,0.3902,0.1467,NORMAL,0,0,Windows,unspecified
22:55:49.468,168.129,0.322,0.3122,0.3171,0.3886,0.14,NORMAL,0,0,Windows,unspecified
22:55:49.493,168.154,0.3208,0.3009,0.3108,0.3886,0.1333,NORMAL,0,0,Windows,unspecified
22:55:49.532,168.193,0.3208,0.3017,0.3112,0.422,0.1267,NORMAL,0,0,Windows,unspecified
22:55:49.552,168.213,0.3195,0.3101,0.3148,0.4267,0.12,NORMAL,0,0,Windows,unspecified
22:55:49.603,168.264,0.3195,0.2951,0.3073,0.4595,0.1133,NORMAL,0,0,Windows,unspecified
22:55:49.632,168.293,0.3178,0.3086,0.3132,0.4665,0.1067,NORMAL,0,0,Windows,unspecified
22:55:49.663,168.324,0.2983,0.296,0.2971,0.4649,0.1067,NORMAL,0,0,Windows,unspecified
22:55:49.693,168.354,0.307,0.2977,0.3024,0.4809,0.1067,NORMAL,0,0,Windows,unspecified
22:55:49.743,168.404,0.3088,0.3058,0.3073,0.4908,0.1067,NORMAL,0,0,Windows,unspecified
22:55:49.771,168.432,0.2983,0.296,0.2971,0.51,0.1067,NORMAL,0,0,Windows,unspecified
22:55:49.803,168.464,0.3316,0.296,0.3138,0.5041,0.1067,NORMAL,0,0,Windows,unspecified
22:55:49.833,168.494,0.2983,0.2798,0.289,0.5041,0.1067,NORMAL,0,0,Windows,unspecified
22:55:49.868,168.529,0.2983,0.296,0.2971,0.4957,0.1067,NORMAL,0,0,Windows,unspecified
22:55:49.896,168.557,0.2983,0.296,0.2971,0.5041,0.1067,NORMAL,0,0,Windows,unspecified
22:55:49.935,168.596,0.326,0.2798,0.3029,0.5166,0.1067,NORMAL,0,0,Windows,unspecified
22:55:49.961,168.622,0.315,0.296,0.3055,0.5269,0.1067,NORMAL,0,0,Windows,unspecified
22:55:49.999,168.66,0.3149,0.2778,0.2964,0.5633,0.1067,NORMAL,0,0,Windows,unspecified
22:55:50.022,168.683,0.3274,0.2798,0.3036,0.5649,0.1067,NORMAL,0,0,Windows,unspecified
22:55:50.064,168.725,0.3448,0.2798,0.3123,0.5975,0.1067,NORMAL,0,0,Windows,unspecified
22:55:50.100,168.761,0.315,0.289,0.302,0.5875,0.1067,NORMAL,0,0,Windows,unspecified
22:55:50.142,168.803,0.3406,0.2898,0.3152,0.6584,0.1067,NORMAL,0,1,Windows,unspecified
22:55:50.176,168.838,0.3392,0.2983,0.3188,0.6868,0.1067,NORMAL,0,2,Windows,unspecified
22:55:50.211,168.872,0.3598,0.2967,0.3283,0.7388,0.1067,NORMAL,0,3,Windows,unspecified
22:55:50.240,168.901,0.3569,0.2992,0.328,0.7687,0.1067,NORMAL,0,4,Windows,unspecified
22:55:50.272,168.934,0.3577,0.2992,0.3285,0.8155,0.1067,NORMAL,0,5,Windows,unspecified
22:55:50.301,168.962,0.3456,0.2983,0.322,0.8371,0.1067,NORMAL,0,6,Windows,unspecified
22:55:50.332,168.993,0.3582,0.2888,0.3235,0.8652,0.1067,NORMAL,0,7,Windows,unspecified
22:55:50.366,169.027,0.3291,0.3056,0.3174,0.8357,0.1067,NORMAL,0,8,Windows,unspecified
22:55:50.399,169.06,0.3231,0.2744,0.2987,0.8734,0.1067,NORMAL,0,9,Windows,unspecified
22:55:50.426,169.087,0.285,0.2572,0.2711,0.8579,0.1067,NORMAL,0,10,Windows,unspecified
22:55:50.460,169.121,0.2585,0.2583,0.2584,0.8663,0.1067,NORMAL,0,11,Windows,unspecified
22:55:50.491,169.152,0.2595,0.2403,0.2499,0.8424,0.1067,NORMAL,0,12,Windows,unspecified
22:55:50.547,169.209,0.2754,0.2573,0.2663,0.8644,0.1067,NORMAL,0,13,Windows,unspecified
22:55:50.584,169.245,0.285,0.2663,0.2757,0.8441,0.1067,NORMAL,0,14,Windows,unspecified
22:55:50.614,169.275,0.2754,0.2415,0.2585,0.8474,0.1067,WARNING,0,15,Windows,unspecified
22:55:50.645,169.306,0.2754,0.2415,0.2585,0.8287,0.1067,WARNING,0,16,Windows,unspecified
22:55:50.677,169.338,0.2754,0.2585,0.2669,0.8151,0.1067,WARNING,0,17,Windows,unspecified
22:55:50.706,169.367,0.2754,0.2585,0.2669,0.8367,0.1067,WARNING,0,18,Windows,unspecified
22:55:50.741,169.402,0.2754,0.2663,0.2708,0.8262,0.1067,WARNING,0,19,Windows,unspecified
22:55:50.771,169.433,0.2743,0.2585,0.2664,0.8315,0.1067,WARNING,0,20,Windows,unspecified
22:55:50.802,169.463,0.2067,0.1652,0.186,0.687,0.1133,WARNING,1,21,Windows,unspecified
22:55:50.837,169.498,0.2247,0.1879,0.2063,0.6341,0.12,NORMAL,2,0,Windows,unspecified
22:55:50.864,169.525,0.1918,0.1725,0.1821,0.4592,0.1267,NORMAL,3,0,Windows,unspecified
22:55:50.896,169.557,0.2336,0.2064,0.22,0.4567,0.1333,NORMAL,4,0,Windows,unspecified
22:55:50.944,169.605,0.2256,0.2078,0.2167,0.4082,0.14,NORMAL,5,0,Windows,unspecified
22:55:50.975,169.636,0.2292,0.2078,0.2185,0.4054,0.1467,NORMAL,6,0,Windows,unspecified
22:55:51.004,169.665,0.2425,0.2223,0.2324,0.4003,0.1533,NORMAL,7,0,Windows,unspecified
22:55:51.037,169.698,0.2461,0.2403,0.2432,0.4046,0.1533,NORMAL,0,0,Windows,unspecified
22:55:51.072,169.733,0.2425,0.2403,0.2414,0.3959,0.1533,NORMAL,0,0,Windows,unspecified
22:55:51.099,169.76,0.2292,0.2234,0.2263,0.3952,0.16,NORMAL,1,0,Windows,unspecified
22:55:51.138,169.799,0.2256,0.201,0.2133,0.39,0.1667,NORMAL,2,0,Windows,unspecified
22:55:51.174,169.835,0.2018,0.205,0.2034,0.3976,0.1733,NORMAL,3,0,Windows,unspecified
22:55:51.206,169.867,0.1475,0.1284,0.138,0.3926,0.18,NORMAL,4,0,Windows,unspecified
22:55:51.236,169.897,0.1045,0.0963,0.1004,0.3971,0.1867,NORMAL,5,0,Windows,unspecified
22:55:51.268,169.929,0.108,0.0963,0.1022,0.4,0.1933,NORMAL,6,0,Windows,unspecified
22:55:51.301,169.962,0.146,0.0995,0.1228,0.4049,0.2,NORMAL,7,0,Windows,unspecified
22:55:51.343,170.004,0.1511,0.1442,0.1477,0.4117,0.2067,NORMAL,8,0,Windows,unspecified
22:55:51.376,170.037,0.2027,0.1776,0.1901,0.4088,0.2133,NORMAL,9,0,Windows,unspecified
22:55:51.408,170.069,0.2151,0.1793,0.1972,0.5334,0.22,WARNING,10,0,Windows,unspecified
22:55:51.441,170.102,0.2247,0.2136,0.2191,0.6008,0.2267,WARNING,11,0,Windows,unspecified
22:55:51.467,170.128,0.2687,0.2461,0.2574,0.7179,0.2267,NORMAL,0,1,Windows,unspecified
22:55:51.501,170.162,0.2863,0.2729,0.2796,0.7303,0.2267,NORMAL,0,2,Windows,unspecified
22:55:51.533,170.195,0.3068,0.2898,0.2983,0.7637,0.2267,NORMAL,0,3,Windows,unspecified
22:55:51.564,170.225,0.3039,0.2804,0.2922,0.7759,0.2267,NORMAL,0,4,Windows,unspecified
22:55:51.599,170.26,0.3278,0.2651,0.2964,0.8039,0.2267,NORMAL,0,5,Windows,unspecified
22:55:51.628,170.289,0.3291,0.2488,0.289,0.7853,0.2267,NORMAL,0,6,Windows,unspecified
22:55:51.663,170.324,0.3586,0.2798,0.3192,0.7895,0.2267,NORMAL,0,7,Windows,unspecified
22:55:51.688,170.349,0.3562,0.2798,0.318,0.7801,0.2267,NORMAL,0,8,Windows,unspecified
22:55:51.740,170.401,0.3299,0.3119,0.3209,0.8123,0.2267,NORMAL,0,9,Windows,unspecified
22:55:51.768,170.429,0.3274,0.2997,0.3136,0.8026,0.2267,NORMAL,0,10,Windows,unspecified
22:55:51.809,170.47,0.3299,0.294,0.3119,0.7907,0.2267,NORMAL,0,11,Windows,unspecified
22:55:51.832,170.493,0.3299,0.296,0.313,0.7816,0.2267,NORMAL,0,12,Windows,unspecified
22:55:51.872,170.534,0.3316,0.296,0.3138,0.7786,0.2267,NORMAL,0,13,Windows,unspecified
22:55:51.912,170.573,0.3484,0.3113,0.3299,0.7819,0.2267,NORMAL,0,14,Windows,unspecified
22:55:51.941,170.602,0.208,0.1948,0.2014,0.6797,0.2333,WARNING,1,15,Windows,unspecified
22:55:51.977,170.639,0.204,0.1573,0.1807,0.6234,0.24,NORMAL,2,0,Windows,unspecified
22:55:52.003,170.665,0.0687,0.0616,0.0652,0.4389,0.2467,NORMAL,3,0,Windows,unspecified
22:55:52.037,170.698,0.0781,0.0579,0.068,0.4105,0.2533,NORMAL,4,0,Windows,unspecified
22:55:52.067,170.728,0.0631,0.0635,0.0633,0.4054,0.26,NORMAL,5,0,Windows,unspecified
22:55:52.097,170.758,0.0773,0.0485,0.0629,0.4024,0.2667,NORMAL,6,0,Windows,unspecified
22:55:52.144,170.805,0.0923,0.0582,0.0753,0.3882,0.2733,NORMAL,7,0,Windows,unspecified
22:55:52.176,170.837,0.0951,0.0584,0.0768,0.3845,0.28,NORMAL,8,0,Windows,unspecified
22:55:52.205,170.866,0.0947,0.0873,0.091,0.3819,0.2867,NORMAL,9,0,Windows,unspecified
22:55:52.238,170.899,0.0947,0.0897,0.0922,0.3869,0.2933,WARNING,10,0,Windows,unspecified
22:55:52.271,170.932,0.1064,0.0873,0.0969,0.3955,0.3,WARNING,11,0,Windows,unspecified
22:55:52.300,170.961,0.0749,0.0873,0.0811,0.4038,0.3067,WARNING,12,0,Windows,unspecified
22:55:52.332,170.993,0.0924,0.1176,0.105,0.3945,0.3133,WARNING,13,0,Windows,unspecified
22:55:52.362,171.023,0.0951,0.1448,0.12,0.3879,0.32,WARNING,14,0,Windows,unspecified
22:55:52.399,171.06,0.1096,0.1342,0.1219,0.3888,0.3267,WARNING,15,0,Windows,unspecified
22:55:52.423,171.084,0.1394,0.1342,0.1368,0.3947,0.3333,WARNING,16,0,Windows,unspecified
22:55:52.466,171.127,0.1387,0.1342,0.1364,0.3936,0.34,WARNING,17,0,Windows,unspecified
22:55:52.502,171.164,0.1293,0.1382,0.1338,0.4009,0.3467,WARNING,18,0,Windows,unspecified
22:55:52.543,171.204,0.124,0.1374,0.1307,0.4098,0.3533,DROWSY,19,0,Windows,unspecified
22:55:52.582,171.243,0.1125,0.1374,0.1249,0.4006,0.36,DROWSY,20,0,Windows,unspecified
22:55:52.612,171.273,0.1184,0.1551,0.1367,0.4113,0.3667,DROWSY,21,0,Windows,unspecified
22:55:52.643,171.304,0.1333,0.1374,0.1353,0.4187,0.3733,DROWSY,22,0,Windows,unspecified
22:55:52.675,171.336,0.124,0.1352,0.1296,0.445,0.38,DROWSY,23,0,Windows,unspecified
22:55:52.707,171.368,0.1096,0.1352,0.1224,0.4414,0.3867,DROWSY,24,0,Windows,unspecified
22:55:52.737,171.398,0.1293,0.1397,0.1345,0.4323,0.3933,DROWSY,25,0,Windows,unspecified
22:55:52.767,171.428,0.124,0.1425,0.1333,0.4323,0.4,DROWSY,26,0,Windows,unspecified
22:55:52.800,171.461,0.1478,0.1441,0.1459,0.4167,0.4067,DROWSY,27,0,Windows,unspecified
22:55:52.829,171.49,0.1382,0.1397,0.1389,0.4155,0.4133,DROWSY,28,0,Windows,unspecified
22:55:52.863,171.524,0.1327,0.1389,0.1358,0.4012,0.42,DROWSY,29,0,Windows,unspecified
22:55:52.892,171.553,0.1235,0.1334,0.1285,0.3943,0.4267,DROWSY,30,0,Windows,unspecified
22:55:52.949,171.61,0.1288,0.124,0.1264,0.3931,0.4333,DROWSY,31,0,Windows,unspecified
22:55:52.985,171.646,0.1288,0.1259,0.1273,0.3931,0.44,DROWSY,32,0,Windows,unspecified
22:55:53.019,171.68,0.1327,0.1531,0.1429,0.4004,0.4467,DROWSY,33,0,Windows,unspecified
22:55:53.049,171.71,0.1288,0.1379,0.1333,0.3986,0.4533,DROWSY,34,0,Windows,unspecified
22:55:53.078,171.739,0.1313,0.1389,0.1351,0.4097,0.46,DROWSY,35,0,Windows,unspecified
22:55:53.108,171.77,0.132,0.124,0.128,0.4179,0.4667,DROWSY,36,0,Windows,unspecified
22:55:53.142,171.803,0.1259,0.1073,0.1166,0.4912,0.4667,DROWSY,37,0,Windows,unspecified
22:55:53.170,171.831,0.1408,0.0859,0.1133,0.5027,0.4667,DROWSY,38,0,Windows,unspecified
22:55:53.203,171.864,0.0818,0.0576,0.0697,0.5474,0.4667,DROWSY,39,0,Windows,unspecified
22:55:53.235,171.896,0.062,0.0589,0.0604,0.5469,0.4667,DROWSY,40,0,Windows,unspecified
22:55:53.267,171.928,0.0862,0.0765,0.0813,0.5736,0.4667,DROWSY,41,0,Windows,unspecified
22:55:53.296,171.957,0.0992,0.0628,0.081,0.5902,0.4667,DROWSY,42,0,Windows,unspecified
22:55:53.342,172.003,0.2191,0.1887,0.2039,0.5924,0.4667,DROWSY,43,0,Windows,unspecified
22:55:53.375,172.036,0.2524,0.2054,0.2289,0.5997,0.4733,DROWSY,44,0,Windows,unspecified
22:55:53.410,172.071,0.2857,0.2434,0.2646,0.6015,0.4733,DROWSY,0,0,Windows,unspecified
22:55:53.437,172.098,0.3026,0.2642,0.2834,0.6053,0.4733,DROWSY,0,0,Windows,unspecified
22:55:53.471,172.132,0.3485,0.3008,0.3246,0.5869,0.4733,DROWSY,0,0,Windows,unspecified
22:55:53.502,172.163,0.3434,0.3008,0.3221,0.589,0.4733,DROWSY,0,0,Windows,unspecified
22:55:53.534,172.195,0.3729,0.3346,0.3537,0.5998,0.4733,DROWSY,0,0,Windows,unspecified
22:55:53.562,172.223,0.3954,0.3571,0.3762,0.6115,0.4733,DROWSY,0,0,Windows,unspecified
22:55:53.596,172.257,0.4158,0.3847,0.4002,0.6353,0.4733,DROWSY,0,0,Windows,unspecified
22:55:53.631,172.292,0.4094,0.3951,0.4022,0.6179,0.4733,DROWSY,0,0,Windows,unspecified
22:55:53.664,172.325,0.4135,0.4042,0.4089,0.6347,0.4733,DROWSY,0,0,Windows,unspecified
22:55:53.691,172.352,0.429,0.3951,0.4121,0.6522,0.4733,DROWSY,0,1,Windows,unspecified
22:55:53.739,172.4,0.429,0.3951,0.4121,0.6564,0.4667,DROWSY,0,2,Windows,unspecified
22:55:53.767,172.428,0.4332,0.3951,0.4141,0.6683,0.46,DROWSY,0,3,Windows,unspecified
22:55:53.809,172.47,0.429,0.4104,0.4197,0.6642,0.4533,DROWSY,0,4,Windows,unspecified
22:55:53.844,172.505,0.4012,0.4067,0.404,0.6626,0.4467,DROWSY,0,5,Windows,unspecified
22:55:53.875,172.536,0.4233,0.4189,0.4211,0.6777,0.44,DROWSY,0,6,Windows,unspecified
22:55:53.908,172.569,0.4508,0.4189,0.4349,0.6634,0.4333,DROWSY,0,7,Windows,unspecified
22:55:53.939,172.6,0.4364,0.4219,0.4292,0.7177,0.4267,DROWSY,0,8,Windows,unspecified
22:55:53.970,172.631,0.4364,0.4175,0.427,0.7126,0.42,DROWSY,0,9,Windows,unspecified
22:55:54.003,172.664,0.4309,0.4159,0.4234,0.7534,0.4133,DROWSY,0,10,Windows,unspecified
22:55:54.033,172.694,0.4425,0.4067,0.4246,0.755,0.4133,DROWSY,0,11,Windows,unspecified
22:55:54.064,172.725,0.4294,0.4075,0.4184,0.7736,0.4133,DROWSY,0,12,Windows,unspecified
22:55:54.094,172.755,0.4425,0.3957,0.4191,0.7568,0.4133,DROWSY,0,13,Windows,unspecified
22:55:54.143,172.804,0.4425,0.4057,0.4241,0.7161,0.4133,DROWSY,0,14,Windows,unspecified
22:55:54.171,172.832,0.4466,0.3968,0.4217,0.7129,0.4133,DROWSY,0,15,Windows,unspecified
22:55:54.205,172.866,0.4314,0.3857,0.4085,0.6769,0.4133,DROWSY,0,16,Windows,unspecified
22:55:54.234,172.895,0.4181,0.4238,0.421,0.6523,0.4133,DROWSY,0,17,Windows,unspecified
22:55:54.272,172.933,0.4007,0.3565,0.3786,0.6193,0.4133,DROWSY,0,0,Windows,unspecified
22:55:54.294,172.955,0.394,0.3812,0.3876,0.6148,0.4133,DROWSY,0,0,Windows,unspecified
22:55:54.336,172.997,0.3354,0.2667,0.301,0.6148,0.4133,DROWSY,0,0,Windows,unspecified
22:55:54.356,173.017,0.3192,0.2365,0.2779,0.6138,0.4133,DROWSY,0,0,Windows,unspecified
22:55:54.396,173.057,0.2341,0.2133,0.2237,0.6019,0.42,DROWSY,1,0,Windows,unspecified
22:55:54.421,173.082,0.2182,0.2082,0.2132,0.6084,0.4267,DROWSY,2,0,Windows,unspecified
22:55:54.461,173.122,0.1616,0.1779,0.1697,0.5978,0.4333,DROWSY,3,0,Windows,unspecified
22:55:54.499,173.16,0.1707,0.1728,0.1718,0.6281,0.44,DROWSY,4,0,Windows,unspecified
22:55:54.543,173.204,0.1094,0.1469,0.1281,0.5916,0.4467,DROWSY,5,0,Windows,unspecified
22:55:54.574,173.235,0.1222,0.1586,0.1404,0.5797,0.4533,DROWSY,6,0,Windows,unspecified
22:55:54.605,173.266,0.0748,0.0975,0.0861,0.5306,0.46,DROWSY,7,0,Windows,unspecified
22:55:54.637,173.298,0.0748,0.1163,0.0955,0.5133,0.4667,DROWSY,8,0,Windows,unspecified
22:55:54.672,173.334,0.0338,0.061,0.0474,0.47,0.4733,DROWSY,9,0,Windows,unspecified
22:55:54.702,173.363,0.061,0.06,0.0605,0.4521,0.48,DROWSY,10,0,Windows,unspecified
22:55:54.735,173.396,0.0736,0.0888,0.0812,0.4217,0.4867,DROWSY,11,0,Windows,unspecified
22:55:54.763,173.424,0.0732,0.102,0.0876,0.4004,0.4933,DROWSY,12,0,Windows,unspecified
22:55:54.794,173.455,0.0704,0.1155,0.0929,0.3857,0.5,DROWSY,13,0,Windows,unspecified
22:55:54.826,173.487,0.0818,0.1178,0.0998,0.3793,0.5067,DROWSY,14,0,Windows,unspecified
22:55:54.863,173.524,0.0736,0.1187,0.0962,0.3843,0.5133,DROWSY,15,0,Windows,unspecified
22:55:54.888,173.549,0.0732,0.1049,0.089,0.3821,0.52,DROWSY,16,0,Windows,unspecified
22:55:54.943,173.604,0.071,0.0876,0.0793,0.3836,0.5267,DROWSY,17,0,Windows,unspecified
22:55:54.967,173.628,0.0562,0.0882,0.0722,0.3878,0.5333,DROWSY,18,0,Windows,unspecified
22:55:55.009,173.67,0.0736,0.1041,0.0889,0.3897,0.54,DROWSY,19,0,Windows,unspecified
22:55:55.045,173.706,0.066,0.1013,0.0837,0.3897,0.5467,DROWSY,20,0,Windows,unspecified
22:55:55.074,173.735,0.0682,0.102,0.0851,0.391,0.5533,DROWSY,21,0,Windows,unspecified
22:55:55.106,173.767,0.0685,0.1155,0.092,0.3923,0.56,DROWSY,22,0,Windows,unspecified
22:55:55.137,173.798,0.0736,0.1041,0.0889,0.3894,0.5667,DROWSY,23,0,Windows,unspecified
22:55:55.169,173.831,0.0732,0.0876,0.0804,0.3939,0.5733,DROWSY,24,0,Windows,unspecified
22:55:55.200,173.861,0.0732,0.1018,0.0875,0.3939,0.58,DROWSY,25,0,Windows,unspecified
22:55:55.230,173.891,0.0714,0.1155,0.0934,0.4023,0.5867,DROWSY,26,0,Windows,unspecified
22:55:55.263,173.924,0.07,0.1018,0.0859,0.3972,0.5933,DROWSY,27,0,Windows,unspecified
22:55:55.294,173.955,0.0732,0.0901,0.0816,0.3947,0.6,DROWSY,28,0,Windows,unspecified
22:55:55.341,174.002,0.0736,0.0901,0.0818,0.3998,0.6067,DROWSY,29,0,Windows,unspecified
22:55:55.372,174.033,0.0736,0.0901,0.0818,0.3972,0.6133,DROWSY,30,0,Windows,unspecified
22:55:55.406,174.067,0.0682,0.0876,0.0779,0.4038,0.62,DROWSY,31,0,Windows,unspecified
22:55:55.433,174.094,0.0736,0.0899,0.0818,0.3992,0.6267,DROWSY,32,0,Windows,unspecified
22:55:55.471,174.133,0.0736,0.1031,0.0883,0.3926,0.6333,DROWSY,33,0,Windows,unspecified
22:55:55.496,174.157,0.059,0.1031,0.081,0.4041,0.64,DROWSY,34,0,Windows,unspecified
22:55:55.535,174.196,0.0531,0.0593,0.0562,0.3956,0.6467,DROWSY,35,0,Windows,unspecified
22:55:55.558,174.22,0.0562,0.0864,0.0713,0.3938,0.6533,DROWSY,36,0,Windows,unspecified
22:55:55.600,174.261,0.0562,0.0882,0.0722,0.3854,0.66,DROWSY,37,0,Windows,unspecified
22:55:55.622,174.283,0.0562,0.0576,0.0569,0.395,0.6667,DROWSY,38,0,Windows,unspecified
22:55:55.659,174.32,0.0531,0.0576,0.0554,0.3952,0.6733,DROWSY,39,0,Windows,unspecified
22:55:55.685,174.346,0.0685,0.0576,0.0631,0.4036,0.68,DROWSY,40,0,Windows,unspecified
22:55:55.743,174.404,0.0534,0.0596,0.0565,0.402,0.6867,DROWSY,41,0,Windows,unspecified
22:55:55.780,174.442,0.0534,0.0628,0.0581,0.4103,0.6933,DROWSY,42,0,Windows,unspecified
22:55:55.811,174.472,0.074,0.0889,0.0814,0.3965,0.6933,DROWSY,43,0,Windows,unspecified
22:55:55.842,174.503,0.087,0.0894,0.0882,0.3909,0.6933,DROWSY,44,0,Windows,unspecified
22:55:55.874,174.535,0.0743,0.0745,0.0744,0.4101,0.6933,DROWSY,45,0,Windows,unspecified
22:55:55.905,174.566,0.0504,0.0745,0.0625,0.4203,0.6933,DROWSY,46,0,Windows,unspecified
22:55:55.936,174.597,0.0877,0.0899,0.0888,0.4181,0.6933,DROWSY,47,0,Windows,unspecified
22:55:55.968,174.629,0.0877,0.0873,0.0875,0.4311,0.6933,DROWSY,48,0,Windows,unspecified
22:55:56.000,174.661,0.1247,0.0902,0.1075,0.4474,0.6933,DROWSY,49,0,Windows,unspecified
22:55:56.030,174.691,0.1395,0.1235,0.1315,0.45,0.7,DROWSY,50,0,Windows,unspecified
22:55:56.062,174.723,0.1593,0.1342,0.1467,0.4464,0.7067,DROWSY,51,0,Windows,unspecified
22:55:56.094,174.755,0.1785,0.1817,0.1801,0.4377,0.7067,DROWSY,52,0,Windows,unspecified
22:55:56.140,174.802,0.1785,0.1652,0.1718,0.4499,0.7067,DROWSY,53,0,Windows,unspecified
22:55:56.160,174.821,0.1939,0.1652,0.1795,0.4458,0.7067,DROWSY,54,0,Windows,unspecified
22:55:56.208,174.869,0.1939,0.1652,0.1795,0.4507,0.7067,DROWSY,55,0,Windows,unspecified
22:55:56.234,174.895,0.1842,0.1493,0.1667,0.4547,0.7067,DROWSY,56,0,Windows,unspecified
22:55:56.268,174.929,0.2068,0.1675,0.1871,0.4492,0.7067,DROWSY,57,0,Windows,unspecified
22:55:56.298,174.959,0.2191,0.2004,0.2097,0.449,0.7067,DROWSY,58,0,Windows,unspecified
22:55:56.332,174.993,0.2139,0.1903,0.2021,0.4353,0.7067,DROWSY,59,0,Windows,unspecified
22:55:56.361,175.022,0.2028,0.1909,0.1969,0.4436,0.7067,DROWSY,60,0,Windows,unspecified
22:55:56.396,175.057,0.1863,0.2004,0.1933,0.4468,0.7067,DROWSY,61,0,Windows,unspecified
22:55:56.772,175.433,0.2042,0.1286,0.1664,0.4376,0.7067,DROWSY,62,0,Windows,unspecified
22:55:56.804,175.465,0.221,0.1267,0.1738,0.433,0.7133,DROWSY,63,0,Windows,unspecified
22:55:56.834,175.495,0.1734,0.1093,0.1414,0.4333,0.72,DROWSY,64,0,Windows,unspecified
22:55:56.867,175.528,0.1422,0.1092,0.1257,0.438,0.7267,DROWSY,65,0,Windows,unspecified
22:55:56.897,175.558,0.1269,0.1111,0.119,0.43,0.7333,DROWSY,66,0,Windows,unspecified
22:55:56.927,175.588,0.1288,0.121,0.1249,0.4306,0.74,DROWSY,67,0,Windows,unspecified
22:55:56.960,175.621,0.0909,0.0932,0.0921,0.4374,0.7467,DROWSY,68,0,Windows,unspecified
22:55:56.990,175.651,0.0758,0.0932,0.0845,0.4402,0.7533,DROWSY,69,0,Windows,unspecified
22:55:57.023,175.684,0.0909,0.1229,0.1069,0.4404,0.76,DROWSY,70,0,Windows,unspecified
22:55:57.053,175.714,0.0934,0.121,0.1072,0.4435,0.7667,DROWSY,71,0,Windows,unspecified
22:55:57.084,175.745,0.0909,0.0932,0.092,0.4395,0.7733,DROWSY,72,0,Windows,unspecified
22:55:57.701,176.362,0.0934,0.0905,0.0919,0.4384,0.78,DROWSY,73,0,Windows,unspecified
22:55:57.741,176.402,0.0934,0.107,0.1002,0.4265,0.7867,DROWSY,74,0,Windows,unspecified
22:55:57.774,176.435,0.0958,0.1028,0.0993,0.4238,0.7933,DROWSY,75,0,Windows,unspecified
22:55:57.809,176.47,0.1079,0.0905,0.0992,0.4215,0.8,DROWSY,76,0,Windows,unspecified
22:55:57.838,176.499,0.1085,0.0957,0.1021,0.419,0.8,DROWSY,77,0,Windows,unspecified
22:55:57.872,176.533,0.0988,0.0754,0.0871,0.4275,0.8,DROWSY,78,0,Windows,unspecified
22:55:57.899,176.56,0.0988,0.0881,0.0935,0.4242,0.8,DROWSY,79,0,Windows,unspecified
22:55:57.935,176.596,0.1119,0.0779,0.0949,0.4352,0.8,DROWSY,80,0,Windows,unspecified
22:55:57.959,176.62,0.1119,0.0932,0.1026,0.4378,0.8,DROWSY,81,0,Windows,unspecified
22:55:57.998,176.66,0.1212,0.0905,0.1058,0.4488,0.8,DROWSY,82,0,Windows,unspecified
22:55:58.023,176.684,0.1079,0.0905,0.0992,0.4488,0.8,DROWSY,83,0,Windows,unspecified
22:55:58.063,176.725,0.125,0.0928,0.1089,0.4489,0.8,DROWSY,84,0,Windows,unspecified
22:55:58.087,176.748,0.125,0.0957,0.1103,0.4539,0.8,DROWSY,85,0,Windows,unspecified
22:55:58.144,176.805,0.1079,0.0907,0.0993,0.454,0.8,DROWSY,86,0,Windows,unspecified
22:55:58.181,176.842,0.0958,0.0732,0.0845,0.4459,0.8,DROWSY,87,0,Windows,unspecified
22:55:58.212,176.873,0.1093,0.0897,0.0995,0.443,0.8,DROWSY,88,0,Windows,unspecified
22:55:58.242,176.903,0.123,0.0903,0.1066,0.4545,0.8,DROWSY,89,0,Windows,unspecified
22:55:58.273,176.934,0.1249,0.0903,0.1076,0.4575,0.8,DROWSY,90,0,Windows,unspecified
22:55:58.306,176.967,0.1288,0.093,0.1109,0.4524,0.8,DROWSY,91,0,Windows,unspecified
22:55:58.336,176.997,0.1269,0.093,0.11,0.4571,0.8,DROWSY,92,0,Windows,unspecified
22:55:58.369,177.03,0.1249,0.0907,0.1078,0.4508,0.8,DROWSY,93,0,Windows,unspecified
22:55:58.399,177.06,0.1249,0.0881,0.1065,0.4539,0.8,DROWSY,94,0,Windows,unspecified
22:55:58.430,177.091,0.1288,0.1172,0.123,0.4592,0.8,DROWSY,95,0,Windows,unspecified
22:55:58.461,177.122,0.1269,0.119,0.123,0.4593,0.8,DROWSY,96,0,Windows,unspecified
22:55:58.495,177.156,0.1269,0.119,0.123,0.4593,0.8,DROWSY,97,0,Windows,unspecified
22:55:58.539,177.201,0.1425,0.1226,0.1326,0.4476,0.8,DROWSY,98,0,Windows,unspecified
22:55:58.572,177.233,0.1425,0.1226,0.1326,0.4424,0.8,DROWSY,99,0,Windows,unspecified
22:55:58.604,177.266,0.1425,0.1075,0.125,0.4424,0.8,DROWSY,100,0,Windows,unspecified
22:55:58.638,177.299,0.1425,0.1056,0.1241,0.4423,0.8,DROWSY,101,0,Windows,unspecified
22:55:58.666,177.327,0.1441,0.1025,0.1233,0.4425,0.8,DROWSY,102,0,Windows,unspecified
22:55:58.701,177.362,0.1495,0.1043,0.1269,0.4398,0.8,DROWSY,103,0,Windows,unspecified
22:55:58.736,177.397,0.1288,0.0903,0.1096,0.439,0.8,DROWSY,104,0,Windows,unspecified
22:55:58.763,177.424,0.1138,0.0926,0.1032,0.442,0.8,DROWSY,105,0,Windows,unspecified
22:55:58.794,177.456,0.1175,0.1172,0.1173,0.4469,0.8,DROWSY,106,0,Windows,unspecified
22:55:58.825,177.486,0.1138,0.1049,0.1094,0.4551,0.8,DROWSY,107,0,Windows,unspecified
22:55:58.861,177.522,0.1247,0.1208,0.1227,0.463,0.8,DROWSY,108,0,Windows,unspecified
22:55:58.883,177.544,0.17,0.1172,0.1436,0.4575,0.8,DROWSY,109,0,Windows,unspecified
22:55:58.944,177.605,0.1537,0.1056,0.1297,0.4544,0.8,DROWSY,110,0,Windows,unspecified
22:55:58.978,177.639,0.133,0.1067,0.1199,0.465,0.8,DROWSY,111,0,Windows,unspecified
22:55:59.011,177.672,0.1594,0.1053,0.1324,0.4617,0.8,DROWSY,112,0,Windows,unspecified
22:55:59.043,177.704,0.1699,0.1053,0.1376,0.4707,0.8,DROWSY,113,0,Windows,unspecified
22:55:59.072,177.733,0.1864,0.1053,0.1458,0.467,0.8,DROWSY,114,0,Windows,unspecified
22:55:59.104,177.765,0.1699,0.1053,0.1376,0.4843,0.8,DROWSY,115,0,Windows,unspecified
22:55:59.134,177.795,0.1757,0.1395,0.1576,0.4765,0.8,DROWSY,116,0,Windows,unspecified
22:55:59.165,177.826,0.2093,0.14,0.1746,0.4997,0.8,DROWSY,117,0,Windows,unspecified
22:55:59.197,177.858,0.1757,0.1207,0.1482,0.4894,0.8,DROWSY,118,0,Windows,unspecified
22:55:59.226,177.887,0.1923,0.1358,0.1641,0.4865,0.8,DROWSY,119,0,Windows,unspecified
22:55:59.263,177.924,0.2267,0.2028,0.2147,0.501,0.8,DROWSY,120,0,Windows,unspecified
22:55:59.291,177.952,0.2352,0.1705,0.2029,0.4918,0.8067,DROWSY,121,0,Windows,unspecified
22:55:59.347,178.008,0.2551,0.2579,0.2565,0.4766,0.8067,DROWSY,0,0,Windows,unspecified
22:55:59.371,178.032,0.2705,0.2569,0.2637,0.4754,0.8067,DROWSY,0,0,Windows,unspecified
22:55:59.409,178.07,0.2955,0.2814,0.2885,0.4546,0.8067,DROWSY,0,0,Windows,unspecified
22:55:59.430,178.091,0.2797,0.2814,0.2806,0.4566,0.8067,DROWSY,0,0,Windows,unspecified
22:55:59.472,178.133,0.2817,0.2726,0.2771,0.4832,0.8067,DROWSY,0,0,Windows,unspecified
22:55:59.512,178.173,0.3149,0.2568,0.2859,0.4856,0.8067,DROWSY,0,0,Windows,unspecified
22:55:59.540,178.201,0.2817,0.2651,0.2734,0.4721,0.8067,DROWSY,0,0,Windows,unspecified
22:55:59.573,178.234,0.2983,0.2651,0.2817,0.4734,0.8067,DROWSY,0,0,Windows,unspecified
22:55:59.601,178.262,0.2899,0.2651,0.2775,0.4807,0.8067,DROWSY,0,0,Windows,unspecified
22:55:59.634,178.295,0.2817,0.2726,0.2771,0.4932,0.8067,DROWSY,0,0,Windows,unspecified
22:55:59.681,178.343,0.2802,0.2626,0.2714,0.4879,0.8067,DROWSY,0,0,Windows,unspecified
22:55:59.711,178.372,0.2853,0.2626,0.2739,0.4756,0.8067,DROWSY,0,0,Windows,unspecified
22:55:59.740,178.401,0.2899,0.2755,0.2827,0.4622,0.8067,DROWSY,0,0,Windows,unspecified
22:55:59.774,178.435,0.3034,0.2726,0.288,0.4652,0.8067,DROWSY,0,0,Windows,unspecified
22:55:59.802,178.463,0.3018,0.274,0.2879,0.451,0.8067,DROWSY,0,0,Windows,unspecified
22:55:59.834,178.496,0.3013,0.2627,0.282,0.4466,0.8067,DROWSY,0,0,Windows,unspecified
22:55:59.873,178.534,0.2853,0.2726,0.2789,0.4534,0.8067,DROWSY,0,0,Windows,unspecified
22:55:59.899,178.56,0.3034,0.2814,0.2924,0.4522,0.8067,DROWSY,0,0,Windows,unspecified
22:55:59.933,178.594,0.3133,0.2568,0.285,0.4569,0.8067,DROWSY,0,0,Windows,unspecified
22:55:59.963,178.624,0.3178,0.2568,0.2873,0.4651,0.8067,DROWSY,0,0,Windows,unspecified
22:55:59.995,178.656,0.2968,0.2568,0.2768,0.4752,0.8067,DROWSY,0,0,Windows,unspecified
22:56:00.022,178.683,0.2802,0.2568,0.2685,0.481,0.8067,DROWSY,0,0,Windows,unspecified
22:56:00.081,178.742,0.3149,0.2726,0.2938,0.4772,0.8067,DROWSY,0,0,Windows,unspecified
22:56:00.117,178.778,0.2968,0.2814,0.2891,0.4772,0.8067,DROWSY,0,0,Windows,unspecified
22:56:00.148,178.809,0.3133,0.2814,0.2974,0.4741,0.8067,DROWSY,0,0,Windows,unspecified
22:56:00.178,178.84,0.3133,0.2814,0.2974,0.4741,0.8067,DROWSY,0,0,Windows,unspecified
22:56:00.209,178.87,0.1936,0.1408,0.1672,0.4688,0.8133,DROWSY,1,0,Windows,unspecified
22:56:00.242,178.903,0.1733,0.1235,0.1484,0.4739,0.82,DROWSY,2,0,Windows,unspecified
22:56:00.270,178.931,0.1144,0.0637,0.0891,0.4713,0.8267,DROWSY,3,0,Windows,unspecified
22:56:00.303,178.964,0.0633,0.0619,0.0626,0.4759,0.8267,DROWSY,4,0,Windows,unspecified
22:56:00.335,178.996,0.0792,0.0363,0.0577,0.4333,0.8267,DROWSY,5,0,Windows,unspecified
22:56:00.368,179.029,0.0633,0.0364,0.0499,0.435,0.8267,DROWSY,6,0,Windows,unspecified
22:56:00.396,179.057,0.0449,0.064,0.0545,0.4312,0.8267,DROWSY,7,0,Windows,unspecified
22:56:00.430,179.091,0.0635,0.064,0.0637,0.4309,0.8267,DROWSY,8,0,Windows,unspecified
22:56:00.474,179.135,0.0599,0.0715,0.0657,0.436,0.8267,DROWSY,9,0,Windows,unspecified
22:56:00.507,179.168,0.0618,0.1322,0.097,0.4383,0.8267,DROWSY,10,0,Windows,unspecified
22:56:00.539,179.2,0.0599,0.1049,0.0824,0.4289,0.8267,DROWSY,11,0,Windows,unspecified
22:56:00.570,179.231,0.0599,0.1161,0.088,0.4314,0.8267,DROWSY,12,0,Windows,unspecified
22:56:00.603,179.264,0.0926,0.1347,0.1137,0.41,0.8267,DROWSY,13,0,Windows,unspecified
22:56:00.632,179.294,0.0654,0.1327,0.099,0.4183,0.8267,DROWSY,14,0,Windows,unspecified
22:56:00.670,179.331,0.0618,0.1393,0.1005,0.4165,0.8267,DROWSY,15,0,Windows,unspecified
22:56:00.697,179.358,0.0618,0.1372,0.0995,0.4165,0.8267,DROWSY,16,0,Windows,unspecified
22:56:00.735,179.396,0.1085,0.1959,0.1522,0.4092,0.8267,DROWSY,17,0,Windows,unspecified
22:56:00.772,179.433,0.1104,0.1992,0.1548,0.4168,0.8267,DROWSY,18,0,Windows,unspecified
22:56:00.803,179.464,0.1085,0.1901,0.1493,0.4148,0.8267,DROWSY,19,0,Windows,unspecified
22:56:00.836,179.497,0.1071,0.1493,0.1282,0.4287,0.8267,DROWSY,20,0,Windows,unspecified
22:56:00.877,179.538,0.112,0.1781,0.145,0.4243,0.8267,DROWSY,21,0,Windows,unspecified
22:56:00.915,179.576,0.1053,0.1497,0.1275,0.4287,0.8267,DROWSY,22,0,Windows,unspecified
22:56:00.944,179.605,0.1085,0.1799,0.1442,0.4219,0.8267,DROWSY,23,0,Windows,unspecified
22:56:00.978,179.639,0.1059,0.1781,0.142,0.4315,0.8267,DROWSY,24,0,Windows,unspecified
22:56:01.006,179.667,0.1056,0.1551,0.1304,0.4403,0.8267,DROWSY,25,0,Windows,unspecified
22:56:01.040,179.701,0.1111,0.1606,0.1358,0.4406,0.8267,DROWSY,26,0,Windows,unspecified
22:56:01.071,179.732,0.0907,0.145,0.1179,0.4327,0.8267,DROWSY,27,0,Windows,unspecified
22:56:01.103,179.764,0.078,0.1428,0.1104,0.4367,0.8267,DROWSY,28,0,Windows,unspecified
22:56:01.132,179.793,0.0756,0.1428,0.1092,0.4317,0.8267,DROWSY,29,0,Windows,unspecified
22:56:01.166,179.827,0.0756,0.14,0.1078,0.4405,0.8267,DROWSY,30,0,Windows,unspecified
22:56:01.199,179.86,0.0756,0.145,0.1103,0.4405,0.8267,DROWSY,31,0,Windows,unspecified
22:56:01.228,179.889,0.0756,0.145,0.1103,0.4418,0.8267,DROWSY,32,0,Windows,unspecified
22:56:01.276,179.937,0.0805,0.1428,0.1116,0.435,0.8267,DROWSY,33,0,Windows,unspecified
22:56:01.305,179.967,0.0778,0.1428,0.1103,0.4299,0.8267,DROWSY,34,0,Windows,unspecified
22:56:01.344,180.005,0.0754,0.1428,0.1091,0.4327,0.8267,DROWSY,35,0,Windows,unspecified
22:56:01.369,180.03,0.0754,0.1271,0.1013,0.4378,0.8267,DROWSY,36,0,Windows,unspecified
22:56:01.404,180.065,0.0754,0.1445,0.11,0.4315,0.8267,DROWSY,37,0,Windows,unspecified
22:56:01.430,180.091,0.0781,0.1624,0.1202,0.4315,0.8267,DROWSY,38,0,Windows,unspecified
22:56:01.471,180.132,0.078,0.1624,0.1202,0.4267,0.8267,DROWSY,39,0,Windows,unspecified
22:56:01.509,180.17,0.078,0.1621,0.12,0.4267,0.8267,DROWSY,40,0,Windows,unspecified
22:56:01.539,180.2,0.078,0.1621,0.12,0.4267,0.8267,DROWSY,41,0,Windows,unspecified
22:56:01.571,180.232,0.0756,0.1621,0.1188,0.4332,0.8267,DROWSY,42,0,Windows,unspecified
22:56:01.602,180.263,0.0734,0.1603,0.1169,0.4327,0.8267,DROWSY,43,0,Windows,unspecified
22:56:01.633,180.294,0.0734,0.1376,0.1055,0.4327,0.8267,DROWSY,44,0,Windows,unspecified
22:56:01.678,180.339,0.0932,0.1378,0.1155,0.4327,0.8267,DROWSY,45,0,Windows,unspecified
22:56:01.713,180.374,0.0756,0.14,0.1078,0.4327,0.8267,DROWSY,46,0,Windows,unspecified
22:56:01.740,180.401,0.0756,0.14,0.1078,0.4327,0.8267,DROWSY,47,0,Windows,unspecified
22:56:01.774,180.435,0.0907,0.14,0.1154,0.429,0.8267,DROWSY,48,0,Windows,unspecified
22:56:01.810,180.471,0.0932,0.14,0.1166,0.4339,0.8267,DROWSY,49,0,Windows,unspecified
22:56:01.839,180.5,0.078,0.145,0.1115,0.4285,0.8267,DROWSY,50,0,Windows,unspecified
22:56:01.870,180.531,0.0936,0.1271,0.1103,0.4285,0.8267,DROWSY,51,0,Windows,unspecified
22:56:01.903,180.564,0.0936,0.1271,0.1103,0.4285,0.8267,DROWSY,52,0,Windows,unspecified
22:56:01.932,180.594,0.0936,0.1271,0.1103,0.4245,0.8267,DROWSY,53,0,Windows,unspecified
22:56:01.963,180.624,0.0936,0.1271,0.1103,0.4218,0.8267,DROWSY,54,0,Windows,unspecified
22:56:01.995,180.656,0.0932,0.1269,0.11,0.427,0.8267,DROWSY,55,0,Windows,unspecified
22:56:02.026,180.688,0.0932,0.1269,0.11,0.427,0.8267,DROWSY,56,0,Windows,unspecified
22:56:02.081,180.742,0.0881,0.1098,0.0989,0.4167,0.8267,DROWSY,57,0,Windows,unspecified
22:56:02.120,180.781,0.0881,0.1098,0.0989,0.421,0.8267,DROWSY,58,0,Windows,unspecified
22:56:02.153,180.814,0.0907,0.106,0.0984,0.4218,0.8267,DROWSY,59,0,Windows,unspecified
22:56:02.182,180.843,0.0907,0.1127,0.1017,0.4085,0.8267,DROWSY,60,0,Windows,unspecified
22:56:02.215,180.876,0.0909,0.1127,0.1018,0.4255,0.8267,DROWSY,61,0,Windows,unspecified
22:56:02.247,180.908,0.0933,0.1225,0.1079,0.4398,0.8267,DROWSY,62,0,Windows,unspecified
22:56:02.276,180.937,0.0909,0.1253,0.1081,0.4288,0.8267,DROWSY,63,0,Windows,unspecified
22:56:02.311,180.972,0.0937,0.1278,0.1108,0.4198,0.8267,DROWSY,64,0,Windows,unspecified
22:56:02.340,181.001,0.1113,0.1062,0.1087,0.4182,0.8267,DROWSY,65,0,Windows,unspecified
22:56:02.373,181.034,0.1093,0.1071,0.1082,0.4344,0.8267,DROWSY,66,0,Windows,unspecified
22:56:02.403,181.064,0.125,0.1724,0.1487,0.4451,0.8267,DROWSY,67,0,Windows,unspecified
22:56:02.434,181.095,0.1406,0.15,0.1453,0.4334,0.8267,DROWSY,68,0,Windows,unspecified
22:56:02.476,181.137,0.1468,0.1499,0.1483,0.446,0.8267,DROWSY,69,0,Windows,unspecified
22:56:02.512,181.174,0.1613,0.1333,0.1473,0.4501,0.8267,DROWSY,70,0,Windows,unspecified
22:56:02.544,181.205,0.1666,0.174,0.1703,0.4577,0.8267,DROWSY,71,0,Windows,unspecified
22:56:02.574,181.235,0.2,0.1682,0.1841,0.4541,0.8267,DROWSY,72,0,Windows,unspecified
22:56:02.606,181.267,0.2069,0.1723,0.1896,0.4637,0.8267,DROWSY,73,0,Windows,unspecified
22:56:02.640,181.301,0.1897,0.1682,0.1789,0.4631,0.8267,DROWSY,74,0,Windows,unspecified
22:56:02.672,181.333,0.1897,0.14,0.1648,0.4518,0.8267,DROWSY,75,0,Windows,unspecified
22:56:02.704,181.365,0.1897,0.152,0.1708,0.4481,0.8267,DROWSY,76,0,Windows,unspecified
22:56:02.733,181.394,0.1964,0.1696,0.183,0.471,0.8267,DROWSY,77,0,Windows,unspecified
22:56:02.766,181.427,0.1981,0.2093,0.2037,0.4703,0.8267,DROWSY,78,0,Windows,unspecified
22:56:02.797,181.458,0.2321,0.1679,0.2,0.4637,0.8267,DROWSY,79,0,Windows,unspecified
22:56:02.830,181.491,0.1997,0.1679,0.1838,0.4688,0.8267,DROWSY,80,0,Windows,unspecified
22:56:02.880,181.541,0.1723,0.1663,0.1693,0.466,0.8267,DROWSY,81,0,Windows,unspecified
22:56:02.909,181.57,0.1723,0.1679,0.1701,0.467,0.8267,DROWSY,82,0,Windows,unspecified
22:56:02.939,181.6,0.1995,0.1551,0.1773,0.4659,0.8267,DROWSY,83,0,Windows,unspecified
22:56:02.969,181.63,0.1963,0.1682,0.1823,0.4652,0.8267,DROWSY,84,0,Windows,unspecified
22:56:03.007,181.668,0.2141,0.1497,0.1819,0.463,0.8267,DROWSY,85,0,Windows,unspecified
22:56:03.032,181.693,0.1979,0.1497,0.1738,0.4621,0.8267,DROWSY,86,0,Windows,unspecified
22:56:03.069,181.73,0.2082,0.1449,0.1765,0.4662,0.8267,DROWSY,87,0,Windows,unspecified
22:56:03.096,181.757,0.1895,0.1517,0.1706,0.4662,0.8267,DROWSY,88,0,Windows,unspecified
22:56:03.137,181.798,0.1963,0.1517,0.174,0.466,0.8267,DROWSY,89,0,Windows,unspecified
22:56:03.174,181.835,0.1981,0.1497,0.1739,0.4718,0.8267,DROWSY,90,0,Windows,unspecified
22:56:03.204,181.865,0.1895,0.1499,0.1697,0.4707,0.8267,DROWSY,91,0,Windows,unspecified
22:56:03.234,181.895,0.1895,0.1551,0.1723,0.475,0.8267,DROWSY,92,0,Windows,unspecified
22:56:03.277,181.938,0.1981,0.1499,0.174,0.4742,0.8267,DROWSY,93,0,Windows,unspecified
22:56:03.298,181.96,0.174,0.1499,0.162,0.4741,0.8267,DROWSY,94,0,Windows,unspecified
22:56:03.340,182.001,0.1724,0.1513,0.1619,0.4575,0.8267,DROWSY,95,0,Windows,unspecified
22:56:03.375,182.036,0.1895,0.1351,0.1623,0.4451,0.8267,DROWSY,96,0,Windows,unspecified
22:56:03.404,182.065,0.1679,0.1329,0.1504,0.4574,0.8267,DROWSY,97,0,Windows,unspecified
22:56:03.439,182.1,0.2013,0.1307,0.166,0.4574,0.8267,DROWSY,98,0,Windows,unspecified
22:56:03.472,182.133,0.1912,0.1329,0.1621,0.4683,0.8267,DROWSY,99,0,Windows,unspecified
22:56:03.501,182.162,0.2068,0.1329,0.1699,0.4618,0.8267,DROWSY,100,0,Windows,unspecified
22:56:03.536,182.197,0.1895,0.1487,0.1691,0.4731,0.8267,DROWSY,101,0,Windows,unspecified
22:56:03.565,182.226,0.1833,0.1329,0.1581,0.4712,0.8267,DROWSY,102,0,Windows,unspecified
22:56:03.596,182.257,0.1833,0.1406,0.1619,0.4627,0.8267,DROWSY,103,0,Windows,unspecified
22:56:03.628,182.29,0.1832,0.1249,0.1541,0.4892,0.8267,DROWSY,104,0,Windows,unspecified
22:56:03.678,182.339,0.1833,0.1425,0.1629,0.4642,0.8267,DROWSY,105,0,Windows,unspecified
22:56:03.706,182.367,0.1683,0.1406,0.1544,0.4667,0.8267,DROWSY,106,0,Windows,unspecified
22:56:03.741,182.402,0.1832,0.1269,0.155,0.4668,0.8267,DROWSY,107,0,Windows,unspecified
22:56:03.770,182.431,0.1833,0.1093,0.1463,0.4617,0.8267,DROWSY,108,0,Windows,unspecified
22:56:03.803,182.464,0.1788,0.1093,0.144,0.4461,0.8267,DROWSY,109,0,Windows,unspecified
22:56:03.832,182.493,0.1645,0.1269,0.1457,0.4552,0.8267,DROWSY,110,0,Windows,unspecified
22:56:03.871,182.532,0.1789,0.123,0.151,0.4625,0.8267,DROWSY,111,0,Windows,unspecified
22:56:03.895,182.556,0.1732,0.1212,0.1472,0.4562,0.8267,DROWSY,112,0,Windows,unspecified
22:56:03.932,182.593,0.1613,0.123,0.1422,0.4541,0.8267,DROWSY,113,0,Windows,unspecified
22:56:03.957,182.618,0.1562,0.1364,0.1463,0.4575,0.8267,DROWSY,114,0,Windows,unspecified
22:56:03.996,182.657,0.1734,0.1176,0.1455,0.4622,0.8267,DROWSY,115,0,Windows,unspecified
22:56:04.021,182.683,0.1562,0.1143,0.1353,0.4556,0.8267,DROWSY,116,0,Windows,unspecified
22:56:04.077,182.738,0.1545,0.1,0.1273,0.4613,0.8267,DROWSY,117,0,Windows,unspecified
22:56:04.115,182.776,0.153,0.1176,0.1353,0.4642,0.8267,DROWSY,118,0,Windows,unspecified
22:56:04.147,182.808,0.1679,0.1176,0.1428,0.4598,0.8267,DROWSY,119,0,Windows,unspecified
22:56:04.179,182.84,0.1731,0.1324,0.1527,0.4527,0.8267,DROWSY,120,0,Windows,unspecified
22:56:04.212,182.873,0.1747,0.1023,0.1385,0.4696,0.8267,DROWSY,121,0,Windows,unspecified
22:56:04.241,182.902,0.1578,0.1176,0.1377,0.4643,0.8267,DROWSY,122,0,Windows,unspecified
22:56:04.274,182.935,0.1901,0.1,0.145,0.4546,0.8267,DROWSY,123,0,Windows,unspecified
22:56:04.303,182.964,0.1888,0.1323,0.1605,0.4649,0.8267,DROWSY,124,0,Windows,unspecified
22:56:04.336,182.997,0.1694,0.116,0.1427,0.4782,0.8333,DROWSY,125,0,Windows,unspecified
22:56:04.367,183.028,0.1888,0.1,0.1444,0.4723,0.84,DROWSY,126,0,Windows,unspecified
22:56:04.401,183.062,0.1577,0.088,0.1229,0.4759,0.8467,DROWSY,127,0,Windows,unspecified
22:56:04.428,183.089,0.1515,0.0833,0.1174,0.4687,0.8533,DROWSY,128,0,Windows,unspecified
22:56:04.480,183.141,0.1562,0.0694,0.1128,0.4683,0.86,DROWSY,129,0,Windows,unspecified
22:56:04.503,183.164,0.1562,0.0833,0.1197,0.4687,0.8667,DROWSY,130,0,Windows,unspecified
22:56:04.539,183.2,0.1562,0.0694,0.1128,0.4689,0.8733,DROWSY,131,0,Windows,unspecified
22:56:04.566,183.227,0.1406,0.0698,0.1052,0.4661,0.88,DROWSY,132,0,Windows,unspecified
22:56:04.607,183.268,0.1562,0.0694,0.1128,0.4629,0.8867,DROWSY,133,0,Windows,unspecified
22:56:04.643,183.304,0.1577,0.0833,0.1205,0.4621,0.8933,DROWSY,134,0,Windows,unspecified
22:56:04.676,183.337,0.1419,0.0749,0.1084,0.4715,0.9,DROWSY,135,0,Windows,unspecified
22:56:04.708,183.369,0.1406,0.0717,0.1061,0.4667,0.9067,DROWSY,136,0,Windows,unspecified
22:56:04.738,183.399,0.1628,0.0621,0.1124,0.4707,0.9133,DROWSY,137,0,Windows,unspecified
22:56:04.771,183.432,0.1625,0.0621,0.1123,0.4734,0.92,DROWSY,138,0,Windows,unspecified
22:56:04.802,183.463,0.1484,0.0621,0.1053,0.4494,0.9267,DROWSY,139,0,Windows,unspecified
22:56:04.832,183.493,0.1644,0.0605,0.1124,0.4596,0.9333,DROWSY,140,0,Windows,unspecified
22:56:04.876,183.537,0.1136,0.0605,0.0871,0.4549,0.94,DROWSY,141,0,Windows,unspecified
22:56:04.912,183.573,0.1286,0.0588,0.0937,0.454,0.9467,DROWSY,142,0,Windows,unspecified
22:56:04.940,183.601,0.1307,0.0621,0.0964,0.4498,0.9533,DROWSY,143,0,Windows,unspecified
22:56:04.972,183.633,0.1307,0.0749,0.1028,0.4651,0.96,DROWSY,144,0,Windows,unspecified
22:56:05.009,183.67,0.1307,0.0621,0.0964,0.4409,0.9667,DROWSY,145,0,Windows,unspecified
22:56:05.038,183.699,0.1449,0.0749,0.1099,0.4483,0.9733,DROWSY,146,0,Windows,unspecified
22:56:05.071,183.732,0.1288,0.0749,0.1018,0.4565,0.98,DROWSY,147,0,Windows,unspecified
22:56:05.101,183.762,0.1404,0.0749,0.1076,0.4567,0.9867,DROWSY,148,0,Windows,unspecified
22:56:05.136,183.797,0.1245,0.0878,0.1061,0.4597,0.9933,DROWSY,149,0,Windows,unspecified
22:56:05.160,183.821,0.1484,0.1011,0.1248,0.4602,1.0,DROWSY,150,0,Windows,unspecified
22:56:05.199,183.861,0.1484,0.101,0.1247,0.4504,1.0,DROWSY,151,0,Windows,unspecified
22:56:05.224,183.885,0.1438,0.1039,0.1239,0.4485,1.0,DROWSY,152,0,Windows,unspecified
22:56:05.275,183.936,0.1586,0.1178,0.1382,0.4513,1.0,DROWSY,153,0,Windows,unspecified
22:56:05.303,183.964,0.1586,0.1178,0.1382,0.4458,1.0,DROWSY,154,0,Windows,unspecified
22:56:05.344,184.005,0.1423,0.1039,0.1231,0.443,1.0,DROWSY,155,0,Windows,unspecified
22:56:05.380,184.042,0.1571,0.1039,0.1305,0.4512,1.0,DROWSY,156,0,Windows,unspecified
22:56:05.410,184.071,0.1625,0.1315,0.147,0.4458,1.0,DROWSY,157,0,Windows,unspecified
22:56:05.442,184.103,0.18,0.1315,0.1558,0.4549,1.0,DROWSY,158,0,Windows,unspecified
22:56:05.474,184.135,0.159,0.1315,0.1453,0.4496,1.0,DROWSY,159,0,Windows,unspecified
22:56:05.504,184.165,0.159,0.1315,0.1453,0.4496,1.0,DROWSY,160,0,Windows,unspecified
22:56:05.533,184.194,0.1744,0.1315,0.153,0.4504,1.0,DROWSY,161,0,Windows,unspecified
22:56:05.566,184.227,0.1744,0.1315,0.153,0.4553,1.0,DROWSY,162,0,Windows,unspecified
22:56:05.596,184.257,0.1744,0.1454,0.1599,0.452,1.0,DROWSY,163,0,Windows,unspecified
22:56:05.629,184.29,0.1744,0.1454,0.1599,0.452,1.0,DROWSY,164,0,Windows,unspecified
22:56:05.684,184.345,0.1744,0.1454,0.1599,0.452,1.0,DROWSY,165,0,Windows,unspecified
22:56:05.706,184.367,0.1744,0.1211,0.1477,0.452,1.0,DROWSY,166,0,Windows,unspecified
22:56:05.743,184.404,0.1744,0.1211,0.1477,0.452,1.0,DROWSY,167,0,Windows,unspecified
22:56:05.769,184.43,0.1744,0.1354,0.1549,0.444,1.0,DROWSY,168,0,Windows,unspecified
22:56:05.806,184.467,0.1744,0.1396,0.157,0.444,1.0,DROWSY,169,0,Windows,unspecified
22:56:05.832,184.493,0.159,0.1396,0.1493,0.4513,1.0,DROWSY,170,0,Windows,unspecified
22:56:05.870,184.531,0.1438,0.1677,0.1558,0.4457,1.0,DROWSY,171,0,Windows,unspecified
22:56:05.895,184.556,0.1438,0.1354,0.1396,0.4386,1.0,DROWSY,172,0,Windows,unspecified
22:56:05.937,184.598,0.1438,0.1396,0.1417,0.4355,1.0,DROWSY,173,0,Windows,unspecified
22:56:05.972,184.633,0.1539,0.1356,0.1447,0.431,1.0,DROWSY,174,0,Windows,unspecified
22:56:06.003,184.664,0.1539,0.1315,0.1427,0.4262,1.0,DROWSY,175,0,Windows,unspecified
22:56:06.034,184.695,0.1542,0.1313,0.1427,0.4186,1.0,DROWSY,176,0,Windows,unspecified
22:56:06.076,184.737,0.1046,0.0988,0.1017,0.4215,1.0,DROWSY,177,0,Windows,unspecified
22:56:06.112,184.773,0.107,0.0855,0.0962,0.4203,1.0,DROWSY,178,0,Windows,unspecified
22:56:06.142,184.803,0.0571,0.0747,0.0659,0.4006,1.0,DROWSY,179,0,Windows,unspecified
22:56:06.176,184.837,0.0571,0.0726,0.0649,0.4065,1.0,DROWSY,180,0,Windows,unspecified
22:56:06.208,184.869,0.0286,0.0335,0.031,0.4067,1.0,DROWSY,181,0,Windows,unspecified
22:56:06.239,184.9,0.0286,0.0554,0.042,0.3976,1.0,DROWSY,182,0,Windows,unspecified
22:56:06.271,184.932,0.0476,0.1022,0.0749,0.3957,1.0,DROWSY,183,0,Windows,unspecified
22:56:06.298,184.96,0.0588,0.0897,0.0742,0.3853,1.0,DROWSY,184,0,Windows,unspecified
22:56:06.336,184.997,0.0571,0.1018,0.0795,0.3933,1.0,DROWSY,185,0,Windows,unspecified
22:56:06.363,185.024,0.0588,0.1235,0.0912,0.4017,1.0,DROWSY,186,0,Windows,unspecified
22:56:06.397,185.058,0.0623,0.1211,0.0917,0.4065,1.0,DROWSY,187,0,Windows,unspecified
22:56:06.425,185.086,0.0588,0.1229,0.0908,0.396,1.0,DROWSY,188,0,Windows,unspecified
22:56:06.478,185.14,0.0623,0.126,0.0941,0.3921,1.0,DROWSY,189,0,Windows,unspecified
22:56:06.502,185.163,0.077,0.1389,0.108,0.4046,1.0,DROWSY,190,0,Windows,unspecified
22:56:06.544,185.205,0.0734,0.1408,0.1071,0.3916,1.0,DROWSY,191,0,Windows,unspecified
22:56:06.564,185.226,0.0957,0.1468,0.1212,0.4002,1.0,DROWSY,192,0,Windows,unspecified
22:56:06.607,185.268,0.0907,0.1453,0.118,0.4075,1.0,DROWSY,193,0,Windows,unspecified
22:56:06.644,185.305,0.0907,0.1449,0.1178,0.4157,1.0,DROWSY,194,0,Windows,unspecified
22:56:06.675,185.336,0.0881,0.1468,0.1175,0.4105,1.0,DROWSY,195,0,Windows,unspecified
22:56:06.705,185.366,0.0856,0.126,0.1058,0.4065,1.0,DROWSY,196,0,Windows,unspecified
22:56:06.735,185.396,0.0344,0.0482,0.0413,0.4187,1.0,DROWSY,197,0,Windows,unspecified
22:56:06.765,185.426,0.0143,0.0333,0.0238,0.43,1.0,DROWSY,198,0,Windows,unspecified
22:56:06.800,185.461,0.0335,0.0389,0.0362,0.41,1.0,DROWSY,199,0,Windows,unspecified
22:56:06.828,185.489,0.0344,0.0482,0.0413,0.4133,1.0,DROWSY,200,0,Windows,unspecified
22:56:06.878,185.539,0.0285,0.0376,0.033,0.396,1.0,DROWSY,201,0,Windows,unspecified
22:56:06.907,185.568,0.0139,0.0441,0.029,0.4015,1.0,DROWSY,202,0,Windows,unspecified
22:56:06.939,185.6,0.0285,0.0454,0.037,0.3972,1.0,DROWSY,203,0,Windows,unspecified
22:56:06.969,185.63,0.0285,0.052,0.0402,0.3996,1.0,DROWSY,204,0,Windows,unspecified
22:56:07.004,185.665,0.0441,0.0703,0.0572,0.3985,1.0,DROWSY,205,0,Windows,unspecified
22:56:07.034,185.695,0.0441,0.0868,0.0655,0.4082,1.0,DROWSY,206,0,Windows,unspecified
22:56:07.070,185.732,0.0588,0.1204,0.0896,0.4038,1.0,DROWSY,207,0,Windows,unspecified
22:56:07.097,185.758,0.0735,0.1183,0.0959,0.4054,1.0,DROWSY,208,0,Windows,unspecified
22:56:07.136,185.797,0.0623,0.1204,0.0913,0.4012,1.0,DROWSY,209,0,Windows,unspecified
22:56:07.174,185.835,0.0428,0.1183,0.0806,0.4012,1.0,DROWSY,210,0,Windows,unspecified
22:56:07.204,185.865,0.0441,0.1204,0.0822,0.4117,1.0,DROWSY,211,0,Windows,unspecified
22:56:07.236,185.897,0.0441,0.1204,0.0822,0.4025,1.0,DROWSY,212,0,Windows,unspecified
22:56:07.275,185.936,0.0428,0.1045,0.0737,0.4058,1.0,DROWSY,213,0,Windows,unspecified
22:56:07.296,185.957,0.0428,0.1045,0.0737,0.3949,1.0,DROWSY,214,0,Windows,unspecified
22:56:07.341,186.002,0.0428,0.1165,0.0797,0.3949,1.0,DROWSY,215,0,Windows,unspecified
22:56:07.376,186.037,0.0441,0.1012,0.0726,0.3949,1.0,DROWSY,216,0,Windows,unspecified
22:56:07.404,186.065,0.0759,0.0986,0.0872,0.3942,1.0,DROWSY,217,0,Windows,unspecified
22:56:07.438,186.1,0.0759,0.1018,0.0888,0.3965,1.0,DROWSY,218,0,Windows,unspecified
22:56:07.472,186.133,0.0735,0.1018,0.0877,0.3938,1.0,DROWSY,219,0,Windows,unspecified
22:56:07.500,186.161,0.0714,0.1018,0.0866,0.4038,1.0,DROWSY,220,0,Windows,unspecified
22:56:07.532,186.193,0.0623,0.1012,0.0817,0.4024,1.0,DROWSY,221,0,Windows,unspecified
22:56:07.562,186.223,0.077,0.1183,0.0977,0.4016,1.0,DROWSY,222,0,Windows,unspecified
22:56:07.601,186.262,0.0571,0.1139,0.0855,0.4098,1.0,DROWSY,223,0,Windows,unspecified
22:56:07.627,186.288,0.0714,0.1146,0.093,0.4226,1.0,DROWSY,224,0,Windows,unspecified
22:56:07.681,186.342,0.0571,0.1165,0.0868,0.4109,1.0,DROWSY,225,0,Windows,unspecified
22:56:07.718,186.379,0.0605,0.1165,0.0885,0.4074,1.0,DROWSY,226,0,Windows,unspecified
22:56:07.750,186.411,0.0737,0.1146,0.0941,0.411,1.0,DROWSY,227,0,Windows,unspecified
22:56:07.782,186.443,0.0714,0.113,0.0922,0.4141,1.0,DROWSY,228,0,Windows,unspecified
22:56:07.813,186.474,0.0571,0.1304,0.0938,0.4196,1.0,DROWSY,229,0,Windows,unspecified
22:56:07.844,186.505,0.0714,0.1146,0.093,0.416,1.0,DROWSY,230,0,Windows,unspecified
22:56:07.876,186.537,0.0748,0.111,0.0929,0.4075,1.0,DROWSY,231,0,Windows,unspecified
22:56:07.906,186.567,0.0714,0.111,0.0912,0.4075,1.0,DROWSY,232,0,Windows,unspecified
22:56:07.938,186.599,0.077,0.096,0.0865,0.4077,1.0,DROWSY,233,0,Windows,unspecified
22:56:07.969,186.63,0.0571,0.0986,0.0779,0.404,1.0,DROWSY,234,0,Windows,unspecified
22:56:07.998,186.659,0.077,0.1165,0.0968,0.4084,1.0,DROWSY,235,0,Windows,unspecified
22:56:08.033,186.694,0.0904,0.1146,0.1025,0.4084,1.0,DROWSY,236,0,Windows,unspecified
22:56:08.077,186.738,0.088,0.1183,0.1032,0.4061,1.0,DROWSY,237,0,Windows,unspecified
22:56:08.111,186.772,0.093,0.1146,0.1038,0.406,1.0,DROWSY,238,0,Windows,unspecified
22:56:08.140,186.801,0.077,0.0838,0.0804,0.41,1.0,DROWSY,239,0,Windows,unspecified
22:56:08.173,186.834,0.0623,0.0812,0.0717,0.4149,1.0,DROWSY,240,0,Windows,unspecified
22:56:08.207,186.868,0.144,0.1177,0.1309,0.4138,1.0,DROWSY,241,0,Windows,unspecified
22:56:08.236,186.897,0.159,0.1204,0.1397,0.412,1.0,DROWSY,242,0,Windows,unspecified
22:56:08.275,186.937,0.2493,0.2296,0.2394,0.409,0.9933,DROWSY,0,0,Windows,unspecified
22:56:08.296,186.957,0.2692,0.245,0.2571,0.4149,0.9867,DROWSY,0,0,Windows,unspecified
22:56:08.335,186.996,0.2998,0.2837,0.2917,0.4124,0.98,DROWSY,0,0,Windows,unspecified
22:56:08.361,187.023,0.3162,0.3056,0.3109,0.421,0.9733,DROWSY,0,0,Windows,unspecified
22:56:08.399,187.06,0.3205,0.3149,0.3177,0.4185,0.9667,DROWSY,0,0,Windows,unspecified
22:56:08.423,187.084,0.3467,0.3539,0.3503,0.4229,0.96,DROWSY,0,0,Windows,unspecified
22:56:08.476,187.137,0.362,0.341,0.3515,0.4237,0.9533,DROWSY,0,0,Windows,unspecified
22:56:08.499,187.161,0.362,0.3604,0.3612,0.4234,0.9467,DROWSY,0,0,Windows,unspecified
22:56:08.545,187.206,0.3773,0.3564,0.3668,0.4138,0.94,DROWSY,0,0,Windows,unspecified
22:56:08.578,187.239,0.3925,0.3546,0.3736,0.4108,0.9333,DROWSY,0,0,Windows,unspecified
22:56:08.611,187.272,0.3808,0.3736,0.3772,0.3976,0.9267,DROWSY,0,0,Windows,unspecified
22:56:08.642,187.303,0.3969,0.3736,0.3853,0.4098,0.92,DROWSY,0,0,Windows,unspecified
22:56:08.672,187.333,0.3939,0.3871,0.3905,0.4083,0.9133,DROWSY,0,0,Windows,unspecified
22:56:08.705,187.366,0.3939,0.3871,0.3905,0.4063,0.9067,DROWSY,0,0,Windows,unspecified
22:56:08.735,187.396,0.3785,0.4022,0.3904,0.3994,0.9,DROWSY,0,0,Windows,unspecified
22:56:08.769,187.43,0.3785,0.3871,0.3828,0.3994,0.8933,DROWSY,0,0,Windows,unspecified
22:56:08.801,187.462,0.3672,0.3865,0.3768,0.4045,0.8867,DROWSY,0,0,Windows,unspecified
22:56:08.827,187.488,0.3705,0.3865,0.3785,0.4045,0.88,DROWSY,0,0,Windows,unspecified
22:56:08.875,187.536,0.382,0.3828,0.3824,0.4081,0.8733,DROWSY,0,0,Windows,unspecified
22:56:08.907,187.568,0.382,0.3946,0.3883,0.4028,0.8667,DROWSY,0,0,Windows,unspecified
22:56:08.940,187.601,0.3666,0.3946,0.3806,0.4028,0.86,DROWSY,0,0,Windows,unspecified
22:56:08.971,187.632,0.3632,0.3946,0.3789,0.4058,0.8533,DROWSY,0,0,Windows,unspecified
22:56:09.004,187.665,0.3817,0.3828,0.3823,0.4058,0.8467,DROWSY,0,0,Windows,unspecified
22:56:09.035,187.696,0.3817,0.3865,0.3841,0.4078,0.84,DROWSY,0,0,Windows,unspecified
22:56:09.069,187.73,0.397,0.3846,0.3908,0.4078,0.8333,DROWSY,0,0,Windows,unspecified
22:56:09.097,187.758,0.3773,0.3736,0.3754,0.4094,0.8267,DROWSY,0,0,Windows,unspecified
22:56:09.137,187.798,0.3817,0.3717,0.3767,0.4027,0.82,DROWSY,0,0,Windows,unspecified
22:56:09.171,187.832,0.397,0.3828,0.3899,0.3976,0.8133,DROWSY,0,0,Windows,unspecified
22:56:09.203,187.864,0.4027,0.3828,0.3928,0.4111,0.8067,DROWSY,0,0,Windows,unspecified
22:56:09.234,187.895,0.388,0.3847,0.3863,0.4024,0.8,DROWSY,0,0,Windows,unspecified
22:56:09.277,187.938,0.386,0.3828,0.3844,0.4047,0.7933,DROWSY,0,0,Windows,unspecified
22:56:09.313,187.974,0.401,0.384,0.3925,0.3951,0.7867,DROWSY,0,0,Windows,unspecified
22:56:09.345,188.006,0.4228,0.3981,0.4105,0.3908,0.78,DROWSY,0,0,Windows,unspecified
22:56:09.379,188.04,0.4075,0.4072,0.4074,0.3897,0.7733,DROWSY,0,0,Windows,unspecified
22:56:09.408,188.069,0.412,0.3892,0.4006,0.4049,0.7667,DROWSY,0,0,Windows,unspecified
22:56:09.440,188.101,0.4259,0.4032,0.4146,0.4049,0.76,DROWSY,0,0,Windows,unspecified
22:56:09.471,188.132,0.4361,0.3992,0.4176,0.4152,0.7533,DROWSY,0,0,Windows,unspecified
22:56:09.502,188.163,0.4497,0.4281,0.4389,0.4146,0.7467,DROWSY,0,0,Windows,unspecified
22:56:09.535,188.196,0.4422,0.4277,0.4349,0.4076,0.74,DROWSY,0,0,Windows,unspecified
22:56:09.562,188.223,0.4361,0.4272,0.4316,0.4076,0.7333,DROWSY,0,0,Windows,unspecified
22:56:09.599,188.26,0.4478,0.4277,0.4377,0.409,0.7267,DROWSY,0,0,Windows,unspecified
22:56:09.623,188.284,0.4472,0.4234,0.4353,0.409,0.72,DROWSY,0,0,Windows,unspecified
22:56:09.679,188.34,0.4344,0.4139,0.4241,0.4125,0.7133,DROWSY,0,0,Windows,unspecified
22:56:09.704,188.365,0.4338,0.4096,0.4217,0.4018,0.7067,DROWSY,0,0,Windows,unspecified
22:56:09.747,188.408,0.437,0.3987,0.4179,0.4005,0.7,DROWSY,0,0,Windows,unspecified
22:56:09.783,188.444,0.437,0.3947,0.4159,0.4005,0.6933,DROWSY,0,0,Windows,unspecified
22:56:09.812,188.474,0.4361,0.3987,0.4174,0.4024,0.6867,DROWSY,0,0,Windows,unspecified
22:56:09.842,188.503,0.442,0.3992,0.4206,0.4068,0.68,DROWSY,0,0,Windows,unspecified
22:56:09.877,188.538,0.4233,0.4026,0.4129,0.4029,0.6733,DROWSY,0,0,Windows,unspecified
22:56:09.903,188.564,0.442,0.4129,0.4275,0.4029,0.6667,DROWSY,0,0,Windows,unspecified
22:56:09.939,188.601,0.4344,0.4394,0.4369,0.4052,0.66,DROWSY,0,0,Windows,unspecified
22:56:09.970,188.631,0.4355,0.4234,0.4294,0.4125,0.6533,DROWSY,0,0,Windows,unspecified
22:56:10.002,188.663,0.4355,0.4234,0.4294,0.4125,0.6467,DROWSY,0,0,Windows,unspecified
22:56:10.030,188.691,0.4355,0.4497,0.4426,0.4017,0.64,DROWSY,0,0,Windows,unspecified
22:56:10.075,188.736,0.4552,0.4352,0.4452,0.4052,0.6333,DROWSY,0,0,Windows,unspecified
22:56:10.109,188.77,0.4552,0.4399,0.4475,0.4064,0.6267,DROWSY,0,0,Windows,unspecified
22:56:10.143,188.805,0.4472,0.4394,0.4433,0.4051,0.62,DROWSY,0,0,Windows,unspecified
22:56:10.168,188.829,0.4365,0.4272,0.4318,0.3982,0.6133,DROWSY,0,0,Windows,unspecified
22:56:10.208,188.869,0.4365,0.4229,0.4297,0.4064,0.6067,DROWSY,0,0,Windows,unspecified
22:56:10.232,188.893,0.4365,0.4234,0.4299,0.4064,0.6,DROWSY,0,0,Windows,unspecified
22:56:10.273,188.934,0.4503,0.4277,0.439,0.4053,0.5933,DROWSY,0,0,Windows,unspecified
22:56:10.310,188.971,0.4355,0.4277,0.4316,0.4041,0.5867,DROWSY,0,0,Windows,unspecified
22:56:10.343,189.004,0.4355,0.4277,0.4316,0.3971,0.58,DROWSY,0,0,Windows,unspecified
22:56:10.372,189.033,0.4355,0.4277,0.4316,0.404,0.5733,DROWSY,0,0,Windows,unspecified
22:56:10.405,189.066,0.4498,0.4281,0.439,0.397,0.5667,DROWSY,0,0,Windows,unspecified
22:56:10.435,189.096,0.4557,0.4281,0.4419,0.397,0.56,DROWSY,0,0,Windows,unspecified
22:56:10.476,189.137,0.4695,0.4281,0.4488,0.3946,0.5533,DROWSY,0,0,Windows,unspecified
22:56:10.512,189.173,0.4747,0.4281,0.4514,0.402,0.5467,DROWSY,0,0,Windows,unspecified
22:56:10.543,189.204,0.4608,0.4399,0.4503,0.402,0.54,DROWSY,0,0,Windows,unspecified
22:56:10.573,189.234,0.4472,0.4291,0.4381,0.4053,0.5333,DROWSY,0,0,Windows,unspecified
22:56:10.606,189.267,0.4365,0.4277,0.4321,0.4053,0.5267,DROWSY,0,0,Windows,unspecified
22:56:10.638,189.299,0.4365,0.4277,0.4321,0.4076,0.52,DROWSY,0,0,Windows,unspecified
22:56:10.667,189.328,0.4497,0.4281,0.4389,0.415,0.5133,DROWSY,0,0,Windows,unspecified
22:56:10.701,189.362,0.4497,0.4281,0.4389,0.4019,0.5067,DROWSY,0,0,Windows,unspecified
22:56:10.734,189.395,0.4497,0.4399,0.4448,0.4053,0.5,DROWSY,0,0,Windows,unspecified
22:56:10.764,189.425,0.464,0.4394,0.4517,0.4053,0.4933,DROWSY,0,0,Windows,unspecified
22:56:10.794,189.455,0.4695,0.4272,0.4483,0.4053,0.4867,DROWSY,0,0,Windows,unspecified
22:56:10.823,189.484,0.4608,0.4272,0.444,0.4126,0.48,DROWSY,0,0,Windows,unspecified
22:56:10.875,189.536,0.4418,0.4272,0.4345,0.4126,0.4733,DROWSY,0,0,Windows,unspecified
22:56:10.905,189.566,0.4365,0.4272,0.4318,0.4053,0.4667,DROWSY,0,0,Windows,unspecified
22:56:10.943,189.604,0.4504,0.4277,0.439,0.3983,0.46,DROWSY,0,0,Windows,unspecified
22:56:10.980,189.641,0.4504,0.4277,0.439,0.4053,0.4533,DROWSY,0,0,Windows,unspecified
22:56:11.013,189.674,0.4504,0.4399,0.4451,0.4079,0.4467,DROWSY,0,0,Windows,unspecified
22:56:11.043,189.704,0.4504,0.4399,0.4451,0.4079,0.44,DROWSY,0,0,Windows,unspecified
22:56:11.076,189.737,0.4365,0.4281,0.4323,0.4079,0.4333,DROWSY,0,0,Windows,unspecified
22:56:11.109,189.77,0.4365,0.4281,0.4323,0.4042,0.4267,DROWSY,0,0,Windows,unspecified
22:56:11.140,189.801,0.4504,0.4399,0.4451,0.4029,0.42,DROWSY,0,0,Windows,unspecified
22:56:11.169,189.83,0.4504,0.4399,0.4451,0.3992,0.4133,DROWSY,0,0,Windows,unspecified
22:56:11.560,190.221,0.4365,0.4399,0.4382,0.4009,0.4067,DROWSY,0,0,Windows,unspecified
22:56:11.594,190.255,0.4365,0.4399,0.4382,0.3986,0.4,DROWSY,0,0,Windows,unspecified
22:56:11.626,190.288,0.4365,0.4399,0.4382,0.3986,0.3933,DROWSY,0,0,Windows,unspecified
22:56:11.657,190.318,0.4365,0.4399,0.4382,0.4037,0.3867,DROWSY,0,0,Windows,unspecified
22:56:11.689,190.35,0.4497,0.4399,0.4448,0.4037,0.38,DROWSY,0,0,Windows,unspecified
22:56:11.719,190.38,0.4646,0.4399,0.4522,0.4059,0.3733,DROWSY,0,0,Windows,unspecified
22:56:11.753,190.414,0.4789,0.4545,0.4667,0.4118,0.3667,DROWSY,0,0,Windows,unspecified
22:56:11.782,190.443,0.4646,0.4545,0.4595,0.4059,0.36,DROWSY,0,0,Windows,unspecified
22:56:11.813,190.474,0.4646,0.454,0.4593,0.3946,0.3533,DROWSY,0,0,Windows,unspecified
22:56:11.846,190.507,0.4646,0.4394,0.452,0.3973,0.3467,NORMAL,0,0,Windows,unspecified
22:56:11.875,190.536,0.4701,0.4394,0.4548,0.4045,0.34,NORMAL,0,0,Windows,unspecified
22:56:11.908,190.569,0.4701,0.4419,0.456,0.4102,0.3333,NORMAL,0,0,Windows,unspecified
22:56:11.939,190.6,0.4695,0.4461,0.4578,0.4102,0.3267,NORMAL,0,0,Windows,unspecified
22:56:11.971,190.633,0.4693,0.4419,0.4556,0.4029,0.32,NORMAL,0,0,Windows,unspecified
22:56:12.003,190.664,0.4563,0.4419,0.4491,0.4029,0.3133,NORMAL,0,0,Windows,unspecified
22:56:12.034,190.695,0.4563,0.4272,0.4417,0.4063,0.3067,NORMAL,0,0,Windows,unspecified
22:56:12.067,190.728,0.4563,0.4272,0.4417,0.4077,0.3,NORMAL,0,0,Windows,unspecified
22:56:12.096,190.757,0.4563,0.4272,0.4417,0.4112,0.2933,NORMAL,0,0,Windows,unspecified
22:56:12.142,190.803,0.4563,0.4272,0.4417,0.4112,0.2867,NORMAL,0,0,Windows,unspecified
22:56:12.175,190.836,0.4563,0.4272,0.4417,0.4075,0.28,NORMAL,0,0,Windows,unspecified
22:56:12.204,190.865,0.4563,0.4272,0.4417,0.4075,0.2733,NORMAL,0,0,Windows,unspecified
22:56:12.237,190.898,0.4418,0.4272,0.4345,0.4075,0.2667,NORMAL,0,0,Windows,unspecified
22:56:12.268,190.929,0.4418,0.4277,0.4348,0.4075,0.26,NORMAL,0,0,Windows,unspecified
22:56:12.300,190.961,0.4418,0.4277,0.4348,0.3993,0.2533,NORMAL,0,0,Windows,unspecified
22:56:12.330,190.991,0.4418,0.4277,0.4348,0.4041,0.2467,NORMAL,0,0,Windows,unspecified
22:56:12.361,191.022,0.4552,0.4399,0.4475,0.4005,0.24,NORMAL,0,0,Windows,unspecified
22:56:12.393,191.054,0.4497,0.4399,0.4448,0.4005,0.2333,NORMAL,0,0,Windows,unspecified
22:56:12.424,191.085,0.4497,0.4399,0.4448,0.4017,0.2267,NORMAL,0,0,Windows,unspecified
22:56:12.456,191.117,0.4497,0.4399,0.4448,0.4017,0.22,NORMAL,0,0,Windows,unspecified
22:56:12.485,191.146,0.4497,0.4399,0.4448,0.4066,0.2133,NORMAL,0,0,Windows,unspecified
22:56:12.519,191.18,0.4497,0.4399,0.4448,0.4066,0.2067,NORMAL,0,0,Windows,unspecified
22:56:12.551,191.212,0.4497,0.4399,0.4448,0.4066,0.2,NORMAL,0,0,Windows,unspecified
22:56:12.581,191.242,0.4497,0.4399,0.4448,0.4066,0.1933,NORMAL,0,0,Windows,unspecified
22:56:12.612,191.273,0.4497,0.4281,0.4389,0.4125,0.1867,NORMAL,0,0,Windows,unspecified
22:56:12.644,191.305,0.4497,0.4281,0.4389,0.4092,0.18,NORMAL,0,0,Windows,unspecified
22:56:12.674,191.335,0.4497,0.4281,0.4389,0.4079,0.1733,NORMAL,0,0,Windows,unspecified
22:56:12.705,191.366,0.4365,0.4281,0.4323,0.4009,0.1667,NORMAL,0,0,Windows,unspecified
22:56:12.737,191.398,0.4365,0.4281,0.4323,0.4079,0.16,NORMAL,0,0,Windows,unspecified
22:56:12.766,191.427,0.4504,0.4281,0.4392,0.4079,0.1533,NORMAL,0,0,Windows,unspecified
22:56:12.800,191.461,0.4366,0.4281,0.4324,0.3973,0.1467,NORMAL,0,0,Windows,unspecified
22:56:12.829,191.491,0.437,0.3957,0.4164,0.4006,0.14,NORMAL,0,0,Windows,unspecified
22:56:12.878,191.539,0.4509,0.4239,0.4374,0.4031,0.1333,NORMAL,0,0,Windows,unspecified
22:56:12.907,191.568,0.4646,0.4352,0.4499,0.4021,0.1267,NORMAL,0,0,Windows,unspecified
22:56:12.943,191.604,0.4646,0.4399,0.4522,0.3938,0.12,NORMAL,0,0,Windows,unspecified
22:56:12.986,191.647,0.4503,0.4399,0.4451,0.3958,0.1133,NORMAL,0,0,Windows,unspecified
22:56:13.017,191.678,0.4355,0.4399,0.4377,0.4088,0.1067,NORMAL,0,0,Windows,unspecified
22:56:13.046,191.707,0.4219,0.4281,0.425,0.4088,0.1,NORMAL,0,0,Windows,unspecified
22:56:13.078,191.739,0.4219,0.4281,0.425,0.4031,0.0933,NORMAL,0,0,Windows,unspecified
22:56:13.108,191.769,0.4361,0.4281,0.4321,0.4031,0.0867,NORMAL,0,0,Windows,unspecified
22:56:13.140,191.801,0.4361,0.4399,0.438,0.4031,0.08,NORMAL,0,0,Windows,unspecified
22:56:13.172,191.833,0.4355,0.4281,0.4318,0.4031,0.0733,NORMAL,0,0,Windows,unspecified
22:56:13.203,191.864,0.4365,0.4423,0.4394,0.3993,0.0667,NORMAL,0,0,Windows,unspecified
22:56:13.234,191.895,0.4365,0.4423,0.4394,0.3935,0.06,NORMAL,0,0,Windows,unspecified
22:56:13.277,191.938,0.4365,0.4565,0.4465,0.396,0.0533,NORMAL,0,0,Windows,unspecified
22:56:14.048,192.709,0.4365,0.4281,0.4323,0.4076,0.0467,NORMAL,0,0,Windows,unspecified
22:56:14.076,192.737,0.4365,0.4281,0.4323,0.4027,0.04,NORMAL,0,0,Windows,unspecified
22:56:14.110,192.771,0.4365,0.4281,0.4323,0.4027,0.0333,NORMAL,0,0,Windows,unspecified
22:56:14.139,192.8,0.4365,0.4277,0.4321,0.4027,0.0267,NORMAL,0,0,Windows,unspecified
22:56:14.173,192.834,0.409,0.3992,0.4041,0.4053,0.02,NORMAL,0,0,Windows,unspecified
22:56:14.202,192.863,0.4096,0.3997,0.4047,0.4053,0.0133,NORMAL,0,0,Windows,unspecified
22:56:14.235,192.896,0.2827,0.2693,0.276,0.4076,0.0067,NORMAL,0,0,Windows,unspecified
22:56:14.265,192.926,0.2669,0.2693,0.2681,0.4091,0.0,NORMAL,0,0,Windows,unspecified
22:56:14.297,192.959,0.2473,0.2395,0.2434,0.3981,0.0,NORMAL,0,0,Windows,unspecified
22:56:14.330,192.992,0.2473,0.2416,0.2444,0.4029,0.0,NORMAL,0,0,Windows,unspecified
22:56:14.362,193.023,0.2552,0.2416,0.2484,0.4008,0.0,NORMAL,0,0,Windows,unspecified
22:56:14.393,193.055,0.2622,0.2416,0.2519,0.4042,0.0,NORMAL,0,0,Windows,unspecified
22:56:14.425,193.086,0.2622,0.2488,0.2555,0.3986,0.0,NORMAL,0,0,Windows,unspecified
22:56:14.457,193.118,0.2622,0.2716,0.2669,0.3986,0.0,NORMAL,0,0,Windows,unspecified
22:56:14.489,193.15,0.2622,0.2716,0.2669,0.3965,0.0,NORMAL,0,0,Windows,unspecified
22:56:14.519,193.18,0.2576,0.2566,0.2571,0.4013,0.0,NORMAL,0,0,Windows,unspecified
22:56:14.549,193.211,0.2576,0.2416,0.2496,0.3894,0.0,NORMAL,0,0,Windows,unspecified
22:56:14.581,193.242,0.2576,0.2416,0.2496,0.3988,0.0,NORMAL,0,0,Windows,unspecified
22:56:14.612,193.273,0.2477,0.2407,0.2442,0.4,0.0,NORMAL,0,0,Windows,unspecified
22:56:14.643,193.304,0.2477,0.2407,0.2442,0.4,0.0,NORMAL,0,0,Windows,unspecified
22:56:14.675,193.336,0.2557,0.2256,0.2407,0.4,0.0,NORMAL,0,0,Windows,unspecified
22:56:14.705,193.366,0.2557,0.2323,0.244,0.3944,0.0,NORMAL,0,0,Windows,unspecified
22:56:14.734,193.395,0.2605,0.2323,0.2464,0.4,0.0,NORMAL,0,0,Windows,unspecified
22:56:14.767,193.428,0.2557,0.2323,0.244,0.3939,0.0,NORMAL,0,0,Windows,unspecified
22:56:14.803,193.464,0.2557,0.2169,0.2363,0.3963,0.0067,NORMAL,1,0,Windows,unspecified
22:56:14.830,193.491,0.2557,0.2246,0.2402,0.3963,0.0067,NORMAL,0,0,Windows,unspecified
22:56:14.877,193.538,0.2401,0.2246,0.2324,0.3937,0.0133,NORMAL,1,0,Windows,unspecified
22:56:14.910,193.571,0.2401,0.2235,0.2318,0.3966,0.02,NORMAL,2,0,Windows,unspecified
22:56:14.939,193.6,0.2401,0.2235,0.2318,0.3966,0.0267,NORMAL,3,0,Windows,unspecified
22:56:14.975,193.636,0.2401,0.2246,0.2324,0.4023,0.0333,NORMAL,4,0,Windows,unspecified
22:56:15.006,193.668,0.2401,0.2169,0.2285,0.3999,0.04,NORMAL,5,0,Windows,unspecified
22:56:15.034,193.695,0.2401,0.2169,0.2285,0.3954,0.0467,NORMAL,6,0,Windows,unspecified
22:56:15.072,193.733,0.2326,0.2169,0.2247,0.3954,0.0533,NORMAL,7,0,Windows,unspecified
22:56:15.099,193.76,0.2326,0.2169,0.2247,0.3938,0.06,NORMAL,8,0,Windows,unspecified
22:56:15.132,193.793,0.2326,0.2235,0.2281,0.3904,0.0667,NORMAL,9,0,Windows,unspecified
22:56:15.161,193.822,0.2327,0.2246,0.2287,0.3984,0.0733,WARNING,10,0,Windows,unspecified
22:56:15.202,193.863,0.2396,0.2246,0.2321,0.3986,0.08,WARNING,11,0,Windows,unspecified
22:56:15.237,193.898,0.2396,0.2246,0.2321,0.4034,0.0867,WARNING,12,0,Windows,unspecified
22:56:15.274,193.935,0.2733,0.2564,0.2648,0.3986,0.0867,NORMAL,0,0,Windows,unspecified
22:56:15.299,193.96,0.2731,0.2891,0.2811,0.4067,0.0867,NORMAL,0,0,Windows,unspecified
22:56:15.340,194.001,0.3756,0.3502,0.3629,0.4067,0.0867,NORMAL,0,0,Windows,unspecified
22:56:15.377,194.038,0.4094,0.3654,0.3874,0.393,0.0867,NORMAL,0,0,Windows,unspecified
22:56:15.406,194.068,0.4242,0.3815,0.4029,0.4018,0.0867,NORMAL,0,0,Windows,unspecified
22:56:15.439,194.1,0.4293,0.4001,0.4147,0.4018,0.0867,NORMAL,0,0,Windows,unspecified
22:56:15.473,194.134,0.4443,0.4148,0.4295,0.3985,0.0867,NORMAL,0,0,Windows,unspecified
22:56:15.503,194.164,0.4309,0.4148,0.4228,0.4067,0.0867,NORMAL,0,0,Windows,unspecified
22:56:15.532,194.194,0.4314,0.4277,0.4296,0.4067,0.0867,NORMAL,0,0,Windows,unspecified
22:56:15.567,194.228,0.4314,0.4281,0.4298,0.4067,0.0867,NORMAL,0,0,Windows,unspecified
22:56:15.599,194.26,0.4361,0.4281,0.4321,0.4067,0.0867,NORMAL,0,0,Windows,unspecified
22:56:15.631,194.292,0.4233,0.4281,0.4257,0.4139,0.0867,NORMAL,0,0,Windows,unspecified
22:56:15.679,194.34,0.4233,0.4281,0.4257,0.4139,0.0867,NORMAL,0,0,Windows,unspecified
22:56:15.710,194.371,0.4233,0.4281,0.4257,0.4139,0.0867,NORMAL,0,0,Windows,unspecified
22:56:15.744,194.405,0.4233,0.4281,0.4257,0.4125,0.0867,NORMAL,0,0,Windows,unspecified
22:56:15.772,194.433,0.4233,0.4281,0.4257,0.4125,0.0867,NORMAL,0,0,Windows,unspecified
22:56:15.806,194.467,0.4233,0.4281,0.4257,0.4125,0.0867,NORMAL,0,0,Windows,unspecified
22:56:15.835,194.496,0.4233,0.4281,0.4257,0.4125,0.0867,NORMAL,0,0,Windows,unspecified
22:56:15.870,194.532,0.4372,0.4281,0.4326,0.3993,0.0867,NORMAL,0,0,Windows,unspecified
22:56:15.897,194.558,0.4372,0.4281,0.4326,0.4006,0.0867,NORMAL,0,0,Windows,unspecified
22:56:15.931,194.592,0.4372,0.4281,0.4326,0.4006,0.0867,NORMAL,0,0,Windows,unspecified
22:56:15.959,194.62,0.4372,0.4281,0.4326,0.4006,0.0867,NORMAL,0,0,Windows,unspecified
22:56:15.996,194.658,0.4372,0.4281,0.4326,0.4021,0.0867,NORMAL,0,0,Windows,unspecified
22:56:16.022,194.683,0.4372,0.4281,0.4326,0.4058,0.0867,NORMAL,0,0,Windows,unspecified
22:56:16.079,194.74,0.4188,0.3997,0.4092,0.4031,0.0867,NORMAL,0,0,Windows,unspecified
22:56:16.115,194.776,0.4219,0.3987,0.4103,0.3961,0.0867,NORMAL,0,0,Windows,unspecified
22:56:16.147,194.808,0.3252,0.3224,0.3238,0.3961,0.0867,NORMAL,0,0,Windows,unspecified
22:56:16.178,194.839,0.3192,0.2925,0.3058,0.3961,0.0867,NORMAL,0,0,Windows,unspecified
22:56:16.210,194.871,0.3192,0.3008,0.31,0.4009,0.0867,NORMAL,0,0,Windows,unspecified
22:56:16.243,194.904,0.319,0.3159,0.3175,0.396,0.0867,NORMAL,0,0,Windows,unspecified
22:56:16.273,194.934,0.3262,0.3309,0.3286,0.396,0.0867,NORMAL,0,0,Windows,unspecified
22:56:16.304,194.965,0.3262,0.3281,0.3272,0.4009,0.0867,NORMAL,0,0,Windows,unspecified
22:56:16.333,194.994,0.3262,0.3281,0.3272,0.4058,0.0867,NORMAL,0,0,Windows,unspecified
22:56:16.368,195.029,0.3547,0.3281,0.3414,0.3997,0.0867,NORMAL,0,0,Windows,unspecified
22:56:16.398,195.059,0.3547,0.3281,0.3414,0.4029,0.0867,NORMAL,0,0,Windows,unspecified
22:56:16.428,195.089,0.3405,0.3281,0.3343,0.4029,0.0867,NORMAL,0,0,Windows,unspecified
22:56:16.478,195.139,0.3405,0.3132,0.3269,0.4008,0.0867,NORMAL,0,0,Windows,unspecified
22:56:16.509,195.17,0.3405,0.3132,0.3269,0.4008,0.0867,NORMAL,0,0,Windows,unspecified
22:56:16.539,195.2,0.3405,0.3139,0.3272,0.4008,0.0867,NORMAL,0,0,Windows,unspecified
22:56:16.570,195.232,0.3405,0.3139,0.3272,0.4008,0.0867,NORMAL,0,0,Windows,unspecified
22:56:16.608,195.269,0.3405,0.3139,0.3272,0.3972,0.0867,NORMAL,0,0,Windows,unspecified
22:56:16.632,195.293,0.3222,0.3139,0.318,0.4019,0.0867,NORMAL,0,0,Windows,unspecified
22:56:16.672,195.333,0.322,0.3139,0.3179,0.3993,0.0867,NORMAL,0,0,Windows,unspecified
22:56:16.695,195.356,0.319,0.3139,0.3165,0.4075,0.0867,NORMAL,0,0,Windows,unspecified
22:56:16.733,195.394,0.319,0.3052,0.3121,0.4041,0.0867,NORMAL,0,0,Windows,unspecified
22:56:16.759,195.42,0.319,0.3052,0.3121,0.4041,0.0867,NORMAL,0,0,Windows,unspecified
22:56:16.798,195.459,0.319,0.3052,0.3121,0.4009,0.0867,NORMAL,0,0,Windows,unspecified
22:56:16.822,195.483,0.3192,0.3052,0.3122,0.4009,0.0867,NORMAL,0,0,Windows,unspecified
22:56:16.878,195.539,0.319,0.3045,0.3118,0.4009,0.0867,NORMAL,0,0,Windows,unspecified
22:56:16.900,195.561,0.319,0.3045,0.3118,0.4009,0.0867,NORMAL,0,0,Windows,unspecified
22:56:16.943,195.605,0.319,0.3132,0.3161,0.4026,0.0867,NORMAL,0,0,Windows,unspecified
22:56:16.977,195.638,0.319,0.3132,0.3161,0.3976,0.0867,NORMAL,0,0,Windows,unspecified
22:56:17.011,195.672,0.319,0.3132,0.3161,0.3976,0.0867,NORMAL,0,0,Windows,unspecified
22:56:17.041,195.702,0.319,0.3132,0.3161,0.3976,0.0867,NORMAL,0,0,Windows,unspecified
22:56:17.073,195.734,0.319,0.3132,0.3161,0.3976,0.0867,NORMAL,0,0,Windows,unspecified
22:56:17.103,195.764,0.319,0.3132,0.3161,0.3976,0.0867,NORMAL,0,0,Windows,unspecified
22:56:17.134,195.796,0.319,0.3132,0.3161,0.4046,0.0867,NORMAL,0,0,Windows,unspecified
22:56:17.165,195.826,0.319,0.3281,0.3236,0.4046,0.0867,NORMAL,0,0,Windows,unspecified
22:56:17.201,195.862,0.319,0.3132,0.3161,0.4046,0.0867,NORMAL,0,0,Windows,unspecified
22:56:17.229,195.89,0.319,0.3132,0.3161,0.4046,0.0867,NORMAL,0,0,Windows,unspecified
22:56:17.282,195.943,0.319,0.3132,0.3161,0.4009,0.0867,NORMAL,0,0,Windows,unspecified
22:56:17.306,195.967,0.319,0.3132,0.3161,0.4009,0.0867,NORMAL,0,0,Windows,unspecified
22:56:17.344,196.005,0.319,0.3132,0.3161,0.4009,0.0867,NORMAL,0,0,Windows,unspecified
22:56:17.369,196.03,0.319,0.3132,0.3161,0.4049,0.0867,NORMAL,0,0,Windows,unspecified
22:56:17.405,196.066,0.3192,0.3132,0.3162,0.4049,0.0867,NORMAL,0,0,Windows,unspecified
22:56:17.432,196.093,0.3142,0.3132,0.3137,0.4049,0.0867,NORMAL,0,0,Windows,unspecified
22:56:17.469,196.13,0.314,0.3132,0.3136,0.4021,0.0867,NORMAL,0,0,Windows,unspecified
22:56:17.497,196.158,0.314,0.3132,0.3136,0.4087,0.0867,NORMAL,0,0,Windows,unspecified
22:56:17.534,196.196,0.314,0.3132,0.3136,0.4066,0.0867,NORMAL,0,0,Windows,unspecified
22:56:17.558,196.22,0.3324,0.3139,0.3232,0.408,0.0867,NORMAL,0,0,Windows,unspecified
22:56:17.596,196.257,0.3324,0.3139,0.3232,0.4032,0.0867,NORMAL,0,0,Windows,unspecified
22:56:17.620,196.281,0.3324,0.3132,0.3228,0.4032,0.0867,NORMAL,0,0,Windows,unspecified
22:56:17.678,196.339,0.3262,0.3132,0.3197,0.4008,0.0867,NORMAL,0,0,Windows,unspecified
22:56:17.713,196.374,0.3123,0.3132,0.3127,0.4077,0.0867,NORMAL,0,0,Windows,unspecified
22:56:17.747,196.408,0.3123,0.3132,0.3127,0.4101,0.0867,NORMAL,0,0,Windows,unspecified
22:56:17.778,196.439,0.3123,0.3132,0.3127,0.4032,0.0867,NORMAL,0,0,Windows,unspecified
22:56:17.806,196.467,0.3123,0.323,0.3177,0.408,0.0867,NORMAL,0,0,Windows,unspecified
22:56:17.838,196.499,0.3123,0.3139,0.3131,0.4025,0.0867,NORMAL,0,0,Windows,unspecified
22:56:17.870,196.531,0.3123,0.3139,0.3131,0.408,0.0867,NORMAL,0,0,Windows,unspecified
22:56:17.903,196.564,0.3123,0.3139,0.3131,0.4032,0.0867,NORMAL,0,0,Windows,unspecified
22:56:17.936,196.598,0.3366,0.3415,0.339,0.4032,0.0867,NORMAL,0,0,Windows,unspecified
22:56:17.966,196.627,0.343,0.3415,0.3422,0.3986,0.0867,NORMAL,0,0,Windows,unspecified
22:56:17.999,196.66,0.343,0.323,0.333,0.4032,0.0867,NORMAL,0,0,Windows,unspecified
22:56:18.027,196.688,0.343,0.3383,0.3407,0.4008,0.0867,NORMAL,0,0,Windows,unspecified
22:56:18.076,196.737,0.3422,0.3383,0.3402,0.3989,0.0867,NORMAL,0,0,Windows,unspecified
22:56:18.104,196.765,0.3142,0.323,0.3186,0.4009,0.0867,NORMAL,0,0,Windows,unspecified
22:56:18.145,196.806,0.3142,0.3139,0.3141,0.3941,0.0867,NORMAL,0,0,Windows,unspecified
22:56:18.181,196.842,0.3142,0.3132,0.3137,0.3941,0.0867,NORMAL,0,0,Windows,unspecified
22:56:18.215,196.876,0.3142,0.3132,0.3137,0.4009,0.0867,NORMAL,0,0,Windows,unspecified
22:56:18.244,196.905,0.3142,0.3132,0.3137,0.4029,0.0867,NORMAL,0,0,Windows,unspecified
22:56:18.277,196.938,0.3142,0.3132,0.3137,0.4079,0.0867,NORMAL,0,0,Windows,unspecified
22:56:18.308,196.969,0.3142,0.3132,0.3137,0.4079,0.0867,NORMAL,0,0,Windows,unspecified
22:56:18.339,197.0,0.3124,0.323,0.3177,0.4009,0.0867,NORMAL,0,0,Windows,unspecified
22:56:18.373,197.034,0.3124,0.3139,0.3131,0.4058,0.0867,NORMAL,0,0,Windows,unspecified
22:56:18.402,197.063,0.293,0.3132,0.3031,0.4031,0.0867,NORMAL,0,0,Windows,unspecified
22:56:18.433,197.094,0.3114,0.307,0.3092,0.4031,0.0867,NORMAL,0,0,Windows,unspecified
22:56:18.474,197.135,0.2708,0.2693,0.27,0.4062,0.0867,NORMAL,0,0,Windows,unspecified
22:56:18.513,197.174,0.266,0.2772,0.2716,0.4034,0.0867,NORMAL,0,0,Windows,unspecified
22:56:18.543,197.204,0.263,0.2453,0.2542,0.4034,0.0867,NORMAL,0,0,Windows,unspecified
22:56:18.575,197.236,0.263,0.2416,0.2523,0.3986,0.0867,NORMAL,0,0,Windows,unspecified
22:56:18.606,197.267,0.2503,0.2416,0.2459,0.3986,0.0867,NORMAL,0,0,Windows,unspecified
22:56:18.638,197.299,0.2503,0.2416,0.2459,0.3986,0.0867,NORMAL,0,0,Windows,unspecified
22:56:18.672,197.333,0.2425,0.2602,0.2514,0.4034,0.0867,NORMAL,0,0,Windows,unspecified
22:56:18.702,197.363,0.2425,0.2575,0.25,0.3967,0.0867,NORMAL,0,0,Windows,unspecified
22:56:18.733,197.394,0.2425,0.2575,0.25,0.3986,0.0867,NORMAL,0,0,Windows,unspecified
22:56:18.765,197.426,0.2425,0.2575,0.25,0.3984,0.0867,NORMAL,0,0,Windows,unspecified
22:56:18.798,197.459,0.2425,0.2566,0.2496,0.3984,0.0867,NORMAL,0,0,Windows,unspecified
22:56:18.826,197.487,0.2425,0.264,0.2533,0.3984,0.0867,NORMAL,0,0,Windows,unspecified
22:56:18.878,197.539,0.2425,0.264,0.2533,0.3972,0.0867,NORMAL,0,0,Windows,unspecified
22:56:18.906,197.567,0.2425,0.264,0.2533,0.3972,0.0867,NORMAL,0,0,Windows,unspecified
22:56:18.939,197.6,0.2425,0.264,0.2533,0.4056,0.0867,NORMAL,0,0,Windows,unspecified
22:56:18.967,197.628,0.2425,0.264,0.2533,0.3987,0.0867,NORMAL,0,0,Windows,unspecified
22:56:19.005,197.666,0.2425,0.264,0.2533,0.3973,0.0867,NORMAL,0,0,Windows,unspecified
22:56:19.029,197.69,0.2425,0.264,0.2533,0.3965,0.0867,NORMAL,0,0,Windows,unspecified
22:56:19.071,197.732,0.2425,0.2724,0.2575,0.3953,0.0867,NORMAL,0,0,Windows,unspecified
22:56:19.108,197.77,0.2425,0.2724,0.2575,0.4035,0.0867,NORMAL,0,0,Windows,unspecified
22:56:19.141,197.802,0.2425,0.2724,0.2575,0.4035,0.0867,NORMAL,0,0,Windows,unspecified
22:56:19.170,197.831,0.2503,0.2724,0.2614,0.3966,0.0867,NORMAL,0,0,Windows,unspecified
22:56:19.203,197.864,0.2503,0.2724,0.2614,0.3941,0.0867,NORMAL,0,0,Windows,unspecified
22:56:19.234,197.895,0.2504,0.2724,0.2614,0.3967,0.0867,NORMAL,0,0,Windows,unspecified
22:56:19.277,197.938,0.2504,0.2874,0.2689,0.4015,0.0867,NORMAL,0,0,Windows,unspecified
22:56:19.313,197.974,0.2471,0.2724,0.2597,0.4015,0.0867,NORMAL,0,0,Windows,unspecified
22:56:19.343,198.004,0.2629,0.2707,0.2668,0.3974,0.0867,NORMAL,0,0,Windows,unspecified
22:56:19.376,198.037,0.2473,0.2866,0.2669,0.4055,0.0867,NORMAL,0,0,Windows,unspecified
22:56:19.407,198.068,0.2728,0.2639,0.2683,0.4009,0.0867,NORMAL,0,0,Windows,unspecified
22:56:19.438,198.099,0.2659,0.2724,0.2691,0.4082,0.0867,NORMAL,0,0,Windows,unspecified
22:56:19.472,198.133,0.2816,0.2745,0.278,0.4045,0.0867,NORMAL,0,0,Windows,unspecified
22:56:19.498,198.159,0.2817,0.282,0.2818,0.4006,0.0867,NORMAL,0,0,Windows,unspecified
22:56:19.536,198.197,0.2786,0.2975,0.2881,0.4106,0.0867,NORMAL,0,0,Windows,unspecified
22:56:19.564,198.225,0.2396,0.282,0.2608,0.4106,0.0867,NORMAL,0,0,Windows,unspecified
22:56:19.597,198.258,0.2702,0.2976,0.2839,0.4109,0.0867,NORMAL,0,0,Windows,unspecified
22:56:19.625,198.286,0.2629,0.2675,0.2652,0.4082,0.0867,NORMAL,0,0,Windows,unspecified
22:56:19.679,198.34,0.2396,0.2748,0.2572,0.4083,0.0867,NORMAL,0,0,Windows,unspecified
22:56:19.704,198.365,0.2392,0.2597,0.2495,0.4056,0.0867,NORMAL,0,0,Windows,unspecified
22:56:19.739,198.4,0.2389,0.2577,0.2483,0.4133,0.0867,NORMAL,0,0,Windows,unspecified
22:56:19.763,198.424,0.2205,0.267,0.2438,0.413,0.0867,NORMAL,0,0,Windows,unspecified
22:56:19.807,198.468,0.2084,0.2659,0.2372,0.4134,0.0867,NORMAL,1,0,Windows,unspecified
22:56:19.842,198.503,0.2238,0.2577,0.2407,0.4032,0.0867,NORMAL,0,0,Windows,unspecified
22:56:19.874,198.535,0.2084,0.2358,0.2221,0.4142,0.0867,NORMAL,1,0,Windows,unspecified
22:56:19.903,198.564,0.2072,0.2195,0.2133,0.403,0.0867,NORMAL,2,0,Windows,unspecified
22:56:19.936,198.597,0.2238,0.2358,0.2298,0.4189,0.0867,NORMAL,3,0,Windows,unspecified
22:56:19.967,198.628,0.2151,0.2376,0.2263,0.4189,0.0867,NORMAL,4,0,Windows,unspecified
22:56:19.999,198.66,0.2066,0.2451,0.2259,0.4084,0.0867,NORMAL,5,0,Windows,unspecified
22:56:20.030,198.692,0.1935,0.2288,0.2111,0.4116,0.0867,NORMAL,6,0,Windows,unspecified
22:56:20.078,198.739,0.1997,0.2288,0.2143,0.4122,0.0867,NORMAL,7,0,Windows,unspecified
22:56:20.108,198.769,0.1997,0.1973,0.1985,0.4126,0.0867,NORMAL,8,0,Windows,unspecified
22:56:20.139,198.801,0.19,0.2125,0.2012,0.4094,0.0867,NORMAL,9,0,Windows,unspecified
22:56:20.174,198.835,0.2092,0.2364,0.2228,0.4144,0.0867,WARNING,10,0,Windows,unspecified
22:56:20.206,198.867,0.2314,0.263,0.2472,0.4143,0.08,NORMAL,0,0,Windows,unspecified
22:56:20.236,198.897,0.235,0.2615,0.2483,0.4055,0.0733,NORMAL,0,0,Windows,unspecified
22:56:20.266,198.927,0.2471,0.2615,0.2543,0.408,0.0733,NORMAL,0,0,Windows,unspecified
22:56:20.298,198.959,0.2661,0.287,0.2766,0.4042,0.0733,NORMAL,0,0,Windows,unspecified
22:56:20.338,198.999,0.2717,0.287,0.2793,0.4139,0.0733,NORMAL,0,0,Windows,unspecified
22:56:20.362,199.023,0.2786,0.2615,0.27,0.4132,0.0733,NORMAL,0,0,Windows,unspecified
22:56:20.399,199.06,0.2854,0.2711,0.2782,0.4099,0.0733,NORMAL,0,0,Windows,unspecified
22:56:20.427,199.088,0.2699,0.2841,0.277,0.4088,0.0733,NORMAL,0,0,Windows,unspecified
22:56:20.478,199.139,0.2699,0.2684,0.2692,0.4048,0.0733,NORMAL,0,0,Windows,unspecified
22:56:20.502,199.163,0.2761,0.2832,0.2796,0.4102,0.0733,NORMAL,0,0,Windows,unspecified
22:56:20.546,199.207,0.2786,0.2675,0.273,0.4196,0.0733,NORMAL,0,0,Windows,unspecified
22:56:20.582,199.243,0.2817,0.2841,0.2829,0.4113,0.0733,NORMAL,0,0,Windows,unspecified
22:56:20.612,199.273,0.2974,0.2759,0.2867,0.4042,0.0733,NORMAL,0,0,Windows,unspecified
22:56:20.643,199.304,0.2786,0.2778,0.2782,0.3955,0.0733,NORMAL,0,0,Windows,unspecified
22:56:20.674,199.335,0.2854,0.2759,0.2807,0.3988,0.0733,NORMAL,0,0,Windows,unspecified
22:56:20.706,199.367,0.2973,0.2922,0.2947,0.3955,0.0733,NORMAL,0,0,Windows,unspecified
22:56:20.736,199.397,0.2854,0.2841,0.2847,0.4052,0.0733,NORMAL,0,0,Windows,unspecified
22:56:20.768,199.429,0.2973,0.2908,0.294,0.3993,0.0733,NORMAL,0,0,Windows,unspecified
22:56:20.796,199.457,0.285,0.282,0.2835,0.3935,0.0733,NORMAL,0,0,Windows,unspecified
22:56:20.831,199.492,0.2973,0.2931,0.2952,0.401,0.0733,NORMAL,0,0,Windows,unspecified
22:56:20.880,199.541,0.3028,0.2756,0.2892,0.3907,0.0733,NORMAL,0,0,Windows,unspecified
22:56:20.906,199.568,0.3016,0.2916,0.2966,0.3942,0.0733,NORMAL,0,0,Windows,unspecified
22:56:20.943,199.604,0.2875,0.282,0.2848,0.3913,0.0733,NORMAL,0,0,Windows,unspecified
22:56:20.968,199.63,0.3011,0.282,0.2915,0.3959,0.0733,NORMAL,0,0,Windows,unspecified
22:56:21.007,199.668,0.2917,0.2748,0.2832,0.3995,0.0733,NORMAL,0,0,Windows,unspecified
22:56:21.033,199.694,0.3011,0.2832,0.2921,0.4067,0.0733,NORMAL,0,0,Windows,unspecified
22:56:21.073,199.734,0.3011,0.282,0.2915,0.403,0.0733,NORMAL,0,0,Windows,unspecified
22:56:21.095,199.756,0.3016,0.2729,0.2872,0.4006,0.0733,NORMAL,0,0,Windows,unspecified
22:56:21.132,199.793,0.2921,0.2889,0.2905,0.3958,0.0733,NORMAL,0,0,Windows,unspecified
22:56:21.157,199.818,0.2921,0.3039,0.298,0.4023,0.0733,NORMAL,0,0,Windows,unspecified
22:56:21.200,199.861,0.3074,0.2916,0.2995,0.4068,0.0733,NORMAL,0,0,Windows,unspecified
22:56:21.237,199.898,0.3261,0.2997,0.3129,0.4051,0.0733,NORMAL,0,0,Windows,unspecified
22:56:21.278,199.939,0.3223,0.3068,0.3146,0.4067,0.0733,NORMAL,0,0,Windows,unspecified
22:56:21.300,199.961,0.3223,0.3213,0.3218,0.405,0.0733,NORMAL,0,0,Windows,unspecified
22:56:21.338,199.999,0.3223,0.3304,0.3264,0.3995,0.0733,NORMAL,0,0,Windows,unspecified
22:56:21.362,200.023,0.3223,0.3304,0.3264,0.3995,0.0733,NORMAL,0,0,Windows,unspecified
22:56:21.404,200.065,0.3288,0.3154,0.3221,0.4039,0.0733,NORMAL,0,0,Windows,unspecified
22:56:21.440,200.101,0.3169,0.3093,0.3131,0.4025,0.0733,NORMAL,0,0,Windows,unspecified
22:56:21.471,200.132,0.3207,0.2931,0.3069,0.4051,0.0733,NORMAL,0,0,Windows,unspecified
22:56:21.504,200.165,0.2973,0.2841,0.2907,0.4018,0.0733,NORMAL,0,0,Windows,unspecified
22:56:21.536,200.197,0.2816,0.2841,0.2828,0.3944,0.0733,NORMAL,0,0,Windows,unspecified
22:56:21.567,200.228,0.2816,0.2922,0.2869,0.4003,0.0733,NORMAL,0,0,Windows,unspecified
22:56:21.600,200.261,0.2816,0.294,0.2878,0.3972,0.0733,NORMAL,0,0,Windows,unspecified
22:56:21.628,200.289,0.2659,0.294,0.2799,0.3972,0.0733,NORMAL,0,0,Windows,unspecified
22:56:21.681,200.342,0.2816,0.294,0.2878,0.392,0.0733,NORMAL,0,0,Windows,unspecified
22:56:21.706,200.367,0.3016,0.294,0.2978,0.392,0.0733,NORMAL,0,0,Windows,unspecified
22:56:21.742,200.403,0.2941,0.2841,0.2891,0.3907,0.0733,NORMAL,0,0,Windows,unspecified
22:56:21.771,200.432,0.2941,0.2841,0.2891,0.3959,0.0733,NORMAL,0,0,Windows,unspecified
22:56:21.808,200.47,0.2941,0.282,0.2881,0.3959,0.0733,NORMAL,0,0,Windows,unspecified
22:56:21.831,200.492,0.2941,0.282,0.2881,0.3907,0.0733,NORMAL,0,0,Windows,unspecified
22:56:21.871,200.532,0.2941,0.282,0.2881,0.3959,0.0733,NORMAL,0,0,Windows,unspecified
22:56:21.895,200.556,0.2941,0.2984,0.2963,0.3959,0.0733,NORMAL,0,0,Windows,unspecified
22:56:21.931,200.592,0.2941,0.2984,0.2963,0.3959,0.0733,NORMAL,0,0,Windows,unspecified
22:56:21.958,200.619,0.2941,0.2975,0.2958,0.3989,0.0733,NORMAL,0,0,Windows,unspecified
22:56:21.997,200.658,0.2941,0.2975,0.2958,0.4009,0.0733,NORMAL,0,0,Windows,unspecified
22:56:22.022,200.683,0.2941,0.2967,0.2954,0.4009,0.0733,NORMAL,0,0,Windows,unspecified
22:56:22.076,200.737,0.2941,0.2989,0.2965,0.4009,0.0733,NORMAL,0,0,Windows,unspecified
22:56:22.118,200.779,0.2941,0.2998,0.297,0.4009,0.0733,NORMAL,0,0,Windows,unspecified
22:56:22.147,200.808,0.2941,0.2998,0.297,0.4009,0.0733,NORMAL,0,0,Windows,unspecified
22:56:22.178,200.84,0.2941,0.2998,0.297,0.3958,0.0733,NORMAL,0,0,Windows,unspecified
22:56:22.208,200.869,0.2946,0.2998,0.2972,0.403,0.0733,NORMAL,0,0,Windows,unspecified
22:56:22.239,200.9,0.2973,0.2841,0.2907,0.408,0.0733,NORMAL,0,0,Windows,unspecified
22:56:22.272,200.933,0.2816,0.2832,0.2824,0.4007,0.0733,NORMAL,0,0,Windows,unspecified
22:56:22.303,200.964,0.2816,0.2922,0.2869,0.4007,0.0733,NORMAL,0,0,Windows,unspecified
22:56:22.331,200.992,0.2816,0.2922,0.2869,0.4007,0.0733,NORMAL,0,0,Windows,unspecified
22:56:22.366,201.027,0.2816,0.2922,0.2869,0.4007,0.0733,NORMAL,0,0,Windows,unspecified
22:56:22.394,201.055,0.2859,0.2841,0.285,0.3951,0.0733,NORMAL,0,0,Windows,unspecified
22:56:22.426,201.087,0.2816,0.2841,0.2828,0.3993,0.0733,NORMAL,0,0,Windows,unspecified
22:56:22.480,201.141,0.2629,0.2841,0.2735,0.4037,0.0733,NORMAL,0,0,Windows,unspecified
22:56:22.505,201.166,0.2659,0.2841,0.275,0.4063,0.0733,NORMAL,0,0,Windows,unspecified
22:56:22.544,201.205,0.2659,0.2841,0.275,0.401,0.0733,NORMAL,0,0,Windows,unspecified
22:56:22.569,201.23,0.2659,0.2849,0.2754,0.4062,0.0733,NORMAL,0,0,Windows,unspecified
22:56:22.606,201.267,0.2659,0.2849,0.2754,0.4031,0.0733,NORMAL,0,0,Windows,unspecified
22:56:22.633,201.294,0.2659,0.2849,0.2754,0.4031,0.0733,NORMAL,0,0,Windows,unspecified
22:56:22.673,201.334,0.2659,0.2849,0.2754,0.3979,0.0733,NORMAL,0,0,Windows,unspecified
22:56:22.710,201.371,0.2677,0.2693,0.2685,0.3961,0.0733,NORMAL,0,0,Windows,unspecified
22:56:22.743,201.404,0.2629,0.2693,0.2661,0.3909,0.0733,NORMAL,0,0,Windows,unspecified
22:56:22.773,201.434,0.2629,0.2693,0.2661,0.3909,0.0733,NORMAL,0,0,Windows,unspecified
22:56:22.805,201.466,0.2471,0.2711,0.2591,0.3858,0.0733,NORMAL,0,0,Windows,unspecified
22:56:22.836,201.497,0.2315,0.2553,0.2434,0.3976,0.0733,NORMAL,0,0,Windows,unspecified
22:56:22.875,201.536,0.2001,0.2324,0.2163,0.3987,0.08,NORMAL,1,0,Windows,unspecified
22:56:22.901,201.562,0.1804,0.2172,0.1988,0.3953,0.0867,NORMAL,2,0,Windows,unspecified
22:56:22.945,201.606,0.169,0.1868,0.1779,0.3897,0.0933,NORMAL,3,0,Windows,unspecified
22:56:22.976,201.637,0.1485,0.1868,0.1677,0.3852,0.1,NORMAL,4,0,Windows,unspecified
22:56:23.007,201.668,0.1784,0.2172,0.1978,0.3953,0.1067,NORMAL,5,0,Windows,unspecified
22:56:23.041,201.702,0.1746,0.2031,0.1888,0.3925,0.1133,NORMAL,6,0,Windows,unspecified
22:56:23.070,201.731,0.1441,0.1868,0.1655,0.3812,0.12,NORMAL,7,0,Windows,unspecified
22:56:23.103,201.764,0.1441,0.1868,0.1655,0.3824,0.1267,NORMAL,8,0,Windows,unspecified
22:56:23.134,201.795,0.1441,0.1868,0.1655,0.3837,0.1333,NORMAL,9,0,Windows,unspecified
22:56:23.166,201.827,0.1441,0.1814,0.1627,0.3863,0.14,WARNING,10,0,Windows,unspecified
22:56:23.196,201.857,0.1441,0.1814,0.1627,0.3852,0.1467,WARNING,11,0,Windows,unspecified
22:56:23.227,201.888,0.1397,0.1814,0.1605,0.3816,0.1533,WARNING,12,0,Windows,unspecified
22:56:23.278,201.939,0.1397,0.1837,0.1617,0.3882,0.16,WARNING,13,0,Windows,unspecified
22:56:23.304,201.965,0.1422,0.1814,0.1618,0.3882,0.1667,WARNING,14,0,Windows,unspecified
22:56:23.344,202.005,0.1441,0.1868,0.1655,0.3909,0.1733,WARNING,15,0,Windows,unspecified
22:56:23.367,202.028,0.1397,0.1868,0.1633,0.3909,0.18,WARNING,16,0,Windows,unspecified
22:56:23.408,202.069,0.1397,0.185,0.1623,0.3897,0.1867,WARNING,17,0,Windows,unspecified
22:56:23.429,202.09,0.1441,0.1997,0.1719,0.383,0.1933,WARNING,18,0,Windows,unspecified
22:56:23.472,202.133,0.1486,0.1814,0.165,0.3882,0.2,WARNING,19,0,Windows,unspecified
22:56:23.506,202.167,0.1441,0.1801,0.1621,0.3837,0.2067,DROWSY,20,0,Windows,unspecified
22:56:23.540,202.201,0.1441,0.1801,0.1621,0.3904,0.2133,DROWSY,21,0,Windows,unspecified
22:56:23.570,202.231,0.1441,0.1801,0.1621,0.3852,0.22,DROWSY,22,0,Windows,unspecified
22:56:23.615,202.276,0.1441,0.1801,0.1621,0.3871,0.2267,DROWSY,23,0,Windows,unspecified
22:56:23.645,202.306,0.1486,0.1801,0.1643,0.3945,0.2333,DROWSY,24,0,Windows,unspecified
22:56:23.680,202.341,0.1486,0.1801,0.1643,0.3909,0.24,DROWSY,25,0,Windows,unspecified
22:56:23.709,202.37,0.1486,0.1801,0.1643,0.3953,0.2467,DROWSY,26,0,Windows,unspecified
22:56:23.739,202.4,0.1486,0.1801,0.1643,0.3902,0.2533,DROWSY,27,0,Windows,unspecified
22:56:23.773,202.434,0.1486,0.1801,0.1643,0.3953,0.26,DROWSY,28,0,Windows,unspecified
22:56:23.808,202.469,0.1486,0.1856,0.1671,0.4005,0.2667,DROWSY,29,0,Windows,unspecified
22:56:23.837,202.498,0.1486,0.1856,0.1671,0.4005,0.2733,DROWSY,30,0,Windows,unspecified
22:56:23.870,202.531,0.1486,0.1856,0.1671,0.3928,0.28,DROWSY,31,0,Windows,unspecified
22:56:23.898,202.559,0.1486,0.1856,0.1671,0.3913,0.2867,DROWSY,32,0,Windows,unspecified
22:56:23.936,202.597,0.2315,0.2456,0.2385,0.3897,0.2933,DROWSY,33,0,Windows,unspecified
22:56:23.964,202.625,0.2708,0.2597,0.2653,0.3861,0.2933,NORMAL,0,0,Windows,unspecified
22:56:24.012,202.673,0.3482,0.3543,0.3512,0.3849,0.2933,NORMAL,0,0,Windows,unspecified
22:56:24.038,202.699,0.3826,0.3672,0.3749,0.3804,0.2933,NORMAL,0,0,Windows,unspecified
22:56:24.075,202.736,0.3972,0.4157,0.4064,0.3856,0.2933,NORMAL,0,0,Windows,unspecified
22:56:24.100,202.762,0.4295,0.4118,0.4206,0.3882,0.2933,NORMAL,0,0,Windows,unspecified
22:56:24.145,202.806,0.4303,0.4072,0.4188,0.3884,0.2933,NORMAL,0,0,Windows,unspecified
22:56:24.180,202.841,0.4343,0.409,0.4216,0.3884,0.2933,NORMAL,0,0,Windows,unspecified
22:56:24.210,202.872,0.4343,0.409,0.4216,0.3935,0.2933,NORMAL,0,0,Windows,unspecified
22:56:24.243,202.904,0.4213,0.4103,0.4158,0.3904,0.2933,NORMAL,0,0,Windows,unspecified
22:56:24.272,202.933,0.4357,0.4249,0.4303,0.3892,0.2933,NORMAL,0,0,Windows,unspecified
22:56:24.303,202.964,0.4505,0.4249,0.4377,0.3892,0.2933,NORMAL,0,0,Windows,unspecified
22:56:24.337,202.998,0.4505,0.4249,0.4377,0.3884,0.2933,NORMAL,0,0,Windows,unspecified
22:56:24.366,203.027,0.4505,0.4249,0.4377,0.3953,0.2933,NORMAL,0,0,Windows,unspecified
22:56:24.413,203.074,0.4505,0.4395,0.445,0.3905,0.2933,NORMAL,0,0,Windows,unspecified
22:56:24.444,203.105,0.4505,0.4244,0.4375,0.3932,0.2933,NORMAL,0,0,Windows,unspecified
22:56:24.475,203.136,0.4357,0.4217,0.4287,0.3879,0.2933,NORMAL,0,0,Windows,unspecified
22:56:24.507,203.168,0.4357,0.4217,0.4287,0.3879,0.2933,NORMAL,0,0,Windows,unspecified
22:56:24.543,203.204,0.4357,0.4222,0.429,0.3978,0.2933,NORMAL,0,0,Windows,unspecified
22:56:24.570,203.232,0.4213,0.4103,0.4158,0.4042,0.2933,NORMAL,0,0,Windows,unspecified
22:56:24.608,203.269,0.4357,0.4222,0.429,0.4042,0.2933,NORMAL,0,0,Windows,unspecified
22:56:24.632,203.293,0.4357,0.4222,0.429,0.399,0.2933,NORMAL,0,0,Windows,unspecified
22:56:24.668,203.329,0.4357,0.4222,0.429,0.3982,0.2933,NORMAL,0,0,Windows,unspecified
22:56:24.694,203.355,0.4357,0.4222,0.429,0.4028,0.2933,NORMAL,0,0,Windows,unspecified
22:56:24.736,203.397,0.4357,0.4222,0.429,0.408,0.2933,NORMAL,0,0,Windows,unspecified
22:56:24.774,203.435,0.4357,0.4103,0.423,0.408,0.2933,NORMAL,0,0,Windows,unspecified
22:56:24.815,203.476,0.4357,0.4103,0.423,0.4064,0.2867,NORMAL,0,0,Windows,unspecified
22:56:24.850,203.511,0.4213,0.4103,0.4158,0.4013,0.2867,NORMAL,0,0,Windows,unspecified
22:56:24.880,203.541,0.4213,0.3958,0.4085,0.4013,0.28,NORMAL,0,0,Windows,unspecified
22:56:24.912,203.573,0.4078,0.3952,0.4015,0.3931,0.2733,NORMAL,0,0,Windows,unspecified
22:56:24.942,203.603,0.3742,0.3802,0.3772,0.3974,0.2667,NORMAL,0,0,Windows,unspecified
22:56:24.975,203.636,0.3832,0.3651,0.3741,0.3947,0.26,NORMAL,0,0,Windows,unspecified
22:56:25.004,203.665,0.3007,0.3068,0.3037,0.3974,0.2533,NORMAL,0,0,Windows,unspecified
22:56:25.035,203.696,0.2729,0.3068,0.2899,0.3928,0.2467,NORMAL,0,0,Windows,unspecified
22:56:25.072,203.733,0.2699,0.2934,0.2817,0.396,0.24,NORMAL,0,0,Windows,unspecified
22:56:25.096,203.757,0.2547,0.2764,0.2656,0.3987,0.2333,NORMAL,0,0,Windows,unspecified
22:56:25.136,203.798,0.2363,0.2781,0.2572,0.3938,0.2267,NORMAL,0,0,Windows,unspecified
22:56:25.161,203.822,0.2363,0.2781,0.2572,0.3938,0.22,NORMAL,0,0,Windows,unspecified
22:56:25.211,203.872,0.2054,0.2461,0.2258,0.3864,0.2267,NORMAL,1,0,Windows,unspecified
22:56:25.237,203.898,0.221,0.2461,0.2336,0.3847,0.2333,NORMAL,2,0,Windows,unspecified
22:56:25.279,203.94,0.2054,0.2461,0.2258,0.3864,0.24,NORMAL,3,0,Windows,unspecified
22:56:25.313,203.974,0.2087,0.2461,0.2274,0.3861,0.2467,NORMAL,4,0,Windows,unspecified
22:56:25.344,204.005,0.2087,0.2452,0.2269,0.3847,0.2533,NORMAL,5,0,Windows,unspecified
22:56:25.376,204.037,0.2087,0.2452,0.2269,0.3875,0.26,NORMAL,6,0,Windows,unspecified
22:56:25.408,204.069,0.2088,0.2387,0.2237,0.3913,0.2667,NORMAL,7,0,Windows,unspecified
22:56:25.439,204.1,0.2088,0.2161,0.2124,0.3913,0.2733,NORMAL,8,0,Windows,unspecified
22:56:25.472,204.133,0.2155,0.2228,0.2192,0.3982,0.28,NORMAL,9,0,Windows,unspecified
22:56:25.501,204.162,0.2001,0.2228,0.2115,0.4028,0.2867,WARNING,10,0,Windows,unspecified
22:56:25.535,204.196,0.1843,0.2228,0.2035,0.3913,0.2933,WARNING,11,0,Windows,unspecified
22:56:25.556,204.217,0.1843,0.2161,0.2002,0.3913,0.3,WARNING,12,0,Windows,unspecified
22:56:25.614,204.275,0.1843,0.2161,0.2002,0.3913,0.3067,WARNING,13,0,Windows,unspecified
22:56:25.644,204.305,0.1843,0.2161,0.2002,0.3926,0.3133,WARNING,14,0,Windows,unspecified
22:56:25.681,204.342,0.1843,0.2161,0.2002,0.3858,0.32,WARNING,15,0,Windows,unspecified
22:56:25.706,204.368,0.1785,0.2172,0.1978,0.3909,0.3267,WARNING,16,0,Windows,unspecified
22:56:25.744,204.405,0.1638,0.2172,0.1905,0.3909,0.3333,WARNING,17,0,Windows,unspecified
22:56:25.769,204.43,0.1638,0.2161,0.19,0.3878,0.34,WARNING,18,0,Windows,unspecified
22:56:25.806,204.468,0.1638,0.2161,0.19,0.3909,0.3467,WARNING,19,0,Windows,unspecified
22:56:25.831,204.492,0.1638,0.2009,0.1824,0.3894,0.3533,DROWSY,20,0,Windows,unspecified
22:56:25.869,204.53,0.1638,0.202,0.1829,0.3945,0.36,DROWSY,21,0,Windows,unspecified
22:56:25.893,204.554,0.1638,0.202,0.1829,0.3928,0.3667,DROWSY,22,0,Windows,unspecified
22:56:25.935,204.596,0.1638,0.1878,0.1758,0.3928,0.3733,DROWSY,23,0,Windows,unspecified
22:56:25.954,204.616,0.1638,0.1822,0.173,0.3858,0.38,DROWSY,24,0,Windows,unspecified
22:56:26.014,204.675,0.1486,0.1528,0.1507,0.3858,0.3867,DROWSY,25,0,Windows,unspecified
22:56:26.047,204.708,0.1486,0.1528,0.1507,0.3858,0.3933,DROWSY,26,0,Windows,unspecified
22:56:26.079,204.74,0.1486,0.1528,0.1507,0.3894,0.4,DROWSY,27,0,Windows,unspecified
22:56:26.109,204.77,0.1486,0.1528,0.1507,0.3854,0.4067,DROWSY,28,0,Windows,unspecified
22:56:26.146,204.807,0.1486,0.1528,0.1507,0.3854,0.4133,DROWSY,29,0,Windows,unspecified
22:56:26.172,204.834,0.1486,0.1528,0.1507,0.3921,0.42,DROWSY,30,0,Windows,unspecified
22:56:26.209,204.87,0.1486,0.1528,0.1507,0.3935,0.4267,DROWSY,31,0,Windows,unspecified
22:56:26.235,204.896,0.1486,0.1528,0.1507,0.3894,0.4333,DROWSY,32,0,Windows,unspecified
22:56:26.271,204.932,0.1466,0.1528,0.1497,0.3894,0.44,DROWSY,33,0,Windows,unspecified
22:56:26.296,204.957,0.1441,0.1528,0.1484,0.3894,0.4467,DROWSY,34,0,Windows,unspecified
22:56:26.332,204.993,0.1397,0.1382,0.1389,0.3854,0.4533,DROWSY,35,0,Windows,unspecified
22:56:26.353,205.014,0.1397,0.1217,0.1307,0.3854,0.46,DROWSY,36,0,Windows,unspecified
22:56:26.418,205.079,0.1249,0.1217,0.1233,0.3868,0.4667,DROWSY,37,0,Windows,unspecified
22:56:26.451,205.112,0.1397,0.1235,0.1316,0.3913,0.4733,DROWSY,38,0,Windows,unspecified
22:56:26.485,205.146,0.1398,0.1217,0.1307,0.3892,0.48,DROWSY,39,0,Windows,unspecified
22:56:26.514,205.175,0.1398,0.1217,0.1307,0.3966,0.4867,DROWSY,40,0,Windows,unspecified
22:56:26.547,205.208,0.1245,0.1235,0.124,0.3933,0.4933,DROWSY,41,0,Windows,unspecified
22:56:26.573,205.234,0.1244,0.1382,0.1313,0.3933,0.5,DROWSY,42,0,Windows,unspecified
22:56:26.607,205.268,0.1262,0.1235,0.1249,0.3933,0.5067,DROWSY,43,0,Windows,unspecified
22:56:26.640,205.301,0.1263,0.1382,0.1322,0.3933,0.5133,DROWSY,44,0,Windows,unspecified
22:56:26.673,205.334,0.1302,0.1375,0.1338,0.3933,0.52,DROWSY,45,0,Windows,unspecified
22:56:26.702,205.363,0.1302,0.1375,0.1338,0.392,0.5267,DROWSY,46,0,Windows,unspecified
22:56:26.734,205.395,0.1263,0.1375,0.1319,0.392,0.5333,DROWSY,47,0,Windows,unspecified
22:56:26.766,205.427,0.1245,0.152,0.1383,0.392,0.54,DROWSY,48,0,Windows,unspecified
22:56:26.811,205.472,0.1245,0.152,0.1383,0.3933,0.5467,DROWSY,49,0,Windows,unspecified
22:56:26.843,205.504,0.1245,0.1505,0.1375,0.4003,0.5533,DROWSY,50,0,Windows,unspecified
22:56:26.880,205.541,0.1246,0.1505,0.1376,0.3966,0.56,DROWSY,51,0,Windows,unspecified
22:56:26.906,205.567,0.1246,0.1513,0.1379,0.3937,0.5667,DROWSY,52,0,Windows,unspecified
22:56:26.943,205.604,0.1246,0.1513,0.1379,0.389,0.5733,DROWSY,53,0,Windows,unspecified
22:56:26.968,205.629,0.1246,0.1217,0.1231,0.3898,0.58,DROWSY,54,0,Windows,unspecified
22:56:27.007,205.668,0.1392,0.1217,0.1305,0.3898,0.5867,DROWSY,55,0,Windows,unspecified
22:56:27.031,205.693,0.1392,0.1217,0.1305,0.3898,0.5933,DROWSY,56,0,Windows,unspecified
22:56:27.071,205.732,0.1392,0.1217,0.1305,0.3898,0.6,DROWSY,57,0,Windows,unspecified
22:56:27.095,205.756,0.1527,0.1235,0.1381,0.3884,0.6067,DROWSY,58,0,Windows,unspecified
22:56:27.137,205.798,0.1392,0.1198,0.1295,0.4002,0.6133,DROWSY,59,0,Windows,unspecified
22:56:27.173,205.834,0.1407,0.1049,0.1228,0.4002,0.62,DROWSY,60,0,Windows,unspecified
22:56:27.212,205.874,0.1156,0.0923,0.104,0.3956,0.6267,DROWSY,61,0,Windows,unspecified
22:56:27.234,205.896,0.1122,0.092,0.1021,0.3956,0.6333,DROWSY,62,0,Windows,unspecified
22:56:27.280,205.941,0.2315,0.2239,0.2277,0.3956,0.64,DROWSY,63,0,Windows,unspecified
22:56:27.318,205.98,0.2586,0.2456,0.2521,0.3942,0.64,DROWSY,0,0,Windows,unspecified
22:56:27.339,206.0,0.3601,0.345,0.3526,0.3987,0.64,DROWSY,0,0,Windows,unspecified
22:56:27.373,206.034,0.3762,0.345,0.3606,0.3987,0.64,DROWSY,0,0,Windows,unspecified
22:56:27.403,206.064,0.4114,0.3724,0.3919,0.3952,0.64,DROWSY,0,0,Windows,unspecified
22:56:27.436,206.097,0.4138,0.4067,0.4102,0.4021,0.64,DROWSY,0,0,Windows,unspecified
22:56:27.468,206.129,0.4183,0.3947,0.4065,0.4021,0.64,DROWSY,0,0,Windows,unspecified
22:56:27.500,206.161,0.4183,0.3947,0.4065,0.4021,0.64,DROWSY,0,0,Windows,unspecified
22:56:27.535,206.196,0.4225,0.3953,0.4089,0.3957,0.64,DROWSY,0,0,Windows,unspecified
22:56:27.564,206.225,0.4225,0.3953,0.4089,0.4009,0.64,DROWSY,0,0,Windows,unspecified
22:56:27.613,206.274,0.401,0.3922,0.3966,0.4038,0.64,DROWSY,0,0,Windows,unspecified
22:56:27.642,206.303,0.401,0.4067,0.4038,0.4038,0.64,DROWSY,0,0,Windows,unspecified
22:56:27.681,206.342,0.401,0.4034,0.4022,0.4072,0.64,DROWSY,0,0,Windows,unspecified
22:56:27.706,206.367,0.4,0.4033,0.4017,0.3992,0.64,DROWSY,0,0,Windows,unspecified
22:56:27.742,206.403,0.4,0.3941,0.3971,0.3923,0.64,DROWSY,0,0,Windows,unspecified
22:56:27.768,206.429,0.4138,0.4099,0.4118,0.3958,0.64,DROWSY,0,0,Windows,unspecified
22:56:27.804,206.465,0.3982,0.4067,0.4024,0.3907,0.64,DROWSY,0,0,Windows,unspecified
22:56:27.830,206.491,0.3949,0.3904,0.3927,0.404,0.64,DROWSY,0,0,Windows,unspecified
22:56:27.870,206.531,0.3826,0.3816,0.3821,0.3972,0.6333,DROWSY,0,0,Windows,unspecified
22:56:27.892,206.553,0.3982,0.3828,0.3905,0.4024,0.6267,DROWSY,0,0,Windows,unspecified
22:56:27.933,206.594,0.3949,0.3828,0.3889,0.4024,0.62,DROWSY,0,0,Windows,unspecified
22:56:27.957,206.618,0.3858,0.3822,0.384,0.3953,0.6133,DROWSY,0,0,Windows,unspecified
22:56:28.014,206.675,0.3748,0.3524,0.3636,0.406,0.6067,DROWSY,0,0,Windows,unspecified
22:56:28.048,206.709,0.3635,0.3546,0.359,0.4082,0.6,DROWSY,0,0,Windows,unspecified
22:56:28.081,206.742,0.3783,0.35,0.3642,0.4056,0.5933,DROWSY,0,0,Windows,unspecified
22:56:28.111,206.772,0.3635,0.3517,0.3576,0.3995,0.5867,DROWSY,0,0,Windows,unspecified
22:56:28.144,206.805,0.3793,0.3545,0.3669,0.4141,0.58,DROWSY,0,0,Windows,unspecified
22:56:28.174,206.835,0.379,0.359,0.369,0.4142,0.5733,DROWSY,0,0,Windows,unspecified
22:56:28.204,206.865,0.3662,0.3545,0.3603,0.4095,0.5667,DROWSY,0,0,Windows,unspecified
22:56:28.237,206.898,0.3793,0.3416,0.3605,0.4309,0.56,DROWSY,0,0,Windows,unspecified
22:56:28.267,206.928,0.3793,0.3511,0.3652,0.4252,0.5533,DROWSY,0,0,Windows,unspecified
22:56:28.300,206.961,0.3916,0.3422,0.3669,0.4302,0.5467,DROWSY,0,0,Windows,unspecified
22:56:28.336,206.997,0.3916,0.3692,0.3804,0.4224,0.54,DROWSY,0,0,Windows,unspecified
22:56:28.360,207.021,0.4083,0.3524,0.3804,0.4217,0.5333,DROWSY,0,0,Windows,unspecified
22:56:28.412,207.073,0.3599,0.3518,0.3558,0.4102,0.5267,DROWSY,0,0,Windows,unspecified
22:56:28.441,207.102,0.3953,0.3518,0.3735,0.4082,0.52,DROWSY,0,0,Windows,unspecified
22:56:28.480,207.141,0.3916,0.3511,0.3713,0.4053,0.5133,DROWSY,0,0,Windows,unspecified
22:56:28.504,207.165,0.3916,0.3511,0.3713,0.4053,0.5067,DROWSY,0,0,Windows,unspecified
22:56:28.539,207.2,0.3759,0.3365,0.3562,0.4007,0.5,DROWSY,0,0,Windows,unspecified
22:56:28.566,207.227,0.3485,0.3087,0.3286,0.4047,0.4933,DROWSY,0,0,Windows,unspecified
22:56:28.603,207.264,0.2842,0.2542,0.2692,0.4038,0.4867,DROWSY,0,0,Windows,unspecified
22:56:28.631,207.292,0.2586,0.2388,0.2487,0.3997,0.48,DROWSY,0,0,Windows,unspecified
22:56:28.671,207.332,0.2425,0.202,0.2223,0.4025,0.48,DROWSY,1,0,Windows,unspecified
22:56:28.693,207.354,0.2308,0.1726,0.2017,0.4002,0.48,DROWSY,2,0,Windows,unspecified
22:56:28.736,207.397,0.2561,0.1682,0.2121,0.417,0.48,DROWSY,3,0,Windows,unspecified
22:56:28.772,207.434,0.2304,0.1886,0.2095,0.4021,0.48,DROWSY,4,0,Windows,unspecified
22:56:28.815,207.477,0.2386,0.2193,0.229,0.4203,0.48,DROWSY,5,0,Windows,unspecified
22:56:28.847,207.508,0.2556,0.2346,0.2451,0.4184,0.4733,DROWSY,0,0,Windows,unspecified
22:56:28.876,207.537,0.3012,0.2346,0.2679,0.4202,0.4667,DROWSY,0,0,Windows,unspecified
22:56:28.911,207.573,0.2824,0.2499,0.2661,0.4282,0.46,DROWSY,0,0,Windows,unspecified
22:56:28.943,207.604,0.3523,0.2847,0.3185,0.4242,0.4533,DROWSY,0,0,Windows,unspecified
22:56:28.974,207.635,0.3337,0.2796,0.3066,0.422,0.4533,DROWSY,0,0,Windows,unspecified
22:56:29.005,207.666,0.4142,0.316,0.3651,0.4296,0.4533,DROWSY,0,0,Windows,unspecified
22:56:29.037,207.698,0.3943,0.3138,0.354,0.4324,0.4533,DROWSY,0,0,Windows,unspecified
22:56:29.067,207.728,0.3723,0.3079,0.3401,0.4287,0.4533,DROWSY,0,0,Windows,unspecified
22:56:29.100,207.761,0.3919,0.3233,0.3576,0.4263,0.4533,DROWSY,0,0,Windows,unspecified
22:56:29.132,207.793,0.3416,0.2832,0.3124,0.4436,0.4533,DROWSY,0,0,Windows,unspecified
22:56:29.164,207.825,0.3546,0.3084,0.3315,0.4349,0.4533,DROWSY,0,0,Windows,unspecified
22:56:29.211,207.872,0.3783,0.288,0.3331,0.4401,0.4533,DROWSY,0,0,Windows,unspecified
22:56:29.240,207.901,0.3359,0.29,0.3129,0.4469,0.4533,DROWSY,0,0,Windows,unspecified
22:56:29.279,207.941,0.3145,0.2456,0.2801,0.4394,0.4533,DROWSY,0,0,Windows,unspecified
22:56:29.305,207.967,0.2512,0.2288,0.24,0.4391,0.4533,DROWSY,0,0,Windows,unspecified
22:56:29.339,208.0,0.1867,0.1334,0.1601,0.4549,0.46,DROWSY,1,0,Windows,unspecified
22:56:29.364,208.026,0.1643,0.1062,0.1352,0.4646,0.4667,DROWSY,2,0,Windows,unspecified
22:56:29.408,208.069,0.1526,0.1056,0.1291,0.4554,0.4733,DROWSY,3,0,Windows,unspecified
22:56:29.444,208.105,0.1526,0.1062,0.1294,0.4497,0.48,DROWSY,4,0,Windows,unspecified
22:56:29.473,208.134,0.1582,0.1425,0.1503,0.4555,0.4867,DROWSY,5,0,Windows,unspecified
22:56:29.506,208.167,0.1814,0.1623,0.1719,0.462,0.4933,DROWSY,6,0,Windows,unspecified
22:56:29.538,208.199,0.2082,0.1718,0.19,0.4757,0.5,DROWSY,7,0,Windows,unspecified
22:56:29.568,208.23,0.2512,0.2105,0.2308,0.4822,0.5067,DROWSY,8,0,Windows,unspecified
22:56:29.612,208.273,0.2404,0.1961,0.2183,0.4583,0.5133,DROWSY,9,0,Windows,unspecified
22:56:29.644,208.305,0.2512,0.2186,0.2349,0.4816,0.52,DROWSY,10,0,Windows,unspecified
22:56:29.680,208.341,0.2615,0.2351,0.2483,0.4645,0.52,DROWSY,0,0,Windows,unspecified
22:56:29.706,208.367,0.2615,0.2339,0.2477,0.4712,0.52,DROWSY,0,0,Windows,unspecified
22:56:29.744,208.405,0.2992,0.2505,0.2749,0.4512,0.52,DROWSY,0,0,Windows,unspecified
22:56:29.772,208.433,0.285,0.2277,0.2564,0.4562,0.52,DROWSY,0,0,Windows,unspecified
22:56:29.806,208.467,0.3118,0.2351,0.2734,0.4501,0.52,DROWSY,0,0,Windows,unspecified
22:56:29.836,208.497,0.2924,0.2351,0.2637,0.4547,0.52,DROWSY,0,0,Windows,unspecified
22:56:29.873,208.534,0.2891,0.2692,0.2792,0.4197,0.52,DROWSY,0,0,Windows,unspecified
22:56:29.896,208.557,0.268,0.2456,0.2568,0.4342,0.52,DROWSY,0,0,Windows,unspecified
22:56:29.937,208.598,0.3111,0.2457,0.2784,0.4175,0.52,DROWSY,0,0,Windows,unspecified
22:56:29.975,208.636,0.3226,0.2701,0.2963,0.4101,0.52,DROWSY,0,0,Windows,unspecified
22:56:30.012,208.673,0.3084,0.2787,0.2936,0.3907,0.52,DROWSY,0,0,Windows,unspecified
22:56:30.039,208.7,0.3232,0.2778,0.3005,0.3913,0.52,DROWSY,0,0,Windows,unspecified
22:56:30.077,208.738,0.3151,0.263,0.2891,0.3864,0.52,DROWSY,0,0,Windows,unspecified
22:56:30.102,208.763,0.3119,0.2898,0.3008,0.3851,0.52,DROWSY,0,0,Windows,unspecified
22:56:30.142,208.803,0.3293,0.3003,0.3148,0.3884,0.52,DROWSY,0,0,Windows,unspecified
22:56:30.179,208.84,0.3151,0.3333,0.3242,0.3923,0.52,DROWSY,0,0,Windows,unspecified
22:56:30.206,208.868,0.3293,0.3498,0.3396,0.3871,0.5133,DROWSY,0,0,Windows,unspecified
22:56:30.240,208.901,0.3011,0.3321,0.3166,0.3929,0.5067,DROWSY,0,0,Windows,unspecified
22:56:30.271,208.932,0.3284,0.3268,0.3276,0.388,0.5,DROWSY,0,0,Windows,unspecified
22:56:30.302,208.963,0.3134,0.3098,0.3116,0.3969,0.4933,DROWSY,0,0,Windows,unspecified
22:56:30.332,208.993,0.3305,0.3087,0.3196,0.3888,0.4867,DROWSY,0,0,Windows,unspecified
22:56:30.366,209.027,0.3106,0.3106,0.3106,0.3822,0.48,DROWSY,0,0,Windows,unspecified
22:56:30.414,209.076,0.3134,0.3168,0.3151,0.3958,0.4733,DROWSY,0,0,Windows,unspecified
22:56:30.443,209.104,0.3106,0.2936,0.3021,0.4007,0.4667,DROWSY,0,0,Windows,unspecified
22:56:30.474,209.135,0.3106,0.3177,0.3142,0.3873,0.46,DROWSY,0,0,Windows,unspecified
22:56:30.506,209.167,0.3392,0.3012,0.3202,0.3932,0.4533,DROWSY,0,0,Windows,unspecified
22:56:30.544,209.206,0.3216,0.2847,0.3031,0.3985,0.4467,DROWSY,0,0,Windows,unspecified
22:56:30.567,209.228,0.3216,0.2847,0.3031,0.4023,0.44,DROWSY,0,0,Windows,unspecified
22:56:30.605,209.266,0.35,0.2759,0.313,0.3934,0.4333,DROWSY,0,0,Windows,unspecified
22:56:30.626,209.287,0.3192,0.2681,0.2937,0.3972,0.4267,DROWSY,0,0,Windows,unspecified
22:56:30.672,209.333,0.3026,0.2811,0.2919,0.4077,0.42,DROWSY,0,0,Windows,unspecified
22:56:30.707,209.368,0.3015,0.2755,0.2885,0.4277,0.4133,DROWSY,0,0,Windows,unspecified
22:56:30.737,209.398,0.3202,0.2582,0.2892,0.4137,0.4067,DROWSY,0,0,Windows,unspecified
22:56:30.769,209.431,0.3202,0.2655,0.2928,0.4146,0.4,DROWSY,0,0,Windows,unspecified
22:56:30.816,209.477,0.2851,0.2499,0.2675,0.3954,0.3933,DROWSY,0,0,Windows,unspecified
22:56:30.850,209.511,0.2756,0.2499,0.2628,0.3973,0.3867,DROWSY,0,0,Windows,unspecified
22:56:30.879,209.54,0.2863,0.2465,0.2664,0.3927,0.38,DROWSY,0,0,Windows,unspecified
22:56:30.911,209.572,0.2936,0.2811,0.2873,0.3896,0.3733,DROWSY,0,0,Windows,unspecified
22:56:30.940,209.601,0.2936,0.2705,0.282,0.3802,0.3667,DROWSY,0,0,Windows,unspecified
22:56:30.969,209.631,0.2802,0.2828,0.2815,0.3675,0.36,DROWSY,0,0,Windows,unspecified
22:56:31.003,209.664,0.2944,0.2797,0.2871,0.3767,0.3533,DROWSY,0,0,Windows,unspecified
22:56:31.032,209.693,0.2635,0.2797,0.2716,0.3783,0.3467,NORMAL,0,0,Windows,unspecified
22:56:31.069,209.73,0.2517,0.2765,0.2641,0.3768,0.34,NORMAL,0,0,Windows,unspecified
22:56:31.097,209.758,0.2547,0.2797,0.2672,0.3692,0.3333,NORMAL,0,0,Windows,unspecified
22:56:31.136,209.797,0.2681,0.2451,0.2566,0.3769,0.3267,NORMAL,0,0,Windows,unspecified
22:56:31.171,209.832,0.2556,0.2631,0.2593,0.3742,0.32,NORMAL,0,0,Windows,unspecified
22:56:31.212,209.873,0.1174,0.1049,0.1112,0.3728,0.32,NORMAL,1,0,Windows,unspecified
22:56:31.235,209.896,0.102,0.0829,0.0924,0.3768,0.32,NORMAL,2,0,Windows,unspecified
22:56:31.276,209.938,0.1231,0.0805,0.1018,0.3764,0.32,NORMAL,3,0,Windows,unspecified
22:56:31.314,209.975,0.1329,0.1052,0.1191,0.369,0.32,NORMAL,4,0,Windows,unspecified
22:56:31.344,210.005,0.1487,0.1414,0.145,0.3725,0.32,NORMAL,5,0,Windows,unspecified
22:56:31.375,210.036,0.1644,0.1694,0.1669,0.3726,0.32,NORMAL,6,0,Windows,unspecified
22:56:31.407,210.068,0.2063,0.19,0.1982,0.3799,0.32,NORMAL,7,0,Windows,unspecified
22:56:31.438,210.099,0.2345,0.2023,0.2184,0.3859,0.32,NORMAL,8,0,Windows,unspecified
22:56:31.466,210.127,0.2461,0.2187,0.2324,0.4029,0.32,NORMAL,9,0,Windows,unspecified
22:56:31.498,210.159,0.2461,0.2191,0.2326,0.403,0.32,WARNING,10,0,Windows,unspecified
22:56:31.534,210.195,0.2612,0.2517,0.2564,0.4188,0.3133,NORMAL,0,0,Windows,unspecified
22:56:31.565,210.226,0.2603,0.2117,0.236,0.4141,0.3133,NORMAL,1,0,Windows,unspecified
22:56:31.612,210.273,0.2612,0.2117,0.2364,0.4205,0.3133,NORMAL,2,0,Windows,unspecified
22:56:31.640,210.301,0.2612,0.2174,0.2393,0.4312,0.3067,NORMAL,0,0,Windows,unspecified
22:56:31.676,210.337,0.2712,0.2106,0.2409,0.4207,0.3,NORMAL,0,0,Windows,unspecified
22:56:31.705,210.366,0.2712,0.2174,0.2443,0.4227,0.2933,NORMAL,0,0,Windows,unspecified
22:56:31.743,210.404,0.1428,0.0962,0.1195,0.4216,0.2933,NORMAL,1,0,Windows,unspecified
22:56:31.767,210.428,0.1034,0.0502,0.0768,0.4024,0.2933,NORMAL,2,0,Windows,unspecified
22:56:31.807,210.468,0.1803,0.1803,0.1803,0.4244,0.2933,NORMAL,3,0,Windows,unspecified
22:56:31.832,210.493,0.2158,0.2107,0.2132,0.4227,0.2933,NORMAL,4,0,Windows,unspecified
22:56:31.871,210.532,0.3403,0.3177,0.329,0.3908,0.2867,NORMAL,0,0,Windows,unspecified
22:56:31.894,210.555,0.3421,0.3143,0.3282,0.3897,0.28,NORMAL,0,0,Windows,unspecified
22:56:31.932,210.593,0.3618,0.3539,0.3578,0.3961,0.2733,NORMAL,0,0,Windows,unspecified
22:56:31.955,210.616,0.3618,0.3555,0.3586,0.3798,0.2667,NORMAL,0,0,Windows,unspecified
22:56:32.016,210.677,0.3773,0.3823,0.3798,0.3898,0.26,NORMAL,0,0,Windows,unspecified
22:56:32.051,210.712,0.3729,0.3677,0.3703,0.3838,0.2533,NORMAL,0,0,Windows,unspecified
22:56:32.083,210.744,0.3795,0.3888,0.3842,0.3872,0.2467,NORMAL,0,0,Windows,unspecified
22:56:32.115,210.776,0.3972,0.3851,0.3912,0.3893,0.24,NORMAL,0,0,Windows,unspecified
22:56:32.145,210.806,0.398,0.3919,0.3949,0.3872,0.2333,NORMAL,0,0,Windows,unspecified
22:56:32.177,210.838,0.398,0.3919,0.3949,0.3882,0.2267,NORMAL,0,0,Windows,unspecified
22:56:32.208,210.869,0.3952,0.3862,0.3907,0.3997,0.22,NORMAL,0,0,Windows,unspecified
22:56:32.240,210.901,0.3952,0.3882,0.3917,0.3941,0.2133,NORMAL,0,0,Windows,unspecified
22:56:32.272,210.933,0.3966,0.3758,0.3862,0.3927,0.2067,NORMAL,0,0,Windows,unspecified
22:56:32.302,210.963,0.3674,0.3488,0.3581,0.3897,0.2067,NORMAL,0,0,Windows,unspecified
22:56:32.336,210.997,0.2696,0.2603,0.2649,0.3965,0.2067,NORMAL,0,0,Windows,unspecified
22:56:32.367,211.028,0.2524,0.2267,0.2395,0.4104,0.2067,NORMAL,0,0,Windows,unspecified
22:56:32.416,211.077,0.2425,0.1849,0.2137,0.4057,0.2133,NORMAL,1,0,Windows,unspecified
22:56:32.447,211.108,0.2356,0.2109,0.2232,0.4074,0.22,NORMAL,2,0,Windows,unspecified
22:56:32.476,211.137,0.2506,0.244,0.2473,0.4181,0.22,NORMAL,0,0,Windows,unspecified
22:56:32.507,211.168,0.2595,0.2117,0.2356,0.4311,0.2267,NORMAL,1,0,Windows,unspecified
22:56:32.543,211.204,0.2506,0.2117,0.2312,0.4227,0.2333,NORMAL,2,0,Windows,unspecified
22:56:32.572,211.233,0.2612,0.212,0.2366,0.4359,0.24,NORMAL,3,0,Windows,unspecified
22:56:32.603,211.264,0.277,0.2054,0.2412,0.4181,0.24,NORMAL,0,0,Windows,unspecified
22:56:32.632,211.293,0.2956,0.2209,0.2583,0.4255,0.24,NORMAL,0,0,Windows,unspecified
22:56:32.668,211.329,0.2956,0.2054,0.2505,0.4397,0.24,NORMAL,0,0,Windows,unspecified
22:56:32.695,211.356,0.3057,0.2051,0.2554,0.4361,0.24,NORMAL,0,0,Windows,unspecified
22:56:32.733,211.394,0.326,0.2324,0.2792,0.4361,0.24,NORMAL,0,0,Windows,unspecified
22:56:32.757,211.418,0.308,0.2515,0.2798,0.4356,0.24,NORMAL,0,0,Windows,unspecified
22:56:32.811,211.472,0.2942,0.2324,0.2633,0.4409,0.24,NORMAL,0,0,Windows,unspecified
22:56:32.833,211.494,0.2865,0.232,0.2592,0.4494,0.24,NORMAL,0,0,Windows,unspecified
22:56:32.881,211.542,0.2956,0.2396,0.2676,0.4351,0.24,NORMAL,0,0,Windows,unspecified
22:56:32.912,211.573,0.2956,0.2363,0.266,0.4328,0.24,NORMAL,0,0,Windows,unspecified
22:56:32.943,211.604,0.2863,0.236,0.2611,0.4241,0.24,NORMAL,0,0,Windows,unspecified
22:56:32.975,211.637,0.2755,0.236,0.2557,0.4126,0.24,NORMAL,0,0,Windows,unspecified
22:56:33.004,211.665,0.2421,0.2392,0.2406,0.3968,0.24,NORMAL,0,0,Windows,unspecified
22:56:33.038,211.699,0.2828,0.2592,0.271,0.4002,0.24,NORMAL,0,0,Windows,unspecified
22:56:33.069,211.73,0.2738,0.2669,0.2704,0.3971,0.24,NORMAL,0,0,Windows,unspecified
22:56:33.102,211.763,0.2618,0.2589,0.2603,0.4034,0.24,NORMAL,0,0,Windows,unspecified
22:56:33.133,211.794,0.2589,0.2439,0.2514,0.4062,0.24,NORMAL,0,0,Windows,unspecified
22:56:33.163,211.824,0.2674,0.2439,0.2556,0.4082,0.24,NORMAL,0,0,Windows,unspecified
22:56:33.214,211.875,0.2589,0.2589,0.2589,0.4039,0.24,NORMAL,0,0,Windows,unspecified
22:56:33.243,211.904,0.2589,0.2739,0.2664,0.4143,0.24,NORMAL,0,0,Windows,unspecified
22:56:33.276,211.937,0.2748,0.2589,0.2668,0.4037,0.24,NORMAL,0,0,Windows,unspecified
22:56:33.305,211.966,0.2595,0.2589,0.2592,0.4136,0.24,NORMAL,0,0,Windows,unspecified
22:56:33.342,212.003,0.2669,0.2289,0.2479,0.4121,0.24,NORMAL,0,0,Windows,unspecified
22:56:33.366,212.027,0.2941,0.2289,0.2615,0.4084,0.24,NORMAL,0,0,Windows,unspecified
22:56:33.404,212.065,0.2824,0.2278,0.2551,0.4181,0.24,NORMAL,0,0,Windows,unspecified
22:56:33.430,212.091,0.2941,0.2439,0.269,0.4153,0.24,NORMAL,0,0,Windows,unspecified
22:56:33.470,212.131,0.2941,0.2425,0.2683,0.4125,0.24,NORMAL,0,0,Windows,unspecified
22:56:33.508,212.169,0.2755,0.2474,0.2615,0.4125,0.24,NORMAL,0,0,Windows,unspecified
22:56:33.539,212.2,0.2811,0.2292,0.2552,0.4125,0.24,NORMAL,0,0,Windows,unspecified
22:56:33.572,212.233,0.2874,0.2292,0.2583,0.4106,0.24,NORMAL,0,0,Windows,unspecified
22:56:33.616,212.277,0.2589,0.2645,0.2617,0.4144,0.24,NORMAL,0,0,Windows,unspecified
22:56:33.652,212.313,0.2934,0.2687,0.281,0.4161,0.24,NORMAL,0,0,Windows,unspecified
22:56:33.682,212.343,0.2854,0.2826,0.284,0.3967,0.2333,NORMAL,0,0,Windows,unspecified
22:56:33.713,212.375,0.2908,0.2635,0.2772,0.3931,0.2267,NORMAL,0,0,Windows,unspecified
22:56:33.743,212.404,0.2693,0.2631,0.2662,0.3867,0.22,NORMAL,0,0,Windows,unspecified
22:56:33.777,212.438,0.2559,0.2631,0.2595,0.3835,0.2133,NORMAL,0,0,Windows,unspecified
22:56:33.810,212.471,0.2633,0.256,0.2597,0.3835,0.2067,NORMAL,0,0,Windows,unspecified
22:56:33.841,212.502,0.2712,0.2524,0.2618,0.3833,0.2067,NORMAL,0,0,Windows,unspecified
22:56:33.872,212.533,0.2839,0.2428,0.2634,0.4056,0.2067,NORMAL,0,0,Windows,unspecified
22:56:33.904,212.565,0.2638,0.2308,0.2473,0.4098,0.2067,NORMAL,0,0,Windows,unspecified
22:56:33.935,212.596,0.2624,0.2058,0.2341,0.4151,0.2133,NORMAL,1,0,Windows,unspecified
22:56:33.966,212.627,0.2579,0.2118,0.2348,0.4109,0.22,NORMAL,2,0,Windows,unspecified
22:56:34.012,212.673,0.2847,0.2013,0.243,0.4343,0.22,NORMAL,0,0,Windows,unspecified
22:56:34.045,212.706,0.2696,0.2308,0.2502,0.4325,0.22,NORMAL,0,0,Windows,unspecified
22:56:34.078,212.739,0.2766,0.2633,0.2699,0.426,0.22,NORMAL,0,0,Windows,unspecified
22:56:34.108,212.769,0.2696,0.2608,0.2652,0.4287,0.22,NORMAL,0,0,Windows,unspecified
22:56:34.145,212.806,0.2696,0.2356,0.2526,0.4243,0.22,NORMAL,0,0,Windows,unspecified
22:56:34.170,212.832,0.2708,0.2533,0.2621,0.42,0.22,NORMAL,0,0,Windows,unspecified
22:56:34.208,212.869,0.2738,0.2291,0.2514,0.4272,0.22,NORMAL,0,0,Windows,unspecified
22:56:34.234,212.895,0.2975,0.2561,0.2768,0.4189,0.22,NORMAL,0,0,Windows,unspecified
22:56:34.270,212.931,0.2987,0.2631,0.2809,0.4208,0.22,NORMAL,0,0,Windows,unspecified
22:56:34.295,212.956,0.3014,0.2832,0.2923,0.4169,0.22,NORMAL,0,0,Windows,unspecified
22:56:34.334,212.995,0.2868,0.2692,0.278,0.4229,0.2133,NORMAL,0,0,Windows,unspecified
22:56:34.357,213.018,0.2894,0.2785,0.2839,0.4412,0.2067,NORMAL,0,0,Windows,unspecified
22:56:34.419,213.08,0.3183,0.2808,0.2995,0.4285,0.2,NORMAL,0,0,Windows,unspecified
22:56:34.451,213.112,0.2868,0.2671,0.277,0.4241,0.1933,NORMAL,0,0,Windows,unspecified
22:56:34.483,213.144,0.3025,0.256,0.2793,0.4208,0.1867,NORMAL,0,0,Windows,unspecified
22:56:34.514,213.175,0.3025,0.2671,0.2848,0.4228,0.18,NORMAL,0,0,Windows,unspecified
22:56:34.546,213.207,0.323,0.2466,0.2848,0.4285,0.1733,NORMAL,0,0,Windows,unspecified
22:56:34.577,213.238,0.3014,0.2462,0.2738,0.4345,0.1667,NORMAL,0,0,Windows,unspecified
22:56:34.609,213.27,0.2987,0.2503,0.2745,0.4338,0.16,NORMAL,0,0,Windows,unspecified
22:56:34.640,213.301,0.3058,0.2503,0.2781,0.4393,0.1533,NORMAL,0,0,Windows,unspecified
22:56:34.673,213.334,0.3086,0.2466,0.2776,0.4251,0.1533,NORMAL,0,0,Windows,unspecified
22:56:34.702,213.363,0.3014,0.2709,0.2861,0.4183,0.1533,NORMAL,0,0,Windows,unspecified
22:56:34.736,213.397,0.2665,0.256,0.2613,0.4205,0.1533,NORMAL,0,0,Windows,unspecified
22:56:34.765,213.426,0.3105,0.256,0.2833,0.4428,0.1533,NORMAL,0,0,Windows,unspecified
22:56:34.814,213.475,0.2781,0.2228,0.2505,0.4306,0.1533,NORMAL,0,0,Windows,unspecified
22:56:34.843,213.504,0.2871,0.2266,0.2568,0.4306,0.1533,NORMAL,0,0,Windows,unspecified
22:56:34.878,213.539,0.253,0.1965,0.2248,0.4335,0.16,NORMAL,1,0,Windows,unspecified
22:56:34.906,213.568,0.2616,0.1965,0.229,0.4258,0.1667,NORMAL,2,0,Windows,unspecified
22:56:34.939,213.601,0.2802,0.191,0.2356,0.4246,0.1733,NORMAL,3,0,Windows,unspecified
22:56:34.968,213.629,0.2952,0.2135,0.2543,0.4286,0.1733,NORMAL,0,0,Windows,unspecified
22:56:35.006,213.667,0.2857,0.2066,0.2461,0.4353,0.1733,NORMAL,0,0,Windows,unspecified
22:56:35.032,213.694,0.2797,0.2156,0.2476,0.4422,0.1733,NORMAL,0,0,Windows,unspecified
22:56:35.067,213.728,0.2915,0.2066,0.2491,0.4317,0.1733,NORMAL,0,0,Windows,unspecified
22:56:35.093,213.755,0.2868,0.2066,0.2467,0.4178,0.1733,NORMAL,0,0,Windows,unspecified
22:56:35.132,213.793,0.2868,0.2153,0.251,0.4278,0.1733,NORMAL,0,0,Windows,unspecified
22:56:35.167,213.828,0.2868,0.2128,0.2498,0.4278,0.1733,NORMAL,0,0,Windows,unspecified
22:56:35.213,213.874,0.326,0.2909,0.3084,0.4464,0.1733,NORMAL,0,0,Windows,unspecified
22:56:35.247,213.908,0.326,0.2842,0.3051,0.4472,0.1733,NORMAL,0,0,Windows,unspecified
22:56:35.277,213.938,0.2991,0.2494,0.2742,0.4471,0.1733,NORMAL,0,0,Windows,unspecified
22:56:35.311,213.972,0.2981,0.2367,0.2674,0.4471,0.1733,NORMAL,0,0,Windows,unspecified
22:56:35.339,214.0,0.2931,0.2564,0.2747,0.4408,0.1733,NORMAL,0,0,Windows,unspecified
22:56:35.373,214.034,0.2931,0.2763,0.2847,0.428,0.1733,NORMAL,0,0,Windows,unspecified
22:56:35.408,214.07,0.2896,0.2764,0.283,0.4308,0.1733,NORMAL,0,0,Windows,unspecified
22:56:35.436,214.098,0.3004,0.2625,0.2814,0.4409,0.1733,NORMAL,0,0,Windows,unspecified
22:56:35.471,214.132,0.2983,0.2851,0.2917,0.4165,0.1733,NORMAL,0,0,Windows,unspecified
22:56:35.499,214.16,0.3162,0.2668,0.2915,0.4279,0.1733,NORMAL,0,0,Windows,unspecified
22:56:35.537,214.198,0.2797,0.2399,0.2598,0.4196,0.1733,NORMAL,0,0,Windows,unspecified
22:56:35.562,214.223,0.2765,0.2425,0.2595,0.4232,0.1733,NORMAL,0,0,Windows,unspecified
22:56:35.614,214.275,0.265,0.2324,0.2487,0.4311,0.1733,NORMAL,0,0,Windows,unspecified
22:56:35.638,214.299,0.265,0.2324,0.2487,0.4237,0.1733,NORMAL,0,0,Windows,unspecified
22:56:35.674,214.336,0.2905,0.2673,0.2789,0.4091,0.1733,NORMAL,0,0,Windows,unspecified
22:56:35.699,214.36,0.2733,0.2759,0.2746,0.4142,0.1733,NORMAL,0,0,Windows,unspecified
22:56:35.743,214.404,0.3181,0.2905,0.3043,0.4205,0.1733,NORMAL,0,0,Windows,unspecified
22:56:35.778,214.439,0.3055,0.2811,0.2933,0.4135,0.1733,NORMAL,0,0,Windows,unspecified
22:56:35.808,214.469,0.2883,0.2974,0.2929,0.4094,0.1733,NORMAL,0,0,Windows,unspecified
22:56:35.840,214.501,0.3088,0.3062,0.3075,0.4079,0.1733,NORMAL,0,0,Windows,unspecified
22:56:35.871,214.532,0.3136,0.321,0.3173,0.4299,0.1733,NORMAL,0,0,Windows,unspecified
22:56:35.903,214.564,0.3136,0.3292,0.3214,0.4406,0.1733,NORMAL,0,0,Windows,unspecified
22:56:35.934,214.595,0.3484,0.3329,0.3406,0.4143,0.1733,NORMAL,0,0,Windows,unspecified
22:56:35.964,214.625,0.3316,0.2973,0.3144,0.4208,0.1733,NORMAL,0,0,Windows,unspecified
22:56:36.015,214.676,0.3651,0.3185,0.3418,0.4251,0.1733,NORMAL,0,0,Windows,unspecified
22:56:36.043,214.705,0.3208,0.3009,0.3109,0.4242,0.1733,NORMAL,0,0,Windows,unspecified
22:56:36.078,214.739,0.3455,0.353,0.3493,0.3827,0.1733,NORMAL,0,0,Windows,unspecified
22:56:36.106,214.768,0.3596,0.3308,0.3452,0.3852,0.1733,NORMAL,0,0,Windows,unspecified
22:56:36.139,214.8,0.3925,0.3492,0.3708,0.4026,0.1733,NORMAL,0,0,Windows,unspecified
22:56:36.169,214.83,0.3612,0.3372,0.3492,0.4109,0.1733,NORMAL,0,0,Windows,unspecified
22:56:36.206,214.868,0.3756,0.3646,0.3701,0.3958,0.1667,NORMAL,0,0,Windows,unspecified
22:56:36.234,214.895,0.3694,0.3624,0.3659,0.4082,0.16,NORMAL,0,0,Windows,unspecified
22:56:36.272,214.933,0.3803,0.3711,0.3757,0.4152,0.1533,NORMAL,0,0,Windows,unspecified
22:56:36.296,214.957,0.3957,0.3711,0.3834,0.4007,0.1467,NORMAL,0,0,Windows,unspecified
22:56:36.332,214.994,0.3888,0.3692,0.379,0.4037,0.14,NORMAL,0,0,Windows,unspecified
22:56:36.359,215.02,0.3737,0.3829,0.3783,0.3939,0.1333,NORMAL,0,0,Windows,unspecified
22:56:36.413,215.074,0.4346,0.4005,0.4176,0.3935,0.1267,NORMAL,0,0,Windows,unspecified
22:56:36.451,215.112,0.4189,0.397,0.4079,0.3886,0.12,NORMAL,0,0,Windows,unspecified
22:56:36.483,215.144,0.4094,0.382,0.3957,0.4031,0.1133,NORMAL,0,0,Windows,unspecified
22:56:36.515,215.177,0.4219,0.4092,0.4156,0.4013,0.1067,NORMAL,0,0,Windows,unspecified
22:56:36.547,215.208,0.4189,0.4103,0.4146,0.3928,0.1067,NORMAL,0,0,Windows,unspecified
22:56:36.580,215.241,0.4249,0.3851,0.405,0.3954,0.1,NORMAL,0,0,Windows,unspecified
22:56:36.611,215.272,0.4009,0.3939,0.3974,0.4078,0.0933,NORMAL,0,0,Windows,unspecified
22:56:36.642,215.303,0.4119,0.3692,0.3906,0.4181,0.0933,NORMAL,0,0,Windows,unspecified
22:56:36.673,215.334,0.3969,0.37,0.3835,0.4136,0.0933,NORMAL,0,0,Windows,unspecified
22:56:36.705,215.366,0.3768,0.3572,0.367,0.3957,0.0933,NORMAL,0,0,Windows,unspecified
22:56:36.735,215.397,0.3888,0.3607,0.3747,0.397,0.0867,NORMAL,0,0,Windows,unspecified
22:56:36.767,215.428,0.3888,0.3502,0.3695,0.4118,0.08,NORMAL,0,0,Windows,unspecified
22:56:36.813,215.474,0.392,0.364,0.378,0.4063,0.0733,NORMAL,0,0,Windows,unspecified
22:56:36.844,215.505,0.3917,0.3752,0.3834,0.4015,0.0667,NORMAL,0,0,Windows,unspecified
22:56:36.880,215.541,0.4034,0.3747,0.389,0.4118,0.0667,NORMAL,0,0,Windows,unspecified
22:56:36.907,215.568,0.4039,0.364,0.384,0.4039,0.0667,NORMAL,0,0,Windows,unspecified
22:56:36.943,215.604,0.3853,0.364,0.3746,0.4024,0.0667,NORMAL,0,0,Windows,unspecified
22:56:36.968,215.629,0.3853,0.3365,0.3609,0.401,0.0667,NORMAL,0,0,Windows,unspecified
22:56:37.007,215.668,0.3967,0.3475,0.3721,0.4006,0.0667,NORMAL,0,0,Windows,unspecified
22:56:37.030,215.691,0.3976,0.3506,0.3741,0.4076,0.0667,NORMAL,0,0,Windows,unspecified
22:56:37.071,215.732,0.3904,0.2995,0.345,0.4301,0.0667,NORMAL,0,0,Windows,unspecified
22:56:37.106,215.767,0.3585,0.2894,0.324,0.425,0.0667,NORMAL,0,0,Windows,unspecified
22:56:37.138,215.799,0.3758,0.3315,0.3537,0.4345,0.0667,NORMAL,0,0,Windows,unspecified
22:56:37.171,215.832,0.3758,0.3312,0.3535,0.4367,0.0667,NORMAL,0,0,Windows,unspecified
22:56:37.217,215.878,0.3933,0.3354,0.3644,0.4399,0.0667,NORMAL,0,0,Windows,unspecified
22:56:37.251,215.912,0.3961,0.3337,0.3649,0.4275,0.0667,NORMAL,0,0,Windows,unspecified
22:56:37.281,215.942,0.427,0.3344,0.3807,0.4545,0.0667,NORMAL,0,0,Windows,unspecified
22:56:37.310,215.971,0.413,0.3517,0.3824,0.4456,0.0667,NORMAL,0,0,Windows,unspecified
22:56:37.343,216.004,0.4191,0.3396,0.3794,0.4377,0.0667,NORMAL,0,0,Windows,unspecified
22:56:37.374,216.035,0.4028,0.3112,0.357,0.4322,0.0667,NORMAL,0,0,Windows,unspecified
22:56:37.407,216.068,0.3337,0.2908,0.3122,0.4369,0.06,NORMAL,0,0,Windows,unspecified
22:56:37.437,216.098,0.3468,0.2724,0.3096,0.4519,0.0533,NORMAL,0,0,Windows,unspecified
22:56:37.467,216.128,0.3611,0.3046,0.3328,0.4289,0.0533,NORMAL,0,0,Windows,unspecified
22:56:37.501,216.162,0.3765,0.3023,0.3394,0.4416,0.0467,NORMAL,0,0,Windows,unspecified
22:56:37.536,216.197,0.4032,0.3272,0.3652,0.4232,0.04,NORMAL,0,0,Windows,unspecified
22:56:37.562,216.223,0.3922,0.3363,0.3643,0.432,0.0333,NORMAL,0,0,Windows,unspecified
22:56:37.612,216.273,0.451,0.3343,0.3927,0.4595,0.0333,NORMAL,0,0,Windows,unspecified
22:56:37.641,216.302,0.4723,0.3446,0.4085,0.4687,0.0333,NORMAL,0,0,Windows,unspecified
22:56:37.680,216.341,0.4263,0.3239,0.3751,0.4672,0.0333,NORMAL,0,0,Windows,unspecified
22:56:37.704,216.365,0.4212,0.3252,0.3732,0.4701,0.0333,NORMAL,0,0,Windows,unspecified
22:56:37.739,216.4,0.4051,0.3287,0.3669,0.4659,0.0333,NORMAL,0,0,Windows,unspecified
22:56:37.764,216.425,0.4032,0.3287,0.366,0.4495,0.0333,NORMAL,0,0,Windows,unspecified
22:56:37.809,216.47,0.4263,0.3339,0.3801,0.4412,0.0333,NORMAL,0,0,Windows,unspecified
22:56:37.842,216.503,0.4082,0.3425,0.3753,0.4225,0.0333,NORMAL,0,0,Windows,unspecified
22:56:37.874,216.535,0.4137,0.3246,0.3692,0.4413,0.0333,NORMAL,0,0,Windows,unspecified
22:56:37.903,216.564,0.4087,0.3103,0.3595,0.4387,0.0333,NORMAL,0,0,Windows,unspecified
22:56:37.934,216.595,0.4137,0.3343,0.374,0.4512,0.0333,NORMAL,0,0,Windows,unspecified
22:56:37.966,216.627,0.4317,0.3374,0.3845,0.4411,0.0333,NORMAL,0,0,Windows,unspecified
22:56:38.013,216.675,0.3812,0.3205,0.3509,0.4416,0.0333,NORMAL,0,0,Windows,unspecified
22:56:38.044,216.705,0.3768,0.3195,0.3482,0.4443,0.0333,NORMAL,0,0,Windows,unspecified
22:56:38.074,216.735,0.3625,0.3167,0.3396,0.4455,0.0333,NORMAL,0,0,Windows,unspecified
22:56:38.107,216.768,0.3715,0.3147,0.3431,0.4576,0.0333,NORMAL,0,0,Windows,unspecified
22:56:38.139,216.8,0.3943,0.3232,0.3587,0.4394,0.0333,NORMAL,0,0,Windows,unspecified
22:56:38.171,216.832,0.4317,0.3195,0.3756,0.4487,0.0333,NORMAL,0,0,Windows,unspecified
22:56:38.206,216.867,0.3989,0.3205,0.3597,0.4226,0.0333,NORMAL,0,0,Windows,unspecified
22:56:38.233,216.894,0.3799,0.3205,0.3502,0.4239,0.0333,NORMAL,0,0,Windows,unspecified
22:56:38.269,216.93,0.3923,0.3205,0.3564,0.4558,0.0333,NORMAL,0,0,Windows,unspecified
22:56:38.294,216.955,0.3923,0.3342,0.3633,0.4559,0.0333,NORMAL,0,0,Windows,unspecified
22:56:38.336,216.997,0.3606,0.3203,0.3405,0.4341,0.0333,NORMAL,0,0,Windows,unspecified
22:56:38.373,217.034,0.3781,0.3354,0.3567,0.426,0.0333,NORMAL,0,0,Windows,unspecified
22:56:38.411,217.072,0.3538,0.3167,0.3353,0.4217,0.0333,NORMAL,0,0,Windows,unspecified
22:56:38.436,217.097,0.3538,0.3183,0.336,0.4319,0.0333,NORMAL,0,0,Windows,unspecified
22:56:38.479,217.141,0.401,0.3305,0.3657,0.4269,0.0333,NORMAL,0,0,Windows,unspecified
22:56:38.513,217.174,0.397,0.3402,0.3686,0.4367,0.0333,NORMAL,0,0,Windows,unspecified
22:56:38.546,217.207,0.3835,0.3402,0.3618,0.4299,0.0333,NORMAL,0,0,Windows,unspecified
22:56:38.576,217.237,0.3992,0.3475,0.3733,0.4412,0.0333,NORMAL,0,0,Windows,unspecified
22:56:38.635,217.296,0.3992,0.3402,0.3697,0.4511,0.0333,NORMAL,0,0,Windows,unspecified
22:56:38.671,217.332,0.3819,0.3402,0.361,0.4568,0.0333,NORMAL,0,0,Windows,unspecified
22:56:38.699,217.36,0.3987,0.3402,0.3695,0.4537,0.0333,NORMAL,0,0,Windows,unspecified
22:56:38.732,217.393,0.4156,0.37,0.3928,0.4119,0.0333,NORMAL,0,0,Windows,unspecified
22:56:38.764,217.425,0.4039,0.3587,0.3813,0.4153,0.0333,NORMAL,0,0,Windows,unspecified
22:56:38.793,217.454,0.3893,0.3692,0.3793,0.4153,0.0333,NORMAL,0,0,Windows,unspecified
22:56:38.847,217.508,0.4103,0.3587,0.3845,0.4085,0.0333,NORMAL,0,0,Windows,unspecified
22:56:38.872,217.533,0.4035,0.3587,0.3811,0.415,0.0333,NORMAL,0,0,Windows,unspecified
22:56:38.903,217.564,0.4035,0.3838,0.3937,0.4192,0.0333,NORMAL,0,0,Windows,unspecified
22:56:38.939,217.6,0.4069,0.3604,0.3836,0.4269,0.0333,NORMAL,0,0,Windows,unspecified
22:56:38.963,217.624,0.4069,0.3604,0.3836,0.4188,0.0267,NORMAL,0,0,Windows,unspecified
22:56:38.996,217.657,0.4069,0.3587,0.3828,0.4165,0.02,NORMAL,0,0,Windows,unspecified
22:56:39.036,217.697,0.4233,0.3604,0.3918,0.4266,0.02,NORMAL,0,0,Windows,unspecified
22:56:39.074,217.735,0.4069,0.3681,0.3875,0.4348,0.02,NORMAL,0,0,Windows,unspecified
22:56:39.105,217.766,0.4069,0.3827,0.3948,0.4322,0.02,NORMAL,0,0,Windows,unspecified
22:56:39.146,217.807,0.191,0.1542,0.1726,0.4346,0.0267,NORMAL,1,0,Windows,unspecified
22:56:39.183,217.844,0.1696,0.1395,0.1545,0.4338,0.0333,NORMAL,2,0,Windows,unspecified
22:56:39.214,217.875,0.1754,0.1509,0.1632,0.4284,0.04,NORMAL,3,0,Windows,unspecified
22:56:39.244,217.905,0.1754,0.1102,0.1428,0.4661,0.0467,NORMAL,4,0,Windows,unspecified
22:56:39.278,217.939,0.1696,0.0816,0.1256,0.4747,0.0533,NORMAL,5,0,Windows,unspecified
22:56:39.308,217.969,0.1484,0.0793,0.1138,0.4719,0.06,NORMAL,6,0,Windows,unspecified
22:56:39.339,218.0,0.2674,0.1642,0.2158,0.4447,0.0667,NORMAL,7,0,Windows,unspecified
22:56:39.370,218.031,0.3106,0.2513,0.2809,0.4426,0.0667,NORMAL,0,0,Windows,unspecified
22:56:39.403,218.064,0.3447,0.2659,0.3053,0.4388,0.0667,NORMAL,0,0,Windows,unspecified
22:56:39.436,218.097,0.3472,0.2805,0.3139,0.4481,0.0667,NORMAL,0,0,Windows,unspecified
22:56:39.464,218.125,0.3523,0.3138,0.3331,0.4397,0.0667,NORMAL,0,0,Windows,unspecified
22:56:39.496,218.157,0.3641,0.3138,0.339,0.4429,0.0667,NORMAL,0,0,Windows,unspecified
22:56:39.552,218.213,0.3708,0.3265,0.3487,0.4346,0.0667,NORMAL,0,0,Windows,unspecified
22:56:39.589,218.25,0.3708,0.3312,0.351,0.4404,0.0667,NORMAL,0,0,Windows,unspecified
22:56:39.621,218.282,0.3708,0.333,0.3519,0.4435,0.0667,NORMAL,0,0,Windows,unspecified
22:56:39.653,218.314,0.1791,0.1632,0.1712,0.4413,0.0733,NORMAL,1,0,Windows,unspecified
22:56:39.681,218.342,0.1429,0.1211,0.132,0.4357,0.08,NORMAL,2,0,Windows,unspecified
22:56:39.712,218.373,0.1371,0.1208,0.129,0.4306,0.0867,NORMAL,3,0,Windows,unspecified
22:56:39.742,218.403,0.1025,0.0703,0.0864,0.4485,0.0933,NORMAL,4,0,Windows,unspecified
22:56:39.774,218.435,0.087,0.0493,0.0682,0.4606,0.1,NORMAL,5,0,Windows,unspecified
22:56:39.806,218.467,0.0843,0.0493,0.0668,0.4462,0.1067,NORMAL,6,0,Windows,unspecified
22:56:39.836,218.497,0.2655,0.207,0.2362,0.43,0.1133,NORMAL,7,0,Windows,unspecified
22:56:39.869,218.531,0.3288,0.2688,0.2988,0.4268,0.1133,NORMAL,0,0,Windows,unspecified
22:56:39.902,218.563,0.3592,0.2688,0.314,0.4268,0.1067,NORMAL,0,0,Windows,unspecified
22:56:39.947,218.608,0.3661,0.2959,0.331,0.4426,0.1,NORMAL,0,0,Windows,unspecified
22:56:39.978,218.639,0.3745,0.3354,0.355,0.4347,0.0933,NORMAL,0,0,Windows,unspecified
22:56:40.008,218.669,0.3625,0.3361,0.3493,0.434,0.0933,NORMAL,0,0,Windows,unspecified
22:56:40.044,218.705,0.367,0.3402,0.3536,0.4273,0.0933,NORMAL,0,0,Windows,unspecified
22:56:40.071,218.732,0.3334,0.3132,0.3233,0.4219,0.0933,NORMAL,0,0,Windows,unspecified
22:56:40.103,218.765,0.3334,0.3132,0.3233,0.4143,0.0933,NORMAL,0,0,Windows,unspecified
22:56:40.140,218.801,0.3698,0.342,0.3559,0.4176,0.0933,NORMAL,0,0,Windows,unspecified
22:56:40.165,218.826,0.3783,0.342,0.3602,0.4176,0.0933,NORMAL,0,0,Windows,unspecified
22:56:40.194,218.855,0.3816,0.3653,0.3734,0.4176,0.0933,NORMAL,0,0,Windows,unspecified
22:56:40.236,218.897,0.3675,0.3452,0.3564,0.4222,0.0933,NORMAL,0,0,Windows,unspecified
22:56:40.275,218.936,0.3849,0.3452,0.365,0.4163,0.0933,NORMAL,0,0,Windows,unspecified
22:56:40.306,218.967,0.3702,0.333,0.3516,0.4223,0.0933,NORMAL,0,0,Windows,unspecified
22:56:40.347,219.008,0.3711,0.3594,0.3652,0.4027,0.0933,NORMAL,0,0,Windows,unspecified
22:56:40.385,219.046,0.3711,0.3622,0.3667,0.3988,0.0933,NORMAL,0,0,Windows,unspecified
22:56:40.416,219.078,0.3711,0.3387,0.3549,0.3936,0.0933,NORMAL,0,0,Windows,unspecified
22:56:40.445,219.106,0.3881,0.3657,0.3769,0.4012,0.0933,NORMAL,0,0,Windows,unspecified
22:56:40.478,219.139,0.3998,0.3641,0.382,0.4075,0.0933,NORMAL,0,0,Windows,unspecified
22:56:40.508,219.169,0.3998,0.3744,0.3871,0.4075,0.0933,NORMAL,0,0,Windows,unspecified
22:56:40.541,219.202,0.3881,0.3617,0.3749,0.4123,0.0933,NORMAL,0,0,Windows,unspecified
22:56:40.571,219.232,0.4147,0.3901,0.4024,0.4118,0.0933,NORMAL,0,0,Windows,unspecified
22:56:40.602,219.264,0.4026,0.3886,0.3956,0.406,0.0933,NORMAL,0,0,Windows,unspecified
22:56:40.635,219.297,0.4103,0.3881,0.3992,0.4105,0.0933,NORMAL,0,0,Windows,unspecified
22:56:40.664,219.325,0.4147,0.3986,0.4067,0.4127,0.0933,NORMAL,0,0,Windows,unspecified
22:56:40.697,219.358,0.4134,0.3854,0.3994,0.4071,0.0933,NORMAL,0,0,Windows,unspecified
22:56:40.749,219.41,0.4119,0.3633,0.3876,0.4055,0.0933,NORMAL,0,0,Windows,unspecified
22:56:40.787,219.448,0.3986,0.3771,0.3879,0.4036,0.0933,NORMAL,0,0,Windows,unspecified
22:56:40.820,219.482,0.4134,0.3755,0.3944,0.4111,0.0933,NORMAL,0,0,Windows,unspecified
22:56:40.852,219.514,0.4134,0.3667,0.3901,0.3974,0.0933,NORMAL,0,0,Windows,unspecified
22:56:40.884,219.545,0.3709,0.3897,0.3803,0.3962,0.0933,NORMAL,0,0,Windows,unspecified
22:56:40.915,219.576,0.3709,0.3905,0.3807,0.3962,0.0933,NORMAL,0,0,Windows,unspecified
22:56:40.946,219.607,0.3854,0.3885,0.3869,0.3935,0.0933,NORMAL,0,0,Windows,unspecified
22:56:40.978,219.639,0.3998,0.4026,0.4012,0.4005,0.0933,NORMAL,0,0,Windows,unspecified
22:56:41.007,219.669,0.4103,0.3998,0.4051,0.4061,0.0933,NORMAL,0,0,Windows,unspecified
22:56:41.035,219.696,0.3722,0.389,0.3806,0.3949,0.0933,NORMAL,0,0,Windows,unspecified
22:56:41.070,219.732,0.3692,0.3779,0.3735,0.3901,0.0933,NORMAL,0,0,Windows,unspecified
22:56:41.103,219.764,0.3709,0.3779,0.3744,0.3968,0.0933,NORMAL,0,0,Windows,unspecified
22:56:41.147,219.808,0.3709,0.3779,0.3744,0.3937,0.0933,NORMAL,0,0,Windows,unspecified
22:56:41.177,219.839,0.3912,0.3779,0.3845,0.3963,0.0933,NORMAL,0,0,Windows,unspecified
22:56:41.212,219.873,0.3912,0.3779,0.3845,0.3924,0.0933,NORMAL,0,0,Windows,unspecified
22:56:41.243,219.905,0.3986,0.3771,0.3879,0.3946,0.0933,NORMAL,0,0,Windows,unspecified
22:56:41.271,219.933,0.4014,0.378,0.3897,0.404,0.0933,NORMAL,0,0,Windows,unspecified
22:56:41.304,219.965,0.4134,0.378,0.3957,0.408,0.0933,NORMAL,0,0,Windows,unspecified
22:56:41.340,220.002,0.382,0.3633,0.3727,0.4056,0.0933,NORMAL,0,0,Windows,unspecified
22:56:41.367,220.028,0.3791,0.3766,0.3779,0.4145,0.0933,NORMAL,0,0,Windows,unspecified
22:56:41.397,220.058,0.3791,0.364,0.3716,0.4116,0.0933,NORMAL,0,0,Windows,unspecified
22:56:41.451,220.112,0.3842,0.3747,0.3794,0.4774,0.0933,NORMAL,0,0,Windows,unspecified
22:56:41.475,220.136,0.3825,0.3633,0.3729,0.495,0.0933,NORMAL,0,0,Windows,unspecified
22:56:41.507,220.168,0.394,0.3739,0.3839,0.4907,0.0933,NORMAL,0,0,Windows,unspecified
22:56:41.548,220.209,0.3698,0.3602,0.365,0.4869,0.0933,NORMAL,0,0,Windows,unspecified
22:56:41.583,220.244,0.3808,0.3722,0.3765,0.4914,0.0933,NORMAL,0,0,Windows,unspecified
22:56:41.615,220.277,0.382,0.3747,0.3784,0.4841,0.0933,NORMAL,0,0,Windows,unspecified
22:56:41.643,220.304,0.3808,0.3427,0.3618,0.4737,0.0933,NORMAL,0,0,Windows,unspecified
22:56:41.679,220.34,0.366,0.3354,0.3507,0.4723,0.0933,NORMAL,0,0,Windows,unspecified
22:56:41.709,220.371,0.3523,0.3221,0.3372,0.4749,0.0933,NORMAL,0,0,Windows,unspecified
22:56:41.739,220.4,0.3671,0.345,0.3561,0.4365,0.0933,NORMAL,0,0,Windows,unspecified
22:56:41.774,220.436,0.3512,0.346,0.3486,0.4167,0.0933,NORMAL,0,0,Windows,unspecified
22:56:41.804,220.465,0.366,0.346,0.356,0.4158,0.0933,NORMAL,0,0,Windows,unspecified
22:56:41.852,220.513,0.3493,0.3427,0.346,0.4543,0.0933,NORMAL,0,0,Windows,unspecified
22:56:41.881,220.542,0.3446,0.3233,0.334,0.4825,0.0933,NORMAL,0,0,Windows,unspecified
22:56:41.914,220.575,0.3446,0.3233,0.334,0.4781,0.0933,NORMAL,0,0,Windows,unspecified
22:56:41.953,220.614,0.3446,0.3226,0.3336,0.46,0.0933,NORMAL,0,0,Windows,unspecified
22:56:42.027,220.688,0.3534,0.3226,0.338,0.4558,0.0933,NORMAL,0,0,Windows,unspecified
22:56:42.057,220.718,0.3425,0.3078,0.3251,0.4335,0.0933,NORMAL,0,0,Windows,unspecified
22:56:42.142,220.803,0.3046,0.293,0.2988,0.4259,0.0933,NORMAL,0,0,Windows,unspecified
22:56:42.181,220.842,0.2962,0.2782,0.2872,0.4217,0.0933,NORMAL,0,0,Windows,unspecified
22:56:42.210,220.871,0.2921,0.2782,0.2852,0.4202,0.0933,NORMAL,0,0,Windows,unspecified
22:56:42.255,220.916,0.2583,0.2851,0.2717,0.4321,0.0933,NORMAL,0,0,Windows,unspecified
22:56:42.289,220.95,0.2721,0.2854,0.2788,0.4385,0.0933,NORMAL,0,0,Windows,unspecified
22:56:42.320,220.981,0.2662,0.2752,0.2707,0.4385,0.0933,NORMAL,0,0,Windows,unspecified
22:56:42.349,221.01,0.2801,0.2854,0.2828,0.4446,0.0933,NORMAL,0,0,Windows,unspecified
22:56:42.379,221.04,0.2893,0.2854,0.2874,0.4587,0.0933,NORMAL,0,0,Windows,unspecified
22:56:42.415,221.076,0.2801,0.2854,0.2828,0.4578,0.0933,NORMAL,0,0,Windows,unspecified
22:56:42.443,221.104,0.2886,0.2655,0.277,0.4563,0.0933,NORMAL,0,0,Windows,unspecified
22:56:42.476,221.137,0.2797,0.2843,0.282,0.4483,0.0933,NORMAL,0,0,Windows,unspecified
22:56:42.509,221.17,0.2797,0.2782,0.2789,0.4482,0.0933,NORMAL,0,0,Windows,unspecified
22:56:42.540,221.201,0.3036,0.3021,0.3029,0.4507,0.0933,NORMAL,0,0,Windows,unspecified
22:56:42.572,221.233,0.2797,0.3275,0.3036,0.4624,0.0933,NORMAL,0,0,Windows,unspecified
22:56:42.603,221.264,0.3032,0.3156,0.3094,0.4624,0.0933,NORMAL,0,0,Windows,unspecified
22:56:42.635,221.296,0.3176,0.3274,0.3225,0.4654,0.0933,NORMAL,0,0,Windows,unspecified
22:56:42.666,221.327,0.2945,0.3173,0.3059,0.4451,0.0933,NORMAL,0,0,Windows,unspecified
22:56:42.696,221.357,0.2938,0.3173,0.3055,0.4485,0.0933,NORMAL,0,0,Windows,unspecified
22:56:42.749,221.411,0.2725,0.3173,0.2949,0.3981,0.0933,NORMAL,0,0,Windows,unspecified
22:56:42.777,221.438,0.2725,0.3173,0.2949,0.3897,0.0933,NORMAL,0,0,Windows,unspecified
22:56:42.808,221.469,0.2649,0.3021,0.2835,0.3897,0.0933,NORMAL,0,0,Windows,unspecified
22:56:42.843,221.504,0.2225,0.238,0.2303,0.3841,0.1,NORMAL,1,0,Windows,unspecified
22:56:42.870,221.532,0.1878,0.1992,0.1935,0.4037,0.1067,NORMAL,2,0,Windows,unspecified
22:56:42.903,221.564,0.1864,0.1992,0.1928,0.3991,0.1133,NORMAL,3,0,Windows,unspecified
22:56:42.939,221.6,0.1878,0.1635,0.1757,0.461,0.12,NORMAL,4,0,Windows,unspecified
22:56:42.966,221.627,0.2007,0.1992,0.1999,0.4488,0.1267,NORMAL,5,0,Windows,unspecified
22:56:42.997,221.659,0.1824,0.1641,0.1733,0.4535,0.1333,NORMAL,6,0,Windows,unspecified
22:56:43.031,221.692,0.1824,0.1958,0.1891,0.474,0.14,NORMAL,7,0,Windows,unspecified
22:56:43.062,221.723,0.2017,0.1958,0.1988,0.5009,0.1467,NORMAL,8,0,Windows,unspecified
22:56:43.092,221.753,0.1934,0.1958,0.1946,0.515,0.1533,NORMAL,9,0,Windows,unspecified
22:56:43.147,221.808,0.1786,0.186,0.1823,0.5141,0.16,WARNING,10,0,Windows,unspecified
22:56:43.167,221.829,0.1758,0.186,0.1809,0.508,0.1667,WARNING,11,0,Windows,unspecified
22:56:43.200,221.861,0.1811,0.2009,0.191,0.5089,0.1733,WARNING,12,0,Windows,unspecified
22:56:43.243,221.904,0.172,0.1958,0.1839,0.4889,0.18,WARNING,13,0,Windows,unspecified
22:56:43.281,221.942,0.158,0.1958,0.1769,0.4963,0.1867,WARNING,14,0,Windows,unspecified
22:56:43.312,221.974,0.1398,0.1958,0.1678,0.4904,0.1933,WARNING,15,0,Windows,unspecified
22:56:43.342,222.003,0.2003,0.227,0.2137,0.4476,0.2,WARNING,16,0,Windows,unspecified
22:56:43.376,222.037,0.2148,0.227,0.2209,0.44,0.2067,WARNING,17,0,Windows,unspecified
22:56:43.406,222.067,0.2291,0.2463,0.2377,0.4279,0.2133,WARNING,18,0,Windows,unspecified
22:56:43.438,222.099,0.2433,0.2463,0.2448,0.434,0.2133,NORMAL,0,0,Windows,unspecified
22:56:43.468,222.129,0.2367,0.2866,0.2617,0.4407,0.2133,NORMAL,0,0,Windows,unspecified
22:56:43.500,222.161,0.2291,0.2674,0.2482,0.4402,0.2133,NORMAL,0,0,Windows,unspecified
22:56:43.547,222.209,0.2433,0.2855,0.2644,0.4105,0.2133,NORMAL,0,0,Windows,unspecified
22:56:43.578,222.239,0.2433,0.2595,0.2514,0.4045,0.2133,NORMAL,0,0,Windows,unspecified
22:56:43.610,222.272,0.2433,0.2589,0.2511,0.4113,0.2133,NORMAL,0,0,Windows,unspecified
22:56:43.643,222.305,0.2651,0.2674,0.2662,0.4098,0.2133,NORMAL,0,0,Windows,unspecified
22:56:43.673,222.334,0.2805,0.2765,0.2785,0.4133,0.2133,NORMAL,0,0,Windows,unspecified
22:56:43.704,222.365,0.2805,0.2754,0.2779,0.4205,0.2133,NORMAL,0,0,Windows,unspecified
22:56:43.756,222.417,0.3094,0.3447,0.3271,0.4144,0.2133,NORMAL,0,0,Windows,unspecified
22:56:43.781,222.442,0.3403,0.3447,0.3425,0.4134,0.2133,NORMAL,0,0,Windows,unspecified
22:56:43.811,222.473,0.3492,0.3618,0.3555,0.421,0.2133,NORMAL,0,0,Windows,unspecified
22:56:43.846,222.507,0.3492,0.3618,0.3555,0.4124,0.2133,NORMAL,0,0,Windows,unspecified
22:56:43.875,222.536,0.3119,0.3286,0.3202,0.4131,0.2133,NORMAL,0,0,Windows,unspecified
22:56:43.907,222.568,0.3116,0.3202,0.3159,0.4097,0.2133,NORMAL,0,0,Windows,unspecified
22:56:43.947,222.609,0.2728,0.2915,0.2822,0.422,0.2133,NORMAL,0,0,Windows,unspecified
22:56:43.984,222.645,0.2586,0.2915,0.2751,0.4322,0.2133,NORMAL,0,0,Windows,unspecified
22:56:44.017,222.678,0.2436,0.2595,0.2516,0.4453,0.2133,NORMAL,0,0,Windows,unspecified
22:56:44.044,222.705,0.2444,0.2436,0.244,0.45,0.2133,NORMAL,0,0,Windows,unspecified
22:56:44.079,222.741,0.2361,0.2345,0.2353,0.4486,0.22,NORMAL,1,0,Windows,unspecified
22:56:44.112,222.773,0.2504,0.2674,0.2589,0.4448,0.22,NORMAL,0,0,Windows,unspecified
22:56:44.157,222.818,0.2662,0.2763,0.2712,0.4366,0.22,NORMAL,0,0,Windows,unspecified
22:56:44.186,222.847,0.2808,0.2994,0.2901,0.4236,0.22,NORMAL,0,0,Windows,unspecified
22:56:44.221,222.882,0.2955,0.3096,0.3026,0.4236,0.22,NORMAL,0,0,Windows,unspecified
22:56:44.251,222.912,0.2955,0.3277,0.3116,0.4199,0.2133,NORMAL,0,0,Windows,unspecified
22:56:44.282,222.943,0.2808,0.3003,0.2906,0.4243,0.2067,NORMAL,0,0,Windows,unspecified
22:56:44.314,222.975,0.2808,0.2674,0.2741,0.4247,0.2,NORMAL,0,0,Windows,unspecified
22:56:44.346,223.007,0.2808,0.3302,0.3055,0.4302,0.1933,NORMAL,0,0,Windows,unspecified
22:56:44.379,223.04,0.2808,0.3302,0.3055,0.4154,0.1867,NORMAL,0,0,Windows,unspecified
22:56:44.410,223.071,0.2808,0.3302,0.3055,0.4195,0.18,NORMAL,0,0,Windows,unspecified
22:56:44.444,223.105,0.2955,0.3641,0.3298,0.4382,0.1733,NORMAL,0,0,Windows,unspecified
22:56:44.471,223.132,0.2805,0.3641,0.3223,0.4354,0.1733,NORMAL,0,0,Windows,unspecified
22:56:44.501,223.162,0.2725,0.3796,0.326,0.4396,0.1733,NORMAL,0,0,Windows,unspecified
22:56:44.556,223.217,0.28,0.3472,0.3136,0.4267,0.1733,NORMAL,0,0,Windows,unspecified
22:56:44.583,223.244,0.2893,0.3447,0.317,0.4367,0.1733,NORMAL,0,0,Windows,unspecified
22:56:44.607,223.268,0.2889,0.3168,0.3029,0.4289,0.1733,NORMAL,0,0,Windows,unspecified
22:56:44.647,223.308,0.2889,0.2847,0.2868,0.4338,0.1733,NORMAL,0,0,Windows,unspecified
22:56:44.688,223.349,0.2425,0.251,0.2467,0.4296,0.1733,NORMAL,0,0,Windows,unspecified
22:56:44.719,223.38,0.2805,0.2674,0.2739,0.4213,0.1733,NORMAL,0,0,Windows,unspecified
22:56:44.750,223.411,0.2444,0.2774,0.2609,0.4521,0.1667,NORMAL,0,0,Windows,unspecified
22:56:44.784,223.445,0.2651,0.2664,0.2657,0.4579,0.16,NORMAL,0,0,Windows,unspecified
22:56:44.815,223.476,0.2797,0.2941,0.2869,0.4622,0.1533,NORMAL,0,0,Windows,unspecified
22:56:44.842,223.503,0.2076,0.1836,0.1956,0.5113,0.1533,NORMAL,1,0,Windows,unspecified
22:56:44.878,223.539,0.1711,0.1836,0.1774,0.513,0.1533,NORMAL,2,0,Windows,unspecified
22:56:44.910,223.571,0.1583,0.1823,0.1703,0.5083,0.1533,NORMAL,3,0,Windows,unspecified
22:56:44.943,223.604,0.144,0.1836,0.1638,0.5083,0.1533,NORMAL,4,0,Windows,unspecified
22:56:44.972,223.633,0.159,0.1934,0.1762,0.5067,0.16,NORMAL,5,0,Windows,unspecified
22:56:45.003,223.664,0.1505,0.206,0.1783,0.4948,0.1667,NORMAL,6,0,Windows,unspecified
22:56:45.035,223.696,0.1454,0.1843,0.1649,0.5074,0.1733,NORMAL,7,0,Windows,unspecified
22:56:45.066,223.727,0.2276,0.2433,0.2354,0.4883,0.18,NORMAL,8,0,Windows,unspecified
22:56:45.098,223.759,0.2592,0.2739,0.2666,0.4906,0.18,NORMAL,0,0,Windows,unspecified
22:56:45.149,223.81,0.2786,0.2439,0.2612,0.5127,0.18,NORMAL,0,0,Windows,unspecified
22:56:45.177,223.838,0.2786,0.2739,0.2762,0.5027,0.18,NORMAL,0,0,Windows,unspecified
22:56:45.206,223.867,0.2786,0.2793,0.2789,0.5098,0.18,NORMAL,0,0,Windows,unspecified
22:56:45.243,223.904,0.295,0.2877,0.2914,0.5196,0.18,NORMAL,0,0,Windows,unspecified
22:56:45.269,223.931,0.2778,0.2882,0.283,0.508,0.18,NORMAL,0,0,Windows,unspecified
22:56:45.303,223.964,0.2778,0.2874,0.2826,0.5128,0.18,NORMAL,0,0,Windows,unspecified
22:56:45.332,223.993,0.2778,0.2882,0.283,0.5099,0.18,NORMAL,0,0,Windows,unspecified
22:56:45.364,224.025,0.3352,0.2875,0.3113,0.5234,0.18,NORMAL,0,0,Windows,unspecified
22:56:45.395,224.056,0.3403,0.29,0.3152,0.5058,0.18,NORMAL,0,0,Windows,unspecified
22:56:45.427,224.088,0.3392,0.2875,0.3134,0.5131,0.18,NORMAL,0,0,Windows,unspecified
22:56:45.457,224.118,0.346,0.3033,0.3247,0.5087,0.18,NORMAL,0,0,Windows,unspecified
22:56:45.488,224.149,0.3333,0.3048,0.3191,0.49,0.18,NORMAL,0,0,Windows,unspecified
22:56:45.547,224.208,0.3448,0.3084,0.3266,0.496,0.18,NORMAL,0,0,Windows,unspecified
22:56:45.581,224.242,0.3607,0.3229,0.3418,0.5039,0.18,NORMAL,0,0,Windows,unspecified
22:56:45.614,224.276,0.358,0.3236,0.3408,0.4926,0.18,NORMAL,0,0,Windows,unspecified
22:56:45.643,224.304,0.3483,0.3237,0.336,0.4985,0.18,NORMAL,0,0,Windows,unspecified
22:56:45.676,224.338,0.3508,0.3144,0.3326,0.5055,0.18,NORMAL,0,0,Windows,unspecified
22:56:45.711,224.372,0.3508,0.3236,0.3372,0.5055,0.18,NORMAL,0,0,Windows,unspecified
22:56:45.741,224.402,0.3483,0.3236,0.3359,0.5055,0.18,NORMAL,0,0,Windows,unspecified
22:56:45.771,224.432,0.3633,0.3097,0.3365,0.4748,0.18,NORMAL,0,0,Windows,unspecified
22:56:45.801,224.462,0.3528,0.2951,0.324,0.4637,0.18,NORMAL,0,0,Windows,unspecified
22:56:45.834,224.495,0.3375,0.2951,0.3163,0.4635,0.18,NORMAL,0,0,Windows,unspecified
22:56:45.864,224.525,0.3284,0.3084,0.3184,0.473,0.18,NORMAL,0,0,Windows,unspecified
22:56:45.896,224.557,0.3607,0.3009,0.3308,0.4866,0.18,NORMAL,0,0,Windows,unspecified
22:56:45.953,224.614,0.3621,0.2996,0.3309,0.483,0.18,NORMAL,0,0,Windows,unspecified
22:56:45.992,224.653,0.3595,0.3002,0.3299,0.4828,0.18,NORMAL,0,0,Windows,unspecified
22:56:46.021,224.682,0.3288,0.2867,0.3078,0.4801,0.18,NORMAL,0,0,Windows,unspecified
22:56:46.060,224.721,0.3312,0.2725,0.3018,0.4726,0.18,NORMAL,0,0,Windows,unspecified
22:56:46.084,224.745,0.3115,0.2728,0.2922,0.4777,0.18,NORMAL,0,0,Windows,unspecified
22:56:46.116,224.777,0.3226,0.2752,0.2989,0.4735,0.18,NORMAL,0,0,Windows,unspecified
22:56:46.150,224.811,0.3226,0.2752,0.2989,0.4734,0.18,NORMAL,0,0,Windows,unspecified
22:56:46.177,224.838,0.3012,0.2854,0.2933,0.4667,0.18,NORMAL,0,0,Windows,unspecified
22:56:46.211,224.872,0.3031,0.2773,0.2902,0.4634,0.18,NORMAL,0,0,Windows,unspecified
22:56:46.240,224.901,0.3031,0.2854,0.2942,0.4641,0.18,NORMAL,0,0,Windows,unspecified
22:56:46.274,224.935,0.2934,0.2851,0.2892,0.4511,0.18,NORMAL,0,0,Windows,unspecified
22:56:46.306,224.967,0.2941,0.2633,0.2787,0.4581,0.18,NORMAL,0,0,Windows,unspecified
22:56:46.348,225.009,0.3028,0.3117,0.3072,0.4584,0.18,NORMAL,0,0,Windows,unspecified
22:56:46.383,225.044,0.3125,0.3263,0.3194,0.4565,0.18,NORMAL,0,0,Windows,unspecified
22:56:46.414,225.075,0.3125,0.303,0.3078,0.4512,0.18,NORMAL,0,0,Windows,unspecified
22:56:46.461,225.122,0.3764,0.3572,0.3668,0.4538,0.18,NORMAL,0,0,Windows,unspecified
22:56:46.493,225.154,0.3898,0.3587,0.3743,0.4543,0.18,NORMAL,0,0,Windows,unspecified
22:56:46.521,225.182,0.4057,0.3587,0.3822,0.4592,0.18,NORMAL,0,0,Windows,unspecified
22:56:46.553,225.214,0.4037,0.357,0.3803,0.4621,0.18,NORMAL,0,0,Windows,unspecified
22:56:46.584,225.245,0.3782,0.3428,0.3605,0.4434,0.18,NORMAL,0,0,Windows,unspecified
22:56:46.614,225.275,0.3641,0.3564,0.3602,0.4291,0.18,NORMAL,0,0,Windows,unspecified
22:56:46.645,225.306,0.3685,0.3546,0.3615,0.4388,0.18,NORMAL,0,0,Windows,unspecified
22:56:46.676,225.337,0.3528,0.3276,0.3402,0.424,0.18,NORMAL,0,0,Windows,unspecified
22:56:46.710,225.371,0.3646,0.3402,0.3524,0.4308,0.18,NORMAL,0,0,Windows,unspecified
22:56:46.746,225.408,0.3646,0.3453,0.3549,0.4341,0.18,NORMAL,0,0,Windows,unspecified
22:56:46.769,225.43,0.3646,0.3337,0.3491,0.4458,0.18,NORMAL,0,0,Windows,unspecified
22:56:46.800,225.461,0.3681,0.3305,0.3493,0.4458,0.18,NORMAL,0,0,Windows,unspecified
22:56:46.861,225.522,0.3802,0.3611,0.3706,0.4816,0.18,NORMAL,0,0,Windows,unspecified
22:56:46.895,225.556,0.3716,0.3446,0.3581,0.4799,0.18,NORMAL,0,0,Windows,unspecified
22:56:46.927,225.588,0.3716,0.3446,0.3581,0.4836,0.18,NORMAL,0,0,Windows,unspecified
22:56:46.957,225.618,0.3716,0.3446,0.3581,0.4909,0.18,NORMAL,0,0,Windows,unspecified
22:56:46.990,225.651,0.3716,0.3446,0.3581,0.4375,0.18,NORMAL,0,0,Windows,unspecified
22:56:47.022,225.683,0.3716,0.3604,0.366,0.4222,0.18,NORMAL,0,0,Windows,unspecified
22:56:47.050,225.711,0.3716,0.3744,0.373,0.4126,0.18,NORMAL,0,0,Windows,unspecified
22:56:47.084,225.745,0.3716,0.3744,0.373,0.4387,0.18,NORMAL,0,0,Windows,unspecified
22:56:47.114,225.775,0.3826,0.3586,0.3706,0.4433,0.18,NORMAL,0,0,Windows,unspecified
22:56:47.148,225.809,0.3865,0.3587,0.3726,0.4517,0.18,NORMAL,0,0,Windows,unspecified
22:56:47.178,225.839,0.3716,0.3728,0.3722,0.4619,0.18,NORMAL,0,0,Windows,unspecified
22:56:47.209,225.87,0.3865,0.3586,0.3726,0.4647,0.18,NORMAL,0,0,Windows,unspecified
22:56:47.239,225.9,0.3865,0.3586,0.3726,0.4647,0.18,NORMAL,0,0,Windows,unspecified
22:56:47.272,225.933,0.4157,0.3859,0.4008,0.4651,0.18,NORMAL,0,0,Windows,unspecified
22:56:47.302,225.963,0.3998,0.3885,0.3941,0.4651,0.18,NORMAL,0,0,Windows,unspecified
22:56:47.336,225.997,0.4007,0.3734,0.387,0.4651,0.18,NORMAL,0,0,Windows,unspecified
22:56:47.366,226.027,0.3931,0.376,0.3846,0.4339,0.18,NORMAL,0,0,Windows,unspecified
22:56:47.398,226.059,0.4053,0.3649,0.3851,0.4368,0.18,NORMAL,0,0,Windows,unspecified
22:56:47.429,226.09,0.401,0.366,0.3835,0.4304,0.18,NORMAL,0,0,Windows,unspecified
22:56:47.460,226.121,0.3741,0.366,0.37,0.4388,0.18,NORMAL,0,0,Windows,unspecified
22:56:47.492,226.153,0.3711,0.3739,0.3725,0.4326,0.18,NORMAL,0,0,Windows,unspecified
22:56:47.546,226.207,0.386,0.3737,0.3798,0.4556,0.18,NORMAL,0,0,Windows,unspecified
22:56:47.569,226.23,0.4015,0.389,0.3952,0.4662,0.18,NORMAL,0,0,Windows,unspecified
22:56:47.601,226.262,0.3865,0.3881,0.3873,0.4707,0.18,NORMAL,0,0,Windows,unspecified
22:56:47.630,226.291,0.3865,0.3849,0.3857,0.4713,0.18,NORMAL,0,0,Windows,unspecified
22:56:47.661,226.322,0.3666,0.3683,0.3675,0.5181,0.18,NORMAL,0,0,Windows,unspecified
22:56:47.693,226.354,0.3952,0.3407,0.368,0.5033,0.18,NORMAL,0,0,Windows,unspecified
22:56:47.724,226.385,0.3948,0.3671,0.381,0.5122,0.18,NORMAL,0,0,Windows,unspecified
22:56:47.754,226.415,0.3572,0.3849,0.371,0.5206,0.18,NORMAL,0,0,Windows,unspecified
22:56:47.787,226.448,0.3599,0.3709,0.3654,0.5229,0.18,NORMAL,0,0,Windows,unspecified
22:56:47.818,226.479,0.3705,0.3709,0.3707,0.5319,0.1733,NORMAL,0,0,Windows,unspecified
22:56:47.855,226.516,0.3717,0.3702,0.371,0.5332,0.1667,NORMAL,0,0,Windows,unspecified
22:56:47.880,226.541,0.3409,0.3407,0.3408,0.5331,0.16,NORMAL,0,0,Windows,unspecified
22:56:47.948,226.609,0.2789,0.2543,0.2666,0.5038,0.1533,NORMAL,0,0,Windows,unspecified
22:56:47.976,226.637,0.2641,0.2625,0.2633,0.4894,0.1467,NORMAL,0,0,Windows,unspecified
22:56:48.005,226.666,0.2768,0.2869,0.2818,0.4848,0.14,NORMAL,0,0,Windows,unspecified
22:56:48.038,226.699,0.2768,0.285,0.2809,0.4848,0.1333,NORMAL,0,0,Windows,unspecified
22:56:48.067,226.729,0.2828,0.2809,0.2819,0.468,0.1267,NORMAL,0,0,Windows,unspecified
22:56:48.099,226.76,0.2889,0.2817,0.2853,0.4799,0.12,NORMAL,0,0,Windows,unspecified
22:56:48.129,226.791,0.2937,0.2833,0.2885,0.4646,0.1133,NORMAL,0,0,Windows,unspecified
22:56:48.162,226.823,0.329,0.3055,0.3172,0.5297,0.1067,NORMAL,0,0,Windows,unspecified
22:56:48.193,226.854,0.3259,0.3062,0.3161,0.5422,0.1,NORMAL,0,0,Windows,unspecified
22:56:48.223,226.884,0.3158,0.2889,0.3024,0.5354,0.0933,NORMAL,0,0,Windows,unspecified
22:56:48.252,226.913,0.3282,0.3123,0.3202,0.5089,0.0867,NORMAL,0,0,Windows,unspecified
22:56:48.287,226.948,0.3282,0.2994,0.3138,0.5023,0.08,NORMAL,0,0,Windows,unspecified
22:56:48.364,227.025,0.3282,0.3238,0.326,0.4865,0.0733,NORMAL,0,0,Windows,unspecified
22:56:48.396,227.057,0.3134,0.319,0.3162,0.4928,0.0667,NORMAL,0,0,Windows,unspecified
22:56:48.426,227.087,0.3134,0.2951,0.3043,0.4969,0.06,NORMAL,0,0,Windows,unspecified
22:56:48.461,227.122,0.3135,0.2951,0.3043,0.4942,0.06,NORMAL,0,0,Windows,unspecified
22:56:48.491,227.152,0.3181,0.2951,0.3066,0.4683,0.06,NORMAL,0,0,Windows,unspecified
22:56:48.522,227.183,0.3173,0.2951,0.3062,0.4658,0.06,NORMAL,0,0,Windows,unspecified
22:56:48.553,227.214,0.2912,0.2951,0.2931,0.4531,0.06,NORMAL,0,0,Windows,unspecified
22:56:48.583,227.244,0.2589,0.285,0.2719,0.4193,0.06,NORMAL,0,0,Windows,unspecified
22:56:48.614,227.275,0.2724,0.285,0.2787,0.4131,0.06,NORMAL,0,0,Windows,unspecified
22:56:48.645,227.306,0.2695,0.285,0.2772,0.4195,0.06,NORMAL,0,0,Windows,unspecified
22:56:48.676,227.337,0.1993,0.2489,0.2241,0.4132,0.0667,NORMAL,1,0,Windows,unspecified
22:56:48.707,227.368,0.1824,0.2165,0.1995,0.405,0.0733,NORMAL,2,0,Windows,unspecified
22:56:48.767,227.428,0.1921,0.1824,0.1873,0.4383,0.08,NORMAL,3,0,Windows,unspecified
22:56:48.802,227.463,0.2079,0.214,0.211,0.449,0.0867,NORMAL,4,0,Windows,unspecified
22:56:48.833,227.495,0.2079,0.211,0.2094,0.4535,0.0933,NORMAL,5,0,Windows,unspecified
22:56:48.865,227.526,0.1934,0.2138,0.2036,0.4461,0.1,NORMAL,6,0,Windows,unspecified
22:56:48.956,227.618,0.1853,0.1804,0.1829,0.4458,0.1067,NORMAL,7,0,Windows,unspecified
22:56:48.990,227.651,0.1539,0.1906,0.1723,0.4354,0.1133,NORMAL,8,0,Windows,unspecified
22:56:49.020,227.682,0.1539,0.1889,0.1714,0.4402,0.12,NORMAL,9,0,Windows,unspecified
22:56:49.055,227.716,0.1893,0.2271,0.2082,0.4626,0.1267,WARNING,10,0,Windows,unspecified
22:56:49.083,227.744,0.243,0.2241,0.2335,0.4756,0.1333,WARNING,11,0,Windows,unspecified
22:56:49.164,227.825,0.2595,0.2645,0.262,0.4525,0.1333,NORMAL,0,0,Windows,unspecified
22:56:49.192,227.853,0.2515,0.2424,0.2469,0.4474,0.1267,NORMAL,0,0,Windows,unspecified
22:56:49.223,227.884,0.2669,0.2567,0.2618,0.4472,0.1267,NORMAL,0,0,Windows,unspecified
22:56:49.258,227.919,0.2673,0.2567,0.262,0.4426,0.1267,NORMAL,0,0,Windows,unspecified
22:56:49.285,227.946,0.2392,0.2768,0.258,0.4571,0.1267,NORMAL,0,0,Windows,unspecified
22:56:49.318,227.979,0.244,0.2645,0.2542,0.4445,0.1267,NORMAL,0,0,Windows,unspecified
22:56:49.348,228.009,0.2363,0.2498,0.2431,0.4493,0.1267,NORMAL,0,0,Windows,unspecified
22:56:49.379,228.04,0.2576,0.247,0.2523,0.4117,0.1267,NORMAL,0,0,Windows,unspecified
22:56:49.407,228.068,0.2543,0.2547,0.2545,0.4139,0.1267,NORMAL,0,0,Windows,unspecified
22:56:49.443,228.104,0.2351,0.2617,0.2484,0.4008,0.1267,NORMAL,0,0,Windows,unspecified
22:56:49.473,228.134,0.2765,0.2695,0.273,0.4258,0.1267,NORMAL,0,0,Windows,unspecified
22:56:49.507,228.168,0.288,0.285,0.2865,0.4282,0.1267,NORMAL,0,0,Windows,unspecified
22:56:49.535,228.196,0.2921,0.285,0.2886,0.4291,0.1267,NORMAL,0,0,Windows,unspecified
22:56:49.568,228.23,0.3071,0.285,0.2961,0.4134,0.1267,NORMAL,0,0,Windows,unspecified
22:56:49.599,228.26,0.3121,0.285,0.2985,0.411,0.1267,NORMAL,0,0,Windows,unspecified
22:56:49.630,228.291,0.2905,0.285,0.2877,0.4094,0.1267,NORMAL,0,0,Windows,unspecified
22:56:49.659,228.32,0.2877,0.2584,0.2731,0.3998,0.1267,NORMAL,0,0,Windows,unspecified
22:56:49.692,228.353,0.2811,0.2584,0.2698,0.4089,0.1267,NORMAL,0,0,Windows,unspecified
22:56:49.723,228.384,0.2811,0.2584,0.2698,0.4052,0.1267,NORMAL,0,0,Windows,unspecified
22:56:49.756,228.417,0.2393,0.2307,0.235,0.5115,0.1333,NORMAL,1,0,Windows,unspecified
22:56:49.789,228.45,0.2205,0.2032,0.2119,0.5236,0.14,NORMAL,2,0,Windows,unspecified
22:56:49.819,228.48,0.2089,0.1971,0.203,0.5266,0.1467,NORMAL,3,0,Windows,unspecified
22:56:49.851,228.512,0.1992,0.1806,0.1899,0.5433,0.1533,NORMAL,4,0,Windows,unspecified
22:56:49.882,228.543,0.1992,0.1626,0.1809,0.5351,0.16,NORMAL,5,0,Windows,unspecified
22:56:49.912,228.573,0.1842,0.1626,0.1734,0.5353,0.16,NORMAL,6,0,Windows,unspecified
22:56:49.966,228.627,0.1644,0.1626,0.1635,0.53,0.16,NORMAL,7,0,Windows,unspecified
22:56:49.992,228.653,0.1737,0.1672,0.1704,0.524,0.16,NORMAL,8,0,Windows,unspecified
22:56:50.023,228.684,0.1842,0.1672,0.1757,0.5219,0.16,NORMAL,9,0,Windows,unspecified
22:56:50.060,228.721,0.1842,0.1672,0.1757,0.5019,0.16,WARNING,10,0,Windows,unspecified
22:56:50.084,228.745,0.1788,0.1772,0.178,0.4941,0.16,WARNING,11,0,Windows,unspecified
22:56:50.115,228.776,0.1788,0.1806,0.1797,0.4941,0.16,WARNING,12,0,Windows,unspecified
22:56:50.156,228.817,0.1964,0.1754,0.1859,0.4867,0.16,WARNING,13,0,Windows,unspecified
22:56:50.194,228.855,0.2029,0.1859,0.1944,0.4788,0.1667,WARNING,14,0,Windows,unspecified
22:56:50.223,228.884,0.2026,0.1859,0.1942,0.4822,0.1733,WARNING,15,0,Windows,unspecified
22:56:50.252,228.913,0.2122,0.1857,0.1989,0.4853,0.18,WARNING,16,0,Windows,unspecified
22:56:50.288,228.949,0.2122,0.1876,0.1999,0.4862,0.1867,WARNING,17,0,Windows,unspecified
22:56:50.318,228.979,0.2122,0.1913,0.2017,0.4876,0.1933,WARNING,18,0,Windows,unspecified
22:56:50.363,229.025,0.2289,0.2202,0.2245,0.4872,0.2,WARNING,19,0,Windows,unspecified
22:56:50.398,229.059,0.2348,0.2138,0.2243,0.4952,0.2067,DROWSY,20,0,Windows,unspecified
22:56:50.429,229.09,0.2289,0.1934,0.2111,0.4976,0.2133,DROWSY,21,0,Windows,unspecified
22:56:50.457,229.119,0.2205,0.1879,0.2042,0.4985,0.22,DROWSY,22,0,Windows,unspecified
22:56:50.491,229.152,0.2205,0.1876,0.2041,0.4995,0.2267,DROWSY,23,0,Windows,unspecified
22:56:50.522,229.183,0.2205,0.184,0.2023,0.5083,0.2333,DROWSY,24,0,Windows,unspecified
22:56:50.557,229.218,0.1989,0.1719,0.1854,0.5015,0.24,DROWSY,25,0,Windows,unspecified
22:56:50.585,229.246,0.2026,0.1879,0.1952,0.4884,0.2467,DROWSY,26,0,Windows,unspecified
22:56:50.617,229.278,0.1992,0.1859,0.1926,0.4933,0.2533,DROWSY,27,0,Windows,unspecified
22:56:50.669,229.33,0.184,0.1588,0.1714,0.4738,0.26,DROWSY,28,0,Windows,unspecified
22:56:50.696,229.357,0.184,0.1586,0.1713,0.4746,0.2667,DROWSY,29,0,Windows,unspecified
22:56:50.726,229.387,0.193,0.1788,0.1859,0.4788,0.2733,DROWSY,30,0,Windows,unspecified
22:56:50.764,229.425,0.184,0.1973,0.1906,0.4768,0.28,DROWSY,31,0,Windows,unspecified
22:56:50.786,229.447,0.2165,0.1909,0.2037,0.4719,0.2867,DROWSY,32,0,Windows,unspecified
22:56:50.821,229.482,0.1989,0.1771,0.188,0.4728,0.2933,DROWSY,33,0,Windows,unspecified
22:56:50.860,229.521,0.1872,0.1539,0.1706,0.4539,0.3,DROWSY,34,0,Windows,unspecified
22:56:50.898,229.559,0.2021,0.1913,0.1967,0.4534,0.3067,DROWSY,35,0,Windows,unspecified
22:56:50.928,229.589,0.1962,0.1913,0.1938,0.4537,0.3133,DROWSY,36,0,Windows,unspecified
22:56:50.957,229.618,0.168,0.1913,0.1796,0.4451,0.32,DROWSY,37,0,Windows,unspecified
22:56:50.992,229.654,0.1578,0.1876,0.1727,0.4333,0.3267,DROWSY,38,0,Windows,unspecified
22:56:51.020,229.681,0.168,0.1913,0.1796,0.4322,0.3333,DROWSY,39,0,Windows,unspecified
22:56:51.068,229.729,0.1818,0.1578,0.1698,0.4226,0.34,DROWSY,40,0,Windows,unspecified
22:56:51.100,229.761,0.1668,0.131,0.1489,0.4186,0.3467,DROWSY,41,0,Windows,unspecified
22:56:51.132,229.793,0.1668,0.1719,0.1694,0.4161,0.3533,DROWSY,42,0,Windows,unspecified
22:56:51.164,229.825,0.171,0.1447,0.1579,0.3713,0.36,DROWSY,43,0,Windows,unspecified
22:56:51.192,229.853,0.1818,0.1226,0.1522,0.3751,0.3667,DROWSY,44,0,Windows,unspecified
22:56:51.225,229.886,0.1621,0.1273,0.1447,0.3792,0.3733,DROWSY,45,0,Windows,unspecified
22:56:51.260,229.921,0.1529,0.1719,0.1624,0.3895,0.38,DROWSY,46,0,Windows,unspecified
22:56:51.288,229.949,0.1725,0.1536,0.1631,0.4012,0.3867,DROWSY,47,0,Windows,unspecified
22:56:51.320,229.981,0.1529,0.16,0.1564,0.4103,0.3933,DROWSY,48,0,Windows,unspecified
22:56:51.357,230.018,0.1931,0.1624,0.1777,0.4111,0.4,DROWSY,49,0,Windows,unspecified
22:56:51.383,230.044,0.1931,0.1626,0.1778,0.4136,0.4067,DROWSY,50,0,Windows,unspecified
22:56:51.414,230.075,0.1956,0.1756,0.1856,0.4113,0.4133,DROWSY,51,0,Windows,unspecified
22:56:51.467,230.128,0.2506,0.1812,0.2159,0.4147,0.42,DROWSY,52,0,Windows,unspecified
22:56:51.494,230.155,0.2709,0.1838,0.2273,0.4089,0.4267,DROWSY,53,0,Windows,unspecified
22:56:51.526,230.187,0.2489,0.1967,0.2228,0.4039,0.4333,DROWSY,54,0,Windows,unspecified
22:56:51.569,230.231,0.3393,0.2951,0.3172,0.4353,0.4333,DROWSY,0,0,Windows,unspecified
22:56:51.603,230.264,0.3518,0.2873,0.3195,0.4312,0.4333,DROWSY,0,0,Windows,unspecified
22:56:51.634,230.295,0.3113,0.2746,0.293,0.4404,0.4333,DROWSY,0,0,Windows,unspecified
22:56:51.666,230.327,0.3748,0.3268,0.3508,0.4562,0.4333,DROWSY,0,0,Windows,unspecified
22:56:51.697,230.358,0.385,0.3268,0.3559,0.4439,0.4333,DROWSY,0,0,Windows,unspecified
22:56:51.731,230.392,0.368,0.3135,0.3408,0.4645,0.4333,DROWSY,0,0,Windows,unspecified
22:56:51.762,230.423,0.3561,0.3049,0.3305,0.4362,0.4333,DROWSY,0,0,Windows,unspecified
22:56:51.793,230.454,0.3585,0.3283,0.3434,0.452,0.4333,DROWSY,0,0,Windows,unspecified
22:56:51.824,230.485,0.3753,0.3053,0.3403,0.4477,0.4333,DROWSY,0,0,Windows,unspecified
22:56:51.871,230.532,0.3536,0.2942,0.3239,0.4437,0.4333,DROWSY,0,0,Windows,unspecified
22:56:51.901,230.562,0.3687,0.2959,0.3323,0.462,0.4333,DROWSY,0,0,Windows,unspecified
22:56:51.934,230.595,0.3385,0.2866,0.3125,0.4584,0.4333,DROWSY,0,0,Windows,unspecified
22:56:51.963,230.624,0.3779,0.3231,0.3505,0.4793,0.4333,DROWSY,0,0,Windows,unspecified
22:56:51.996,230.657,0.3907,0.3504,0.3706,0.4754,0.4333,DROWSY,0,0,Windows,unspecified
22:56:52.027,230.688,0.3907,0.3488,0.3698,0.4759,0.4333,DROWSY,0,0,Windows,unspecified
22:56:52.060,230.721,0.3953,0.3463,0.3708,0.4624,0.4333,DROWSY,0,0,Windows,unspecified
22:56:52.088,230.749,0.3929,0.3418,0.3674,0.4495,0.4333,DROWSY,0,0,Windows,unspecified
22:56:52.120,230.782,0.3931,0.3324,0.3628,0.4598,0.4333,DROWSY,0,0,Windows,unspecified
22:56:52.154,230.815,0.3835,0.3418,0.3627,0.4753,0.4333,DROWSY,0,0,Windows,unspecified
22:56:52.180,230.842,0.3946,0.3436,0.3691,0.4698,0.4333,DROWSY,0,0,Windows,unspecified
22:56:52.214,230.875,0.3498,0.3436,0.3467,0.4803,0.4333,DROWSY,0,0,Windows,unspecified
22:56:52.268,230.929,0.3498,0.3144,0.3321,0.4567,0.4333,DROWSY,0,0,Windows,unspecified
22:56:52.291,230.952,0.3666,0.3024,0.3345,0.4687,0.4333,DROWSY,0,0,Windows,unspecified
22:56:52.324,230.985,0.3277,0.3155,0.3216,0.4602,0.4333,DROWSY,0,0,Windows,unspecified
22:56:52.368,231.029,0.3134,0.2743,0.2938,0.4555,0.4333,DROWSY,0,0,Windows,unspecified
22:56:52.402,231.063,0.2992,0.2746,0.2869,0.4499,0.4333,DROWSY,0,0,Windows,unspecified
22:56:52.432,231.093,0.3288,0.2748,0.3018,0.4631,0.4333,DROWSY,0,0,Windows,unspecified
22:56:52.464,231.125,0.2934,0.2743,0.2838,0.4324,0.4333,DROWSY,0,0,Windows,unspecified
22:56:52.494,231.155,0.3058,0.2764,0.2911,0.4368,0.4333,DROWSY,0,0,Windows,unspecified
22:56:52.526,231.187,0.3117,0.2904,0.301,0.4388,0.4333,DROWSY,0,0,Windows,unspecified
22:56:52.556,231.218,0.3021,0.2974,0.2997,0.4249,0.4333,DROWSY,0,0,Windows,unspecified
22:56:52.587,231.248,0.3021,0.3064,0.3043,0.4222,0.4333,DROWSY,0,0,Windows,unspecified
22:56:52.616,231.277,0.3173,0.3064,0.3119,0.4157,0.4333,DROWSY,0,0,Windows,unspecified
22:56:52.669,231.33,0.3283,0.3117,0.32,0.4484,0.4333,DROWSY,0,0,Windows,unspecified
22:56:52.694,231.355,0.3259,0.3097,0.3178,0.451,0.4333,DROWSY,0,0,Windows,unspecified
22:56:52.729,231.39,0.3259,0.303,0.3144,0.4537,0.4333,DROWSY,0,0,Windows,unspecified
22:56:52.763,231.424,0.3395,0.3009,0.3202,0.4611,0.4333,DROWSY,0,0,Windows,unspecified
22:56:52.790,231.451,0.3555,0.303,0.3293,0.4662,0.4333,DROWSY,0,0,Windows,unspecified
22:56:52.821,231.482,0.3696,0.3009,0.3352,0.4534,0.4333,DROWSY,0,0,Windows,unspecified
22:56:52.861,231.522,0.3664,0.3009,0.3336,0.4818,0.4333,DROWSY,0,0,Windows,unspecified
22:56:52.884,231.545,0.3686,0.3119,0.3402,0.4877,0.4333,DROWSY,0,0,Windows,unspecified
22:56:52.912,231.573,0.3789,0.3009,0.3399,0.4951,0.4333,DROWSY,0,0,Windows,unspecified
22:56:52.971,231.632,0.3789,0.3402,0.3595,0.4888,0.4333,DROWSY,0,0,Windows,unspecified
22:56:53.007,231.668,0.4151,0.3243,0.3697,0.4977,0.4333,DROWSY,0,0,Windows,unspecified
22:56:53.040,231.701,0.3983,0.3112,0.3547,0.4929,0.4333,DROWSY,0,0,Windows,unspecified
22:56:53.067,231.729,0.3812,0.3236,0.3524,0.4831,0.4333,DROWSY,0,0,Windows,unspecified
22:56:53.103,231.764,0.3812,0.3236,0.3524,0.4827,0.4333,DROWSY,0,0,Windows,unspecified
22:56:53.134,231.795,0.3812,0.3258,0.3535,0.4772,0.4333,DROWSY,0,0,Windows,unspecified
22:56:53.164,231.825,0.3533,0.3356,0.3444,0.4845,0.4333,DROWSY,0,0,Windows,unspecified
22:56:53.197,231.858,0.3702,0.3356,0.3529,0.4641,0.4333,DROWSY,0,0,Windows,unspecified
22:56:53.228,231.889,0.3536,0.309,0.3313,0.4637,0.4333,DROWSY,0,0,Windows,unspecified
22:56:53.260,231.921,0.3373,0.2944,0.3159,0.4714,0.4333,DROWSY,0,0,Windows,unspecified
22:56:53.292,231.953,0.3373,0.2829,0.3101,0.4759,0.4333,DROWSY,0,0,Windows,unspecified
22:56:53.323,231.984,0.3373,0.2829,0.3101,0.4851,0.4333,DROWSY,0,0,Windows,unspecified
22:56:53.373,232.034,0.3561,0.3119,0.334,0.4377,0.4333,DROWSY,0,0,Windows,unspecified
22:56:53.401,232.062,0.3392,0.3119,0.3255,0.4282,0.4333,DROWSY,0,0,Windows,unspecified
22:56:53.431,232.092,0.3432,0.3112,0.3272,0.4169,0.4333,DROWSY,0,0,Windows,unspecified
22:56:53.466,232.127,0.3432,0.3119,0.3275,0.4141,0.4333,DROWSY,0,0,Windows,unspecified
22:56:53.494,232.155,0.3595,0.3119,0.3357,0.4115,0.4333,DROWSY,0,0,Windows,unspecified
22:56:53.527,232.188,0.3595,0.3119,0.3357,0.4106,0.4333,DROWSY,0,0,Windows,unspecified
22:56:53.568,232.229,0.3468,0.3233,0.335,0.4223,0.4333,DROWSY,0,0,Windows,unspecified
22:56:53.603,232.264,0.3392,0.3213,0.3302,0.4175,0.4333,DROWSY,0,0,Windows,unspecified
22:56:53.635,232.296,0.3367,0.3213,0.329,0.4226,0.4333,DROWSY,0,0,Windows,unspecified
22:56:53.666,232.327,0.3441,0.304,0.324,0.4525,0.4333,DROWSY,0,0,Windows,unspecified
22:56:53.697,232.358,0.3446,0.3055,0.3251,0.4572,0.4333,DROWSY,0,0,Windows,unspecified
22:56:53.727,232.388,0.3446,0.304,0.3243,0.4654,0.4333,DROWSY,0,0,Windows,unspecified
22:56:53.772,232.433,0.334,0.304,0.319,0.4693,0.4267,DROWSY,0,0,Windows,unspecified
22:56:53.808,232.469,0.3185,0.3032,0.3109,0.4785,0.42,DROWSY,0,0,Windows,unspecified
22:56:53.839,232.5,0.3187,0.2867,0.3027,0.4814,0.4133,DROWSY,0,0,Windows,unspecified
22:56:53.868,232.529,0.3185,0.2951,0.3068,0.5146,0.4067,DROWSY,0,0,Windows,unspecified
22:56:53.904,232.565,0.3264,0.3062,0.3163,0.5301,0.4,DROWSY,0,0,Windows,unspecified
22:56:53.935,232.596,0.3288,0.3062,0.3175,0.5283,0.3933,DROWSY,0,0,Windows,unspecified
22:56:53.963,232.624,0.3397,0.3055,0.3226,0.5284,0.3867,DROWSY,0,0,Windows,unspecified
22:56:53.996,232.658,0.3684,0.3055,0.337,0.5398,0.38,DROWSY,0,0,Windows,unspecified
22:56:54.026,232.687,0.3536,0.2908,0.3222,0.5253,0.3733,DROWSY,0,0,Windows,unspecified
22:56:54.064,232.725,0.3561,0.3033,0.3297,0.5077,0.3667,DROWSY,0,0,Windows,unspecified
22:56:54.090,232.751,0.3441,0.3055,0.3248,0.5044,0.36,DROWSY,0,0,Windows,unspecified
22:56:54.122,232.783,0.3259,0.3305,0.3282,0.4941,0.36,DROWSY,0,0,Windows,unspecified
22:56:54.172,232.833,0.3605,0.3205,0.3405,0.5034,0.36,DROWSY,0,0,Windows,unspecified
22:56:54.200,232.861,0.3764,0.3183,0.3473,0.5096,0.36,DROWSY,0,0,Windows,unspecified
22:56:54.231,232.892,0.3681,0.3183,0.3432,0.4985,0.36,DROWSY,0,0,Windows,unspecified
22:56:54.268,232.929,0.3641,0.3305,0.3473,0.4982,0.36,DROWSY,0,0,Windows,unspecified
22:56:54.293,232.955,0.3641,0.3312,0.3476,0.4948,0.36,DROWSY,0,0,Windows,unspecified
22:56:54.326,232.988,0.3641,0.317,0.3405,0.5034,0.36,DROWSY,0,0,Windows,unspecified
22:56:54.365,233.026,0.3775,0.3312,0.3544,0.4862,0.36,DROWSY,0,0,Windows,unspecified
22:56:54.388,233.049,0.3916,0.3389,0.3653,0.484,0.36,DROWSY,0,0,Windows,unspecified
22:56:54.420,233.081,0.3794,0.3383,0.3589,0.4862,0.36,DROWSY,0,0,Windows,unspecified
22:56:54.459,233.12,0.3939,0.3409,0.3674,0.4732,0.36,DROWSY,0,0,Windows,unspecified
22:56:54.480,233.141,0.382,0.3409,0.3615,0.4636,0.36,DROWSY,0,0,Windows,unspecified
22:56:54.514,233.175,0.3948,0.333,0.3639,0.4568,0.36,DROWSY,0,0,Windows,unspecified
22:56:54.573,233.234,0.3829,0.333,0.3579,0.4455,0.36,DROWSY,0,0,Windows,unspecified
22:56:54.608,233.27,0.381,0.3453,0.3631,0.4485,0.36,DROWSY,0,0,Windows,unspecified
22:56:54.638,233.299,0.397,0.37,0.3835,0.4412,0.36,DROWSY,0,0,Windows,unspecified
22:56:54.666,233.327,0.3671,0.3554,0.3613,0.4493,0.36,DROWSY,0,0,Windows,unspecified
22:56:54.702,233.364,0.3826,0.3572,0.3699,0.4554,0.36,DROWSY,0,0,Windows,unspecified
22:56:54.731,233.392,0.368,0.3554,0.3617,0.4531,0.36,DROWSY,0,0,Windows,unspecified
22:56:54.764,233.425,0.3741,0.3587,0.3664,0.4397,0.3533,DROWSY,0,0,Windows,unspecified
22:56:54.794,233.455,0.3602,0.3402,0.3502,0.4243,0.3467,NORMAL,0,0,Windows,unspecified
22:56:54.826,233.487,0.3602,0.3446,0.3524,0.4299,0.34,NORMAL,0,0,Windows,unspecified
22:56:54.862,233.523,0.386,0.3402,0.3631,0.4393,0.3333,NORMAL,0,0,Windows,unspecified
22:56:54.887,233.548,0.3747,0.37,0.3723,0.4345,0.3267,NORMAL,0,0,Windows,unspecified
22:56:54.918,233.58,0.382,0.3409,0.3615,0.4387,0.32,NORMAL,0,0,Windows,unspecified
22:56:54.972,233.633,0.382,0.3485,0.3653,0.4389,0.3133,NORMAL,0,0,Windows,unspecified
22:56:54.995,233.656,0.3802,0.3335,0.3568,0.4357,0.3067,NORMAL,0,0,Windows,unspecified
22:56:55.026,233.687,0.382,0.3335,0.3578,0.4357,0.3,NORMAL,0,0,Windows,unspecified
22:56:55.067,233.728,0.3554,0.3341,0.3447,0.4266,0.2933,NORMAL,0,0,Windows,unspecified
22:56:55.107,233.768,0.3572,0.3402,0.3487,0.4312,0.2867,NORMAL,0,0,Windows,unspecified
22:56:55.137,233.798,0.3747,0.3382,0.3564,0.4317,0.28,NORMAL,0,0,Windows,unspecified
22:56:55.165,233.826,0.3747,0.3312,0.3529,0.4376,0.2733,NORMAL,0,0,Windows,unspecified
22:56:55.198,233.859,0.368,0.3119,0.3399,0.4477,0.2667,NORMAL,0,0,Windows,unspecified
22:56:55.228,233.889,0.3711,0.3414,0.3562,0.4508,0.26,NORMAL,0,0,Windows,unspecified
22:56:55.276,233.937,0.3276,0.3283,0.3279,0.446,0.2533,NORMAL,0,0,Windows,unspecified
22:56:55.306,233.967,0.3374,0.3213,0.3293,0.4445,0.2467,NORMAL,0,0,Windows,unspecified
22:56:55.336,233.997,0.3531,0.3213,0.3372,0.4381,0.24,NORMAL,0,0,Windows,unspecified
22:56:55.376,234.037,0.3531,0.3409,0.347,0.4466,0.2333,NORMAL,0,0,Windows,unspecified
22:56:55.413,234.074,0.3671,0.3409,0.354,0.4417,0.2267,NORMAL,0,0,Windows,unspecified
22:56:55.445,234.106,0.3671,0.3512,0.3592,0.4386,0.22,NORMAL,0,0,Windows,unspecified
22:56:55.474,234.135,0.3531,0.3517,0.3524,0.411,0.2133,NORMAL,0,0,Windows,unspecified
22:56:55.506,234.167,0.3374,0.3517,0.3445,0.3978,0.2067,NORMAL,0,0,Windows,unspecified
22:56:55.534,234.196,0.3374,0.3517,0.3445,0.3956,0.2,NORMAL,0,0,Windows,unspecified
22:56:55.567,234.228,0.3969,0.3717,0.3843,0.4163,0.1933,NORMAL,0,0,Windows,unspecified
22:56:55.599,234.26,0.3653,0.3287,0.347,0.4117,0.1867,NORMAL,0,0,Windows,unspecified
22:56:55.632,234.293,0.351,0.3287,0.3399,0.4223,0.18,NORMAL,0,0,Windows,unspecified
22:56:55.682,234.343,0.3334,0.3306,0.332,0.4259,0.1733,NORMAL,0,0,Windows,unspecified
22:56:55.710,234.371,0.3313,0.329,0.3301,0.4165,0.1667,NORMAL,0,0,Windows,unspecified
22:56:55.741,234.402,0.3487,0.3341,0.3414,0.418,0.16,NORMAL,0,0,Windows,unspecified
22:56:55.771,234.432,0.3432,0.3326,0.3379,0.422,0.1533,NORMAL,0,0,Windows,unspecified
22:56:55.802,234.464,0.3283,0.3213,0.3248,0.4105,0.1467,NORMAL,0,0,Windows,unspecified
22:56:55.836,234.497,0.3322,0.2908,0.3115,0.4124,0.14,NORMAL,0,0,Windows,unspecified
22:56:55.866,234.527,0.3432,0.3339,0.3385,0.4043,0.1333,NORMAL,0,0,Windows,unspecified
22:56:55.896,234.557,0.3432,0.3028,0.323,0.4065,0.1267,NORMAL,0,0,Windows,unspecified
22:56:55.928,234.589,0.3432,0.3264,0.3348,0.4235,0.12,NORMAL,0,0,Windows,unspecified
22:56:55.964,234.625,0.3111,0.3075,0.3093,0.4125,0.1133,NORMAL,0,0,Windows,unspecified
22:56:55.992,234.653,0.3382,0.3177,0.3279,0.4066,0.1067,NORMAL,0,0,Windows,unspecified
22:56:56.022,234.683,0.3242,0.3204,0.3223,0.3987,0.1,NORMAL,0,0,Windows,unspecified
22:56:56.074,234.735,0.3633,0.3096,0.3365,0.4135,0.0933,NORMAL,0,0,Windows,unspecified
22:56:56.101,234.762,0.3459,0.3106,0.3282,0.4283,0.0867,NORMAL,0,0,Windows,unspecified
22:56:56.132,234.794,0.3633,0.3003,0.3318,0.4262,0.08,NORMAL,0,0,Windows,unspecified
22:56:56.174,234.835,0.3613,0.3449,0.3531,0.4204,0.0733,NORMAL,0,0,Windows,unspecified
22:56:56.208,234.869,0.3483,0.3277,0.338,0.4171,0.0667,NORMAL,0,0,Windows,unspecified
22:56:56.242,234.903,0.3459,0.3106,0.3282,0.4349,0.06,NORMAL,0,0,Windows,unspecified
22:56:56.272,234.933,0.3293,0.3012,0.3152,0.4263,0.0533,NORMAL,0,0,Windows,unspecified
22:56:56.302,234.963,0.3151,0.3012,0.3081,0.4362,0.0467,NORMAL,0,0,Windows,unspecified
22:56:56.335,234.996,0.3151,0.3012,0.3081,0.4312,0.04,NORMAL,0,0,Windows,unspecified
22:56:56.364,235.026,0.3465,0.3096,0.3281,0.4213,0.0333,NORMAL,0,0,Windows,unspecified
22:56:56.397,235.058,0.3284,0.3012,0.3148,0.4136,0.0267,NORMAL,0,0,Windows,unspecified
22:56:56.428,235.089,0.3284,0.2681,0.2983,0.4136,0.02,NORMAL,0,0,Windows,unspecified
22:56:56.474,235.136,0.3143,0.2712,0.2928,0.4187,0.0133,NORMAL,0,0,Windows,unspecified
22:56:56.505,235.166,0.2774,0.2754,0.2764,0.4269,0.0067,NORMAL,0,0,Windows,unspecified
22:56:56.535,235.196,0.2797,0.3058,0.2927,0.4286,0.0,NORMAL,0,0,Windows,unspecified
22:56:56.573,235.234,0.3134,0.3012,0.3073,0.4108,0.0,NORMAL,0,0,Windows,unspecified
22:56:56.597,235.258,0.3245,0.3202,0.3223,0.4059,0.0,NORMAL,0,0,Windows,unspecified
22:56:56.630,235.291,0.333,0.3367,0.3349,0.4155,0.0,NORMAL,0,0,Windows,unspecified
22:56:56.670,235.331,0.2674,0.2499,0.2587,0.4378,0.0,NORMAL,0,0,Windows,unspecified
22:56:56.706,235.367,0.2436,0.2499,0.2467,0.4338,0.0,NORMAL,0,0,Windows,unspecified
22:56:56.738,235.399,0.2655,0.231,0.2482,0.4356,0.0,NORMAL,0,0,Windows,unspecified
22:56:56.768,235.429,0.1829,0.1997,0.1913,0.4137,0.0067,NORMAL,1,0,Windows,unspecified
22:56:56.802,235.463,0.1288,0.1589,0.1438,0.419,0.0133,NORMAL,2,0,Windows,unspecified
22:56:56.830,235.491,0.1493,0.1539,0.1516,0.4182,0.02,NORMAL,3,0,Windows,unspecified
22:56:56.877,235.538,0.1683,0.2256,0.1969,0.4029,0.0267,NORMAL,4,0,Windows,unspecified
22:56:56.911,235.572,0.1916,0.2248,0.2082,0.4021,0.0333,NORMAL,5,0,Windows,unspecified
22:56:56.942,235.603,0.1917,0.2336,0.2126,0.3935,0.04,NORMAL,6,0,Windows,unspecified
22:56:56.975,235.636,0.1679,0.1368,0.1523,0.367,0.0467,NORMAL,7,0,Windows,unspecified
22:56:57.004,235.665,0.1788,0.1529,0.1659,0.3897,0.0533,NORMAL,8,0,Windows,unspecified
22:56:57.036,235.697,0.2089,0.1811,0.195,0.3837,0.06,NORMAL,9,0,Windows,unspecified
22:56:57.067,235.728,0.2329,0.2292,0.231,0.3803,0.0667,WARNING,10,0,Windows,unspecified
22:56:57.098,235.759,0.2398,0.2256,0.2327,0.3959,0.0733,WARNING,11,0,Windows,unspecified
22:56:57.132,235.793,0.2329,0.2018,0.2173,0.4146,0.08,WARNING,12,0,Windows,unspecified
22:56:57.164,235.825,0.2356,0.2145,0.2251,0.3837,0.0867,WARNING,13,0,Windows,unspecified
22:56:57.194,235.856,0.2683,0.262,0.2652,0.3996,0.0867,NORMAL,0,0,Windows,unspecified
22:56:57.224,235.885,0.2889,0.2952,0.2921,0.3915,0.0867,NORMAL,0,0,Windows,unspecified
22:56:57.274,235.935,0.3341,0.3333,0.3337,0.4256,0.0867,NORMAL,0,0,Windows,unspecified
22:56:57.303,235.964,0.3247,0.3516,0.3382,0.4316,0.0867,NORMAL,0,0,Windows,unspecified
22:56:57.336,235.997,0.349,0.3699,0.3595,0.4305,0.0867,NORMAL,0,0,Windows,unspecified
22:56:57.371,236.032,0.3606,0.3392,0.3499,0.4101,0.0867,NORMAL,0,0,Windows,unspecified
22:56:57.399,236.06,0.345,0.3226,0.3338,0.4123,0.0867,NORMAL,0,0,Windows,unspecified
22:56:57.428,236.089,0.3339,0.3226,0.3283,0.3993,0.0867,NORMAL,0,0,Windows,unspecified
22:56:57.469,236.13,0.2357,0.2202,0.2279,0.3925,0.0933,NORMAL,1,0,Windows,unspecified
22:56:57.508,236.169,0.2153,0.1857,0.2005,0.3875,0.1,NORMAL,2,0,Windows,unspecified
22:56:57.537,236.199,0.1721,0.1876,0.1799,0.3813,0.1067,NORMAL,3,0,Windows,unspecified
22:56:57.579,236.24,0.1542,0.1997,0.1769,0.3879,0.1133,NORMAL,4,0,Windows,unspecified
22:56:57.603,236.264,0.171,0.1997,0.1854,0.3965,0.12,NORMAL,5,0,Windows,unspecified
22:56:57.634,236.295,0.1659,0.2187,0.1923,0.4028,0.1267,NORMAL,6,0,Windows,unspecified
22:56:57.677,236.338,0.2557,0.2424,0.2491,0.4054,0.1267,NORMAL,0,0,Windows,unspecified
22:56:57.714,236.375,0.2708,0.2567,0.2638,0.4223,0.1267,NORMAL,0,0,Windows,unspecified
22:56:57.747,236.408,0.2566,0.2617,0.2591,0.4174,0.1267,NORMAL,0,0,Windows,unspecified
22:56:57.778,236.44,0.322,0.2947,0.3084,0.4262,0.1267,NORMAL,0,0,Windows,unspecified
22:56:57.808,236.469,0.3181,0.2998,0.3089,0.4351,0.1267,NORMAL,0,0,Windows,unspecified
22:56:57.840,236.502,0.3181,0.2811,0.2996,0.4351,0.1267,NORMAL,0,0,Windows,unspecified
22:56:57.867,236.528,0.3121,0.2567,0.2844,0.4481,0.1267,NORMAL,0,0,Windows,unspecified
22:56:57.900,236.561,0.3026,0.2351,0.2689,0.4564,0.1267,NORMAL,0,0,Windows,unspecified
22:56:57.934,236.595,0.285,0.2425,0.2638,0.4645,0.1267,NORMAL,0,0,Windows,unspecified
22:56:57.982,236.643,0.3394,0.2843,0.3118,0.4505,0.1267,NORMAL,0,0,Windows,unspecified
22:56:58.012,236.674,0.353,0.2883,0.3206,0.4466,0.1267,NORMAL,0,0,Windows,unspecified
22:56:58.046,236.707,0.3559,0.2883,0.3221,0.4503,0.1267,NORMAL,0,0,Windows,unspecified
22:56:58.074,236.735,0.3448,0.3226,0.3337,0.4518,0.1267,NORMAL,0,0,Windows,unspecified
22:56:58.109,236.77,0.3621,0.3033,0.3327,0.4402,0.1267,NORMAL,0,0,Windows,unspecified
22:56:58.138,236.799,0.3472,0.3033,0.3253,0.4434,0.1267,NORMAL,0,0,Windows,unspecified
22:56:58.172,236.833,0.3553,0.3294,0.3423,0.4428,0.1267,NORMAL,0,0,Windows,unspecified
22:56:58.202,236.863,0.3421,0.3227,0.3324,0.4571,0.1267,NORMAL,0,0,Windows,unspecified
22:56:58.235,236.896,0.3419,0.2972,0.3195,0.454,0.1267,NORMAL,0,0,Windows,unspecified
22:56:58.270,236.931,0.3544,0.3139,0.3341,0.4296,0.1267,NORMAL,0,0,Windows,unspecified
22:56:58.310,236.971,0.3754,0.2998,0.3376,0.4319,0.1267,NORMAL,0,0,Windows,unspecified
22:56:58.341,237.003,0.3574,0.3215,0.3395,0.4465,0.1267,NORMAL,0,0,Windows,unspecified
22:56:58.383,237.044,0.3284,0.2972,0.3128,0.4566,0.1267,NORMAL,0,0,Windows,unspecified
22:56:58.419,237.08,0.3633,0.2875,0.3254,0.4548,0.1267,NORMAL,0,0,Windows,unspecified
22:56:58.453,237.114,0.3727,0.2875,0.3301,0.4786,0.1267,NORMAL,0,0,Windows,unspecified
22:56:58.484,237.145,0.3633,0.2817,0.3225,0.4517,0.1267,NORMAL,0,0,Windows,unspecified
22:56:58.516,237.177,0.3405,0.2899,0.3152,0.4446,0.1267,NORMAL,0,0,Windows,unspecified
22:56:58.546,237.207,0.3375,0.2899,0.3137,0.4336,0.1267,NORMAL,0,0,Windows,unspecified
22:56:58.579,237.24,0.3375,0.2897,0.3136,0.4672,0.1267,NORMAL,0,0,Windows,unspecified
22:56:58.612,237.273,0.3536,0.2879,0.3207,0.479,0.1267,NORMAL,0,0,Windows,unspecified
22:56:58.641,237.302,0.3443,0.3042,0.3243,0.4771,0.1267,NORMAL,0,0,Windows,unspecified
22:56:58.672,237.333,0.3284,0.2908,0.3096,0.4584,0.1267,NORMAL,0,0,Windows,unspecified
22:56:58.703,237.364,0.3274,0.2499,0.2886,0.4722,0.1267,NORMAL,0,0,Windows,unspecified
22:56:58.733,237.394,0.3274,0.2669,0.2972,0.4757,0.1267,NORMAL,0,0,Windows,unspecified
22:56:58.779,237.44,0.326,0.2748,0.3004,0.4696,0.1267,NORMAL,0,0,Windows,unspecified
22:56:58.813,237.474,0.3433,0.2897,0.3165,0.4615,0.1267,NORMAL,0,0,Windows,unspecified
22:56:58.844,237.505,0.3406,0.2908,0.3157,0.4591,0.1267,NORMAL,0,0,Windows,unspecified
22:56:58.875,237.536,0.3419,0.2733,0.3076,0.4623,0.1267,NORMAL,0,0,Windows,unspecified
22:56:58.905,237.566,0.3433,0.2782,0.3107,0.4617,0.1267,NORMAL,0,0,Windows,unspecified
22:56:58.936,237.597,0.3394,0.2985,0.3189,0.4594,0.1267,NORMAL,0,0,Windows,unspecified
22:56:58.975,237.636,0.326,0.2611,0.2935,0.454,0.1267,NORMAL,0,0,Windows,unspecified
22:56:58.998,237.659,0.326,0.2566,0.2913,0.4553,0.1267,NORMAL,0,0,Windows,unspecified
22:56:59.030,237.691,0.3101,0.2717,0.2909,0.4454,0.1267,NORMAL,0,0,Windows,unspecified
22:56:59.069,237.73,0.3199,0.2702,0.2951,0.4405,0.1267,NORMAL,0,0,Windows,unspecified
22:56:59.106,237.767,0.2915,0.2629,0.2772,0.4443,0.1267,NORMAL,0,0,Windows,unspecified
22:56:59.136,237.797,0.2896,0.2576,0.2736,0.4516,0.1267,NORMAL,0,0,Windows,unspecified
22:56:59.180,237.841,0.3509,0.288,0.3194,0.4394,0.1267,NORMAL,0,0,Windows,unspecified
22:56:59.216,237.877,0.3527,0.3028,0.3278,0.4383,0.1267,NORMAL,0,0,Windows,unspecified
22:56:59.249,237.91,0.3213,0.3028,0.312,0.4363,0.1267,NORMAL,0,0,Windows,unspecified
22:56:59.274,237.935,0.3406,0.2973,0.3189,0.4205,0.1267,NORMAL,0,0,Windows,unspecified
22:56:59.308,237.969,0.3579,0.313,0.3355,0.4151,0.1267,NORMAL,0,0,Windows,unspecified
22:56:59.340,238.001,0.3579,0.2973,0.3276,0.4168,0.1267,NORMAL,0,0,Windows,unspecified
22:56:59.372,238.033,0.3039,0.2785,0.2912,0.4499,0.1267,NORMAL,0,0,Windows,unspecified
22:56:59.404,238.066,0.3055,0.2984,0.302,0.4404,0.1267,NORMAL,0,0,Windows,unspecified
22:56:59.437,238.098,0.3055,0.2968,0.3011,0.4404,0.1267,NORMAL,0,0,Windows,unspecified
22:56:59.469,238.13,0.3333,0.2934,0.3134,0.438,0.1267,NORMAL,0,0,Windows,unspecified
22:56:59.498,238.159,0.2987,0.2595,0.2791,0.4517,0.1267,NORMAL,0,0,Windows,unspecified
22:56:59.528,238.189,0.2954,0.2625,0.2789,0.4517,0.1267,NORMAL,0,0,Windows,unspecified
22:56:59.581,238.242,0.2872,0.2276,0.2574,0.4494,0.1267,NORMAL,0,0,Windows,unspecified
22:56:59.608,238.269,0.3049,0.228,0.2664,0.4395,0.1267,NORMAL,0,0,Windows,unspecified
22:56:59.638,238.3,0.3012,0.231,0.2661,0.4418,0.1267,NORMAL,0,0,Windows,unspecified
22:56:59.675,238.336,0.3143,0.2755,0.2949,0.4242,0.1267,NORMAL,0,0,Windows,unspecified
22:56:59.702,238.364,0.3078,0.2816,0.2947,0.4184,0.1267,NORMAL,0,0,Windows,unspecified
22:56:59.734,238.395,0.3143,0.2503,0.2823,0.4106,0.1267,NORMAL,0,0,Windows,unspecified
22:56:59.776,238.437,0.0988,0.0958,0.0973,0.445,0.1333,NORMAL,1,0,Windows,unspecified
22:56:59.811,238.472,0.1173,0.093,0.1051,0.4646,0.14,NORMAL,2,0,Windows,unspecified
22:56:59.844,238.505,0.1057,0.1249,0.1153,0.4573,0.1467,NORMAL,3,0,Windows,unspecified
22:56:59.887,238.548,0.0692,0.0794,0.0743,0.4767,0.1533,NORMAL,4,0,Windows,unspecified
22:56:59.920,238.581,0.0553,0.0657,0.0605,0.478,0.16,NORMAL,5,0,Windows,unspecified
22:56:59.952,238.613,0.0552,0.0521,0.0537,0.4742,0.1667,NORMAL,6,0,Windows,unspecified
22:56:59.982,238.643,0.0648,0.0588,0.0618,0.4558,0.1733,NORMAL,7,0,Windows,unspecified
22:57:00.014,238.675,0.0642,0.0502,0.0572,0.457,0.18,NORMAL,8,0,Windows,unspecified
22:57:00.044,238.705,0.0793,0.0818,0.0805,0.4552,0.1867,NORMAL,9,0,Windows,unspecified
22:57:00.075,238.736,0.0657,0.0488,0.0572,0.4419,0.1933,WARNING,10,0,Windows,unspecified
22:57:00.106,238.768,0.0603,0.0771,0.0687,0.4401,0.2,WARNING,11,0,Windows,unspecified
22:57:00.136,238.797,0.0603,0.0794,0.0698,0.448,0.2067,WARNING,12,0,Windows,unspecified
22:57:00.172,238.833,0.0354,0.0657,0.0506,0.4528,0.2133,WARNING,13,0,Windows,unspecified
22:57:00.202,238.863,0.0552,0.0537,0.0544,0.4495,0.22,WARNING,14,0,Windows,unspecified
22:57:00.232,238.893,0.0552,0.0642,0.0597,0.4499,0.2267,WARNING,15,0,Windows,unspecified
22:57:00.283,238.944,0.0655,0.0657,0.0656,0.4236,0.2333,WARNING,16,0,Windows,unspecified
22:57:00.310,238.971,0.0639,0.0657,0.0648,0.424,0.24,WARNING,17,0,Windows,unspecified
22:57:00.340,239.001,0.0675,0.0657,0.0666,0.4157,0.2467,WARNING,18,0,Windows,unspecified
22:57:00.381,239.043,0.0302,0.0416,0.0359,0.428,0.2533,WARNING,19,0,Windows,unspecified
22:57:00.416,239.077,0.0364,0.0537,0.045,0.4309,0.26,DROWSY,20,0,Windows,unspecified
22:57:00.450,239.111,0.0641,0.0677,0.0659,0.4231,0.2667,DROWSY,21,0,Windows,unspecified
22:57:00.480,239.141,0.0676,0.0658,0.0667,0.4249,0.2733,DROWSY,22,0,Windows,unspecified
22:57:00.512,239.173,0.0816,0.0657,0.0737,0.4261,0.28,DROWSY,23,0,Windows,unspecified
22:57:00.543,239.204,0.0817,0.0623,0.072,0.4178,0.2867,DROWSY,24,0,Windows,unspecified
22:57:00.572,239.234,0.0767,0.0639,0.0703,0.4562,0.2933,DROWSY,25,0,Windows,unspecified
22:57:00.605,239.266,0.0767,0.0521,0.0644,0.4649,0.3,DROWSY,26,0,Windows,unspecified
22:57:00.635,239.297,0.0647,0.0879,0.0763,0.4612,0.3067,DROWSY,27,0,Windows,unspecified
22:57:00.668,239.329,0.0621,0.077,0.0695,0.466,0.3133,DROWSY,28,0,Windows,unspecified
22:57:00.700,239.361,0.0815,0.0657,0.0736,0.4744,0.32,DROWSY,29,0,Windows,unspecified
22:57:00.730,239.391,0.0661,0.0672,0.0666,0.474,0.3267,DROWSY,30,0,Windows,unspecified
22:57:00.781,239.442,0.0984,0.0906,0.0945,0.4618,0.3333,DROWSY,31,0,Windows,unspecified
22:57:00.810,239.472,0.0675,0.0657,0.0666,0.4639,0.34,DROWSY,32,0,Windows,unspecified
22:57:00.840,239.501,0.0816,0.0735,0.0776,0.47,0.3467,DROWSY,33,0,Windows,unspecified
22:57:00.876,239.537,0.0551,0.0587,0.0569,0.4653,0.3533,DROWSY,34,0,Windows,unspecified
22:57:00.902,239.563,0.0675,0.0657,0.0666,0.4657,0.36,DROWSY,35,0,Windows,unspecified
22:57:00.934,239.595,0.0675,0.0657,0.0666,0.4527,0.3667,DROWSY,36,0,Windows,unspecified
22:57:00.972,239.633,0.0621,0.0771,0.0696,0.4312,0.3733,DROWSY,37,0,Windows,unspecified
22:57:00.996,239.657,0.0791,0.0771,0.0781,0.4206,0.38,DROWSY,38,0,Windows,unspecified
22:57:01.028,239.689,0.0767,0.0835,0.0801,0.4193,0.3867,DROWSY,39,0,Windows,unspecified
22:57:01.060,239.721,0.0745,0.0883,0.0814,0.4194,0.3933,DROWSY,40,0,Windows,unspecified
22:57:01.090,239.752,0.0793,0.0903,0.0848,0.412,0.4,DROWSY,41,0,Windows,unspecified
22:57:01.122,239.784,0.0816,0.103,0.0923,0.42,0.4067,DROWSY,42,0,Windows,unspecified
22:57:01.178,239.84,0.0793,0.0638,0.0715,0.4238,0.4133,DROWSY,43,0,Windows,unspecified
22:57:01.201,239.862,0.0769,0.0702,0.0736,0.4197,0.42,DROWSY,44,0,Windows,unspecified
22:57:01.230,239.891,0.0905,0.0639,0.0772,0.423,0.4267,DROWSY,45,0,Windows,unspecified
22:57:01.274,239.935,0.1444,0.1317,0.1381,0.4365,0.4333,DROWSY,46,0,Windows,unspecified
22:57:01.307,239.969,0.1377,0.1317,0.1347,0.4386,0.44,DROWSY,47,0,Windows,unspecified
22:57:01.339,240.0,0.1081,0.1356,0.1218,0.4495,0.4467,DROWSY,48,0,Windows,unspecified
22:57:01.373,240.034,0.2284,0.208,0.2182,0.4238,0.4533,DROWSY,49,0,Windows,unspecified
22:57:01.403,240.064,0.2433,0.1964,0.2199,0.4074,0.46,DROWSY,50,0,Windows,unspecified
22:57:01.433,240.094,0.2276,0.1964,0.212,0.41,0.4667,DROWSY,51,0,Windows,unspecified
22:57:01.464,240.125,0.2354,0.2,0.2177,0.4197,0.4733,DROWSY,52,0,Windows,unspecified
22:57:01.496,240.158,0.231,0.2174,0.2242,0.4224,0.48,DROWSY,53,0,Windows,unspecified
22:57:01.527,240.188,0.2421,0.2209,0.2315,0.43,0.4867,DROWSY,54,0,Windows,unspecified
22:57:01.591,240.252,0.2589,0.2324,0.2456,0.4418,0.4867,DROWSY,0,0,Windows,unspecified
22:57:01.618,240.28,0.2625,0.2274,0.2449,0.4389,0.4867,DROWSY,0,0,Windows,unspecified
22:57:01.646,240.307,0.2595,0.232,0.2458,0.444,0.4867,DROWSY,0,0,Windows,unspecified
22:57:01.682,240.343,0.2603,0.2325,0.2464,0.428,0.4867,DROWSY,0,0,Windows,unspecified
22:57:01.713,240.374,0.2551,0.2242,0.2397,0.4107,0.4867,DROWSY,0,0,Windows,unspecified
22:57:01.744,240.405,0.2743,0.2396,0.2569,0.4141,0.4867,DROWSY,0,0,Windows,unspecified
22:57:01.776,240.437,0.2674,0.2599,0.2637,0.4053,0.48,DROWSY,0,0,Windows,unspecified
22:57:01.889,240.55,0.2345,0.2347,0.2346,0.3992,0.48,DROWSY,1,0,Windows,unspecified
22:57:01.914,240.575,0.2181,0.1975,0.2078,0.4169,0.48,DROWSY,2,0,Windows,unspecified
22:57:01.981,240.642,0.2352,0.2154,0.2253,0.4008,0.48,DROWSY,3,0,Windows,unspecified
22:57:02.010,240.671,0.2352,0.2155,0.2254,0.3988,0.48,DROWSY,4,0,Windows,unspecified
22:57:02.042,240.703,0.2263,0.2504,0.2383,0.4006,0.48,DROWSY,5,0,Windows,unspecified
22:57:02.075,240.736,0.1953,0.2275,0.2114,0.3964,0.48,DROWSY,6,0,Windows,unspecified
22:57:02.104,240.765,0.1958,0.2275,0.2117,0.4086,0.48,DROWSY,7,0,Windows,unspecified
22:57:02.136,240.797,0.2156,0.2275,0.2216,0.4018,0.48,DROWSY,8,0,Windows,unspecified
22:57:02.188,240.849,0.2681,0.2548,0.2615,0.377,0.4733,DROWSY,0,0,Windows,unspecified
22:57:02.212,240.873,0.2686,0.2703,0.2695,0.3697,0.4667,DROWSY,0,0,Windows,unspecified
22:57:02.245,240.906,0.2686,0.2473,0.258,0.3743,0.46,DROWSY,0,0,Windows,unspecified
22:57:02.276,240.937,0.2608,0.2473,0.254,0.3574,0.4533,DROWSY,0,0,Windows,unspecified
22:57:02.307,240.969,0.2389,0.2473,0.2431,0.3613,0.4533,DROWSY,0,0,Windows,unspecified
22:57:02.338,240.999,0.2735,0.2623,0.2679,0.3481,0.4533,DROWSY,0,0,Windows,unspecified
22:57:02.379,241.04,0.2352,0.2749,0.255,0.3637,0.4533,DROWSY,0,0,Windows,unspecified
22:57:02.414,241.075,0.2222,0.2718,0.247,0.3699,0.4533,DROWSY,0,0,Windows,unspecified
22:57:02.446,241.107,0.2222,0.2392,0.2307,0.3651,0.46,DROWSY,1,0,Windows,unspecified
22:57:02.481,241.142,0.2276,0.2314,0.2295,0.3714,0.4667,DROWSY,2,0,Windows,unspecified
22:57:02.509,241.17,0.1958,0.221,0.2084,0.3876,0.4733,DROWSY,3,0,Windows,unspecified
22:57:02.542,241.203,0.2117,0.2396,0.2257,0.38,0.48,DROWSY,4,0,Windows,unspecified
22:57:02.587,241.248,0.2276,0.2363,0.232,0.3803,0.48,DROWSY,5,0,Windows,unspecified
22:57:02.619,241.28,0.2104,0.2315,0.2209,0.3858,0.48,DROWSY,6,0,Windows,unspecified
22:57:02.649,241.31,0.1884,0.2088,0.1986,0.3833,0.48,DROWSY,7,0,Windows,unspecified
22:57:02.683,241.344,0.1874,0.2242,0.2058,0.3823,0.48,DROWSY,8,0,Windows,unspecified
22:57:02.710,241.371,0.1229,0.1192,0.121,0.3865,0.48,DROWSY,9,0,Windows,unspecified
22:57:02.744,241.405,0.0932,0.0958,0.0945,0.3776,0.48,DROWSY,10,0,Windows,unspecified
22:57:02.780,241.441,0.0537,0.0622,0.0579,0.3792,0.4867,DROWSY,11,0,Windows,unspecified
22:57:02.806,241.467,0.0605,0.0415,0.051,0.3804,0.4933,DROWSY,12,0,Windows,unspecified
22:57:02.836,241.498,0.0462,0.0403,0.0433,0.3864,0.5,DROWSY,13,0,Windows,unspecified
22:57:02.876,241.537,0.0521,0.0717,0.0619,0.3681,0.5067,DROWSY,14,0,Windows,unspecified
22:57:02.899,241.56,0.077,0.0988,0.0879,0.3627,0.5133,DROWSY,15,0,Windows,unspecified
22:57:02.932,241.594,0.0747,0.1113,0.093,0.3673,0.52,DROWSY,16,0,Windows,unspecified
22:57:02.963,241.624,0.0639,0.1113,0.0876,0.3617,0.5267,DROWSY,17,0,Windows,unspecified
22:57:02.994,241.655,0.0744,0.101,0.0877,0.3852,0.5333,DROWSY,18,0,Windows,unspecified
22:57:03.024,241.685,0.0928,0.101,0.0969,0.3869,0.54,DROWSY,19,0,Windows,unspecified
22:57:03.056,241.717,0.0905,0.0902,0.0903,0.3827,0.5467,DROWSY,20,0,Windows,unspecified
22:57:03.086,241.747,0.0906,0.1022,0.0964,0.3878,0.5533,DROWSY,21,0,Windows,unspecified
22:57:03.118,241.779,0.0906,0.0903,0.0904,0.394,0.56,DROWSY,22,0,Windows,unspecified
22:57:03.183,241.844,0.1053,0.088,0.0966,0.3958,0.5667,DROWSY,23,0,Windows,unspecified
22:57:03.212,241.873,0.1071,0.088,0.0975,0.381,0.5733,DROWSY,24,0,Windows,unspecified
22:57:03.242,241.903,0.0995,0.088,0.0937,0.3693,0.58,DROWSY,25,0,Windows,unspecified
22:57:03.278,241.939,0.106,0.0928,0.0994,0.3785,0.5867,DROWSY,26,0,Windows,unspecified
22:57:03.392,242.053,0.1025,0.1059,0.1042,0.3681,0.5933,DROWSY,27,0,Windows,unspecified
22:57:03.430,242.091,0.1091,0.1152,0.1121,0.3821,0.6,DROWSY,28,0,Windows,unspecified
22:57:03.459,242.12,0.1191,0.1187,0.1189,0.3804,0.6067,DROWSY,29,0,Windows,unspecified
22:57:03.491,242.152,0.1126,0.1353,0.1239,0.3723,0.6133,DROWSY,30,0,Windows,unspecified
22:57:03.522,242.183,0.1057,0.1355,0.1206,0.3738,0.62,DROWSY,31,0,Windows,unspecified
22:57:03.580,242.241,0.1342,0.1632,0.1487,0.3692,0.6267,DROWSY,32,0,Windows,unspecified
22:57:03.618,242.279,0.1485,0.1589,0.1537,0.3586,0.6333,DROWSY,33,0,Windows,unspecified
22:57:03.648,242.309,0.1466,0.1589,0.1527,0.3692,0.64,DROWSY,34,0,Windows,unspecified
22:57:03.677,242.338,0.1247,0.1397,0.1322,0.3548,0.6467,DROWSY,35,0,Windows,unspecified
22:57:03.710,242.371,0.0957,0.1356,0.1156,0.3707,0.6533,DROWSY,36,0,Windows,unspecified
22:57:03.740,242.401,0.0957,0.1213,0.1085,0.3718,0.66,DROWSY,37,0,Windows,unspecified
22:57:03.772,242.433,0.0957,0.1195,0.1076,0.3715,0.6667,DROWSY,38,0,Windows,unspecified
22:57:03.804,242.465,0.0958,0.093,0.0944,0.3752,0.6733,DROWSY,39,0,Windows,unspecified
22:57:03.836,242.498,0.0958,0.069,0.0824,0.3724,0.68,DROWSY,40,0,Windows,unspecified
22:57:03.867,242.528,0.1138,0.0639,0.0888,0.3778,0.6867,DROWSY,41,0,Windows,unspecified
22:57:03.900,242.561,0.1223,0.1315,0.1269,0.3784,0.6933,DROWSY,42,0,Windows,unspecified
22:57:03.931,242.592,0.0957,0.1408,0.1182,0.3673,0.7,DROWSY,43,0,Windows,unspecified
22:57:03.981,242.642,0.13,0.1584,0.1442,0.3741,0.7067,DROWSY,44,0,Windows,unspecified
22:57:04.008,242.669,0.1447,0.1315,0.1381,0.3677,0.7133,DROWSY,45,0,Windows,unspecified
22:57:04.039,242.7,0.1447,0.1315,0.1381,0.3701,0.72,DROWSY,46,0,Windows,unspecified
22:57:04.077,242.738,0.1315,0.1242,0.1279,0.3668,0.7267,DROWSY,47,0,Windows,unspecified
22:57:04.118,242.779,0.1315,0.1228,0.1271,0.3603,0.7333,DROWSY,48,0,Windows,unspecified
22:57:04.148,242.809,0.1449,0.103,0.124,0.3579,0.74,DROWSY,49,0,Windows,unspecified
22:57:04.183,242.844,0.1449,0.1154,0.1301,0.3579,0.7467,DROWSY,50,0,Windows,unspecified
22:57:04.211,242.873,0.1719,0.1584,0.1651,0.3531,0.7533,DROWSY,51,0,Windows,unspecified
22:57:04.242,242.903,0.1719,0.1832,0.1776,0.3562,0.76,DROWSY,52,0,Windows,unspecified
22:57:04.275,242.936,0.1857,0.1975,0.1916,0.3573,0.7667,DROWSY,53,0,Windows,unspecified
22:57:04.305,242.966,0.1719,0.1766,0.1743,0.3449,0.7733,DROWSY,54,0,Windows,unspecified
22:57:04.337,242.998,0.1771,0.1392,0.1582,0.3522,0.78,DROWSY,55,0,Windows,unspecified
22:57:04.379,243.04,0.1583,0.1278,0.143,0.3583,0.7867,DROWSY,56,0,Windows,unspecified
22:57:04.414,243.075,0.1541,0.103,0.1286,0.3625,0.7933,DROWSY,57,0,Windows,unspecified
22:57:04.445,243.106,0.1398,0.1001,0.1199,0.361,0.8,DROWSY,58,0,Windows,unspecified
22:57:04.492,243.153,0.1136,0.103,0.1083,0.361,0.8067,DROWSY,59,0,Windows,unspecified
22:57:04.520,243.181,0.0881,0.0966,0.0924,0.3666,0.8133,DROWSY,60,0,Windows,unspecified
22:57:04.552,243.213,0.0995,0.0855,0.0925,0.3666,0.82,DROWSY,61,0,Windows,unspecified
22:57:04.583,243.244,0.0966,0.0855,0.0911,0.3695,0.8267,DROWSY,62,0,Windows,unspecified
22:57:04.615,243.276,0.0855,0.0639,0.0747,0.376,0.8333,DROWSY,63,0,Windows,unspecified
22:57:04.644,243.305,0.0881,0.0723,0.0802,0.378,0.84,DROWSY,64,0,Windows,unspecified
22:57:04.678,243.339,0.0881,0.0703,0.0792,0.3751,0.8467,DROWSY,65,0,Windows,unspecified
22:57:04.711,243.372,0.0657,0.0639,0.0648,0.3702,0.8533,DROWSY,66,0,Windows,unspecified
22:57:04.743,243.404,0.0745,0.0723,0.0734,0.3635,0.86,DROWSY,67,0,Windows,unspecified
22:57:04.785,243.446,0.0639,0.0507,0.0573,0.3631,0.8667,DROWSY,68,0,Windows,unspecified
22:57:04.818,243.479,0.0995,0.075,0.0872,0.3679,0.8733,DROWSY,69,0,Windows,unspecified
22:57:04.850,243.511,0.0903,0.0621,0.0762,0.3574,0.88,DROWSY,70,0,Windows,unspecified
22:57:04.891,243.552,0.0723,0.0382,0.0553,0.3608,0.8867,DROWSY,71,0,Windows,unspecified
22:57:04.928,243.589,0.0621,0.0372,0.0497,0.3615,0.8933,DROWSY,72,0,Windows,unspecified
22:57:04.960,243.621,0.0507,0.0263,0.0385,0.362,0.9,DROWSY,73,0,Windows,unspecified
22:57:04.989,243.65,0.0621,0.0318,0.0469,0.362,0.9,DROWSY,74,0,Windows,unspecified
22:57:05.023,243.684,0.0723,0.0604,0.0664,0.3514,0.9,DROWSY,75,0,Windows,unspecified
22:57:05.054,243.715,0.0723,0.0604,0.0664,0.3515,0.9,DROWSY,76,0,Windows,unspecified
22:57:05.083,243.744,0.0808,0.0493,0.0651,0.3561,0.9,DROWSY,77,0,Windows,unspecified
22:57:05.116,243.777,0.1121,0.0621,0.0871,0.359,0.9,DROWSY,78,0,Windows,unspecified
22:57:05.145,243.806,0.1244,0.0974,0.1109,0.3629,0.9,DROWSY,79,0,Windows,unspecified
22:57:05.181,243.842,0.103,0.0703,0.0867,0.362,0.9,DROWSY,80,0,Windows,unspecified
22:57:05.209,243.87,0.1001,0.0621,0.0811,0.3612,0.9,DROWSY,81,0,Windows,unspecified
22:57:05.241,243.902,0.103,0.0621,0.0825,0.3519,0.9,DROWSY,82,0,Windows,unspecified
22:57:05.272,243.933,0.103,0.0764,0.0897,0.3575,0.9,DROWSY,83,0,Windows,unspecified
22:57:05.302,243.963,0.0894,0.0764,0.0829,0.353,0.9,DROWSY,84,0,Windows,unspecified
22:57:05.334,243.995,0.0703,0.0604,0.0654,0.3482,0.9,DROWSY,85,0,Windows,unspecified
22:57:05.365,244.026,0.0703,0.0604,0.0654,0.3447,0.9,DROWSY,86,0,Windows,unspecified
22:57:05.396,244.058,0.0893,0.0764,0.0829,0.3435,0.9,DROWSY,87,0,Windows,unspecified
22:57:05.426,244.087,0.0981,0.0684,0.0832,0.3442,0.9,DROWSY,88,0,Windows,unspecified
22:57:05.457,244.119,0.1001,0.0684,0.0843,0.342,0.9,DROWSY,89,0,Windows,unspecified
22:57:05.489,244.15,0.0893,0.0666,0.078,0.343,0.9,DROWSY,90,0,Windows,unspecified
22:57:05.522,244.183,0.1001,0.0666,0.0834,0.3434,0.9,DROWSY,91,0,Windows,unspecified
22:57:05.580,244.241,0.1001,0.0744,0.0873,0.3512,0.9,DROWSY,92,0,Windows,unspecified
22:57:05.613,244.275,0.0893,0.0558,0.0726,0.3501,0.9,DROWSY,93,0,Windows,unspecified
22:57:05.648,244.309,0.0832,0.0558,0.0695,0.3589,0.9,DROWSY,94,0,Windows,unspecified
22:57:05.679,244.34,0.0832,0.0666,0.0749,0.3589,0.9,DROWSY,95,0,Windows,unspecified
22:57:05.710,244.371,0.0831,0.0768,0.08,0.3586,0.9,DROWSY,96,0,Windows,unspecified
22:57:05.742,244.403,0.0912,0.0889,0.09,0.3594,0.9,DROWSY,97,0,Windows,unspecified
22:57:05.771,244.432,0.0912,0.1003,0.0957,0.3612,0.9,DROWSY,98,0,Windows,unspecified
22:57:05.804,244.465,0.119,0.083,0.101,0.3498,0.9,DROWSY,99,0,Windows,unspecified
22:57:05.835,244.496,0.1454,0.1088,0.1271,0.3492,0.9,DROWSY,100,0,Windows,unspecified
22:57:05.867,244.528,0.1451,0.1205,0.1328,0.3498,0.9,DROWSY,101,0,Windows,unspecified
22:57:05.896,244.557,0.1456,0.1129,0.1292,0.3362,0.9,DROWSY,102,0,Windows,unspecified
22:57:05.930,244.591,0.1242,0.0948,0.1095,0.3471,0.9,DROWSY,103,0,Windows,unspecified
22:57:05.982,244.643,0.1246,0.0981,0.1114,0.3412,0.9,DROWSY,104,0,Windows,unspecified
22:57:06.093,244.754,0.1246,0.1172,0.1209,0.3403,0.9,DROWSY,105,0,Windows,unspecified
22:57:06.131,244.792,0.1416,0.1281,0.1348,0.35,0.9,DROWSY,106,0,Windows,unspecified
22:57:06.165,244.826,0.1379,0.1289,0.1334,0.3412,0.9,DROWSY,107,0,Windows,unspecified
22:57:06.197,244.858,0.12,0.119,0.1195,0.3475,0.9,DROWSY,108,0,Windows,unspecified
22:57:06.226,244.887,0.1246,0.1238,0.1242,0.3455,0.9,DROWSY,109,0,Windows,unspecified
22:57:06.257,244.918,0.1259,0.1205,0.1232,0.347,0.9,DROWSY,110,0,Windows,unspecified
22:57:06.291,244.952,0.0811,0.0889,0.085,0.3549,0.9,DROWSY,111,0,Windows,unspecified
22:57:06.321,244.982,0.0811,0.071,0.076,0.3589,0.9,DROWSY,112,0,Windows,unspecified
22:57:06.379,245.04,0.0692,0.048,0.0586,0.3558,0.9,DROWSY,113,0,Windows,unspecified
22:57:06.416,245.077,0.0692,0.0543,0.0618,0.3512,0.9,DROWSY,114,0,Windows,unspecified
22:57:06.447,245.108,0.0788,0.0438,0.0613,0.3443,0.9,DROWSY,115,0,Windows,unspecified
22:57:06.478,245.139,0.0692,0.0309,0.0501,0.3462,0.9,DROWSY,116,0,Windows,unspecified
22:57:06.510,245.171,0.0588,0.0186,0.0387,0.349,0.9,DROWSY,117,0,Windows,unspecified
22:57:06.542,245.203,0.0588,0.0309,0.0449,0.3489,0.9,DROWSY,118,0,Windows,unspecified
22:57:06.571,245.232,0.0725,0.0309,0.0517,0.347,0.9,DROWSY,119,0,Windows,unspecified
22:57:06.604,245.265,0.0891,0.0256,0.0573,0.3443,0.9,DROWSY,120,0,Windows,unspecified
22:57:06.636,245.298,0.089,0.0326,0.0608,0.3501,0.9,DROWSY,121,0,Windows,unspecified
22:57:06.666,245.327,0.089,0.0263,0.0577,0.3435,0.9,DROWSY,122,0,Windows,unspecified
22:57:06.696,245.357,0.0914,0.031,0.0612,0.3541,0.9,DROWSY,123,0,Windows,unspecified
22:57:06.727,245.388,0.0914,0.0573,0.0744,0.3499,0.9,DROWSY,124,0,Windows,unspecified
22:57:06.797,245.458,0.0788,0.0529,0.0659,0.3501,0.9,DROWSY,125,0,Windows,unspecified
22:57:06.824,245.485,0.0493,0.0256,0.0375,0.3437,0.9,DROWSY,126,0,Windows,unspecified
22:57:06.854,245.515,0.048,0.025,0.0365,0.3419,0.9,DROWSY,127,0,Windows,unspecified
22:57:06.885,245.546,0.048,0.0256,0.0368,0.3557,0.9067,DROWSY,128,0,Windows,unspecified
22:57:06.917,245.578,0.0603,0.0363,0.0483,0.3674,0.9133,DROWSY,129,0,Windows,unspecified
22:57:06.947,245.608,0.0603,0.0573,0.0588,0.3582,0.92,DROWSY,130,0,Windows,unspecified
22:57:06.979,245.64,0.0588,0.0649,0.0618,0.3559,0.9267,DROWSY,131,0,Windows,unspecified
22:57:07.007,245.668,0.0683,0.0725,0.0704,0.3525,0.9333,DROWSY,132,0,Windows,unspecified
22:57:07.042,245.703,0.0763,0.0744,0.0754,0.3517,0.94,DROWSY,133,0,Windows,unspecified
22:57:07.076,245.737,0.0763,0.0666,0.0715,0.3463,0.9467,DROWSY,134,0,Windows,unspecified
22:57:07.103,245.764,0.0763,0.048,0.0622,0.3431,0.9467,DROWSY,135,0,Windows,unspecified
22:57:07.134,245.795,0.0764,0.0372,0.0568,0.3524,0.9467,DROWSY,136,0,Windows,unspecified
22:57:07.195,245.856,0.0703,0.0604,0.0654,0.3423,0.9467,DROWSY,137,0,Windows,unspecified
22:57:07.227,245.888,0.0703,0.0684,0.0694,0.346,0.9467,DROWSY,138,0,Windows,unspecified
22:57:07.260,245.921,0.0723,0.0789,0.0756,0.3475,0.9467,DROWSY,139,0,Windows,unspecified
22:57:07.291,245.952,0.103,0.0869,0.095,0.3512,0.9467,DROWSY,140,0,Windows,unspecified
22:57:07.322,245.983,0.0703,0.0764,0.0734,0.3512,0.9467,DROWSY,141,0,Windows,unspecified
22:57:07.355,246.016,0.0621,0.0764,0.0693,0.3463,0.9467,DROWSY,142,0,Windows,unspecified
22:57:07.384,246.045,0.0684,0.0573,0.0629,0.3463,0.9533,DROWSY,143,0,Windows,unspecified
22:57:07.415,246.076,0.0604,0.0493,0.0549,0.3498,0.96,DROWSY,144,0,Windows,unspecified
22:57:07.445,246.106,0.0604,0.0493,0.0549,0.3485,0.9667,DROWSY,145,0,Windows,unspecified
22:57:07.480,246.141,0.0621,0.0437,0.0529,0.3595,0.9733,DROWSY,146,0,Windows,unspecified
22:57:07.508,246.169,0.0702,0.0572,0.0637,0.3587,0.98,DROWSY,147,0,Windows,unspecified
22:57:07.540,246.201,0.062,0.0729,0.0675,0.3638,0.9867,DROWSY,148,0,Windows,unspecified
22:57:07.570,246.231,0.0638,0.0809,0.0724,0.3579,0.9933,DROWSY,149,0,Windows,unspecified
22:57:07.601,246.262,0.077,0.0507,0.0638,0.3626,1.0,DROWSY,150,0,Windows,unspecified
22:57:07.632,246.293,0.0918,0.0382,0.065,0.3534,1.0,DROWSY,151,0,Windows,unspecified
22:57:07.665,246.326,0.0918,0.0382,0.065,0.3694,1.0,DROWSY,152,0,Windows,unspecified
22:57:07.698,246.36,0.0722,0.0684,0.0703,0.366,1.0,DROWSY,153,0,Windows,unspecified
22:57:07.730,246.391,0.0605,0.0493,0.0549,0.3688,1.0,DROWSY,154,0,Windows,unspecified
22:57:07.761,246.422,0.0536,0.0382,0.0459,0.3629,1.0,DROWSY,155,0,Windows,unspecified
22:57:07.792,246.453,0.0638,0.0684,0.0661,0.3591,1.0,DROWSY,156,0,Windows,unspecified
22:57:07.822,246.483,0.0722,0.0684,0.0703,0.3611,1.0,DROWSY,157,0,Windows,unspecified
22:57:07.853,246.514,0.0722,0.0684,0.0703,0.3648,1.0,DROWSY,158,0,Windows,unspecified
22:57:07.888,246.549,0.09,0.0914,0.0907,0.3677,1.0,DROWSY,159,0,Windows,unspecified
22:57:07.916,246.577,0.0723,0.0621,0.0672,0.358,1.0,DROWSY,160,0,Windows,unspecified
22:57:07.946,246.607,0.0743,0.0749,0.0746,0.3587,1.0,DROWSY,161,0,Windows,unspecified
22:57:08.001,246.662,0.0994,0.1041,0.1017,0.3671,1.0,DROWSY,162,0,Windows,unspecified
22:57:08.043,246.704,0.0793,0.0904,0.0848,0.3688,1.0,DROWSY,163,0,Windows,unspecified
22:57:08.071,246.732,0.0881,0.0903,0.0892,0.3639,1.0,DROWSY,164,0,Windows,unspecified
22:57:08.105,246.766,0.0816,0.1039,0.0928,0.3709,1.0,DROWSY,165,0,Windows,unspecified
22:57:08.133,246.794,0.0816,0.0771,0.0794,0.37,1.0,DROWSY,166,0,Windows,unspecified
22:57:08.167,246.828,0.0677,0.094,0.0808,0.3782,1.0,DROWSY,167,0,Windows,unspecified
22:57:08.198,246.859,0.1136,0.094,0.1038,0.3831,1.0,DROWSY,168,0,Windows,unspecified
22:57:08.229,246.89,0.0986,0.1104,0.1045,0.386,1.0,DROWSY,169,0,Windows,unspecified
22:57:08.261,246.922,0.1353,0.1153,0.1253,0.3808,1.0,DROWSY,170,0,Windows,unspecified
22:57:08.293,246.954,0.117,0.1104,0.1137,0.3793,1.0,DROWSY,171,0,Windows,unspecified
22:57:08.322,246.983,0.0907,0.0856,0.0882,0.381,1.0,DROWSY,172,0,Windows,unspecified
22:57:08.354,247.015,0.0908,0.0856,0.0882,0.3726,1.0,DROWSY,173,0,Windows,unspecified
22:57:08.394,247.055,0.0642,0.0903,0.0772,0.3885,1.0,DROWSY,174,0,Windows,unspecified
22:57:08.431,247.092,0.0642,0.0748,0.0695,0.3833,1.0,DROWSY,175,0,Windows,unspecified
22:57:08.462,247.123,0.0698,0.0771,0.0735,0.3918,1.0,DROWSY,176,0,Windows,unspecified
22:57:08.492,247.153,0.0933,0.1053,0.0993,0.3923,1.0,DROWSY,177,0,Windows,unspecified
22:57:08.523,247.184,0.0933,0.093,0.0932,0.3862,1.0,DROWSY,178,0,Windows,unspecified
22:57:08.554,247.215,0.0958,0.0958,0.0958,0.3942,1.0,DROWSY,179,0,Windows,unspecified
22:57:08.589,247.25,0.1175,0.1288,0.1232,0.3927,1.0,DROWSY,180,0,Windows,unspecified
22:57:08.618,247.279,0.1589,0.1398,0.1493,0.3854,1.0,DROWSY,181,0,Windows,unspecified
22:57:08.650,247.311,0.1374,0.1487,0.1431,0.3812,1.0,DROWSY,182,0,Windows,unspecified
22:57:08.686,247.347,0.1863,0.1863,0.1863,0.3654,1.0,DROWSY,183,0,Windows,unspecified
22:57:08.711,247.372,0.1863,0.1736,0.1799,0.3613,1.0,DROWSY,184,0,Windows,unspecified
22:57:08.743,247.404,0.1863,0.1903,0.1883,0.3665,1.0,DROWSY,185,0,Windows,unspecified
22:57:08.797,247.458,0.1205,0.1343,0.1274,0.3445,1.0,DROWSY,186,0,Windows,unspecified
22:57:08.837,247.498,0.1126,0.1342,0.1234,0.3489,1.0,DROWSY,187,0,Windows,unspecified
22:57:08.866,247.527,0.0988,0.1342,0.1165,0.3441,1.0,DROWSY,188,0,Windows,unspecified
22:57:08.897,247.558,0.0988,0.093,0.0959,0.3598,1.0,DROWSY,189,0,Windows,unspecified
22:57:08.931,247.592,0.1091,0.0677,0.0884,0.3626,1.0,DROWSY,190,0,Windows,unspecified
22:57:08.962,247.623,0.0993,0.0677,0.0835,0.3776,1.0,DROWSY,191,0,Windows,unspecified
22:57:08.992,247.653,0.09,0.0642,0.0771,0.3965,1.0,DROWSY,192,0,Windows,unspecified
22:57:09.023,247.684,0.1027,0.0907,0.0967,0.3963,1.0,DROWSY,193,0,Windows,unspecified
22:57:09.055,247.716,0.1062,0.0933,0.0998,0.4076,1.0,DROWSY,194,0,Windows,unspecified
22:57:09.100,247.761,0.1591,0.1354,0.1472,0.4079,1.0,DROWSY,195,0,Windows,unspecified
22:57:09.133,247.794,0.194,0.1724,0.1832,0.4072,1.0,DROWSY,196,0,Windows,unspecified
22:57:09.164,247.826,0.2124,0.1864,0.1994,0.404,1.0,DROWSY,197,0,Windows,unspecified
22:57:09.195,247.856,0.194,0.2179,0.2059,0.3915,1.0,DROWSY,198,0,Windows,unspecified
22:57:09.228,247.889,0.207,0.2254,0.2162,0.3904,1.0,DROWSY,199,0,Windows,unspecified
22:57:09.258,247.919,0.225,0.2254,0.2252,0.3873,1.0,DROWSY,200,0,Windows,unspecified
22:57:09.291,247.952,0.2482,0.2063,0.2273,0.4093,1.0,DROWSY,201,0,Windows,unspecified
22:57:09.322,247.983,0.2154,0.2145,0.215,0.426,1.0,DROWSY,202,0,Windows,unspecified
22:57:09.351,248.012,0.2522,0.2112,0.2317,0.4357,1.0,DROWSY,203,0,Windows,unspecified
22:57:09.388,248.05,0.2828,0.1935,0.2382,0.4028,1.0,DROWSY,204,0,Windows,unspecified
22:57:09.421,248.082,0.2944,0.2539,0.2741,0.4075,0.9933,DROWSY,0,0,Windows,unspecified
22:57:09.447,248.108,0.2936,0.2483,0.2709,0.4015,0.9867,DROWSY,0,0,Windows,unspecified
22:57:09.500,248.161,0.3462,0.266,0.3061,0.4061,0.98,DROWSY,0,0,Windows,unspecified
22:57:09.526,248.187,0.3095,0.2831,0.2963,0.4247,0.9733,DROWSY,0,0,Windows,unspecified
22:57:09.556,248.217,0.3228,0.2928,0.3078,0.42,0.9667,DROWSY,0,0,Windows,unspecified
22:57:09.599,248.26,0.3453,0.2774,0.3113,0.4337,0.96,DROWSY,0,0,Windows,unspecified
22:57:09.636,248.297,0.3262,0.3072,0.3167,0.4347,0.9533,DROWSY,0,0,Windows,unspecified
22:57:09.666,248.327,0.3476,0.3072,0.3274,0.4394,0.9467,DROWSY,0,0,Windows,unspecified
22:57:09.696,248.357,0.3232,0.2729,0.298,0.463,0.94,DROWSY,0,0,Windows,unspecified
22:57:09.728,248.389,0.3398,0.2463,0.293,0.4557,0.9333,DROWSY,0,0,Windows,unspecified
22:57:09.761,248.423,0.3172,0.2625,0.2899,0.4532,0.9267,DROWSY,0,0,Windows,unspecified
22:57:09.789,248.45,0.3238,0.2522,0.288,0.4458,0.92,DROWSY,0,0,Windows,unspecified
22:57:09.823,248.485,0.3033,0.2729,0.2881,0.4425,0.9133,DROWSY,0,0,Windows,unspecified
22:57:09.853,248.514,0.2912,0.2559,0.2736,0.458,0.9067,DROWSY,0,0,Windows,unspecified
22:57:09.901,248.562,0.3165,0.2579,0.2872,0.4786,0.9,DROWSY,0,0,Windows,unspecified
22:57:09.929,248.59,0.2987,0.2609,0.2798,0.4838,0.8933,DROWSY,0,0,Windows,unspecified
22:57:09.962,248.623,0.3196,0.2569,0.2883,0.4952,0.8867,DROWSY,0,0,Windows,unspecified
22:57:09.996,248.657,0.3375,0.2743,0.3059,0.5097,0.88,DROWSY,0,0,Windows,unspecified
22:57:10.024,248.685,0.329,0.2585,0.2937,0.5042,0.8733,DROWSY,0,0,Windows,unspecified
22:57:10.054,248.715,0.3335,0.2585,0.296,0.5002,0.8667,DROWSY,0,0,Windows,unspecified
22:57:10.092,248.753,0.0931,0.1371,0.1151,0.4617,0.8667,DROWSY,1,0,Windows,unspecified
22:57:10.118,248.779,0.1718,0.1327,0.1523,0.456,0.8667,DROWSY,2,0,Windows,unspecified
22:57:10.145,248.806,0.1718,0.1244,0.1481,0.4434,0.8667,DROWSY,3,0,Windows,unspecified
22:57:10.188,248.849,0.0815,0.0415,0.0615,0.4119,0.8667,DROWSY,4,0,Windows,unspecified
22:57:10.209,248.87,0.1305,0.0788,0.1047,0.4048,0.8667,DROWSY,5,0,Windows,unspecified
22:57:10.241,248.902,0.107,0.0697,0.0884,0.4098,0.8667,DROWSY,6,0,Windows,unspecified
22:57:10.308,248.97,0.0366,0.0775,0.057,0.3795,0.8667,DROWSY,7,0,Windows,unspecified
22:57:10.336,248.997,0.0522,0.0415,0.0469,0.3848,0.8667,DROWSY,8,0,Windows,unspecified
22:57:10.369,249.03,0.0551,0.047,0.0511,0.3799,0.8667,DROWSY,9,0,Windows,unspecified
22:57:10.396,249.057,0.0428,0.0546,0.0487,0.3834,0.8667,DROWSY,10,0,Windows,unspecified
22:57:10.431,249.092,0.0553,0.0386,0.047,0.3857,0.8667,DROWSY,11,0,Windows,unspecified
22:57:10.459,249.121,0.0294,0.0452,0.0373,0.3762,0.8667,DROWSY,12,0,Windows,unspecified
22:57:10.492,249.153,0.0698,0.0675,0.0686,0.3878,0.8667,DROWSY,13,0,Windows,unspecified
22:57:10.522,249.183,0.0552,0.0675,0.0613,0.3816,0.8667,DROWSY,14,0,Windows,unspecified
22:57:10.556,249.217,0.0537,0.0564,0.055,0.3667,0.8667,DROWSY,15,0,Windows,unspecified
22:57:10.589,249.25,0.0415,0.0654,0.0535,0.3697,0.8667,DROWSY,16,0,Windows,unspecified
22:57:10.615,249.276,0.0535,0.0693,0.0614,0.3783,0.8667,DROWSY,17,0,Windows,unspecified
22:57:10.646,249.307,0.0536,0.0837,0.0686,0.3852,0.8667,DROWSY,18,0,Windows,unspecified
22:57:10.699,249.361,0.0794,0.0925,0.0859,0.3887,0.8667,DROWSY,19,0,Windows,unspecified
22:57:10.722,249.383,0.1187,0.0902,0.1045,0.3795,0.8667,DROWSY,20,0,Windows,unspecified
22:57:10.755,249.416,0.1154,0.113,0.1142,0.3866,0.8667,DROWSY,21,0,Windows,unspecified
22:57:10.803,249.464,0.2566,0.2546,0.2556,0.3992,0.86,DROWSY,0,0,Windows,unspecified
22:57:10.836,249.497,0.2338,0.2407,0.2372,0.3896,0.86,DROWSY,1,0,Windows,unspecified
22:57:10.862,249.523,0.2354,0.2329,0.2342,0.3915,0.86,DROWSY,2,0,Windows,unspecified
22:57:10.892,249.553,0.2618,0.2648,0.2633,0.4041,0.8533,DROWSY,0,0,Windows,unspecified
22:57:10.926,249.587,0.2712,0.2493,0.2602,0.4029,0.8467,DROWSY,0,0,Windows,unspecified
22:57:10.959,249.62,0.2469,0.2493,0.2481,0.3985,0.84,DROWSY,0,0,Windows,unspecified
22:57:10.987,249.648,0.2681,0.2648,0.2665,0.409,0.8333,DROWSY,0,0,Windows,unspecified
22:57:11.020,249.681,0.2743,0.2655,0.2699,0.4124,0.8267,DROWSY,0,0,Windows,unspecified
22:57:11.051,249.712,0.2712,0.2655,0.2683,0.413,0.82,DROWSY,0,0,Windows,unspecified
22:57:11.102,249.763,0.3012,0.2469,0.2741,0.4034,0.8133,DROWSY,0,0,Windows,unspecified
22:57:11.126,249.787,0.3003,0.2459,0.2731,0.4018,0.8067,DROWSY,0,0,Windows,unspecified
22:57:11.160,249.821,0.3003,0.2276,0.264,0.4018,0.8,DROWSY,0,0,Windows,unspecified
22:57:11.196,249.857,0.3181,0.2875,0.3028,0.397,0.7933,DROWSY,0,0,Windows,unspecified
22:57:11.222,249.883,0.3003,0.3251,0.3127,0.3999,0.7867,DROWSY,0,0,Windows,unspecified
22:57:11.254,249.915,0.3168,0.3259,0.3214,0.4036,0.78,DROWSY,0,0,Windows,unspecified
22:57:11.296,249.957,0.2839,0.2785,0.2812,0.4139,0.7733,DROWSY,0,0,Windows,unspecified
22:57:11.333,249.994,0.2674,0.2421,0.2548,0.4087,0.7667,DROWSY,0,0,Windows,unspecified
22:57:11.363,250.024,0.243,0.2499,0.2464,0.4048,0.76,DROWSY,0,0,Windows,unspecified
22:57:11.405,250.066,0.2765,0.2499,0.2632,0.4016,0.7533,DROWSY,0,0,Windows,unspecified
22:57:11.441,250.102,0.2765,0.2625,0.2695,0.4075,0.7467,DROWSY,0,0,Windows,unspecified
22:57:11.472,250.133,0.2548,0.2717,0.2632,0.4081,0.74,DROWSY,0,0,Windows,unspecified
22:57:11.504,250.165,0.2425,0.2436,0.2431,0.4224,0.7333,DROWSY,0,0,Windows,unspecified
22:57:11.535,250.196,0.2595,0.2436,0.2516,0.4116,0.7267,DROWSY,0,0,Windows,unspecified
22:57:11.566,250.227,0.272,0.2499,0.2609,0.4234,0.72,DROWSY,0,0,Windows,unspecified
22:57:11.595,250.256,0.2603,0.244,0.2521,0.4161,0.7133,DROWSY,0,0,Windows,unspecified
22:57:11.631,250.292,0.2603,0.2473,0.2538,0.4129,0.7067,DROWSY,0,0,Windows,unspecified
22:57:11.660,250.321,0.2603,0.2503,0.2553,0.4128,0.7,DROWSY,0,0,Windows,unspecified
22:57:11.696,250.357,0.2058,0.15,0.1779,0.4063,0.7,DROWSY,1,0,Windows,unspecified
22:57:11.724,250.385,0.1641,0.1213,0.1427,0.4119,0.7,DROWSY,2,0,Windows,unspecified
22:57:11.753,250.414,0.1687,0.1278,0.1483,0.4084,0.7,DROWSY,3,0,Windows,unspecified
22:57:11.803,250.465,0.0913,0.0624,0.0768,0.3692,0.7,DROWSY,4,0,Windows,unspecified
22:57:11.832,250.493,0.0742,0.0884,0.0813,0.3551,0.7,DROWSY,5,0,Windows,unspecified
22:57:11.862,250.524,0.0943,0.0791,0.0867,0.364,0.7,DROWSY,6,0,Windows,unspecified
22:57:11.900,250.562,0.0637,0.0568,0.0602,0.4144,0.7,DROWSY,7,0,Windows,unspecified
22:57:11.941,250.602,0.067,0.0673,0.0671,0.397,0.7,DROWSY,8,0,Windows,unspecified
22:57:11.971,250.632,0.0638,0.0675,0.0656,0.4011,0.7,DROWSY,9,0,Windows,unspecified
22:57:12.003,250.664,0.0934,0.1236,0.1085,0.377,0.7,DROWSY,10,0,Windows,unspecified
22:57:12.033,250.694,0.0958,0.1236,0.1097,0.3742,0.7,DROWSY,11,0,Windows,unspecified
22:57:12.064,250.725,0.0818,0.1313,0.1065,0.374,0.7,DROWSY,12,0,Windows,unspecified
22:57:12.092,250.753,0.0808,0.0715,0.0762,0.37,0.7,DROWSY,13,0,Windows,unspecified
22:57:12.126,250.787,0.0744,0.0441,0.0593,0.372,0.7,DROWSY,14,0,Windows,unspecified
22:57:12.158,250.819,0.0657,0.0312,0.0484,0.3608,0.7,DROWSY,15,0,Windows,unspecified
22:57:12.203,250.864,0.1433,0.1219,0.1326,0.3762,0.7,DROWSY,16,0,Windows,unspecified
22:57:12.236,250.897,0.1313,0.1135,0.1224,0.3824,0.7,DROWSY,17,0,Windows,unspecified
22:57:12.267,250.928,0.1318,0.0994,0.1156,0.3979,0.7,DROWSY,18,0,Windows,unspecified
22:57:12.302,250.963,0.153,0.1247,0.1389,0.4201,0.7,DROWSY,19,0,Windows,unspecified
22:57:12.326,250.987,0.1383,0.1262,0.1323,0.4263,0.7,DROWSY,20,0,Windows,unspecified
22:57:12.361,251.022,0.1429,0.13,0.1365,0.435,0.7,DROWSY,21,0,Windows,unspecified
22:57:12.397,251.058,0.2638,0.1876,0.2257,0.4067,0.7,DROWSY,22,0,Windows,unspecified
22:57:12.426,251.087,0.2745,0.1897,0.2321,0.4149,0.7,DROWSY,23,0,Windows,unspecified
22:57:12.458,251.119,0.2537,0.1897,0.2217,0.4205,0.7,DROWSY,24,0,Windows,unspecified
22:57:12.497,251.158,0.2883,0.2389,0.2636,0.4149,0.6933,DROWSY,0,0,Windows,unspecified
22:57:12.519,251.18,0.2987,0.2625,0.2806,0.4101,0.6867,DROWSY,0,0,Windows,unspecified
22:57:12.552,251.213,0.2987,0.2595,0.2791,0.4137,0.68,DROWSY,0,0,Windows,unspecified
22:57:12.609,251.27,0.2835,0.2572,0.2703,0.4175,0.6733,DROWSY,0,0,Windows,unspecified
22:57:12.643,251.304,0.2867,0.2572,0.2719,0.4339,0.6667,DROWSY,0,0,Windows,unspecified
22:57:12.676,251.337,0.2835,0.2543,0.2689,0.431,0.66,DROWSY,0,0,Windows,unspecified
22:57:12.705,251.366,0.2987,0.2354,0.2671,0.4455,0.6533,DROWSY,0,0,Windows,unspecified
22:57:12.738,251.399,0.2724,0.22,0.2462,0.4455,0.6467,DROWSY,0,0,Windows,unspecified
22:57:12.768,251.43,0.2819,0.2051,0.2435,0.4518,0.64,DROWSY,0,0,Windows,unspecified
22:57:12.802,251.463,0.2504,0.1945,0.2224,0.4513,0.64,DROWSY,1,0,Windows,unspecified
22:57:12.831,251.492,0.2504,0.2112,0.2308,0.4628,0.64,DROWSY,2,0,Windows,unspecified
22:57:12.866,251.527,0.2599,0.2112,0.2355,0.445,0.64,DROWSY,3,0,Windows,unspecified
22:57:12.895,251.556,0.2742,0.243,0.2586,0.4321,0.6333,DROWSY,0,0,Windows,unspecified
22:57:12.929,251.59,0.268,0.2251,0.2465,0.4515,0.6267,DROWSY,0,0,Windows,unspecified
22:57:12.957,251.618,0.2858,0.2225,0.2541,0.4423,0.62,DROWSY,0,0,Windows,unspecified
22:57:13.008,251.669,0.2253,0.2193,0.2223,0.4278,0.62,DROWSY,1,0,Windows,unspecified
22:57:13.036,251.697,0.2284,0.2193,0.2238,0.4337,0.62,DROWSY,2,0,Windows,unspecified
22:57:13.068,251.729,0.2378,0.1968,0.2173,0.4306,0.62,DROWSY,3,0,Windows,unspecified
22:57:13.099,251.761,0.2497,0.1818,0.2157,0.4317,0.62,DROWSY,4,0,Windows,unspecified
22:57:13.131,251.792,0.2497,0.1818,0.2157,0.4338,0.62,DROWSY,5,0,Windows,unspecified
22:57:13.164,251.825,0.2593,0.1853,0.2223,0.4338,0.62,DROWSY,6,0,Windows,unspecified
22:57:13.196,251.857,0.268,0.2271,0.2475,0.4457,0.6133,DROWSY,0,0,Windows,unspecified
22:57:13.225,251.886,0.2336,0.1998,0.2167,0.4578,0.6133,DROWSY,1,0,Windows,unspecified
22:57:13.256,251.917,0.2292,0.1826,0.2059,0.4635,0.6133,DROWSY,2,0,Windows,unspecified
22:57:13.291,251.952,0.2627,0.2274,0.245,0.4181,0.6067,DROWSY,0,0,Windows,unspecified
22:57:13.318,251.979,0.2216,0.2125,0.217,0.4092,0.6067,DROWSY,1,0,Windows,unspecified
22:57:13.348,252.009,0.2216,0.2205,0.2211,0.4081,0.6067,DROWSY,2,0,Windows,unspecified
22:57:13.408,252.069,0.1795,0.1632,0.1713,0.4122,0.6067,DROWSY,3,0,Windows,unspecified
22:57:13.445,252.106,0.1637,0.1638,0.1638,0.4121,0.6067,DROWSY,4,0,Windows,unspecified
22:57:13.476,252.137,0.1481,0.1249,0.1365,0.4263,0.6067,DROWSY,5,0,Windows,unspecified
22:57:13.506,252.167,0.1631,0.1586,0.1608,0.4089,0.6067,DROWSY,6,0,Windows,unspecified
22:57:13.537,252.198,0.1615,0.1438,0.1527,0.4052,0.6067,DROWSY,7,0,Windows,unspecified
22:57:13.568,252.229,0.1615,0.1438,0.1527,0.4149,0.6067,DROWSY,8,0,Windows,unspecified
22:57:13.600,252.261,0.1293,0.1493,0.1393,0.3862,0.6067,DROWSY,9,0,Windows,unspecified
22:57:13.632,252.293,0.1216,0.1342,0.1279,0.3841,0.6067,DROWSY,10,0,Windows,unspecified
22:57:13.663,252.324,0.1236,0.134,0.1288,0.3937,0.6067,DROWSY,11,0,Windows,unspecified
22:57:13.711,252.372,0.067,0.057,0.062,0.3596,0.6067,DROWSY,12,0,Windows,unspecified
22:57:13.741,252.402,0.0897,0.0588,0.0743,0.3581,0.6067,DROWSY,13,0,Windows,unspecified
22:57:13.772,252.433,0.0759,0.0844,0.0801,0.363,0.6067,DROWSY,14,0,Windows,unspecified
22:57:13.804,252.465,0.0621,0.0869,0.0745,0.3714,0.6067,DROWSY,15,0,Windows,unspecified
22:57:13.836,252.497,0.0635,0.0569,0.0602,0.3527,0.6067,DROWSY,16,0,Windows,unspecified
22:57:13.864,252.525,0.0485,0.0568,0.0526,0.3621,0.6067,DROWSY,17,0,Windows,unspecified
22:57:13.900,252.561,0.05,0.0568,0.0534,0.3678,0.6067,DROWSY,18,0,Windows,unspecified
22:57:13.927,252.588,0.0414,0.0566,0.049,0.3517,0.6067,DROWSY,19,0,Windows,unspecified
22:57:13.960,252.621,0.0414,0.0693,0.0554,0.3578,0.6067,DROWSY,20,0,Windows,unspecified
22:57:13.996,252.657,0.0622,0.0696,0.0659,0.3603,0.6067,DROWSY,21,0,Windows,unspecified
22:57:14.023,252.684,0.0677,0.0806,0.0742,0.3434,0.6067,DROWSY,22,0,Windows,unspecified
22:57:14.054,252.715,0.0677,0.0867,0.0772,0.3485,0.6067,DROWSY,23,0,Windows,unspecified
22:57:14.108,252.769,0.0622,0.0678,0.065,0.3662,0.6067,DROWSY,24,0,Windows,unspecified
22:57:14.146,252.807,0.0655,0.0584,0.062,0.3648,0.6067,DROWSY,25,0,Windows,unspecified
22:57:14.180,252.841,0.0791,0.0584,0.0687,0.3717,0.6067,DROWSY,26,0,Windows,unspecified
22:57:14.211,252.872,0.117,0.0971,0.1071,0.384,0.6067,DROWSY,27,0,Windows,unspecified
22:57:14.251,252.912,0.117,0.1021,0.1096,0.3945,0.6067,DROWSY,28,0,Windows,unspecified
22:57:14.289,252.95,0.117,0.0676,0.0923,0.3925,0.6067,DROWSY,29,0,Windows,unspecified
22:57:14.320,252.981,0.135,0.0957,0.1153,0.407,0.6067,DROWSY,30,0,Windows,unspecified
22:57:14.352,253.013,0.131,0.0856,0.1083,0.3914,0.6067,DROWSY,31,0,Windows,unspecified
22:57:14.381,253.042,0.1313,0.0676,0.0995,0.3936,0.6067,DROWSY,32,0,Windows,unspecified
22:57:14.411,253.073,0.2546,0.1658,0.2102,0.3892,0.6067,DROWSY,33,0,Windows,unspecified
22:57:14.443,253.104,0.2708,0.1951,0.2329,0.3971,0.6133,DROWSY,34,0,Windows,unspecified
22:57:14.480,253.141,0.2708,0.2306,0.2507,0.3942,0.6133,DROWSY,0,0,Windows,unspecified
22:57:14.509,253.17,0.2781,0.252,0.2651,0.4005,0.6133,DROWSY,0,0,Windows,unspecified
22:57:14.537,253.198,0.2855,0.2553,0.2704,0.3948,0.6133,DROWSY,0,0,Windows,unspecified
22:57:14.568,253.229,0.2841,0.2474,0.2657,0.4078,0.6133,DROWSY,0,0,Windows,unspecified
22:57:14.606,253.267,0.2571,0.2375,0.2473,0.4293,0.6133,DROWSY,0,0,Windows,unspecified
22:57:14.631,253.293,0.2638,0.2274,0.2456,0.4326,0.6133,DROWSY,0,0,Windows,unspecified
22:57:14.662,253.323,0.2553,0.2379,0.2466,0.4314,0.6133,DROWSY,0,0,Windows,unspecified
22:57:14.700,253.361,0.2722,0.2326,0.2524,0.4212,0.6133,DROWSY,0,0,Windows,unspecified
22:57:14.724,253.385,0.2345,0.2265,0.2305,0.4097,0.62,DROWSY,1,0,Windows,unspecified
22:57:14.758,253.419,0.2273,0.2265,0.2269,0.4054,0.6267,DROWSY,2,0,Windows,unspecified
22:57:14.801,253.462,0.2388,0.2185,0.2286,0.4073,0.6333,DROWSY,3,0,Windows,unspecified
22:57:14.832,253.493,0.2571,0.206,0.2316,0.4136,0.64,DROWSY,4,0,Windows,unspecified
22:57:14.863,253.524,0.2681,0.2118,0.24,0.4202,0.64,DROWSY,0,0,Windows,unspecified
22:57:14.910,253.571,0.2138,0.1975,0.2056,0.3975,0.6467,DROWSY,1,0,Windows,unspecified
22:57:14.941,253.602,0.2197,0.1859,0.2028,0.3889,0.6533,DROWSY,2,0,Windows,unspecified
22:57:14.972,253.633,0.2197,0.1824,0.201,0.3934,0.66,DROWSY,3,0,Windows,unspecified
22:57:15.004,253.665,0.2213,0.2274,0.2243,0.3889,0.6667,DROWSY,4,0,Windows,unspecified
22:57:15.036,253.697,0.209,0.2242,0.2166,0.3951,0.6733,DROWSY,5,0,Windows,unspecified
22:57:15.066,253.727,0.2297,0.235,0.2324,0.3999,0.68,DROWSY,6,0,Windows,unspecified
22:57:15.098,253.759,0.274,0.266,0.27,0.4048,0.6733,DROWSY,0,0,Windows,unspecified
22:57:15.129,253.79,0.2371,0.2274,0.2322,0.3979,0.6733,DROWSY,1,0,Windows,unspecified
22:57:15.160,253.821,0.2359,0.2275,0.2317,0.4105,0.6733,DROWSY,2,0,Windows,unspecified
22:57:15.196,253.857,0.2311,0.2623,0.2467,0.411,0.6667,DROWSY,0,0,Windows,unspecified
22:57:15.222,253.883,0.2503,0.2544,0.2524,0.4128,0.66,DROWSY,0,0,Windows,unspecified
22:57:15.253,253.914,0.2184,0.2544,0.2364,0.4121,0.66,DROWSY,1,0,Windows,unspecified
22:57:15.308,253.969,0.3173,0.3146,0.316,0.4029,0.6533,DROWSY,0,0,Windows,unspecified
22:57:15.332,253.993,0.3632,0.3264,0.3448,0.4038,0.6467,DROWSY,0,0,Windows,unspecified
22:57:15.362,254.023,0.3632,0.3262,0.3447,0.4025,0.64,DROWSY,0,0,Windows,unspecified
22:57:15.404,254.065,0.309,0.3118,0.3104,0.4089,0.6333,DROWSY,0,0,Windows,unspecified
22:57:15.438,254.099,0.3419,0.3146,0.3282,0.4045,0.6267,DROWSY,0,0,Windows,unspecified
22:57:15.470,254.131,0.3058,0.2928,0.2993,0.4092,0.62,DROWSY,0,0,Windows,unspecified
22:57:15.501,254.163,0.2537,0.2677,0.2607,0.417,0.6133,DROWSY,0,0,Windows,unspecified
22:57:15.535,254.196,0.2987,0.2948,0.2968,0.4202,0.6067,DROWSY,0,0,Windows,unspecified
22:57:15.565,254.227,0.3055,0.2776,0.2915,0.4319,0.6,DROWSY,0,0,Windows,unspecified
22:57:15.611,254.272,0.2429,0.2393,0.2411,0.4333,0.5933,DROWSY,0,0,Windows,unspecified
22:57:15.643,254.304,0.2968,0.2752,0.286,0.4329,0.5867,DROWSY,0,0,Windows,unspecified
22:57:15.674,254.336,0.327,0.3021,0.3146,0.4207,0.58,DROWSY,0,0,Windows,unspecified
22:57:15.708,254.369,0.308,0.3102,0.3091,0.4595,0.5733,DROWSY,0,0,Windows,unspecified
22:57:15.736,254.397,0.3504,0.3259,0.3382,0.4607,0.5667,DROWSY,0,0,Windows,unspecified
22:57:15.769,254.43,0.3288,0.3102,0.3195,0.4568,0.56,DROWSY,0,0,Windows,unspecified
22:57:15.803,254.464,0.3251,0.2914,0.3083,0.4505,0.56,DROWSY,0,0,Windows,unspecified
22:57:15.827,254.488,0.371,0.3326,0.3518,0.4409,0.5533,DROWSY,0,0,Windows,unspecified
22:57:15.862,254.523,0.3943,0.3305,0.3624,0.4349,0.5467,DROWSY,0,0,Windows,unspecified
22:57:15.902,254.563,0.3643,0.3243,0.3443,0.4584,0.5467,DROWSY,0,0,Windows,unspecified
22:57:15.939,254.6,0.3871,0.343,0.365,0.4687,0.5467,DROWSY,0,0,Windows,unspecified
22:57:15.970,254.631,0.3911,0.3275,0.3593,0.4622,0.5467,DROWSY,0,0,Windows,unspecified
22:57:16.011,254.673,0.3504,0.3275,0.3389,0.4419,0.5467,DROWSY,0,0,Windows,unspecified
22:57:16.049,254.71,0.3504,0.3305,0.3404,0.4421,0.5467,DROWSY,0,0,Windows,unspecified
22:57:16.080,254.742,0.3504,0.3305,0.3404,0.4478,0.5467,DROWSY,0,0,Windows,unspecified
22:57:16.107,254.768,0.3692,0.3466,0.3579,0.453,0.5467,DROWSY,0,0,Windows,unspecified
22:57:16.143,254.804,0.3882,0.3333,0.3608,0.4536,0.5467,DROWSY,0,0,Windows,unspecified
22:57:16.173,254.834,0.3868,0.3326,0.3597,0.4606,0.5467,DROWSY,0,0,Windows,unspecified
22:57:16.204,254.865,0.384,0.3313,0.3576,0.4498,0.5467,DROWSY,0,0,Windows,unspecified
22:57:16.234,254.895,0.384,0.3313,0.3576,0.4514,0.5467,DROWSY,0,0,Windows,unspecified
22:57:16.267,254.928,0.384,0.3311,0.3575,0.4567,0.5467,DROWSY,0,0,Windows,unspecified
22:57:16.301,254.963,0.3349,0.3227,0.3288,0.4655,0.5467,DROWSY,0,0,Windows,unspecified
22:57:16.327,254.988,0.3364,0.3067,0.3215,0.4612,0.5467,DROWSY,0,0,Windows,unspecified
22:57:16.358,255.019,0.3012,0.329,0.3151,0.4566,0.5467,DROWSY,0,0,Windows,unspecified
22:57:16.412,255.073,0.3739,0.3458,0.3598,0.45,0.5467,DROWSY,0,0,Windows,unspecified
22:57:16.438,255.099,0.4105,0.3361,0.3733,0.45,0.5467,DROWSY,0,0,Windows,unspecified
22:57:16.466,255.127,0.3739,0.3517,0.3628,0.45,0.5467,DROWSY,0,0,Windows,unspecified
22:57:16.508,255.169,0.3823,0.3409,0.3616,0.4312,0.5467,DROWSY,0,0,Windows,unspecified
22:57:16.546,255.207,0.3862,0.3495,0.3678,0.4312,0.5467,DROWSY,0,0,Windows,unspecified
22:57:16.576,255.237,0.4035,0.3595,0.3815,0.4371,0.5467,DROWSY,0,0,Windows,unspecified
22:57:16.606,255.267,0.3748,0.3837,0.3792,0.4201,0.5467,DROWSY,0,0,Windows,unspecified
22:57:16.639,255.301,0.3919,0.3728,0.3823,0.4273,0.5467,DROWSY,0,0,Windows,unspecified
22:57:16.668,255.329,0.3728,0.3691,0.3709,0.4274,0.5467,DROWSY,0,0,Windows,unspecified
22:57:16.700,255.362,0.3948,0.3881,0.3915,0.4368,0.54,DROWSY,0,0,Windows,unspecified
22:57:16.733,255.394,0.3948,0.3594,0.3771,0.4168,0.5333,DROWSY,0,0,Windows,unspecified
22:57:16.765,255.426,0.393,0.3594,0.3762,0.422,0.5267,DROWSY,0,0,Windows,unspecified
22:57:16.812,255.473,0.3921,0.3691,0.3806,0.4339,0.52,DROWSY,0,0,Windows,unspecified
22:57:16.843,255.504,0.3939,0.37,0.3819,0.4303,0.5133,DROWSY,0,0,Windows,unspecified
22:57:16.876,255.538,0.3785,0.3983,0.3884,0.4385,0.5067,DROWSY,0,0,Windows,unspecified
22:57:16.906,255.567,0.3952,0.4035,0.3993,0.4009,0.5,DROWSY,0,0,Windows,unspecified
22:57:16.938,255.599,0.3969,0.3912,0.3941,0.4076,0.4933,DROWSY,0,0,Windows,unspecified
22:57:16.966,255.627,0.3969,0.4052,0.4011,0.4076,0.4867,DROWSY,0,0,Windows,unspecified
22:57:17.003,255.664,0.4131,0.3885,0.4008,0.4005,0.48,DROWSY,0,0,Windows,unspecified
22:57:17.024,255.685,0.4285,0.4038,0.4162,0.402,0.4733,DROWSY,0,0,Windows,unspecified
22:57:17.046,255.707,0.4276,0.4041,0.4158,0.4073,0.4667,DROWSY,0,0,Windows,unspecified
22:57:17.099,255.76,0.4088,0.3709,0.3899,0.4037,0.46,DROWSY,0,0,Windows,unspecified
22:57:17.123,255.784,0.4043,0.3572,0.3808,0.3985,0.4533,DROWSY,0,0,Windows,unspecified
22:57:17.157,255.818,0.3906,0.3427,0.3667,0.4087,0.4467,DROWSY,0,0,Windows,unspecified
22:57:17.213,255.874,0.3925,0.3747,0.3836,0.4034,0.44,DROWSY,0,0,Windows,unspecified
22:57:17.251,255.912,0.409,0.37,0.3895,0.4034,0.4333,DROWSY,0,0,Windows,unspecified
22:57:17.285,255.946,0.409,0.3812,0.3951,0.4063,0.4267,DROWSY,0,0,Windows,unspecified
22:57:17.314,255.975,0.4061,0.3812,0.3936,0.4157,0.42,DROWSY,0,0,Windows,unspecified
22:57:17.344,256.005,0.4061,0.3812,0.3936,0.4216,0.4133,DROWSY,0,0,Windows,unspecified
22:57:17.375,256.036,0.419,0.3812,0.4001,0.4212,0.4067,DROWSY,0,0,Windows,unspecified
22:57:17.403,256.064,0.3908,0.373,0.3819,0.4143,0.4,DROWSY,0,0,Windows,unspecified
22:57:17.438,256.099,0.419,0.3722,0.3956,0.4171,0.3933,DROWSY,0,0,Windows,unspecified
22:57:17.468,256.129,0.4205,0.3615,0.391,0.4105,0.3867,DROWSY,0,0,Windows,unspecified
22:57:17.515,256.176,0.4223,0.3735,0.3979,0.412,0.3867,DROWSY,0,0,Windows,unspecified
22:57:17.561,256.222,0.4363,0.3593,0.3978,0.4152,0.3867,DROWSY,0,0,Windows,unspecified
22:57:17.595,256.256,0.4363,0.3593,0.3978,0.41,0.3867,DROWSY,0,0,Windows,unspecified
22:57:17.626,256.287,0.4012,0.3593,0.3802,0.4261,0.3867,DROWSY,0,0,Windows,unspecified
22:57:17.646,256.307,0.3872,0.3607,0.3739,0.4215,0.3867,DROWSY,0,0,Windows,unspecified
22:57:17.673,256.334,0.3872,0.3607,0.3739,0.4314,0.3867,DROWSY,0,0,Windows,unspecified
22:57:17.706,256.367,0.3872,0.3558,0.3715,0.4207,0.3867,DROWSY,0,0,Windows,unspecified
22:57:17.736,256.397,0.3872,0.3558,0.3715,0.4248,0.3867,DROWSY,0,0,Windows,unspecified
22:57:17.766,256.427,0.3872,0.3558,0.3715,0.409,0.3867,DROWSY,0,0,Windows,unspecified
22:57:17.804,256.465,0.3872,0.3558,0.3715,0.434,0.38,DROWSY,0,0,Windows,unspecified
22:57:18.421,257.082,0.3789,0.3313,0.3551,0.412,0.3733,DROWSY,0,0,Windows,unspecified
22:57:18.456,257.117,0.3333,0.3089,0.3211,0.4082,0.3667,DROWSY,0,0,Windows,unspecified
22:57:18.507,257.168,0.3219,0.2893,0.3056,0.4136,0.3667,DROWSY,0,0,Windows,unspecified
22:57:18.535,257.196,0.3227,0.2941,0.3084,0.423,0.3667,DROWSY,0,0,Windows,unspecified
22:57:18.565,257.226,0.3067,0.2941,0.3004,0.423,0.3667,DROWSY,0,0,Windows,unspecified
22:57:18.603,257.264,0.3067,0.2941,0.3004,0.4109,0.36,DROWSY,0,0,Windows,unspecified
22:57:18.628,257.289,0.3253,0.3009,0.3131,0.4109,0.3533,DROWSY,0,0,Windows,unspecified
22:57:18.660,257.321,0.341,0.2918,0.3164,0.4056,0.3467,NORMAL,0,0,Windows,unspecified
22:57:18.717,257.378,0.3249,0.3009,0.3129,0.4064,0.34,NORMAL,0,0,Windows,unspecified
22:57:18.752,257.413,0.3253,0.3009,0.3131,0.4063,0.3333,NORMAL,0,0,Windows,unspecified
22:57:18.780,257.441,0.3067,0.3009,0.3038,0.4063,0.3267,NORMAL,0,0,Windows,unspecified
22:57:18.813,257.474,0.2908,0.2979,0.2943,0.4102,0.3267,NORMAL,0,0,Windows,unspecified
22:57:18.844,257.505,0.2908,0.2912,0.291,0.4171,0.32,NORMAL,0,0,Windows,unspecified
22:57:18.876,257.537,0.2908,0.2912,0.291,0.4224,0.3133,NORMAL,0,0,Windows,unspecified
22:57:18.906,257.567,0.3075,0.2912,0.2993,0.4208,0.3133,NORMAL,0,0,Windows,unspecified
22:57:18.939,257.601,0.3043,0.2912,0.2977,0.424,0.3067,NORMAL,0,0,Windows,unspecified
22:57:18.972,257.633,0.2847,0.3062,0.2954,0.4283,0.3,NORMAL,0,0,Windows,unspecified
22:57:19.005,257.666,0.2908,0.2843,0.2875,0.4151,0.2933,NORMAL,0,0,Windows,unspecified
22:57:19.034,257.696,0.2934,0.2908,0.2921,0.4074,0.2867,NORMAL,0,0,Windows,unspecified
22:57:19.064,257.725,0.2908,0.2817,0.2862,0.4038,0.28,NORMAL,0,0,Windows,unspecified
22:57:19.116,257.777,0.2828,0.2941,0.2885,0.3984,0.2733,NORMAL,0,0,Windows,unspecified
22:57:19.144,257.805,0.2589,0.2629,0.2609,0.4001,0.2667,NORMAL,0,0,Windows,unspecified
22:57:19.176,257.837,0.2674,0.2659,0.2666,0.4054,0.26,NORMAL,0,0,Windows,unspecified
22:57:19.213,257.874,0.2205,0.2205,0.2205,0.3986,0.26,NORMAL,1,0,Windows,unspecified
22:57:19.238,257.9,0.1829,0.1992,0.191,0.407,0.26,NORMAL,2,0,Windows,unspecified
22:57:19.267,257.928,0.1746,0.1693,0.172,0.4036,0.26,NORMAL,3,0,Windows,unspecified
22:57:19.310,257.971,0.1682,0.1281,0.1481,0.3885,0.26,NORMAL,4,0,Windows,unspecified
22:57:19.348,258.009,0.1809,0.1398,0.1603,0.3978,0.26,NORMAL,5,0,Windows,unspecified
22:57:19.377,258.038,0.1528,0.1628,0.1578,0.4009,0.26,NORMAL,6,0,Windows,unspecified
22:57:19.411,258.072,0.2419,0.2061,0.224,0.4424,0.26,NORMAL,7,0,Windows,unspecified
22:57:19.441,258.103,0.2825,0.203,0.2427,0.4626,0.2533,NORMAL,0,0,Windows,unspecified
22:57:19.470,258.131,0.3031,0.203,0.253,0.4673,0.2467,NORMAL,0,0,Windows,unspecified
22:57:19.521,258.182,0.4207,0.2302,0.3254,0.4876,0.24,NORMAL,0,0,Windows,unspecified
22:57:19.551,258.212,0.3506,0.2027,0.2766,0.4397,0.2333,NORMAL,0,0,Windows,unspecified
22:57:19.583,258.244,0.3324,0.208,0.2702,0.4612,0.2267,NORMAL,0,0,Windows,unspecified
22:57:19.612,258.273,0.3785,0.1843,0.2814,0.5259,0.22,NORMAL,0,0,Windows,unspecified
22:57:19.645,258.306,0.4365,0.2143,0.3254,0.5627,0.2133,NORMAL,0,0,Windows,unspecified
22:57:19.675,258.336,0.4096,0.1917,0.3006,0.5127,0.2067,NORMAL,0,0,Windows,unspecified
22:57:19.709,258.37,0.3932,0.2403,0.3168,0.5486,0.2,NORMAL,0,0,Windows,unspecified
22:57:19.740,258.401,0.4157,0.2141,0.3149,0.5317,0.1933,NORMAL,0,0,Windows,unspecified
22:57:19.767,258.428,0.4385,0.2159,0.3272,0.5952,0.1867,NORMAL,0,0,Windows,unspecified
22:57:19.803,258.464,0.452,0.2764,0.3642,0.527,0.18,NORMAL,0,0,Windows,unspecified
22:57:19.833,258.494,0.4239,0.2252,0.3246,0.5277,0.1733,NORMAL,0,0,Windows,unspecified
22:57:19.864,258.525,0.4204,0.2247,0.3226,0.533,0.1667,NORMAL,0,0,Windows,unspecified
22:57:19.915,258.576,0.4419,0.2875,0.3647,0.5107,0.16,NORMAL,0,0,Windows,unspecified
22:57:19.942,258.603,0.4559,0.2875,0.3717,0.5061,0.1533,NORMAL,0,0,Windows,unspecified
22:57:19.973,258.634,0.4577,0.3014,0.3796,0.4906,0.1467,NORMAL,0,0,Windows,unspecified
22:57:20.011,258.672,0.4577,0.2979,0.3778,0.509,0.14,NORMAL,0,0,Windows,unspecified
22:57:20.036,258.697,0.483,0.2938,0.3884,0.5142,0.1333,NORMAL,0,0,Windows,unspecified
22:57:20.067,258.728,0.4653,0.2903,0.3778,0.4982,0.1333,NORMAL,0,0,Windows,unspecified
22:57:20.109,258.77,0.4487,0.294,0.3714,0.5263,0.1333,NORMAL,0,0,Windows,unspecified
22:57:20.143,258.804,0.4212,0.2882,0.3547,0.5235,0.1333,NORMAL,0,0,Windows,unspecified
22:57:20.175,258.836,0.4212,0.2895,0.3554,0.5319,0.1333,NORMAL,0,0,Windows,unspecified
22:57:20.219,258.88,0.4294,0.3091,0.3693,0.5168,0.1333,NORMAL,0,0,Windows,unspecified
22:57:20.252,258.913,0.4109,0.2825,0.3467,0.5133,0.1333,NORMAL,0,0,Windows,unspecified
22:57:20.284,258.945,0.3949,0.278,0.3365,0.4929,0.1333,NORMAL,0,0,Windows,unspecified
22:57:20.317,258.978,0.4082,0.3076,0.3579,0.4947,0.1333,NORMAL,0,0,Windows,unspecified
22:57:20.345,259.006,0.4285,0.2932,0.3609,0.4813,0.1267,NORMAL,0,0,Windows,unspecified
22:57:20.374,259.035,0.4082,0.2932,0.3507,0.4836,0.12,NORMAL,0,0,Windows,unspecified
22:57:20.412,259.073,0.4097,0.2924,0.3511,0.4827,0.1133,NORMAL,0,0,Windows,unspecified
22:57:20.439,259.1,0.3894,0.2702,0.3298,0.4893,0.1067,NORMAL,0,0,Windows,unspecified
22:57:20.466,259.127,0.3949,0.2767,0.3358,0.4737,0.1067,NORMAL,0,0,Windows,unspecified
22:57:20.507,259.168,0.317,0.2202,0.2686,0.4523,0.1,NORMAL,0,0,Windows,unspecified
22:57:20.532,259.193,0.318,0.2065,0.2623,0.4432,0.0933,NORMAL,0,0,Windows,unspecified
22:57:20.562,259.223,0.3153,0.1633,0.2393,0.4537,0.0867,NORMAL,0,0,Windows,unspecified
22:57:20.628,259.289,0.2562,0.2196,0.2379,0.4233,0.0867,NORMAL,1,0,Windows,unspecified
22:57:20.656,259.317,0.2825,0.2157,0.2491,0.4209,0.08,NORMAL,0,0,Windows,unspecified
22:57:20.689,259.35,0.2771,0.231,0.2541,0.4179,0.0733,NORMAL,0,0,Windows,unspecified
22:57:20.719,259.38,0.1397,0.1581,0.1489,0.4161,0.08,NORMAL,1,0,Windows,unspecified
22:57:20.751,259.412,0.1888,0.1971,0.1929,0.4333,0.08,NORMAL,2,0,Windows,unspecified
22:57:20.783,259.444,0.2021,0.1821,0.1921,0.4348,0.08,NORMAL,3,0,Windows,unspecified
22:57:20.810,259.471,0.077,0.1403,0.1086,0.417,0.0867,NORMAL,4,0,Windows,unspecified
22:57:20.843,259.504,0.0767,0.1104,0.0936,0.4042,0.0933,NORMAL,5,0,Windows,unspecified
22:57:20.877,259.538,0.0655,0.0985,0.082,0.4,0.0933,NORMAL,6,0,Windows,unspecified
22:57:20.913,259.574,0.1249,0.1071,0.116,0.4163,0.1,NORMAL,7,0,Windows,unspecified
22:57:20.938,259.6,0.094,0.0572,0.0756,0.3831,0.1067,NORMAL,8,0,Windows,unspecified
22:57:20.970,259.631,0.1242,0.0856,0.1049,0.3921,0.1133,NORMAL,9,0,Windows,unspecified
22:57:21.023,259.684,0.1264,0.075,0.1007,0.3375,0.12,WARNING,10,0,Windows,unspecified
22:57:21.064,259.725,0.1213,0.0878,0.1045,0.3513,0.1267,WARNING,11,0,Windows,unspecified
22:57:21.095,259.756,0.1048,0.0621,0.0834,0.3636,0.1333,WARNING,12,0,Windows,unspecified
22:57:21.125,259.786,0.1249,0.0958,0.1104,0.3425,0.14,WARNING,13,0,Windows,unspecified
22:57:21.157,259.818,0.0958,0.0698,0.0828,0.335,0.1467,WARNING,14,0,Windows,unspecified
22:57:21.188,259.849,0.0958,0.0376,0.0667,0.35,0.1533,WARNING,15,0,Windows,unspecified
22:57:21.219,259.88,0.1067,0.0606,0.0837,0.3562,0.16,WARNING,16,0,Windows,unspecified
22:57:21.251,259.912,0.1132,0.0642,0.0887,0.3586,0.1667,WARNING,17,0,Windows,unspecified
22:57:21.282,259.943,0.1183,0.0516,0.085,0.3585,0.1733,WARNING,18,0,Windows,unspecified
22:57:21.313,259.974,0.1345,0.0516,0.0931,0.3527,0.18,WARNING,19,0,Windows,unspecified
22:57:21.420,260.081,0.1847,0.1638,0.1743,0.3482,0.1867,DROWSY,20,0,Windows,unspecified
22:57:21.516,260.177,0.2548,0.2171,0.236,0.3793,0.1933,NORMAL,1,0,Windows,unspecified
22:57:21.546,260.207,0.2121,0.1872,0.1997,0.366,0.2,NORMAL,2,0,Windows,unspecified
22:57:21.577,260.238,0.1493,0.1487,0.149,0.3479,0.2067,NORMAL,3,0,Windows,unspecified
22:57:21.613,260.274,0.2078,0.2067,0.2073,0.3526,0.2133,NORMAL,4,0,Windows,unspecified
22:57:21.640,260.301,0.191,0.1951,0.193,0.3389,0.22,NORMAL,5,0,Windows,unspecified
22:57:21.669,260.33,0.2248,0.1746,0.1997,0.3364,0.2267,NORMAL,6,0,Windows,unspecified
22:57:21.706,260.367,0.2093,0.1889,0.1991,0.3347,0.2333,NORMAL,7,0,Windows,unspecified
22:57:21.750,260.411,0.2009,0.1888,0.1949,0.3463,0.24,NORMAL,8,0,Windows,unspecified
22:57:21.782,260.443,0.2018,0.1784,0.1901,0.3514,0.2467,NORMAL,9,0,Windows,unspecified
22:57:21.812,260.473,0.2026,0.1973,0.2,0.3476,0.2533,WARNING,10,0,Windows,unspecified
22:57:21.843,260.504,0.1938,0.1483,0.171,0.3545,0.26,WARNING,11,0,Windows,unspecified
22:57:21.877,260.538,0.169,0.1784,0.1737,0.3572,0.2667,WARNING,12,0,Windows,unspecified
22:57:21.920,260.581,0.1696,0.1628,0.1662,0.3522,0.2733,WARNING,13,0,Windows,unspecified
22:57:21.951,260.612,0.1487,0.1699,0.1593,0.3636,0.28,WARNING,14,0,Windows,unspecified
22:57:21.985,260.646,0.1374,0.1682,0.1528,0.3656,0.2867,WARNING,15,0,Windows,unspecified
22:57:22.011,260.672,0.1174,0.1517,0.1346,0.3609,0.2933,WARNING,16,0,Windows,unspecified
22:57:22.046,260.707,0.1214,0.1212,0.1213,0.3588,0.3,WARNING,17,0,Windows,unspecified
22:57:22.078,260.739,0.1174,0.1052,0.1113,0.3607,0.3067,WARNING,18,0,Windows,unspecified
22:57:22.107,260.768,0.1125,0.1329,0.1227,0.3528,0.3133,WARNING,19,0,Windows,unspecified
22:57:22.138,260.799,0.1397,0.134,0.1369,0.3481,0.32,DROWSY,20,0,Windows,unspecified
22:57:22.171,260.832,0.1342,0.1383,0.1363,0.3556,0.3267,DROWSY,21,0,Windows,unspecified
22:57:22.204,260.865,0.1397,0.1483,0.144,0.3545,0.3333,DROWSY,22,0,Windows,unspecified
22:57:22.235,260.896,0.126,0.1386,0.1323,0.3549,0.34,DROWSY,23,0,Windows,unspecified
22:57:22.263,260.924,0.1229,0.1173,0.1201,0.3651,0.3467,DROWSY,24,0,Windows,unspecified
22:57:22.314,260.975,0.1736,0.1487,0.1611,0.3656,0.3533,DROWSY,25,0,Windows,unspecified
22:57:22.343,261.004,0.1303,0.1092,0.1197,0.3649,0.36,DROWSY,26,0,Windows,unspecified
22:57:22.374,261.035,0.1386,0.1327,0.1356,0.3637,0.3667,DROWSY,27,0,Windows,unspecified
22:57:22.412,261.073,0.2036,0.1207,0.1621,0.3565,0.3733,DROWSY,28,0,Windows,unspecified
22:57:22.436,261.098,0.1637,0.1288,0.1463,0.3506,0.38,DROWSY,29,0,Windows,unspecified
22:57:22.467,261.128,0.1842,0.1355,0.1598,0.3618,0.3867,DROWSY,30,0,Windows,unspecified
22:57:22.523,261.184,0.2,0.1784,0.1892,0.3618,0.3933,DROWSY,31,0,Windows,unspecified
22:57:22.563,261.224,0.1842,0.1638,0.174,0.3558,0.4,DROWSY,32,0,Windows,unspecified
22:57:22.593,261.254,0.1804,0.1638,0.1721,0.3511,0.4067,DROWSY,33,0,Windows,unspecified
22:57:22.626,261.287,0.185,0.1784,0.1817,0.3533,0.4133,DROWSY,34,0,Windows,unspecified
22:57:22.658,261.319,0.1842,0.1979,0.191,0.3375,0.42,DROWSY,35,0,Windows,unspecified
22:57:22.689,261.35,0.1842,0.1641,0.1741,0.3369,0.4267,DROWSY,36,0,Windows,unspecified
22:57:22.718,261.379,0.1839,0.1846,0.1842,0.3596,0.4333,DROWSY,37,0,Windows,unspecified
22:57:22.753,261.414,0.159,0.1846,0.1718,0.351,0.44,DROWSY,38,0,Windows,unspecified
22:57:22.784,261.445,0.1641,0.1846,0.1744,0.3486,0.4467,DROWSY,39,0,Windows,unspecified
22:57:22.814,261.475,0.1687,0.2078,0.1883,0.3492,0.4533,DROWSY,40,0,Windows,unspecified
22:57:22.847,261.508,0.1803,0.2096,0.1949,0.3349,0.46,DROWSY,41,0,Windows,unspecified
22:57:22.878,261.539,0.1842,0.2096,0.1969,0.3358,0.4667,DROWSY,42,0,Windows,unspecified
22:57:22.927,261.588,0.2,0.2138,0.2069,0.3415,0.4733,DROWSY,43,0,Windows,unspecified
22:57:22.958,261.619,0.2001,0.1807,0.1904,0.3477,0.48,DROWSY,44,0,Windows,unspecified
22:57:22.988,261.649,0.2,0.1757,0.1879,0.3474,0.4867,DROWSY,45,0,Windows,unspecified
22:57:23.018,261.679,0.2,0.2026,0.2013,0.3462,0.4933,DROWSY,46,0,Windows,unspecified
22:57:23.050,261.711,0.1961,0.1628,0.1795,0.3556,0.5,DROWSY,47,0,Windows,unspecified
22:57:23.082,261.743,0.169,0.1625,0.1658,0.364,0.5067,DROWSY,48,0,Windows,unspecified
22:57:23.114,261.776,0.2104,0.1679,0.1891,0.355,0.5133,DROWSY,49,0,Windows,unspecified
22:57:23.146,261.807,0.1746,0.1696,0.1721,0.3623,0.52,DROWSY,50,0,Windows,unspecified
22:57:23.175,261.836,0.1699,0.1641,0.167,0.3584,0.5267,DROWSY,51,0,Windows,unspecified
22:57:23.213,261.874,0.1699,0.1625,0.1662,0.3622,0.5333,DROWSY,52,0,Windows,unspecified
22:57:23.237,261.898,0.186,0.1829,0.1844,0.3565,0.54,DROWSY,53,0,Windows,unspecified
22:57:23.269,261.93,0.1839,0.1663,0.1751,0.3691,0.5467,DROWSY,54,0,Windows,unspecified
22:57:23.324,261.985,0.1374,0.1153,0.1263,0.3704,0.5533,DROWSY,55,0,Windows,unspecified
22:57:23.346,262.007,0.1174,0.1025,0.11,0.3622,0.56,DROWSY,56,0,Windows,unspecified
22:57:23.380,262.041,0.1174,0.1164,0.1169,0.3609,0.5667,DROWSY,57,0,Windows,unspecified
22:57:23.412,262.073,0.102,0.1026,0.1023,0.3559,0.5733,DROWSY,58,0,Windows,unspecified
22:57:23.441,262.102,0.1155,0.1166,0.116,0.3497,0.58,DROWSY,59,0,Windows,unspecified
22:57:23.471,262.132,0.1309,0.1471,0.139,0.3424,0.5867,DROWSY,60,0,Windows,unspecified
22:57:23.515,262.176,0.1288,0.1309,0.1299,0.3512,0.5933,DROWSY,61,0,Windows,unspecified
22:57:23.548,262.209,0.1288,0.1353,0.132,0.3561,0.6,DROWSY,62,0,Windows,unspecified
22:57:23.581,262.242,0.1288,0.1374,0.1331,0.3637,0.6067,DROWSY,63,0,Windows,unspecified
22:57:23.612,262.273,0.1329,0.1699,0.1514,0.3539,0.6133,DROWSY,64,0,Windows,unspecified
22:57:23.643,262.305,0.1374,0.1699,0.1536,0.3484,0.62,DROWSY,65,0,Windows,unspecified
22:57:23.676,262.337,0.1536,0.1863,0.1699,0.3525,0.6267,DROWSY,66,0,Windows,unspecified
22:57:23.706,262.367,0.1487,0.1699,0.1593,0.341,0.6333,DROWSY,67,0,Windows,unspecified
22:57:23.737,262.398,0.1645,0.1888,0.1766,0.3553,0.64,DROWSY,68,0,Windows,unspecified
22:57:23.770,262.431,0.1948,0.1939,0.1943,0.3616,0.6467,DROWSY,69,0,Windows,unspecified
22:57:23.801,262.462,0.1948,0.2241,0.2095,0.3743,0.6533,DROWSY,70,0,Windows,unspecified
22:57:23.832,262.493,0.1863,0.2159,0.2011,0.3802,0.66,DROWSY,71,0,Windows,unspecified
22:57:23.860,262.521,0.1962,0.227,0.2116,0.3713,0.6667,DROWSY,72,0,Windows,unspecified
22:57:23.921,262.582,0.2067,0.186,0.1963,0.3468,0.6733,DROWSY,73,0,Windows,unspecified
22:57:23.974,262.635,0.2265,0.218,0.2222,0.347,0.68,DROWSY,1,0,Windows,unspecified
22:57:24.012,262.673,0.2171,0.2067,0.2119,0.3601,0.6867,DROWSY,2,0,Windows,unspecified
22:57:24.048,262.709,0.1931,0.1904,0.1918,0.3783,0.6933,DROWSY,3,0,Windows,unspecified
22:57:24.081,262.742,0.2122,0.1962,0.2042,0.3549,0.7,DROWSY,4,0,Windows,unspecified
22:57:24.114,262.775,0.1747,0.1786,0.1767,0.357,0.7067,DROWSY,5,0,Windows,unspecified
22:57:24.237,262.898,0.129,0.1746,0.1518,0.3782,0.7133,DROWSY,1,0,Windows,unspecified
22:57:24.266,262.927,0.1288,0.1629,0.1459,0.3717,0.72,DROWSY,2,0,Windows,unspecified
22:57:24.317,262.978,0.1149,0.0962,0.1056,0.3685,0.7267,DROWSY,3,0,Windows,unspecified
22:57:24.359,263.02,0.1148,0.0845,0.0996,0.3855,0.7333,DROWSY,4,0,Windows,unspecified
22:57:24.391,263.052,0.1205,0.0683,0.0944,0.3856,0.74,DROWSY,5,0,Windows,unspecified
22:57:24.425,263.086,0.1054,0.0818,0.0936,0.4022,0.7467,DROWSY,6,0,Windows,unspecified
22:57:24.524,263.185,0.1054,0.09,0.0977,0.4164,0.7533,DROWSY,7,0,Windows,unspecified
22:57:24.548,263.209,0.102,0.0873,0.0946,0.4247,0.7533,DROWSY,8,0,Windows,unspecified
22:57:24.581,263.242,0.1175,0.0931,0.1053,0.4039,0.7533,DROWSY,9,0,Windows,unspecified
22:57:24.623,263.284,0.1255,0.0931,0.1093,0.4108,0.7533,DROWSY,10,0,Windows,unspecified
22:57:24.657,263.318,0.109,0.1027,0.1058,0.4119,0.7533,DROWSY,11,0,Windows,unspecified
22:57:24.719,263.381,0.11,0.1062,0.1081,0.4146,0.7533,DROWSY,12,0,Windows,unspecified
22:57:24.751,263.412,0.1472,0.1271,0.1371,0.4074,0.7533,DROWSY,13,0,Windows,unspecified
22:57:24.781,263.442,0.1472,0.13,0.1386,0.4084,0.7533,DROWSY,14,0,Windows,unspecified
22:57:24.826,263.487,0.13,0.1271,0.1286,0.3999,0.76,DROWSY,15,0,Windows,unspecified
22:57:24.863,263.524,0.1071,0.1206,0.1138,0.4001,0.7667,DROWSY,16,0,Windows,unspecified
22:57:24.892,263.553,0.1071,0.1428,0.125,0.382,0.7733,DROWSY,17,0,Windows,unspecified
22:57:24.925,263.586,0.1071,0.1428,0.125,0.3927,0.78,DROWSY,18,0,Windows,unspecified
22:57:24.956,263.617,0.1129,0.1127,0.1128,0.3928,0.7867,DROWSY,19,0,Windows,unspecified
22:57:24.986,263.647,0.11,0.0797,0.0948,0.3878,0.7933,DROWSY,20,0,Windows,unspecified
22:57:25.018,263.68,0.1272,0.0794,0.1033,0.3902,0.8,DROWSY,21,0,Windows,unspecified
22:57:25.049,263.71,0.1279,0.0994,0.1136,0.3892,0.8067,DROWSY,22,0,Windows,unspecified
22:57:25.080,263.741,0.1129,0.0959,0.1044,0.379,0.8133,DROWSY,23,0,Windows,unspecified
22:57:25.114,263.775,0.13,0.1094,0.1197,0.3881,0.82,DROWSY,24,0,Windows,unspecified
22:57:25.142,263.803,0.13,0.1134,0.1217,0.4047,0.8267,DROWSY,25,0,Windows,unspecified
22:57:25.171,263.832,0.13,0.0946,0.1123,0.4057,0.8333,DROWSY,26,0,Windows,unspecified
22:57:25.228,263.89,0.11,0.0736,0.0918,0.3974,0.84,DROWSY,27,0,Windows,unspecified
22:57:25.252,263.913,0.1255,0.0736,0.0996,0.3965,0.8467,DROWSY,28,0,Windows,unspecified
22:57:25.284,263.945,0.1255,0.0794,0.1025,0.3883,0.8533,DROWSY,29,0,Windows,unspecified
22:57:25.314,263.975,0.1234,0.0959,0.1096,0.3828,0.86,DROWSY,30,0,Windows,unspecified
22:57:25.347,264.008,0.13,0.0923,0.1112,0.4027,0.8667,DROWSY,31,0,Windows,unspecified
22:57:25.377,264.038,0.1234,0.1182,0.1208,0.4021,0.8733,DROWSY,32,0,Windows,unspecified
22:57:25.407,264.068,0.1234,0.1182,0.1208,0.3919,0.88,DROWSY,33,0,Windows,unspecified
22:57:25.440,264.101,0.1129,0.1182,0.1155,0.3946,0.8867,DROWSY,34,0,Windows,unspecified
22:57:25.471,264.132,0.13,0.1215,0.1258,0.3954,0.8933,DROWSY,35,0,Windows,unspecified
22:57:25.516,264.177,0.1301,0.15,0.1401,0.4129,0.9,DROWSY,36,0,Windows,unspecified
22:57:25.551,264.212,0.13,0.15,0.14,0.4194,0.9067,DROWSY,37,0,Windows,unspecified
22:57:25.582,264.243,0.1129,0.1138,0.1133,0.419,0.9133,DROWSY,38,0,Windows,unspecified
22:57:25.626,264.287,0.13,0.1138,0.1219,0.4034,0.92,DROWSY,39,0,Windows,unspecified
22:57:25.659,264.321,0.1473,0.1315,0.1394,0.3926,0.9267,DROWSY,40,0,Windows,unspecified
22:57:25.691,264.352,0.1473,0.15,0.1486,0.3881,0.9333,DROWSY,41,0,Windows,unspecified
22:57:25.724,264.385,0.1473,0.15,0.1486,0.3919,0.94,DROWSY,42,0,Windows,unspecified
22:57:25.754,264.415,0.1526,0.1648,0.1587,0.4003,0.9467,DROWSY,43,0,Windows,unspecified
22:57:25.785,264.446,0.1772,0.2013,0.1893,0.4088,0.9533,DROWSY,44,0,Windows,unspecified
22:57:25.816,264.477,0.1772,0.1843,0.1808,0.4025,0.96,DROWSY,45,0,Windows,unspecified
22:57:25.846,264.507,0.196,0.196,0.196,0.3984,0.9667,DROWSY,46,0,Windows,unspecified
22:57:25.878,264.539,0.196,0.196,0.196,0.4088,0.9733,DROWSY,47,0,Windows,unspecified
22:57:25.917,264.578,0.2338,0.2338,0.2338,0.4121,0.98,DROWSY,48,0,Windows,unspecified
22:57:25.958,264.619,0.2195,0.2069,0.2132,0.3924,0.9867,DROWSY,49,0,Windows,unspecified
22:57:25.990,264.652,0.2195,0.2071,0.2133,0.3929,0.9867,DROWSY,50,0,Windows,unspecified
22:57:26.022,264.683,0.196,0.2071,0.2015,0.4037,0.9933,DROWSY,51,0,Windows,unspecified
22:57:26.051,264.712,0.2386,0.1708,0.2047,0.4167,1.0,DROWSY,52,0,Windows,unspecified
22:57:26.082,264.743,0.2069,0.1871,0.197,0.4064,1.0,DROWSY,53,0,Windows,unspecified
22:57:26.114,264.775,0.2071,0.1871,0.1971,0.4062,1.0,DROWSY,54,0,Windows,unspecified
22:57:26.143,264.804,0.2071,0.2171,0.2121,0.4151,1.0,DROWSY,55,0,Windows,unspecified
22:57:26.176,264.837,0.2296,0.2263,0.2279,0.4123,1.0,DROWSY,56,0,Windows,unspecified
22:57:26.206,264.867,0.2257,0.2433,0.2345,0.4227,1.0,DROWSY,57,0,Windows,unspecified
22:57:26.243,264.904,0.2504,0.2595,0.255,0.4136,0.9933,DROWSY,0,0,Windows,unspecified
22:57:26.270,264.931,0.2347,0.2797,0.2572,0.408,0.9867,DROWSY,0,0,Windows,unspecified
22:57:26.314,264.975,0.2805,0.2797,0.2801,0.427,0.98,DROWSY,0,0,Windows,unspecified
22:57:26.346,265.007,0.3172,0.2839,0.3005,0.4452,0.9733,DROWSY,0,0,Windows,unspecified
22:57:26.380,265.041,0.3115,0.2995,0.3055,0.4351,0.9667,DROWSY,0,0,Windows,unspecified
22:57:26.412,265.073,0.3115,0.2995,0.3055,0.4308,0.96,DROWSY,0,0,Windows,unspecified
22:57:26.442,265.104,0.3992,0.3546,0.3769,0.4149,0.9533,DROWSY,0,0,Windows,unspecified
22:57:26.472,265.133,0.3849,0.3728,0.3789,0.4063,0.9467,DROWSY,0,0,Windows,unspecified
22:57:26.504,265.165,0.3885,0.3886,0.3886,0.4045,0.94,DROWSY,0,0,Windows,unspecified
22:57:26.534,265.195,0.3736,0.3748,0.3742,0.4079,0.9333,DROWSY,0,0,Windows,unspecified
22:57:26.566,265.227,0.3736,0.4032,0.3884,0.4031,0.9267,DROWSY,0,0,Windows,unspecified
22:57:26.596,265.257,0.3885,0.3906,0.3895,0.3945,0.92,DROWSY,0,0,Windows,unspecified
22:57:26.626,265.287,0.3886,0.4032,0.3959,0.4184,0.9133,DROWSY,0,0,Windows,unspecified
22:57:26.659,265.32,0.3925,0.3886,0.3906,0.4141,0.9067,DROWSY,0,0,Windows,unspecified
22:57:26.723,265.384,0.3939,0.4065,0.4002,0.4012,0.9,DROWSY,0,0,Windows,unspecified
22:57:26.756,265.417,0.3785,0.3939,0.3862,0.4031,0.8933,DROWSY,0,0,Windows,unspecified
22:57:26.789,265.45,0.4122,0.3953,0.4037,0.3969,0.8867,DROWSY,0,0,Windows,unspecified
22:57:26.819,265.48,0.4132,0.3953,0.4042,0.4024,0.88,DROWSY,0,0,Windows,unspecified
22:57:26.848,265.509,0.3671,0.3663,0.3667,0.4046,0.8733,DROWSY,0,0,Windows,unspecified
22:57:26.880,265.541,0.3671,0.3363,0.3517,0.4069,0.8667,DROWSY,0,0,Windows,unspecified
22:57:26.911,265.572,0.3641,0.3531,0.3586,0.3989,0.86,DROWSY,0,0,Windows,unspecified
22:57:26.942,265.603,0.3641,0.3531,0.3586,0.4004,0.8533,DROWSY,0,0,Windows,unspecified
22:57:26.971,265.632,0.3623,0.3504,0.3563,0.4091,0.8467,DROWSY,0,0,Windows,unspecified
22:57:27.003,265.664,0.3651,0.3523,0.3587,0.4141,0.84,DROWSY,0,0,Windows,unspecified
22:57:27.037,265.698,0.3747,0.3523,0.3635,0.4,0.8333,DROWSY,0,0,Windows,unspecified
22:57:27.066,265.727,0.3491,0.3402,0.3447,0.3929,0.8267,DROWSY,0,0,Windows,unspecified
22:57:27.133,265.794,0.316,0.3479,0.3319,0.4186,0.82,DROWSY,0,0,Windows,unspecified
22:57:27.157,265.818,0.3292,0.3432,0.3362,0.4,0.8133,DROWSY,0,0,Windows,unspecified
22:57:27.187,265.848,0.3216,0.3326,0.3271,0.3973,0.8067,DROWSY,0,0,Windows,unspecified
22:57:27.223,265.884,0.3195,0.3432,0.3314,0.4026,0.8,DROWSY,0,0,Windows,unspecified
22:57:27.253,265.914,0.1814,0.2112,0.1963,0.3975,0.8,DROWSY,1,0,Windows,unspecified
22:57:27.283,265.944,0.1551,0.1975,0.1763,0.3888,0.8,DROWSY,2,0,Windows,unspecified
22:57:27.314,265.975,0.1583,0.1539,0.1561,0.3888,0.8,DROWSY,3,0,Windows,unspecified
22:57:27.344,266.005,0.1226,0.1542,0.1384,0.375,0.8,DROWSY,4,0,Windows,unspecified
22:57:27.375,266.036,0.1159,0.1243,0.1201,0.3663,0.8,DROWSY,5,0,Windows,unspecified
22:57:27.406,266.067,0.1454,0.1483,0.1469,0.363,0.8,DROWSY,6,0,Windows,unspecified
22:57:27.436,266.098,0.2079,0.2498,0.2289,0.3594,0.8,DROWSY,7,0,Windows,unspecified
22:57:27.468,266.129,0.2759,0.3316,0.3037,0.3514,0.7933,DROWSY,0,0,Windows,unspecified
22:57:27.533,266.194,0.3825,0.431,0.4068,0.3928,0.7867,DROWSY,0,0,Windows,unspecified
22:57:27.562,266.224,0.4067,0.4664,0.4365,0.3707,0.78,DROWSY,0,0,Windows,unspecified
22:57:27.592,266.253,0.3781,0.4696,0.4239,0.3758,0.7733,DROWSY,0,0,Windows,unspecified
22:57:27.623,266.284,0.3781,0.4611,0.4196,0.3807,0.7667,DROWSY,0,0,Windows,unspecified
22:57:27.653,266.314,0.3747,0.4594,0.417,0.3547,0.76,DROWSY,0,0,Windows,unspecified
22:57:27.683,266.344,0.3466,0.4109,0.3788,0.3598,0.7533,DROWSY,0,0,Windows,unspecified
22:57:27.716,266.377,0.3512,0.4594,0.4053,0.3528,0.7467,DROWSY,0,0,Windows,unspecified
22:57:27.746,266.407,0.3515,0.4387,0.3951,0.3913,0.74,DROWSY,0,0,Windows,unspecified
22:57:27.778,266.439,0.3413,0.4367,0.389,0.4054,0.7333,DROWSY,0,0,Windows,unspecified
22:57:27.811,266.472,0.3605,0.4367,0.3986,0.4054,0.7267,DROWSY,0,0,Windows,unspecified
22:57:27.841,266.502,0.3627,0.4225,0.3926,0.3796,0.72,DROWSY,0,0,Windows,unspecified
22:57:27.874,266.535,0.3627,0.4367,0.3997,0.3694,0.7133,DROWSY,0,0,Windows,unspecified
22:57:27.930,266.591,0.3471,0.4367,0.3919,0.4045,0.7067,DROWSY,0,0,Windows,unspecified
22:57:27.963,266.624,0.3316,0.4307,0.3811,0.3923,0.7,DROWSY,0,0,Windows,unspecified
22:57:27.998,266.659,0.3316,0.4307,0.3811,0.4002,0.6933,DROWSY,0,0,Windows,unspecified
22:57:28.027,266.689,0.334,0.4426,0.3883,0.3965,0.6867,DROWSY,0,0,Windows,unspecified
22:57:28.060,266.721,0.3128,0.3883,0.3506,0.3821,0.68,DROWSY,0,0,Windows,unspecified
22:57:28.092,266.753,0.3045,0.3883,0.3464,0.3819,0.6733,DROWSY,0,0,Windows,unspecified
22:57:28.121,266.782,0.3067,0.395,0.3509,0.3711,0.6667,DROWSY,0,0,Windows,unspecified
22:57:28.153,266.814,0.2737,0.3317,0.3027,0.3984,0.66,DROWSY,0,0,Windows,unspecified
22:57:28.183,266.844,0.2553,0.3487,0.302,0.38,0.6533,DROWSY,0,0,Windows,unspecified
22:57:28.218,266.879,0.2573,0.3517,0.3045,0.3768,0.6467,DROWSY,0,0,Windows,unspecified
22:57:28.250,266.911,0.2027,0.2287,0.2157,0.3467,0.6467,DROWSY,1,0,Windows,unspecified
22:57:28.280,266.941,0.2256,0.2529,0.2392,0.3502,0.64,DROWSY,0,0,Windows,unspecified
22:57:28.312,266.973,0.2236,0.275,0.2493,0.3403,0.6333,DROWSY,0,0,Windows,unspecified
22:57:28.342,267.003,0.2161,0.247,0.2316,0.3717,0.6333,DROWSY,1,0,Windows,unspecified
22:57:28.373,267.034,0.1705,0.2036,0.1871,0.3761,0.6333,DROWSY,2,0,Windows,unspecified
22:57:28.405,267.066,0.1711,0.1947,0.1829,0.3812,0.6333,DROWSY,3,0,Windows,unspecified
22:57:28.436,267.097,0.194,0.2425,0.2183,0.3993,0.6333,DROWSY,4,0,Windows,unspecified
22:57:28.469,267.13,0.194,0.2185,0.2062,0.4031,0.6333,DROWSY,5,0,Windows,unspecified
22:57:28.500,267.161,0.1727,0.1889,0.1808,0.4023,0.6333,DROWSY,6,0,Windows,unspecified
22:57:28.530,267.191,0.2433,0.2267,0.235,0.4123,0.6333,DROWSY,7,0,Windows,unspecified
22:57:28.562,267.223,0.251,0.2039,0.2274,0.4223,0.6333,DROWSY,8,0,Windows,unspecified
22:57:28.590,267.251,0.2681,0.2193,0.2437,0.415,0.6267,DROWSY,0,0,Windows,unspecified
22:57:28.624,267.285,0.3067,0.2728,0.2897,0.3923,0.62,DROWSY,0,0,Windows,unspecified
22:57:28.656,267.317,0.3345,0.2816,0.308,0.4057,0.6133,DROWSY,0,0,Windows,unspecified
22:57:28.688,267.349,0.3321,0.2816,0.3068,0.3825,0.6067,DROWSY,0,0,Windows,unspecified
22:57:28.732,267.393,0.3485,0.3319,0.3402,0.3857,0.6,DROWSY,0,0,Windows,unspecified
22:57:28.766,267.428,0.3672,0.3438,0.3555,0.4037,0.5933,DROWSY,0,0,Windows,unspecified
22:57:28.797,267.458,0.3649,0.348,0.3565,0.3997,0.5867,DROWSY,0,0,Windows,unspecified
22:57:28.833,267.494,0.3672,0.364,0.3656,0.3949,0.58,DROWSY,0,0,Windows,unspecified
22:57:28.860,267.521,0.3694,0.364,0.3667,0.3991,0.5733,DROWSY,0,0,Windows,unspecified
22:57:28.892,267.553,0.3694,0.364,0.3667,0.391,0.5667,DROWSY,0,0,Windows,unspecified
22:57:28.923,267.584,0.4032,0.4103,0.4067,0.4026,0.56,DROWSY,0,0,Windows,unspecified
22:57:28.953,267.614,0.3855,0.3793,0.3824,0.4026,0.5533,DROWSY,0,0,Windows,unspecified
22:57:28.986,267.647,0.3991,0.3793,0.3892,0.4096,0.5467,DROWSY,0,0,Windows,unspecified
22:57:29.020,267.681,0.3855,0.3949,0.3902,0.4501,0.54,DROWSY,0,0,Windows,unspecified
22:57:29.050,267.711,0.3715,0.3625,0.367,0.4594,0.5333,DROWSY,0,0,Windows,unspecified
22:57:29.079,267.74,0.3693,0.3625,0.3659,0.4498,0.5267,DROWSY,0,0,Windows,unspecified
22:57:29.133,267.794,0.3855,0.3748,0.3801,0.4427,0.52,DROWSY,0,0,Windows,unspecified
22:57:29.174,267.835,0.3874,0.3794,0.3834,0.452,0.5133,DROWSY,0,0,Windows,unspecified
22:57:29.205,267.866,0.3874,0.3948,0.3911,0.4403,0.5067,DROWSY,0,0,Windows,unspecified
22:57:29.237,267.898,0.3693,0.3523,0.3608,0.4621,0.5,DROWSY,0,0,Windows,unspecified
22:57:29.268,267.929,0.3583,0.3817,0.37,0.4715,0.4933,DROWSY,0,0,Windows,unspecified
22:57:29.297,267.958,0.3737,0.3858,0.3797,0.4749,0.4867,DROWSY,0,0,Windows,unspecified
22:57:29.330,267.992,0.3676,0.3382,0.3529,0.4632,0.48,DROWSY,0,0,Windows,unspecified
22:57:29.362,268.023,0.3693,0.3522,0.3607,0.4537,0.4733,DROWSY,0,0,Windows,unspecified
22:57:29.392,268.053,0.3693,0.3522,0.3607,0.4584,0.4667,DROWSY,0,0,Windows,unspecified
22:57:29.439,268.101,0.3676,0.3547,0.3612,0.4367,0.46,DROWSY,0,0,Windows,unspecified
22:57:29.471,268.132,0.3891,0.3522,0.3706,0.4373,0.4533,DROWSY,0,0,Windows,unspecified
22:57:29.502,268.163,0.3585,0.3522,0.3553,0.4266,0.4467,DROWSY,0,0,Windows,unspecified
22:57:29.537,268.198,0.3818,0.348,0.3649,0.4266,0.44,DROWSY,0,0,Windows,unspecified
22:57:29.563,268.224,0.367,0.3327,0.3498,0.4291,0.4333,DROWSY,0,0,Windows,unspecified
22:57:29.594,268.255,0.3795,0.3327,0.3561,0.4289,0.4267,DROWSY,0,0,Windows,unspecified
22:57:29.632,268.293,0.367,0.3223,0.3446,0.4271,0.42,DROWSY,0,0,Windows,unspecified
22:57:29.656,268.317,0.3835,0.348,0.3657,0.4271,0.4133,DROWSY,0,0,Windows,unspecified
22:57:29.687,268.348,0.3855,0.348,0.3667,0.435,0.4067,DROWSY,0,0,Windows,unspecified
22:57:29.722,268.384,0.3835,0.3527,0.3681,0.4053,0.4,DROWSY,0,0,Windows,unspecified
22:57:29.749,268.411,0.3835,0.3712,0.3774,0.4032,0.3933,DROWSY,0,0,Windows,unspecified
22:57:29.783,268.444,0.3807,0.3411,0.3609,0.4032,0.3867,DROWSY,0,0,Windows,unspecified
22:57:29.840,268.502,0.3718,0.3561,0.364,0.4019,0.38,DROWSY,0,0,Windows,unspecified
22:57:29.877,268.538,0.3866,0.3522,0.3694,0.4045,0.3733,DROWSY,0,0,Windows,unspecified
22:57:29.907,268.568,0.3872,0.3372,0.3622,0.4168,0.3667,DROWSY,0,0,Windows,unspecified
22:57:29.938,268.599,0.3872,0.3372,0.3622,0.411,0.36,DROWSY,0,0,Windows,unspecified
22:57:29.966,268.627,0.3891,0.3556,0.3724,0.4114,0.3533,DROWSY,0,0,Windows,unspecified
22:57:30.000,268.661,0.3885,0.3449,0.3667,0.4072,0.3467,NORMAL,0,0,Windows,unspecified
22:57:30.030,268.691,0.3871,0.3741,0.3806,0.4373,0.34,NORMAL,0,0,Windows,unspecified
22:57:30.062,268.723,0.3871,0.3741,0.3806,0.4528,0.3333,NORMAL,0,0,Windows,unspecified
22:57:30.094,268.755,0.3871,0.3711,0.3791,0.4605,0.3267,NORMAL,0,0,Windows,unspecified
22:57:30.124,268.785,0.3852,0.3561,0.3706,0.4642,0.32,NORMAL,0,0,Windows,unspecified
22:57:30.157,268.818,0.3718,0.3561,0.3639,0.4564,0.3133,NORMAL,0,0,Windows,unspecified
22:57:30.186,268.847,0.3699,0.3539,0.3619,0.465,0.3067,NORMAL,0,0,Windows,unspecified
22:57:30.235,268.896,0.3841,0.3826,0.3834,0.4584,0.3,NORMAL,0,0,Windows,unspecified
22:57:30.266,268.927,0.3975,0.3907,0.3941,0.4589,0.2933,NORMAL,0,0,Windows,unspecified
22:57:30.296,268.958,0.3882,0.3789,0.3835,0.4644,0.2867,NORMAL,0,0,Windows,unspecified
22:57:30.332,268.993,0.3789,0.361,0.37,0.4515,0.28,NORMAL,0,0,Windows,unspecified
22:57:30.360,269.021,0.367,0.361,0.364,0.4436,0.2733,NORMAL,0,0,Windows,unspecified
22:57:30.389,269.05,0.3676,0.3563,0.362,0.4504,0.2667,NORMAL,0,0,Windows,unspecified
22:57:30.428,269.089,0.3498,0.3114,0.3306,0.4474,0.26,NORMAL,0,0,Windows,unspecified
22:57:30.453,269.114,0.3524,0.3263,0.3393,0.4421,0.2533,NORMAL,0,0,Windows,unspecified
22:57:30.486,269.147,0.3524,0.3263,0.3393,0.4415,0.2467,NORMAL,0,0,Windows,unspecified
22:57:30.532,269.193,0.3517,0.3229,0.3373,0.4455,0.24,NORMAL,0,0,Windows,unspecified
22:57:30.561,269.222,0.3511,0.3261,0.3386,0.4498,0.2333,NORMAL,0,0,Windows,unspecified
22:57:30.594,269.255,0.3393,0.3261,0.3327,0.4455,0.2267,NORMAL,0,0,Windows,unspecified
22:57:30.636,269.297,0.3393,0.3263,0.3328,0.4298,0.22,NORMAL,0,0,Windows,unspecified
22:57:30.671,269.332,0.3225,0.3225,0.3225,0.4301,0.2133,NORMAL,0,0,Windows,unspecified
22:57:30.704,269.365,0.3232,0.3225,0.3228,0.4371,0.2067,NORMAL,0,0,Windows,unspecified
22:57:30.731,269.392,0.3225,0.3223,0.3224,0.4089,0.2,NORMAL,0,0,Windows,unspecified
22:57:30.762,269.423,0.3225,0.3225,0.3225,0.393,0.1933,NORMAL,0,0,Windows,unspecified
22:57:30.797,269.458,0.3225,0.3223,0.3224,0.3981,0.1867,NORMAL,0,0,Windows,unspecified
22:57:30.830,269.491,0.2707,0.2864,0.2786,0.3823,0.18,NORMAL,0,0,Windows,unspecified
22:57:30.856,269.517,0.2724,0.2702,0.2713,0.3929,0.1733,NORMAL,0,0,Windows,unspecified
22:57:30.888,269.549,0.2716,0.2655,0.2685,0.3885,0.1667,NORMAL,0,0,Windows,unspecified
22:57:30.927,269.588,0.2966,0.3208,0.3087,0.3817,0.16,NORMAL,0,0,Windows,unspecified
22:57:30.949,269.61,0.3033,0.3162,0.3098,0.3836,0.1533,NORMAL,0,0,Windows,unspecified
22:57:30.982,269.643,0.3048,0.3484,0.3266,0.3815,0.1467,NORMAL,0,0,Windows,unspecified
22:57:31.037,269.698,0.3498,0.3447,0.3472,0.3752,0.14,NORMAL,0,0,Windows,unspecified
22:57:31.060,269.721,0.3634,0.3498,0.3566,0.3675,0.1333,NORMAL,0,0,Windows,unspecified
22:57:31.089,269.75,0.374,0.3419,0.3579,0.3701,0.1267,NORMAL,0,0,Windows,unspecified
22:57:31.135,269.796,0.1774,0.1472,0.1623,0.3825,0.1267,NORMAL,1,0,Windows,unspecified
22:57:31.170,269.831,0.1499,0.1472,0.1485,0.3737,0.1267,NORMAL,2,0,Windows,unspecified
22:57:31.199,269.86,0.1644,0.1509,0.1576,0.3805,0.1267,NORMAL,3,0,Windows,unspecified
22:57:31.233,269.894,0.1723,0.114,0.1432,0.3812,0.1333,NORMAL,4,0,Windows,unspecified
22:57:31.264,269.925,0.144,0.1534,0.1487,0.3757,0.14,NORMAL,5,0,Windows,unspecified
22:57:31.295,269.956,0.1248,0.1342,0.1295,0.3712,0.1467,NORMAL,6,0,Windows,unspecified
22:57:31.324,269.985,0.0972,0.1661,0.1316,0.3881,0.1533,NORMAL,7,0,Windows,unspecified
22:57:31.358,270.019,0.1023,0.1072,0.1047,0.3898,0.16,NORMAL,8,0,Windows,unspecified
22:57:31.389,270.05,0.1023,0.0799,0.0911,0.3788,0.1667,NORMAL,9,0,Windows,unspecified
22:57:31.436,270.097,0.116,0.1303,0.1232,0.3773,0.1733,WARNING,10,0,Windows,unspecified
22:57:31.468,270.129,0.1213,0.1654,0.1433,0.3793,0.18,WARNING,11,0,Windows,unspecified
22:57:31.498,270.159,0.1341,0.1816,0.1579,0.3872,0.1867,WARNING,12,0,Windows,unspecified
22:57:31.532,270.193,0.1468,0.1737,0.1603,0.3666,0.1933,WARNING,13,0,Windows,unspecified
22:57:31.564,270.225,0.1468,0.1516,0.1492,0.3599,0.2,WARNING,14,0,Windows,unspecified
22:57:31.595,270.256,0.1827,0.1338,0.1583,0.3649,0.2067,WARNING,15,0,Windows,unspecified
22:57:31.632,270.293,0.1815,0.1516,0.1666,0.3678,0.2133,WARNING,16,0,Windows,unspecified
22:57:31.656,270.318,0.1916,0.1921,0.1919,0.373,0.22,WARNING,17,0,Windows,unspecified
22:57:31.690,270.351,0.1919,0.1901,0.191,0.3816,0.2267,WARNING,18,0,Windows,unspecified
22:57:31.739,270.4,0.1966,0.2119,0.2042,0.3903,0.2333,WARNING,19,0,Windows,unspecified
22:57:31.764,270.425,0.2117,0.2033,0.2075,0.396,0.24,DROWSY,20,0,Windows,unspecified
22:57:31.796,270.457,0.2284,0.2321,0.2303,0.3921,0.2467,DROWSY,21,0,Windows,unspecified
22:57:31.841,270.502,0.2645,0.2905,0.2775,0.4361,0.2467,NORMAL,0,0,Windows,unspecified
22:57:31.876,270.537,0.249,0.2864,0.2677,0.4525,0.2467,NORMAL,0,0,Windows,unspecified
22:57:31.906,270.568,0.2571,0.2868,0.2719,0.4576,0.2467,NORMAL,0,0,Windows,unspecified
22:57:31.935,270.596,0.2211,0.215,0.2181,0.4687,0.2533,NORMAL,1,0,Windows,unspecified
22:57:31.966,270.627,0.1966,0.2338,0.2152,0.4724,0.26,NORMAL,2,0,Windows,unspecified
22:57:31.999,270.66,0.2117,0.2338,0.2228,0.4715,0.2667,NORMAL,3,0,Windows,unspecified
22:57:32.026,270.687,0.2724,0.3588,0.3156,0.5068,0.2667,NORMAL,0,0,Windows,unspecified
22:57:32.062,270.723,0.2809,0.3433,0.3121,0.5268,0.2667,NORMAL,0,0,Windows,unspecified
22:57:32.094,270.755,0.2964,0.3793,0.3379,0.5163,0.2667,NORMAL,0,0,Windows,unspecified
22:57:32.142,270.804,0.2883,0.4173,0.3528,0.4706,0.2667,NORMAL,0,0,Windows,unspecified
22:57:32.170,270.831,0.3183,0.4188,0.3685,0.5101,0.2667,NORMAL,0,0,Windows,unspecified
22:57:32.201,270.862,0.3282,0.4005,0.3643,0.5097,0.2667,NORMAL,0,0,Windows,unspecified
22:57:32.235,270.896,0.2274,0.2834,0.2554,0.4188,0.26,NORMAL,0,0,Windows,unspecified
22:57:32.264,270.925,0.2252,0.2721,0.2487,0.3956,0.2533,NORMAL,0,0,Windows,unspecified
22:57:32.297,270.958,0.2107,0.2154,0.213,0.3862,0.2533,NORMAL,1,0,Windows,unspecified
22:57:32.331,270.992,0.2017,0.2473,0.2245,0.3849,0.2533,NORMAL,2,0,Windows,unspecified
22:57:32.356,271.017,0.1878,0.1824,0.1851,0.3953,0.2533,NORMAL,3,0,Windows,unspecified
22:57:32.388,271.049,0.2007,0.2167,0.2087,0.3996,0.2533,NORMAL,4,0,Windows,unspecified
22:57:32.430,271.091,0.2571,0.265,0.2611,0.3668,0.2467,NORMAL,0,0,Windows,unspecified
22:57:32.466,271.127,0.2651,0.265,0.265,0.3734,0.2467,NORMAL,0,0,Windows,unspecified
22:57:32.498,271.159,0.2441,0.2386,0.2414,0.372,0.2467,NORMAL,0,0,Windows,unspecified
22:57:32.539,271.2,0.2374,0.2222,0.2298,0.3879,0.2533,NORMAL,1,0,Windows,unspecified
22:57:32.575,271.236,0.2291,0.2031,0.2161,0.4146,0.26,NORMAL,2,0,Windows,unspecified
22:57:32.607,271.268,0.2282,0.2184,0.2233,0.407,0.2667,NORMAL,3,0,Windows,unspecified
22:57:32.636,271.297,0.1824,0.1834,0.1829,0.3793,0.2733,NORMAL,4,0,Windows,unspecified
22:57:32.668,271.329,0.1643,0.1133,0.1388,0.3711,0.28,NORMAL,5,0,Windows,unspecified
22:57:32.698,271.359,0.1632,0.1283,0.1458,0.3765,0.2867,NORMAL,6,0,Windows,unspecified
22:57:32.730,271.391,0.1985,0.1734,0.1859,0.4133,0.2933,NORMAL,7,0,Windows,unspecified
22:57:32.761,271.422,0.2166,0.2038,0.2102,0.4025,0.3,NORMAL,8,0,Windows,unspecified
22:57:32.790,271.451,0.2033,0.1859,0.1946,0.4148,0.3067,NORMAL,9,0,Windows,unspecified
22:57:32.829,271.49,0.1052,0.1186,0.1119,0.3861,0.3133,WARNING,10,0,Windows,unspecified
22:57:32.856,271.517,0.1079,0.1186,0.1132,0.3971,0.32,WARNING,11,0,Windows,unspecified
22:57:32.887,271.548,0.0953,0.1313,0.1133,0.4007,0.3267,WARNING,12,0,Windows,unspecified
22:57:32.941,271.602,0.0917,0.1024,0.097,0.3912,0.3333,WARNING,13,0,Windows,unspecified
22:57:32.967,271.628,0.1056,0.126,0.1158,0.3814,0.34,WARNING,14,0,Windows,unspecified
22:57:32.995,271.656,0.1212,0.1394,0.1303,0.3723,0.3467,WARNING,15,0,Windows,unspecified
22:57:33.035,271.696,0.0853,0.0877,0.0865,0.4017,0.3533,DROWSY,16,0,Windows,unspecified
22:57:33.057,271.718,0.0868,0.1122,0.0995,0.396,0.36,DROWSY,17,0,Windows,unspecified
22:57:33.090,271.751,0.0769,0.0882,0.0826,0.4033,0.3667,DROWSY,18,0,Windows,unspecified
22:57:33.134,271.795,0.0671,0.107,0.0871,0.3907,0.3733,DROWSY,19,0,Windows,unspecified
22:57:33.169,271.83,0.0573,0.0607,0.059,0.4071,0.38,DROWSY,20,0,Windows,unspecified
22:57:33.203,271.864,0.0542,0.0718,0.063,0.4076,0.3867,DROWSY,21,0,Windows,unspecified
22:57:33.232,271.893,0.0362,0.0623,0.0493,0.4031,0.3867,DROWSY,22,0,Windows,unspecified
22:57:33.264,271.925,0.0326,0.04,0.0363,0.4113,0.3933,DROWSY,23,0,Windows,unspecified
22:57:33.296,271.957,0.0263,0.0566,0.0415,0.4033,0.4,DROWSY,24,0,Windows,unspecified
22:57:33.341,272.002,0.0571,0.0469,0.052,0.3892,0.4,DROWSY,25,0,Windows,unspecified
22:57:33.372,272.033,0.0461,0.0487,0.0474,0.3877,0.4,DROWSY,26,0,Windows,unspecified
22:57:33.405,272.066,0.0382,0.0607,0.0495,0.3973,0.4,DROWSY,27,0,Windows,unspecified
22:57:33.435,272.096,0.0521,0.0401,0.0461,0.3523,0.4,DROWSY,28,0,Windows,unspecified
22:57:33.467,272.128,0.0586,0.0744,0.0665,0.3367,0.4,DROWSY,29,0,Windows,unspecified
22:57:33.496,272.157,0.0586,0.047,0.0528,0.3461,0.4,DROWSY,30,0,Windows,unspecified
22:57:33.532,272.193,0.0335,0.0401,0.0368,0.3509,0.4,DROWSY,31,0,Windows,unspecified
22:57:33.558,272.219,0.0,0.0588,0.0294,0.3453,0.4,DROWSY,32,0,Windows,unspecified
22:57:33.592,272.253,0.0142,0.0588,0.0365,0.3397,0.4067,DROWSY,33,0,Windows,unspecified
22:57:33.630,272.292,0.0364,0.0414,0.0389,0.3691,0.4133,DROWSY,34,0,Windows,unspecified
22:57:33.669,272.33,0.0427,0.04,0.0414,0.3613,0.42,DROWSY,35,0,Windows,unspecified
22:57:33.701,272.362,0.0551,0.04,0.0476,0.3627,0.4267,DROWSY,36,0,Windows,unspecified
22:57:33.739,272.4,0.0882,0.084,0.0861,0.3466,0.4333,DROWSY,37,0,Windows,unspecified
22:57:33.763,272.424,0.0696,0.0742,0.0719,0.3575,0.44,DROWSY,38,0,Windows,unspecified
22:57:33.794,272.455,0.0932,0.0605,0.0769,0.3416,0.4467,DROWSY,39,0,Windows,unspecified
22:57:33.835,272.496,0.0898,0.099,0.0944,0.3434,0.4533,DROWSY,40,0,Windows,unspecified
22:57:33.856,272.517,0.0898,0.0603,0.075,0.3573,0.46,DROWSY,41,0,Windows,unspecified
22:57:33.888,272.549,0.0899,0.0718,0.0809,0.3654,0.4667,DROWSY,42,0,Windows,unspecified
22:57:33.932,272.593,0.0842,0.099,0.0916,0.3597,0.4733,DROWSY,43,0,Windows,unspecified
22:57:33.966,272.627,0.0745,0.0993,0.0869,0.3564,0.48,DROWSY,44,0,Windows,unspecified
22:57:33.999,272.66,0.0844,0.0993,0.0919,0.3608,0.4867,DROWSY,45,0,Windows,unspecified
22:57:34.043,272.705,0.1125,0.1099,0.1112,0.3686,0.4933,DROWSY,46,0,Windows,unspecified
22:57:34.077,272.738,0.1125,0.0922,0.1024,0.3677,0.5,DROWSY,47,0,Windows,unspecified
22:57:34.107,272.768,0.1313,0.1196,0.1255,0.3677,0.5067,DROWSY,48,0,Windows,unspecified
22:57:34.141,272.802,0.1088,0.1064,0.1076,0.3782,0.5133,DROWSY,49,0,Windows,unspecified
22:57:34.172,272.833,0.1127,0.1002,0.1065,0.3911,0.52,DROWSY,50,0,Windows,unspecified
22:57:34.202,272.863,0.1127,0.1002,0.1065,0.38,0.5267,DROWSY,51,0,Windows,unspecified
22:57:34.237,272.899,0.1166,0.1161,0.1163,0.3975,0.5333,DROWSY,52,0,Windows,unspecified
22:57:34.263,272.924,0.1315,0.1161,0.1238,0.366,0.54,DROWSY,53,0,Windows,unspecified
22:57:34.293,272.955,0.1392,0.1085,0.1238,0.3745,0.5467,DROWSY,54,0,Windows,unspecified
22:57:34.333,272.994,0.1392,0.1123,0.1257,0.3671,0.5533,DROWSY,55,0,Windows,unspecified
22:57:34.357,273.018,0.1313,0.0932,0.1123,0.3838,0.56,DROWSY,56,0,Windows,unspecified
22:57:34.386,273.047,0.1313,0.0797,0.1055,0.3852,0.5667,DROWSY,57,0,Windows,unspecified
22:57:34.447,273.108,0.1392,0.0902,0.1147,0.3745,0.5733,DROWSY,58,0,Windows,unspecified
22:57:34.480,273.141,0.1392,0.0959,0.1175,0.3803,0.58,DROWSY,59,0,Windows,unspecified
22:57:34.511,273.173,0.1596,0.0926,0.1261,0.3858,0.5867,DROWSY,60,0,Windows,unspecified
22:57:34.540,273.201,0.1069,0.0504,0.0786,0.3769,0.5933,DROWSY,61,0,Windows,unspecified
22:57:34.575,273.236,0.0798,0.043,0.0614,0.3797,0.6,DROWSY,62,0,Windows,unspecified
22:57:34.607,273.268,0.0798,0.0648,0.0723,0.3773,0.6067,DROWSY,63,0,Windows,unspecified
22:57:34.635,273.296,0.0629,0.0504,0.0566,0.38,0.6133,DROWSY,64,0,Windows,unspecified
22:57:34.669,273.33,0.0431,0.0343,0.0387,0.3815,0.62,DROWSY,65,0,Windows,unspecified
22:57:34.700,273.361,0.0651,0.0178,0.0415,0.3812,0.6267,DROWSY,66,0,Windows,unspecified
22:57:34.732,273.393,0.0431,0.0356,0.0394,0.3687,0.6333,DROWSY,67,0,Windows,unspecified
22:57:34.763,273.424,0.0588,0.0252,0.042,0.3524,0.64,DROWSY,68,0,Windows,unspecified
22:57:34.794,273.455,0.0629,0.0178,0.0404,0.3501,0.6467,DROWSY,69,0,Windows,unspecified
22:57:34.842,273.504,0.0608,0.0487,0.0547,0.3666,0.6533,DROWSY,70,0,Windows,unspecified
22:57:34.872,273.533,0.0415,0.0414,0.0415,0.3533,0.66,DROWSY,71,0,Windows,unspecified
22:57:34.902,273.563,0.0416,0.0414,0.0415,0.3622,0.6667,DROWSY,72,0,Windows,unspecified
22:57:34.942,273.603,0.0415,0.0628,0.0522,0.3752,0.6733,DROWSY,73,0,Windows,unspecified
22:57:34.983,273.644,0.0628,0.0628,0.0628,0.3747,0.68,DROWSY,74,0,Windows,unspecified
22:57:35.012,273.673,0.0871,0.065,0.0761,0.3744,0.6867,DROWSY,75,0,Windows,unspecified
22:57:35.044,273.705,0.0628,0.0767,0.0697,0.3753,0.6933,DROWSY,76,0,Windows,unspecified
22:57:35.073,273.734,0.0769,0.0899,0.0834,0.3698,0.7,DROWSY,77,0,Windows,unspecified
22:57:35.104,273.765,0.0769,0.0794,0.0782,0.3698,0.7067,DROWSY,78,0,Windows,unspecified
22:57:35.132,273.793,0.0487,0.078,0.0634,0.374,0.7133,DROWSY,79,0,Windows,unspecified
22:57:35.167,273.828,0.0487,0.0823,0.0655,0.3653,0.72,DROWSY,80,0,Windows,unspecified
22:57:35.197,273.858,0.0588,0.0672,0.063,0.3706,0.7267,DROWSY,81,0,Windows,unspecified
22:57:35.243,273.904,0.0729,0.0819,0.0774,0.3705,0.7333,DROWSY,82,0,Windows,unspecified
22:57:35.276,273.937,0.065,0.0819,0.0735,0.3725,0.74,DROWSY,83,0,Windows,unspecified
22:57:35.307,273.968,0.0902,0.0749,0.0825,0.3725,0.7467,DROWSY,84,0,Windows,unspecified
22:57:35.339,274.0,0.104,0.0752,0.0896,0.3724,0.7533,DROWSY,85,0,Windows,unspecified
22:57:35.372,274.033,0.1439,0.0899,0.1169,0.3603,0.76,DROWSY,86,0,Windows,unspecified
22:57:35.401,274.062,0.1547,0.0791,0.1169,0.3638,0.7667,DROWSY,87,0,Windows,unspecified
22:57:35.437,274.098,0.1434,0.0819,0.1127,0.3616,0.7733,DROWSY,88,0,Windows,unspecified
22:57:35.466,274.127,0.1389,0.0794,0.1092,0.3346,0.78,DROWSY,89,0,Windows,unspecified
22:57:35.498,274.159,0.124,0.0959,0.1099,0.3442,0.7867,DROWSY,90,0,Windows,unspecified
22:57:35.532,274.193,0.1372,0.0959,0.1165,0.3593,0.7933,DROWSY,91,0,Windows,unspecified
22:57:35.560,274.221,0.1434,0.128,0.1357,0.349,0.8,DROWSY,92,0,Windows,unspecified
22:57:35.590,274.251,0.1434,0.128,0.1357,0.353,0.8067,DROWSY,93,0,Windows,unspecified
22:57:35.645,274.306,0.0797,0.0752,0.0774,0.3477,0.8133,DROWSY,94,0,Windows,unspecified
22:57:35.671,274.332,0.0797,0.0648,0.0722,0.3495,0.82,DROWSY,95,0,Windows,unspecified
22:57:35.699,274.361,0.0769,0.0626,0.0698,0.3543,0.8267,DROWSY,96,0,Windows,unspecified
22:57:35.740,274.401,0.0769,0.0648,0.0709,0.3677,0.8333,DROWSY,97,0,Windows,unspecified
22:57:35.778,274.44,0.065,0.0648,0.0649,0.3651,0.84,DROWSY,98,0,Windows,unspecified
22:57:35.810,274.471,0.043,0.0414,0.0422,0.3531,0.8467,DROWSY,99,0,Windows,unspecified
22:57:35.840,274.502,0.043,0.043,0.043,0.3531,0.8533,DROWSY,100,0,Windows,unspecified
22:57:35.872,274.533,0.0628,0.0355,0.0491,0.3485,0.86,DROWSY,101,0,Windows,unspecified
22:57:35.904,274.565,0.0626,0.0344,0.0485,0.3457,0.8667,DROWSY,102,0,Windows,unspecified
22:57:35.932,274.593,0.0797,0.0576,0.0686,0.3446,0.8733,DROWSY,103,0,Windows,unspecified
22:57:35.966,274.627,0.0631,0.0608,0.0619,0.354,0.88,DROWSY,104,0,Windows,unspecified
22:57:35.996,274.657,0.0788,0.0608,0.0698,0.3541,0.8867,DROWSY,105,0,Windows,unspecified
22:57:36.043,274.704,0.0929,0.0672,0.08,0.346,0.8933,DROWSY,106,0,Windows,unspecified
22:57:36.073,274.734,0.0871,0.0672,0.0771,0.3522,0.9,DROWSY,107,0,Windows,unspecified
22:57:36.104,274.765,0.0902,0.0648,0.0775,0.3512,0.9067,DROWSY,108,0,Windows,unspecified
22:57:36.139,274.8,0.0902,0.0521,0.0711,0.3513,0.9067,DROWSY,109,0,Windows,unspecified
22:57:36.166,274.827,0.1146,0.0521,0.0833,0.349,0.9067,DROWSY,110,0,Windows,unspecified
22:57:36.198,274.859,0.1069,0.0648,0.0859,0.3511,0.9067,DROWSY,111,0,Windows,unspecified
22:57:36.236,274.897,0.1146,0.0521,0.0833,0.3504,0.9067,DROWSY,112,0,Windows,unspecified
22:57:36.258,274.919,0.1146,0.0794,0.097,0.3773,0.9067,DROWSY,113,0,Windows,unspecified
22:57:36.292,274.953,0.1146,0.0794,0.097,0.3687,0.9067,DROWSY,114,0,Windows,unspecified
22:57:36.347,275.008,0.1146,0.0959,0.1052,0.3477,0.9067,DROWSY,115,0,Windows,unspecified
22:57:36.384,275.045,0.1146,0.0899,0.1023,0.3525,0.9067,DROWSY,116,0,Windows,unspecified
22:57:36.417,275.078,0.1146,0.1041,0.1094,0.3483,0.9067,DROWSY,117,0,Windows,unspecified
22:57:36.445,275.106,0.1146,0.0902,0.1024,0.345,0.9067,DROWSY,118,0,Windows,unspecified
22:57:36.478,275.14,0.1146,0.0902,0.1024,0.345,0.9067,DROWSY,119,0,Windows,unspecified
22:57:36.510,275.171,0.1146,0.0902,0.1024,0.345,0.9067,DROWSY,120,0,Windows,unspecified
22:57:36.539,275.2,0.1609,0.1004,0.1307,0.358,0.9067,DROWSY,121,0,Windows,unspecified
22:57:36.572,275.233,0.1652,0.0932,0.1292,0.3502,0.9067,DROWSY,122,0,Windows,unspecified
22:57:36.602,275.263,0.1762,0.0932,0.1347,0.3381,0.9067,DROWSY,123,0,Windows,unspecified
22:57:36.635,275.296,0.125,0.0899,0.1075,0.3615,0.9067,DROWSY,124,0,Windows,unspecified
22:57:36.664,275.325,0.1168,0.0791,0.0979,0.3604,0.9067,DROWSY,125,0,Windows,unspecified
22:57:36.698,275.359,0.1064,0.0899,0.0981,0.3615,0.9067,DROWSY,126,0,Windows,unspecified
22:57:36.750,275.411,0.1064,0.0899,0.0981,0.3502,0.9067,DROWSY,127,0,Windows,unspecified
22:57:36.776,275.437,0.1103,0.1099,0.1101,0.3607,0.9067,DROWSY,128,0,Windows,unspecified
22:57:36.806,275.467,0.1237,0.1099,0.1168,0.3576,0.9067,DROWSY,129,0,Windows,unspecified
22:57:36.848,275.509,0.124,0.0865,0.1053,0.3563,0.9133,DROWSY,130,0,Windows,unspecified
22:57:36.882,275.543,0.124,0.0869,0.1054,0.359,0.92,DROWSY,131,0,Windows,unspecified
22:57:36.914,275.575,0.1377,0.0869,0.1123,0.3652,0.9267,DROWSY,132,0,Windows,unspecified
22:57:36.944,275.605,0.0973,0.0564,0.0769,0.3525,0.9267,DROWSY,133,0,Windows,unspecified
22:57:36.976,275.637,0.097,0.0724,0.0847,0.3365,0.9267,DROWSY,134,0,Windows,unspecified
22:57:37.008,275.669,0.0869,0.0724,0.0796,0.3353,0.9267,DROWSY,135,0,Windows,unspecified
22:57:37.037,275.698,0.0487,0.0686,0.0586,0.3427,0.9333,DROWSY,136,0,Windows,unspecified
22:57:37.068,275.729,0.0415,0.0726,0.0571,0.3409,0.94,DROWSY,137,0,Windows,unspecified
22:57:37.101,275.762,0.0769,0.0686,0.0728,0.3506,0.9467,DROWSY,138,0,Windows,unspecified
22:57:37.148,275.809,0.0767,0.0626,0.0696,0.353,0.9533,DROWSY,139,0,Windows,unspecified
22:57:37.177,275.838,0.0726,0.0626,0.0676,0.3582,0.96,DROWSY,140,0,Windows,unspecified
22:57:37.209,275.87,0.0605,0.0767,0.0686,0.3583,0.9667,DROWSY,141,0,Windows,unspecified
22:57:37.243,275.904,0.0566,0.0648,0.0607,0.3523,0.9733,DROWSY,142,0,Windows,unspecified
22:57:37.273,275.934,0.0742,0.0623,0.0683,0.3371,0.98,DROWSY,143,0,Windows,unspecified
22:57:37.300,275.961,0.0605,0.0764,0.0685,0.3296,0.98,DROWSY,144,0,Windows,unspecified
22:57:37.339,276.0,0.0628,0.0586,0.0607,0.3449,0.98,DROWSY,145,0,Windows,unspecified
22:57:37.364,276.025,0.0487,0.0586,0.0536,0.3465,0.98,DROWSY,146,0,Windows,unspecified
22:57:37.396,276.058,0.0485,0.0586,0.0535,0.3502,0.98,DROWSY,147,0,Windows,unspecified
22:57:37.437,276.098,0.0538,0.0414,0.0476,0.3539,0.9867,DROWSY,148,0,Windows,unspecified
22:57:37.470,276.132,0.0469,0.0764,0.0616,0.3585,0.9933,DROWSY,149,0,Windows,unspecified
22:57:37.505,276.166,0.0485,0.0483,0.0484,0.3585,1.0,DROWSY,150,0,Windows,unspecified
22:57:37.548,276.209,0.0607,0.0514,0.0561,0.3524,1.0,DROWSY,151,0,Windows,unspecified
22:57:37.581,276.243,0.0628,0.0726,0.0677,0.3449,1.0,DROWSY,152,0,Windows,unspecified
22:57:37.614,276.275,0.0628,0.0429,0.0528,0.3457,1.0,DROWSY,153,0,Windows,unspecified
22:57:37.643,276.304,0.0628,0.0533,0.058,0.3423,1.0,DROWSY,154,0,Windows,unspecified
22:57:37.678,276.339,0.0487,0.071,0.0598,0.3378,1.0,DROWSY,155,0,Windows,unspecified
22:57:37.707,276.368,0.0587,0.0533,0.056,0.3378,1.0,DROWSY,156,0,Windows,unspecified
22:57:37.743,276.404,0.0607,0.0514,0.0561,0.3449,1.0,DROWSY,157,0,Windows,unspecified
22:57:37.769,276.43,0.0566,0.0686,0.0626,0.3408,1.0,DROWSY,158,0,Windows,unspecified
22:57:37.802,276.463,0.0566,0.0485,0.0526,0.3282,1.0,DROWSY,159,0,Windows,unspecified
22:57:37.836,276.497,0.0469,0.0343,0.0406,0.3328,1.0,DROWSY,160,0,Windows,unspecified
22:57:37.865,276.526,0.0454,0.0414,0.0434,0.334,1.0,DROWSY,161,0,Windows,unspecified
22:57:37.897,276.558,0.0605,0.0586,0.0595,0.341,1.0,DROWSY,162,0,Windows,unspecified
22:57:37.953,276.614,0.0469,0.0533,0.0501,0.3432,1.0,DROWSY,163,0,Windows,unspecified
22:57:37.989,276.65,0.0605,0.0514,0.056,0.3303,1.0,DROWSY,164,0,Windows,unspecified
22:57:38.018,276.679,0.0605,0.0586,0.0595,0.3506,1.0,DROWSY,165,0,Windows,unspecified
22:57:38.052,276.713,0.0718,0.0502,0.061,0.3567,1.0,DROWSY,166,0,Windows,unspecified
22:57:38.082,276.743,0.0742,0.0645,0.0693,0.349,1.0,DROWSY,167,0,Windows,unspecified
22:57:38.114,276.775,0.0586,0.0623,0.0605,0.3434,1.0,DROWSY,168,0,Windows,unspecified
22:57:38.144,276.805,0.0742,0.0606,0.0674,0.3546,1.0,DROWSY,169,0,Windows,unspecified
22:57:38.177,276.838,0.0742,0.0606,0.0674,0.3487,1.0,DROWSY,170,0,Windows,unspecified
22:57:38.207,276.869,0.0742,0.0606,0.0674,0.3439,1.0,DROWSY,171,0,Windows,unspecified
22:57:38.234,276.895,0.084,0.0606,0.0723,0.3369,1.0,DROWSY,172,0,Windows,unspecified
22:57:38.271,276.932,0.0605,0.0791,0.0698,0.3327,1.0,DROWSY,173,0,Windows,unspecified
22:57:38.300,276.961,0.0742,0.075,0.0746,0.3264,1.0,DROWSY,174,0,Windows,unspecified
22:57:38.348,277.009,0.0742,0.05,0.0621,0.3511,1.0,DROWSY,175,0,Windows,unspecified
22:57:38.376,277.037,0.0605,0.0343,0.0474,0.3429,1.0,DROWSY,176,0,Windows,unspecified
22:57:38.407,277.068,0.0605,0.0343,0.0474,0.3491,1.0,DROWSY,177,0,Windows,unspecified
22:57:38.446,277.107,0.0742,0.0514,0.0628,0.3334,1.0,DROWSY,178,0,Windows,unspecified
22:57:38.470,277.131,0.0742,0.0514,0.0628,0.3447,1.0,DROWSY,179,0,Windows,unspecified
22:57:38.502,277.163,0.084,0.0514,0.0677,0.3403,1.0,DROWSY,180,0,Windows,unspecified
22:57:38.540,277.201,0.084,0.0355,0.0598,0.3454,1.0,DROWSY,181,0,Windows,unspecified
22:57:38.564,277.225,0.0605,0.0427,0.0516,0.3412,1.0,DROWSY,182,0,Windows,unspecified
22:57:38.595,277.256,0.0537,0.0412,0.0475,0.34,1.0,DROWSY,183,0,Windows,unspecified
22:57:38.653,277.314,0.084,0.0626,0.0733,0.3467,1.0,DROWSY,184,0,Windows,unspecified
22:57:38.689,277.35,0.0742,0.0797,0.0769,0.3372,1.0,DROWSY,185,0,Windows,unspecified
22:57:38.721,277.382,0.0837,0.0648,0.0742,0.3336,1.0,DROWSY,186,0,Windows,unspecified
22:57:38.750,277.411,0.0744,0.0504,0.0624,0.3682,1.0,DROWSY,187,0,Windows,unspecified
22:57:38.782,277.443,0.0941,0.0648,0.0794,0.364,1.0,DROWSY,188,0,Windows,unspecified
22:57:38.812,277.473,0.0744,0.0648,0.0696,0.3596,1.0,DROWSY,189,0,Windows,unspecified
22:57:38.842,277.503,0.0767,0.0648,0.0708,0.3654,1.0,DROWSY,190,0,Windows,unspecified
22:57:38.873,277.534,0.0767,0.0429,0.0598,0.3594,1.0,DROWSY,191,0,Windows,unspecified
22:57:38.907,277.568,0.0869,0.0429,0.0649,0.3639,1.0,DROWSY,192,0,Windows,unspecified
22:57:38.938,277.599,0.0869,0.0794,0.0831,0.3576,1.0,DROWSY,193,0,Windows,unspecified
22:57:38.969,277.631,0.0767,0.0557,0.0662,0.3665,1.0,DROWSY,194,0,Windows,unspecified
22:57:39.002,277.663,0.065,0.043,0.054,0.3661,1.0,DROWSY,195,0,Windows,unspecified
22:57:39.052,277.713,0.0576,0.0252,0.0414,0.3689,1.0,DROWSY,196,0,Windows,unspecified
22:57:39.080,277.741,0.0729,0.0431,0.058,0.3715,1.0,DROWSY,197,0,Windows,unspecified
22:57:39.113,277.774,0.0729,0.0431,0.058,0.3592,1.0,DROWSY,198,0,Windows,unspecified
22:57:39.148,277.809,0.0629,0.0431,0.053,0.3582,1.0,DROWSY,199,0,Windows,unspecified
22:57:39.174,277.835,0.0629,0.0504,0.0566,0.3503,1.0,DROWSY,200,0,Windows,unspecified
22:57:39.205,277.866,0.0745,0.0797,0.0771,0.3534,1.0,DROWSY,201,0,Windows,unspecified
22:57:39.243,277.904,0.0488,0.0431,0.0459,0.3813,1.0,DROWSY,202,0,Windows,unspecified
22:57:39.267,277.928,0.0578,0.0676,0.0627,0.3763,1.0,DROWSY,203,0,Windows,unspecified
22:57:39.296,277.957,0.0431,0.0523,0.0477,0.3853,1.0,DROWSY,204,0,Windows,unspecified
22:57:39.340,278.001,0.0431,0.0544,0.0487,0.383,1.0,DROWSY,205,0,Windows,unspecified
22:57:39.374,278.035,0.0431,0.0544,0.0487,0.3777,1.0,DROWSY,206,0,Windows,unspecified
22:57:39.405,278.066,0.0828,0.0849,0.0838,0.3726,1.0,DROWSY,207,0,Windows,unspecified
22:57:39.450,278.111,0.0676,0.0859,0.0767,0.3801,1.0,DROWSY,208,0,Windows,unspecified
22:57:39.482,278.144,0.0828,0.1012,0.092,0.3659,1.0,DROWSY,209,0,Windows,unspecified
22:57:39.513,278.174,0.0523,0.1264,0.0894,0.366,1.0,DROWSY,210,0,Windows,unspecified
22:57:39.577,278.238,0.1568,0.1715,0.1642,0.3858,1.0,DROWSY,1,0,Windows,unspecified
22:57:39.609,278.27,0.1441,0.2003,0.1722,0.3917,1.0,DROWSY,2,0,Windows,unspecified
22:57:39.646,278.307,0.1894,0.2227,0.2061,0.391,1.0,DROWSY,3,0,Windows,unspecified
22:57:39.672,278.333,0.1894,0.2065,0.198,0.3812,1.0,DROWSY,4,0,Windows,unspecified
22:57:39.703,278.364,0.1894,0.1783,0.1839,0.3757,1.0,DROWSY,5,0,Windows,unspecified
22:57:39.741,278.402,0.2277,0.2003,0.214,0.4578,1.0,DROWSY,6,0,Windows,unspecified
22:57:39.765,278.426,0.2242,0.2226,0.2234,0.4195,1.0,DROWSY,7,0,Windows,unspecified
22:57:39.798,278.459,0.2437,0.2145,0.2291,0.4438,1.0,DROWSY,8,0,Windows,unspecified
22:57:39.829,278.49,0.2785,0.2138,0.2462,0.4345,0.9933,DROWSY,0,0,Windows,unspecified
22:57:39.860,278.521,0.2331,0.3011,0.2671,0.3665,0.9867,DROWSY,0,0,Windows,unspecified
22:57:39.893,278.554,0.2753,0.3059,0.2906,0.4084,0.98,DROWSY,0,0,Windows,unspecified
22:57:39.950,278.611,0.3046,0.222,0.2633,0.4353,0.9733,DROWSY,0,0,Windows,unspecified
22:57:39.986,278.647,0.2238,0.2153,0.2196,0.3983,0.9733,DROWSY,1,0,Windows,unspecified
22:57:40.014,278.675,0.209,0.2092,0.2091,0.426,0.9733,DROWSY,2,0,Windows,unspecified
22:57:40.047,278.708,0.2161,0.2556,0.2359,0.3056,0.9733,DROWSY,3,0,Windows,unspecified
22:57:40.078,278.74,0.2556,0.2793,0.2674,0.3135,0.9667,DROWSY,0,0,Windows,unspecified
22:57:40.111,278.772,0.2464,0.2793,0.2628,0.3249,0.96,DROWSY,0,0,Windows,unspecified
22:57:40.139,278.8,0.2636,0.2802,0.2719,0.3612,0.9533,DROWSY,0,0,Windows,unspecified
22:57:40.173,278.834,0.2744,0.2623,0.2684,0.4406,0.9467,DROWSY,0,0,Windows,unspecified
22:57:40.204,278.865,0.2483,0.2351,0.2417,0.4122,0.94,DROWSY,0,0,Windows,unspecified
22:57:40.236,278.897,0.2675,0.255,0.2612,0.447,0.9333,DROWSY,0,0,Windows,unspecified
22:57:40.267,278.928,0.3037,0.2479,0.2758,0.4022,0.9267,DROWSY,0,0,Windows,unspecified
22:57:40.297,278.959,0.2915,0.2694,0.2805,0.3769,0.92,DROWSY,0,0,Windows,unspecified
22:57:40.347,279.008,0.2711,0.2196,0.2454,0.392,0.9133,DROWSY,0,0,Windows,unspecified
22:57:40.376,279.037,0.2667,0.2394,0.2531,0.4059,0.9067,DROWSY,0,0,Windows,unspecified
22:57:40.409,279.07,0.2163,0.1998,0.208,0.4065,0.9067,DROWSY,1,0,Windows,unspecified
22:57:40.444,279.105,0.0782,0.0974,0.0878,0.3667,0.9067,DROWSY,2,0,Windows,unspecified
22:57:40.471,279.132,0.0487,0.0974,0.0731,0.3567,0.9067,DROWSY,3,0,Windows,unspecified
22:57:40.503,279.164,0.0415,0.0785,0.06,0.3562,0.9067,DROWSY,4,0,Windows,unspecified
22:57:40.545,279.206,0.1372,0.172,0.1546,0.3586,0.9067,DROWSY,5,0,Windows,unspecified
22:57:40.652,279.313,0.1685,0.1823,0.1754,0.3594,0.9067,DROWSY,6,0,Windows,unspecified
22:57:40.689,279.35,0.1691,0.1814,0.1753,0.3617,0.9067,DROWSY,7,0,Windows,unspecified
22:57:40.750,279.411,0.1749,0.189,0.182,0.3581,0.9067,DROWSY,8,0,Windows,unspecified
22:57:40.784,279.445,0.1749,0.1655,0.1702,0.3649,0.9067,DROWSY,9,0,Windows,unspecified
22:57:40.815,279.476,0.1749,0.1719,0.1734,0.3659,0.9067,DROWSY,10,0,Windows,unspecified
22:57:40.843,279.505,0.1474,0.1652,0.1563,0.3691,0.9067,DROWSY,11,0,Windows,unspecified
22:57:40.876,279.537,0.1691,0.1655,0.1673,0.3842,0.9067,DROWSY,12,0,Windows,unspecified
22:57:40.908,279.569,0.1529,0.1596,0.1563,0.3752,0.9067,DROWSY,13,0,Windows,unspecified
22:57:40.954,279.615,0.2448,0.2903,0.2675,0.3575,0.9,DROWSY,0,0,Windows,unspecified
22:57:40.985,279.646,0.2378,0.2712,0.2545,0.3701,0.8933,DROWSY,0,0,Windows,unspecified
22:57:41.015,279.676,0.2253,0.2719,0.2486,0.3747,0.8867,DROWSY,0,0,Windows,unspecified
22:57:41.048,279.709,0.2253,0.2786,0.2519,0.3747,0.88,DROWSY,0,0,Windows,unspecified
22:57:41.078,279.739,0.209,0.2071,0.2081,0.3576,0.88,DROWSY,1,0,Windows,unspecified
22:57:41.111,279.772,0.2098,0.2399,0.2248,0.3674,0.88,DROWSY,2,0,Windows,unspecified
22:57:41.363,280.024,0.2169,0.2555,0.2362,0.3627,0.88,DROWSY,1,0,Windows,unspecified
22:57:41.393,280.055,0.2108,0.2625,0.2366,0.335,0.88,DROWSY,2,0,Windows,unspecified
22:57:41.427,280.088,0.2291,0.2468,0.2379,0.3565,0.88,DROWSY,3,0,Windows,unspecified
22:57:41.456,280.117,0.2092,0.2574,0.2333,0.363,0.88,DROWSY,4,0,Windows,unspecified
22:57:41.488,280.149,0.2115,0.2986,0.2551,0.3339,0.8733,DROWSY,0,0,Windows,unspecified
22:57:41.519,280.18,0.1677,0.2077,0.1877,0.3568,0.8733,DROWSY,1,0,Windows,unspecified
22:57:41.552,280.213,0.1402,0.1438,0.142,0.3739,0.8733,DROWSY,2,0,Windows,unspecified
22:57:41.580,280.241,0.1362,0.229,0.1826,0.3783,0.8733,DROWSY,3,0,Windows,unspecified
22:57:41.613,280.274,0.0925,0.1485,0.1205,0.3685,0.8733,DROWSY,4,0,Windows,unspecified
22:57:41.644,280.305,0.1375,0.1839,0.1607,0.3489,0.8733,DROWSY,5,0,Windows,unspecified
22:57:41.675,280.336,0.1581,0.1936,0.1759,0.3381,0.8733,DROWSY,6,0,Windows,unspecified
22:57:41.706,280.367,0.1334,0.1715,0.1525,0.3425,0.8733,DROWSY,7,0,Windows,unspecified
22:57:41.948,280.609,0.2124,0.2108,0.2116,0.4054,0.8733,DROWSY,1,0,Windows,unspecified
22:57:41.987,280.648,0.2199,0.2104,0.2152,0.4196,0.8733,DROWSY,2,0,Windows,unspecified
22:57:42.017,280.678,0.2746,0.1863,0.2304,0.4082,0.8733,DROWSY,3,0,Windows,unspecified
22:57:42.050,280.711,0.2343,0.1923,0.2133,0.4117,0.8733,DROWSY,4,0,Windows,unspecified
22:57:42.156,280.817,0.1613,0.1587,0.16,0.403,0.8733,DROWSY,5,0,Windows,unspecified
22:57:42.191,280.852,0.1946,0.1588,0.1767,0.4172,0.8733,DROWSY,6,0,Windows,unspecified
22:57:42.222,280.883,0.1734,0.1425,0.158,0.411,0.8733,DROWSY,7,0,Windows,unspecified
22:57:42.253,280.914,0.1408,0.1386,0.1397,0.4078,0.8733,DROWSY,8,0,Windows,unspecified
22:57:42.283,280.944,0.1288,0.1287,0.1287,0.4047,0.8733,DROWSY,9,0,Windows,unspecified
22:57:42.350,281.011,0.1643,0.1759,0.1701,0.3928,0.8733,DROWSY,10,0,Windows,unspecified
22:57:42.376,281.038,0.1425,0.1591,0.1508,0.3986,0.8733,DROWSY,11,0,Windows,unspecified
22:57:42.408,281.069,0.1703,0.1467,0.1585,0.3976,0.8733,DROWSY,12,0,Windows,unspecified
22:57:42.443,281.104,0.1598,0.1961,0.178,0.373,0.8733,DROWSY,13,0,Windows,unspecified
22:57:42.470,281.131,0.1447,0.1527,0.1487,0.3797,0.8733,DROWSY,14,0,Windows,unspecified
22:57:42.503,281.165,0.15,0.1656,0.1578,0.3797,0.8733,DROWSY,15,0,Windows,unspecified
22:57:42.534,281.195,0.15,0.1829,0.1664,0.3895,0.8733,DROWSY,16,0,Windows,unspecified
22:57:42.565,281.226,0.1595,0.1718,0.1656,0.3939,0.8733,DROWSY,17,0,Windows,unspecified
22:57:42.593,281.254,0.1561,0.1518,0.1539,0.4216,0.8733,DROWSY,18,0,Windows,unspecified
22:57:42.626,281.287,0.1558,0.1718,0.1638,0.4083,0.8733,DROWSY,19,0,Windows,unspecified
22:57:42.656,281.317,0.1552,0.1718,0.1635,0.4111,0.8733,DROWSY,20,0,Windows,unspecified
22:57:42.689,281.35,0.1293,0.1316,0.1305,0.4026,0.8733,DROWSY,21,0,Windows,unspecified
22:57:42.746,281.407,0.1138,0.147,0.1304,0.4117,0.8733,DROWSY,22,0,Windows,unspecified
22:57:42.784,281.446,0.1108,0.1374,0.1241,0.4017,0.8733,DROWSY,23,0,Windows,unspecified
22:57:42.814,281.475,0.1342,0.1374,0.1358,0.4114,0.8733,DROWSY,24,0,Windows,unspecified
22:57:42.843,281.504,0.1469,0.1658,0.1563,0.3817,0.8733,DROWSY,25,0,Windows,unspecified
22:57:42.877,281.538,0.1477,0.1316,0.1397,0.3784,0.8733,DROWSY,26,0,Windows,unspecified
22:57:42.909,281.57,0.1503,0.1516,0.151,0.3784,0.8733,DROWSY,27,0,Windows,unspecified
22:57:42.941,281.602,0.145,0.1316,0.1383,0.3844,0.8733,DROWSY,28,0,Windows,unspecified
22:57:42.968,281.629,0.1503,0.1582,0.1543,0.419,0.8733,DROWSY,29,0,Windows,unspecified
22:57:43.002,281.663,0.1941,0.1874,0.1907,0.4291,0.8733,DROWSY,30,0,Windows,unspecified
22:57:43.033,281.694,0.2018,0.2081,0.2049,0.4254,0.8733,DROWSY,31,0,Windows,unspecified
22:57:43.064,281.725,0.1942,0.2054,0.1998,0.4015,0.8733,DROWSY,32,0,Windows,unspecified
22:57:43.096,281.757,0.187,0.2154,0.2012,0.405,0.8733,DROWSY,33,0,Windows,unspecified
22:57:43.157,281.818,0.2704,0.2522,0.2613,0.4121,0.8667,DROWSY,0,0,Windows,unspecified
22:57:43.191,281.852,0.2787,0.2522,0.2655,0.4296,0.86,DROWSY,0,0,Windows,unspecified
22:57:43.222,281.883,0.2902,0.2474,0.2688,0.4273,0.8533,DROWSY,0,0,Windows,unspecified
22:57:43.259,281.92,0.2338,0.2015,0.2176,0.4509,0.8533,DROWSY,1,0,Windows,unspecified
22:57:43.283,281.944,0.2322,0.2149,0.2235,0.4646,0.8533,DROWSY,2,0,Windows,unspecified
22:57:43.313,281.974,0.2322,0.2333,0.2327,0.4358,0.8533,DROWSY,3,0,Windows,unspecified
22:57:43.348,282.01,0.2306,0.215,0.2228,0.4393,0.8533,DROWSY,4,0,Windows,unspecified
22:57:43.376,282.037,0.2338,0.2384,0.2361,0.4156,0.8533,DROWSY,5,0,Windows,unspecified
22:57:43.407,282.068,0.2419,0.2296,0.2357,0.412,0.8533,DROWSY,6,0,Windows,unspecified
22:57:43.440,282.101,0.2421,0.194,0.2181,0.4183,0.8533,DROWSY,7,0,Windows,unspecified
22:57:43.470,282.131,0.2617,0.2347,0.2482,0.4255,0.8467,DROWSY,0,0,Windows,unspecified
22:57:43.502,282.163,0.2591,0.2048,0.2319,0.4202,0.8467,DROWSY,1,0,Windows,unspecified
22:57:43.546,282.207,0.2795,0.2391,0.2593,0.3809,0.84,DROWSY,0,0,Windows,unspecified
22:57:43.579,282.24,0.2795,0.2428,0.2611,0.3872,0.8333,DROWSY,0,0,Windows,unspecified
22:57:43.612,282.273,0.2612,0.2214,0.2413,0.404,0.8267,DROWSY,0,0,Windows,unspecified
22:57:43.661,282.322,0.2167,0.2468,0.2318,0.4027,0.8267,DROWSY,1,0,Windows,unspecified
22:57:43.691,282.352,0.2356,0.2805,0.258,0.4247,0.82,DROWSY,0,0,Windows,unspecified
22:57:43.724,282.385,0.2352,0.2837,0.2594,0.4132,0.8133,DROWSY,0,0,Windows,unspecified
22:57:43.755,282.416,0.2352,0.2837,0.2594,0.4152,0.8067,DROWSY,0,0,Windows,unspecified
22:57:43.786,282.447,0.2352,0.2461,0.2407,0.3898,0.8,DROWSY,0,0,Windows,unspecified
22:57:43.816,282.477,0.2344,0.2176,0.226,0.4008,0.8,DROWSY,1,0,Windows,unspecified
22:57:43.848,282.509,0.231,0.2176,0.2243,0.4039,0.8,DROWSY,2,0,Windows,unspecified
22:57:43.880,282.541,0.1329,0.1272,0.1301,0.3981,0.8,DROWSY,3,0,Windows,unspecified
22:57:43.911,282.572,0.1054,0.1127,0.109,0.4074,0.8,DROWSY,4,0,Windows,unspecified
22:57:43.953,282.614,0.1429,0.1272,0.1351,0.412,0.8,DROWSY,5,0,Windows,unspecified
22:57:44.060,282.721,0.1649,0.1353,0.1501,0.4151,0.8,DROWSY,6,0,Windows,unspecified
22:57:44.097,282.758,0.2107,0.1637,0.1872,0.4073,0.8,DROWSY,7,0,Windows,unspecified
22:57:44.129,282.79,0.2067,0.1736,0.1901,0.4161,0.8,DROWSY,8,0,Windows,unspecified
22:57:44.160,282.821,0.2563,0.2063,0.2313,0.4163,0.8,DROWSY,9,0,Windows,unspecified
22:57:44.192,282.853,0.2473,0.1951,0.2212,0.4136,0.8,DROWSY,10,0,Windows,unspecified
22:57:44.222,282.883,0.2733,0.2098,0.2416,0.4253,0.7933,DROWSY,0,0,Windows,unspecified
22:57:44.255,282.916,0.2805,0.2743,0.2774,0.448,0.7867,DROWSY,0,0,Windows,unspecified
22:57:44.285,282.946,0.2639,0.2743,0.2691,0.4479,0.78,DROWSY,0,0,Windows,unspecified
22:57:44.347,283.009,0.3305,0.3181,0.3243,0.4769,0.7733,DROWSY,0,0,Windows,unspecified
22:57:44.380,283.041,0.3382,0.3259,0.3321,0.4512,0.7667,DROWSY,0,0,Windows,unspecified
22:57:44.410,283.071,0.322,0.3259,0.324,0.4516,0.76,DROWSY,0,0,Windows,unspecified
22:57:44.442,283.103,0.3508,0.3259,0.3384,0.4612,0.7533,DROWSY,0,0,Windows,unspecified
22:57:44.474,283.135,0.3358,0.3173,0.3265,0.477,0.7467,DROWSY,0,0,Windows,unspecified
22:57:44.504,283.165,0.3358,0.315,0.3254,0.4629,0.74,DROWSY,0,0,Windows,unspecified
22:57:44.534,283.195,0.3521,0.3303,0.3412,0.4731,0.7333,DROWSY,0,0,Windows,unspecified
22:57:44.567,283.228,0.3686,0.3512,0.3599,0.5017,0.7267,DROWSY,0,0,Windows,unspecified
22:57:44.597,283.258,0.3686,0.3772,0.3729,0.5067,0.72,DROWSY,0,0,Windows,unspecified
22:57:44.631,283.292,0.3686,0.362,0.3653,0.5006,0.7133,DROWSY,0,0,Windows,unspecified
22:57:44.663,283.324,0.3872,0.36,0.3736,0.4595,0.7067,DROWSY,0,0,Windows,unspecified
22:57:44.694,283.355,0.3783,0.3343,0.3563,0.4406,0.7,DROWSY,0,0,Windows,unspecified
22:57:44.750,283.411,0.3708,0.3542,0.3625,0.413,0.6933,DROWSY,0,0,Windows,unspecified
22:57:44.783,283.444,0.3661,0.343,0.3545,0.4203,0.6867,DROWSY,0,0,Windows,unspecified
22:57:44.816,283.478,0.3361,0.3259,0.331,0.3999,0.68,DROWSY,0,0,Windows,unspecified
22:57:44.848,283.509,0.3361,0.3114,0.3238,0.3966,0.6733,DROWSY,0,0,Windows,unspecified
22:57:44.877,283.538,0.31,0.3211,0.3155,0.3914,0.6667,DROWSY,0,0,Windows,unspecified
22:57:44.909,283.57,0.3062,0.3211,0.3136,0.3864,0.66,DROWSY,0,0,Windows,unspecified
22:57:44.940,283.601,0.3218,0.3459,0.3338,0.3961,0.6533,DROWSY,0,0,Windows,unspecified
22:57:44.972,283.633,0.3242,0.3352,0.3297,0.3891,0.6467,DROWSY,0,0,Windows,unspecified
22:57:45.002,283.663,0.3466,0.3352,0.3409,0.3871,0.64,DROWSY,0,0,Windows,unspecified
22:57:45.033,283.694,0.3487,0.3326,0.3406,0.3861,0.6333,DROWSY,0,0,Windows,unspecified
22:57:45.064,283.725,0.3606,0.3361,0.3483,0.4241,0.6267,DROWSY,0,0,Windows,unspecified
22:57:45.094,283.756,0.3313,0.3445,0.3379,0.429,0.62,DROWSY,0,0,Windows,unspecified
22:57:45.148,283.809,0.3259,0.2964,0.3112,0.4176,0.6133,DROWSY,0,0,Windows,unspecified
22:57:45.176,283.837,0.3158,0.305,0.3104,0.4167,0.6067,DROWSY,0,0,Windows,unspecified
22:57:45.208,283.869,0.3162,0.3219,0.3191,0.4164,0.6,DROWSY,0,0,Windows,unspecified
22:57:45.237,283.898,0.3139,0.3219,0.3179,0.4164,0.5933,DROWSY,0,0,Windows,unspecified
22:57:45.266,283.927,0.3238,0.3211,0.3224,0.3972,0.5867,DROWSY,0,0,Windows,unspecified
22:57:45.299,283.96,0.3034,0.3359,0.3196,0.3971,0.58,DROWSY,0,0,Windows,unspecified
22:57:45.332,283.993,0.3143,0.3359,0.3251,0.4032,0.5733,DROWSY,0,0,Windows,unspecified
22:57:45.360,284.021,0.3324,0.3608,0.3466,0.363,0.5667,DROWSY,0,0,Windows,unspecified
22:57:45.394,284.055,0.3569,0.3473,0.3521,0.3529,0.56,DROWSY,0,0,Windows,unspecified
22:57:45.425,284.087,0.3422,0.3452,0.3437,0.3505,0.5533,DROWSY,0,0,Windows,unspecified
22:57:45.455,284.116,0.3321,0.3153,0.3237,0.3987,0.5467,DROWSY,0,0,Windows,unspecified
22:57:45.488,284.149,0.3319,0.3063,0.3191,0.3941,0.54,DROWSY,0,0,Windows,unspecified
22:57:45.568,284.229,0.312,0.3063,0.3091,0.3786,0.54,DROWSY,0,0,Windows,unspecified
22:57:45.597,284.258,0.3211,0.3208,0.3209,0.3852,0.54,DROWSY,0,0,Windows,unspecified
22:57:45.645,284.306,0.3344,0.3379,0.3361,0.3852,0.54,DROWSY,0,0,Windows,unspecified
22:57:45.678,284.339,0.339,0.3324,0.3357,0.372,0.54,DROWSY,0,0,Windows,unspecified
22:57:45.756,284.417,0.3332,0.3508,0.342,0.3848,0.5333,DROWSY,0,0,Windows,unspecified
22:57:45.785,284.446,0.3473,0.324,0.3356,0.3841,0.5267,DROWSY,0,0,Windows,unspecified
22:57:45.818,284.479,0.33,0.3099,0.3199,0.3895,0.52,DROWSY,0,0,Windows,unspecified
22:57:45.853,284.514,0.3167,0.3128,0.3148,0.387,0.52,DROWSY,0,0,Windows,unspecified
22:57:45.879,284.54,0.324,0.3245,0.3242,0.395,0.52,DROWSY,0,0,Windows,unspecified
22:57:45.964,284.625,0.3259,0.3593,0.3426,0.3676,0.52,DROWSY,0,0,Windows,unspecified
22:57:45.989,284.65,0.3233,0.3577,0.3405,0.37,0.52,DROWSY,0,0,Windows,unspecified
22:57:46.020,284.681,0.3343,0.344,0.3391,0.3716,0.52,DROWSY,0,0,Windows,unspecified
22:57:46.055,284.716,0.3343,0.344,0.3391,0.3643,0.52,DROWSY,0,0,Windows,unspecified
22:57:46.082,284.743,0.3395,0.341,0.3403,0.389,0.52,DROWSY,0,0,Windows,unspecified
22:57:46.112,284.773,0.3433,0.3536,0.3484,0.393,0.52,DROWSY,0,0,Windows,unspecified
22:57:46.140,284.801,0.3433,0.3376,0.3405,0.3936,0.52,DROWSY,0,0,Windows,unspecified
22:57:46.173,284.834,0.3671,0.3833,0.3752,0.39,0.52,DROWSY,0,0,Windows,unspecified
22:57:46.204,284.865,0.3564,0.3692,0.3628,0.3786,0.5133,DROWSY,0,0,Windows,unspecified
22:57:46.235,284.896,0.3564,0.3552,0.3558,0.3825,0.5067,DROWSY,0,0,Windows,unspecified
22:57:46.269,284.93,0.3671,0.3546,0.3609,0.3886,0.5,DROWSY,0,0,Windows,unspecified
22:57:46.298,284.959,0.3433,0.3772,0.3603,0.3995,0.4933,DROWSY,0,0,Windows,unspecified
22:57:46.328,284.989,0.3433,0.3791,0.3612,0.4035,0.4867,DROWSY,0,0,Windows,unspecified
22:57:46.362,285.023,0.3513,0.3582,0.3547,0.3921,0.48,DROWSY,0,0,Windows,unspecified
22:57:46.394,285.055,0.35,0.3473,0.3486,0.3907,0.4733,DROWSY,0,0,Windows,unspecified
22:57:46.424,285.085,0.3468,0.3616,0.3542,0.3907,0.4667,DROWSY,0,0,Windows,unspecified
22:57:46.465,285.126,0.2459,0.2962,0.271,0.3649,0.46,DROWSY,0,0,Windows,unspecified
22:57:46.502,285.163,0.2803,0.3396,0.31,0.3675,0.4533,DROWSY,0,0,Windows,unspecified
22:57:46.534,285.195,0.3017,0.3287,0.3152,0.3629,0.4467,DROWSY,0,0,Windows,unspecified
22:57:46.564,285.225,0.2979,0.3023,0.3001,0.339,0.44,DROWSY,0,0,Windows,unspecified
22:57:46.598,285.259,0.3046,0.3139,0.3093,0.3465,0.4333,DROWSY,0,0,Windows,unspecified
22:57:46.629,285.29,0.2974,0.3229,0.3102,0.3649,0.4333,DROWSY,0,0,Windows,unspecified
22:57:46.661,285.322,0.3072,0.3288,0.318,0.375,0.4333,DROWSY,0,0,Windows,unspecified
22:57:46.691,285.352,0.2859,0.3365,0.3112,0.3732,0.4333,DROWSY,0,0,Windows,unspecified
22:57:46.723,285.384,0.3072,0.3286,0.3179,0.3667,0.4333,DROWSY,0,0,Windows,unspecified
22:57:46.764,285.425,0.2728,0.2796,0.2762,0.3863,0.4267,DROWSY,0,0,Windows,unspecified
22:57:46.799,285.46,0.2974,0.2671,0.2823,0.3725,0.42,DROWSY,0,0,Windows,unspecified
22:57:46.831,285.493,0.2881,0.2643,0.2762,0.3684,0.4133,DROWSY,0,0,Windows,unspecified
22:57:46.859,285.52,0.2811,0.2636,0.2723,0.4044,0.4067,DROWSY,0,0,Windows,unspecified
22:57:46.890,285.551,0.2854,0.2946,0.29,0.3954,0.4,DROWSY,0,0,Windows,unspecified
22:57:46.923,285.584,0.2724,0.2858,0.2791,0.4003,0.3933,DROWSY,0,0,Windows,unspecified
22:57:46.959,285.62,0.2686,0.289,0.2788,0.44,0.3933,DROWSY,0,0,Windows,unspecified
22:57:46.986,285.647,0.2747,0.2575,0.2661,0.4511,0.3867,DROWSY,0,0,Windows,unspecified
22:57:47.019,285.68,0.2656,0.2669,0.2663,0.4648,0.38,DROWSY,0,0,Windows,unspecified
22:57:47.053,285.714,0.2599,0.243,0.2514,0.6883,0.3733,DROWSY,0,1,Windows,unspecified
22:57:47.081,285.742,0.2518,0.2736,0.2627,0.6351,0.3667,DROWSY,0,0,Windows,unspecified
22:57:47.111,285.772,0.2828,0.282,0.2824,0.6206,0.36,DROWSY,0,0,Windows,unspecified
22:57:47.163,285.824,0.2851,0.292,0.2885,0.6775,0.3533,DROWSY,0,1,Windows,unspecified
22:57:47.190,285.851,0.3017,0.2759,0.2888,0.7195,0.3467,NORMAL,0,2,Windows,unspecified
22:57:47.222,285.883,0.2842,0.2915,0.2879,0.7121,0.34,NORMAL,0,3,Windows,unspecified
22:57:47.259,285.921,0.282,0.2599,0.271,0.7023,0.3333,NORMAL,0,4,Windows,unspecified
22:57:47.284,285.945,0.2751,0.2664,0.2707,0.7307,0.3267,NORMAL,0,5,Windows,unspecified
22:57:47.315,285.976,0.2751,0.2509,0.263,0.7542,0.32,NORMAL,0,6,Windows,unspecified
22:57:47.359,286.02,0.2665,0.251,0.2587,0.7532,0.3133,NORMAL,0,7,Windows,unspecified
22:57:47.393,286.054,0.2816,0.251,0.2663,0.7474,0.3067,NORMAL,0,8,Windows,unspecified
22:57:47.423,286.084,0.2816,0.2584,0.27,0.733,0.3,NORMAL,0,9,Windows,unspecified
22:57:47.451,286.112,0.2738,0.2675,0.2706,0.75,0.2933,NORMAL,0,10,Windows,unspecified
22:57:47.485,286.146,0.2897,0.2736,0.2816,0.7678,0.2867,NORMAL,0,11,Windows,unspecified
22:57:47.516,286.178,0.3058,0.2736,0.2897,0.7726,0.28,NORMAL,0,12,Windows,unspecified
22:57:47.567,286.228,0.2897,0.2666,0.2782,0.7931,0.2733,NORMAL,0,13,Windows,unspecified
22:57:47.599,286.26,0.2655,0.2666,0.266,0.7751,0.2667,NORMAL,0,14,Windows,unspecified
22:57:47.626,286.288,0.2967,0.2666,0.2817,0.7759,0.26,WARNING,0,15,Windows,unspecified
22:57:47.659,286.321,0.2819,0.282,0.282,0.7385,0.2533,WARNING,0,16,Windows,unspecified
22:57:47.689,286.35,0.2664,0.282,0.2742,0.7318,0.2467,WARNING,0,17,Windows,unspecified
22:57:47.722,286.383,0.2664,0.2675,0.2669,0.7335,0.24,WARNING,0,18,Windows,unspecified
22:57:47.754,286.415,0.2673,0.2665,0.2669,0.7494,0.2333,WARNING,0,19,Windows,unspecified
22:57:47.784,286.445,0.2824,0.2665,0.2745,0.7426,0.2267,WARNING,0,20,Windows,unspecified
22:57:47.815,286.476,0.2984,0.2665,0.2824,0.7555,0.22,WARNING,0,21,Windows,unspecified
22:57:47.869,286.53,0.2979,0.2665,0.2822,0.7387,0.2133,WARNING,0,22,Windows,unspecified
22:57:47.893,286.554,0.2984,0.2819,0.2901,0.734,0.2067,WARNING,0,23,Windows,unspecified
22:57:47.928,286.589,0.2893,0.2984,0.2939,0.7344,0.2,WARNING,0,24,Windows,unspecified
22:57:47.964,286.625,0.2886,0.2976,0.2931,0.7344,0.1933,WARNING,0,25,Windows,unspecified
22:57:47.990,286.651,0.2886,0.2976,0.2931,0.7341,0.1867,WARNING,0,26,Windows,unspecified
22:57:48.021,286.682,0.2886,0.2967,0.2927,0.7377,0.18,WARNING,0,27,Windows,unspecified
22:57:48.059,286.72,0.2889,0.2886,0.2888,0.745,0.1733,WARNING,0,28,Windows,unspecified
22:57:48.082,286.743,0.2882,0.2887,0.2885,0.7531,0.1667,WARNING,0,29,Windows,unspecified
22:57:48.115,286.777,0.2739,0.2821,0.278,0.763,0.16,WARNING,0,30,Windows,unspecified
22:57:48.156,286.818,0.2824,0.2821,0.2823,0.7554,0.1533,WARNING,0,31,Windows,unspecified
22:57:48.192,286.853,0.2816,0.283,0.2823,0.7533,0.1467,WARNING,0,32,Windows,unspecified
22:57:48.223,286.884,0.2816,0.2736,0.2776,0.7652,0.14,WARNING,0,33,Windows,unspecified
22:57:48.268,286.929,0.2816,0.2509,0.2662,0.7413,0.1333,WARNING,0,34,Windows,unspecified
22:57:48.302,286.963,0.2816,0.25,0.2658,0.7062,0.1267,WARNING,0,35,Windows,unspecified
22:57:48.332,286.993,0.2505,0.251,0.2507,0.7027,0.1267,WARNING,0,36,Windows,unspecified
22:57:48.365,287.026,0.2816,0.282,0.2818,0.6642,0.1267,WARNING,0,37,Windows,unspecified
22:57:48.394,287.055,0.2972,0.2665,0.2818,0.6802,0.1267,WARNING,0,38,Windows,unspecified
22:57:48.426,287.088,0.2817,0.2664,0.274,0.685,0.12,WARNING,0,39,Windows,unspecified
22:57:48.463,287.124,0.2722,0.2665,0.2693,0.633,0.1133,NORMAL,0,0,Windows,unspecified
22:57:48.488,287.149,0.2874,0.2665,0.2769,0.6365,0.1067,NORMAL,0,0,Windows,unspecified
22:57:48.519,287.18,0.2874,0.2665,0.2769,0.6398,0.1,NORMAL,0,0,Windows,unspecified
22:57:48.556,287.217,0.2817,0.2665,0.2741,0.5101,0.0933,NORMAL,0,0,Windows,unspecified
22:57:48.580,287.241,0.2979,0.2821,0.29,0.5198,0.0867,NORMAL,0,0,Windows,unspecified
22:57:48.612,287.273,0.3009,0.2821,0.2915,0.5068,0.08,NORMAL,0,0,Windows,unspecified
22:57:48.666,287.327,0.2893,0.3131,0.3012,0.5263,0.08,NORMAL,0,0,Windows,unspecified
22:57:48.690,287.351,0.2937,0.282,0.2878,0.5421,0.0733,NORMAL,0,0,Windows,unspecified
22:57:48.722,287.383,0.2937,0.282,0.2878,0.5337,0.0733,NORMAL,0,0,Windows,unspecified
22:57:48.763,287.424,0.3195,0.3032,0.3114,0.7049,0.0733,NORMAL,0,1,Windows,unspecified
22:57:48.798,287.459,0.3295,0.3032,0.3163,0.7079,0.0733,NORMAL,0,2,Windows,unspecified
22:57:48.830,287.491,0.3139,0.2882,0.3011,0.7016,0.0667,NORMAL,0,3,Windows,unspecified
22:57:48.860,287.521,0.1673,0.1965,0.1819,0.6277,0.0733,NORMAL,1,0,Windows,unspecified
22:57:48.892,287.553,0.1642,0.15,0.1571,0.5991,0.08,NORMAL,2,0,Windows,unspecified
22:57:48.925,287.586,0.1686,0.1644,0.1665,0.6027,0.0867,NORMAL,3,0,Windows,unspecified
22:57:48.959,287.62,0.1407,0.0903,0.1155,0.4022,0.0933,NORMAL,4,0,Windows,unspecified
22:57:48.987,287.649,0.0903,0.0903,0.0903,0.4023,0.0933,NORMAL,5,0,Windows,unspecified
22:57:49.017,287.678,0.1178,0.0903,0.104,0.3966,0.0933,NORMAL,6,0,Windows,unspecified
22:57:49.070,287.732,0.1738,0.1356,0.1547,0.3939,0.0933,NORMAL,7,0,Windows,unspecified
22:57:49.097,287.758,0.1738,0.1407,0.1572,0.4172,0.0933,NORMAL,8,0,Windows,unspecified
22:57:49.129,287.79,0.1498,0.1449,0.1473,0.4193,0.0933,NORMAL,9,0,Windows,unspecified
22:57:49.164,287.825,0.1934,0.1356,0.1645,0.5343,0.0933,WARNING,10,0,Windows,unspecified
22:57:49.191,287.852,0.1789,0.144,0.1615,0.5681,0.0933,WARNING,11,0,Windows,unspecified
22:57:49.222,287.883,0.1644,0.1407,0.1525,0.5745,0.0933,WARNING,12,0,Windows,unspecified
22:57:49.259,287.92,0.1788,0.1821,0.1805,0.4068,0.0933,WARNING,13,0,Windows,unspecified
22:57:49.284,287.945,0.2142,0.1824,0.1983,0.3868,0.0933,WARNING,14,0,Windows,unspecified
22:57:49.314,287.975,0.2142,0.1824,0.1983,0.3778,0.1,WARNING,15,0,Windows,unspecified
22:57:49.356,288.017,0.1842,0.1499,0.1671,0.4921,0.1067,WARNING,16,0,Windows,unspecified
22:57:49.393,288.054,0.2139,0.1879,0.2009,0.4994,0.1133,WARNING,17,0,Windows,unspecified
22:57:49.421,288.082,0.2289,0.1975,0.2132,0.5036,0.12,WARNING,18,0,Windows,unspecified
22:57:49.466,288.128,0.1989,0.2205,0.2097,0.4626,0.1267,WARNING,19,0,Windows,unspecified
22:57:49.501,288.162,0.1931,0.1997,0.1964,0.4548,0.1333,DROWSY,20,0,Windows,unspecified
22:57:49.531,288.192,0.1931,0.2026,0.1978,0.4311,0.14,DROWSY,21,0,Windows,unspecified
22:57:49.561,288.222,0.1824,0.1499,0.1661,0.3966,0.1467,DROWSY,22,0,Windows,unspecified
22:57:49.594,288.255,0.1876,0.1546,0.1711,0.3838,0.1533,DROWSY,23,0,Windows,unspecified
22:57:49.625,288.286,0.184,0.1544,0.1692,0.3832,0.16,DROWSY,24,0,Windows,unspecified
22:57:49.660,288.322,0.1786,0.1211,0.1498,0.505,0.1667,DROWSY,25,0,Windows,unspecified
22:57:49.688,288.35,0.1934,0.1499,0.1716,0.549,0.1733,DROWSY,26,0,Windows,unspecified
22:57:49.718,288.379,0.1644,0.1499,0.1571,0.5422,0.18,DROWSY,27,0,Windows,unspecified
22:57:49.755,288.416,0.2076,0.1499,0.1788,0.3879,0.1867,DROWSY,28,0,Windows,unspecified
22:57:49.782,288.443,0.2107,0.1499,0.1803,0.3765,0.1933,DROWSY,29,0,Windows,unspecified
22:57:49.814,288.475,0.2076,0.1788,0.1932,0.3697,0.2,DROWSY,30,0,Windows,unspecified
22:57:49.873,288.534,0.2076,0.1824,0.195,0.3725,0.2067,DROWSY,31,0,Windows,unspecified
22:57:49.906,288.567,0.2047,0.1824,0.1935,0.3687,0.2133,DROWSY,32,0,Windows,unspecified
22:57:49.938,288.599,0.2107,0.1772,0.1939,0.3637,0.22,DROWSY,33,0,Windows,unspecified
22:57:49.968,288.629,0.1595,0.1073,0.1334,0.3762,0.2267,DROWSY,34,0,Windows,unspecified
22:57:49.999,288.66,0.1454,0.104,0.1247,0.382,0.2333,DROWSY,35,0,Windows,unspecified
22:57:50.031,288.692,0.1452,0.1041,0.1246,0.3856,0.24,DROWSY,36,0,Windows,unspecified
22:57:50.059,288.72,0.1414,0.0878,0.1146,0.3697,0.2467,DROWSY,37,0,Windows,unspecified
22:57:50.093,288.754,0.1238,0.1121,0.118,0.3762,0.2533,DROWSY,38,0,Windows,unspecified
22:57:50.123,288.784,0.1414,0.1011,0.1213,0.3697,0.26,DROWSY,39,0,Windows,unspecified
22:57:50.174,288.835,0.1412,0.104,0.1226,0.3663,0.2667,DROWSY,40,0,Windows,unspecified
22:57:50.203,288.864,0.1544,0.109,0.1317,0.3772,0.2733,DROWSY,41,0,Windows,unspecified
22:57:50.236,288.897,0.1544,0.1011,0.1277,0.3786,0.28,DROWSY,42,0,Windows,unspecified
22:57:50.268,288.929,0.1616,0.1122,0.1369,0.3707,0.2867,DROWSY,43,0,Windows,unspecified
22:57:50.295,288.956,0.1746,0.1242,0.1494,0.367,0.2933,DROWSY,44,0,Windows,unspecified
22:57:50.328,288.989,0.1662,0.1122,0.1392,0.3668,0.3,DROWSY,45,0,Windows,unspecified
22:57:50.364,289.025,0.2374,0.2179,0.2277,0.39,0.3067,DROWSY,46,0,Windows,unspecified
22:57:50.391,289.052,0.244,0.2305,0.2372,0.3857,0.3133,DROWSY,47,0,Windows,unspecified
22:57:50.430,289.091,0.2448,0.2375,0.2412,0.3798,0.3133,NORMAL,0,0,Windows,unspecified
22:57:50.459,289.12,0.2959,0.3114,0.3036,0.3818,0.3133,NORMAL,0,0,Windows,unspecified
22:57:50.484,289.145,0.3316,0.3166,0.3241,0.3901,0.3133,NORMAL,0,0,Windows,unspecified
22:57:50.519,289.18,0.3316,0.3162,0.3239,0.3901,0.3133,NORMAL,0,0,Windows,unspecified
22:57:50.575,289.236,0.3581,0.3478,0.3529,0.3855,0.3133,NORMAL,0,0,Windows,unspecified
22:57:50.612,289.273,0.386,0.3473,0.3667,0.3751,0.3133,NORMAL,0,0,Windows,unspecified
22:57:50.642,289.303,0.386,0.3473,0.3667,0.3751,0.3133,NORMAL,0,0,Windows,unspecified
22:57:50.672,289.333,0.3755,0.3573,0.3664,0.3735,0.3133,NORMAL,0,0,Windows,unspecified
22:57:50.704,289.365,0.3739,0.3573,0.3656,0.3765,0.3133,NORMAL,0,0,Windows,unspecified
22:57:50.734,289.395,0.372,0.3573,0.3647,0.3804,0.3133,NORMAL,0,0,Windows,unspecified
22:57:50.763,289.424,0.376,0.3835,0.3797,0.3802,0.3133,NORMAL,0,0,Windows,unspecified
22:57:50.798,289.459,0.3641,0.3766,0.3704,0.3706,0.3133,NORMAL,0,0,Windows,unspecified
22:57:50.831,289.492,0.3641,0.3699,0.367,0.3674,0.3133,NORMAL,0,0,Windows,unspecified
22:57:50.859,289.52,0.3751,0.3559,0.3655,0.3788,0.3133,NORMAL,0,0,Windows,unspecified
22:57:50.893,289.554,0.3725,0.3699,0.3712,0.3811,0.3133,NORMAL,0,0,Windows,unspecified
22:57:50.926,289.587,0.3751,0.3699,0.3725,0.3857,0.3133,NORMAL,0,0,Windows,unspecified
22:57:50.972,289.633,0.3655,0.3597,0.3626,0.387,0.3133,NORMAL,0,0,Windows,unspecified
22:57:51.004,289.665,0.3775,0.366,0.3717,0.3935,0.3133,NORMAL,0,0,Windows,unspecified
22:57:51.034,289.695,0.3641,0.3667,0.3654,0.3935,0.3133,NORMAL,0,0,Windows,unspecified
22:57:51.068,289.729,0.3647,0.3633,0.364,0.4264,0.3133,NORMAL,0,0,Windows,unspecified
22:57:51.097,289.758,0.3619,0.3766,0.3693,0.445,0.3133,NORMAL,0,0,Windows,unspecified
22:57:51.127,289.789,0.3347,0.3739,0.3543,0.4483,0.3133,NORMAL,0,0,Windows,unspecified
22:57:51.165,289.826,0.3423,0.3452,0.3438,0.4506,0.3133,NORMAL,0,0,Windows,unspecified
22:57:51.191,289.852,0.3181,0.3207,0.3194,0.443,0.3133,NORMAL,0,0,Windows,unspecified
22:57:51.222,289.883,0.327,0.3315,0.3292,0.4472,0.3133,NORMAL,0,0,Windows,unspecified
22:57:51.260,289.921,0.2989,0.3441,0.3215,0.4717,0.3133,NORMAL,0,0,Windows,unspecified
22:57:51.286,289.947,0.301,0.3348,0.3179,0.4751,0.3133,NORMAL,0,0,Windows,unspecified
22:57:51.316,289.977,0.301,0.3449,0.3229,0.4868,0.3133,NORMAL,0,0,Windows,unspecified
22:57:51.372,290.033,0.1403,0.0903,0.1153,0.4503,0.32,NORMAL,1,0,Windows,unspecified
22:57:51.395,290.056,0.085,0.0404,0.0627,0.4401,0.3267,NORMAL,2,0,Windows,unspecified
22:57:51.426,290.087,0.0937,0.0403,0.067,0.435,0.3333,NORMAL,3,0,Windows,unspecified
22:57:51.467,290.128,0.0828,0.0506,0.0667,0.4347,0.34,NORMAL,4,0,Windows,unspecified
22:57:51.504,290.165,0.0847,0.0621,0.0734,0.4373,0.3467,NORMAL,5,0,Windows,unspecified
22:57:51.537,290.198,0.0847,0.0639,0.0743,0.4316,0.3533,DROWSY,6,0,Windows,unspecified
22:57:51.563,290.224,0.1056,0.0521,0.0789,0.4306,0.36,DROWSY,7,0,Windows,unspecified
22:57:51.596,290.257,0.1056,0.0639,0.0847,0.4357,0.3667,DROWSY,8,0,Windows,unspecified
22:57:51.628,290.289,0.1029,0.0893,0.0961,0.4318,0.3733,DROWSY,9,0,Windows,unspecified
22:57:51.660,290.321,0.1436,0.1242,0.1339,0.4364,0.38,DROWSY,10,0,Windows,unspecified
22:57:51.692,290.353,0.1612,0.0967,0.1289,0.4395,0.3867,DROWSY,11,0,Windows,unspecified
22:57:51.721,290.382,0.1623,0.104,0.1332,0.4453,0.3933,DROWSY,12,0,Windows,unspecified
22:57:51.770,290.431,0.157,0.0684,0.1127,0.46,0.4,DROWSY,13,0,Windows,unspecified
22:57:51.802,290.463,0.1316,0.0493,0.0905,0.4593,0.4067,DROWSY,14,0,Windows,unspecified
22:57:51.832,290.493,0.1156,0.0382,0.0769,0.4553,0.4133,DROWSY,15,0,Windows,unspecified
22:57:51.867,290.528,0.0784,0.0502,0.0643,0.4046,0.42,DROWSY,16,0,Windows,unspecified
22:57:51.893,290.554,0.0763,0.0517,0.064,0.3863,0.4267,DROWSY,17,0,Windows,unspecified
22:57:51.926,290.587,0.0539,0.0416,0.0477,0.3885,0.4333,DROWSY,18,0,Windows,unspecified
22:57:51.965,290.626,0.0573,0.1127,0.085,0.3708,0.44,DROWSY,19,0,Windows,unspecified
22:57:51.984,290.646,0.0673,0.0803,0.0738,0.356,0.4467,DROWSY,20,0,Windows,unspecified
22:57:52.020,290.681,0.0788,0.0831,0.081,0.3643,0.4533,DROWSY,21,0,Windows,unspecified
22:57:52.059,290.72,0.1416,0.212,0.1768,0.4323,0.46,DROWSY,22,0,Windows,unspecified
22:57:52.095,290.756,0.1511,0.1581,0.1546,0.4341,0.4667,DROWSY,23,0,Windows,unspecified
22:57:52.128,290.789,0.1341,0.1558,0.1449,0.4422,0.4733,DROWSY,24,0,Windows,unspecified
22:57:52.177,290.838,0.1458,0.2315,0.1887,0.4503,0.48,DROWSY,25,0,Windows,unspecified
22:57:52.205,290.866,0.1213,0.2308,0.1761,0.4219,0.4867,DROWSY,26,0,Windows,unspecified
22:57:52.239,290.9,0.1378,0.2308,0.1843,0.4301,0.4933,DROWSY,27,0,Windows,unspecified
22:57:52.274,290.935,0.1643,0.2045,0.1844,0.4531,0.5,DROWSY,28,0,Windows,unspecified
22:57:52.306,290.967,0.1246,0.1872,0.1559,0.4493,0.5067,DROWSY,29,0,Windows,unspecified
22:57:52.333,290.994,0.1246,0.1844,0.1545,0.4528,0.5133,DROWSY,30,0,Windows,unspecified
22:57:52.368,291.029,0.1495,0.2378,0.1937,0.4601,0.52,DROWSY,31,0,Windows,unspecified
22:57:52.394,291.055,0.1495,0.2632,0.2063,0.4913,0.5267,DROWSY,32,0,Windows,unspecified
22:57:52.425,291.086,0.1735,0.2632,0.2183,0.4666,0.5333,DROWSY,33,0,Windows,unspecified
22:57:52.483,291.144,0.1758,0.3313,0.2535,0.4648,0.5333,DROWSY,0,0,Windows,unspecified
22:57:52.503,291.164,0.1524,0.3213,0.2369,0.4883,0.54,DROWSY,1,0,Windows,unspecified
22:57:52.534,291.195,0.1682,0.3266,0.2474,0.4753,0.54,DROWSY,0,0,Windows,unspecified
22:57:52.572,291.233,0.1823,0.295,0.2387,0.4975,0.5467,DROWSY,1,0,Windows,unspecified
22:57:52.596,291.257,0.1682,0.3467,0.2575,0.5146,0.5467,DROWSY,0,0,Windows,unspecified
22:57:52.627,291.288,0.1682,0.3437,0.2559,0.5071,0.5467,DROWSY,0,0,Windows,unspecified
22:57:52.666,291.327,0.1534,0.2829,0.2181,0.4733,0.5533,DROWSY,1,0,Windows,unspecified
22:57:52.691,291.352,0.1484,0.3301,0.2392,0.4796,0.5533,DROWSY,0,0,Windows,unspecified
22:57:52.722,291.383,0.1333,0.3301,0.2317,0.4846,0.56,DROWSY,1,0,Windows,unspecified
22:57:52.764,291.425,0.1581,0.3102,0.2342,0.4698,0.5667,DROWSY,2,0,Windows,unspecified
22:57:52.801,291.462,0.1387,0.3071,0.2229,0.4706,0.5733,DROWSY,3,0,Windows,unspecified
22:57:52.832,291.494,0.1479,0.2802,0.2141,0.471,0.58,DROWSY,4,0,Windows,unspecified
22:57:52.874,291.536,0.1411,0.2802,0.2106,0.6377,0.5867,DROWSY,5,0,Windows,unspecified
22:57:52.911,291.572,0.155,0.3162,0.2356,0.6766,0.5933,DROWSY,6,1,Windows,unspecified
22:57:52.941,291.602,0.1581,0.3434,0.2508,0.664,0.5933,DROWSY,0,2,Windows,unspecified
22:57:52.972,291.633,0.1574,0.3215,0.2395,0.5936,0.5933,DROWSY,0,0,Windows,unspecified
22:57:53.002,291.663,0.1626,0.2802,0.2214,0.5456,0.6,DROWSY,1,0,Windows,unspecified
22:57:53.033,291.694,0.1387,0.2495,0.1941,0.5069,0.6067,DROWSY,2,0,Windows,unspecified
22:57:53.067,291.728,0.1478,0.3014,0.2246,0.4897,0.6133,DROWSY,3,0,Windows,unspecified
22:57:53.097,291.758,0.1387,0.2942,0.2164,0.4709,0.62,DROWSY,4,0,Windows,unspecified
22:57:53.128,291.789,0.1519,0.3014,0.2267,0.4849,0.6267,DROWSY,5,0,Windows,unspecified
22:57:53.165,291.826,0.1559,0.3143,0.2351,0.4944,0.6333,DROWSY,6,0,Windows,unspecified
22:57:53.193,291.854,0.1408,0.3221,0.2314,0.5048,0.64,DROWSY,7,0,Windows,unspecified
22:57:53.222,291.883,0.1273,0.3221,0.2247,0.5095,0.6467,DROWSY,8,0,Windows,unspecified
22:57:53.276,291.937,0.1164,0.2495,0.1829,0.4553,0.6533,DROWSY,9,0,Windows,unspecified
22:57:53.313,291.974,0.099,0.216,0.1575,0.4339,0.66,DROWSY,10,0,Windows,unspecified
22:57:53.346,292.007,0.0848,0.211,0.1479,0.4279,0.6667,DROWSY,11,0,Windows,unspecified
22:57:53.378,292.039,0.1108,0.1644,0.1376,0.4162,0.6733,DROWSY,12,0,Windows,unspecified
22:57:53.410,292.071,0.1091,0.1907,0.1499,0.4092,0.68,DROWSY,13,0,Windows,unspecified
22:57:53.443,292.104,0.1121,0.1812,0.1467,0.414,0.6867,DROWSY,14,0,Windows,unspecified
22:57:53.469,292.13,0.094,0.1452,0.1196,0.3683,0.6933,DROWSY,15,0,Windows,unspecified
22:57:53.502,292.163,0.0893,0.115,0.1022,0.3667,0.7,DROWSY,16,0,Windows,unspecified
22:57:53.533,292.194,0.0893,0.099,0.0941,0.369,0.7067,DROWSY,17,0,Windows,unspecified
22:57:53.563,292.225,0.0808,0.1034,0.0921,0.3769,0.7133,DROWSY,18,0,Windows,unspecified
22:57:53.594,292.255,0.0786,0.1026,0.0906,0.3972,0.72,DROWSY,19,0,Windows,unspecified
22:57:53.625,292.287,0.0806,0.0999,0.0903,0.3998,0.7267,DROWSY,20,0,Windows,unspecified
22:57:53.680,292.341,0.0976,0.0958,0.0967,0.3758,0.7333,DROWSY,21,0,Windows,unspecified
22:57:53.718,292.379,0.1104,0.1025,0.1065,0.3612,0.74,DROWSY,22,0,Windows,unspecified
22:57:53.752,292.413,0.1002,0.1025,0.1014,0.367,0.7467,DROWSY,23,0,Windows,unspecified
22:57:53.782,292.443,0.106,0.1224,0.1142,0.3641,0.7533,DROWSY,24,0,Windows,unspecified
22:57:53.813,292.474,0.1166,0.0995,0.1081,0.3701,0.76,DROWSY,25,0,Windows,unspecified
22:57:53.843,292.504,0.1134,0.0995,0.1065,0.3665,0.7667,DROWSY,26,0,Windows,unspecified
22:57:53.875,292.536,0.1386,0.1435,0.141,0.3777,0.7667,DROWSY,27,0,Windows,unspecified
22:57:53.909,292.57,0.1713,0.1435,0.1574,0.377,0.7667,DROWSY,28,0,Windows,unspecified
22:57:53.938,292.599,0.1704,0.1632,0.1668,0.3844,0.7667,DROWSY,29,0,Windows,unspecified
22:57:53.968,292.629,0.1738,0.1315,0.1526,0.3623,0.7667,DROWSY,30,0,Windows,unspecified
22:57:53.998,292.659,0.1852,0.1527,0.169,0.3655,0.7667,DROWSY,31,0,Windows,unspecified
22:57:54.030,292.691,0.1747,0.1527,0.1637,0.3611,0.7667,DROWSY,32,0,Windows,unspecified
22:57:54.075,292.737,0.0615,0.0624,0.0619,0.3484,0.7667,DROWSY,33,0,Windows,unspecified
22:57:54.104,292.765,0.063,0.0723,0.0676,0.338,0.7667,DROWSY,34,0,Windows,unspecified
22:57:54.139,292.8,0.0615,0.0521,0.0568,0.3421,0.7667,DROWSY,35,0,Windows,unspecified
22:57:54.172,292.833,0.0663,0.0934,0.0798,0.3651,0.7667,DROWSY,36,0,Windows,unspecified
22:57:54.202,292.863,0.0554,0.0697,0.0626,0.3623,0.7667,DROWSY,37,0,Windows,unspecified
22:57:54.235,292.896,0.0805,0.0882,0.0844,0.3604,0.7667,DROWSY,38,0,Windows,unspecified
22:57:54.268,292.93,0.0567,0.1091,0.0829,0.3418,0.7667,DROWSY,39,0,Windows,unspecified
22:57:54.298,292.959,0.0583,0.1127,0.0855,0.3497,0.7667,DROWSY,40,0,Windows,unspecified
22:57:54.329,292.99,0.055,0.1127,0.0839,0.3388,0.7667,DROWSY,41,0,Windows,unspecified
22:57:54.364,293.025,0.0688,0.1329,0.1009,0.3508,0.7667,DROWSY,42,0,Windows,unspecified
22:57:54.390,293.051,0.0825,0.1389,0.1107,0.3553,0.7667,DROWSY,43,0,Windows,unspecified
22:57:54.422,293.084,0.0548,0.1298,0.0923,0.3543,0.7667,DROWSY,44,0,Windows,unspecified
22:57:54.477,293.138,0.0695,0.1434,0.1065,0.3631,0.7667,DROWSY,45,0,Windows,unspecified
22:57:54.502,293.163,0.0822,0.13,0.1061,0.3606,0.7667,DROWSY,46,0,Windows,unspecified
22:57:54.532,293.193,0.0667,0.1385,0.1026,0.3538,0.7667,DROWSY,47,0,Windows,unspecified
22:57:54.571,293.233,0.0981,0.1434,0.1207,0.3342,0.7667,DROWSY,48,0,Windows,unspecified
22:57:54.594,293.255,0.0845,0.1487,0.1166,0.3543,0.7667,DROWSY,49,0,Windows,unspecified
22:57:54.626,293.287,0.0864,0.1828,0.1346,0.3431,0.7667,DROWSY,50,0,Windows,unspecified
22:57:54.667,293.328,0.0998,0.1596,0.1297,0.3486,0.7667,DROWSY,51,0,Windows,unspecified
22:57:54.703,293.364,0.0954,0.1491,0.1223,0.3563,0.7667,DROWSY,52,0,Windows,unspecified
22:57:54.732,293.393,0.0954,0.1565,0.126,0.3576,0.7667,DROWSY,53,0,Windows,unspecified
22:57:54.779,293.44,0.0874,0.1528,0.1201,0.359,0.7667,DROWSY,54,0,Windows,unspecified
22:57:54.812,293.473,0.0868,0.1372,0.112,0.3564,0.7667,DROWSY,55,0,Windows,unspecified
22:57:54.843,293.504,0.0868,0.1342,0.1105,0.3552,0.7667,DROWSY,56,0,Windows,unspecified
22:57:54.875,293.536,0.1168,0.1739,0.1454,0.3533,0.7667,DROWSY,57,0,Windows,unspecified
22:57:54.906,293.567,0.0895,0.1425,0.116,0.3632,0.7667,DROWSY,58,0,Windows,unspecified
22:57:54.938,293.599,0.0899,0.1429,0.1164,0.3674,0.7667,DROWSY,59,0,Windows,unspecified
22:57:54.971,293.632,0.0898,0.1588,0.1243,0.4057,0.7667,DROWSY,60,0,Windows,unspecified
22:57:55.001,293.662,0.0926,0.1024,0.0975,0.4041,0.7667,DROWSY,61,0,Windows,unspecified
22:57:55.032,293.693,0.0788,0.1024,0.0906,0.4032,0.7667,DROWSY,62,0,Windows,unspecified
22:57:55.069,293.73,0.1089,0.1213,0.1151,0.4096,0.7667,DROWSY,63,0,Windows,unspecified
22:57:55.094,293.755,0.13,0.1227,0.1264,0.4028,0.7667,DROWSY,64,0,Windows,unspecified
22:57:55.125,293.786,0.13,0.1227,0.1264,0.3954,0.7667,DROWSY,65,0,Windows,unspecified
22:57:55.180,293.842,0.1362,0.1454,0.1408,0.431,0.7667,DROWSY,66,0,Windows,unspecified
22:57:55.219,293.88,0.1355,0.1226,0.1291,0.4336,0.7667,DROWSY,67,0,Windows,unspecified
22:57:55.249,293.91,0.1362,0.1212,0.1287,0.4296,0.7667,DROWSY,68,0,Windows,unspecified
22:57:55.276,293.937,0.1487,0.1318,0.1403,0.4676,0.7667,DROWSY,69,0,Windows,unspecified
22:57:55.310,293.971,0.143,0.1121,0.1276,0.4721,0.7667,DROWSY,70,0,Windows,unspecified
22:57:55.342,294.003,0.1577,0.1117,0.1347,0.4826,0.7667,DROWSY,71,0,Windows,unspecified
22:57:55.371,294.032,0.147,0.1303,0.1387,0.5153,0.7667,DROWSY,72,0,Windows,unspecified
22:57:55.405,294.066,0.1522,0.1336,0.1429,0.519,0.7667,DROWSY,73,0,Windows,unspecified
22:57:55.434,294.095,0.1514,0.1194,0.1354,0.5056,0.7733,DROWSY,74,0,Windows,unspecified
22:57:55.469,294.13,0.1556,0.1728,0.1642,0.651,0.78,DROWSY,75,1,Windows,unspecified
22:57:55.497,294.158,0.1595,0.1487,0.1541,0.6827,0.7867,DROWSY,76,2,Windows,unspecified
22:57:55.528,294.189,0.1798,0.1482,0.164,0.6976,0.7933,DROWSY,77,3,Windows,unspecified
22:57:55.580,294.241,0.1931,0.1801,0.1866,0.7259,0.8,DROWSY,78,4,Windows,unspecified
22:57:55.604,294.265,0.1975,0.1843,0.1909,0.7132,0.8067,DROWSY,79,5,Windows,unspecified
22:57:55.640,294.301,0.1938,0.1497,0.1717,0.7122,0.8133,DROWSY,80,6,Windows,unspecified
22:57:55.674,294.335,0.2254,0.2228,0.2241,0.7507,0.82,DROWSY,81,7,Windows,unspecified
22:57:55.716,294.377,0.2344,0.2148,0.2246,0.7336,0.8267,DROWSY,82,8,Windows,unspecified
22:57:55.747,294.408,0.2344,0.2137,0.224,0.7393,0.8333,DROWSY,83,9,Windows,unspecified
22:57:55.778,294.439,0.2396,0.2122,0.2259,0.7651,0.84,DROWSY,84,10,Windows,unspecified
22:57:55.808,294.469,0.2291,0.1984,0.2138,0.7513,0.8467,DROWSY,85,11,Windows,unspecified
22:57:55.840,294.501,0.2291,0.1971,0.2131,0.7582,0.8533,DROWSY,86,12,Windows,unspecified
22:57:55.875,294.536,0.2526,0.229,0.2408,0.8071,0.8533,DROWSY,0,13,Windows,unspecified
22:57:55.904,294.565,0.2606,0.2214,0.241,0.7943,0.8533,DROWSY,0,14,Windows,unspecified
22:57:55.935,294.596,0.2554,0.2517,0.2536,0.8116,0.8533,DROWSY,0,15,Windows,unspecified
22:57:55.980,294.641,0.2526,0.2517,0.2522,0.824,0.8533,DROWSY,0,16,Windows,unspecified
22:57:56.012,294.673,0.2378,0.2045,0.2212,0.8256,0.86,DROWSY,1,17,Windows,unspecified
22:57:56.044,294.705,0.2378,0.2059,0.2218,0.8307,0.8667,DROWSY,2,18,Windows,unspecified
22:57:56.075,294.736,0.2408,0.2228,0.2318,0.8099,0.8733,DROWSY,3,19,Windows,unspecified
22:57:56.106,294.767,0.2408,0.2228,0.2318,0.8049,0.88,DROWSY,4,20,Windows,unspecified
22:57:56.137,294.798,0.2355,0.2217,0.2286,0.7928,0.8867,DROWSY,5,21,Windows,unspecified
22:57:56.171,294.832,0.2378,0.2045,0.2212,0.8306,0.8933,DROWSY,6,22,Windows,unspecified
22:57:56.200,294.861,0.2432,0.2225,0.2328,0.8302,0.9,DROWSY,7,23,Windows,unspecified
22:57:56.231,294.893,0.2432,0.2225,0.2328,0.851,0.9067,DROWSY,8,24,Windows,unspecified
22:57:56.269,294.93,0.2432,0.2214,0.2323,0.8513,0.9133,DROWSY,9,25,Windows,unspecified
22:57:56.295,294.956,0.2359,0.236,0.236,0.8651,0.92,DROWSY,10,26,Windows,unspecified
22:57:56.327,294.988,0.2432,0.236,0.2396,0.8577,0.92,DROWSY,0,27,Windows,unspecified
22:57:56.379,295.04,0.2287,0.236,0.2323,0.8719,0.92,DROWSY,1,28,Windows,unspecified
22:57:56.404,295.065,0.2151,0.2225,0.2188,0.8583,0.92,DROWSY,2,29,Windows,unspecified
22:57:56.436,295.097,0.2151,0.2186,0.2169,0.864,0.92,DROWSY,3,30,Windows,unspecified
22:57:56.476,295.137,0.2189,0.1832,0.201,0.7294,0.92,DROWSY,4,31,Windows,unspecified
22:57:56.500,295.161,0.1886,0.1927,0.1907,0.7183,0.92,DROWSY,5,32,Windows,unspecified
22:57:56.532,295.193,0.1944,0.1767,0.1855,0.7041,0.92,DROWSY,6,33,Windows,unspecified
22:57:56.576,295.237,0.1975,0.1983,0.1979,0.5003,0.92,DROWSY,7,0,Windows,unspecified
22:57:56.610,295.271,0.1989,0.1832,0.191,0.4467,0.92,DROWSY,8,0,Windows,unspecified
22:57:56.642,295.303,0.1989,0.168,0.1835,0.4286,0.92,DROWSY,9,0,Windows,unspecified
22:57:56.673,295.334,0.1395,0.1358,0.1376,0.4097,0.92,DROWSY,10,0,Windows,unspecified
22:57:56.706,295.367,0.1652,0.1343,0.1497,0.3995,0.92,DROWSY,11,0,Windows,unspecified
22:57:56.737,295.398,0.1652,0.1383,0.1517,0.3966,0.92,DROWSY,12,0,Windows,unspecified
22:57:56.781,295.442,0.1606,0.1531,0.1568,0.395,0.92,DROWSY,13,0,Windows,unspecified
22:57:56.814,295.475,0.1724,0.1682,0.1703,0.3988,0.92,DROWSY,14,0,Windows,unspecified
22:57:56.847,295.508,0.1676,0.1635,0.1655,0.3988,0.92,DROWSY,15,0,Windows,unspecified
22:57:56.875,295.536,0.1662,0.1805,0.1734,0.3948,0.92,DROWSY,16,0,Windows,unspecified
22:57:56.907,295.569,0.1517,0.1805,0.1661,0.3967,0.92,DROWSY,17,0,Windows,unspecified
22:57:56.939,295.6,0.1517,0.1805,0.1661,0.403,0.92,DROWSY,18,0,Windows,unspecified
22:57:56.972,295.633,0.1356,0.1504,0.143,0.4009,0.92,DROWSY,19,0,Windows,unspecified
22:57:57.004,295.665,0.155,0.1504,0.1527,0.3966,0.92,DROWSY,20,0,Windows,unspecified
22:57:57.034,295.695,0.1487,0.1462,0.1474,0.4053,0.92,DROWSY,21,0,Windows,unspecified
22:57:57.085,295.746,0.1487,0.1462,0.1474,0.4017,0.92,DROWSY,22,0,Windows,unspecified
22:57:57.111,295.772,0.1487,0.1504,0.1495,0.4048,0.92,DROWSY,23,0,Windows,unspecified
22:57:57.141,295.802,0.1487,0.1504,0.1495,0.4074,0.92,DROWSY,24,0,Windows,unspecified
22:57:57.179,295.84,0.154,0.1372,0.1456,0.4137,0.92,DROWSY,25,0,Windows,unspecified
22:57:57.203,295.864,0.1385,0.1354,0.1369,0.4158,0.92,DROWSY,26,0,Windows,unspecified
22:57:57.237,295.898,0.1529,0.1369,0.1449,0.4158,0.92,DROWSY,27,0,Windows,unspecified
22:57:57.274,295.935,0.1025,0.1169,0.1097,0.4265,0.92,DROWSY,28,0,Windows,unspecified
22:57:57.298,295.959,0.0875,0.0877,0.0876,0.4306,0.92,DROWSY,29,0,Windows,unspecified
22:57:57.330,295.991,0.093,0.0853,0.0891,0.4155,0.92,DROWSY,30,0,Windows,unspecified
22:57:57.372,296.033,0.1272,0.1178,0.1225,0.4189,0.92,DROWSY,31,0,Windows,unspecified
22:57:57.408,296.069,0.1422,0.1316,0.1369,0.4148,0.92,DROWSY,32,0,Windows,unspecified
22:57:57.440,296.101,0.154,0.1316,0.1428,0.4025,0.92,DROWSY,33,0,Windows,unspecified
22:57:57.486,296.147,0.1669,0.1802,0.1736,0.412,0.9267,DROWSY,34,0,Windows,unspecified
22:57:57.519,296.18,0.1795,0.1855,0.1825,0.412,0.9267,DROWSY,35,0,Windows,unspecified
22:57:57.550,296.211,0.1867,0.1855,0.1861,0.4037,0.9333,DROWSY,36,0,Windows,unspecified
22:57:57.589,296.25,0.2634,0.2628,0.2631,0.4151,0.9267,DROWSY,0,0,Windows,unspecified
22:57:57.612,296.273,0.2966,0.3044,0.3005,0.4151,0.9267,DROWSY,0,0,Windows,unspecified
22:57:57.642,296.303,0.3054,0.3013,0.3033,0.4089,0.9267,DROWSY,0,0,Windows,unspecified
22:57:57.678,296.339,0.3188,0.3159,0.3173,0.41,0.92,DROWSY,0,0,Windows,unspecified
22:57:57.706,296.367,0.3216,0.3378,0.3297,0.398,0.92,DROWSY,0,0,Windows,unspecified
22:57:57.736,296.397,0.3216,0.3378,0.3297,0.4042,0.9133,DROWSY,0,0,Windows,unspecified
22:57:57.773,296.434,0.3586,0.366,0.3623,0.4107,0.9067,DROWSY,0,0,Windows,unspecified
22:57:57.800,296.461,0.3586,0.3542,0.3564,0.407,0.9,DROWSY,0,0,Windows,unspecified
22:57:57.830,296.492,0.3582,0.3542,0.3562,0.4024,0.8933,DROWSY,0,0,Windows,unspecified
22:57:57.862,296.523,0.3582,0.3542,0.3562,0.404,0.8867,DROWSY,0,0,Windows,unspecified
22:57:57.894,296.556,0.3773,0.3848,0.381,0.3654,0.88,DROWSY,0,0,Windows,unspecified
22:57:57.925,296.586,0.3702,0.3552,0.3627,0.3763,0.88,DROWSY,0,0,Windows,unspecified
22:57:57.980,296.641,0.3923,0.374,0.3832,0.4133,0.88,DROWSY,0,0,Windows,unspecified
22:57:58.004,296.665,0.4073,0.3906,0.3989,0.4047,0.8733,DROWSY,0,0,Windows,unspecified
22:57:58.034,296.695,0.3905,0.3848,0.3876,0.4063,0.8667,DROWSY,0,0,Windows,unspecified
22:57:58.077,296.738,0.3785,0.392,0.3853,0.4118,0.86,DROWSY,0,0,Windows,unspecified
22:57:58.112,296.773,0.3773,0.3892,0.3832,0.4019,0.8533,DROWSY,0,0,Windows,unspecified
22:57:58.145,296.806,0.411,0.4045,0.4077,0.3947,0.8467,DROWSY,0,0,Windows,unspecified
22:57:58.177,296.838,0.4045,0.385,0.3947,0.4038,0.84,DROWSY,0,0,Windows,unspecified
22:57:58.286,296.947,0.3879,0.3798,0.3838,0.4165,0.8333,DROWSY,0,0,Windows,unspecified
22:57:58.316,296.978,0.4063,0.3848,0.3955,0.4119,0.8267,DROWSY,0,0,Windows,unspecified
22:57:58.379,297.04,0.3923,0.3734,0.3829,0.3959,0.82,DROWSY,0,0,Windows,unspecified
22:57:58.410,297.071,0.3932,0.3883,0.3908,0.3933,0.8133,DROWSY,0,0,Windows,unspecified
22:57:58.442,297.103,0.401,0.3586,0.3798,0.392,0.8067,DROWSY,0,0,Windows,unspecified
22:57:58.474,297.135,0.3923,0.3734,0.3829,0.3995,0.8,DROWSY,0,0,Windows,unspecified
22:57:58.505,297.166,0.3902,0.3734,0.3818,0.3983,0.7933,DROWSY,0,0,Windows,unspecified
22:57:58.538,297.199,0.4055,0.374,0.3897,0.4042,0.7867,DROWSY,0,0,Windows,unspecified
22:57:58.572,297.233,0.3879,0.3592,0.3735,0.4081,0.78,DROWSY,0,0,Windows,unspecified
22:57:58.602,297.263,0.3932,0.3843,0.3888,0.3967,0.7733,DROWSY,0,0,Windows,unspecified
22:57:58.632,297.293,0.3932,0.3806,0.3869,0.4065,0.7667,DROWSY,0,0,Windows,unspecified
22:57:58.663,297.324,0.4,0.3806,0.3903,0.4065,0.76,DROWSY,0,0,Windows,unspecified
22:57:58.694,297.355,0.3932,0.3843,0.3888,0.4149,0.7533,DROWSY,0,0,Windows,unspecified
22:57:58.725,297.386,0.3932,0.3734,0.3833,0.4184,0.7467,DROWSY,0,0,Windows,unspecified
22:57:58.780,297.441,0.3932,0.3734,0.3833,0.4114,0.74,DROWSY,0,0,Windows,unspecified
22:57:58.817,297.478,0.3932,0.3734,0.3833,0.4063,0.7333,DROWSY,0,0,Windows,unspecified
22:57:58.850,297.511,0.3932,0.3734,0.3833,0.4075,0.7267,DROWSY,0,0,Windows,unspecified
22:57:58.881,297.543,0.3794,0.3734,0.3764,0.4028,0.72,DROWSY,0,0,Windows,unspecified
22:57:58.912,297.573,0.3655,0.3734,0.3694,0.4128,0.7133,DROWSY,0,0,Windows,unspecified
22:57:58.943,297.604,0.3655,0.3586,0.362,0.411,0.7067,DROWSY,0,0,Windows,unspecified
22:57:58.971,297.633,0.3598,0.37,0.3649,0.4056,0.7,DROWSY,0,0,Windows,unspecified
22:57:59.007,297.668,0.3598,0.37,0.3649,0.4062,0.6933,DROWSY,0,0,Windows,unspecified
22:57:59.037,297.698,0.3598,0.37,0.3649,0.4031,0.6867,DROWSY,0,0,Windows,unspecified
22:57:59.070,297.731,0.3598,0.37,0.3649,0.4031,0.68,DROWSY,0,0,Windows,unspecified
22:57:59.101,297.762,0.3651,0.37,0.3675,0.3978,0.6733,DROWSY,0,0,Windows,unspecified
22:57:59.132,297.793,0.3912,0.37,0.3806,0.4047,0.6667,DROWSY,0,0,Windows,unspecified
22:57:59.180,297.841,0.354,0.3415,0.3478,0.4088,0.66,DROWSY,0,0,Windows,unspecified
22:57:59.212,297.873,0.354,0.3408,0.3474,0.4107,0.6533,DROWSY,0,0,Windows,unspecified
22:57:59.244,297.905,0.3449,0.3415,0.3432,0.4087,0.6467,DROWSY,0,0,Windows,unspecified
22:57:59.275,297.936,0.4122,0.3806,0.3964,0.4056,0.64,DROWSY,0,0,Windows,unspecified
22:57:59.306,297.967,0.4122,0.3674,0.3898,0.4033,0.6333,DROWSY,0,0,Windows,unspecified
22:57:59.338,297.999,0.4169,0.3986,0.4077,0.3939,0.6267,DROWSY,0,0,Windows,unspecified
22:57:59.390,298.051,0.4467,0.4156,0.4312,0.3846,0.62,DROWSY,0,0,Windows,unspecified
22:57:59.413,298.074,0.4469,0.427,0.4369,0.3889,0.6133,DROWSY,0,0,Windows,unspecified
22:57:59.446,298.108,0.4523,0.427,0.4396,0.3889,0.6067,DROWSY,0,0,Windows,unspecified
22:57:59.475,298.137,0.4567,0.4412,0.4489,0.3939,0.6,DROWSY,0,0,Windows,unspecified
22:57:59.510,298.172,0.4433,0.434,0.4386,0.3925,0.5933,DROWSY,0,0,Windows,unspecified
22:57:59.540,298.201,0.4699,0.4187,0.4443,0.4012,0.5867,DROWSY,0,0,Windows,unspecified
22:57:59.580,298.241,0.4341,0.4299,0.432,0.3948,0.58,DROWSY,0,0,Windows,unspecified
22:57:59.615,298.276,0.4478,0.4156,0.4317,0.392,0.5733,DROWSY,0,0,Windows,unspecified
22:57:59.648,298.309,0.4341,0.4156,0.4249,0.3871,0.5667,DROWSY,0,0,Windows,unspecified
22:57:59.676,298.337,0.4467,0.4299,0.4383,0.3895,0.56,DROWSY,0,0,Windows,unspecified
22:57:59.711,298.372,0.4467,0.4299,0.4383,0.3837,0.5533,DROWSY,0,0,Windows,unspecified
22:57:59.742,298.403,0.4326,0.4442,0.4384,0.3868,0.5467,DROWSY,0,0,Windows,unspecified
22:57:59.788,298.449,0.3951,0.3246,0.3599,0.4153,0.54,DROWSY,0,0,Windows,unspecified
22:57:59.820,298.481,0.3864,0.35,0.3682,0.4124,0.5333,DROWSY,0,0,Windows,unspecified
22:57:59.852,298.513,0.3954,0.3493,0.3723,0.4136,0.5267,DROWSY,0,0,Windows,unspecified
22:57:59.884,298.545,0.3907,0.3335,0.3621,0.4126,0.52,DROWSY,0,0,Windows,unspecified
22:57:59.913,298.574,0.3864,0.3486,0.3675,0.4832,0.5133,DROWSY,0,0,Windows,unspecified
22:57:59.945,298.607,0.3747,0.3335,0.3541,0.4886,0.5067,DROWSY,0,0,Windows,unspecified
22:57:59.980,298.641,0.3449,0.3205,0.3327,0.4934,0.5,DROWSY,0,0,Windows,unspecified
22:58:00.008,298.67,0.3681,0.3287,0.3484,0.5009,0.4933,DROWSY,0,0,Windows,unspecified
22:58:00.041,298.702,0.3561,0.3183,0.3372,0.4973,0.4867,DROWSY,0,0,Windows,unspecified
22:58:00.076,298.737,0.3492,0.3358,0.3425,0.4804,0.48,DROWSY,0,0,Windows,unspecified
22:58:00.101,298.762,0.342,0.3342,0.3381,0.4631,0.4733,DROWSY,0,0,Windows,unspecified
22:58:00.133,298.794,0.3415,0.3335,0.3375,0.4504,0.4667,DROWSY,0,0,Windows,unspecified
22:58:00.165,298.826,0.3415,0.3316,0.3366,0.4513,0.46,DROWSY,0,0,Windows,unspecified
22:58:00.197,298.858,0.3716,0.3493,0.3605,0.4874,0.4533,DROWSY,0,0,Windows,unspecified
22:58:00.228,298.889,0.342,0.3274,0.3347,0.4974,0.4467,DROWSY,0,0,Windows,unspecified
22:58:00.260,298.921,0.3566,0.3253,0.341,0.5014,0.44,DROWSY,0,0,Windows,unspecified
22:58:00.293,298.954,0.3309,0.322,0.3265,0.5187,0.4333,DROWSY,0,0,Windows,unspecified
22:58:00.324,298.985,0.3187,0.322,0.3203,0.5344,0.4267,DROWSY,0,0,Windows,unspecified
22:58:00.382,299.044,0.3528,0.3145,0.3337,0.5317,0.42,DROWSY,0,0,Windows,unspecified
22:58:00.416,299.077,0.3492,0.3145,0.3318,0.5312,0.4133,DROWSY,0,0,Windows,unspecified
22:58:00.447,299.108,0.3386,0.3145,0.3266,0.5302,0.4067,DROWSY,0,0,Windows,unspecified
22:58:00.474,299.135,0.3276,0.3145,0.321,0.4969,0.4,DROWSY,0,0,Windows,unspecified
22:58:00.509,299.17,0.3454,0.3406,0.343,0.4838,0.3933,DROWSY,0,0,Windows,unspecified
22:58:00.542,299.203,0.3569,0.3232,0.3401,0.4812,0.3867,DROWSY,0,0,Windows,unspecified
22:58:00.576,299.237,0.342,0.3232,0.3326,0.4805,0.38,DROWSY,0,0,Windows,unspecified
22:58:00.604,299.265,0.3162,0.306,0.3111,0.4492,0.3733,DROWSY,0,0,Windows,unspecified
22:58:00.637,299.298,0.3162,0.2934,0.3048,0.4573,0.3667,DROWSY,0,0,Windows,unspecified
22:58:00.668,299.329,0.3018,0.2832,0.2925,0.4616,0.36,DROWSY,0,0,Windows,unspecified
22:58:00.700,299.361,0.3162,0.2848,0.3005,0.4429,0.3533,DROWSY,0,0,Windows,unspecified
22:58:00.730,299.391,0.3034,0.3106,0.307,0.4575,0.3467,NORMAL,0,0,Windows,unspecified
22:58:00.780,299.441,0.303,0.2848,0.2939,0.4476,0.34,NORMAL,0,0,Windows,unspecified
22:58:00.809,299.47,0.2977,0.2996,0.2987,0.4416,0.3333,NORMAL,0,0,Windows,unspecified
22:58:00.840,299.501,0.3126,0.2996,0.3061,0.4323,0.3267,NORMAL,0,0,Windows,unspecified
22:58:00.878,299.539,0.3065,0.2738,0.2902,0.444,0.32,NORMAL,0,0,Windows,unspecified
22:58:00.916,299.577,0.3164,0.2938,0.3051,0.455,0.3133,NORMAL,0,0,Windows,unspecified
22:58:00.946,299.607,0.3246,0.3023,0.3134,0.4531,0.3067,NORMAL,0,0,Windows,unspecified
22:58:00.979,299.64,0.3214,0.3169,0.3191,0.4667,0.3067,NORMAL,0,0,Windows,unspecified
22:58:01.010,299.672,0.3081,0.3274,0.3177,0.4823,0.3067,NORMAL,0,0,Windows,unspecified
22:58:01.042,299.703,0.3283,0.2996,0.3139,0.484,0.3067,NORMAL,0,0,Windows,unspecified
22:58:01.072,299.733,0.3263,0.2996,0.313,0.4878,0.3067,NORMAL,0,0,Windows,unspecified
22:58:01.101,299.762,0.3287,0.2989,0.3138,0.4713,0.3,NORMAL,0,0,Windows,unspecified
22:58:01.133,299.794,0.3193,0.2972,0.3082,0.4666,0.2933,NORMAL,0,0,Windows,unspecified
22:58:01.182,299.843,0.3193,0.3169,0.3181,0.4569,0.2867,NORMAL,0,0,Windows,unspecified
22:58:01.211,299.872,0.3172,0.3025,0.3099,0.4462,0.28,NORMAL,0,0,Windows,unspecified
22:58:01.243,299.904,0.2976,0.3013,0.2994,0.4432,0.2733,NORMAL,0,0,Windows,unspecified
22:58:01.293,299.954,0.2976,0.3039,0.3007,0.4467,0.2667,NORMAL,0,0,Windows,unspecified
22:58:01.321,299.982,0.2891,0.3032,0.2962,0.4416,0.26,NORMAL,0,0,Windows,unspecified
22:58:01.354,300.015,0.3049,0.3025,0.3037,0.4465,0.2533,NORMAL,0,0,Windows,unspecified
22:58:01.385,300.046,0.3049,0.3025,0.3037,0.4421,0.2467,NORMAL,0,0,Windows,unspecified
22:58:01.417,300.078,0.3053,0.3169,0.3111,0.4781,0.24,NORMAL,0,0,Windows,unspecified
22:58:01.448,300.109,0.3053,0.2896,0.2975,0.4819,0.24,NORMAL,0,0,Windows,unspecified
22:58:01.477,300.138,0.3049,0.3025,0.3037,0.4783,0.2333,NORMAL,0,0,Windows,unspecified
22:58:01.509,300.17,0.3049,0.3025,0.3037,0.4896,0.2267,NORMAL,0,0,Windows,unspecified
22:58:01.543,300.204,0.3049,0.3169,0.3109,0.4887,0.22,NORMAL,0,0,Windows,unspecified
22:58:01.579,300.24,0.3138,0.3169,0.3154,0.4887,0.2133,NORMAL,0,0,Windows,unspecified
22:58:01.604,300.265,0.3138,0.3169,0.3154,0.4768,0.2067,NORMAL,0,0,Windows,unspecified
22:58:01.635,300.296,0.3138,0.3169,0.3154,0.4768,0.2,NORMAL,0,0,Windows,unspecified
22:58:01.693,300.354,0.3117,0.3182,0.3149,0.4732,0.1933,NORMAL,0,0,Windows,unspecified
22:58:01.727,300.388,0.3049,0.3039,0.3044,0.4575,0.1867,NORMAL,0,0,Windows,unspecified
22:58:01.760,300.421,0.3049,0.3031,0.304,0.4491,0.18,NORMAL,0,0,Windows,unspecified
22:58:01.792,300.453,0.3143,0.3175,0.3159,0.418,0.1733,NORMAL,0,0,Windows,unspecified
22:58:01.884,300.545,0.3143,0.2957,0.305,0.4065,0.1667,NORMAL,0,0,Windows,unspecified
22:58:01.916,300.577,0.2998,0.311,0.3054,0.3987,0.16,NORMAL,0,0,Windows,unspecified
22:58:01.983,300.644,0.3144,0.2877,0.301,0.4055,0.1533,NORMAL,0,0,Windows,unspecified
22:58:02.011,300.672,0.2998,0.311,0.3054,0.4008,0.1467,NORMAL,0,0,Windows,unspecified
22:58:02.041,300.703,0.3143,0.297,0.3056,0.3991,0.14,NORMAL,0,0,Windows,unspecified
22:58:02.092,300.753,0.3143,0.2963,0.3053,0.39,0.1333,NORMAL,0,0,Windows,unspecified
22:58:02.116,300.777,0.3,0.2963,0.2982,0.3886,0.1267,NORMAL,0,0,Windows,unspecified
22:58:02.148,300.809,0.2856,0.3104,0.298,0.3913,0.12,NORMAL,0,0,Windows,unspecified
22:58:02.185,300.846,0.2856,0.3104,0.298,0.3913,0.1133,NORMAL,0,0,Windows,unspecified
22:58:02.213,300.874,0.2998,0.3104,0.3051,0.379,0.1067,NORMAL,0,0,Windows,unspecified
22:58:02.244,300.905,0.2998,0.3104,0.3051,0.3771,0.1,NORMAL,0,0,Windows,unspecified
22:58:02.276,300.938,0.2998,0.3104,0.3051,0.3804,0.0933,NORMAL,0,0,Windows,unspecified
22:58:02.304,300.965,0.2686,0.2904,0.2795,0.3809,0.0867,NORMAL,0,0,Windows,unspecified
22:58:02.337,300.998,0.2617,0.2904,0.276,0.3762,0.08,NORMAL,0,0,Windows,unspecified
22:58:02.381,301.042,0.0771,0.1007,0.0889,0.3777,0.08,NORMAL,1,0,Windows,unspecified
22:58:02.414,301.075,0.0335,0.0585,0.046,0.382,0.08,NORMAL,2,0,Windows,unspecified
22:58:02.446,301.107,0.0334,0.0585,0.0459,0.3774,0.08,NORMAL,3,0,Windows,unspecified
22:58:02.476,301.137,0.0391,0.0617,0.0504,0.3774,0.08,NORMAL,4,0,Windows,unspecified
22:58:02.509,301.17,0.0277,0.0617,0.0447,0.38,0.08,NORMAL,5,0,Windows,unspecified
22:58:02.540,301.201,0.0277,0.0727,0.0502,0.38,0.08,NORMAL,6,0,Windows,unspecified
22:58:02.571,301.232,0.0277,0.0853,0.0565,0.38,0.08,NORMAL,7,0,Windows,unspecified
22:58:02.604,301.265,0.1039,0.1138,0.1089,0.38,0.08,NORMAL,8,0,Windows,unspecified
22:58:02.634,301.296,0.1263,0.1587,0.1425,0.3834,0.08,NORMAL,9,0,Windows,unspecified
22:58:02.667,301.328,0.1407,0.1777,0.1592,0.3834,0.08,WARNING,10,0,Windows,unspecified
22:58:02.699,301.36,0.1879,0.1921,0.19,0.3854,0.08,WARNING,11,0,Windows,unspecified
22:58:02.731,301.392,0.2283,0.2232,0.2258,0.3802,0.08,WARNING,12,0,Windows,unspecified
22:58:02.779,301.44,0.2283,0.2241,0.2262,0.3802,0.0867,WARNING,13,0,Windows,unspecified
22:58:02.808,301.469,0.2283,0.2355,0.2319,0.3841,0.0933,WARNING,14,0,Windows,unspecified
22:58:02.838,301.499,0.2425,0.2491,0.2458,0.3798,0.0933,NORMAL,0,0,Windows,unspecified
22:58:02.870,301.531,0.2425,0.2491,0.2458,0.3775,0.0933,NORMAL,0,0,Windows,unspecified
22:58:02.899,301.56,0.2544,0.2491,0.2517,0.3775,0.0933,NORMAL,0,0,Windows,unspecified
22:58:02.932,301.593,0.2544,0.2491,0.2517,0.3775,0.0933,NORMAL,0,0,Windows,unspecified
22:58:02.963,301.624,0.2544,0.2635,0.2589,0.3739,0.0933,NORMAL,0,0,Windows,unspecified
22:58:02.996,301.657,0.2646,0.2635,0.2641,0.3708,0.0933,NORMAL,0,0,Windows,unspecified
22:58:03.026,301.687,0.2618,0.2713,0.2666,0.3736,0.0933,NORMAL,0,0,Windows,unspecified
22:58:03.058,301.719,0.2541,0.2635,0.2588,0.3826,0.0933,NORMAL,0,0,Windows,unspecified
22:58:03.088,301.749,0.2767,0.2635,0.2701,0.3784,0.0933,NORMAL,0,0,Windows,unspecified
22:58:03.121,301.782,0.2954,0.2635,0.2794,0.3784,0.0933,NORMAL,0,0,Windows,unspecified
22:58:03.181,301.842,0.2712,0.2635,0.2673,0.3735,0.0933,NORMAL,0,0,Windows,unspecified
22:58:03.213,301.874,0.2712,0.2635,0.2673,0.377,0.0933,NORMAL,0,0,Windows,unspecified
22:58:03.244,301.906,0.2687,0.2635,0.2661,0.377,0.0933,NORMAL,0,0,Windows,unspecified
22:58:03.276,301.937,0.2834,0.2659,0.2747,0.377,0.0933,NORMAL,0,0,Windows,unspecified
22:58:03.308,301.969,0.2751,0.2561,0.2656,0.3796,0.0933,NORMAL,0,0,Windows,unspecified
22:58:03.338,301.999,0.2712,0.2553,0.2633,0.3796,0.0933,NORMAL,0,0,Windows,unspecified
22:58:03.372,302.033,0.2712,0.2635,0.2673,0.3761,0.0933,NORMAL,0,0,Windows,unspecified
22:58:03.402,302.064,0.2568,0.2645,0.2607,0.3734,0.0933,NORMAL,0,0,Windows,unspecified
22:58:03.432,302.093,0.2568,0.2645,0.2607,0.3751,0.0933,NORMAL,0,0,Windows,unspecified
22:58:03.464,302.125,0.2568,0.2645,0.2607,0.382,0.0933,NORMAL,0,0,Windows,unspecified
22:58:03.494,302.155,0.2608,0.2571,0.2589,0.3778,0.0933,NORMAL,0,0,Windows,unspecified
22:58:03.524,302.185,0.2687,0.2491,0.2589,0.3778,0.0933,NORMAL,0,0,Windows,unspecified
22:58:03.595,302.256,0.2608,0.25,0.2554,0.3845,0.0933,NORMAL,0,0,Windows,unspecified
22:58:03.693,302.355,0.2687,0.25,0.2594,0.3797,0.0933,NORMAL,0,0,Windows,unspecified
22:58:03.727,302.388,0.2567,0.2524,0.2546,0.3817,0.0933,NORMAL,0,0,Windows,unspecified
22:58:03.757,302.418,0.2568,0.2669,0.2619,0.3817,0.0933,NORMAL,0,0,Windows,unspecified
22:58:03.787,302.449,0.1367,0.135,0.1358,0.385,0.1,NORMAL,1,0,Windows,unspecified
22:58:03.820,302.481,0.081,0.0963,0.0887,0.3973,0.1067,NORMAL,2,0,Windows,unspecified
22:58:03.853,302.514,0.0702,0.0702,0.0702,0.3847,0.1133,NORMAL,3,0,Windows,unspecified
22:58:03.887,302.548,0.0326,0.0381,0.0353,0.3972,0.12,NORMAL,4,0,Windows,unspecified
22:58:03.915,302.576,0.0325,0.0381,0.0353,0.4039,0.1267,NORMAL,5,0,Windows,unspecified
22:58:04.001,302.662,0.1815,0.1708,0.1761,0.3972,0.1333,NORMAL,6,0,Windows,unspecified
22:58:04.025,302.686,0.2151,0.1799,0.1975,0.3933,0.14,NORMAL,7,0,Windows,unspecified
22:58:04.056,302.717,0.2294,0.1993,0.2143,0.3914,0.1467,NORMAL,8,0,Windows,unspecified
22:58:04.088,302.749,0.2388,0.2145,0.2267,0.389,0.1533,NORMAL,9,0,Windows,unspecified
22:58:04.117,302.778,0.2979,0.2571,0.2775,0.3917,0.1533,NORMAL,0,0,Windows,unspecified
22:58:04.147,302.808,0.2976,0.2704,0.284,0.398,0.1533,NORMAL,0,0,Windows,unspecified
22:58:04.178,302.839,0.2975,0.2704,0.2839,0.3933,0.1533,NORMAL,0,0,Windows,unspecified
22:58:04.210,302.871,0.3233,0.2936,0.3084,0.3933,0.1533,NORMAL,0,0,Windows,unspecified
22:58:04.242,302.903,0.3117,0.2936,0.3026,0.3911,0.1533,NORMAL,0,0,Windows,unspecified
22:58:04.274,302.935,0.3123,0.2853,0.2988,0.3911,0.1533,NORMAL,0,0,Windows,unspecified
22:58:04.304,302.966,0.3427,0.3135,0.3281,0.3878,0.1533,NORMAL,0,0,Windows,unspecified
22:58:04.335,302.997,0.3407,0.3214,0.3311,0.3878,0.1533,NORMAL,0,0,Windows,unspecified
22:58:04.394,303.055,0.3554,0.3214,0.3384,0.3813,0.1533,NORMAL,0,0,Windows,unspecified
22:58:04.429,303.09,0.3717,0.3517,0.3617,0.393,0.1533,NORMAL,0,0,Windows,unspecified
22:58:04.460,303.121,0.3709,0.3418,0.3564,0.391,0.1533,NORMAL,0,0,Windows,unspecified
22:58:04.489,303.15,0.3717,0.3406,0.3561,0.391,0.1533,NORMAL,0,0,Windows,unspecified
22:58:04.520,303.181,0.3463,0.3265,0.3364,0.3814,0.1533,NORMAL,0,0,Windows,unspecified
22:58:04.551,303.212,0.333,0.3265,0.3297,0.3866,0.1533,NORMAL,0,0,Windows,unspecified
22:58:04.582,303.243,0.3463,0.3265,0.3364,0.391,0.1533,NORMAL,0,0,Windows,unspecified
22:58:04.615,303.276,0.333,0.3265,0.3297,0.3872,0.1533,NORMAL,0,0,Windows,unspecified
22:58:04.646,303.307,0.3189,0.2983,0.3086,0.3914,0.1533,NORMAL,0,0,Windows,unspecified
22:58:04.679,303.34,0.333,0.3124,0.3227,0.3814,0.1533,NORMAL,0,0,Windows,unspecified
22:58:04.710,303.371,0.333,0.3265,0.3297,0.3782,0.1533,NORMAL,0,0,Windows,unspecified
22:58:04.740,303.401,0.3053,0.3265,0.3159,0.385,0.1533,NORMAL,0,0,Windows,unspecified
22:58:04.772,303.433,0.3174,0.3259,0.3216,0.3936,0.1533,NORMAL,0,0,Windows,unspecified
22:58:04.803,303.464,0.3053,0.3124,0.3088,0.3961,0.1533,NORMAL,0,0,Windows,unspecified
22:58:04.834,303.496,0.3032,0.3033,0.3032,0.3849,0.1533,NORMAL,0,0,Windows,unspecified
22:58:04.866,303.527,0.3028,0.3039,0.3033,0.3897,0.1533,NORMAL,0,0,Windows,unspecified
22:58:04.896,303.557,0.3101,0.2896,0.2999,0.3908,0.1533,NORMAL,0,0,Windows,unspecified
22:58:04.930,303.591,0.331,0.2902,0.3106,0.3922,0.1533,NORMAL,0,0,Windows,unspecified
22:58:04.959,303.62,0.331,0.297,0.314,0.3902,0.1533,NORMAL,0,0,Windows,unspecified
22:58:04.989,303.65,0.3237,0.302,0.3129,0.3842,0.1533,NORMAL,0,0,Windows,unspecified
22:58:05.024,303.685,0.322,0.3157,0.3188,0.3905,0.1533,NORMAL,0,0,Windows,unspecified
22:58:05.053,303.714,0.3378,0.3157,0.3267,0.3905,0.1533,NORMAL,0,0,Windows,unspecified
22:58:05.082,303.744,0.3334,0.3151,0.3242,0.3886,0.1533,NORMAL,0,0,Windows,unspecified
22:58:05.117,303.778,0.3334,0.3238,0.3286,0.3977,0.1533,NORMAL,0,0,Windows,unspecified
22:58:05.146,303.807,0.3475,0.3288,0.3381,0.3972,0.1533,NORMAL,0,0,Windows,unspecified
22:58:05.198,303.859,0.3242,0.3288,0.3265,0.3955,0.1533,NORMAL,0,0,Windows,unspecified
22:58:05.223,303.885,0.3207,0.3294,0.325,0.3926,0.1533,NORMAL,0,0,Windows,unspecified
22:58:05.255,303.916,0.3316,0.3157,0.3236,0.3929,0.1533,NORMAL,0,0,Windows,unspecified
22:58:05.292,303.953,0.3195,0.3014,0.3104,0.4005,0.1533,NORMAL,0,0,Windows,unspecified
22:58:05.318,303.979,0.3267,0.3098,0.3182,0.3987,0.1533,NORMAL,0,0,Windows,unspecified
22:58:05.349,304.01,0.3289,0.297,0.3129,0.4022,0.1533,NORMAL,0,0,Windows,unspecified
22:58:05.386,304.048,0.3144,0.2976,0.306,0.405,0.1533,NORMAL,0,0,Windows,unspecified
22:58:05.412,304.073,0.3122,0.297,0.3046,0.4024,0.1533,NORMAL,0,0,Windows,unspecified
22:58:05.443,304.104,0.3144,0.297,0.3057,0.3948,0.1533,NORMAL,0,0,Windows,unspecified
22:58:05.484,304.145,0.3122,0.2976,0.3049,0.4029,0.1533,NORMAL,0,0,Windows,unspecified
22:58:05.506,304.167,0.3144,0.3055,0.31,0.3991,0.1533,NORMAL,0,0,Windows,unspecified
22:58:05.539,304.2,0.3144,0.297,0.3057,0.3968,0.1533,NORMAL,0,0,Windows,unspecified
22:58:05.595,304.256,0.309,0.2759,0.2925,0.4008,0.1533,NORMAL,0,0,Windows,unspecified
22:58:05.631,304.293,0.2712,0.2619,0.2665,0.4021,0.1533,NORMAL,0,0,Windows,unspecified
22:58:05.661,304.322,0.2769,0.2473,0.2621,0.4021,0.1533,NORMAL,0,0,Windows,unspecified
22:58:05.690,304.351,0.2029,0.1709,0.1869,0.3986,0.16,NORMAL,1,0,Windows,unspecified
22:58:05.726,304.387,0.1728,0.1104,0.1416,0.3967,0.1667,NORMAL,2,0,Windows,unspecified
22:58:05.756,304.417,0.1497,0.1104,0.1301,0.3977,0.1733,NORMAL,3,0,Windows,unspecified
22:58:05.788,304.449,0.1351,0.087,0.1111,0.3971,0.18,NORMAL,4,0,Windows,unspecified
22:58:05.818,304.479,0.1067,0.0825,0.0946,0.392,0.1867,NORMAL,5,0,Windows,unspecified
22:58:05.849,304.51,0.1067,0.0849,0.0958,0.3965,0.1933,NORMAL,6,0,Windows,unspecified
22:58:05.899,304.56,0.0926,0.0825,0.0876,0.396,0.2,NORMAL,7,0,Windows,unspecified
22:58:05.928,304.589,0.0788,0.072,0.0754,0.408,0.2067,NORMAL,8,0,Windows,unspecified
22:58:05.960,304.621,0.0853,0.072,0.0787,0.3979,0.2133,NORMAL,9,0,Windows,unspecified
22:58:05.998,304.659,0.0785,0.0615,0.07,0.4026,0.22,WARNING,10,0,Windows,unspecified
22:58:06.040,304.701,0.0651,0.05,0.0575,0.3971,0.2267,WARNING,11,0,Windows,unspecified
22:58:06.070,304.731,0.0516,0.05,0.0508,0.4042,0.2333,WARNING,12,0,Windows,unspecified
22:58:06.102,304.763,0.0329,0.0441,0.0385,0.3858,0.24,WARNING,13,0,Windows,unspecified
22:58:06.132,304.793,0.0613,0.0531,0.0572,0.395,0.2467,WARNING,14,0,Windows,unspecified
22:58:06.165,304.826,0.0613,0.0321,0.0467,0.3906,0.2533,WARNING,15,0,Windows,unspecified
22:58:06.196,304.857,0.0482,0.0512,0.0497,0.3924,0.26,WARNING,16,0,Windows,unspecified
22:58:06.226,304.888,0.0542,0.0512,0.0527,0.3926,0.2667,WARNING,17,0,Windows,unspecified
22:58:06.257,304.918,0.0606,0.0553,0.0579,0.3926,0.2733,WARNING,18,0,Windows,unspecified
22:58:06.301,304.962,0.0261,0.0683,0.0472,0.3992,0.28,WARNING,19,0,Windows,unspecified
22:58:06.338,304.999,0.0492,0.0525,0.0509,0.3979,0.2867,DROWSY,20,0,Windows,unspecified
22:58:06.368,305.029,0.0574,0.0683,0.0629,0.3884,0.2933,DROWSY,21,0,Windows,unspecified
22:58:06.402,305.063,0.0321,0.0389,0.0355,0.3958,0.3,DROWSY,22,0,Windows,unspecified
22:58:06.433,305.094,0.0261,0.0563,0.0412,0.3908,0.3067,DROWSY,23,0,Windows,unspecified
22:58:06.465,305.126,0.0261,0.0531,0.0396,0.3892,0.3133,DROWSY,24,0,Windows,unspecified
22:58:06.492,305.153,0.0134,0.0531,0.0333,0.3975,0.32,DROWSY,25,0,Windows,unspecified
22:58:06.524,305.186,0.0313,0.0514,0.0413,0.3963,0.3267,DROWSY,26,0,Windows,unspecified
22:58:06.555,305.217,0.0313,0.0389,0.0351,0.4012,0.3333,DROWSY,27,0,Windows,unspecified
22:58:06.589,305.25,0.0323,0.0395,0.0359,0.3958,0.34,DROWSY,28,0,Windows,unspecified
22:58:06.618,305.279,0.0134,0.0386,0.026,0.3949,0.3467,DROWSY,29,0,Windows,unspecified
22:58:06.654,305.315,0.0133,0.0416,0.0274,0.3977,0.3533,DROWSY,30,0,Windows,unspecified
22:58:06.682,305.343,0.0266,0.0382,0.0324,0.3986,0.36,DROWSY,31,0,Windows,unspecified
22:58:06.714,305.375,0.0257,0.054,0.0399,0.3985,0.3667,DROWSY,32,0,Windows,unspecified
22:58:06.746,305.407,0.045,0.0446,0.0448,0.3972,0.3733,DROWSY,33,0,Windows,unspecified
22:58:06.775,305.436,0.0259,0.0253,0.0256,0.4002,0.38,DROWSY,34,0,Windows,unspecified
22:58:06.808,305.469,0.0481,0.0523,0.0502,0.4065,0.3867,DROWSY,35,0,Windows,unspecified
22:58:06.838,305.499,0.0395,0.0523,0.0459,0.3917,0.3933,DROWSY,36,0,Windows,unspecified
22:58:06.868,305.529,0.0318,0.0501,0.041,0.4036,0.4,DROWSY,37,0,Windows,unspecified
22:58:06.900,305.561,0.0318,0.0501,0.041,0.4019,0.4067,DROWSY,38,0,Windows,unspecified
22:58:06.933,305.594,0.0315,0.0379,0.0347,0.4012,0.4133,DROWSY,39,0,Windows,unspecified
22:58:06.963,305.624,0.0481,0.0376,0.0428,0.4037,0.42,DROWSY,40,0,Windows,unspecified
22:58:06.995,305.656,0.0481,0.0671,0.0576,0.405,0.4267,DROWSY,41,0,Windows,unspecified
22:58:07.026,305.687,0.0477,0.0501,0.0489,0.4028,0.4333,DROWSY,42,0,Windows,unspecified
22:58:07.056,305.717,0.0599,0.0508,0.0553,0.4111,0.44,DROWSY,43,0,Windows,unspecified
22:58:07.102,305.763,0.0489,0.0525,0.0507,0.4087,0.4467,DROWSY,44,0,Windows,unspecified
22:58:07.134,305.795,0.0379,0.0491,0.0435,0.4101,0.4533,DROWSY,45,0,Windows,unspecified
22:58:07.169,305.83,0.0493,0.0508,0.05,0.4124,0.46,DROWSY,46,0,Windows,unspecified
22:58:07.196,305.857,0.0696,0.0513,0.0604,0.4214,0.4667,DROWSY,47,0,Windows,unspecified
22:58:07.230,305.891,0.0769,0.0538,0.0653,0.4134,0.4733,DROWSY,48,0,Windows,unspecified
22:58:07.260,305.921,0.0614,0.0568,0.0591,0.4118,0.48,DROWSY,49,0,Windows,unspecified
22:58:07.292,305.953,0.0614,0.0635,0.0624,0.412,0.4867,DROWSY,50,0,Windows,unspecified
22:58:07.323,305.985,0.0489,0.0423,0.0456,0.4092,0.4933,DROWSY,51,0,Windows,unspecified
22:58:07.359,306.02,0.0469,0.0538,0.0503,0.412,0.5,DROWSY,52,0,Windows,unspecified
22:58:07.383,306.044,0.0493,0.0556,0.0525,0.4133,0.5067,DROWSY,53,0,Windows,unspecified
22:58:07.419,306.08,0.0473,0.0538,0.0506,0.4147,0.5067,DROWSY,54,0,Windows,unspecified
22:58:07.447,306.108,0.0437,0.0538,0.0487,0.4157,0.5067,DROWSY,55,0,Windows,unspecified
22:58:07.509,306.17,0.0501,0.0306,0.0404,0.4202,0.5067,DROWSY,56,0,Windows,unspecified
22:58:07.539,306.2,0.0323,0.0376,0.035,0.4146,0.5067,DROWSY,57,0,Windows,unspecified
22:58:07.569,306.23,0.0501,0.0508,0.0505,0.4144,0.5067,DROWSY,58,0,Windows,unspecified
22:58:07.602,306.263,0.0501,0.0701,0.0601,0.4131,0.5067,DROWSY,59,0,Windows,unspecified
22:58:07.632,306.293,0.0433,0.0538,0.0486,0.4131,0.5067,DROWSY,60,0,Windows,unspecified
22:58:07.664,306.325,0.0501,0.0538,0.052,0.4214,0.5067,DROWSY,61,0,Windows,unspecified
22:58:07.697,306.358,0.0489,0.0502,0.0496,0.4156,0.5067,DROWSY,62,0,Windows,unspecified
22:58:07.726,306.387,0.0489,0.0377,0.0433,0.4104,0.5067,DROWSY,63,0,Windows,unspecified
22:58:07.757,306.418,0.0489,0.0381,0.0435,0.4196,0.5067,DROWSY,64,0,Windows,unspecified
22:58:07.790,306.451,0.0433,0.0377,0.0405,0.4182,0.5067,DROWSY,65,0,Windows,unspecified
22:58:07.824,306.485,0.0332,0.0538,0.0435,0.4138,0.5067,DROWSY,66,0,Windows,unspecified
22:58:07.852,306.513,0.0506,0.0433,0.047,0.4082,0.5067,DROWSY,67,0,Windows,unspecified
22:58:07.899,306.56,0.0614,0.0508,0.0561,0.4136,0.5133,DROWSY,68,0,Windows,unspecified
22:58:07.931,306.592,0.0501,0.0463,0.0482,0.4115,0.52,DROWSY,69,0,Windows,unspecified
22:58:07.967,306.628,0.1797,0.1359,0.1578,0.4118,0.5267,DROWSY,70,0,Windows,unspecified
22:58:07.994,306.656,0.1673,0.1357,0.1515,0.4075,0.5333,DROWSY,71,0,Windows,unspecified
22:58:08.037,306.698,0.3495,0.2619,0.3057,0.4213,0.5333,DROWSY,0,0,Windows,unspecified
22:58:08.072,306.733,0.2891,0.278,0.2836,0.4106,0.5333,DROWSY,0,0,Windows,unspecified
22:58:08.102,306.763,0.3619,0.3014,0.3316,0.4182,0.5333,DROWSY,0,0,Windows,unspecified
22:58:08.131,306.792,0.2886,0.2795,0.2841,0.4019,0.5333,DROWSY,0,0,Windows,unspecified
22:58:08.161,306.822,0.3335,0.3188,0.3262,0.4088,0.5333,DROWSY,0,0,Windows,unspecified
22:58:08.197,306.858,0.3476,0.2898,0.3187,0.3973,0.5333,DROWSY,0,0,Windows,unspecified
22:58:08.229,306.89,0.3608,0.3292,0.345,0.3989,0.5333,DROWSY,0,0,Windows,unspecified
22:58:08.259,306.92,0.3464,0.3228,0.3346,0.3907,0.5333,DROWSY,0,0,Windows,unspecified
22:58:08.303,306.964,0.3604,0.34,0.3502,0.3913,0.5333,DROWSY,0,0,Windows,unspecified
22:58:08.334,306.995,0.3611,0.3299,0.3455,0.3841,0.5333,DROWSY,0,0,Windows,unspecified
22:58:08.367,307.028,0.3587,0.3313,0.345,0.3836,0.5333,DROWSY,0,0,Windows,unspecified
22:58:08.400,307.061,0.345,0.3193,0.3322,0.3852,0.5333,DROWSY,0,0,Windows,unspecified
22:58:08.432,307.093,0.3452,0.339,0.3421,0.3853,0.5333,DROWSY,0,0,Windows,unspecified
22:58:08.463,307.124,0.3672,0.3295,0.3483,0.3821,0.5333,DROWSY,0,0,Windows,unspecified
22:58:08.491,307.152,0.3648,0.3473,0.356,0.3957,0.5333,DROWSY,0,0,Windows,unspecified
22:58:08.526,307.187,0.353,0.3605,0.3567,0.3805,0.5333,DROWSY,0,0,Windows,unspecified
22:58:08.559,307.22,0.3787,0.3473,0.363,0.3931,0.5333,DROWSY,0,0,Windows,unspecified
22:58:08.588,307.249,0.3894,0.3314,0.3604,0.3835,0.5333,DROWSY,0,0,Windows,unspecified
22:58:08.623,307.284,0.3621,0.3473,0.3547,0.3844,0.5333,DROWSY,0,0,Windows,unspecified
22:58:08.651,307.313,0.3621,0.3601,0.3611,0.3808,0.5333,DROWSY,0,0,Windows,unspecified
22:58:08.707,307.368,0.353,0.3376,0.3453,0.3833,0.5333,DROWSY,0,0,Windows,unspecified
22:58:08.746,307.407,0.3787,0.3342,0.3565,0.3747,0.5333,DROWSY,0,0,Windows,unspecified
22:58:08.777,307.438,0.3782,0.3402,0.3592,0.3747,0.5267,DROWSY,0,0,Windows,unspecified
22:58:08.807,307.469,0.3788,0.3402,0.3595,0.3808,0.52,DROWSY,0,0,Windows,unspecified
22:58:08.841,307.502,0.3766,0.3442,0.3604,0.3787,0.5133,DROWSY,0,0,Windows,unspecified
22:58:08.871,307.532,0.3626,0.3311,0.3468,0.382,0.5067,DROWSY,0,0,Windows,unspecified
22:58:08.902,307.563,0.3626,0.3338,0.3482,0.3786,0.5,DROWSY,0,0,Windows,unspecified
22:58:08.933,307.594,0.353,0.3469,0.35,0.3767,0.4933,DROWSY,0,0,Windows,unspecified
22:58:08.965,307.626,0.355,0.3469,0.351,0.3757,0.4867,DROWSY,0,0,Windows,unspecified
22:58:08.995,307.656,0.355,0.3469,0.351,0.3708,0.48,DROWSY,0,0,Windows,unspecified
22:58:09.027,307.688,0.355,0.3469,0.351,0.3708,0.4733,DROWSY,0,0,Windows,unspecified
22:58:09.056,307.717,0.355,0.3469,0.351,0.3708,0.4733,DROWSY,0,0,Windows,unspecified
22:58:09.099,307.76,0.3141,0.3268,0.3205,0.3708,0.4733,DROWSY,0,0,Windows,unspecified
22:58:09.122,307.783,0.3095,0.3132,0.3113,0.3747,0.4733,DROWSY,0,0,Windows,unspecified
22:58:09.171,307.833,0.113,0.1176,0.1153,0.373,0.48,DROWSY,1,0,Windows,unspecified
22:58:09.200,307.861,0.0601,0.0649,0.0625,0.373,0.4867,DROWSY,2,0,Windows,unspecified
22:58:09.227,307.888,0.0186,0.0438,0.0312,0.3765,0.4933,DROWSY,3,0,Windows,unspecified
22:58:09.263,307.924,0.0186,0.0438,0.0312,0.3825,0.5,DROWSY,4,0,Windows,unspecified
22:58:09.293,307.954,0.0186,0.0318,0.0252,0.3824,0.5067,DROWSY,5,0,Windows,unspecified
22:58:09.324,307.985,0.027,0.0395,0.0332,0.379,0.5133,DROWSY,6,0,Windows,unspecified
22:58:09.360,308.021,0.0,0.0128,0.0064,0.3859,0.52,DROWSY,7,0,Windows,unspecified
22:58:09.386,308.047,0.0132,0.0263,0.0197,0.3879,0.5267,DROWSY,8,0,Windows,unspecified
22:58:09.420,308.081,0.0135,0.0256,0.0195,0.3802,0.5333,DROWSY,9,0,Windows,unspecified
22:58:09.448,308.109,0.0131,0.0309,0.022,0.3855,0.54,DROWSY,10,0,Windows,unspecified
22:58:09.502,308.163,0.0316,0.0255,0.0285,0.3768,0.5467,DROWSY,11,0,Windows,unspecified
22:58:09.529,308.19,0.0478,0.0307,0.0392,0.3762,0.5533,DROWSY,12,0,Windows,unspecified
22:58:09.566,308.227,0.0368,0.0252,0.031,0.3779,0.56,DROWSY,13,0,Windows,unspecified
22:58:09.590,308.251,0.0267,0.0174,0.022,0.3766,0.5667,DROWSY,14,0,Windows,unspecified
22:58:09.631,308.292,0.0311,0.0125,0.0218,0.3788,0.5733,DROWSY,15,0,Windows,unspecified
22:58:09.663,308.324,0.0319,0.0302,0.031,0.3809,0.58,DROWSY,16,0,Windows,unspecified
22:58:09.693,308.354,0.0492,0.0247,0.0369,0.3863,0.5867,DROWSY,17,0,Windows,unspecified
22:58:09.731,308.392,0.0323,0.0253,0.0288,0.3833,0.5933,DROWSY,18,0,Windows,unspecified
22:58:09.761,308.422,0.0385,0.0251,0.0318,0.3943,0.6,DROWSY,19,0,Windows,unspecified
22:58:09.792,308.453,0.0376,0.0176,0.0276,0.3911,0.6067,DROWSY,20,0,Windows,unspecified
22:58:09.824,308.485,0.0604,0.0379,0.0492,0.384,0.6133,DROWSY,21,0,Windows,unspecified
22:58:09.853,308.514,0.0604,0.0302,0.0453,0.3865,0.62,DROWSY,22,0,Windows,unspecified
22:58:09.905,308.566,0.0696,0.031,0.0503,0.3916,0.6267,DROWSY,23,0,Windows,unspecified
22:58:09.932,308.593,0.0777,0.0385,0.0581,0.3866,0.6333,DROWSY,24,0,Windows,unspecified
22:58:09.963,308.624,0.0907,0.0385,0.0646,0.3893,0.64,DROWSY,25,0,Windows,unspecified
22:58:09.993,308.654,0.0797,0.0479,0.0638,0.393,0.6467,DROWSY,26,0,Windows,unspecified
22:58:10.031,308.692,0.081,0.0474,0.0642,0.3986,0.6533,DROWSY,27,0,Windows,unspecified
22:58:10.055,308.717,0.0733,0.0314,0.0523,0.4042,0.66,DROWSY,28,0,Windows,unspecified
22:58:10.095,308.756,0.0725,0.0564,0.0644,0.4093,0.6667,DROWSY,29,0,Windows,unspecified
22:58:10.115,308.776,0.0859,0.0454,0.0656,0.4065,0.6733,DROWSY,30,0,Windows,unspecified
22:58:10.161,308.822,0.0946,0.0564,0.0755,0.4036,0.68,DROWSY,31,0,Windows,unspecified
22:58:10.196,308.857,0.0753,0.0679,0.0716,0.4074,0.6867,DROWSY,32,0,Windows,unspecified
22:58:10.228,308.889,0.0946,0.0564,0.0755,0.408,0.6933,DROWSY,33,0,Windows,unspecified
22:58:10.258,308.919,0.0905,0.0727,0.0816,0.4095,0.7,DROWSY,34,0,Windows,unspecified
22:58:10.299,308.96,0.0984,0.0592,0.0788,0.4146,0.7067,DROWSY,35,0,Windows,unspecified
22:58:10.323,308.984,0.0943,0.0578,0.076,0.4151,0.7133,DROWSY,36,0,Windows,unspecified
22:58:10.367,309.029,0.233,0.1644,0.1987,0.4366,0.72,DROWSY,37,0,Windows,unspecified
22:58:10.406,309.068,0.286,0.2141,0.2501,0.442,0.72,DROWSY,0,0,Windows,unspecified
22:58:10.432,309.093,0.354,0.2783,0.3162,0.4257,0.72,DROWSY,0,0,Windows,unspecified
22:58:10.464,309.125,0.3385,0.2789,0.3087,0.4337,0.72,DROWSY,0,0,Windows,unspecified
22:58:10.494,309.155,0.375,0.3071,0.341,0.4302,0.72,DROWSY,0,0,Windows,unspecified
22:58:10.527,309.188,0.3599,0.2989,0.3294,0.4223,0.72,DROWSY,0,0,Windows,unspecified
22:58:10.555,309.216,0.3572,0.2904,0.3238,0.4075,0.72,DROWSY,0,0,Windows,unspecified
22:58:10.590,309.252,0.3579,0.3165,0.3372,0.4102,0.72,DROWSY,0,0,Windows,unspecified
22:58:10.623,309.284,0.3676,0.2789,0.3233,0.408,0.72,DROWSY,0,0,Windows,unspecified
22:58:10.653,309.314,0.3556,0.2889,0.3222,0.4116,0.7133,DROWSY,0,0,Windows,unspecified
22:58:10.699,309.36,0.3632,0.2912,0.3272,0.41,0.7067,DROWSY,0,0,Windows,unspecified
22:58:10.727,309.389,0.3641,0.2947,0.3294,0.4089,0.7,DROWSY,0,0,Windows,unspecified
22:58:10.764,309.425,0.3393,0.2994,0.3194,0.4088,0.6933,DROWSY,0,0,Windows,unspecified
22:58:10.792,309.453,0.3257,0.3172,0.3214,0.3948,0.6867,DROWSY,0,0,Windows,unspecified
22:58:10.832,309.493,0.3563,0.3311,0.3437,0.4177,0.68,DROWSY,0,0,Windows,unspecified
22:58:10.853,309.514,0.3486,0.3211,0.3349,0.418,0.6733,DROWSY,0,0,Windows,unspecified
22:58:10.893,309.554,0.3391,0.3122,0.3257,0.4294,0.6667,DROWSY,0,0,Windows,unspecified
22:58:10.918,309.579,0.3437,0.3079,0.3258,0.4206,0.66,DROWSY,0,0,Windows,unspecified
22:58:10.959,309.62,0.3281,0.2961,0.3121,0.409,0.6533,DROWSY,0,0,Windows,unspecified
22:58:10.994,309.655,0.3281,0.3039,0.316,0.4146,0.6467,DROWSY,0,0,Windows,unspecified
22:58:11.028,309.689,0.3253,0.2524,0.2889,0.384,0.64,DROWSY,0,0,Windows,unspecified
22:58:11.058,309.719,0.3182,0.273,0.2956,0.3903,0.6333,DROWSY,0,0,Windows,unspecified
22:58:11.103,309.764,0.2895,0.2529,0.2712,0.4096,0.6267,DROWSY,0,0,Windows,unspecified
22:58:11.135,309.796,0.3068,0.2552,0.281,0.4024,0.62,DROWSY,0,0,Windows,unspecified
22:58:11.169,309.83,0.2815,0.2658,0.2737,0.4376,0.6133,DROWSY,0,0,Windows,unspecified
22:58:11.198,309.859,0.3095,0.2628,0.2862,0.4327,0.6067,DROWSY,0,0,Windows,unspecified
22:58:11.226,309.887,0.2795,0.2725,0.276,0.4519,0.6,DROWSY,0,0,Windows,unspecified
22:58:11.258,309.919,0.2815,0.2746,0.2781,0.443,0.5933,DROWSY,0,0,Windows,unspecified
22:58:11.295,309.956,0.3076,0.2873,0.2974,0.4518,0.5867,DROWSY,0,0,Windows,unspecified
22:58:11.322,309.983,0.3194,0.2873,0.3033,0.4615,0.58,DROWSY,0,0,Windows,unspecified
22:58:11.356,310.017,0.2921,0.2839,0.288,0.4902,0.5733,DROWSY,0,0,Windows,unspecified
22:58:11.384,310.045,0.2951,0.2636,0.2794,0.4828,0.5667,DROWSY,0,0,Windows,unspecified
22:58:11.424,310.085,0.2941,0.2633,0.2787,0.4833,0.56,DROWSY,0,0,Windows,unspecified
22:58:11.446,310.108,0.2806,0.2505,0.2655,0.4863,0.5533,DROWSY,0,0,Windows,unspecified
22:58:11.502,310.163,0.2806,0.2505,0.2655,0.4906,0.5467,DROWSY,0,0,Windows,unspecified
22:58:11.524,310.185,0.2806,0.2636,0.2721,0.4897,0.54,DROWSY,0,0,Windows,unspecified
22:58:11.565,310.226,0.2839,0.2669,0.2754,0.4909,0.5333,DROWSY,0,0,Windows,unspecified
22:58:11.587,310.248,0.2806,0.2669,0.2737,0.4948,0.5267,DROWSY,0,0,Windows,unspecified
22:58:11.631,310.292,0.1344,0.1155,0.1249,0.4992,0.5267,DROWSY,1,0,Windows,unspecified
22:58:11.667,310.328,0.1066,0.0886,0.0976,0.4914,0.5267,DROWSY,2,0,Windows,unspecified
22:58:11.697,310.358,0.0639,0.0572,0.0605,0.4996,0.5267,DROWSY,3,0,Windows,unspecified
22:58:11.730,310.392,0.066,0.0499,0.0579,0.4914,0.5267,DROWSY,4,0,Windows,unspecified
22:58:11.761,310.422,0.0939,0.0467,0.0703,0.4939,0.5267,DROWSY,5,0,Windows,unspecified
22:58:11.790,310.451,0.1082,0.0844,0.0963,0.4882,0.5267,DROWSY,6,0,Windows,unspecified
22:58:11.823,310.484,0.1816,0.1704,0.176,0.4847,0.5267,DROWSY,7,0,Windows,unspecified
22:58:11.853,310.514,0.2363,0.1954,0.2158,0.4915,0.5267,DROWSY,8,0,Windows,unspecified
22:58:11.903,310.564,0.2733,0.2197,0.2465,0.4758,0.52,DROWSY,0,0,Windows,unspecified
22:58:11.932,310.593,0.2816,0.2477,0.2647,0.4728,0.5133,DROWSY,0,0,Windows,unspecified
22:58:11.968,310.629,0.2941,0.2549,0.2745,0.4758,0.5067,DROWSY,0,0,Windows,unspecified
22:58:11.993,310.654,0.2974,0.2722,0.2848,0.4787,0.5,DROWSY,0,0,Windows,unspecified
22:58:12.025,310.686,0.2919,0.2621,0.277,0.4797,0.4933,DROWSY,0,0,Windows,unspecified
22:58:12.055,310.716,0.2828,0.2619,0.2724,0.4797,0.4867,DROWSY,0,0,Windows,unspecified
22:58:12.092,310.753,0.2693,0.2619,0.2656,0.4731,0.48,DROWSY,0,0,Windows,unspecified
22:58:12.116,310.777,0.2693,0.2619,0.2656,0.4731,0.4733,DROWSY,0,0,Windows,unspecified
22:58:12.156,310.817,0.1936,0.1804,0.187,0.4735,0.4733,DROWSY,1,0,Windows,unspecified
22:58:12.182,310.843,0.1766,0.1467,0.1616,0.4706,0.4733,DROWSY,2,0,Windows,unspecified
22:58:12.223,310.884,0.0588,0.048,0.0534,0.5086,0.4733,DROWSY,3,0,Windows,unspecified
22:58:12.260,310.921,0.0555,0.0309,0.0432,0.5147,0.4733,DROWSY,4,0,Windows,unspecified
22:58:12.304,310.965,0.0405,0.027,0.0338,0.5223,0.4733,DROWSY,5,0,Windows,unspecified
22:58:12.338,310.999,0.0461,0.0191,0.0326,0.5335,0.4733,DROWSY,6,0,Windows,unspecified
22:58:12.368,311.029,0.0391,0.0,0.0196,0.5519,0.4733,DROWSY,7,0,Windows,unspecified
22:58:12.400,311.061,0.0325,0.0135,0.023,0.5466,0.4733,DROWSY,8,0,Windows,unspecified
22:58:12.430,311.091,0.038,0.0345,0.0362,0.611,0.4733,DROWSY,9,0,Windows,unspecified
22:58:12.462,311.123,0.0504,0.0555,0.053,0.5995,0.4733,DROWSY,10,0,Windows,unspecified
22:58:12.496,311.158,0.0343,0.0278,0.031,0.6348,0.4733,DROWSY,11,0,Windows,unspecified
22:58:12.524,311.185,0.0341,0.0335,0.0338,0.6349,0.4733,DROWSY,12,0,Windows,unspecified
22:58:12.556,311.217,0.0283,0.0294,0.0288,0.644,0.4733,DROWSY,13,0,Windows,unspecified
22:58:12.587,311.248,0.0283,0.0355,0.0319,0.6595,0.4733,DROWSY,14,1,Windows,unspecified
22:58:12.619,311.28,0.0387,0.0416,0.0402,0.6481,0.4733,DROWSY,15,0,Windows,unspecified
22:58:12.649,311.31,0.0331,0.0404,0.0367,0.6702,0.4733,DROWSY,16,1,Windows,unspecified
22:58:12.700,311.361,0.034,0.0286,0.0313,0.6585,0.4733,DROWSY,17,2,Windows,unspecified
22:58:12.729,311.39,0.035,0.0501,0.0425,0.6602,0.4733,DROWSY,18,3,Windows,unspecified
22:58:12.790,311.451,0.04,0.0475,0.0438,0.6798,0.4733,DROWSY,19,4,Windows,unspecified
22:58:12.820,311.481,0.0341,0.0344,0.0343,0.6822,0.4733,DROWSY,20,5,Windows,unspecified
22:58:12.851,311.513,0.0266,0.0277,0.0271,0.6995,0.4733,DROWSY,21,6,Windows,unspecified
22:58:12.883,311.544,0.0329,0.0505,0.0417,0.7067,0.4733,DROWSY,22,7,Windows,unspecified
22:58:12.910,311.571,0.0273,0.0505,0.0389,0.739,0.4733,DROWSY,23,8,Windows,unspecified
22:58:12.944,311.605,0.0327,0.0415,0.0371,0.7542,0.4733,DROWSY,24,9,Windows,unspecified
22:58:12.974,311.635,0.0327,0.0415,0.0371,0.7542,0.4733,DROWSY,25,10,Windows,unspecified
22:58:13.007,311.668,0.0383,0.0415,0.0399,0.7516,0.4733,DROWSY,26,11,Windows,unspecified
22:58:13.038,311.699,0.0386,0.0473,0.0429,0.7542,0.48,DROWSY,27,12,Windows,unspecified
22:58:13.069,311.731,0.0329,0.0277,0.0303,0.7542,0.4867,DROWSY,28,13,Windows,unspecified
22:58:13.103,311.764,0.0329,0.0277,0.0303,0.737,0.4933,DROWSY,29,14,Windows,unspecified
22:58:13.130,311.791,0.0396,0.0,0.0198,0.7445,0.5,DROWSY,30,15,Windows,unspecified
22:58:13.168,311.829,0.0386,0.0277,0.0331,0.7348,0.5067,DROWSY,31,16,Windows,unspecified
22:58:13.193,311.854,0.0329,0.0276,0.0303,0.7368,0.5133,DROWSY,32,17,Windows,unspecified
22:58:13.230,311.891,0.0383,0.0333,0.0358,0.7419,0.52,DROWSY,33,18,Windows,unspecified
22:58:13.256,311.917,0.0394,0.0284,0.0339,0.7477,0.5267,DROWSY,34,19,Windows,unspecified
22:58:13.293,311.954,0.0394,0.0447,0.042,0.7446,0.5333,DROWSY,35,20,Windows,unspecified
22:58:13.318,311.979,0.0334,0.0283,0.0308,0.7471,0.54,DROWSY,36,21,Windows,unspecified
22:58:13.359,312.02,0.0394,0.0343,0.0368,0.7529,0.5467,DROWSY,37,22,Windows,unspecified
22:58:13.394,312.055,0.0405,0.0333,0.0369,0.7524,0.5533,DROWSY,38,23,Windows,unspecified
22:58:13.428,312.089,0.0336,0.0284,0.031,0.7393,0.56,DROWSY,39,24,Windows,unspecified
22:58:13.459,312.12,0.0279,0.0284,0.0281,0.731,0.5667,DROWSY,40,25,Windows,unspecified
22:58:13.507,312.168,0.0334,0.0333,0.0334,0.7208,0.5733,DROWSY,41,26,Windows,unspecified
22:58:13.538,312.199,0.0334,0.0343,0.0338,0.7158,0.58,DROWSY,42,27,Windows,unspecified
22:58:13.569,312.231,0.0343,0.0343,0.0343,0.6947,0.5867,DROWSY,43,28,Windows,unspecified
22:58:13.601,312.262,0.0343,0.0353,0.0348,0.6735,0.5933,DROWSY,44,29,Windows,unspecified
22:58:13.636,312.297,0.0343,0.0145,0.0244,0.5929,0.6,DROWSY,45,0,Windows,unspecified
22:58:13.661,312.322,0.0343,0.0145,0.0244,0.5574,0.6067,DROWSY,46,0,Windows,unspecified
22:58:13.693,312.355,0.059,0.0,0.0295,0.4548,0.6133,DROWSY,47,0,Windows,unspecified
22:58:13.725,312.386,0.0273,0.0,0.0136,0.4535,0.62,DROWSY,48,0,Windows,unspecified
22:58:13.757,312.418,0.05,0.0291,0.0396,0.4254,0.6267,DROWSY,49,0,Windows,unspecified
22:58:13.788,312.449,0.0389,0.0141,0.0265,0.4125,0.6333,DROWSY,50,0,Windows,unspecified
22:58:13.826,312.487,0.0599,0.0876,0.0738,0.4153,0.64,DROWSY,51,0,Windows,unspecified
22:58:13.852,312.513,0.0766,0.0923,0.0845,0.4009,0.6467,DROWSY,52,0,Windows,unspecified
22:58:13.901,312.562,0.0788,0.1254,0.1021,0.3961,0.6533,DROWSY,53,0,Windows,unspecified
22:58:13.929,312.59,0.0853,0.0955,0.0904,0.4005,0.66,DROWSY,54,0,Windows,unspecified
22:58:13.967,312.628,0.1056,0.0981,0.1018,0.3849,0.6667,DROWSY,55,0,Windows,unspecified
22:58:13.992,312.653,0.0924,0.1096,0.101,0.393,0.6733,DROWSY,56,0,Windows,unspecified
22:58:14.032,312.693,0.1351,0.1279,0.1315,0.3978,0.68,DROWSY,57,0,Windows,unspecified
22:58:14.068,312.729,0.1211,0.1075,0.1143,0.3969,0.6867,DROWSY,58,0,Windows,unspecified
22:58:14.101,312.762,0.1317,0.1075,0.1196,0.5034,0.6933,DROWSY,59,0,Windows,unspecified
22:58:14.131,312.792,0.1317,0.1056,0.1187,0.5215,0.7,DROWSY,60,0,Windows,unspecified
22:58:14.163,312.824,0.1317,0.1208,0.1262,0.5141,0.7,DROWSY,61,0,Windows,unspecified
22:58:14.194,312.855,0.1178,0.1067,0.1122,0.5133,0.7,DROWSY,62,0,Windows,unspecified
22:58:14.228,312.889,0.104,0.077,0.0905,0.5526,0.7,DROWSY,63,0,Windows,unspecified
22:58:14.257,312.918,0.1178,0.0622,0.09,0.5526,0.7,DROWSY,64,0,Windows,unspecified
22:58:14.303,312.964,0.077,0.062,0.0695,0.5326,0.7,DROWSY,65,0,Windows,unspecified
22:58:14.335,312.997,0.077,0.0506,0.0638,0.516,0.7,DROWSY,66,0,Windows,unspecified
22:58:14.362,313.024,0.104,0.057,0.0805,0.4574,0.7,DROWSY,67,0,Windows,unspecified
22:58:14.396,313.057,0.0749,0.057,0.066,0.4358,0.7,DROWSY,68,0,Windows,unspecified
22:58:14.432,313.093,0.0729,0.0603,0.0666,0.4401,0.7,DROWSY,69,0,Windows,unspecified
22:58:14.460,313.122,0.0707,0.0604,0.0656,0.4261,0.7,DROWSY,70,0,Windows,unspecified
22:58:14.495,313.156,0.071,0.0344,0.0527,0.4401,0.7,DROWSY,71,0,Windows,unspecified
22:58:14.521,313.182,0.0557,0.0603,0.058,0.4415,0.7,DROWSY,72,0,Windows,unspecified
22:58:14.559,313.22,0.0942,0.0877,0.091,0.4437,0.7,DROWSY,73,0,Windows,unspecified
22:58:14.586,313.247,0.0811,0.1159,0.0985,0.4369,0.7,DROWSY,74,0,Windows,unspecified
22:58:14.623,313.284,0.1011,0.1144,0.1078,0.4535,0.7,DROWSY,75,0,Windows,unspecified
22:58:14.647,313.308,0.0984,0.1176,0.108,0.4463,0.7,DROWSY,76,0,Windows,unspecified
22:58:14.703,313.364,0.0588,0.0727,0.0658,0.4915,0.7,DROWSY,77,0,Windows,unspecified
22:58:14.740,313.401,0.0573,0.0602,0.0588,0.4981,0.7,DROWSY,78,0,Windows,unspecified
22:58:14.770,313.431,0.0362,0.0492,0.0427,0.4909,0.7,DROWSY,79,0,Windows,unspecified
22:58:14.803,313.464,0.0309,0.052,0.0414,0.4829,0.7,DROWSY,80,0,Windows,unspecified
22:58:14.833,313.495,0.0309,0.0344,0.0327,0.4904,0.7,DROWSY,81,0,Windows,unspecified
22:58:14.865,313.526,0.0309,0.0345,0.0327,0.4894,0.7,DROWSY,82,0,Windows,unspecified
22:58:14.897,313.559,0.0256,0.0403,0.033,0.4768,0.7,DROWSY,83,0,Windows,unspecified
22:58:14.929,313.59,0.0309,0.0294,0.0301,0.4643,0.7,DROWSY,84,0,Windows,unspecified
22:58:14.955,313.616,0.0263,0.0403,0.0333,0.4637,0.7,DROWSY,85,0,Windows,unspecified
22:58:14.990,313.651,0.0256,0.0344,0.03,0.4642,0.7,DROWSY,86,0,Windows,unspecified
22:58:15.019,313.68,0.0263,0.0285,0.0274,0.4598,0.7,DROWSY,87,0,Windows,unspecified
22:58:15.052,313.713,0.0256,0.0285,0.0271,0.4606,0.7,DROWSY,88,0,Windows,unspecified
22:58:15.099,313.76,0.0128,0.0,0.0064,0.4526,0.7,DROWSY,89,0,Windows,unspecified
22:58:15.131,313.792,0.0256,0.0344,0.03,0.4437,0.7,DROWSY,90,0,Windows,unspecified
22:58:15.167,313.828,0.0,0.0286,0.0143,0.4298,0.7,DROWSY,91,0,Windows,unspecified
22:58:15.193,313.854,0.0309,0.0139,0.0224,0.4268,0.7,DROWSY,92,0,Windows,unspecified
22:58:15.226,313.887,0.0181,0.0285,0.0233,0.4208,0.7,DROWSY,93,0,Windows,unspecified
22:58:15.255,313.917,0.0309,0.0285,0.0297,0.4153,0.7,DROWSY,94,0,Windows,unspecified
22:58:15.295,313.956,0.0372,0.0521,0.0446,0.4132,0.7,DROWSY,95,0,Windows,unspecified
22:58:15.333,313.994,0.031,0.0344,0.0327,0.401,0.7,DROWSY,96,0,Windows,unspecified
22:58:15.364,314.025,0.0318,0.0621,0.0469,0.3964,0.7,DROWSY,97,0,Windows,unspecified
22:58:15.394,314.056,0.0318,0.0521,0.0419,0.401,0.7067,DROWSY,98,0,Windows,unspecified
22:58:15.428,314.089,0.0256,0.0521,0.0389,0.3963,0.7133,DROWSY,99,0,Windows,unspecified
22:58:15.458,314.119,0.0128,0.0622,0.0375,0.4045,0.72,DROWSY,100,0,Windows,unspecified
22:58:15.504,314.165,0.0263,0.0344,0.0304,0.4177,0.7267,DROWSY,101,0,Windows,unspecified
22:58:15.536,314.197,0.0318,0.0521,0.0419,0.431,0.7333,DROWSY,102,0,Windows,unspecified
22:58:15.566,314.227,0.0318,0.0521,0.0419,0.4306,0.74,DROWSY,103,0,Windows,unspecified
22:58:15.597,314.259,0.0372,0.0521,0.0446,0.4351,0.7467,DROWSY,104,0,Windows,unspecified
22:58:15.630,314.291,0.0449,0.0521,0.0485,0.4205,0.7533,DROWSY,105,0,Windows,unspecified
22:58:15.660,314.322,0.0256,0.0638,0.0447,0.4245,0.76,DROWSY,106,0,Windows,unspecified
22:58:15.692,314.353,0.0256,0.0702,0.0479,0.4078,0.7667,DROWSY,107,0,Windows,unspecified
22:58:15.725,314.386,0.0372,0.052,0.0446,0.4166,0.7733,DROWSY,108,0,Windows,unspecified
22:58:15.770,314.431,0.0468,0.0721,0.0594,0.3956,0.78,DROWSY,109,0,Windows,unspecified
22:58:15.801,314.462,0.0372,0.062,0.0496,0.3987,0.7867,DROWSY,110,0,Windows,unspecified
22:58:15.834,314.495,0.0649,0.0721,0.0685,0.3872,0.7933,DROWSY,111,0,Windows,unspecified
22:58:15.867,314.528,0.0573,0.077,0.0671,0.3872,0.8,DROWSY,112,0,Windows,unspecified
22:58:15.904,314.565,0.0468,0.0853,0.066,0.3765,0.8067,DROWSY,113,0,Windows,unspecified
22:58:15.927,314.588,0.0573,0.0963,0.0768,0.3744,0.8133,DROWSY,114,0,Windows,unspecified
22:58:15.963,314.625,0.0666,0.0943,0.0804,0.3568,0.82,DROWSY,115,0,Windows,unspecified
22:58:15.989,314.65,0.0725,0.0916,0.082,0.3676,0.8267,DROWSY,116,0,Windows,unspecified
22:58:16.030,314.691,0.0648,0.0916,0.0782,0.3478,0.8333,DROWSY,117,0,Windows,unspecified
22:58:16.050,314.711,0.0845,0.1146,0.0996,0.3526,0.84,DROWSY,118,0,Windows,unspecified
22:58:16.091,314.752,0.0648,0.0998,0.0823,0.353,0.8467,DROWSY,119,0,Windows,unspecified
22:58:16.113,314.774,0.0824,0.1237,0.103,0.3516,0.8533,DROWSY,120,0,Windows,unspecified
22:58:16.160,314.821,0.0648,0.1146,0.0897,0.3506,0.86,DROWSY,121,0,Windows,unspecified
22:58:16.192,314.854,0.0923,0.1237,0.108,0.347,0.8667,DROWSY,122,0,Windows,unspecified
22:58:16.222,314.883,0.0724,0.1026,0.0875,0.3476,0.8733,DROWSY,123,0,Windows,unspecified
22:58:16.253,314.914,0.0822,0.1114,0.0968,0.35,0.88,DROWSY,124,0,Windows,unspecified
22:58:16.300,314.961,0.0824,0.1237,0.103,0.3522,0.8867,DROWSY,125,0,Windows,unspecified
22:58:16.331,314.992,0.1031,0.1312,0.1172,0.3582,0.8933,DROWSY,126,0,Windows,unspecified
22:58:16.368,315.029,0.0648,0.1225,0.0937,0.3586,0.9,DROWSY,127,0,Windows,unspecified
22:58:16.393,315.055,0.0767,0.1316,0.1041,0.3618,0.9067,DROWSY,128,0,Windows,unspecified
22:58:16.427,315.088,0.0905,0.1237,0.1071,0.3456,0.9133,DROWSY,129,0,Windows,unspecified
22:58:16.456,315.117,0.0724,0.1203,0.0964,0.3516,0.92,DROWSY,130,0,Windows,unspecified
22:58:16.492,315.153,0.0649,0.1023,0.0836,0.356,0.9267,DROWSY,131,0,Windows,unspecified
22:58:16.518,315.179,0.0648,0.1039,0.0844,0.3608,0.9333,DROWSY,132,0,Windows,unspecified
22:58:16.556,315.217,0.0768,0.1118,0.0943,0.352,0.94,DROWSY,133,0,Windows,unspecified
22:58:16.582,315.243,0.0665,0.0995,0.083,0.3488,0.9467,DROWSY,134,0,Windows,unspecified
22:58:16.621,315.282,0.0767,0.0995,0.0881,0.3528,0.9467,DROWSY,135,0,Windows,unspecified
22:58:16.656,315.317,0.0648,0.0998,0.0823,0.3528,0.9467,DROWSY,136,0,Windows,unspecified
22:58:16.702,315.363,0.0648,0.0998,0.0823,0.3528,0.9467,DROWSY,137,0,Windows,unspecified
22:58:16.738,315.399,0.0787,0.1118,0.0953,0.3528,0.9467,DROWSY,138,0,Windows,unspecified
22:58:16.768,315.429,0.0573,0.1118,0.0845,0.3528,0.9467,DROWSY,139,0,Windows,unspecified
22:58:16.801,315.463,0.0573,0.1206,0.0889,0.3514,0.9467,DROWSY,140,0,Windows,unspecified
22:58:16.833,315.494,0.0573,0.1206,0.0889,0.353,0.9467,DROWSY,141,0,Windows,unspecified
22:58:16.864,315.525,0.0743,0.1206,0.0975,0.3628,0.9467,DROWSY,142,0,Windows,unspecified
22:58:16.896,315.557,0.0665,0.1118,0.0892,0.3543,0.9533,DROWSY,143,0,Windows,unspecified
22:58:16.927,315.588,0.0648,0.1118,0.0883,0.3608,0.96,DROWSY,144,0,Windows,unspecified
22:58:16.959,315.621,0.0588,0.0962,0.0775,0.3678,0.9667,DROWSY,145,0,Windows,unspecified
22:58:16.990,315.651,0.0588,0.0853,0.072,0.3641,0.9733,DROWSY,146,0,Windows,unspecified
22:58:17.019,315.68,0.0478,0.0647,0.0562,0.3638,0.98,DROWSY,147,0,Windows,unspecified
22:58:17.051,315.712,0.0478,0.0668,0.0573,0.3708,0.9867,DROWSY,148,0,Windows,unspecified
22:58:17.102,315.763,0.0748,0.0701,0.0724,0.3605,0.9933,DROWSY,149,0,Windows,unspecified
22:58:17.125,315.786,0.0573,0.0701,0.0637,0.371,1.0,DROWSY,150,0,Windows,unspecified
22:58:17.167,315.828,0.1113,0.0965,0.1039,0.3581,1.0,DROWSY,151,0,Windows,unspecified
22:58:17.191,315.852,0.0888,0.0892,0.089,0.3709,1.0,DROWSY,152,0,Windows,unspecified
22:58:17.231,315.892,0.1451,0.1533,0.1492,0.3693,1.0,DROWSY,153,0,Windows,unspecified
22:58:17.253,315.914,0.1491,0.1276,0.1383,0.3642,1.0,DROWSY,154,0,Windows,unspecified
22:58:17.291,315.952,0.1541,0.1492,0.1517,0.3693,1.0,DROWSY,155,0,Windows,unspecified
22:58:17.317,315.978,0.1624,0.1492,0.1558,0.374,1.0,DROWSY,156,0,Windows,unspecified
22:58:17.361,316.022,0.1639,0.1727,0.1683,0.37,1.0,DROWSY,157,0,Windows,unspecified
22:58:17.397,316.058,0.1806,0.1761,0.1784,0.3731,1.0,DROWSY,158,0,Windows,unspecified
22:58:17.428,316.089,0.1456,0.1273,0.1364,0.3758,1.0,DROWSY,159,0,Windows,unspecified
22:58:17.460,316.121,0.1626,0.1442,0.1534,0.3805,1.0,DROWSY,160,0,Windows,unspecified
22:58:17.503,316.164,0.1727,0.113,0.1428,0.386,1.0,DROWSY,161,0,Windows,unspecified
22:58:17.536,316.197,0.1626,0.1436,0.1531,0.3847,1.0,DROWSY,162,0,Windows,unspecified
22:58:17.568,316.229,0.1721,0.1415,0.1568,0.3934,1.0,DROWSY,163,0,Windows,unspecified
22:58:17.598,316.259,0.1667,0.1085,0.1376,0.3876,1.0,DROWSY,164,0,Windows,unspecified
22:58:17.630,316.291,0.1345,0.1078,0.1211,0.3969,1.0,DROWSY,165,0,Windows,unspecified
22:58:17.663,316.324,0.1259,0.1114,0.1187,0.4006,1.0,DROWSY,166,0,Windows,unspecified
22:58:17.695,316.356,0.137,0.1107,0.1238,0.4012,1.0,DROWSY,167,0,Windows,unspecified
22:58:17.723,316.385,0.1484,0.1262,0.1373,0.4059,1.0,DROWSY,168,0,Windows,unspecified
22:58:17.759,316.42,0.1555,0.1425,0.149,0.4001,1.0,DROWSY,169,0,Windows,unspecified
22:58:17.785,316.446,0.1542,0.1564,0.1553,0.4018,1.0,DROWSY,170,0,Windows,unspecified
22:58:17.821,316.482,0.1606,0.1297,0.1451,0.3964,1.0,DROWSY,171,0,Windows,unspecified
22:58:17.844,316.505,0.1712,0.1297,0.1504,0.4015,1.0,DROWSY,172,0,Windows,unspecified
22:58:17.901,316.562,0.1586,0.132,0.1453,0.4054,1.0,DROWSY,173,0,Windows,unspecified
22:58:17.940,316.601,0.1596,0.1316,0.1456,0.4115,1.0,DROWSY,174,0,Windows,unspecified
22:58:17.971,316.632,0.1875,0.1316,0.1595,0.4207,1.0,DROWSY,175,0,Windows,unspecified
22:58:18.003,316.664,0.1875,0.1431,0.1653,0.4273,1.0,DROWSY,176,0,Windows,unspecified
22:58:18.035,316.696,0.1943,0.173,0.1836,0.4309,1.0,DROWSY,177,0,Windows,unspecified
22:58:18.066,316.727,0.2089,0.1741,0.1915,0.4329,1.0,DROWSY,178,0,Windows,unspecified
22:58:18.093,316.754,0.2472,0.2147,0.231,0.4521,1.0,DROWSY,179,0,Windows,unspecified
22:58:18.131,316.792,0.2813,0.2299,0.2556,0.4401,0.9933,DROWSY,0,0,Windows,unspecified
22:58:18.156,316.817,0.3263,0.29,0.3081,0.4399,0.9867,DROWSY,0,0,Windows,unspecified
22:58:18.188,316.849,0.3197,0.2982,0.3089,0.4368,0.98,DROWSY,0,0,Windows,unspecified
22:58:18.223,316.884,0.3817,0.3269,0.3543,0.4486,0.9733,DROWSY,0,0,Windows,unspecified
22:58:18.251,316.912,0.388,0.3403,0.3641,0.4533,0.9667,DROWSY,0,0,Windows,unspecified
22:58:18.303,316.964,0.4026,0.3348,0.3687,0.4494,0.96,DROWSY,0,0,Windows,unspecified
22:58:18.333,316.994,0.3849,0.3319,0.3584,0.436,0.9533,DROWSY,0,0,Windows,unspecified
22:58:18.367,317.028,0.4027,0.3441,0.3734,0.4548,0.9467,DROWSY,0,0,Windows,unspecified
22:58:18.394,317.055,0.3747,0.3459,0.3603,0.4538,0.94,DROWSY,0,0,Windows,unspecified
22:58:18.429,317.09,0.4007,0.3733,0.387,0.4681,0.9333,DROWSY,0,0,Windows,unspecified
22:58:18.456,317.117,0.389,0.3939,0.3914,0.4681,0.9267,DROWSY,0,0,Windows,unspecified
22:58:18.494,317.156,0.4038,0.3756,0.3897,0.4587,0.92,DROWSY,0,0,Windows,unspecified
22:58:18.516,317.178,0.4305,0.3787,0.4046,0.4633,0.9133,DROWSY,0,0,Windows,unspecified
22:58:18.557,317.218,0.3751,0.3313,0.3532,0.4183,0.9067,DROWSY,0,0,Windows,unspecified
22:58:18.580,317.241,0.3722,0.3175,0.3449,0.4227,0.9,DROWSY,0,0,Windows,unspecified
22:58:18.622,317.283,0.3531,0.3435,0.3483,0.3874,0.8933,DROWSY,0,0,Windows,unspecified
22:58:18.659,317.32,0.3432,0.3331,0.3381,0.3923,0.8867,DROWSY,0,0,Windows,unspecified
22:58:18.704,317.365,0.333,0.3476,0.3403,0.3909,0.88,DROWSY,0,0,Windows,unspecified
22:58:18.736,317.397,0.3775,0.3476,0.3625,0.384,0.8733,DROWSY,0,0,Windows,unspecified
22:58:18.766,317.427,0.3785,0.3648,0.3716,0.3893,0.8667,DROWSY,0,0,Windows,unspecified
22:58:18.797,317.458,0.3674,0.3787,0.3731,0.3814,0.86,DROWSY,0,0,Windows,unspecified
22:58:18.830,317.491,0.37,0.3817,0.3759,0.3931,0.8533,DROWSY,0,0,Windows,unspecified
22:58:18.860,317.521,0.3674,0.3787,0.3731,0.3917,0.8467,DROWSY,0,0,Windows,unspecified
22:58:18.894,317.555,0.3469,0.3579,0.3524,0.401,0.84,DROWSY,0,0,Windows,unspecified
22:58:18.923,317.584,0.351,0.3865,0.3687,0.3926,0.8333,DROWSY,0,0,Windows,unspecified
22:58:18.959,317.62,0.3382,0.3702,0.3542,0.4035,0.8267,DROWSY,0,0,Windows,unspecified
22:58:18.986,317.647,0.3519,0.3668,0.3594,0.3914,0.82,DROWSY,0,0,Windows,unspecified
22:58:19.023,317.684,0.3957,0.3981,0.3969,0.3873,0.8133,DROWSY,0,0,Windows,unspecified
22:58:19.046,317.707,0.3925,0.3809,0.3867,0.3742,0.8067,DROWSY,0,0,Windows,unspecified
22:58:19.100,317.761,0.4103,0.4091,0.4097,0.3857,0.8,DROWSY,0,0,Windows,unspecified
22:58:19.125,317.786,0.395,0.4312,0.4131,0.3826,0.7933,DROWSY,0,0,Windows,unspecified
22:58:19.168,317.829,0.4207,0.464,0.4424,0.3968,0.7867,DROWSY,0,0,Windows,unspecified
22:58:19.205,317.866,0.3925,0.406,0.3993,0.3793,0.78,DROWSY,0,0,Windows,unspecified
22:58:19.234,317.895,0.3996,0.406,0.4028,0.3718,0.7733,DROWSY,0,0,Windows,unspecified
22:58:19.264,317.925,0.4033,0.4038,0.4036,0.3813,0.7667,DROWSY,0,0,Windows,unspecified
22:58:19.296,317.957,0.4141,0.4098,0.412,0.3902,0.76,DROWSY,0,0,Windows,unspecified
22:58:19.328,317.989,0.4182,0.3915,0.4049,0.3865,0.7533,DROWSY,0,0,Windows,unspecified
22:58:19.360,318.021,0.4033,0.427,0.4151,0.3872,0.7467,DROWSY,0,0,Windows,unspecified
22:58:19.389,318.05,0.3747,0.4017,0.3882,0.3819,0.74,DROWSY,0,0,Windows,unspecified
22:58:19.419,318.08,0.3982,0.4174,0.4078,0.3844,0.7333,DROWSY,0,0,Windows,unspecified
22:58:19.453,318.114,0.3881,0.4103,0.3992,0.3805,0.7267,DROWSY,0,0,Windows,unspecified
22:58:19.503,318.164,0.3819,0.391,0.3865,0.3715,0.72,DROWSY,0,0,Windows,unspecified
22:58:19.530,318.191,0.3819,0.4015,0.3917,0.3684,0.7133,DROWSY,0,0,Windows,unspecified
22:58:19.566,318.227,0.3722,0.3932,0.3827,0.3762,0.7067,DROWSY,0,0,Windows,unspecified
22:58:19.594,318.255,0.366,0.3828,0.3744,0.3778,0.7,DROWSY,0,0,Windows,unspecified
22:58:19.630,318.291,0.3984,0.3932,0.3958,0.3796,0.6933,DROWSY,0,0,Windows,unspecified
22:58:19.655,318.316,0.4115,0.4081,0.4098,0.3816,0.6867,DROWSY,0,0,Windows,unspecified
22:58:19.697,318.358,0.4282,0.4149,0.4215,0.3814,0.68,DROWSY,0,0,Windows,unspecified
22:58:19.736,318.397,0.4045,0.4132,0.4088,0.3781,0.6733,DROWSY,0,0,Windows,unspecified
22:58:19.766,318.427,0.4045,0.4231,0.4138,0.3839,0.6667,DROWSY,0,0,Windows,unspecified
22:58:19.796,318.457,0.4192,0.4227,0.421,0.3881,0.66,DROWSY,0,0,Windows,unspecified
22:58:19.839,318.5,0.4191,0.4084,0.4138,0.3975,0.6533,DROWSY,0,0,Windows,unspecified
22:58:19.877,318.538,0.4302,0.4211,0.4257,0.3864,0.6467,DROWSY,0,0,Windows,unspecified
22:58:19.907,318.568,0.4169,0.4231,0.42,0.3849,0.64,DROWSY,0,0,Windows,unspecified
22:58:19.938,318.599,0.415,0.4119,0.4135,0.3824,0.6333,DROWSY,0,0,Windows,unspecified
22:58:19.971,318.632,0.4169,0.3976,0.4073,0.38,0.6267,DROWSY,0,0,Windows,unspecified
22:58:20.003,318.664,0.4169,0.3699,0.3934,0.3888,0.62,DROWSY,0,0,Windows,unspecified
22:58:20.034,318.695,0.4169,0.3938,0.4054,0.3824,0.6133,DROWSY,0,0,Windows,unspecified
22:58:20.063,318.724,0.4169,0.3938,0.4054,0.3889,0.6067,DROWSY,0,0,Windows,unspecified
22:58:20.096,318.757,0.4169,0.3955,0.4062,0.3836,0.6,DROWSY,0,0,Windows,unspecified
22:58:20.127,318.789,0.4059,0.3955,0.4007,0.3877,0.5933,DROWSY,0,0,Windows,unspecified
22:58:20.157,318.818,0.4169,0.4084,0.4127,0.3878,0.5867,DROWSY,0,0,Windows,unspecified
22:58:20.189,318.85,0.4169,0.3955,0.4062,0.384,0.58,DROWSY,0,0,Windows,unspecified
22:58:20.240,318.902,0.4037,0.4081,0.4059,0.3824,0.5733,DROWSY,0,0,Windows,unspecified
22:58:20.268,318.93,0.4039,0.4059,0.4049,0.38,0.5667,DROWSY,0,0,Windows,unspecified
22:58:20.302,318.964,0.4146,0.4146,0.4146,0.3828,0.56,DROWSY,0,0,Windows,unspecified
22:58:20.333,318.994,0.4282,0.4169,0.4226,0.384,0.5533,DROWSY,0,0,Windows,unspecified
22:58:20.366,319.027,0.4146,0.4033,0.409,0.3928,0.5467,DROWSY,0,0,Windows,unspecified
22:58:20.392,319.053,0.4146,0.4171,0.4159,0.3928,0.54,DROWSY,0,0,Windows,unspecified
22:58:20.431,319.092,0.4037,0.4126,0.4082,0.3836,0.5333,DROWSY,0,0,Windows,unspecified
22:58:20.456,319.117,0.4037,0.4019,0.4028,0.3836,0.5267,DROWSY,0,0,Windows,unspecified
22:58:20.493,319.154,0.3934,0.4081,0.4007,0.3849,0.52,DROWSY,0,0,Windows,unspecified
22:58:20.519,319.181,0.3819,0.3955,0.3887,0.3785,0.5133,DROWSY,0,0,Windows,unspecified
22:58:20.560,319.221,0.3948,0.4084,0.4016,0.3794,0.5067,DROWSY,0,0,Windows,unspecified
22:58:20.599,319.26,0.3948,0.3955,0.3952,0.3889,0.5,DROWSY,0,0,Windows,unspecified
22:58:20.636,319.297,0.3835,0.3927,0.3881,0.385,0.4933,DROWSY,0,0,Windows,unspecified
22:58:20.661,319.322,0.3934,0.3932,0.3933,0.3861,0.4867,DROWSY,0,0,Windows,unspecified
22:58:20.701,319.362,0.4037,0.382,0.3929,0.3864,0.48,DROWSY,0,0,Windows,unspecified
22:58:20.740,319.401,0.3948,0.395,0.3949,0.3795,0.4733,DROWSY,0,0,Windows,unspecified
22:58:20.772,319.433,0.3948,0.4059,0.4004,0.377,0.4667,DROWSY,0,0,Windows,unspecified
22:58:20.802,319.463,0.3948,0.4081,0.4015,0.377,0.46,DROWSY,0,0,Windows,unspecified
22:58:20.832,319.494,0.3788,0.3796,0.3792,0.3807,0.4533,DROWSY,0,0,Windows,unspecified
22:58:20.863,319.525,0.3655,0.3664,0.366,0.3749,0.4467,DROWSY,0,0,Windows,unspecified
22:58:20.894,319.555,0.3875,0.3724,0.3799,0.3887,0.44,DROWSY,0,0,Windows,unspecified
22:58:20.923,319.585,0.3739,0.3828,0.3784,0.3827,0.4333,DROWSY,0,0,Windows,unspecified
22:58:20.960,319.621,0.3725,0.386,0.3792,0.3886,0.4267,DROWSY,0,0,Windows,unspecified
22:58:20.987,319.648,0.3755,0.3968,0.3861,0.3822,0.42,DROWSY,0,0,Windows,unspecified
22:58:21.039,319.7,0.3588,0.3891,0.374,0.3888,0.4133,DROWSY,0,0,Windows,unspecified
22:58:21.063,319.725,0.3688,0.3655,0.3672,0.3823,0.4067,DROWSY,0,0,Windows,unspecified
22:58:21.106,319.767,0.3725,0.3768,0.3746,0.403,0.4,DROWSY,0,0,Windows,unspecified
22:58:21.142,319.803,0.3996,0.3534,0.3765,0.3905,0.3933,DROWSY,0,0,Windows,unspecified
22:58:21.174,319.836,0.3725,0.38,0.3762,0.3952,0.3867,DROWSY,0,0,Windows,unspecified
22:58:21.204,319.865,0.3862,0.3701,0.3781,0.3945,0.38,DROWSY,0,0,Windows,unspecified
22:58:21.236,319.897,0.3739,0.3561,0.365,0.4001,0.3733,DROWSY,0,0,Windows,unspecified
22:58:21.267,319.928,0.3739,0.3786,0.3762,0.3916,0.3667,DROWSY,0,0,Windows,unspecified
22:58:21.298,319.959,0.3893,0.364,0.3766,0.3934,0.36,DROWSY,0,0,Windows,unspecified
22:58:21.330,319.991,0.3759,0.364,0.37,0.3836,0.3533,DROWSY,0,0,Windows,unspecified
22:58:21.359,320.021,0.3626,0.3676,0.3651,0.3837,0.3467,NORMAL,0,0,Windows,unspecified
22:58:21.392,320.053,0.3759,0.3662,0.3711,0.3837,0.34,NORMAL,0,0,Windows,unspecified
22:58:21.436,320.097,0.4011,0.3759,0.3885,0.3802,0.3333,NORMAL,0,0,Windows,unspecified
22:58:21.467,320.128,0.3906,0.3774,0.384,0.3824,0.3267,NORMAL,0,0,Windows,unspecified
22:58:21.503,320.164,0.4027,0.3759,0.3893,0.385,0.32,NORMAL,0,0,Windows,unspecified
22:58:21.532,320.193,0.3875,0.3846,0.3861,0.3753,0.3133,NORMAL,0,0,Windows,unspecified
22:58:21.568,320.229,0.3875,0.3875,0.3875,0.3825,0.3067,NORMAL,0,0,Windows,unspecified
22:58:21.595,320.256,0.3759,0.3745,0.3752,0.3844,0.3,NORMAL,0,0,Windows,unspecified
22:58:21.627,320.289,0.3603,0.3252,0.3428,0.3774,0.2933,NORMAL,0,0,Windows,unspecified
22:58:21.656,320.317,0.3641,0.3717,0.3679,0.386,0.2867,NORMAL,0,0,Windows,unspecified
22:58:21.696,320.357,0.3626,0.3655,0.3641,0.373,0.28,NORMAL,0,0,Windows,unspecified
22:58:21.718,320.379,0.3662,0.3523,0.3593,0.3825,0.2733,NORMAL,0,0,Windows,unspecified
22:58:21.755,320.416,0.3893,0.3759,0.3826,0.3825,0.2667,NORMAL,0,0,Windows,unspecified
22:58:21.783,320.444,0.3786,0.3891,0.3839,0.3861,0.26,NORMAL,0,0,Windows,unspecified
22:58:21.835,320.496,0.3791,0.3907,0.3849,0.3808,0.2533,NORMAL,0,0,Windows,unspecified
22:58:21.876,320.538,0.3893,0.4011,0.3952,0.3801,0.2467,NORMAL,0,0,Windows,unspecified
22:58:21.908,320.569,0.4133,0.3891,0.4012,0.3802,0.24,NORMAL,0,0,Windows,unspecified
22:58:21.938,320.599,0.3999,0.3891,0.3945,0.3863,0.2333,NORMAL,0,0,Windows,unspecified
22:58:21.968,320.629,0.2529,0.3276,0.2903,0.398,0.2267,NORMAL,0,0,Windows,unspecified
22:58:22.001,320.662,0.2874,0.3132,0.3003,0.3932,0.22,NORMAL,0,0,Windows,unspecified
22:58:22.031,320.692,0.2782,0.3402,0.3092,0.396,0.2133,NORMAL,0,0,Windows,unspecified
22:58:22.063,320.724,0.2937,0.3374,0.3156,0.3941,0.2067,NORMAL,0,0,Windows,unspecified
22:58:22.093,320.754,0.3525,0.3604,0.3565,0.3942,0.2,NORMAL,0,0,Windows,unspecified
22:58:22.126,320.787,0.34,0.37,0.355,0.4031,0.1933,NORMAL,0,0,Windows,unspecified
22:58:22.155,320.816,0.3567,0.3661,0.3614,0.3949,0.1867,NORMAL,0,0,Windows,unspecified
22:58:22.189,320.85,0.3714,0.3929,0.3822,0.3916,0.18,NORMAL,0,0,Windows,unspecified
22:58:22.240,320.901,0.3737,0.3512,0.3625,0.4059,0.1733,NORMAL,0,0,Windows,unspecified
22:58:22.268,320.929,0.3725,0.3781,0.3753,0.3956,0.1667,NORMAL,0,0,Windows,unspecified
22:58:22.299,320.96,0.3884,0.3673,0.3778,0.398,0.16,NORMAL,0,0,Windows,unspecified
22:58:22.332,320.993,0.4013,0.3813,0.3913,0.4013,0.1533,NORMAL,0,0,Windows,unspecified
22:58:22.363,321.024,0.3536,0.3647,0.3591,0.3929,0.1467,NORMAL,0,0,Windows,unspecified
22:58:22.393,321.054,0.3824,0.3781,0.3802,0.3994,0.14,NORMAL,0,0,Windows,unspecified
22:58:22.432,321.093,0.3823,0.3817,0.382,0.402,0.1333,NORMAL,0,0,Windows,unspecified
22:58:22.456,321.117,0.3807,0.3802,0.3805,0.4039,0.1267,NORMAL,0,0,Windows,unspecified
22:58:22.494,321.155,0.3942,0.3785,0.3864,0.4067,0.12,NORMAL,0,0,Windows,unspecified
22:58:22.515,321.176,0.3714,0.3652,0.3683,0.4097,0.1133,NORMAL,0,0,Windows,unspecified
22:58:22.555,321.216,0.3807,0.3534,0.367,0.4074,0.1067,NORMAL,0,0,Windows,unspecified
22:58:22.574,321.235,0.3802,0.3554,0.3678,0.4075,0.1,NORMAL,0,0,Windows,unspecified
22:58:22.641,321.302,0.3782,0.379,0.3786,0.4017,0.0933,NORMAL,0,0,Windows,unspecified
22:58:22.671,321.332,0.3648,0.3511,0.3579,0.4048,0.0867,NORMAL,0,0,Windows,unspecified
22:58:22.702,321.363,0.3661,0.3287,0.3474,0.3929,0.08,NORMAL,0,0,Windows,unspecified
22:58:22.733,321.394,0.3823,0.342,0.3622,0.3923,0.0733,NORMAL,0,0,Windows,unspecified
22:58:22.766,321.427,0.3704,0.3579,0.3641,0.388,0.0667,NORMAL,0,0,Windows,unspecified
22:58:22.797,321.458,0.3699,0.3554,0.3626,0.3866,0.06,NORMAL,0,0,Windows,unspecified
22:58:22.830,321.491,0.3562,0.3421,0.3492,0.3873,0.0533,NORMAL,0,0,Windows,unspecified
22:58:22.858,321.519,0.3562,0.3287,0.3424,0.3951,0.0467,NORMAL,0,0,Windows,unspecified
22:58:22.892,321.553,0.3567,0.3421,0.3494,0.3879,0.04,NORMAL,0,0,Windows,unspecified
22:58:22.921,321.582,0.3545,0.3383,0.3464,0.3895,0.0333,NORMAL,0,0,Windows,unspecified
22:58:22.960,321.621,0.1746,0.2218,0.1982,0.3885,0.0333,NORMAL,1,0,Windows,unspecified
22:58:22.985,321.646,0.1414,0.1772,0.1593,0.3886,0.0333,NORMAL,2,0,Windows,unspecified
22:58:23.037,321.698,0.0825,0.0853,0.0839,0.3793,0.0333,NORMAL,3,0,Windows,unspecified
22:58:23.063,321.724,0.0806,0.0832,0.0819,0.3853,0.0333,NORMAL,4,0,Windows,unspecified
22:58:23.102,321.763,0.1071,0.1145,0.1108,0.3932,0.0333,NORMAL,5,0,Windows,unspecified
22:58:23.142,321.803,0.1238,0.128,0.1259,0.3925,0.04,NORMAL,6,0,Windows,unspecified
22:58:23.171,321.832,0.0672,0.0832,0.0752,0.3868,0.0467,NORMAL,7,0,Windows,unspecified
22:58:23.204,321.865,0.0539,0.0729,0.0634,0.3809,0.0533,NORMAL,8,0,Windows,unspecified
22:58:23.234,321.895,0.0587,0.0689,0.0638,0.3808,0.06,NORMAL,9,0,Windows,unspecified
22:58:23.264,321.925,0.0639,0.0557,0.0598,0.3888,0.0667,WARNING,10,0,Windows,unspecified
22:58:23.298,321.959,0.0916,0.091,0.0913,0.3961,0.0733,WARNING,11,0,Windows,unspecified
22:58:23.326,321.987,0.1063,0.091,0.0986,0.3979,0.08,WARNING,12,0,Windows,unspecified
22:58:23.361,322.022,0.1644,0.2084,0.1864,0.407,0.0867,WARNING,13,0,Windows,unspecified
22:58:23.391,322.052,0.1981,0.2245,0.2113,0.4063,0.0933,WARNING,14,0,Windows,unspecified
22:58:23.434,322.095,0.2514,0.2653,0.2584,0.403,0.0933,NORMAL,0,0,Windows,unspecified
22:58:23.469,322.13,0.2514,0.2493,0.2504,0.3958,0.0933,NORMAL,0,0,Windows,unspecified
22:58:23.502,322.163,0.2654,0.2425,0.254,0.403,0.0933,NORMAL,0,0,Windows,unspecified
22:58:23.530,322.191,0.2925,0.2589,0.2757,0.4002,0.0933,NORMAL,0,0,Windows,unspecified
22:58:23.568,322.229,0.2932,0.2788,0.286,0.4049,0.0933,NORMAL,0,0,Windows,unspecified
22:58:23.593,322.254,0.2919,0.2788,0.2853,0.4029,0.0933,NORMAL,0,0,Windows,unspecified
22:58:23.628,322.289,0.3209,0.2813,0.3011,0.3968,0.0933,NORMAL,0,0,Windows,unspecified
22:58:23.656,322.317,0.307,0.2845,0.2957,0.4022,0.0933,NORMAL,0,0,Windows,unspecified
22:58:23.692,322.353,0.3209,0.3101,0.3155,0.4076,0.0933,NORMAL,0,0,Windows,unspecified
22:58:23.719,322.38,0.3209,0.2971,0.309,0.4081,0.0933,NORMAL,0,0,Windows,unspecified
22:58:23.758,322.419,0.3414,0.297,0.3192,0.4017,0.0933,NORMAL,0,0,Windows,unspecified
22:58:23.780,322.441,0.3395,0.3172,0.3283,0.4035,0.0933,NORMAL,0,0,Windows,unspecified
22:58:23.840,322.501,0.3125,0.3048,0.3086,0.4019,0.0933,NORMAL,0,0,Windows,unspecified
22:58:23.873,322.534,0.3308,0.3047,0.3177,0.3984,0.0933,NORMAL,0,0,Windows,unspecified
22:58:23.906,322.567,0.3038,0.2923,0.298,0.3939,0.0933,NORMAL,0,0,Windows,unspecified
22:58:23.935,322.596,0.3118,0.2923,0.302,0.3881,0.0933,NORMAL,0,0,Windows,unspecified
22:58:23.967,322.628,0.3049,0.3048,0.3048,0.3894,0.0933,NORMAL,0,0,Windows,unspecified
22:58:23.998,322.659,0.3038,0.3128,0.3083,0.3873,0.0933,NORMAL,0,0,Windows,unspecified
22:58:24.031,322.692,0.3038,0.3048,0.3043,0.3883,0.0933,NORMAL,0,0,Windows,unspecified
22:58:24.060,322.721,0.3049,0.3128,0.3089,0.3894,0.0933,NORMAL,0,0,Windows,unspecified
22:58:24.097,322.758,0.3043,0.3255,0.3149,0.3908,0.0933,NORMAL,0,0,Windows,unspecified
22:58:24.123,322.785,0.3187,0.297,0.3079,0.3862,0.0933,NORMAL,0,0,Windows,unspecified
22:58:24.158,322.819,0.3213,0.3068,0.314,0.3815,0.0933,NORMAL,0,0,Windows,unspecified
22:58:24.183,322.844,0.3354,0.3134,0.3244,0.3831,0.0933,NORMAL,0,0,Windows,unspecified
22:58:24.236,322.897,0.3102,0.3145,0.3123,0.3764,0.0933,NORMAL,0,0,Windows,unspecified
22:58:24.264,322.925,0.3021,0.3087,0.3054,0.3839,0.0933,NORMAL,0,0,Windows,unspecified
22:58:24.304,322.965,0.3126,0.3102,0.3114,0.3894,0.0933,NORMAL,0,0,Windows,unspecified
22:58:24.328,322.989,0.3272,0.2994,0.3133,0.3951,0.0933,NORMAL,0,0,Windows,unspecified
22:58:24.366,323.027,0.3151,0.3333,0.3242,0.4031,0.0933,NORMAL,0,0,Windows,unspecified
22:58:24.392,323.053,0.3282,0.3342,0.3312,0.4056,0.0933,NORMAL,0,0,Windows,unspecified
22:58:24.431,323.092,0.3238,0.3333,0.3286,0.4009,0.0933,NORMAL,0,0,Windows,unspecified
22:58:24.456,323.117,0.3282,0.311,0.3196,0.3985,0.0933,NORMAL,0,0,Windows,unspecified
22:58:24.493,323.155,0.3028,0.3058,0.3043,0.3972,0.0933,NORMAL,0,0,Windows,unspecified
22:58:24.518,323.179,0.3282,0.3195,0.3239,0.4063,0.0933,NORMAL,0,0,Windows,unspecified
22:58:24.556,323.217,0.3159,0.3058,0.3108,0.4137,0.0933,NORMAL,0,0,Windows,unspecified
22:58:24.581,323.242,0.329,0.3202,0.3246,0.4085,0.0933,NORMAL,0,0,Windows,unspecified
22:58:24.640,323.301,0.3295,0.3189,0.3242,0.4057,0.0933,NORMAL,0,0,Windows,unspecified
22:58:24.675,323.336,0.329,0.3195,0.3243,0.4053,0.0933,NORMAL,0,0,Windows,unspecified
22:58:24.705,323.366,0.3132,0.292,0.3026,0.3988,0.0933,NORMAL,0,0,Windows,unspecified
22:58:24.736,323.397,0.3115,0.292,0.3018,0.4039,0.0933,NORMAL,0,0,Windows,unspecified
22:58:24.765,323.427,0.3015,0.2661,0.2838,0.3914,0.0933,NORMAL,0,0,Windows,unspecified
22:58:24.800,323.461,0.3238,0.2867,0.3052,0.3985,0.0933,NORMAL,0,0,Windows,unspecified
22:58:24.828,323.489,0.3272,0.3053,0.3162,0.3997,0.0933,NORMAL,0,0,Windows,unspecified
22:58:24.863,323.524,0.3353,0.2989,0.3171,0.3977,0.0933,NORMAL,0,0,Windows,unspecified
22:58:24.891,323.552,0.3438,0.3145,0.3292,0.3975,0.0933,NORMAL,0,0,Windows,unspecified
22:58:24.923,323.584,0.3311,0.3022,0.3167,0.3978,0.0933,NORMAL,0,0,Windows,unspecified
22:58:24.958,323.619,0.3565,0.3161,0.3363,0.3957,0.0933,NORMAL,0,0,Windows,unspecified
22:58:24.987,323.649,0.3426,0.3265,0.3345,0.3992,0.0933,NORMAL,0,0,Windows,unspecified
22:58:25.040,323.701,0.3184,0.3206,0.3195,0.3907,0.0933,NORMAL,0,0,Windows,unspecified
22:58:25.064,323.725,0.3438,0.3339,0.3389,0.3988,0.0933,NORMAL,0,0,Windows,unspecified
22:58:25.100,323.761,0.3426,0.3213,0.332,0.3848,0.0933,NORMAL,0,0,Windows,unspecified
22:58:25.127,323.788,0.3299,0.3348,0.3324,0.3848,0.0933,NORMAL,0,0,Windows,unspecified
22:58:25.166,323.827,0.3431,0.3221,0.3326,0.3974,0.0933,NORMAL,0,0,Windows,unspecified
22:58:25.204,323.865,0.3426,0.3257,0.3341,0.3917,0.0933,NORMAL,0,0,Windows,unspecified
22:58:25.236,323.897,0.3286,0.3156,0.3221,0.3941,0.0933,NORMAL,0,0,Windows,unspecified
22:58:25.266,323.927,0.3426,0.3382,0.3404,0.3868,0.0933,NORMAL,0,0,Windows,unspecified
22:58:25.298,323.959,0.3431,0.3313,0.3372,0.3854,0.0933,NORMAL,0,0,Windows,unspecified
22:58:25.329,323.99,0.3431,0.3313,0.3372,0.3832,0.0933,NORMAL,0,0,Windows,unspecified
22:58:25.360,324.021,0.3431,0.3199,0.3315,0.383,0.0933,NORMAL,0,0,Windows,unspecified
22:58:25.391,324.052,0.3431,0.3279,0.3355,0.3791,0.0933,NORMAL,0,0,Windows,unspecified
22:58:25.438,324.099,0.3347,0.3367,0.3357,0.3791,0.0933,NORMAL,0,0,Windows,unspecified
22:58:25.470,324.131,0.3347,0.3382,0.3364,0.3791,0.0933,NORMAL,0,0,Windows,unspecified
22:58:25.503,324.164,0.3347,0.3279,0.3313,0.3868,0.0933,NORMAL,0,0,Windows,unspecified
22:58:25.532,324.193,0.3347,0.3279,0.3313,0.3818,0.0933,NORMAL,0,0,Windows,unspecified
22:58:25.567,324.228,0.3668,0.3597,0.3632,0.3887,0.0933,NORMAL,0,0,Windows,unspecified
22:58:25.593,324.254,0.3914,0.3897,0.3906,0.3887,0.0933,NORMAL,0,0,Windows,unspecified
22:58:25.631,324.292,0.4184,0.4146,0.4165,0.3828,0.0933,NORMAL,0,0,Windows,unspecified
22:58:25.656,324.317,0.4289,0.4268,0.4279,0.3918,0.0933,NORMAL,0,0,Windows,unspecified
22:58:25.691,324.352,0.4205,0.4264,0.4235,0.3882,0.0933,NORMAL,0,0,Windows,unspecified
22:58:25.719,324.38,0.4224,0.4162,0.4193,0.3882,0.0933,NORMAL,0,0,Windows,unspecified
22:58:25.760,324.421,0.4112,0.4162,0.4137,0.3882,0.0933,NORMAL,0,0,Windows,unspecified
22:58:25.798,324.459,0.4112,0.4282,0.4197,0.3882,0.0933,NORMAL,0,0,Windows,unspecified
22:58:25.839,324.5,0.4215,0.4282,0.4249,0.3882,0.0933,NORMAL,0,0,Windows,unspecified
22:58:25.874,324.535,0.4215,0.4282,0.4249,0.3867,0.0933,NORMAL,0,0,Windows,unspecified
22:58:25.906,324.567,0.446,0.4307,0.4383,0.3881,0.0933,NORMAL,0,0,Windows,unspecified
22:58:25.936,324.597,0.4338,0.4538,0.4438,0.3849,0.0933,NORMAL,0,0,Windows,unspecified
22:58:25.966,324.627,0.4345,0.4321,0.4333,0.3872,0.0933,NORMAL,0,0,Windows,unspecified
22:58:26.000,324.661,0.445,0.4401,0.4426,0.3849,0.0933,NORMAL,0,0,Windows,unspecified
22:58:26.029,324.69,0.445,0.4401,0.4426,0.3852,0.0933,NORMAL,0,0,Windows,unspecified
22:58:26.062,324.723,0.4468,0.4401,0.4435,0.3852,0.0933,NORMAL,0,0,Windows,unspecified
22:58:26.095,324.756,0.4633,0.4387,0.451,0.3825,0.0933,NORMAL,0,0,Windows,unspecified
22:58:26.123,324.784,0.4373,0.4495,0.4434,0.3928,0.0933,NORMAL,0,0,Windows,unspecified
22:58:26.159,324.82,0.4511,0.4495,0.4503,0.3867,0.0933,NORMAL,0,0,Windows,unspecified
22:58:26.186,324.847,0.4373,0.4478,0.4425,0.3828,0.0933,NORMAL,0,0,Windows,unspecified
22:58:26.242,324.903,0.4496,0.4495,0.4495,0.3923,0.0933,NORMAL,0,0,Windows,unspecified
22:58:26.264,324.925,0.4496,0.4373,0.4434,0.3877,0.0933,NORMAL,0,0,Windows,unspecified
22:58:26.304,324.965,0.4511,0.4495,0.4503,0.3898,0.0933,NORMAL,0,0,Windows,unspecified
22:58:26.328,324.989,0.4511,0.4491,0.4501,0.3877,0.0933,NORMAL,0,0,Windows,unspecified
22:58:26.368,325.029,0.4414,0.4344,0.4379,0.3977,0.0933,NORMAL,0,0,Windows,unspecified
22:58:26.405,325.066,0.4414,0.4464,0.4439,0.3926,0.0933,NORMAL,0,0,Windows,unspecified
22:58:26.436,325.097,0.4366,0.4404,0.4385,0.4061,0.0933,NORMAL,0,0,Windows,unspecified
22:58:26.465,325.126,0.4354,0.449,0.4422,0.3993,0.0933,NORMAL,0,0,Windows,unspecified
22:58:26.497,325.158,0.4344,0.4537,0.444,0.3996,0.0933,NORMAL,0,0,Windows,unspecified
22:58:26.529,325.19,0.4377,0.4402,0.4389,0.4118,0.0933,NORMAL,0,0,Windows,unspecified
22:58:26.560,325.221,0.4345,0.4547,0.4446,0.4054,0.0933,NORMAL,0,0,Windows,unspecified
22:58:26.592,325.253,0.4305,0.455,0.4427,0.4086,0.0933,NORMAL,0,0,Windows,unspecified
22:58:26.638,325.299,0.4447,0.4642,0.4545,0.3963,0.0933,NORMAL,0,0,Windows,unspecified
22:58:26.671,325.332,0.4334,0.453,0.4432,0.4021,0.0933,NORMAL,0,0,Windows,unspecified
22:58:26.701,325.362,0.4484,0.4521,0.4502,0.4111,0.0933,NORMAL,0,0,Windows,unspecified
22:58:26.733,325.394,0.4456,0.4521,0.4488,0.4025,0.0933,NORMAL,0,0,Windows,unspecified
22:58:26.766,325.427,0.4215,0.453,0.4372,0.4077,0.0933,NORMAL,0,0,Windows,unspecified
22:58:26.795,325.456,0.4218,0.4496,0.4357,0.4064,0.0933,NORMAL,0,0,Windows,unspecified
22:58:26.832,325.493,0.442,0.4381,0.44,0.4049,0.0933,NORMAL,0,0,Windows,unspecified
22:58:26.857,325.518,0.434,0.4405,0.4373,0.4036,0.0933,NORMAL,0,0,Windows,unspecified
22:58:26.895,325.556,0.4334,0.4264,0.4299,0.4063,0.0933,NORMAL,0,0,Windows,unspecified
22:58:26.919,325.58,0.4334,0.4381,0.4357,0.3996,0.0933,NORMAL,0,0,Windows,unspecified
22:58:26.960,325.621,0.4334,0.4405,0.4369,0.3996,0.0933,NORMAL,0,0,Windows,unspecified
22:58:26.982,325.643,0.4334,0.4405,0.4369,0.3996,0.0933,NORMAL,0,0,Windows,unspecified
22:58:27.037,325.698,0.4334,0.426,0.4297,0.3996,0.0933,NORMAL,0,0,Windows,unspecified
22:58:27.062,325.723,0.4534,0.4405,0.447,0.4114,0.0933,NORMAL,0,0,Windows,unspecified
22:58:27.102,325.763,0.4233,0.4513,0.4373,0.4021,0.0933,NORMAL,0,0,Windows,unspecified
22:58:27.138,325.8,0.4345,0.4317,0.4331,0.4053,0.0933,NORMAL,0,0,Windows,unspecified
22:58:27.170,325.831,0.4042,0.4327,0.4185,0.4028,0.0933,NORMAL,0,0,Windows,unspecified
22:58:27.202,325.863,0.4207,0.4314,0.426,0.4071,0.0933,NORMAL,0,0,Windows,unspecified
22:58:27.232,325.893,0.4159,0.4101,0.413,0.4061,0.0933,NORMAL,0,0,Windows,unspecified
22:58:27.265,325.926,0.4159,0.4322,0.424,0.4021,0.0933,NORMAL,0,0,Windows,unspecified
22:58:27.295,325.956,0.3902,0.4222,0.4062,0.3969,0.0933,NORMAL,0,0,Windows,unspecified
22:58:27.327,325.988,0.4023,0.4203,0.4113,0.3941,0.0933,NORMAL,0,0,Windows,unspecified
22:58:27.357,326.018,0.3997,0.4001,0.3999,0.4028,0.0933,NORMAL,0,0,Windows,unspecified
22:58:27.390,326.051,0.4098,0.4102,0.41,0.3983,0.0933,NORMAL,0,0,Windows,unspecified
22:58:27.439,326.1,0.4098,0.4124,0.4111,0.3999,0.0933,NORMAL,0,0,Windows,unspecified
22:58:27.468,326.129,0.4095,0.4225,0.416,0.3992,0.0933,NORMAL,0,0,Windows,unspecified
22:58:27.499,326.16,0.3974,0.4206,0.409,0.4001,0.0933,NORMAL,0,0,Windows,unspecified
22:58:27.532,326.193,0.4219,0.4363,0.4291,0.3984,0.0933,NORMAL,0,0,Windows,unspecified
22:58:27.566,326.227,0.3855,0.4231,0.4043,0.3959,0.0933,NORMAL,0,0,Windows,unspecified
22:58:27.594,326.255,0.4218,0.4231,0.4224,0.4054,0.0933,NORMAL,0,0,Windows,unspecified
22:58:27.630,326.291,0.4077,0.4347,0.4212,0.4069,0.0933,NORMAL,0,0,Windows,unspecified
22:58:27.656,326.317,0.4326,0.4491,0.4408,0.4055,0.0933,NORMAL,0,0,Windows,unspecified
22:58:27.692,326.353,0.4265,0.4253,0.4259,0.4073,0.0933,NORMAL,0,0,Windows,unspecified
22:58:27.717,326.378,0.4394,0.4253,0.4324,0.4028,0.0933,NORMAL,0,0,Windows,unspecified
22:58:27.760,326.421,0.3689,0.3927,0.3808,0.3999,0.0933,NORMAL,0,0,Windows,unspecified
22:58:27.795,326.456,0.3272,0.3765,0.3519,0.3924,0.0933,NORMAL,0,0,Windows,unspecified
22:58:27.837,326.498,0.2425,0.2479,0.2452,0.3973,0.0933,NORMAL,0,0,Windows,unspecified
22:58:27.874,326.535,0.2291,0.2048,0.2169,0.4102,0.1,NORMAL,1,0,Windows,unspecified
22:58:27.906,326.567,0.0831,0.0617,0.0724,0.4016,0.1067,NORMAL,2,0,Windows,unspecified
22:58:27.939,326.6,0.0467,0.0325,0.0396,0.4086,0.1133,NORMAL,3,0,Windows,unspecified
22:58:27.968,326.629,0.018,0.0,0.009,0.4013,0.1133,NORMAL,4,0,Windows,unspecified
22:58:28.000,326.661,0.0131,0.0132,0.0131,0.4027,0.1133,NORMAL,5,0,Windows,unspecified
22:58:28.032,326.693,0.0316,0.0449,0.0382,0.4062,0.1133,NORMAL,6,0,Windows,unspecified
22:58:28.064,326.725,0.0556,0.054,0.0548,0.404,0.1133,NORMAL,7,0,Windows,unspecified
22:58:28.094,326.756,0.163,0.1437,0.1534,0.4085,0.1133,NORMAL,8,0,Windows,unspecified
22:58:28.127,326.788,0.1951,0.1758,0.1855,0.4096,0.1133,NORMAL,9,0,Windows,unspecified
22:58:28.157,326.818,0.2294,0.1985,0.2139,0.4044,0.1133,WARNING,10,0,Windows,unspecified
22:58:28.189,326.85,0.232,0.1904,0.2112,0.4107,0.1133,WARNING,11,0,Windows,unspecified
22:58:28.239,326.9,0.0988,0.077,0.0879,0.4072,0.1133,WARNING,12,0,Windows,unspecified
22:58:28.266,326.928,0.0695,0.0335,0.0515,0.4166,0.1133,WARNING,13,0,Windows,unspecified
22:58:28.304,326.965,0.0571,0.0263,0.0417,0.4092,0.1133,WARNING,14,0,Windows,unspecified
22:58:28.329,326.991,0.0556,0.0318,0.0437,0.4052,0.1133,WARNING,15,0,Windows,unspecified
22:58:28.369,327.03,0.0639,0.0395,0.0517,0.4078,0.1133,WARNING,16,0,Windows,unspecified
22:58:28.407,327.069,0.0656,0.0557,0.0607,0.4046,0.1133,WARNING,17,0,Windows,unspecified
22:58:28.438,327.099,0.1111,0.0675,0.0893,0.4061,0.12,WARNING,18,0,Windows,unspecified
22:58:28.469,327.13,0.1414,0.0811,0.1112,0.4155,0.1267,WARNING,19,0,Windows,unspecified
22:58:28.500,327.161,0.1735,0.0971,0.1353,0.4169,0.1333,DROWSY,20,0,Windows,unspecified
22:58:28.533,327.194,0.1876,0.1248,0.1562,0.4036,0.14,DROWSY,21,0,Windows,unspecified
22:58:28.563,327.224,0.2019,0.1248,0.1634,0.4155,0.1467,DROWSY,22,0,Windows,unspecified
22:58:28.593,327.255,0.2161,0.1387,0.1774,0.4249,0.1533,DROWSY,23,0,Windows,unspecified
22:58:28.640,327.302,0.2152,0.1711,0.1932,0.6518,0.16,DROWSY,24,1,Windows,unspecified
22:58:28.671,327.332,0.1954,0.1711,0.1833,0.6536,0.1667,DROWSY,25,2,Windows,unspecified
22:58:28.703,327.364,0.2091,0.1525,0.1808,0.7039,0.1733,DROWSY,26,3,Windows,unspecified
22:58:28.733,327.394,0.1954,0.1388,0.1671,0.7077,0.18,DROWSY,27,4,Windows,unspecified
22:58:28.765,327.427,0.1941,0.1285,0.1613,0.7666,0.1867,DROWSY,28,5,Windows,unspecified
22:58:28.796,327.457,0.1803,0.125,0.1526,0.7559,0.1933,DROWSY,29,6,Windows,unspecified
22:58:28.827,327.488,0.1941,0.1081,0.1511,0.8164,0.2,DROWSY,30,7,Windows,unspecified
22:58:28.860,327.521,0.1803,0.1081,0.1442,0.8186,0.2067,DROWSY,31,8,Windows,unspecified
22:58:28.892,327.553,0.1803,0.1111,0.1457,0.8231,0.2133,DROWSY,32,9,Windows,unspecified
22:58:28.921,327.582,0.1941,0.1111,0.1526,0.8126,0.22,DROWSY,33,10,Windows,unspecified
22:58:28.956,327.617,0.1803,0.1128,0.1465,0.8011,0.2267,DROWSY,34,11,Windows,unspecified
22:58:28.982,327.643,0.1803,0.1128,0.1465,0.8011,0.2333,DROWSY,35,12,Windows,unspecified
22:58:29.036,327.697,0.1803,0.1111,0.1457,0.796,0.24,DROWSY,36,13,Windows,unspecified
22:58:29.065,327.726,0.1803,0.1111,0.1457,0.8034,0.2467,DROWSY,37,14,Windows,unspecified
22:58:29.104,327.765,0.1813,0.1141,0.1477,0.6852,0.2533,DROWSY,38,15,Windows,unspecified
22:58:29.140,327.801,0.1814,0.1262,0.1538,0.6592,0.26,DROWSY,39,16,Windows,unspecified
22:58:29.177,327.838,0.1952,0.1525,0.1739,0.5447,0.2667,DROWSY,40,0,Windows,unspecified
22:58:29.203,327.864,0.2231,0.1672,0.1952,0.5259,0.2733,DROWSY,41,0,Windows,unspecified
22:58:29.232,327.894,0.2369,0.2076,0.2222,0.4341,0.28,DROWSY,42,0,Windows,unspecified
22:58:29.264,327.925,0.2239,0.2277,0.2258,0.4175,0.2867,DROWSY,43,0,Windows,unspecified
22:58:29.296,327.957,0.2369,0.2286,0.2328,0.3997,0.2933,DROWSY,44,0,Windows,unspecified
22:58:29.327,327.988,0.2469,0.2286,0.2378,0.3957,0.3,DROWSY,45,0,Windows,unspecified
22:58:29.357,328.018,0.2445,0.2286,0.2366,0.4004,0.3067,DROWSY,46,0,Windows,unspecified
22:58:29.390,328.051,0.2369,0.2286,0.2328,0.3959,0.3133,DROWSY,47,0,Windows,unspecified
22:58:29.438,328.099,0.223,0.2277,0.2254,0.4018,0.32,DROWSY,48,0,Windows,unspecified
22:58:29.468,328.13,0.2369,0.2277,0.2323,0.3972,0.3267,DROWSY,49,0,Windows,unspecified
22:58:29.502,328.163,0.224,0.2291,0.2265,0.4025,0.3333,DROWSY,50,0,Windows,unspecified
22:58:29.530,328.191,0.2377,0.209,0.2234,0.4025,0.34,DROWSY,51,0,Windows,unspecified
22:58:29.566,328.227,0.2239,0.2286,0.2263,0.3998,0.3467,DROWSY,52,0,Windows,unspecified
22:58:29.593,328.254,0.2377,0.2277,0.2327,0.4037,0.3533,DROWSY,53,0,Windows,unspecified
22:58:29.632,328.293,0.2377,0.2135,0.2256,0.3941,0.36,DROWSY,54,0,Windows,unspecified
22:58:29.657,328.318,0.2304,0.2135,0.2219,0.3962,0.3667,DROWSY,55,0,Windows,unspecified
22:58:29.692,328.354,0.2469,0.2286,0.2378,0.3902,0.3733,DROWSY,56,0,Windows,unspecified
22:58:29.719,328.38,0.2326,0.2144,0.2235,0.3941,0.38,DROWSY,57,0,Windows,unspecified
22:58:29.754,328.415,0.2377,0.2144,0.2261,0.3928,0.3867,DROWSY,58,0,Windows,unspecified
22:58:29.782,328.443,0.2239,0.2208,0.2223,0.3967,0.3933,DROWSY,59,0,Windows,unspecified
22:58:29.840,328.501,0.224,0.2286,0.2263,0.3928,0.4,DROWSY,60,0,Windows,unspecified
22:58:29.876,328.537,0.2426,0.2286,0.2356,0.3901,0.4067,DROWSY,61,0,Windows,unspecified
22:58:29.906,328.567,0.2265,0.228,0.2272,0.4026,0.4133,DROWSY,62,0,Windows,unspecified
22:58:29.938,328.599,0.224,0.2286,0.2263,0.3921,0.42,DROWSY,63,0,Windows,unspecified
22:58:29.965,328.627,0.224,0.228,0.226,0.3884,0.4267,DROWSY,64,0,Windows,unspecified
22:58:29.998,328.659,0.2239,0.228,0.2259,0.3904,0.4333,DROWSY,65,0,Windows,unspecified
22:58:30.031,328.692,0.224,0.2289,0.2264,0.386,0.44,DROWSY,66,0,Windows,unspecified
22:58:30.062,328.723,0.2377,0.2289,0.2333,0.3836,0.4467,DROWSY,67,0,Windows,unspecified
22:58:30.092,328.753,0.224,0.228,0.226,0.3971,0.4533,DROWSY,68,0,Windows,unspecified
22:58:30.125,328.786,0.224,0.2422,0.2331,0.3962,0.46,DROWSY,69,0,Windows,unspecified
22:58:30.160,328.821,0.2239,0.228,0.2259,0.3957,0.4667,DROWSY,70,0,Windows,unspecified
22:58:30.186,328.847,0.2377,0.228,0.2329,0.3933,0.4733,DROWSY,71,0,Windows,unspecified
22:58:30.234,328.895,0.2377,0.228,0.2328,0.3855,0.48,DROWSY,72,0,Windows,unspecified
22:58:30.264,328.925,0.2377,0.228,0.2328,0.385,0.4867,DROWSY,73,0,Windows,unspecified
22:58:30.311,328.972,0.2399,0.2422,0.2411,0.3865,0.4867,DROWSY,0,0,Windows,unspecified
22:58:30.342,329.003,0.2397,0.228,0.2338,0.3883,0.4933,DROWSY,1,0,Windows,unspecified
22:58:30.373,329.034,0.2769,0.25,0.2635,0.3954,0.4933,DROWSY,0,0,Windows,unspecified
22:58:30.404,329.065,0.2652,0.2571,0.2612,0.3847,0.4933,DROWSY,0,0,Windows,unspecified
22:58:30.436,329.097,0.2176,0.1905,0.204,0.3964,0.5,DROWSY,1,0,Windows,unspecified
22:58:30.466,329.127,0.1937,0.1908,0.1922,0.386,0.5067,DROWSY,2,0,Windows,unspecified
22:58:30.496,329.157,0.1899,0.2013,0.1956,0.3975,0.5133,DROWSY,3,0,Windows,unspecified
22:58:30.527,329.188,0.1764,0.2042,0.1903,0.3994,0.52,DROWSY,4,0,Windows,unspecified
22:58:30.557,329.218,0.1905,0.1803,0.1854,0.3979,0.5267,DROWSY,5,0,Windows,unspecified
22:58:30.589,329.25,0.1895,0.1837,0.1866,0.3924,0.5333,DROWSY,6,0,Windows,unspecified
22:58:30.640,329.301,0.1725,0.1938,0.1832,0.3974,0.54,DROWSY,7,0,Windows,unspecified
22:58:30.669,329.33,0.1761,0.1811,0.1786,0.3921,0.5467,DROWSY,8,0,Windows,unspecified
22:58:30.702,329.363,0.1895,0.1888,0.1891,0.389,0.5533,DROWSY,9,0,Windows,unspecified
22:58:30.732,329.393,0.1761,0.1864,0.1812,0.4008,0.56,DROWSY,10,0,Windows,unspecified
22:58:30.767,329.428,0.1627,0.1961,0.1794,0.3827,0.5667,DROWSY,11,0,Windows,unspecified
22:58:30.793,329.454,0.1596,0.204,0.1818,0.3873,0.5733,DROWSY,12,0,Windows,unspecified
22:58:30.832,329.493,0.1855,0.2016,0.1935,0.3825,0.58,DROWSY,13,0,Windows,unspecified
22:58:30.854,329.515,0.1882,0.2172,0.2027,0.3884,0.5867,DROWSY,14,0,Windows,unspecified
22:58:30.894,329.555,0.0957,0.1179,0.1068,0.3883,0.5933,DROWSY,15,0,Windows,unspecified
22:58:30.919,329.58,0.081,0.091,0.086,0.3916,0.6,DROWSY,16,0,Windows,unspecified
22:58:30.957,329.618,0.0456,0.0558,0.0507,0.3976,0.6067,DROWSY,17,0,Windows,unspecified
22:58:30.979,329.64,0.0353,0.0426,0.039,0.4032,0.6133,DROWSY,18,0,Windows,unspecified
22:58:31.041,329.702,0.0545,0.077,0.0658,0.3871,0.62,DROWSY,19,0,Windows,unspecified
22:58:31.077,329.738,0.0638,0.0658,0.0648,0.3833,0.6267,DROWSY,20,0,Windows,unspecified
22:58:31.107,329.768,0.1808,0.1934,0.1871,0.3845,0.6333,DROWSY,21,0,Windows,unspecified
22:58:31.138,329.799,0.2262,0.2303,0.2282,0.3845,0.64,DROWSY,22,0,Windows,unspecified
22:58:31.174,329.835,0.3204,0.3099,0.3151,0.3845,0.64,DROWSY,0,0,Windows,unspecified
22:58:31.201,329.862,0.3252,0.3359,0.3305,0.3915,0.64,DROWSY,0,0,Windows,unspecified
22:58:31.233,329.894,0.3891,0.3875,0.3883,0.3966,0.64,DROWSY,0,0,Windows,unspecified
22:58:31.261,329.922,0.4005,0.4011,0.4008,0.3878,0.64,DROWSY,0,0,Windows,unspecified
22:58:31.292,329.953,0.402,0.4103,0.4062,0.3916,0.64,DROWSY,0,0,Windows,unspecified
22:58:31.327,329.988,0.402,0.4418,0.4219,0.3976,0.64,DROWSY,0,0,Windows,unspecified
22:58:31.354,330.015,0.4418,0.4661,0.454,0.3908,0.64,DROWSY,0,0,Windows,unspecified
22:58:31.389,330.05,0.4418,0.4565,0.4491,0.3918,0.64,DROWSY,0,0,Windows,unspecified
22:58:31.434,330.095,0.443,0.4828,0.4629,0.3894,0.64,DROWSY,0,0,Windows,unspecified
22:58:31.468,330.129,0.4338,0.4697,0.4517,0.3843,0.64,DROWSY,0,0,Windows,unspecified
22:58:31.502,330.163,0.4435,0.4603,0.4519,0.3917,0.64,DROWSY,0,0,Windows,unspecified
22:58:31.528,330.189,0.443,0.4577,0.4504,0.3881,0.64,DROWSY,0,0,Windows,unspecified
22:58:31.566,330.227,0.443,0.4449,0.4439,0.394,0.64,DROWSY,0,0,Windows,unspecified
22:58:31.594,330.255,0.432,0.4338,0.4329,0.3891,0.64,DROWSY,0,0,Windows,unspecified
22:58:31.625,330.286,0.434,0.4338,0.4339,0.3835,0.64,DROWSY,0,0,Windows,unspecified
22:58:31.656,330.317,0.434,0.4338,0.4339,0.3881,0.64,DROWSY,0,0,Windows,unspecified
22:58:31.692,330.353,0.434,0.4449,0.4394,0.386,0.64,DROWSY,0,0,Windows,unspecified
22:58:31.716,330.377,0.434,0.4449,0.4394,0.386,0.64,DROWSY,0,0,Windows,unspecified
22:58:31.757,330.418,0.434,0.4577,0.4458,0.3839,0.64,DROWSY,0,0,Windows,unspecified
22:58:31.779,330.44,0.434,0.4449,0.4394,0.386,0.64,DROWSY,0,0,Windows,unspecified
22:58:31.836,330.497,0.445,0.4449,0.4449,0.3867,0.64,DROWSY,0,0,Windows,unspecified
22:58:31.872,330.533,0.443,0.4338,0.4384,0.3832,0.64,DROWSY,0,0,Windows,unspecified
22:58:31.905,330.566,0.4568,0.4338,0.4453,0.3869,0.64,DROWSY,0,0,Windows,unspecified
22:58:31.934,330.595,0.4439,0.4356,0.4398,0.3869,0.64,DROWSY,0,0,Windows,unspecified
22:58:31.966,330.627,0.4328,0.4211,0.427,0.3904,0.64,DROWSY,0,0,Windows,unspecified
22:58:31.996,330.657,0.4297,0.414,0.4219,0.3906,0.64,DROWSY,0,0,Windows,unspecified
22:58:32.028,330.689,0.409,0.4078,0.4084,0.3856,0.64,DROWSY,0,0,Windows,unspecified
22:58:32.060,330.721,0.4192,0.397,0.4081,0.3844,0.64,DROWSY,0,0,Windows,unspecified
22:58:32.091,330.752,0.3989,0.3849,0.3919,0.3889,0.64,DROWSY,0,0,Windows,unspecified
22:58:32.122,330.783,0.3989,0.397,0.3979,0.3916,0.64,DROWSY,0,0,Windows,unspecified
22:58:32.158,330.819,0.395,0.3948,0.3949,0.3922,0.64,DROWSY,0,0,Windows,unspecified
22:58:32.185,330.846,0.3837,0.3921,0.3879,0.3898,0.64,DROWSY,0,0,Windows,unspecified
22:58:32.240,330.901,0.3729,0.3905,0.3817,0.4095,0.64,DROWSY,0,0,Windows,unspecified
22:58:32.276,330.937,0.3697,0.3878,0.3787,0.4226,0.64,DROWSY,0,0,Windows,unspecified
22:58:32.310,330.971,0.3086,0.3195,0.314,0.4207,0.64,DROWSY,0,0,Windows,unspecified
22:58:32.340,331.001,0.2694,0.2843,0.2768,0.431,0.64,DROWSY,0,0,Windows,unspecified
22:58:32.371,331.032,0.1419,0.1419,0.1419,0.4497,0.6467,DROWSY,1,0,Windows,unspecified
22:58:32.402,331.063,0.1082,0.1139,0.111,0.4522,0.6533,DROWSY,2,0,Windows,unspecified
22:58:32.433,331.094,0.1066,0.0877,0.0971,0.4743,0.66,DROWSY,3,0,Windows,unspecified
22:58:32.462,331.123,0.1067,0.1141,0.1104,0.478,0.6667,DROWSY,4,0,Windows,unspecified
22:58:32.498,331.159,0.0808,0.09,0.0854,0.4517,0.6733,DROWSY,5,0,Windows,unspecified
22:58:32.530,331.191,0.0808,0.0902,0.0855,0.4474,0.68,DROWSY,6,0,Windows,unspecified
22:58:32.561,331.223,0.0808,0.0877,0.0843,0.4064,0.6867,DROWSY,7,0,Windows,unspecified
22:58:32.594,331.255,0.1084,0.0853,0.0968,0.3976,0.6933,DROWSY,8,0,Windows,unspecified
22:58:32.640,331.301,0.1493,0.1351,0.1422,0.408,0.7,DROWSY,9,0,Windows,unspecified
22:58:32.668,331.329,0.1548,0.1586,0.1567,0.4098,0.7067,DROWSY,10,0,Windows,unspecified
22:58:32.704,331.365,0.1821,0.1836,0.1828,0.425,0.7133,DROWSY,11,0,Windows,unspecified
22:58:32.730,331.391,0.1872,0.1909,0.189,0.4321,0.72,DROWSY,12,0,Windows,unspecified
22:58:32.766,331.427,0.2148,0.2197,0.2172,0.4582,0.7267,DROWSY,13,0,Windows,unspecified
22:58:32.793,331.454,0.2295,0.2165,0.223,0.4668,0.7333,DROWSY,14,0,Windows,unspecified
22:58:32.828,331.489,0.2013,0.1836,0.1924,0.4703,0.74,DROWSY,15,0,Windows,unspecified
22:58:32.857,331.518,0.2154,0.2134,0.2144,0.474,0.74,DROWSY,16,0,Windows,unspecified
22:58:32.895,331.556,0.2154,0.1989,0.2072,0.4613,0.74,DROWSY,17,0,Windows,unspecified
22:58:32.919,331.58,0.2154,0.193,0.2042,0.4618,0.74,DROWSY,18,0,Windows,unspecified
22:58:32.957,331.618,0.2185,0.2116,0.2151,0.4695,0.74,DROWSY,19,0,Windows,unspecified
22:58:32.982,331.644,0.246,0.2271,0.2365,0.4703,0.74,DROWSY,20,0,Windows,unspecified
22:58:33.044,331.705,0.2535,0.2348,0.2441,0.4997,0.7333,DROWSY,0,0,Windows,unspecified
22:58:33.076,331.737,0.2158,0.2348,0.2253,0.5089,0.7333,DROWSY,1,0,Windows,unspecified
22:58:33.106,331.767,0.2185,0.2253,0.2219,0.4942,0.7333,DROWSY,2,0,Windows,unspecified
22:58:33.136,331.797,0.2321,0.2343,0.2332,0.4942,0.7333,DROWSY,3,0,Windows,unspecified
22:58:33.170,331.831,0.246,0.2494,0.2477,0.4657,0.7267,DROWSY,0,0,Windows,unspecified
22:58:33.202,331.864,0.2323,0.2399,0.2361,0.4782,0.7267,DROWSY,1,0,Windows,unspecified
22:58:33.229,331.89,0.2319,0.2421,0.237,0.4416,0.7267,DROWSY,2,0,Windows,unspecified
22:58:33.262,331.923,0.2319,0.2348,0.2333,0.4426,0.7267,DROWSY,3,0,Windows,unspecified
22:58:33.293,331.954,0.246,0.2566,0.2513,0.4201,0.72,DROWSY,0,0,Windows,unspecified
22:58:33.324,331.985,0.2532,0.2566,0.2549,0.4205,0.7133,DROWSY,0,0,Windows,unspecified
22:58:33.359,332.02,0.2535,0.2717,0.2626,0.3942,0.7067,DROWSY,0,0,Windows,unspecified
22:58:33.388,332.049,0.2583,0.2717,0.265,0.3925,0.7,DROWSY,0,0,Windows,unspecified
22:58:33.438,332.099,0.254,0.2572,0.2556,0.3874,0.6933,DROWSY,0,0,Windows,unspecified
22:58:33.463,332.124,0.236,0.2421,0.2391,0.395,0.6867,DROWSY,0,0,Windows,unspecified
22:58:33.499,332.16,0.2635,0.2659,0.2647,0.3795,0.68,DROWSY,0,0,Windows,unspecified
22:58:33.524,332.185,0.2289,0.2655,0.2472,0.3757,0.6733,DROWSY,0,0,Windows,unspecified
22:58:33.562,332.223,0.2439,0.2421,0.243,0.3879,0.6667,DROWSY,0,0,Windows,unspecified
22:58:33.587,332.248,0.2583,0.2582,0.2582,0.3805,0.66,DROWSY,0,0,Windows,unspecified
22:58:33.630,332.291,0.2543,0.2582,0.2563,0.3932,0.6533,DROWSY,0,0,Windows,unspecified
22:58:33.666,332.327,0.2663,0.2517,0.259,0.3876,0.6467,DROWSY,0,0,Windows,unspecified
22:58:33.697,332.358,0.2534,0.2681,0.2608,0.3958,0.64,DROWSY,0,0,Windows,unspecified
22:58:33.728,332.389,0.2509,0.2735,0.2622,0.3849,0.6333,DROWSY,0,0,Windows,unspecified
22:58:33.760,332.422,0.2515,0.2582,0.2548,0.393,0.6267,DROWSY,0,0,Windows,unspecified
22:58:33.792,332.453,0.2692,0.2671,0.2681,0.3891,0.62,DROWSY,0,0,Windows,unspecified
22:58:33.836,332.497,0.2617,0.2517,0.2567,0.3793,0.6133,DROWSY,0,0,Windows,unspecified
22:58:33.869,332.53,0.2389,0.2504,0.2447,0.3748,0.6067,DROWSY,0,0,Windows,unspecified
22:58:33.904,332.565,0.2436,0.2603,0.2519,0.3833,0.6,DROWSY,0,0,Windows,unspecified
22:58:33.933,332.594,0.2233,0.2433,0.2333,0.3905,0.6,DROWSY,1,0,Windows,unspecified
22:58:33.968,332.629,0.243,0.2524,0.2477,0.3829,0.5933,DROWSY,0,0,Windows,unspecified
22:58:33.995,332.656,0.2389,0.2385,0.2387,0.386,0.5933,DROWSY,1,0,Windows,unspecified
22:58:34.031,332.693,0.2436,0.2434,0.2435,0.3803,0.5867,DROWSY,0,0,Windows,unspecified
22:58:34.058,332.719,0.2389,0.2561,0.2475,0.383,0.58,DROWSY,0,0,Windows,unspecified
22:58:34.094,332.755,0.2383,0.2434,0.2409,0.3847,0.5733,DROWSY,0,0,Windows,unspecified
22:58:34.121,332.783,0.243,0.2612,0.2521,0.3802,0.5667,DROWSY,0,0,Windows,unspecified
22:58:34.156,332.818,0.2529,0.2556,0.2542,0.3819,0.56,DROWSY,0,0,Windows,unspecified
22:58:34.183,332.844,0.2618,0.2556,0.2587,0.3727,0.5533,DROWSY,0,0,Windows,unspecified
22:58:34.239,332.9,0.243,0.2833,0.2631,0.3832,0.5467,DROWSY,0,0,Windows,unspecified
22:58:34.276,332.937,0.243,0.2656,0.2543,0.3956,0.54,DROWSY,0,0,Windows,unspecified
22:58:34.306,332.967,0.2271,0.2434,0.2353,0.4001,0.54,DROWSY,1,0,Windows,unspecified
22:58:34.338,332.999,0.2415,0.2251,0.2333,0.3831,0.54,DROWSY,2,0,Windows,unspecified
22:58:34.368,333.029,0.2168,0.2149,0.2158,0.3878,0.54,DROWSY,3,0,Windows,unspecified
22:58:34.400,333.061,0.2181,0.2167,0.2174,0.3849,0.54,DROWSY,4,0,Windows,unspecified
22:58:34.429,333.091,0.2181,0.1995,0.2088,0.391,0.54,DROWSY,5,0,Windows,unspecified
22:58:34.462,333.123,0.2216,0.2257,0.2237,0.4034,0.54,DROWSY,6,0,Windows,unspecified
22:58:34.491,333.152,0.2345,0.2385,0.2365,0.382,0.54,DROWSY,7,0,Windows,unspecified
22:58:34.525,333.186,0.2386,0.2171,0.2278,0.3896,0.54,DROWSY,8,0,Windows,unspecified
22:58:34.556,333.217,0.2346,0.2303,0.2324,0.3902,0.54,DROWSY,9,0,Windows,unspecified
22:58:34.588,333.249,0.2346,0.2308,0.2327,0.3933,0.54,DROWSY,10,0,Windows,unspecified
22:58:34.640,333.301,0.2352,0.231,0.2331,0.3908,0.54,DROWSY,11,0,Windows,unspecified
22:58:34.665,333.326,0.2603,0.2386,0.2495,0.3902,0.5333,DROWSY,0,0,Windows,unspecified
22:58:34.702,333.363,0.2603,0.2473,0.2538,0.4007,0.5267,DROWSY,0,0,Windows,unspecified
22:58:34.728,333.389,0.2505,0.2437,0.2471,0.3857,0.52,DROWSY,0,0,Windows,unspecified
22:58:34.769,333.43,0.2517,0.2194,0.2355,0.3905,0.52,DROWSY,1,0,Windows,unspecified
22:58:34.792,333.453,0.2517,0.2231,0.2374,0.3982,0.52,DROWSY,2,0,Windows,unspecified
22:58:34.830,333.491,0.2352,0.2231,0.2292,0.3866,0.52,DROWSY,3,0,Windows,unspecified
22:58:34.853,333.514,0.2248,0.2191,0.222,0.3971,0.52,DROWSY,4,0,Windows,unspecified
22:58:34.897,333.558,0.2423,0.2177,0.23,0.394,0.52,DROWSY,5,0,Windows,unspecified
22:58:34.931,333.592,0.2597,0.2352,0.2474,0.3923,0.5133,DROWSY,0,0,Windows,unspecified
22:58:34.959,333.621,0.2334,0.2352,0.2343,0.3902,0.5133,DROWSY,1,0,Windows,unspecified
22:58:34.993,333.654,0.2438,0.2187,0.2313,0.4032,0.5133,DROWSY,2,0,Windows,unspecified
22:58:35.037,333.699,0.2437,0.2187,0.2312,0.4046,0.5133,DROWSY,3,0,Windows,unspecified
22:58:35.072,333.734,0.2438,0.212,0.2279,0.4023,0.5133,DROWSY,4,0,Windows,unspecified
22:58:35.101,333.762,0.2439,0.2187,0.2313,0.4069,0.5133,DROWSY,5,0,Windows,unspecified
22:58:35.134,333.796,0.2304,0.2174,0.2239,0.412,0.5133,DROWSY,6,0,Windows,unspecified
22:58:35.167,333.828,0.2438,0.2112,0.2275,0.4063,0.5133,DROWSY,7,0,Windows,unspecified
22:58:35.195,333.857,0.2437,0.2117,0.2277,0.3948,0.5133,DROWSY,8,0,Windows,unspecified
22:58:35.230,333.891,0.2304,0.2187,0.2246,0.3994,0.5133,DROWSY,9,0,Windows,unspecified
22:58:35.259,333.92,0.2304,0.2018,0.2161,0.3954,0.5133,DROWSY,10,0,Windows,unspecified
22:58:35.292,333.953,0.2473,0.2174,0.2323,0.3943,0.52,DROWSY,11,0,Windows,unspecified
22:58:35.320,333.981,0.2267,0.2023,0.2145,0.3908,0.52,DROWSY,12,0,Windows,unspecified
22:58:35.361,334.022,0.1863,0.1371,0.1617,0.4039,0.5267,DROWSY,13,0,Windows,unspecified
22:58:35.400,334.061,0.1309,0.1173,0.1241,0.3972,0.5333,DROWSY,14,0,Windows,unspecified
22:58:35.440,334.101,0.0294,0.0303,0.0298,0.4095,0.5333,DROWSY,15,0,Windows,unspecified
22:58:35.479,334.14,0.0,0.0151,0.0076,0.4059,0.5333,DROWSY,16,0,Windows,unspecified
22:58:35.506,334.167,0.0294,0.0428,0.0361,0.4233,0.5333,DROWSY,17,0,Windows,unspecified
22:58:35.541,334.202,0.0355,0.0569,0.0462,0.4414,0.5333,DROWSY,18,0,Windows,unspecified
22:58:35.572,334.233,0.0366,0.0389,0.0377,0.4427,0.5333,DROWSY,19,0,Windows,unspecified
22:58:35.603,334.265,0.0303,0.0456,0.0379,0.4556,0.5333,DROWSY,20,0,Windows,unspecified
22:58:35.635,334.296,0.0441,0.0831,0.0636,0.4902,0.5333,DROWSY,21,0,Windows,unspecified
22:58:35.666,334.327,0.0678,0.0843,0.076,0.4918,0.5333,DROWSY,22,0,Windows,unspecified
22:58:35.696,334.357,0.0286,0.0682,0.0484,0.5282,0.5333,DROWSY,23,0,Windows,unspecified
22:58:35.728,334.389,0.0476,0.0858,0.0667,0.5198,0.5333,DROWSY,24,0,Windows,unspecified
22:58:35.758,334.419,0.0441,0.0683,0.0562,0.5236,0.5333,DROWSY,25,0,Windows,unspecified
22:58:35.790,334.451,0.0588,0.0872,0.073,0.5292,0.5333,DROWSY,26,0,Windows,unspecified
22:58:35.838,334.499,0.0623,0.05,0.0561,0.5267,0.5333,DROWSY,27,0,Windows,unspecified
22:58:35.870,334.531,0.0355,0.0666,0.0511,0.5166,0.5333,DROWSY,28,0,Windows,unspecified
22:58:35.904,334.565,0.0623,0.0745,0.0684,0.5061,0.5333,DROWSY,29,0,Windows,unspecified
22:58:35.932,334.593,0.0623,0.0588,0.0605,0.5251,0.5333,DROWSY,30,0,Windows,unspecified
22:58:35.963,334.624,0.0502,0.0522,0.0512,0.4916,0.5333,DROWSY,31,0,Windows,unspecified
22:58:35.994,334.655,0.0345,0.0521,0.0433,0.4962,0.5333,DROWSY,32,0,Windows,unspecified
22:58:36.030,334.691,0.0286,0.0608,0.0447,0.5015,0.5333,DROWSY,33,0,Windows,unspecified
22:58:36.056,334.717,0.0202,0.0389,0.0295,0.4874,0.5333,DROWSY,34,0,Windows,unspecified
22:58:36.097,334.759,0.0355,0.0869,0.0612,0.4827,0.5333,DROWSY,35,0,Windows,unspecified
22:58:36.134,334.795,0.0345,0.0521,0.0433,0.4866,0.5333,DROWSY,36,0,Windows,unspecified
22:58:36.164,334.825,0.0345,0.072,0.0532,0.4818,0.54,DROWSY,37,0,Windows,unspecified
22:58:36.196,334.858,0.0344,0.0588,0.0466,0.4773,0.5467,DROWSY,38,0,Windows,unspecified
22:58:36.240,334.901,0.0354,0.0718,0.0536,0.4957,0.5533,DROWSY,39,0,Windows,unspecified
22:58:36.274,334.935,0.0344,0.0737,0.054,0.4948,0.56,DROWSY,40,0,Windows,unspecified
22:58:36.305,334.967,0.0487,0.107,0.0778,0.486,0.5667,DROWSY,41,0,Windows,unspecified
22:58:36.337,334.998,0.0354,0.0969,0.0662,0.4817,0.5733,DROWSY,42,0,Windows,unspecified
22:58:36.367,335.028,0.0501,0.1346,0.0923,0.4987,0.58,DROWSY,43,0,Windows,unspecified
22:58:36.400,335.061,0.0486,0.1109,0.0797,0.5178,0.5867,DROWSY,44,0,Windows,unspecified
22:58:36.432,335.093,0.05,0.0744,0.0622,0.5181,0.5933,DROWSY,45,0,Windows,unspecified
22:58:36.462,335.123,0.0414,0.0895,0.0655,0.5087,0.6,DROWSY,46,0,Windows,unspecified
22:58:36.495,335.156,0.0535,0.0548,0.0541,0.5333,0.6067,DROWSY,47,0,Windows,unspecified
22:58:36.521,335.182,0.0414,0.072,0.0567,0.5249,0.6133,DROWSY,48,0,Windows,unspecified
22:58:36.556,335.217,0.0535,0.0661,0.0598,0.5351,0.62,DROWSY,49,0,Windows,unspecified
22:58:36.585,335.246,0.0364,0.0389,0.0376,0.5487,0.6267,DROWSY,50,0,Windows,unspecified
22:58:36.638,335.299,0.0302,0.0532,0.0417,0.4334,0.6333,DROWSY,51,0,Windows,unspecified
22:58:36.664,335.325,0.0376,0.055,0.0463,0.4,0.64,DROWSY,52,0,Windows,unspecified
22:58:36.700,335.361,0.0354,0.0377,0.0365,0.467,0.6467,DROWSY,53,0,Windows,unspecified
22:58:36.726,335.387,0.0293,0.0454,0.0374,0.4846,0.6533,DROWSY,54,0,Windows,unspecified
22:58:36.767,335.429,0.05,0.0377,0.0439,0.5043,0.66,DROWSY,55,0,Windows,unspecified
22:58:36.803,335.465,0.0535,0.0152,0.0343,0.5156,0.6667,DROWSY,56,0,Windows,unspecified
22:58:36.834,335.495,0.0485,0.0416,0.045,0.5198,0.6733,DROWSY,57,0,Windows,unspecified
22:58:36.867,335.528,0.0439,0.0428,0.0434,0.5155,0.68,DROWSY,58,0,Windows,unspecified
22:58:36.894,335.555,0.0343,0.0416,0.0379,0.5171,0.6867,DROWSY,59,0,Windows,unspecified
22:58:36.929,335.59,0.0353,0.0416,0.0384,0.5097,0.6933,DROWSY,60,0,Windows,unspecified
22:58:36.960,335.621,0.0403,0.0488,0.0445,0.4758,0.7,DROWSY,61,0,Windows,unspecified
22:58:36.993,335.654,0.0285,0.0416,0.0351,0.4744,0.7067,DROWSY,62,0,Windows,unspecified
22:58:37.042,335.703,0.0521,0.0536,0.0528,0.4398,0.7133,DROWSY,63,0,Windows,unspecified
22:58:37.067,335.728,0.0622,0.0638,0.063,0.4235,0.72,DROWSY,64,0,Windows,unspecified
22:58:37.099,335.76,0.0536,0.0501,0.0519,0.3948,0.7267,DROWSY,65,0,Windows,unspecified
22:58:37.130,335.791,0.0293,0.0562,0.0428,0.3857,0.7333,DROWSY,66,0,Windows,unspecified
22:58:37.166,335.828,0.0657,0.0653,0.0655,0.3783,0.74,DROWSY,67,0,Windows,unspecified
22:58:37.196,335.857,0.0743,0.0791,0.0767,0.373,0.7467,DROWSY,68,0,Windows,unspecified
22:58:37.231,335.892,0.0536,0.052,0.0528,0.3681,0.7533,DROWSY,69,0,Windows,unspecified
22:58:37.256,335.917,0.0709,0.0486,0.0597,0.3717,0.76,DROWSY,70,0,Windows,unspecified
22:58:37.299,335.96,0.0742,0.0617,0.068,0.3636,0.7667,DROWSY,71,0,Windows,unspecified
22:58:37.336,335.997,0.0637,0.0585,0.0611,0.3599,0.7733,DROWSY,72,0,Windows,unspecified
22:58:37.365,336.026,0.0945,0.0635,0.079,0.3719,0.7733,DROWSY,73,0,Windows,unspecified
22:58:37.396,336.057,0.0722,0.0485,0.0603,0.3749,0.7733,DROWSY,74,0,Windows,unspecified
22:58:37.436,336.097,0.1056,0.0719,0.0888,0.3649,0.7733,DROWSY,75,0,Windows,unspecified
22:58:37.474,336.135,0.0963,0.0747,0.0855,0.3575,0.7733,DROWSY,76,0,Windows,unspecified
22:58:37.508,336.169,0.0916,0.0601,0.0759,0.3639,0.7733,DROWSY,77,0,Windows,unspecified
22:58:37.538,336.199,0.0916,0.0716,0.0816,0.3623,0.7733,DROWSY,78,0,Windows,unspecified
22:58:37.570,336.231,0.09,0.0719,0.081,0.3736,0.7733,DROWSY,79,0,Windows,unspecified
22:58:37.602,336.263,0.0768,0.0624,0.0696,0.3769,0.7733,DROWSY,80,0,Windows,unspecified
22:58:37.631,336.293,0.0891,0.0615,0.0753,0.3863,0.7733,DROWSY,81,0,Windows,unspecified
22:58:37.664,336.326,0.0998,0.074,0.0869,0.3878,0.7733,DROWSY,82,0,Windows,unspecified
22:58:37.696,336.357,0.0635,0.0596,0.0616,0.3964,0.7733,DROWSY,83,0,Windows,unspecified
22:58:37.726,336.387,0.0831,0.0483,0.0657,0.395,0.7733,DROWSY,84,0,Windows,unspecified
22:58:37.760,336.421,0.0995,0.0719,0.0857,0.3844,0.7733,DROWSY,85,0,Windows,unspecified
22:58:37.789,336.45,0.0998,0.0617,0.0808,0.3842,0.7733,DROWSY,86,0,Windows,unspecified
22:58:37.839,336.501,0.0827,0.0699,0.0763,0.3822,0.7733,DROWSY,87,0,Windows,unspecified
22:58:37.867,336.528,0.0934,0.0599,0.0766,0.3822,0.7733,DROWSY,88,0,Windows,unspecified
22:58:37.903,336.564,0.0987,0.0804,0.0895,0.3898,0.7733,DROWSY,89,0,Windows,unspecified
22:58:37.930,336.592,0.0898,0.0721,0.0809,0.3877,0.7733,DROWSY,90,0,Windows,unspecified
22:58:37.963,336.624,0.0829,0.0788,0.0809,0.3877,0.7733,DROWSY,91,0,Windows,unspecified
22:58:37.994,336.655,0.0827,0.0635,0.0731,0.3948,0.7733,DROWSY,92,0,Windows,unspecified
22:58:38.028,336.689,0.0699,0.0585,0.0642,0.3906,0.78,DROWSY,93,0,Windows,unspecified
22:58:38.055,336.716,0.068,0.0617,0.0649,0.3876,0.78,DROWSY,94,0,Windows,unspecified
22:58:38.094,336.755,0.0787,0.0471,0.0629,0.3925,0.78,DROWSY,95,0,Windows,unspecified
22:58:38.120,336.781,0.062,0.0414,0.0517,0.4002,0.78,DROWSY,96,0,Windows,unspecified
22:58:38.159,336.82,0.0682,0.0504,0.0593,0.3993,0.7867,DROWSY,97,0,Windows,unspecified
22:58:38.184,336.845,0.0619,0.0333,0.0476,0.4067,0.7867,DROWSY,98,0,Windows,unspecified
22:58:38.240,336.901,0.0971,0.0585,0.0778,0.3982,0.7867,DROWSY,99,0,Windows,unspecified
22:58:38.275,336.936,0.0888,0.0723,0.0805,0.3991,0.7867,DROWSY,100,0,Windows,unspecified
22:58:38.306,336.967,0.1067,0.0719,0.0893,0.3845,0.7933,DROWSY,101,0,Windows,unspecified
22:58:38.341,337.002,0.096,0.0632,0.0796,0.3713,0.8,DROWSY,102,0,Windows,unspecified
22:58:38.371,337.032,0.0829,0.0632,0.0731,0.3718,0.8067,DROWSY,103,0,Windows,unspecified
22:58:38.402,337.063,0.0829,0.0502,0.0666,0.3714,0.8133,DROWSY,104,0,Windows,unspecified
22:58:38.431,337.092,0.0934,0.0916,0.0925,0.3652,0.82,DROWSY,105,0,Windows,unspecified
22:58:38.463,337.124,0.0847,0.0913,0.088,0.3695,0.8267,DROWSY,106,0,Windows,unspecified
22:58:38.495,337.156,0.0827,0.0829,0.0828,0.3608,0.8333,DROWSY,107,0,Windows,unspecified
22:58:38.526,337.187,0.0824,0.0853,0.0838,0.3583,0.84,DROWSY,108,0,Windows,unspecified
22:58:38.554,337.215,0.0934,0.0961,0.0947,0.3637,0.8467,DROWSY,109,0,Windows,unspecified
22:58:38.588,337.249,0.0827,0.0747,0.0787,0.3654,0.8533,DROWSY,110,0,Windows,unspecified
22:58:38.639,337.3,0.0909,0.1041,0.0975,0.3676,0.86,DROWSY,111,0,Windows,unspecified
22:58:38.665,337.326,0.068,0.103,0.0855,0.3641,0.8667,DROWSY,112,0,Windows,unspecified
22:58:38.706,337.367,0.0747,0.0964,0.0856,0.3693,0.8733,DROWSY,113,0,Windows,unspecified
22:58:38.743,337.404,0.0633,0.0854,0.0744,0.3685,0.88,DROWSY,114,0,Windows,unspecified
22:58:38.773,337.434,0.0723,0.062,0.0671,0.3943,0.8867,DROWSY,115,0,Windows,unspecified
22:58:38.805,337.466,0.0611,0.0829,0.072,0.4096,0.8933,DROWSY,116,0,Windows,unspecified
22:58:38.836,337.497,0.0569,0.0473,0.0521,0.4026,0.9,DROWSY,117,0,Windows,unspecified
22:58:38.866,337.527,0.0593,0.0473,0.0533,0.4015,0.9067,DROWSY,118,0,Windows,unspecified
22:58:38.896,337.557,0.0459,0.046,0.0459,0.4114,0.9133,DROWSY,119,0,Windows,unspecified
22:58:38.928,337.589,0.0578,0.0492,0.0535,0.4154,0.9133,DROWSY,120,0,Windows,unspecified
22:58:38.961,337.622,0.0269,0.0186,0.0227,0.3918,0.92,DROWSY,121,0,Windows,unspecified
22:58:38.988,337.649,0.0334,0.0479,0.0406,0.3968,0.92,DROWSY,122,0,Windows,unspecified
22:58:39.040,337.701,0.0,0.0437,0.0218,0.3923,0.9267,DROWSY,123,0,Windows,unspecified
22:58:39.068,337.729,0.0324,0.0293,0.0309,0.393,0.9333,DROWSY,124,0,Windows,unspecified
22:58:39.100,337.761,0.0389,0.0316,0.0353,0.3868,0.94,DROWSY,125,0,Windows,unspecified
22:58:39.132,337.793,0.0,0.0316,0.0158,0.3936,0.9467,DROWSY,126,0,Windows,unspecified
22:58:39.168,337.829,0.0325,0.038,0.0353,0.4023,0.9533,DROWSY,127,0,Windows,unspecified
22:58:39.192,337.853,0.0414,0.0138,0.0276,0.3943,0.96,DROWSY,128,0,Windows,unspecified
22:58:39.229,337.89,0.0415,0.0269,0.0342,0.4092,0.9667,DROWSY,129,0,Windows,unspecified
22:58:39.256,337.917,0.0334,0.0277,0.0305,0.4146,0.9733,DROWSY,130,0,Windows,unspecified
22:58:39.295,337.956,0.0277,0.0276,0.0276,0.4405,0.9733,DROWSY,131,0,Windows,unspecified
22:58:39.333,337.994,0.0277,0.0448,0.0362,0.4453,0.9733,DROWSY,132,0,Windows,unspecified
22:58:39.365,338.026,0.046,0.0333,0.0397,0.4588,0.9733,DROWSY,133,0,Windows,unspecified
22:58:39.396,338.057,0.0404,0.0269,0.0337,0.4556,0.9733,DROWSY,134,0,Windows,unspecified
22:58:39.437,338.098,0.0473,0.046,0.0466,0.4424,0.9733,DROWSY,135,0,Windows,unspecified
22:58:39.473,338.134,0.0471,0.0269,0.037,0.4316,0.9733,DROWSY,136,0,Windows,unspecified
22:58:39.503,338.164,0.046,0.0415,0.0438,0.4168,0.9733,DROWSY,137,0,Windows,unspecified
22:58:39.536,338.197,0.046,0.0473,0.0466,0.4125,0.9733,DROWSY,138,0,Windows,unspecified
22:58:39.566,338.228,0.0473,0.0335,0.0404,0.405,0.9733,DROWSY,139,0,Windows,unspecified
22:58:39.597,338.258,0.0505,0.0449,0.0477,0.4035,0.9733,DROWSY,140,0,Windows,unspecified
22:58:39.631,338.292,0.0487,0.0461,0.0474,0.401,0.9733,DROWSY,141,0,Windows,unspecified
22:58:39.660,338.321,0.0521,0.0633,0.0577,0.408,0.98,DROWSY,142,0,Windows,unspecified
22:58:39.695,338.356,0.0277,0.0333,0.0305,0.4301,0.9867,DROWSY,143,0,Windows,unspecified
22:58:39.722,338.383,0.0196,0.0403,0.0299,0.4455,0.9933,DROWSY,144,0,Windows,unspecified
22:58:39.758,338.419,0.0485,0.0276,0.038,0.4126,0.9933,DROWSY,145,0,Windows,unspecified
22:58:39.786,338.447,0.0552,0.039,0.0471,0.4026,0.9933,DROWSY,146,0,Windows,unspecified
22:58:39.839,338.5,0.0457,0.0571,0.0514,0.3962,0.9933,DROWSY,147,0,Windows,unspecified
22:58:39.878,338.539,0.0569,0.0695,0.0632,0.3913,0.9933,DROWSY,148,0,Windows,unspecified
22:58:39.909,338.57,0.0605,0.0682,0.0643,0.3809,0.9933,DROWSY,149,0,Windows,unspecified
22:58:39.941,338.602,0.072,0.0619,0.067,0.3849,1.0,DROWSY,150,0,Windows,unspecified
22:58:39.972,338.633,0.04,0.0493,0.0446,0.3886,1.0,DROWSY,151,0,Windows,unspecified
22:58:40.002,338.663,0.0534,0.0393,0.0463,0.3845,1.0,DROWSY,152,0,Windows,unspecified
22:58:40.033,338.694,0.0453,0.0493,0.0473,0.3731,1.0,DROWSY,153,0,Windows,unspecified
22:58:40.065,338.726,0.0485,0.0449,0.0467,0.3887,1.0,DROWSY,154,0,Windows,unspecified
22:58:40.097,338.758,0.0692,0.0749,0.0721,0.3667,1.0,DROWSY,155,0,Windows,unspecified
22:58:40.128,338.789,0.0634,0.0703,0.0669,0.3687,1.0,DROWSY,156,0,Windows,unspecified
22:58:40.156,338.817,0.0479,0.0723,0.0601,0.3752,1.0,DROWSY,157,0,Windows,unspecified
22:58:40.190,338.851,0.0467,0.0437,0.0452,0.3737,1.0,DROWSY,158,0,Windows,unspecified
22:58:40.240,338.901,0.0576,0.0703,0.0639,0.3789,1.0,DROWSY,159,0,Windows,unspecified
22:58:40.269,338.93,0.0556,0.0517,0.0537,0.3797,1.0,DROWSY,160,0,Windows,unspecified
22:58:40.303,338.964,0.0457,0.0671,0.0564,0.3736,1.0,DROWSY,161,0,Windows,unspecified
22:58:40.332,338.993,0.0401,0.0605,0.0503,0.3741,1.0,DROWSY,162,0,Windows,unspecified
22:58:40.362,339.023,0.046,0.0639,0.0549,0.3737,1.0,DROWSY,163,0,Windows,unspecified
22:58:40.396,339.057,0.0571,0.0474,0.0522,0.3803,1.0,DROWSY,164,0,Windows,unspecified
22:58:40.428,339.089,0.0482,0.0684,0.0583,0.3564,1.0,DROWSY,165,0,Windows,unspecified
22:58:40.457,339.118,0.0319,0.0572,0.0446,0.3551,1.0,DROWSY,166,0,Windows,unspecified
22:58:40.494,339.155,0.0474,0.0666,0.057,0.3567,1.0,DROWSY,167,0,Windows,unspecified
22:58:40.521,339.182,0.0314,0.0588,0.0451,0.3634,1.0,DROWSY,168,0,Windows,unspecified
22:58:40.560,339.221,0.0676,0.0652,0.0664,0.3542,1.0,DROWSY,169,0,Windows,unspecified
22:58:40.600,339.261,0.0836,0.0588,0.0712,0.3518,1.0,DROWSY,170,0,Windows,unspecified
22:58:40.636,339.297,0.0802,0.0572,0.0687,0.3489,1.0,DROWSY,171,0,Windows,unspecified
22:58:40.663,339.324,0.0585,0.0256,0.042,0.3665,1.0,DROWSY,172,0,Windows,unspecified
22:58:40.702,339.363,0.1155,0.0813,0.0984,0.3636,1.0,DROWSY,173,0,Windows,unspecified
22:58:40.727,339.388,0.1284,0.1082,0.1183,0.3677,1.0,DROWSY,174,0,Windows,unspecified
22:58:40.768,339.429,0.1595,0.1581,0.1588,0.3609,1.0,DROWSY,175,0,Windows,unspecified
22:58:40.803,339.464,0.1317,0.166,0.1488,0.3706,1.0,DROWSY,176,0,Windows,unspecified
22:58:41.293,339.954,0.2445,0.1476,0.196,0.3717,1.0,DROWSY,1,0,Windows,unspecified
22:58:41.329,339.99,0.2383,0.1436,0.191,0.377,1.0,DROWSY,2,0,Windows,unspecified
22:58:41.360,340.021,0.2111,0.1286,0.1699,0.3797,1.0,DROWSY,3,0,Windows,unspecified
22:58:41.393,340.054,0.2209,0.1249,0.1729,0.3805,1.0,DROWSY,4,0,Windows,unspecified
22:58:41.435,340.096,0.2193,0.1535,0.1864,0.3781,1.0,DROWSY,5,0,Windows,unspecified
22:58:41.471,340.132,0.1888,0.1616,0.1752,0.3824,1.0,DROWSY,6,0,Windows,unspecified
22:58:41.498,340.159,0.1826,0.1878,0.1852,0.3791,1.0,DROWSY,7,0,Windows,unspecified
22:58:41.534,340.195,0.1951,0.1822,0.1887,0.374,1.0,DROWSY,8,0,Windows,unspecified
22:58:41.566,340.227,0.1822,0.1621,0.1722,0.3675,1.0,DROWSY,9,0,Windows,unspecified
22:58:41.595,340.256,0.2093,0.1628,0.186,0.3623,1.0,DROWSY,10,0,Windows,unspecified
22:58:41.632,340.293,0.1719,0.153,0.1624,0.3592,1.0,DROWSY,11,0,Windows,unspecified
22:58:41.656,340.318,0.1444,0.1282,0.1363,0.3592,1.0,DROWSY,12,0,Windows,unspecified
22:58:41.696,340.357,0.1624,0.1277,0.145,0.3548,1.0,DROWSY,13,0,Windows,unspecified
22:58:41.721,340.382,0.1624,0.1281,0.1452,0.3442,1.0,DROWSY,14,0,Windows,unspecified
22:58:41.759,340.42,0.0831,0.1397,0.1114,0.3551,1.0,DROWSY,15,0,Windows,unspecified
22:58:41.783,340.444,0.0618,0.1311,0.0965,0.3587,1.0,DROWSY,16,0,Windows,unspecified
22:58:41.840,340.501,0.0521,0.1321,0.0921,0.3655,1.0,DROWSY,17,0,Windows,unspecified
22:58:41.878,340.539,0.0723,0.1204,0.0964,0.3687,1.0,DROWSY,18,0,Windows,unspecified
22:58:41.906,340.567,0.1209,0.1373,0.1291,0.3692,1.0,DROWSY,19,0,Windows,unspecified
22:58:41.940,340.601,0.149,0.1642,0.1566,0.3745,1.0,DROWSY,20,0,Windows,unspecified
22:58:41.972,340.633,0.154,0.1717,0.1628,0.3692,1.0,DROWSY,21,0,Windows,unspecified
22:58:42.000,340.661,0.118,0.1587,0.1383,0.3722,1.0,DROWSY,22,0,Windows,unspecified
22:58:42.032,340.693,0.0771,0.1545,0.1158,0.3729,1.0,DROWSY,23,0,Windows,unspecified
22:58:42.064,340.725,0.0631,0.1421,0.1026,0.3755,1.0,DROWSY,24,0,Windows,unspecified
22:58:42.092,340.753,0.0521,0.1095,0.0808,0.3675,1.0,DROWSY,25,0,Windows,unspecified
22:58:42.125,340.786,0.0521,0.1095,0.0808,0.3717,1.0,DROWSY,26,0,Windows,unspecified
22:58:42.158,340.819,0.1153,0.1358,0.1256,0.3742,1.0,DROWSY,27,0,Windows,unspecified
22:58:42.190,340.851,0.1137,0.1401,0.1269,0.3743,1.0,DROWSY,28,0,Windows,unspecified
22:58:42.235,340.897,0.1104,0.0746,0.0925,0.3654,1.0,DROWSY,29,0,Windows,unspecified
22:58:42.268,340.929,0.1227,0.0644,0.0936,0.3742,1.0,DROWSY,30,0,Windows,unspecified
22:58:42.301,340.962,0.1102,0.063,0.0866,0.3728,1.0,DROWSY,31,0,Windows,unspecified
22:58:42.328,340.989,0.1022,0.0497,0.0759,0.3675,1.0,DROWSY,32,0,Windows,unspecified
22:58:42.368,341.029,0.0907,0.0483,0.0695,0.3768,1.0,DROWSY,33,0,Windows,unspecified
22:58:42.392,341.053,0.1104,0.0483,0.0793,0.383,1.0,DROWSY,34,0,Windows,unspecified
22:58:42.430,341.091,0.0966,0.0516,0.0741,0.3998,1.0,DROWSY,35,0,Windows,unspecified
22:58:42.453,341.114,0.104,0.0644,0.0842,0.396,1.0,DROWSY,36,0,Windows,unspecified
22:58:42.495,341.156,0.1213,0.0785,0.0999,0.3912,1.0,DROWSY,37,0,Windows,unspecified
22:58:42.520,341.181,0.1278,0.1124,0.1201,0.3903,1.0,DROWSY,38,0,Windows,unspecified
22:58:42.558,341.219,0.1188,0.094,0.1064,0.4,1.0,DROWSY,39,0,Windows,unspecified
22:58:42.582,341.243,0.1104,0.0742,0.0923,0.3936,1.0,DROWSY,40,0,Windows,unspecified
22:58:42.636,341.297,0.1673,0.1136,0.1405,0.3968,1.0,DROWSY,41,0,Windows,unspecified
22:58:42.675,341.336,0.1991,0.1286,0.1638,0.4046,1.0,DROWSY,42,0,Windows,unspecified
22:58:42.707,341.368,0.1747,0.1409,0.1578,0.3966,1.0,DROWSY,43,0,Windows,unspecified
22:58:42.735,341.396,0.1841,0.1521,0.1681,0.3925,1.0,DROWSY,44,0,Windows,unspecified
22:58:42.762,341.423,0.2117,0.1987,0.2052,0.4073,1.0,DROWSY,45,0,Windows,unspecified
22:58:42.796,341.457,0.2243,0.1971,0.2107,0.3979,1.0,DROWSY,46,0,Windows,unspecified
22:58:42.833,341.494,0.2685,0.2633,0.2659,0.4138,0.9933,DROWSY,0,0,Windows,unspecified
22:58:42.860,341.521,0.2684,0.2359,0.2521,0.42,0.9867,DROWSY,0,0,Windows,unspecified
22:58:42.892,341.553,0.224,0.1598,0.1919,0.3909,0.9867,DROWSY,1,0,Windows,unspecified
22:58:42.923,341.584,0.224,0.1765,0.2002,0.3931,0.9867,DROWSY,2,0,Windows,unspecified
22:58:42.955,341.616,0.1988,0.1024,0.1506,0.3552,0.9867,DROWSY,3,0,Windows,unspecified
22:58:42.986,341.647,0.1727,0.0704,0.1216,0.3489,0.9867,DROWSY,4,0,Windows,unspecified
22:58:43.039,341.701,0.1442,0.0633,0.1038,0.3361,0.9867,DROWSY,5,0,Windows,unspecified
22:58:43.064,341.725,0.133,0.0588,0.0959,0.3361,0.9867,DROWSY,6,0,Windows,unspecified
22:58:43.099,341.76,0.1367,0.0747,0.1057,0.3443,0.9867,DROWSY,7,0,Windows,unspecified
22:58:43.126,341.787,0.1367,0.0844,0.1105,0.3505,0.9867,DROWSY,8,0,Windows,unspecified
22:58:43.167,341.828,0.071,0.0671,0.0691,0.3521,0.9867,DROWSY,9,0,Windows,unspecified
22:58:43.188,341.849,0.0621,0.0572,0.0597,0.3576,0.9867,DROWSY,10,0,Windows,unspecified
22:58:43.229,341.89,0.0832,0.0572,0.0702,0.3548,0.9867,DROWSY,11,0,Windows,unspecified
22:58:43.253,341.914,0.0811,0.0789,0.08,0.3562,0.9867,DROWSY,12,0,Windows,unspecified
22:58:43.296,341.957,0.0604,0.0683,0.0644,0.3502,0.9867,DROWSY,13,0,Windows,unspecified
22:58:43.331,341.992,0.0493,0.0702,0.0598,0.3592,0.9867,DROWSY,14,0,Windows,unspecified
22:58:43.372,342.033,0.0703,0.0965,0.0834,0.346,0.9867,DROWSY,15,0,Windows,unspecified
22:58:43.407,342.068,0.0573,0.0722,0.0648,0.3574,0.9867,DROWSY,16,0,Windows,unspecified
22:58:43.439,342.1,0.0919,0.0945,0.0932,0.3406,0.9867,DROWSY,17,0,Windows,unspecified
22:58:43.470,342.131,0.103,0.1056,0.1043,0.3468,0.9867,DROWSY,18,0,Windows,unspecified
22:58:43.501,342.162,0.1481,0.0971,0.1226,0.3333,0.9867,DROWSY,19,0,Windows,unspecified
22:58:43.534,342.195,0.167,0.118,0.1425,0.3393,0.9867,DROWSY,20,0,Windows,unspecified
22:58:43.574,342.235,0.3211,0.2364,0.2787,0.361,0.98,DROWSY,0,0,Windows,unspecified
22:58:43.595,342.256,0.2652,0.2097,0.2374,0.3556,0.98,DROWSY,1,0,Windows,unspecified
22:58:43.630,342.292,0.237,0.1924,0.2147,0.3609,0.98,DROWSY,2,0,Windows,unspecified
22:58:43.660,342.321,0.237,0.1979,0.2175,0.3715,0.98,DROWSY,3,0,Windows,unspecified
22:58:43.694,342.355,0.2023,0.208,0.2051,0.3635,0.98,DROWSY,4,0,Windows,unspecified
22:58:43.719,342.381,0.1879,0.208,0.198,0.3595,0.98,DROWSY,5,0,Windows,unspecified
22:58:43.780,342.441,0.174,0.176,0.175,0.3628,0.98,DROWSY,6,0,Windows,unspecified
22:58:43.817,342.478,0.1696,0.1822,0.1759,0.3588,0.98,DROWSY,7,0,Windows,unspecified
22:58:43.845,342.506,0.1652,0.1626,0.1639,0.3881,0.98,DROWSY,8,0,Windows,unspecified
22:58:43.879,342.54,0.201,0.1953,0.1981,0.3964,0.98,DROWSY,9,0,Windows,unspecified
22:58:44.574,343.235,0.3195,0.3027,0.3111,0.3794,0.9733,DROWSY,0,0,Windows,unspecified
22:58:44.611,343.272,0.3873,0.3056,0.3465,0.3711,0.9667,DROWSY,0,0,Windows,unspecified
22:58:44.643,343.304,0.3876,0.3424,0.365,0.3421,0.96,DROWSY,0,0,Windows,unspecified
22:58:44.673,343.334,0.3666,0.3465,0.3566,0.3443,0.9533,DROWSY,0,0,Windows,unspecified
22:58:44.706,343.367,0.3305,0.3055,0.318,0.3446,0.9467,DROWSY,0,0,Windows,unspecified
22:58:44.735,343.397,0.3211,0.2919,0.3065,0.3495,0.94,DROWSY,0,0,Windows,unspecified
22:58:44.768,343.429,0.3424,0.294,0.3182,0.345,0.9333,DROWSY,0,0,Windows,unspecified
22:58:44.798,343.459,0.3114,0.2943,0.3028,0.3468,0.9267,DROWSY,0,0,Windows,unspecified
22:58:44.830,343.491,0.2973,0.2943,0.2958,0.3506,0.92,DROWSY,0,0,Windows,unspecified
22:58:44.862,343.523,0.2973,0.2726,0.2849,0.3505,0.9133,DROWSY,0,0,Windows,unspecified
22:58:44.897,343.558,0.2085,0.1927,0.2006,0.3491,0.9133,DROWSY,1,0,Windows,unspecified
22:58:44.923,343.584,0.1936,0.1769,0.1852,0.3638,0.9133,DROWSY,2,0,Windows,unspecified
22:58:44.977,343.638,0.106,0.0825,0.0942,0.3541,0.9133,DROWSY,3,0,Windows,unspecified
22:58:45.014,343.675,0.0861,0.0648,0.0755,0.3587,0.9133,DROWSY,4,0,Windows,unspecified
22:58:45.047,343.708,0.0969,0.0566,0.0767,0.3575,0.9133,DROWSY,5,0,Windows,unspecified
22:58:45.078,343.739,0.0788,0.0709,0.0749,0.3599,0.9133,DROWSY,6,0,Windows,unspecified
22:58:45.109,343.771,0.1805,0.1785,0.1795,0.3544,0.9133,DROWSY,7,0,Windows,unspecified
22:58:45.142,343.803,0.1997,0.1721,0.1859,0.3578,0.9133,DROWSY,8,0,Windows,unspecified
22:58:45.172,343.833,0.2633,0.263,0.2632,0.3435,0.9067,DROWSY,0,0,Windows,unspecified
22:58:45.202,343.863,0.2709,0.2761,0.2735,0.3493,0.9,DROWSY,0,0,Windows,unspecified
22:58:45.234,343.895,0.2564,0.2857,0.271,0.345,0.8933,DROWSY,0,0,Windows,unspecified
22:58:45.267,343.928,0.2576,0.2784,0.268,0.3517,0.8867,DROWSY,0,0,Windows,unspecified
22:58:45.297,343.958,0.2684,0.2897,0.279,0.3524,0.88,DROWSY,0,0,Windows,unspecified
22:58:45.329,343.99,0.2856,0.3223,0.304,0.3527,0.8733,DROWSY,0,0,Windows,unspecified
22:58:45.374,344.035,0.2916,0.3101,0.3009,0.3524,0.8667,DROWSY,0,0,Windows,unspecified
22:58:45.406,344.067,0.2715,0.3054,0.2885,0.3508,0.86,DROWSY,0,0,Windows,unspecified
22:58:45.439,344.1,0.2895,0.2963,0.2929,0.3519,0.8533,DROWSY,0,0,Windows,unspecified
22:58:45.469,344.13,0.2898,0.3097,0.2998,0.357,0.8467,DROWSY,0,0,Windows,unspecified
22:58:45.503,344.164,0.2691,0.3129,0.291,0.3581,0.84,DROWSY,0,0,Windows,unspecified
22:58:45.532,344.193,0.2683,0.3156,0.292,0.3602,0.8333,DROWSY,0,0,Windows,unspecified
22:58:45.566,344.227,0.2417,0.3061,0.2739,0.3675,0.8267,DROWSY,0,0,Windows,unspecified
22:58:45.595,344.257,0.2659,0.3061,0.286,0.3593,0.82,DROWSY,0,0,Windows,unspecified
22:58:45.627,344.289,0.1204,0.1661,0.1432,0.3662,0.82,DROWSY,1,0,Windows,unspecified
22:58:45.659,344.32,0.074,0.1189,0.0964,0.3751,0.82,DROWSY,2,0,Windows,unspecified
22:58:45.698,344.359,0.0136,0.069,0.0413,0.3704,0.82,DROWSY,3,0,Windows,unspecified
22:58:45.720,344.381,0.0331,0.0521,0.0426,0.3824,0.82,DROWSY,4,0,Windows,unspecified
22:58:45.771,344.432,0.0376,0.0547,0.0461,0.3707,0.82,DROWSY,5,0,Windows,unspecified
22:58:45.797,344.458,0.0329,0.0462,0.0396,0.375,0.82,DROWSY,6,0,Windows,unspecified
22:58:45.869,344.53,0.12,0.1223,0.1212,0.3784,0.82,DROWSY,7,0,Windows,unspecified
22:58:45.892,344.553,0.1245,0.1573,0.1409,0.3908,0.82,DROWSY,8,0,Windows,unspecified
22:58:45.922,344.583,0.1434,0.164,0.1537,0.3877,0.82,DROWSY,9,0,Windows,unspecified
22:58:45.968,344.629,0.1627,0.1527,0.1577,0.3808,0.82,DROWSY,10,0,Windows,unspecified
22:58:46.003,344.664,0.1202,0.1481,0.1342,0.3944,0.82,DROWSY,11,0,Windows,unspecified
22:58:46.034,344.695,0.1096,0.1322,0.1209,0.3915,0.82,DROWSY,12,0,Windows,unspecified
22:58:46.064,344.725,0.2096,0.2045,0.2071,0.3902,0.82,DROWSY,13,0,Windows,unspecified
22:58:46.096,344.757,0.1725,0.1527,0.1626,0.3992,0.82,DROWSY,14,0,Windows,unspecified
22:58:46.127,344.788,0.1475,0.1493,0.1484,0.4019,0.82,DROWSY,15,0,Windows,unspecified
22:58:46.174,344.835,0.2717,0.2584,0.2651,0.394,0.8133,DROWSY,0,0,Windows,unspecified
22:58:46.205,344.866,0.2537,0.2618,0.2578,0.3912,0.8067,DROWSY,0,0,Windows,unspecified
22:58:46.235,344.896,0.2537,0.2724,0.263,0.3758,0.8,DROWSY,0,0,Windows,unspecified
22:58:46.266,344.927,0.335,0.3266,0.3308,0.3707,0.7933,DROWSY,0,0,Windows,unspecified
22:58:46.296,344.958,0.3234,0.3155,0.3194,0.3722,0.7867,DROWSY,0,0,Windows,unspecified
22:58:46.329,344.99,0.3522,0.3174,0.3348,0.3768,0.78,DROWSY,0,0,Windows,unspecified
22:58:46.366,345.027,0.3554,0.3482,0.3518,0.3827,0.7733,DROWSY,0,0,Windows,unspecified
22:58:46.391,345.052,0.3653,0.3739,0.3696,0.384,0.7667,DROWSY,0,0,Windows,unspecified
22:58:46.420,345.081,0.3653,0.3594,0.3623,0.3852,0.76,DROWSY,0,0,Windows,unspecified
22:58:46.462,345.123,0.366,0.3583,0.3622,0.4025,0.7533,DROWSY,0,0,Windows,unspecified
22:58:46.498,345.159,0.3564,0.3842,0.3703,0.3964,0.7467,DROWSY,0,0,Windows,unspecified
22:58:46.532,345.193,0.3564,0.3842,0.3703,0.399,0.74,DROWSY,0,0,Windows,unspecified
22:58:46.571,345.233,0.3825,0.3734,0.3779,0.397,0.7333,DROWSY,0,0,Windows,unspecified
22:58:46.610,345.271,0.4119,0.3734,0.3926,0.3999,0.7267,DROWSY,0,0,Windows,unspecified
22:58:46.640,345.301,0.3966,0.3631,0.3799,0.3996,0.72,DROWSY,0,0,Windows,unspecified
22:58:46.670,345.331,0.3794,0.3728,0.3761,0.3942,0.7133,DROWSY,0,0,Windows,unspecified
22:58:46.702,345.363,0.3906,0.3462,0.3684,0.3969,0.7067,DROWSY,0,0,Windows,unspecified
22:58:46.734,345.395,0.3922,0.3577,0.375,0.3991,0.7,DROWSY,0,0,Windows,unspecified
22:58:46.762,345.424,0.3934,0.3641,0.3787,0.3845,0.6933,DROWSY,0,0,Windows,unspecified
22:58:46.797,345.458,0.3939,0.3744,0.3842,0.3844,0.6867,DROWSY,0,0,Windows,unspecified
22:58:46.828,345.489,0.4072,0.3744,0.3908,0.3916,0.68,DROWSY,0,0,Windows,unspecified
22:58:46.861,345.523,0.3794,0.3604,0.3699,0.3884,0.6733,DROWSY,0,0,Windows,unspecified
22:58:46.889,345.55,0.405,0.3611,0.3831,0.3892,0.6667,DROWSY,0,0,Windows,unspecified
22:58:46.922,345.583,0.3876,0.3511,0.3693,0.3852,0.66,DROWSY,0,0,Windows,unspecified
22:58:46.971,345.632,0.3649,0.3633,0.3641,0.386,0.6533,DROWSY,0,0,Windows,unspecified
22:58:46.996,345.657,0.3649,0.3604,0.3626,0.3854,0.6467,DROWSY,0,0,Windows,unspecified
22:58:47.030,345.691,0.3757,0.3604,0.368,0.3984,0.64,DROWSY,0,0,Windows,unspecified
22:58:47.067,345.728,0.3757,0.3463,0.361,0.3955,0.6333,DROWSY,0,0,Windows,unspecified
22:58:47.090,345.751,0.3649,0.3463,0.3556,0.3854,0.6267,DROWSY,0,0,Windows,unspecified
22:58:47.122,345.783,0.3649,0.3463,0.3556,0.3867,0.62,DROWSY,0,0,Windows,unspecified
22:58:47.164,345.825,0.3757,0.3546,0.3652,0.3809,0.6133,DROWSY,0,0,Windows,unspecified
22:58:47.201,345.862,0.3452,0.3183,0.3317,0.3908,0.6067,DROWSY,0,0,Windows,unspecified
22:58:47.234,345.895,0.3452,0.3189,0.332,0.3931,0.6,DROWSY,0,0,Windows,unspecified
22:58:47.264,345.925,0.3442,0.3138,0.329,0.3837,0.5933,DROWSY,0,0,Windows,unspecified
22:58:47.294,345.955,0.3452,0.3138,0.3295,0.3877,0.5867,DROWSY,0,0,Windows,unspecified
22:58:47.326,345.987,0.3452,0.3238,0.3345,0.3918,0.58,DROWSY,0,0,Windows,unspecified
22:58:47.372,346.034,0.324,0.3238,0.3239,0.3827,0.5733,DROWSY,0,0,Windows,unspecified
22:58:47.405,346.066,0.2949,0.2998,0.2974,0.3849,0.5667,DROWSY,0,0,Windows,unspecified
22:58:47.436,346.097,0.2854,0.2998,0.2926,0.3849,0.56,DROWSY,0,0,Windows,unspecified
22:58:47.467,346.128,0.3033,0.3034,0.3034,0.399,0.5533,DROWSY,0,0,Windows,unspecified
22:58:47.498,346.159,0.3095,0.2794,0.2945,0.3787,0.5467,DROWSY,0,0,Windows,unspecified
22:58:47.532,346.193,0.2933,0.3034,0.2984,0.3797,0.54,DROWSY,0,0,Windows,unspecified
22:58:47.564,346.225,0.3175,0.3034,0.3104,0.3787,0.5333,DROWSY,0,0,Windows,unspecified
22:58:47.594,346.255,0.3103,0.2941,0.3022,0.3846,0.5267,DROWSY,0,0,Windows,unspecified
22:58:47.624,346.285,0.3103,0.3033,0.3068,0.3742,0.52,DROWSY,0,0,Windows,unspecified
22:58:47.660,346.321,0.3088,0.2983,0.3035,0.3785,0.5133,DROWSY,0,0,Windows,unspecified
22:58:47.686,346.347,0.3088,0.2977,0.3032,0.3836,0.5067,DROWSY,0,0,Windows,unspecified
22:58:47.718,346.379,0.3071,0.2977,0.3024,0.3737,0.5,DROWSY,0,0,Windows,unspecified
22:58:47.770,346.431,0.2859,0.2769,0.2814,0.3847,0.4933,DROWSY,0,0,Windows,unspecified
22:58:47.795,346.456,0.285,0.2724,0.2787,0.3808,0.4867,DROWSY,0,0,Windows,unspecified
22:58:47.826,346.487,0.2764,0.277,0.2767,0.3808,0.48,DROWSY,0,0,Windows,unspecified
22:58:47.867,346.528,0.2098,0.2402,0.225,0.3822,0.48,DROWSY,1,0,Windows,unspecified
22:58:47.904,346.565,0.2007,0.2274,0.2141,0.3811,0.48,DROWSY,2,0,Windows,unspecified
22:58:47.936,346.597,0.1856,0.2024,0.194,0.3717,0.48,DROWSY,3,0,Windows,unspecified
22:58:47.964,346.625,0.1958,0.2237,0.2098,0.3859,0.48,DROWSY,4,0,Windows,unspecified
22:58:47.998,346.659,0.2107,0.2379,0.2243,0.3845,0.48,DROWSY,5,0,Windows,unspecified
22:58:48.028,346.689,0.2191,0.2379,0.2285,0.3811,0.48,DROWSY,6,0,Windows,unspecified
22:58:48.075,346.736,0.196,0.2326,0.2143,0.3876,0.48,DROWSY,7,0,Windows,unspecified
22:58:48.105,346.766,0.1955,0.2274,0.2115,0.3876,0.48,DROWSY,8,0,Windows,unspecified
22:58:48.136,346.797,0.1955,0.2326,0.2141,0.3915,0.48,DROWSY,9,0,Windows,unspecified
22:58:48.174,346.835,0.1955,0.2274,0.2115,0.386,0.48,DROWSY,10,0,Windows,unspecified
22:58:48.198,346.859,0.1899,0.2274,0.2086,0.38,0.48,DROWSY,11,0,Windows,unspecified
22:58:48.232,346.893,0.1902,0.2347,0.2124,0.38,0.48,DROWSY,12,0,Windows,unspecified
22:58:48.266,346.927,0.181,0.2092,0.1951,0.3848,0.48,DROWSY,13,0,Windows,unspecified
22:58:48.293,346.954,0.1758,0.2125,0.1941,0.3924,0.48,DROWSY,14,0,Windows,unspecified
22:58:48.326,346.987,0.1615,0.2193,0.1904,0.3875,0.48,DROWSY,15,0,Windows,unspecified
22:58:48.364,347.025,0.166,0.2,0.183,0.38,0.48,DROWSY,16,0,Windows,unspecified
22:58:48.388,347.049,0.1675,0.2104,0.1889,0.3696,0.48,DROWSY,17,0,Windows,unspecified
22:58:48.420,347.081,0.1675,0.1846,0.176,0.3751,0.48,DROWSY,18,0,Windows,unspecified
22:58:48.476,347.137,0.1505,0.2107,0.1806,0.3814,0.48,DROWSY,19,0,Windows,unspecified
22:58:48.513,347.174,0.1528,0.1947,0.1738,0.3747,0.48,DROWSY,20,0,Windows,unspecified
22:58:48.546,347.207,0.1528,0.1951,0.1739,0.3705,0.4867,DROWSY,21,0,Windows,unspecified
22:58:48.575,347.236,0.1073,0.1212,0.1142,0.3809,0.4933,DROWSY,22,0,Windows,unspecified
22:58:48.607,347.268,0.1018,0.1383,0.1201,0.3773,0.4933,DROWSY,23,0,Windows,unspecified
22:58:48.642,347.303,0.0873,0.1212,0.1042,0.3773,0.4933,DROWSY,24,0,Windows,unspecified
22:58:48.673,347.334,0.0283,0.0586,0.0434,0.3749,0.4933,DROWSY,25,0,Windows,unspecified
22:58:48.703,347.364,0.0443,0.0503,0.0473,0.372,0.4933,DROWSY,26,0,Windows,unspecified
22:58:48.737,347.398,0.05,0.0467,0.0483,0.3783,0.4933,DROWSY,27,0,Windows,unspecified
22:58:48.768,347.429,0.035,0.0788,0.0569,0.3705,0.4933,DROWSY,28,0,Windows,unspecified
22:58:48.799,347.46,0.029,0.072,0.0505,0.3815,0.4933,DROWSY,29,0,Windows,unspecified
22:58:48.828,347.489,0.0291,0.0867,0.0579,0.3815,0.4933,DROWSY,30,0,Windows,unspecified
22:58:48.876,347.537,0.1008,0.1244,0.1126,0.3559,0.4933,DROWSY,31,0,Windows,unspecified
22:58:48.910,347.571,0.1222,0.1383,0.1303,0.3562,0.4933,DROWSY,32,0,Windows,unspecified
22:58:48.940,347.601,0.1222,0.1533,0.1378,0.3569,0.4933,DROWSY,33,0,Windows,unspecified
22:58:48.974,347.635,0.1408,0.161,0.1509,0.3642,0.4933,DROWSY,34,0,Windows,unspecified
22:58:49.001,347.662,0.1505,0.1612,0.1558,0.3691,0.4933,DROWSY,35,0,Windows,unspecified
22:58:49.033,347.694,0.1461,0.1387,0.1424,0.3767,0.4933,DROWSY,36,0,Windows,unspecified
22:58:49.067,347.728,0.1461,0.1559,0.151,0.4056,0.4933,DROWSY,37,0,Windows,unspecified
22:58:49.096,347.757,0.1557,0.1689,0.1623,0.4172,0.4933,DROWSY,38,0,Windows,unspecified
22:58:49.127,347.788,0.1644,0.1689,0.1667,0.4167,0.4933,DROWSY,39,0,Windows,unspecified
22:58:49.163,347.824,0.1857,0.1958,0.1908,0.4242,0.4933,DROWSY,40,0,Windows,unspecified
22:58:49.191,347.852,0.1875,0.2035,0.1955,0.4351,0.4933,DROWSY,41,0,Windows,unspecified
22:58:49.221,347.882,0.2158,0.1951,0.2054,0.4396,0.4933,DROWSY,42,0,Windows,unspecified
22:58:49.274,347.935,0.195,0.1959,0.1954,0.4691,0.5,DROWSY,43,0,Windows,unspecified
22:58:49.300,347.961,0.2109,0.2036,0.2072,0.4656,0.5,DROWSY,44,0,Windows,unspecified
22:58:49.332,347.993,0.195,0.2036,0.1993,0.475,0.5,DROWSY,45,0,Windows,unspecified
22:58:49.372,348.033,0.1627,0.1752,0.1689,0.4306,0.5,DROWSY,46,0,Windows,unspecified
22:58:49.409,348.07,0.1505,0.1753,0.1629,0.4173,0.5,DROWSY,47,0,Windows,unspecified
22:58:49.441,348.102,0.164,0.1753,0.1696,0.4166,0.5,DROWSY,48,0,Windows,unspecified
22:58:49.468,348.129,0.175,0.1899,0.1824,0.3944,0.5,DROWSY,49,0,Windows,unspecified
22:58:49.505,348.166,0.2048,0.2032,0.204,0.4015,0.5,DROWSY,50,0,Windows,unspecified
22:58:49.534,348.195,0.1895,0.2035,0.1965,0.3913,0.5,DROWSY,51,0,Windows,unspecified
22:58:49.564,348.225,0.1808,0.1913,0.1861,0.4257,0.5,DROWSY,52,0,Windows,unspecified
22:58:49.597,348.258,0.177,0.2118,0.1944,0.4382,0.5067,DROWSY,53,0,Windows,unspecified
22:58:49.628,348.289,0.1801,0.2111,0.1956,0.442,0.5133,DROWSY,54,0,Windows,unspecified
22:58:49.676,348.338,0.1961,0.2001,0.1981,0.4278,0.52,DROWSY,55,0,Windows,unspecified
22:58:49.704,348.365,0.2243,0.224,0.2241,0.4283,0.5267,DROWSY,56,0,Windows,unspecified
22:58:49.736,348.397,0.2243,0.2283,0.2263,0.4283,0.5333,DROWSY,57,0,Windows,unspecified
22:58:49.775,348.436,0.229,0.2448,0.2369,0.4299,0.54,DROWSY,58,0,Windows,unspecified
22:58:49.800,348.462,0.2243,0.2257,0.225,0.4272,0.5467,DROWSY,59,0,Windows,unspecified
22:58:49.832,348.493,0.239,0.2205,0.2298,0.4272,0.5533,DROWSY,60,0,Windows,unspecified
22:58:49.863,348.524,0.2245,0.2257,0.2251,0.4067,0.56,DROWSY,61,0,Windows,unspecified
22:58:49.896,348.557,0.2256,0.2473,0.2364,0.4032,0.5667,DROWSY,62,0,Windows,unspecified
22:58:49.926,348.587,0.2256,0.2403,0.233,0.4241,0.5667,DROWSY,63,0,Windows,unspecified
22:58:49.958,348.619,0.2236,0.2499,0.2367,0.4251,0.5667,DROWSY,64,0,Windows,unspecified
22:58:49.990,348.651,0.2181,0.2205,0.2193,0.464,0.5667,DROWSY,65,0,Windows,unspecified
22:58:50.021,348.683,0.2181,0.2351,0.2266,0.4589,0.5667,DROWSY,66,0,Windows,unspecified
22:58:50.051,348.713,0.2166,0.2274,0.222,0.4242,0.5667,DROWSY,67,0,Windows,unspecified
22:58:50.085,348.746,0.2166,0.2348,0.2257,0.4187,0.5667,DROWSY,68,0,Windows,unspecified
22:58:50.114,348.776,0.2382,0.2193,0.2288,0.3856,0.5667,DROWSY,69,0,Windows,unspecified
22:58:50.144,348.805,0.221,0.2347,0.2279,0.3902,0.5667,DROWSY,70,0,Windows,unspecified
22:58:50.176,348.837,0.221,0.2347,0.2279,0.3981,0.5733,DROWSY,71,0,Windows,unspecified
22:58:50.207,348.868,0.221,0.2314,0.2262,0.4072,0.58,DROWSY,72,0,Windows,unspecified
22:58:50.238,348.899,0.2312,0.2351,0.2332,0.4138,0.5867,DROWSY,73,0,Windows,unspecified
22:58:50.276,348.937,0.2491,0.2474,0.2482,0.4083,0.5867,DROWSY,0,0,Windows,unspecified
22:58:50.302,348.964,0.214,0.2202,0.2171,0.4614,0.5933,DROWSY,1,0,Windows,unspecified
22:58:50.335,348.996,0.2335,0.2348,0.2342,0.4601,0.6,DROWSY,2,0,Windows,unspecified
22:58:50.363,349.024,0.2412,0.2282,0.2347,0.4755,0.6067,DROWSY,3,0,Windows,unspecified
22:58:50.397,349.058,0.241,0.2202,0.2306,0.4831,0.6133,DROWSY,4,0,Windows,unspecified
22:58:50.448,349.11,0.2272,0.2348,0.231,0.491,0.62,DROWSY,5,0,Windows,unspecified
22:58:50.475,349.136,0.214,0.2351,0.2246,0.487,0.6267,DROWSY,6,0,Windows,unspecified
22:58:50.511,349.172,0.2008,0.2021,0.2014,0.525,0.6333,DROWSY,7,0,Windows,unspecified
22:58:50.540,349.201,0.2065,0.1916,0.1991,0.5263,0.64,DROWSY,8,0,Windows,unspecified
22:58:50.574,349.236,0.2154,0.2416,0.2285,0.5149,0.6467,DROWSY,9,0,Windows,unspecified
22:58:50.603,349.264,0.2154,0.2133,0.2143,0.5227,0.6533,DROWSY,10,0,Windows,unspecified
22:58:50.639,349.3,0.2222,0.2394,0.2308,0.5277,0.6533,DROWSY,11,0,Windows,unspecified
22:58:50.665,349.327,0.2444,0.2133,0.2289,0.5195,0.6533,DROWSY,12,0,Windows,unspecified
22:58:50.704,349.365,0.2252,0.2389,0.232,0.5093,0.6533,DROWSY,13,0,Windows,unspecified
22:58:50.725,349.386,0.2185,0.2197,0.2191,0.5249,0.6533,DROWSY,14,0,Windows,unspecified
22:58:50.763,349.424,0.2499,0.2274,0.2387,0.5134,0.6533,DROWSY,15,0,Windows,unspecified
22:58:50.790,349.451,0.2499,0.221,0.2354,0.5084,0.6533,DROWSY,16,0,Windows,unspecified
22:58:50.849,349.51,0.2442,0.2102,0.2272,0.4972,0.6533,DROWSY,17,0,Windows,unspecified
22:58:50.885,349.546,0.2249,0.2133,0.2191,0.4959,0.6533,DROWSY,18,0,Windows,unspecified
22:58:50.916,349.577,0.2617,0.2551,0.2584,0.4868,0.6467,DROWSY,0,0,Windows,unspecified
22:58:50.950,349.611,0.247,0.2551,0.251,0.4864,0.64,DROWSY,0,0,Windows,unspecified
22:58:50.980,349.641,0.254,0.2733,0.2637,0.4835,0.6333,DROWSY,0,0,Windows,unspecified
22:58:51.013,349.674,0.2645,0.2447,0.2546,0.4906,0.6267,DROWSY,0,0,Windows,unspecified
22:58:51.041,349.702,0.2568,0.2584,0.2576,0.4907,0.62,DROWSY,0,0,Windows,unspecified
22:58:51.074,349.735,0.2646,0.2373,0.251,0.4942,0.6133,DROWSY,0,0,Windows,unspecified
22:58:51.104,349.765,0.2499,0.2491,0.2495,0.485,0.6067,DROWSY,0,0,Windows,unspecified
22:58:51.136,349.797,0.2646,0.2373,0.251,0.4828,0.6067,DROWSY,0,0,Windows,unspecified
22:58:51.166,349.827,0.2443,0.2346,0.2395,0.4643,0.6067,DROWSY,0,0,Windows,unspecified
22:58:51.197,349.858,0.2498,0.2382,0.244,0.4635,0.6067,DROWSY,0,0,Windows,unspecified
22:58:51.247,349.908,0.0621,0.1134,0.0878,0.4577,0.6133,DROWSY,1,0,Windows,unspecified
22:58:51.275,349.936,0.0335,0.0617,0.0476,0.4588,0.62,DROWSY,2,0,Windows,unspecified
22:58:51.312,349.973,0.0415,0.0381,0.0398,0.4369,0.6267,DROWSY,3,0,Windows,unspecified
22:58:51.341,350.002,0.0492,0.0381,0.0436,0.4301,0.6333,DROWSY,4,0,Windows,unspecified
22:58:51.378,350.039,0.0381,0.0506,0.0444,0.4063,0.64,DROWSY,5,0,Windows,unspecified
22:58:51.409,350.07,0.0602,0.0505,0.0554,0.3927,0.6467,DROWSY,6,0,Windows,unspecified
22:58:51.452,350.113,0.1089,0.1141,0.1115,0.4007,0.6533,DROWSY,7,0,Windows,unspecified
22:58:51.481,350.142,0.1187,0.117,0.1179,0.4011,0.66,DROWSY,8,0,Windows,unspecified
22:58:51.510,350.171,0.1494,0.1668,0.1581,0.3738,0.6667,DROWSY,9,0,Windows,unspecified
22:58:51.542,350.203,0.1561,0.1903,0.1732,0.3798,0.6733,DROWSY,10,0,Windows,unspecified
22:58:51.577,350.238,0.1862,0.2127,0.1994,0.3696,0.68,DROWSY,11,0,Windows,unspecified
22:58:51.607,350.268,0.2205,0.2259,0.2232,0.3793,0.6867,DROWSY,12,0,Windows,unspecified
22:58:51.647,350.308,0.2543,0.2308,0.2425,0.3633,0.6867,DROWSY,0,0,Windows,unspecified
22:58:51.667,350.328,0.2495,0.2268,0.2382,0.378,0.6933,DROWSY,1,0,Windows,unspecified
22:58:51.706,350.367,0.2682,0.2335,0.2509,0.377,0.6933,DROWSY,0,0,Windows,unspecified
22:58:51.731,350.393,0.2573,0.2481,0.2527,0.3745,0.6933,DROWSY,0,0,Windows,unspecified
22:58:51.771,350.432,0.1025,0.0493,0.0759,0.3826,0.7,DROWSY,1,0,Windows,unspecified
22:58:51.794,350.455,0.0657,0.0603,0.063,0.368,0.7067,DROWSY,2,0,Windows,unspecified
22:58:51.840,350.501,0.0771,0.0684,0.0728,0.3823,0.7133,DROWSY,3,0,Windows,unspecified
22:58:51.872,350.533,0.0787,0.0787,0.0787,0.3874,0.72,DROWSY,4,0,Windows,unspecified
22:58:51.902,350.563,0.0808,0.0853,0.0831,0.3859,0.7267,DROWSY,5,0,Windows,unspecified
22:58:51.933,350.594,0.0878,0.0999,0.0939,0.3729,0.7333,DROWSY,6,0,Windows,unspecified
22:58:51.963,350.624,0.1774,0.1766,0.177,0.3732,0.74,DROWSY,7,0,Windows,unspecified
22:58:51.997,350.659,0.2107,0.172,0.1913,0.3835,0.7467,DROWSY,8,0,Windows,unspecified
22:58:52.045,350.706,0.2912,0.2863,0.2888,0.3846,0.7467,DROWSY,0,0,Windows,unspecified
22:58:52.076,350.737,0.2912,0.2957,0.2935,0.3817,0.7467,DROWSY,0,0,Windows,unspecified
22:58:52.107,350.768,0.3211,0.3214,0.3212,0.3782,0.7467,DROWSY,0,0,Windows,unspecified
22:58:52.136,350.797,0.3263,0.34,0.3331,0.3849,0.7467,DROWSY,0,0,Windows,unspecified
22:58:52.171,350.832,0.3407,0.3391,0.3399,0.374,0.7467,DROWSY,0,0,Windows,unspecified
22:58:52.200,350.861,0.3564,0.3567,0.3566,0.3715,0.7467,DROWSY,0,0,Windows,unspecified
22:58:52.239,350.9,0.3845,0.3607,0.3726,0.3758,0.7467,DROWSY,0,0,Windows,unspecified
22:58:52.261,350.923,0.3885,0.374,0.3812,0.3791,0.7467,DROWSY,0,0,Windows,unspecified
22:58:52.300,350.961,0.3885,0.3699,0.3792,0.3927,0.7467,DROWSY,0,0,Windows,unspecified
22:58:52.326,350.987,0.3982,0.3704,0.3843,0.3938,0.7467,DROWSY,0,0,Windows,unspecified
22:58:52.368,351.029,0.3845,0.3602,0.3723,0.3896,0.7467,DROWSY,0,0,Windows,unspecified
22:58:52.404,351.065,0.3611,0.3735,0.3673,0.3938,0.7467,DROWSY,0,0,Windows,unspecified
22:58:52.445,351.106,0.4034,0.3452,0.3743,0.3881,0.7467,DROWSY,0,0,Windows,unspecified
22:58:52.481,351.142,0.418,0.3562,0.3871,0.3926,0.7467,DROWSY,0,0,Windows,unspecified
22:58:52.509,351.17,0.4298,0.3851,0.4074,0.3947,0.7467,DROWSY,0,0,Windows,unspecified
22:58:52.543,351.204,0.4152,0.3801,0.3977,0.3994,0.7467,DROWSY,0,0,Windows,unspecified
22:58:52.574,351.235,0.4039,0.3932,0.3985,0.3942,0.7467,DROWSY,0,0,Windows,unspecified
22:58:52.606,351.267,0.4063,0.4067,0.4065,0.3923,0.7467,DROWSY,0,0,Windows,unspecified
22:58:52.634,351.295,0.3893,0.3936,0.3915,0.3888,0.7467,DROWSY,0,0,Windows,unspecified
22:58:52.667,351.328,0.3918,0.3904,0.3911,0.3907,0.7467,DROWSY,0,0,Windows,unspecified
22:58:52.704,351.365,0.4007,0.3666,0.3836,0.3921,0.7467,DROWSY,0,0,Windows,unspecified
22:58:52.732,351.393,0.4034,0.3904,0.3969,0.3857,0.7467,DROWSY,0,0,Windows,unspecified
22:58:52.767,351.428,0.4039,0.3817,0.3928,0.3919,0.7467,DROWSY,0,0,Windows,unspecified
22:58:52.793,351.455,0.4158,0.3817,0.3988,0.3888,0.7467,DROWSY,0,0,Windows,unspecified
22:58:52.843,351.504,0.3867,0.3788,0.3827,0.3927,0.74,DROWSY,0,0,Windows,unspecified
22:58:52.872,351.533,0.3782,0.3545,0.3663,0.3927,0.7333,DROWSY,0,0,Windows,unspecified
22:58:52.910,351.571,0.3753,0.3859,0.3806,0.3958,0.7267,DROWSY,0,0,Windows,unspecified
22:58:52.934,351.595,0.3751,0.3756,0.3754,0.3996,0.72,DROWSY,0,0,Windows,unspecified
22:58:52.970,351.631,0.3748,0.3876,0.3812,0.4033,0.7133,DROWSY,0,0,Windows,unspecified
22:58:52.998,351.659,0.3751,0.3687,0.3719,0.409,0.7067,DROWSY,0,0,Windows,unspecified
22:58:53.040,351.701,0.3571,0.3463,0.3517,0.4707,0.7,DROWSY,0,0,Windows,unspecified
22:58:53.076,351.737,0.3433,0.3313,0.3373,0.4931,0.6933,DROWSY,0,0,Windows,unspecified
22:58:53.103,351.764,0.3334,0.3182,0.3258,0.5163,0.6867,DROWSY,0,0,Windows,unspecified
22:58:53.136,351.797,0.3144,0.3025,0.3084,0.5242,0.68,DROWSY,0,0,Windows,unspecified
22:58:53.167,351.828,0.3174,0.328,0.3227,0.4866,0.6733,DROWSY,0,0,Windows,unspecified
22:58:53.197,351.859,0.2909,0.2981,0.2945,0.4749,0.6667,DROWSY,0,0,Windows,unspecified
22:58:53.248,351.909,0.2665,0.3153,0.2909,0.4715,0.66,DROWSY,0,0,Windows,unspecified
22:58:53.277,351.938,0.3009,0.3048,0.3028,0.4524,0.6533,DROWSY,0,0,Windows,unspecified
22:58:53.311,351.973,0.2693,0.2996,0.2844,0.4118,0.6467,DROWSY,0,0,Windows,unspecified
22:58:53.340,352.001,0.2688,0.3011,0.2849,0.3981,0.64,DROWSY,0,0,Windows,unspecified
22:58:53.374,352.035,0.2823,0.3071,0.2947,0.403,0.6333,DROWSY,0,0,Windows,unspecified
22:58:53.402,352.063,0.2667,0.3088,0.2877,0.407,0.6267,DROWSY,0,0,Windows,unspecified
22:58:53.439,352.1,0.267,0.2866,0.2768,0.4468,0.62,DROWSY,0,0,Windows,unspecified
22:58:53.463,352.124,0.2578,0.2859,0.2719,0.4517,0.6133,DROWSY,0,0,Windows,unspecified
22:58:53.501,352.162,0.2488,0.248,0.2484,0.4506,0.6067,DROWSY,0,0,Windows,unspecified
22:58:53.529,352.19,0.2466,0.2568,0.2517,0.4571,0.6,DROWSY,0,0,Windows,unspecified
22:58:53.568,352.229,0.2332,0.2558,0.2445,0.3902,0.5933,DROWSY,0,0,Windows,unspecified
22:58:53.605,352.266,0.2332,0.2717,0.2524,0.3767,0.5867,DROWSY,0,0,Windows,unspecified
22:58:53.646,352.307,0.2537,0.2726,0.2631,0.3668,0.58,DROWSY,0,0,Windows,unspecified
22:58:53.667,352.328,0.2534,0.2884,0.2709,0.3552,0.5733,DROWSY,0,0,Windows,unspecified
22:58:53.710,352.371,0.2557,0.2804,0.268,0.4033,0.5667,DROWSY,0,0,Windows,unspecified
22:58:53.744,352.405,0.2537,0.2729,0.2633,0.413,0.56,DROWSY,0,0,Windows,unspecified
22:58:53.778,352.439,0.263,0.2899,0.2764,0.4643,0.5533,DROWSY,0,0,Windows,unspecified
22:58:53.805,352.467,0.229,0.2899,0.2594,0.4768,0.5467,DROWSY,0,0,Windows,unspecified
22:58:53.840,352.501,0.2491,0.263,0.2561,0.4817,0.54,DROWSY,0,0,Windows,unspecified
22:58:53.871,352.532,0.2443,0.2664,0.2554,0.4813,0.5333,DROWSY,0,0,Windows,unspecified
22:58:53.903,352.564,0.2291,0.2288,0.2289,0.4757,0.5333,DROWSY,1,0,Windows,unspecified
22:58:53.934,352.595,0.2265,0.2543,0.2404,0.4697,0.5267,DROWSY,0,0,Windows,unspecified
22:58:53.963,352.624,0.229,0.2692,0.2491,0.4594,0.52,DROWSY,0,0,Windows,unspecified
22:58:53.994,352.655,0.24,0.2517,0.2459,0.4658,0.5133,DROWSY,0,0,Windows,unspecified
22:58:54.046,352.707,0.2329,0.2611,0.247,0.4361,0.5067,DROWSY,0,0,Windows,unspecified
22:58:54.071,352.732,0.233,0.2534,0.2432,0.439,0.5,DROWSY,0,0,Windows,unspecified
22:58:54.106,352.767,0.2854,0.2702,0.2778,0.4367,0.4933,DROWSY,0,0,Windows,unspecified
22:58:54.134,352.795,0.2768,0.2764,0.2766,0.4346,0.4867,DROWSY,0,0,Windows,unspecified
22:58:54.174,352.835,0.2687,0.2527,0.2607,0.4225,0.48,DROWSY,0,0,Windows,unspecified
22:58:54.211,352.872,0.2568,0.2543,0.2556,0.4092,0.4733,DROWSY,0,0,Windows,unspecified
22:58:54.244,352.905,0.2441,0.2527,0.2484,0.3952,0.4667,DROWSY,0,0,Windows,unspecified
22:58:54.274,352.935,0.2305,0.2509,0.2407,0.382,0.46,DROWSY,0,0,Windows,unspecified
22:58:54.306,352.967,0.2253,0.2659,0.2456,0.374,0.4533,DROWSY,0,0,Windows,unspecified
22:58:54.340,353.001,0.2402,0.2655,0.2529,0.3717,0.4467,DROWSY,0,0,Windows,unspecified
22:58:54.371,353.032,0.1821,0.1929,0.1875,0.3492,0.4467,DROWSY,1,0,Windows,unspecified
22:58:54.400,353.061,0.1601,0.1612,0.1607,0.359,0.4467,DROWSY,2,0,Windows,unspecified
22:58:54.444,353.105,0.1336,0.0824,0.108,0.3496,0.4467,DROWSY,3,0,Windows,unspecified
22:58:54.481,353.142,0.1132,0.0704,0.0918,0.3475,0.4467,DROWSY,4,0,Windows,unspecified
22:58:54.512,353.173,0.0622,0.0578,0.06,0.3502,0.4467,DROWSY,5,0,Windows,unspecified
22:58:54.543,353.204,0.0536,0.0373,0.0454,0.3461,0.4467,DROWSY,6,0,Windows,unspecified
22:58:54.574,353.235,0.0767,0.0318,0.0543,0.3706,0.4467,DROWSY,7,0,Windows,unspecified
22:58:54.604,353.265,0.0569,0.045,0.051,0.3675,0.4467,DROWSY,8,0,Windows,unspecified
22:58:54.639,353.3,0.1223,0.1279,0.1251,0.3851,0.4467,DROWSY,9,0,Windows,unspecified
22:58:54.666,353.327,0.1262,0.0715,0.0988,0.3721,0.4467,DROWSY,10,0,Windows,unspecified
22:58:54.703,353.364,0.1736,0.1677,0.1706,0.3809,0.4467,DROWSY,11,0,Windows,unspecified
22:58:54.729,353.391,0.2107,0.2053,0.208,0.3769,0.4467,DROWSY,12,0,Windows,unspecified
22:58:54.767,353.428,0.234,0.2207,0.2273,0.397,0.4467,DROWSY,13,0,Windows,unspecified
22:58:54.791,353.453,0.2562,0.2285,0.2424,0.3795,0.44,DROWSY,0,0,Windows,unspecified
22:58:54.843,353.504,0.2867,0.2533,0.27,0.3915,0.4333,DROWSY,0,0,Windows,unspecified
22:58:54.869,353.53,0.2689,0.2252,0.2471,0.3914,0.4267,DROWSY,0,0,Windows,unspecified
22:58:54.910,353.571,0.268,0.2232,0.2456,0.4007,0.42,DROWSY,0,0,Windows,unspecified
22:58:54.945,353.606,0.2492,0.2266,0.2379,0.4033,0.42,DROWSY,1,0,Windows,unspecified
22:58:54.977,353.638,0.2723,0.2659,0.2691,0.4107,0.4133,DROWSY,0,0,Windows,unspecified
22:58:55.008,353.669,0.2813,0.2659,0.2736,0.4045,0.4067,DROWSY,0,0,Windows,unspecified
22:58:55.039,353.7,0.2854,0.2628,0.2741,0.4098,0.4,DROWSY,0,0,Windows,unspecified
22:58:55.071,353.732,0.2938,0.2545,0.2741,0.417,0.3933,DROWSY,0,0,Windows,unspecified
22:58:55.099,353.76,0.2962,0.2828,0.2895,0.4085,0.3867,DROWSY,0,0,Windows,unspecified
22:58:55.134,353.795,0.3103,0.2628,0.2866,0.4108,0.38,DROWSY,0,0,Windows,unspecified
22:58:55.167,353.828,0.3112,0.2995,0.3054,0.4085,0.3733,DROWSY,0,0,Windows,unspecified
22:58:55.196,353.857,0.3445,0.3141,0.3293,0.4112,0.3667,DROWSY,0,0,Windows,unspecified
22:58:55.247,353.908,0.3154,0.3096,0.3125,0.408,0.36,DROWSY,0,0,Windows,unspecified
22:58:55.274,353.935,0.3366,0.3197,0.3282,0.4034,0.36,DROWSY,0,0,Windows,unspecified
22:58:55.310,353.971,0.3366,0.3027,0.3197,0.4037,0.3533,DROWSY,0,0,Windows,unspecified
22:58:55.337,353.998,0.3034,0.2904,0.2969,0.4115,0.3467,NORMAL,0,0,Windows,unspecified
22:58:55.376,354.037,0.3154,0.2997,0.3076,0.3983,0.34,NORMAL,0,0,Windows,unspecified
22:58:55.400,354.061,0.3071,0.2665,0.2868,0.4062,0.3333,NORMAL,0,0,Windows,unspecified
22:58:55.440,354.101,0.3273,0.2997,0.3135,0.4102,0.3267,NORMAL,0,0,Windows,unspecified
22:58:55.463,354.124,0.3361,0.3082,0.3222,0.4036,0.32,NORMAL,0,0,Windows,unspecified
22:58:55.502,354.163,0.3542,0.3074,0.3308,0.4073,0.3133,NORMAL,0,0,Windows,unspecified
22:58:55.526,354.187,0.3145,0.2897,0.3021,0.4111,0.3067,NORMAL,0,0,Windows,unspecified
22:58:55.568,354.229,0.3361,0.2958,0.316,0.4102,0.3,NORMAL,0,0,Windows,unspecified
22:58:55.603,354.264,0.3154,0.2865,0.301,0.4073,0.2933,NORMAL,0,0,Windows,unspecified
22:58:55.649,354.31,0.3154,0.2929,0.3042,0.4014,0.2867,NORMAL,0,0,Windows,unspecified
22:58:55.682,354.343,0.3044,0.2704,0.2874,0.4014,0.28,NORMAL,0,0,Windows,unspecified
22:58:55.714,354.375,0.3136,0.2865,0.3,0.4083,0.2733,NORMAL,0,0,Windows,unspecified
22:58:55.743,354.404,0.3046,0.297,0.3008,0.3987,0.2667,NORMAL,0,0,Windows,unspecified
22:58:55.776,354.437,0.2683,0.2616,0.265,0.3964,0.26,NORMAL,0,0,Windows,unspecified
22:58:55.805,354.466,0.2759,0.28,0.2779,0.3964,0.2533,NORMAL,0,0,Windows,unspecified
22:58:55.839,354.5,0.2845,0.28,0.2822,0.4005,0.2467,NORMAL,0,0,Windows,unspecified
22:58:55.866,354.527,0.2759,0.274,0.2749,0.405,0.24,NORMAL,0,0,Windows,unspecified
22:58:55.902,354.563,0.3046,0.284,0.2943,0.4125,0.24,NORMAL,0,0,Windows,unspecified
22:58:55.928,354.589,0.3046,0.2948,0.2997,0.401,0.24,NORMAL,0,0,Windows,unspecified
22:58:55.979,354.64,0.3019,0.2948,0.2984,0.3975,0.24,NORMAL,0,0,Windows,unspecified
22:58:56.008,354.669,0.2933,0.274,0.2837,0.3975,0.24,NORMAL,0,0,Windows,unspecified
22:58:56.048,354.709,0.3019,0.284,0.293,0.4064,0.24,NORMAL,0,0,Windows,unspecified
22:58:56.083,354.744,0.3019,0.284,0.293,0.4089,0.24,NORMAL,0,0,Windows,unspecified
22:58:56.114,354.775,0.3046,0.274,0.2893,0.3868,0.24,NORMAL,0,0,Windows,unspecified
22:58:56.148,354.809,0.2759,0.284,0.2799,0.3891,0.24,NORMAL,0,0,Windows,unspecified
22:58:56.176,354.838,0.2933,0.2515,0.2724,0.3931,0.24,NORMAL,0,0,Windows,unspecified
22:58:56.209,354.87,0.3019,0.2472,0.2746,0.395,0.24,NORMAL,0,0,Windows,unspecified
22:58:56.241,354.902,0.2933,0.2646,0.279,0.4046,0.2333,NORMAL,0,0,Windows,unspecified
22:58:56.273,354.935,0.3019,0.2646,0.2833,0.4092,0.2267,NORMAL,0,0,Windows,unspecified
22:58:56.304,354.965,0.2933,0.274,0.2837,0.412,0.22,NORMAL,0,0,Windows,unspecified
22:58:56.335,354.997,0.2933,0.274,0.2837,0.412,0.2133,NORMAL,0,0,Windows,unspecified
22:58:56.387,355.048,0.2865,0.274,0.2802,0.4031,0.2067,NORMAL,0,0,Windows,unspecified
22:58:56.413,355.074,0.3046,0.2704,0.2875,0.4031,0.2,NORMAL,0,0,Windows,unspecified
22:58:56.447,355.108,0.301,0.3029,0.302,0.3949,0.1933,NORMAL,0,0,Windows,unspecified
22:58:56.474,355.135,0.3194,0.2922,0.3058,0.4026,0.1867,NORMAL,0,0,Windows,unspecified
22:58:56.508,355.169,0.3046,0.284,0.2943,0.4044,0.18,NORMAL,0,0,Windows,unspecified
22:58:56.536,355.197,0.301,0.284,0.2925,0.3965,0.1733,NORMAL,0,0,Windows,unspecified
22:58:56.576,355.237,0.301,0.284,0.2925,0.4024,0.1667,NORMAL,0,0,Windows,unspecified
22:58:56.614,355.275,0.301,0.284,0.2925,0.4024,0.16,NORMAL,0,0,Windows,unspecified
22:58:56.646,355.307,0.2944,0.274,0.2842,0.4024,0.16,NORMAL,0,0,Windows,unspecified
22:58:56.678,355.339,0.301,0.2701,0.2855,0.4066,0.1533,NORMAL,0,0,Windows,unspecified
22:58:56.709,355.37,0.301,0.274,0.2875,0.4183,0.1533,NORMAL,0,0,Windows,unspecified
22:58:56.742,355.403,0.301,0.2701,0.2855,0.4101,0.1533,NORMAL,0,0,Windows,unspecified
22:58:56.780,355.441,0.301,0.2701,0.2855,0.4041,0.1467,NORMAL,0,0,Windows,unspecified
22:58:56.802,355.463,0.301,0.3032,0.3021,0.3996,0.14,NORMAL,0,0,Windows,unspecified
22:58:56.847,355.508,0.2979,0.2506,0.2742,0.4023,0.1333,NORMAL,0,0,Windows,unspecified
22:58:56.880,355.541,0.2933,0.2521,0.2727,0.4088,0.1267,NORMAL,0,0,Windows,unspecified
22:58:56.913,355.574,0.2979,0.2613,0.2796,0.4078,0.12,NORMAL,0,0,Windows,unspecified
22:58:56.943,355.604,0.2788,0.256,0.2674,0.4043,0.1133,NORMAL,0,0,Windows,unspecified
22:58:56.976,355.637,0.2759,0.2613,0.2686,0.4079,0.1067,NORMAL,0,0,Windows,unspecified
22:58:57.004,355.666,0.2788,0.256,0.2674,0.4008,0.1,NORMAL,0,0,Windows,unspecified
22:58:57.039,355.7,0.2759,0.2661,0.271,0.4008,0.1,NORMAL,0,0,Windows,unspecified
22:58:57.068,355.729,0.2759,0.2795,0.2777,0.4008,0.1,NORMAL,0,0,Windows,unspecified
22:58:57.100,355.761,0.2607,0.2878,0.2742,0.4,0.1,NORMAL,0,0,Windows,unspecified
22:58:57.132,355.793,0.2685,0.2774,0.2729,0.3945,0.1,NORMAL,0,0,Windows,unspecified
22:58:57.180,355.841,0.2759,0.2506,0.2632,0.3957,0.1,NORMAL,0,0,Windows,unspecified
22:58:57.210,355.871,0.2786,0.26,0.2693,0.3957,0.1,NORMAL,0,0,Windows,unspecified
22:58:57.246,355.907,0.2962,0.2591,0.2777,0.4047,0.1,NORMAL,0,0,Windows,unspecified
22:58:57.271,355.932,0.2962,0.2545,0.2754,0.4023,0.1,NORMAL,0,0,Windows,unspecified
22:58:57.309,355.97,0.2897,0.2475,0.2686,0.4,0.1,NORMAL,0,0,Windows,unspecified
22:58:57.333,355.995,0.2897,0.2475,0.2686,0.4046,0.1,NORMAL,0,0,Windows,unspecified
22:58:57.376,356.037,0.3011,0.2475,0.2743,0.411,0.1,NORMAL,0,0,Windows,unspecified
22:58:57.412,356.073,0.2818,0.2475,0.2646,0.411,0.1,NORMAL,0,0,Windows,unspecified
22:58:57.443,356.104,0.2818,0.2475,0.2646,0.4153,0.1,NORMAL,0,0,Windows,unspecified
22:58:57.474,356.135,0.2818,0.2506,0.2662,0.4047,0.1,NORMAL,0,0,Windows,unspecified
22:58:57.507,356.168,0.2711,0.2506,0.2608,0.4047,0.1,NORMAL,0,0,Windows,unspecified
22:58:57.537,356.198,0.2711,0.2566,0.2638,0.4088,0.1,NORMAL,0,0,Windows,unspecified
22:58:57.584,356.245,0.2897,0.2475,0.2686,0.4031,0.1,NORMAL,0,0,Windows,unspecified
22:58:57.615,356.276,0.2897,0.2475,0.2686,0.4031,0.1,NORMAL,0,0,Windows,unspecified
22:58:57.646,356.307,0.2897,0.2475,0.2686,0.4006,0.1,NORMAL,0,0,Windows,unspecified
22:58:57.675,356.336,0.2897,0.2506,0.2701,0.3905,0.1,NORMAL,0,0,Windows,unspecified
22:58:57.710,356.372,0.1723,0.1757,0.174,0.3905,0.1067,NORMAL,1,0,Windows,unspecified
22:58:57.738,356.399,0.1655,0.1388,0.1522,0.3905,0.1133,NORMAL,2,0,Windows,unspecified
22:58:57.775,356.436,0.1389,0.0992,0.1191,0.4048,0.12,NORMAL,3,0,Windows,unspecified
22:58:57.802,356.463,0.1113,0.0888,0.1,0.413,0.1267,NORMAL,4,0,Windows,unspecified
22:58:57.836,356.497,0.1289,0.0919,0.1104,0.413,0.1333,NORMAL,5,0,Windows,unspecified
22:58:57.866,356.527,0.1289,0.0952,0.1121,0.4048,0.14,NORMAL,6,0,Windows,unspecified
22:58:57.903,356.564,0.1303,0.1333,0.1318,0.4088,0.1467,NORMAL,7,0,Windows,unspecified
22:58:57.930,356.591,0.1354,0.1333,0.1343,0.4023,0.1533,NORMAL,8,0,Windows,unspecified
22:58:57.980,356.641,0.1637,0.1333,0.1485,0.4023,0.16,NORMAL,9,0,Windows,unspecified
22:58:58.006,356.667,0.1704,0.1547,0.1626,0.4023,0.1667,WARNING,10,0,Windows,unspecified
22:58:58.044,356.705,0.0813,0.071,0.0761,0.3983,0.1733,WARNING,11,0,Windows,unspecified
22:58:58.071,356.733,0.0786,0.0744,0.0765,0.398,0.18,WARNING,12,0,Windows,unspecified
22:58:58.108,356.769,0.0,0.0533,0.0266,0.4047,0.1867,WARNING,13,0,Windows,unspecified
22:58:58.132,356.794,0.0363,0.0355,0.0359,0.4279,0.1933,WARNING,14,0,Windows,unspecified
22:58:58.175,356.836,0.0429,0.055,0.0489,0.4019,0.2,WARNING,15,0,Windows,unspecified
22:58:58.197,356.858,0.0429,0.0515,0.0472,0.3896,0.2067,WARNING,16,0,Windows,unspecified
22:58:58.240,356.901,0.1185,0.119,0.1188,0.4005,0.2133,WARNING,17,0,Windows,unspecified
22:58:58.276,356.937,0.1365,0.1202,0.1284,0.3997,0.22,WARNING,18,0,Windows,unspecified
22:58:58.308,356.969,0.2014,0.2022,0.2018,0.4063,0.2267,WARNING,19,0,Windows,unspecified
22:58:58.336,356.997,0.2208,0.2389,0.2299,0.4015,0.2333,DROWSY,20,0,Windows,unspecified
22:58:58.386,357.047,0.258,0.2586,0.2583,0.4036,0.2333,NORMAL,0,0,Windows,unspecified
22:58:58.414,357.075,0.2646,0.2599,0.2623,0.4006,0.2333,NORMAL,0,0,Windows,unspecified
22:58:58.447,357.108,0.2668,0.2533,0.2601,0.4057,0.2333,NORMAL,0,0,Windows,unspecified
22:58:58.478,357.139,0.2786,0.2363,0.2575,0.3949,0.2333,NORMAL,0,0,Windows,unspecified
22:58:58.508,357.169,0.2535,0.2016,0.2275,0.4013,0.24,NORMAL,1,0,Windows,unspecified
22:58:58.537,357.198,0.2181,0.2236,0.2209,0.398,0.2467,NORMAL,2,0,Windows,unspecified
22:58:58.576,357.237,0.2384,0.2404,0.2394,0.3988,0.2467,NORMAL,0,0,Windows,unspecified
22:58:58.599,357.26,0.2556,0.2631,0.2593,0.4045,0.2467,NORMAL,0,0,Windows,unspecified
22:58:58.636,357.297,0.2556,0.2388,0.2472,0.4084,0.2467,NORMAL,0,0,Windows,unspecified
22:58:58.664,357.325,0.2556,0.2317,0.2437,0.3969,0.2467,NORMAL,0,0,Windows,unspecified
22:58:58.703,357.364,0.2734,0.2828,0.2781,0.403,0.2467,NORMAL,0,0,Windows,unspecified
22:58:58.726,357.387,0.2786,0.2631,0.2708,0.3949,0.2467,NORMAL,0,0,Windows,unspecified
22:58:58.782,357.443,0.2389,0.2343,0.2366,0.392,0.2533,NORMAL,1,0,Windows,unspecified
22:58:58.820,357.481,0.2534,0.2343,0.2438,0.3896,0.2533,NORMAL,0,0,Windows,unspecified
22:58:58.851,357.512,0.265,0.2417,0.2533,0.387,0.2533,NORMAL,0,0,Windows,unspecified
22:58:58.881,357.543,0.2404,0.2343,0.2374,0.3852,0.26,NORMAL,1,0,Windows,unspecified
22:58:58.914,357.575,0.2668,0.2631,0.2649,0.3942,0.2533,NORMAL,0,0,Windows,unspecified
22:58:58.944,357.605,0.2556,0.2533,0.2545,0.3959,0.2533,NORMAL,0,0,Windows,unspecified
22:58:58.975,357.636,0.2734,0.271,0.2722,0.3918,0.2533,NORMAL,0,0,Windows,unspecified
22:58:59.004,357.665,0.2705,0.271,0.2708,0.3999,0.2533,NORMAL,0,0,Windows,unspecified
22:58:59.040,357.701,0.2569,0.2724,0.2646,0.3961,0.2533,NORMAL,0,0,Windows,unspecified
22:58:59.066,357.727,0.2569,0.2724,0.2646,0.3897,0.2533,NORMAL,0,0,Windows,unspecified
22:58:59.103,357.764,0.2921,0.2764,0.2843,0.4013,0.2533,NORMAL,0,0,Windows,unspecified
22:58:59.128,357.789,0.3103,0.2764,0.2934,0.3997,0.2533,NORMAL,0,0,Windows,unspecified
22:58:59.180,357.841,0.3405,0.3364,0.3384,0.3982,0.2533,NORMAL,0,0,Windows,unspecified
22:58:59.220,357.881,0.3405,0.3296,0.335,0.3992,0.2533,NORMAL,0,0,Windows,unspecified
22:58:59.252,357.913,0.3283,0.3478,0.3381,0.404,0.2533,NORMAL,0,0,Windows,unspecified
22:58:59.284,357.945,0.3457,0.3667,0.3562,0.4015,0.2533,NORMAL,0,0,Windows,unspecified
22:58:59.314,357.975,0.3969,0.3885,0.3927,0.3977,0.2533,NORMAL,0,0,Windows,unspecified
22:58:59.346,358.007,0.3969,0.3885,0.3927,0.3948,0.2533,NORMAL,0,0,Windows,unspecified
22:58:59.376,358.037,0.3989,0.3722,0.3855,0.4042,0.2467,NORMAL,0,0,Windows,unspecified
22:58:59.407,358.068,0.4052,0.3857,0.3955,0.3982,0.24,NORMAL,0,0,Windows,unspecified
22:58:59.439,358.1,0.3843,0.3829,0.3836,0.3982,0.2333,NORMAL,0,0,Windows,unspecified
22:58:59.471,358.132,0.3843,0.3829,0.3836,0.3982,0.2267,NORMAL,0,0,Windows,unspecified
22:58:59.500,358.161,0.3989,0.3857,0.3923,0.402,0.22,NORMAL,0,0,Windows,unspecified
22:58:59.533,358.194,0.3989,0.3857,0.3923,0.402,0.2133,NORMAL,0,0,Windows,unspecified
22:58:59.579,358.241,0.4052,0.3857,0.3955,0.402,0.2067,NORMAL,0,0,Windows,unspecified
22:58:59.612,358.273,0.4052,0.381,0.3931,0.402,0.2,NORMAL,0,0,Windows,unspecified
22:58:59.648,358.309,0.4052,0.3995,0.4024,0.3932,0.1933,NORMAL,0,0,Windows,unspecified
22:58:59.673,358.334,0.3989,0.4044,0.4017,0.3926,0.1867,NORMAL,0,0,Windows,unspecified
22:58:59.711,358.372,0.3989,0.4018,0.4004,0.3937,0.18,NORMAL,0,0,Windows,unspecified
22:58:59.736,358.398,0.3989,0.4044,0.4017,0.402,0.1733,NORMAL,0,0,Windows,unspecified
22:58:59.772,358.433,0.3845,0.3857,0.3851,0.3956,0.1667,NORMAL,0,0,Windows,unspecified
22:58:59.798,358.459,0.4173,0.381,0.3991,0.4039,0.1667,NORMAL,0,0,Windows,unspecified
22:58:59.834,358.495,0.3843,0.381,0.3827,0.3956,0.1667,NORMAL,0,0,Windows,unspecified
22:58:59.862,358.523,0.3843,0.381,0.3827,0.3956,0.1667,NORMAL,0,0,Windows,unspecified
22:58:59.901,358.562,0.3989,0.3782,0.3886,0.3898,0.1667,NORMAL,0,0,Windows,unspecified
22:58:59.926,358.587,0.3843,0.3857,0.385,0.393,0.16,NORMAL,0,0,Windows,unspecified
22:58:59.986,358.647,0.3989,0.3857,0.3923,0.3898,0.16,NORMAL,0,0,Windows,unspecified
22:59:00.019,358.68,0.3989,0.3857,0.3923,0.3898,0.16,NORMAL,0,0,Windows,unspecified
22:59:00.049,358.71,0.3989,0.381,0.39,0.3922,0.16,NORMAL,0,0,Windows,unspecified
22:59:00.081,358.742,0.3989,0.3626,0.3808,0.398,0.16,NORMAL,0,0,Windows,unspecified
22:59:00.112,358.773,0.3989,0.3639,0.3814,0.3965,0.16,NORMAL,0,0,Windows,unspecified
22:59:00.144,358.805,0.3989,0.3512,0.375,0.4007,0.16,NORMAL,0,0,Windows,unspecified
22:59:00.176,358.837,0.3799,0.3481,0.364,0.394,0.16,NORMAL,0,0,Windows,unspecified
22:59:00.205,358.866,0.3989,0.3481,0.3735,0.3904,0.16,NORMAL,0,0,Windows,unspecified
22:59:00.236,358.898,0.3989,0.3481,0.3735,0.398,0.16,NORMAL,0,0,Windows,unspecified
22:59:00.268,358.929,0.3756,0.345,0.3603,0.3947,0.16,NORMAL,0,0,Windows,unspecified
22:59:00.303,358.964,0.3618,0.345,0.3534,0.388,0.16,NORMAL,0,0,Windows,unspecified
22:59:00.332,358.993,0.3761,0.345,0.3605,0.3928,0.16,NORMAL,0,0,Windows,unspecified
22:59:00.380,359.041,0.3807,0.3329,0.3568,0.3865,0.16,NORMAL,0,0,Windows,unspecified
22:59:00.409,359.07,0.3756,0.3329,0.3542,0.3808,0.16,NORMAL,0,0,Windows,unspecified
22:59:00.444,359.105,0.3756,0.3329,0.3542,0.3906,0.16,NORMAL,0,0,Windows,unspecified
22:59:00.471,359.132,0.357,0.3481,0.3525,0.3919,0.16,NORMAL,0,0,Windows,unspecified
22:59:00.506,359.167,0.2125,0.1875,0.2,0.4197,0.1667,NORMAL,1,0,Windows,unspecified
22:59:00.533,359.194,0.1385,0.1541,0.1463,0.4233,0.1733,NORMAL,2,0,Windows,unspecified
22:59:00.575,359.236,0.0622,0.0766,0.0694,0.513,0.18,NORMAL,3,0,Windows,unspecified
22:59:00.612,359.273,0.0515,0.0542,0.0529,0.5241,0.1867,NORMAL,4,0,Windows,unspecified
22:59:00.640,359.302,0.0814,0.0723,0.0769,0.5318,0.1933,NORMAL,5,0,Windows,unspecified
22:59:00.675,359.336,0.0983,0.0766,0.0874,0.5207,0.2,NORMAL,6,0,Windows,unspecified
22:59:00.707,359.368,0.1742,0.1288,0.1515,0.524,0.2067,NORMAL,7,0,Windows,unspecified
22:59:00.737,359.398,0.2125,0.1627,0.1876,0.5168,0.2133,NORMAL,8,0,Windows,unspecified
22:59:00.784,359.445,0.2403,0.2077,0.224,0.5328,0.22,NORMAL,9,0,Windows,unspecified
22:59:00.817,359.478,0.2639,0.2249,0.2444,0.5444,0.22,NORMAL,0,0,Windows,unspecified
22:59:00.847,359.509,0.2702,0.2455,0.2578,0.5498,0.22,NORMAL,0,0,Windows,unspecified
22:59:00.876,359.537,0.2834,0.2542,0.2688,0.5416,0.22,NORMAL,0,0,Windows,unspecified
22:59:00.907,359.568,0.2599,0.2542,0.2571,0.5134,0.22,NORMAL,0,0,Windows,unspecified
22:59:00.938,359.599,0.2639,0.2447,0.2543,0.5047,0.22,NORMAL,0,0,Windows,unspecified
22:59:00.973,359.634,0.2586,0.2425,0.2506,0.482,0.22,NORMAL,0,0,Windows,unspecified
22:59:01.002,359.663,0.2403,0.2442,0.2422,0.4752,0.22,NORMAL,0,0,Windows,unspecified
22:59:01.038,359.699,0.2404,0.2447,0.2426,0.505,0.22,NORMAL,0,0,Windows,unspecified
22:59:01.066,359.727,0.2875,0.2549,0.2712,0.5081,0.22,NORMAL,0,0,Windows,unspecified
22:59:01.100,359.761,0.2687,0.2447,0.2567,0.5058,0.22,NORMAL,0,0,Windows,unspecified
22:59:01.129,359.79,0.2498,0.2466,0.2482,0.5029,0.22,NORMAL,0,0,Windows,unspecified
22:59:01.182,359.843,0.2574,0.2447,0.2511,0.5088,0.22,NORMAL,0,0,Windows,unspecified
22:59:01.206,359.867,0.2526,0.2447,0.2487,0.4935,0.22,NORMAL,0,0,Windows,unspecified
22:59:01.247,359.908,0.2586,0.2671,0.2629,0.4956,0.22,NORMAL,0,0,Windows,unspecified
22:59:01.281,359.942,0.2586,0.2668,0.2627,0.4857,0.22,NORMAL,0,0,Windows,unspecified
22:59:01.314,359.975,0.2586,0.2917,0.2752,0.451,0.22,NORMAL,0,0,Windows,unspecified
22:59:01.342,360.004,0.2782,0.2651,0.2716,0.4258,0.22,NORMAL,0,0,Windows,unspecified
22:59:01.371,360.032,0.2767,0.2566,0.2667,0.403,0.22,NORMAL,0,0,Windows,unspecified
22:59:01.404,360.065,0.29,0.2651,0.2776,0.4026,0.22,NORMAL,0,0,Windows,unspecified
22:59:01.437,360.098,0.2586,0.2651,0.2619,0.4073,0.22,NORMAL,0,0,Windows,unspecified
22:59:01.470,360.131,0.2753,0.2668,0.2711,0.4136,0.22,NORMAL,0,0,Windows,unspecified
22:59:01.499,360.16,0.2574,0.287,0.2722,0.4463,0.22,NORMAL,0,0,Windows,unspecified
22:59:01.533,360.194,0.2768,0.2844,0.2806,0.4578,0.22,NORMAL,0,0,Windows,unspecified
22:59:01.584,360.245,0.2916,0.2651,0.2784,0.4579,0.22,NORMAL,0,0,Windows,unspecified
22:59:01.610,360.271,0.2526,0.2651,0.2589,0.4472,0.22,NORMAL,0,0,Windows,unspecified
22:59:01.647,360.308,0.2916,0.2442,0.2679,0.4276,0.22,NORMAL,0,0,Windows,unspecified
22:59:01.674,360.335,0.272,0.2157,0.2439,0.41,0.22,NORMAL,0,0,Windows,unspecified
22:59:01.710,360.371,0.1194,0.0567,0.088,0.4105,0.2267,NORMAL,1,0,Windows,unspecified
22:59:01.736,360.397,0.1376,0.0728,0.1052,0.4251,0.2333,NORMAL,2,0,Windows,unspecified
22:59:01.773,360.434,0.0949,0.0565,0.0757,0.3981,0.24,NORMAL,3,0,Windows,unspecified
22:59:01.799,360.46,0.1112,0.0507,0.0809,0.3746,0.2467,NORMAL,4,0,Windows,unspecified
22:59:01.838,360.499,0.1075,0.0703,0.0889,0.4301,0.2533,NORMAL,5,0,Windows,unspecified
22:59:01.876,360.537,0.1288,0.0703,0.0996,0.4253,0.26,NORMAL,6,0,Windows,unspecified
22:59:01.906,360.567,0.1238,0.0844,0.1041,0.4856,0.2667,NORMAL,7,0,Windows,unspecified
22:59:01.936,360.597,0.1468,0.068,0.1074,0.4963,0.2733,NORMAL,8,0,Windows,unspecified
22:59:01.980,360.641,0.1244,0.0953,0.1099,0.4902,0.28,NORMAL,9,0,Windows,unspecified
22:59:02.015,360.676,0.1458,0.094,0.1199,0.5058,0.2867,WARNING,10,0,Windows,unspecified
22:59:02.046,360.707,0.2019,0.1133,0.1576,0.5007,0.2933,WARNING,11,0,Windows,unspecified
22:59:02.080,360.741,0.1904,0.1511,0.1707,0.5007,0.3,WARNING,12,0,Windows,unspecified
22:59:02.109,360.771,0.2079,0.1649,0.1864,0.4948,0.3067,WARNING,13,0,Windows,unspecified
22:59:02.142,360.803,0.2019,0.1465,0.1742,0.4898,0.3133,WARNING,14,0,Windows,unspecified
22:59:02.173,360.834,0.1912,0.2048,0.198,0.4659,0.32,WARNING,15,0,Windows,unspecified
22:59:02.204,360.865,0.2036,0.1909,0.1973,0.4642,0.3267,WARNING,16,0,Windows,unspecified
22:59:02.239,360.9,0.2291,0.2229,0.226,0.4475,0.3333,WARNING,17,0,Windows,unspecified
22:59:02.265,360.927,0.2328,0.2282,0.2305,0.4496,0.34,WARNING,18,0,Windows,unspecified
22:59:02.298,360.959,0.2245,0.2312,0.2279,0.4669,0.3467,WARNING,19,0,Windows,unspecified
22:59:02.329,360.99,0.2459,0.2297,0.2378,0.473,0.3533,DROWSY,20,0,Windows,unspecified
22:59:02.389,361.05,0.2512,0.25,0.2506,0.4845,0.3533,DROWSY,0,0,Windows,unspecified
22:59:02.423,361.084,0.2468,0.2497,0.2482,0.4683,0.3533,DROWSY,0,0,Windows,unspecified
22:59:02.453,361.114,0.2609,0.2513,0.2561,0.4457,0.3533,DROWSY,0,0,Windows,unspecified
22:59:02.485,361.146,0.2609,0.2688,0.2648,0.4431,0.3533,DROWSY,0,0,Windows,unspecified
22:59:02.516,361.177,0.2416,0.2591,0.2504,0.4221,0.3533,DROWSY,0,0,Windows,unspecified
22:59:02.546,361.208,0.2599,0.2688,0.2644,0.4428,0.3533,DROWSY,0,0,Windows,unspecified
22:59:02.575,361.236,0.2751,0.2688,0.2719,0.4315,0.3533,DROWSY,0,0,Windows,unspecified
22:59:02.609,361.27,0.2737,0.2675,0.2706,0.4417,0.3533,DROWSY,0,0,Windows,unspecified
22:59:02.638,361.299,0.2663,0.2675,0.2669,0.4578,0.3533,DROWSY,0,0,Windows,unspecified
22:59:02.672,361.333,0.2846,0.2675,0.276,0.4686,0.3533,DROWSY,0,0,Windows,unspecified
22:59:02.701,361.362,0.2782,0.2657,0.2719,0.4662,0.3467,NORMAL,0,0,Windows,unspecified
22:59:02.736,361.397,0.2416,0.2531,0.2474,0.47,0.34,NORMAL,0,0,Windows,unspecified
22:59:02.780,361.441,0.2599,0.2544,0.2571,0.458,0.3333,NORMAL,0,0,Windows,unspecified
22:59:02.814,361.475,0.2459,0.2531,0.2495,0.4439,0.3267,NORMAL,0,0,Windows,unspecified
22:59:02.844,361.505,0.2782,0.2549,0.2665,0.4492,0.32,NORMAL,0,0,Windows,unspecified
22:59:02.876,361.537,0.2752,0.2549,0.265,0.4583,0.3133,NORMAL,0,0,Windows,unspecified
22:59:02.910,361.571,0.2937,0.2549,0.2743,0.408,0.3067,NORMAL,0,0,Windows,unspecified
22:59:02.940,361.601,0.2833,0.2367,0.26,0.4046,0.3,NORMAL,0,0,Windows,unspecified
22:59:02.976,361.637,0.2833,0.2565,0.2699,0.3996,0.2933,NORMAL,0,0,Windows,unspecified
22:59:03.001,361.662,0.2656,0.2562,0.2609,0.3956,0.2867,NORMAL,0,0,Windows,unspecified
22:59:03.034,361.695,0.2473,0.2394,0.2434,0.4027,0.28,NORMAL,0,0,Windows,unspecified
22:59:03.063,361.724,0.265,0.2393,0.2522,0.3936,0.2733,NORMAL,0,0,Windows,unspecified
22:59:03.103,361.764,0.2612,0.2298,0.2455,0.4993,0.2667,NORMAL,0,0,Windows,unspecified
22:59:03.127,361.788,0.238,0.2308,0.2344,0.5207,0.2667,NORMAL,1,0,Windows,unspecified
22:59:03.180,361.841,0.2617,0.2298,0.2458,0.516,0.26,NORMAL,0,0,Windows,unspecified
22:59:03.207,361.868,0.2434,0.205,0.2242,0.5114,0.26,NORMAL,1,0,Windows,unspecified
22:59:03.246,361.907,0.2434,0.2058,0.2246,0.5102,0.26,NORMAL,2,0,Windows,unspecified
22:59:03.265,361.926,0.2833,0.2058,0.2446,0.5102,0.2533,NORMAL,0,0,Windows,unspecified
22:59:03.310,361.972,0.2801,0.2131,0.2466,0.4872,0.2467,NORMAL,0,0,Windows,unspecified
22:59:03.343,362.005,0.2835,0.2298,0.2566,0.4947,0.24,NORMAL,0,0,Windows,unspecified
22:59:03.378,362.04,0.2251,0.2216,0.2234,0.48,0.2467,NORMAL,1,0,Windows,unspecified
22:59:03.405,362.066,0.2718,0.1953,0.2335,0.4685,0.2533,NORMAL,2,0,Windows,unspecified
22:59:03.439,362.1,0.2419,0.2086,0.2253,0.4689,0.26,NORMAL,3,0,Windows,unspecified
22:59:03.469,362.13,0.2436,0.2263,0.2349,0.4605,0.2667,NORMAL,4,0,Windows,unspecified
22:59:03.499,362.16,0.2526,0.2639,0.2582,0.4382,0.26,NORMAL,0,0,Windows,unspecified
22:59:03.531,362.192,0.251,0.2425,0.2467,0.4303,0.2533,NORMAL,0,0,Windows,unspecified
22:59:03.580,362.241,0.2512,0.2631,0.2572,0.4373,0.2533,NORMAL,0,0,Windows,unspecified
22:59:03.613,362.274,0.278,0.2765,0.2773,0.4404,0.2533,NORMAL,0,0,Windows,unspecified
22:59:03.641,362.303,0.295,0.2872,0.2911,0.4239,0.2533,NORMAL,0,0,Windows,unspecified
22:59:03.673,362.334,0.3286,0.2896,0.3091,0.4287,0.2533,NORMAL,0,0,Windows,unspecified
22:59:03.707,362.368,0.3286,0.2863,0.3075,0.4206,0.2533,NORMAL,0,0,Windows,unspecified
22:59:03.737,362.398,0.3169,0.2872,0.302,0.4201,0.2533,NORMAL,0,0,Windows,unspecified
22:59:03.773,362.434,0.228,0.2093,0.2186,0.4208,0.2533,NORMAL,1,0,Windows,unspecified
22:59:03.798,362.459,0.212,0.1906,0.2013,0.4219,0.26,NORMAL,2,0,Windows,unspecified
22:59:03.840,362.501,0.0161,0.0172,0.0167,0.4675,0.2667,NORMAL,3,0,Windows,unspecified
22:59:03.861,362.522,0.0161,0.0345,0.0253,0.4677,0.2667,NORMAL,4,0,Windows,unspecified
22:59:03.902,362.563,0.0322,0.0345,0.0334,0.4333,0.2733,NORMAL,5,0,Windows,unspecified
22:59:03.936,362.597,0.0161,0.0172,0.0167,0.4339,0.28,NORMAL,6,0,Windows,unspecified
22:59:03.982,362.643,0.0161,0.0401,0.0281,0.3864,0.2867,NORMAL,7,0,Windows,unspecified
22:59:04.014,362.675,0.0228,0.0402,0.0315,0.3914,0.2933,NORMAL,8,0,Windows,unspecified
22:59:04.048,362.709,0.0832,0.0686,0.0759,0.3942,0.3,NORMAL,9,0,Windows,unspecified
22:59:04.078,362.739,0.086,0.0767,0.0813,0.3851,0.3067,WARNING,10,0,Windows,unspecified
22:59:04.112,362.773,0.2026,0.1811,0.1919,0.38,0.3133,WARNING,11,0,Windows,unspecified
22:59:04.141,362.803,0.2557,0.216,0.2359,0.3818,0.32,WARNING,12,0,Windows,unspecified
22:59:04.176,362.837,0.3149,0.2766,0.2957,0.3877,0.32,NORMAL,0,0,Windows,unspecified
22:59:04.204,362.865,0.3292,0.3235,0.3264,0.3839,0.32,NORMAL,0,0,Windows,unspecified
22:59:04.238,362.899,0.3628,0.3598,0.3613,0.3956,0.32,NORMAL,0,0,Windows,unspecified
22:59:04.268,362.929,0.3612,0.3618,0.3615,0.3879,0.32,NORMAL,0,0,Windows,unspecified
22:59:04.301,362.962,0.3664,0.3812,0.3738,0.3996,0.32,NORMAL,0,0,Windows,unspecified
22:59:04.328,362.989,0.3959,0.3664,0.3811,0.3922,0.32,NORMAL,0,0,Windows,unspecified
22:59:04.382,363.043,0.3664,0.3829,0.3746,0.3769,0.32,NORMAL,0,0,Windows,unspecified
22:59:04.408,363.069,0.3829,0.4014,0.3922,0.3856,0.32,NORMAL,0,0,Windows,unspecified
22:59:04.448,363.109,0.413,0.3851,0.3991,0.3699,0.32,NORMAL,0,0,Windows,unspecified
22:59:04.472,363.133,0.3972,0.418,0.4076,0.3832,0.32,NORMAL,0,0,Windows,unspecified
22:59:04.510,363.171,0.3972,0.4026,0.3999,0.3822,0.32,NORMAL,0,0,Windows,unspecified
22:59:04.533,363.194,0.3979,0.3876,0.3927,0.3835,0.32,NORMAL,0,0,Windows,unspecified
22:59:04.575,363.237,0.4136,0.4037,0.4087,0.3937,0.32,NORMAL,0,0,Windows,unspecified
22:59:04.612,363.273,0.4005,0.3716,0.3861,0.3899,0.32,NORMAL,0,0,Windows,unspecified
22:59:04.641,363.302,0.413,0.3742,0.3936,0.3916,0.32,NORMAL,0,0,Windows,unspecified
22:59:04.672,363.333,0.4137,0.4057,0.4097,0.3826,0.32,NORMAL,0,0,Windows,unspecified
22:59:04.704,363.365,0.4136,0.3876,0.4006,0.3897,0.32,NORMAL,0,0,Windows,unspecified
22:59:04.733,363.394,0.4439,0.3954,0.4196,0.3866,0.32,NORMAL,0,0,Windows,unspecified
22:59:04.783,363.444,0.411,0.3922,0.4016,0.3954,0.32,NORMAL,0,0,Windows,unspecified
22:59:04.812,363.473,0.4439,0.3954,0.4196,0.3915,0.32,NORMAL,0,0,Windows,unspecified
22:59:04.848,363.509,0.3981,0.3781,0.3881,0.3926,0.32,NORMAL,0,0,Windows,unspecified
22:59:04.875,363.536,0.3987,0.38,0.3893,0.3889,0.32,NORMAL,0,0,Windows,unspecified
22:59:04.912,363.573,0.3981,0.3796,0.3889,0.3848,0.32,NORMAL,0,0,Windows,unspecified
22:59:04.938,363.599,0.3981,0.3646,0.3813,0.3819,0.32,NORMAL,0,0,Windows,unspecified
22:59:04.974,363.635,0.3952,0.3605,0.3779,0.3864,0.32,NORMAL,0,0,Windows,unspecified
22:59:05.001,363.663,0.3922,0.3605,0.3764,0.388,0.32,NORMAL,0,0,Windows,unspecified
22:59:05.040,363.701,0.3484,0.364,0.3562,0.3868,0.32,NORMAL,0,0,Windows,unspecified
22:59:05.065,363.726,0.3484,0.364,0.3562,0.3911,0.32,NORMAL,0,0,Windows,unspecified
22:59:05.102,363.763,0.3484,0.364,0.3562,0.3942,0.32,NORMAL,0,0,Windows,unspecified
22:59:05.124,363.785,0.3642,0.3446,0.3544,0.3893,0.32,NORMAL,0,0,Windows,unspecified
22:59:05.180,363.841,0.3617,0.3329,0.3473,0.3776,0.32,NORMAL,0,0,Windows,unspecified
22:59:05.203,363.864,0.3624,0.3329,0.3477,0.3894,0.32,NORMAL,0,0,Windows,unspecified
22:59:05.243,363.904,0.3344,0.329,0.3317,0.3954,0.32,NORMAL,0,0,Windows,unspecified
22:59:05.266,363.927,0.3344,0.329,0.3317,0.386,0.32,NORMAL,0,0,Windows,unspecified
22:59:05.307,363.968,0.3432,0.329,0.3361,0.3851,0.32,NORMAL,0,0,Windows,unspecified
22:59:05.343,364.004,0.3288,0.329,0.3289,0.3851,0.32,NORMAL,0,0,Windows,unspecified
22:59:05.376,364.037,0.3288,0.329,0.3289,0.3943,0.32,NORMAL,0,0,Windows,unspecified
22:59:05.405,364.066,0.3452,0.329,0.3371,0.3943,0.32,NORMAL,0,0,Windows,unspecified
22:59:05.439,364.101,0.3288,0.3132,0.321,0.39,0.32,NORMAL,0,0,Windows,unspecified
22:59:05.466,364.127,0.3297,0.3321,0.3309,0.3868,0.32,NORMAL,0,0,Windows,unspecified
22:59:05.501,364.162,0.3398,0.3132,0.3265,0.3926,0.3133,NORMAL,0,0,Windows,unspecified
22:59:05.532,364.193,0.3398,0.3132,0.3265,0.3926,0.3067,NORMAL,0,0,Windows,unspecified
22:59:05.580,364.241,0.3568,0.3071,0.332,0.3908,0.3,NORMAL,0,0,Windows,unspecified
22:59:05.610,364.271,0.3576,0.313,0.3353,0.3888,0.2933,NORMAL,0,0,Windows,unspecified
22:59:05.644,364.305,0.3105,0.3017,0.3061,0.3836,0.2867,NORMAL,0,0,Windows,unspecified
22:59:05.672,364.333,0.3237,0.2974,0.3105,0.3777,0.28,NORMAL,0,0,Windows,unspecified
22:59:05.712,364.373,0.3297,0.2974,0.3136,0.3849,0.2733,NORMAL,0,0,Windows,unspecified
22:59:05.736,364.397,0.3469,0.2973,0.3221,0.3901,0.2667,NORMAL,0,0,Windows,unspecified
22:59:05.772,364.433,0.3124,0.2974,0.3049,0.3849,0.26,NORMAL,0,0,Windows,unspecified
22:59:05.796,364.457,0.3469,0.3017,0.3243,0.3825,0.26,NORMAL,0,0,Windows,unspecified
22:59:05.838,364.499,0.3478,0.306,0.3269,0.3861,0.26,NORMAL,0,0,Windows,unspecified
22:59:05.874,364.535,0.3139,0.306,0.31,0.3828,0.26,NORMAL,0,0,Windows,unspecified
22:59:05.904,364.565,0.3139,0.2921,0.303,0.3849,0.26,NORMAL,0,0,Windows,unspecified
22:59:05.936,364.597,0.3124,0.329,0.3207,0.3902,0.26,NORMAL,0,0,Windows,unspecified
22:59:05.982,364.643,0.3288,0.3017,0.3153,0.3908,0.26,NORMAL,0,0,Windows,unspecified
22:59:06.014,364.675,0.3124,0.3329,0.3226,0.3751,0.26,NORMAL,0,0,Windows,unspecified
22:59:06.048,364.709,0.3452,0.2965,0.3209,0.3794,0.26,NORMAL,0,0,Windows,unspecified
22:59:06.080,364.741,0.3269,0.2921,0.3095,0.3802,0.26,NORMAL,0,0,Windows,unspecified
22:59:06.112,364.773,0.3452,0.3074,0.3263,0.3873,0.26,NORMAL,0,0,Windows,unspecified
22:59:06.142,364.803,0.3452,0.3016,0.3234,0.3758,0.26,NORMAL,0,0,Windows,unspecified
22:59:06.174,364.835,0.3452,0.3016,0.3234,0.3805,0.26,NORMAL,0,0,Windows,unspecified
22:59:06.205,364.866,0.3452,0.3016,0.3234,0.3819,0.26,NORMAL,0,0,Windows,unspecified
22:59:06.239,364.9,0.3288,0.3261,0.3274,0.3862,0.26,NORMAL,0,0,Windows,unspecified
22:59:06.270,364.931,0.3452,0.3263,0.3357,0.3864,0.26,NORMAL,0,0,Windows,unspecified
22:59:06.299,364.96,0.2795,0.2774,0.2784,0.3863,0.26,NORMAL,0,0,Windows,unspecified
22:59:06.331,364.992,0.2466,0.2622,0.2544,0.3787,0.26,NORMAL,0,0,Windows,unspecified
22:59:06.379,365.04,0.1507,0.1736,0.1622,0.3696,0.2667,NORMAL,1,0,Windows,unspecified
22:59:06.406,365.067,0.1507,0.1589,0.1548,0.3805,0.2733,NORMAL,2,0,Windows,unspecified
22:59:06.443,365.104,0.0989,0.102,0.1005,0.3742,0.28,NORMAL,3,0,Windows,unspecified
22:59:06.467,365.128,0.0829,0.0818,0.0823,0.3834,0.2867,NORMAL,4,0,Windows,unspecified
22:59:06.510,365.171,0.068,0.0662,0.0671,0.3702,0.2933,NORMAL,5,0,Windows,unspecified
22:59:06.532,365.193,0.0933,0.0662,0.0797,0.379,0.3,NORMAL,6,0,Windows,unspecified
22:59:06.572,365.233,0.1124,0.1054,0.1089,0.3774,0.3067,NORMAL,7,0,Windows,unspecified
22:59:06.596,365.257,0.1327,0.1758,0.1542,0.3744,0.3133,NORMAL,8,0,Windows,unspecified
22:59:06.639,365.3,0.1732,0.1997,0.1864,0.3835,0.32,NORMAL,9,0,Windows,unspecified
22:59:06.673,365.334,0.2072,0.2259,0.2165,0.3746,0.3267,WARNING,10,0,Windows,unspecified
22:59:06.703,365.364,0.2072,0.2139,0.2106,0.3834,0.3267,WARNING,11,0,Windows,unspecified
22:59:06.735,365.396,0.2078,0.2344,0.2211,0.3834,0.3267,WARNING,12,0,Windows,unspecified
22:59:06.780,365.441,0.2244,0.2391,0.2317,0.3787,0.3267,WARNING,13,0,Windows,unspecified
22:59:06.814,365.475,0.2321,0.2509,0.2415,0.3862,0.32,NORMAL,0,0,Windows,unspecified
22:59:06.848,365.509,0.2413,0.2588,0.25,0.3935,0.3133,NORMAL,0,0,Windows,unspecified
22:59:06.877,365.538,0.2573,0.2677,0.2625,0.3859,0.3067,NORMAL,0,0,Windows,unspecified
22:59:06.912,365.573,0.2562,0.2586,0.2574,0.3834,0.3,NORMAL,0,0,Windows,unspecified
22:59:06.939,365.6,0.2562,0.2717,0.2639,0.3803,0.2933,NORMAL,0,0,Windows,unspecified
22:59:06.972,365.633,0.2232,0.2226,0.2229,0.3861,0.2933,NORMAL,1,0,Windows,unspecified
22:59:07.001,365.662,0.1901,0.2068,0.1984,0.3936,0.2933,NORMAL,2,0,Windows,unspecified
22:59:07.039,365.7,0.0454,0.0442,0.0448,0.3875,0.2933,NORMAL,3,0,Windows,unspecified
22:59:07.063,365.724,0.0151,0.0366,0.0259,0.3966,0.2933,NORMAL,4,0,Windows,unspecified
22:59:07.103,365.764,0.0454,0.0416,0.0435,0.394,0.2933,NORMAL,5,0,Windows,unspecified
22:59:07.124,365.785,0.0366,0.0354,0.036,0.394,0.2933,NORMAL,6,0,Windows,unspecified
22:59:07.179,365.84,0.0428,0.0622,0.0525,0.3816,0.2933,NORMAL,7,0,Windows,unspecified
22:59:07.203,365.864,0.0659,0.0622,0.064,0.3843,0.2933,NORMAL,8,0,Windows,unspecified
22:59:07.244,365.905,0.0963,0.0934,0.0948,0.383,0.2933,NORMAL,9,0,Windows,unspecified
22:59:07.282,365.943,0.0989,0.0962,0.0976,0.3783,0.2933,WARNING,10,0,Windows,unspecified
22:59:07.309,365.97,0.1749,0.1674,0.1712,0.3744,0.2933,WARNING,11,0,Windows,unspecified
22:59:07.343,366.004,0.2072,0.2053,0.2063,0.3818,0.2933,WARNING,12,0,Windows,unspecified
22:59:07.371,366.032,0.2755,0.2557,0.2656,0.377,0.2933,NORMAL,0,0,Windows,unspecified
22:59:07.405,366.066,0.2754,0.2717,0.2735,0.3787,0.2933,NORMAL,0,0,Windows,unspecified
22:59:07.440,366.101,0.3263,0.3234,0.3249,0.3817,0.2933,NORMAL,0,0,Windows,unspecified
22:59:07.466,366.127,0.3156,0.3229,0.3193,0.3742,0.2933,NORMAL,0,0,Windows,unspecified
22:59:07.503,366.164,0.3407,0.3397,0.3402,0.3861,0.2933,NORMAL,0,0,Windows,unspecified
22:59:07.530,366.191,0.3485,0.313,0.3308,0.3817,0.2933,NORMAL,0,0,Windows,unspecified
22:59:07.584,366.245,0.3477,0.3283,0.338,0.382,0.2933,NORMAL,0,0,Windows,unspecified
22:59:07.608,366.269,0.3304,0.3177,0.3241,0.389,0.2933,NORMAL,0,0,Windows,unspecified
22:59:07.647,366.308,0.3469,0.3441,0.3455,0.3999,0.2933,NORMAL,0,0,Windows,unspecified
22:59:07.670,366.331,0.3649,0.3343,0.3496,0.382,0.2933,NORMAL,0,0,Windows,unspecified
22:59:07.707,366.368,0.3483,0.3533,0.3508,0.3879,0.2933,NORMAL,0,0,Windows,unspecified
22:59:07.730,366.391,0.3317,0.324,0.3279,0.3955,0.2933,NORMAL,0,0,Windows,unspecified
22:59:07.774,366.435,0.3498,0.3288,0.3393,0.3932,0.2933,NORMAL,0,0,Windows,unspecified
22:59:07.810,366.472,0.3664,0.3367,0.3515,0.3932,0.2933,NORMAL,0,0,Windows,unspecified
22:59:07.841,366.502,0.3333,0.3182,0.3258,0.3931,0.2933,NORMAL,0,0,Windows,unspecified
22:59:07.871,366.532,0.316,0.2847,0.3003,0.3931,0.2933,NORMAL,0,0,Windows,unspecified
22:59:07.899,366.56,0.2819,0.2686,0.2753,0.3955,0.2933,NORMAL,0,0,Windows,unspecified
22:59:07.934,366.596,0.2653,0.2686,0.267,0.3945,0.2933,NORMAL,0,0,Windows,unspecified
22:59:07.980,366.641,0.1288,0.133,0.1309,0.4031,0.3,NORMAL,1,0,Windows,unspecified
22:59:08.014,366.675,0.0781,0.087,0.0826,0.3981,0.3067,NORMAL,2,0,Windows,unspecified
22:59:08.044,366.705,0.0662,0.0721,0.0691,0.3982,0.3133,NORMAL,3,0,Windows,unspecified
22:59:08.074,366.735,0.0505,0.0506,0.0506,0.3896,0.32,NORMAL,4,0,Windows,unspecified
22:59:08.110,366.771,0.0806,0.0806,0.0806,0.3891,0.3267,NORMAL,5,0,Windows,unspecified
22:59:08.137,366.798,0.0967,0.0968,0.0967,0.3891,0.3267,NORMAL,6,0,Windows,unspecified
22:59:08.176,366.837,0.1333,0.1354,0.1343,0.3834,0.3333,NORMAL,7,0,Windows,unspecified
22:59:08.201,366.862,0.1679,0.1517,0.1598,0.3823,0.3333,NORMAL,8,0,Windows,unspecified
22:59:08.238,366.899,0.1992,0.1741,0.1866,0.3884,0.3333,NORMAL,9,0,Windows,unspecified
22:59:08.262,366.923,0.2078,0.1928,0.2003,0.391,0.34,WARNING,10,0,Windows,unspecified
22:59:08.302,366.963,0.1953,0.182,0.1887,0.3818,0.3467,WARNING,11,0,Windows,unspecified
22:59:08.338,366.999,0.1749,0.2071,0.191,0.3765,0.3533,DROWSY,12,0,Windows,unspecified
22:59:08.384,367.045,0.2058,0.182,0.1939,0.3774,0.3533,DROWSY,13,0,Windows,unspecified
22:59:08.418,367.079,0.1901,0.1979,0.194,0.3731,0.3533,DROWSY,14,0,Windows,unspecified
22:59:08.448,367.109,0.1347,0.1422,0.1384,0.3849,0.3533,DROWSY,15,0,Windows,unspecified
22:59:08.480,367.141,0.1393,0.1256,0.1325,0.3806,0.3533,DROWSY,16,0,Windows,unspecified
22:59:08.510,367.171,0.1732,0.1802,0.1767,0.3872,0.36,DROWSY,17,0,Windows,unspecified
22:59:08.543,367.204,0.1903,0.1758,0.1831,0.3887,0.3667,DROWSY,18,0,Windows,unspecified
22:59:08.575,367.236,0.2232,0.2139,0.2186,0.4003,0.3733,DROWSY,19,0,Windows,unspecified
22:59:08.604,367.265,0.2574,0.218,0.2377,0.4167,0.38,DROWSY,20,0,Windows,unspecified
22:59:08.637,367.298,0.2064,0.218,0.2122,0.4166,0.3867,DROWSY,21,0,Windows,unspecified
22:59:08.668,367.329,0.2247,0.2181,0.2214,0.4226,0.3933,DROWSY,22,0,Windows,unspecified
22:59:08.699,367.36,0.1393,0.1481,0.1437,0.4788,0.4,DROWSY,23,0,Windows,unspecified
22:59:08.730,367.392,0.1565,0.1473,0.1519,0.4764,0.4067,DROWSY,24,0,Windows,unspecified
22:59:08.783,367.444,0.1378,0.1255,0.1317,0.5051,0.4067,DROWSY,25,0,Windows,unspecified
22:59:08.806,367.467,0.1548,0.089,0.1219,0.4869,0.4067,DROWSY,26,0,Windows,unspecified
22:59:08.849,367.51,0.1663,0.14,0.1531,0.4328,0.4067,DROWSY,27,0,Windows,unspecified
22:59:08.885,367.546,0.1663,0.1227,0.1445,0.4381,0.4067,DROWSY,28,0,Windows,unspecified
22:59:08.915,367.577,0.174,0.1421,0.1581,0.4153,0.4067,DROWSY,29,0,Windows,unspecified
22:59:08.945,367.606,0.2082,0.145,0.1766,0.4209,0.4067,DROWSY,30,0,Windows,unspecified
22:59:08.977,367.638,0.2068,0.1451,0.1759,0.4965,0.4067,DROWSY,31,0,Windows,unspecified
22:59:09.008,367.669,0.1963,0.1526,0.1745,0.4965,0.4067,DROWSY,32,0,Windows,unspecified
22:59:09.038,367.699,0.1912,0.1731,0.1822,0.4978,0.4067,DROWSY,33,0,Windows,unspecified
22:59:09.069,367.73,0.2252,0.1922,0.2087,0.4903,0.4067,DROWSY,34,0,Windows,unspecified
22:59:09.101,367.762,0.1802,0.1538,0.167,0.4322,0.4067,DROWSY,35,0,Windows,unspecified
22:59:09.131,367.792,0.174,0.1538,0.1639,0.4109,0.4067,DROWSY,36,0,Windows,unspecified
22:59:09.181,367.842,0.1428,0.1458,0.1443,0.3856,0.4133,DROWSY,37,0,Windows,unspecified
22:59:09.212,367.873,0.1802,0.1667,0.1734,0.3752,0.42,DROWSY,38,0,Windows,unspecified
22:59:09.243,367.904,0.1723,0.1981,0.1852,0.3968,0.4267,DROWSY,39,0,Windows,unspecified
22:59:09.274,367.935,0.1447,0.1665,0.1556,0.405,0.4333,DROWSY,40,0,Windows,unspecified
22:59:09.311,367.973,0.1802,0.1737,0.177,0.4648,0.44,DROWSY,41,0,Windows,unspecified
22:59:09.339,368.0,0.1802,0.1764,0.1783,0.4626,0.4467,DROWSY,42,0,Windows,unspecified
22:59:09.371,368.033,0.1625,0.1816,0.1721,0.3801,0.4533,DROWSY,43,0,Windows,unspecified
22:59:09.401,368.062,0.1799,0.1816,0.1808,0.3756,0.46,DROWSY,44,0,Windows,unspecified
22:59:09.438,368.099,0.1841,0.2381,0.2111,0.3623,0.4667,DROWSY,45,0,Windows,unspecified
22:59:09.463,368.124,0.1662,0.2043,0.1853,0.3811,0.4733,DROWSY,46,0,Windows,unspecified
22:59:09.503,368.164,0.2109,0.2071,0.209,0.4366,0.48,DROWSY,47,0,Windows,unspecified
22:59:09.523,368.184,0.1865,0.1955,0.191,0.4644,0.4867,DROWSY,48,0,Windows,unspecified
22:59:09.581,368.242,0.1998,0.1764,0.1881,0.4736,0.4933,DROWSY,49,0,Windows,unspecified
22:59:09.619,368.28,0.1998,0.1981,0.199,0.475,0.5,DROWSY,50,0,Windows,unspecified
22:59:09.651,368.312,0.222,0.2217,0.2218,0.4376,0.5067,DROWSY,51,0,Windows,unspecified
22:59:09.690,368.351,0.2415,0.2724,0.257,0.4455,0.5067,DROWSY,0,0,Windows,unspecified
22:59:09.715,368.376,0.2131,0.1458,0.1795,0.4325,0.5133,DROWSY,1,0,Windows,unspecified
22:59:09.747,368.408,0.1923,0.1232,0.1578,0.4414,0.52,DROWSY,2,0,Windows,unspecified
22:59:09.778,368.439,0.0739,0.0505,0.0622,0.4187,0.5267,DROWSY,3,0,Windows,unspecified
22:59:09.810,368.471,0.0782,0.0544,0.0663,0.4262,0.5333,DROWSY,4,0,Windows,unspecified
22:59:09.840,368.502,0.065,0.0674,0.0662,0.418,0.54,DROWSY,5,0,Windows,unspecified
22:59:09.871,368.532,0.0356,0.0355,0.0356,0.3949,0.5467,DROWSY,6,0,Windows,unspecified
22:59:09.904,368.565,0.0854,0.0649,0.0752,0.3789,0.5533,DROWSY,7,0,Windows,unspecified
22:59:09.935,368.596,0.1076,0.0805,0.0941,0.3939,0.56,DROWSY,8,0,Windows,unspecified
22:59:09.980,368.641,0.1642,0.0755,0.1199,0.3832,0.5667,DROWSY,9,0,Windows,unspecified
22:59:10.014,368.675,0.1164,0.08,0.0982,0.3682,0.5733,DROWSY,10,0,Windows,unspecified
22:59:10.044,368.705,0.2127,0.1709,0.1918,0.3835,0.58,DROWSY,11,0,Windows,unspecified
22:59:10.077,368.738,0.2127,0.1872,0.1999,0.3624,0.5867,DROWSY,12,0,Windows,unspecified
22:59:10.111,368.772,0.2372,0.2053,0.2212,0.3812,0.5933,DROWSY,13,0,Windows,unspecified
22:59:10.140,368.801,0.2181,0.1976,0.2079,0.3533,0.6,DROWSY,14,0,Windows,unspecified
22:59:10.174,368.835,0.2378,0.1949,0.2164,0.3629,0.6067,DROWSY,15,0,Windows,unspecified
22:59:10.201,368.862,0.2303,0.1644,0.1974,0.3661,0.6133,DROWSY,16,0,Windows,unspecified
22:59:10.238,368.899,0.1824,0.178,0.1802,0.3588,0.62,DROWSY,17,0,Windows,unspecified
22:59:10.264,368.925,0.2473,0.2313,0.2393,0.3683,0.62,DROWSY,0,0,Windows,unspecified
22:59:10.300,368.961,0.2895,0.2862,0.2878,0.3718,0.62,DROWSY,0,0,Windows,unspecified
22:59:10.326,368.987,0.2895,0.2932,0.2913,0.3719,0.62,DROWSY,0,0,Windows,unspecified
22:59:10.380,369.041,0.3301,0.3217,0.3259,0.3746,0.62,DROWSY,0,0,Windows,unspecified
22:59:10.404,369.065,0.3466,0.3408,0.3437,0.367,0.62,DROWSY,0,0,Windows,unspecified
22:59:10.446,369.107,0.3422,0.374,0.3581,0.3711,0.62,DROWSY,0,0,Windows,unspecified
22:59:10.482,369.143,0.3311,0.3471,0.3391,0.3624,0.62,DROWSY,0,0,Windows,unspecified
22:59:10.513,369.175,0.3468,0.3786,0.3627,0.3724,0.62,DROWSY,0,0,Windows,unspecified
22:59:10.543,369.204,0.382,0.3598,0.3709,0.3748,0.62,DROWSY,0,0,Windows,unspecified
22:59:10.576,369.237,0.3565,0.3598,0.3581,0.3928,0.62,DROWSY,0,0,Windows,unspecified
22:59:10.606,369.267,0.3735,0.347,0.3602,0.3826,0.62,DROWSY,0,0,Windows,unspecified
22:59:10.639,369.3,0.3565,0.3802,0.3683,0.38,0.62,DROWSY,0,0,Windows,unspecified
22:59:10.670,369.331,0.3721,0.3615,0.3668,0.3871,0.62,DROWSY,0,0,Windows,unspecified
22:59:10.702,369.363,0.3934,0.3599,0.3767,0.4,0.62,DROWSY,0,0,Windows,unspecified
22:59:10.732,369.393,0.4051,0.3997,0.4024,0.4038,0.62,DROWSY,0,0,Windows,unspecified
22:59:10.785,369.446,0.3994,0.3598,0.3796,0.3882,0.62,DROWSY,0,0,Windows,unspecified
22:59:10.809,369.47,0.3994,0.3224,0.3609,0.3939,0.62,DROWSY,0,0,Windows,unspecified
22:59:10.847,369.508,0.3994,0.3599,0.3796,0.3943,0.62,DROWSY,0,0,Windows,unspecified
22:59:10.872,369.533,0.3585,0.3783,0.3684,0.3996,0.62,DROWSY,0,0,Windows,unspecified
22:59:10.907,369.568,0.3874,0.3724,0.3799,0.4028,0.62,DROWSY,0,0,Windows,unspecified
22:59:10.933,369.594,0.3874,0.3802,0.3838,0.4028,0.62,DROWSY,0,0,Windows,unspecified
22:59:10.975,369.636,0.3735,0.3285,0.351,0.3957,0.62,DROWSY,0,0,Windows,unspecified
22:59:11.011,369.672,0.3577,0.3598,0.3587,0.4,0.62,DROWSY,0,0,Windows,unspecified
22:59:11.042,369.703,0.3592,0.3399,0.3496,0.3994,0.62,DROWSY,0,0,Windows,unspecified
22:59:11.074,369.735,0.3874,0.3489,0.3682,0.4,0.62,DROWSY,0,0,Windows,unspecified
22:59:11.106,369.767,0.3552,0.3341,0.3446,0.4083,0.62,DROWSY,0,0,Windows,unspecified
22:59:11.136,369.797,0.3492,0.3459,0.3476,0.399,0.62,DROWSY,0,0,Windows,unspecified
22:59:11.182,369.843,0.3092,0.3459,0.3276,0.4047,0.62,DROWSY,0,0,Windows,unspecified
22:59:11.212,369.873,0.339,0.3344,0.3367,0.3929,0.62,DROWSY,0,0,Windows,unspecified
22:59:11.245,369.907,0.3498,0.324,0.3369,0.394,0.62,DROWSY,0,0,Windows,unspecified
22:59:11.276,369.938,0.3651,0.3162,0.3407,0.3875,0.62,DROWSY,0,0,Windows,unspecified
22:59:11.305,369.967,0.3596,0.3385,0.3491,0.3914,0.62,DROWSY,0,0,Windows,unspecified
22:59:11.337,369.998,0.3374,0.3281,0.3327,0.3859,0.62,DROWSY,0,0,Windows,unspecified
22:59:11.374,370.035,0.3153,0.3106,0.3129,0.3898,0.6133,DROWSY,0,0,Windows,unspecified
22:59:11.401,370.062,0.3153,0.3084,0.3118,0.3929,0.6067,DROWSY,0,0,Windows,unspecified
22:59:11.439,370.1,0.1219,0.1411,0.1315,0.3898,0.6067,DROWSY,1,0,Windows,unspecified
22:59:11.476,370.137,0.0545,0.0958,0.0752,0.4041,0.6067,DROWSY,2,0,Windows,unspecified
22:59:11.508,370.17,0.0379,0.0819,0.0599,0.3916,0.6067,DROWSY,3,0,Windows,unspecified
22:59:11.539,370.2,0.0518,0.0745,0.0632,0.4003,0.6067,DROWSY,4,0,Windows,unspecified
22:59:11.581,370.243,0.101,0.1009,0.101,0.4064,0.6067,DROWSY,5,0,Windows,unspecified
22:59:11.619,370.28,0.1284,0.0995,0.1139,0.4057,0.6067,DROWSY,6,0,Windows,unspecified
22:59:11.650,370.311,0.1879,0.1411,0.1645,0.3904,0.6067,DROWSY,7,0,Windows,unspecified
22:59:11.681,370.342,0.2033,0.1849,0.1941,0.4078,0.6067,DROWSY,8,0,Windows,unspecified
22:59:11.712,370.373,0.2386,0.1811,0.2098,0.3962,0.6067,DROWSY,9,0,Windows,unspecified
22:59:11.744,370.405,0.2166,0.175,0.1958,0.3946,0.6067,DROWSY,10,0,Windows,unspecified
22:59:11.777,370.438,0.2603,0.2107,0.2355,0.3961,0.6067,DROWSY,11,0,Windows,unspecified
22:59:11.806,370.467,0.2603,0.2107,0.2355,0.408,0.6133,DROWSY,12,0,Windows,unspecified
22:59:11.839,370.5,0.2767,0.255,0.2659,0.4008,0.6133,DROWSY,0,0,Windows,unspecified
22:59:11.868,370.529,0.2787,0.255,0.2669,0.4031,0.6133,DROWSY,0,0,Windows,unspecified
22:59:11.903,370.564,0.3063,0.2921,0.2992,0.4008,0.6133,DROWSY,0,0,Windows,unspecified
22:59:11.928,370.59,0.3175,0.2951,0.3063,0.4085,0.6133,DROWSY,0,0,Windows,unspecified
22:59:11.983,370.644,0.3219,0.2944,0.3081,0.4075,0.6067,DROWSY,0,0,Windows,unspecified
22:59:12.010,370.671,0.3108,0.311,0.3109,0.404,0.6,DROWSY,0,0,Windows,unspecified
22:59:12.044,370.705,0.3375,0.3454,0.3415,0.3937,0.5933,DROWSY,0,0,Windows,unspecified
22:59:12.072,370.733,0.3492,0.3613,0.3552,0.3855,0.5867,DROWSY,0,0,Windows,unspecified
22:59:12.110,370.771,0.3648,0.3641,0.3645,0.3839,0.58,DROWSY,0,0,Windows,unspecified
22:59:12.136,370.798,0.3648,0.3381,0.3514,0.3963,0.5733,DROWSY,0,0,Windows,unspecified
22:59:12.174,370.835,0.3648,0.3559,0.3604,0.3961,0.5667,DROWSY,0,0,Windows,unspecified
22:59:12.195,370.856,0.3648,0.3454,0.3551,0.3981,0.56,DROWSY,0,0,Windows,unspecified
22:59:12.238,370.899,0.3648,0.3359,0.3504,0.4072,0.5533,DROWSY,0,0,Windows,unspecified
22:59:12.274,370.935,0.3648,0.3359,0.3504,0.4156,0.5467,DROWSY,0,0,Windows,unspecified
22:59:12.306,370.967,0.3849,0.3466,0.3657,0.415,0.54,DROWSY,0,0,Windows,unspecified
22:59:12.338,370.999,0.3596,0.3641,0.3618,0.4163,0.5333,DROWSY,0,0,Windows,unspecified
22:59:12.383,371.044,0.3596,0.3529,0.3562,0.4127,0.5333,DROWSY,0,0,Windows,unspecified
22:59:12.413,371.074,0.3681,0.3359,0.352,0.4073,0.5333,DROWSY,0,0,Windows,unspecified
22:59:12.449,371.11,0.3488,0.3075,0.3282,0.4062,0.5333,DROWSY,0,0,Windows,unspecified
22:59:12.480,371.141,0.343,0.3209,0.3319,0.3961,0.5333,DROWSY,0,0,Windows,unspecified
22:59:12.511,371.172,0.3483,0.3017,0.325,0.4066,0.5333,DROWSY,0,0,Windows,unspecified
22:59:12.543,371.204,0.3553,0.3193,0.3373,0.4008,0.5333,DROWSY,0,0,Windows,unspecified
22:59:12.574,371.235,0.3374,0.3388,0.3381,0.3943,0.5333,DROWSY,0,0,Windows,unspecified
22:59:12.606,371.267,0.3651,0.3201,0.3426,0.4007,0.5333,DROWSY,0,0,Windows,unspecified
22:59:12.639,371.3,0.3483,0.3098,0.3291,0.418,0.5333,DROWSY,0,0,Windows,unspecified
22:59:12.667,371.328,0.343,0.3184,0.3307,0.421,0.5333,DROWSY,0,0,Windows,unspecified
22:59:12.704,371.365,0.3085,0.3001,0.3043,0.4043,0.5333,DROWSY,0,0,Windows,unspecified
22:59:12.730,371.391,0.3322,0.3209,0.3266,0.4167,0.5333,DROWSY,0,0,Windows,unspecified
22:59:12.783,371.444,0.3323,0.2943,0.3133,0.4141,0.5333,DROWSY,0,0,Windows,unspecified
22:59:12.807,371.468,0.3703,0.3112,0.3407,0.4102,0.5333,DROWSY,0,0,Windows,unspecified
22:59:12.848,371.509,0.3703,0.3057,0.338,0.3952,0.5333,DROWSY,0,0,Windows,unspecified
22:59:12.870,371.531,0.3703,0.318,0.3442,0.3973,0.5333,DROWSY,0,0,Windows,unspecified
22:59:12.906,371.567,0.3841,0.3455,0.3648,0.3965,0.5333,DROWSY,0,0,Windows,unspecified
22:59:12.931,371.592,0.3729,0.3352,0.3541,0.3993,0.5333,DROWSY,0,0,Windows,unspecified
22:59:12.976,371.637,0.3565,0.2914,0.3239,0.3965,0.5267,DROWSY,0,0,Windows,unspecified
22:59:13.013,371.674,0.3436,0.3185,0.3311,0.4088,0.52,DROWSY,0,0,Windows,unspecified
22:59:13.043,371.704,0.3565,0.3138,0.3351,0.4087,0.5133,DROWSY,0,0,Windows,unspecified
22:59:13.073,371.734,0.3543,0.3191,0.3367,0.4067,0.5067,DROWSY,0,0,Windows,unspecified
22:59:13.104,371.765,0.3594,0.3366,0.348,0.4087,0.5,DROWSY,0,0,Windows,unspecified
22:59:13.138,371.799,0.3702,0.3366,0.3534,0.4087,0.4933,DROWSY,0,0,Windows,unspecified
22:59:13.183,371.844,0.2751,0.3063,0.2907,0.3934,0.4867,DROWSY,0,0,Windows,unspecified
22:59:13.217,371.878,0.3136,0.2665,0.29,0.3998,0.48,DROWSY,0,0,Windows,unspecified
22:59:13.247,371.908,0.2418,0.2488,0.2453,0.3963,0.4733,DROWSY,0,0,Windows,unspecified
22:59:13.278,371.939,0.1976,0.2348,0.2162,0.3932,0.4733,DROWSY,1,0,Windows,unspecified
22:59:13.306,371.967,0.2036,0.2259,0.2148,0.3939,0.4733,DROWSY,2,0,Windows,unspecified
22:59:13.342,372.003,0.2217,0.2348,0.2282,0.3995,0.4733,DROWSY,3,0,Windows,unspecified
22:59:13.372,372.033,0.2302,0.2048,0.2175,0.3992,0.4733,DROWSY,4,0,Windows,unspecified
22:59:13.402,372.063,0.2302,0.2048,0.2175,0.3868,0.4733,DROWSY,5,0,Windows,unspecified
22:59:13.440,372.101,0.2217,0.2048,0.2133,0.4081,0.4733,DROWSY,6,0,Windows,unspecified
22:59:13.466,372.127,0.2305,0.2116,0.2211,0.3991,0.4733,DROWSY,7,0,Windows,unspecified
22:59:13.503,372.164,0.2305,0.2048,0.2177,0.3914,0.4733,DROWSY,8,0,Windows,unspecified
22:59:13.528,372.189,0.2418,0.2116,0.2267,0.3909,0.4733,DROWSY,9,0,Windows,unspecified
22:59:13.579,372.24,0.2221,0.2048,0.2135,0.3976,0.4733,DROWSY,10,0,Windows,unspecified
22:59:13.607,372.268,0.2217,0.2162,0.2189,0.3874,0.4733,DROWSY,11,0,Windows,unspecified
22:59:13.644,372.306,0.2217,0.2048,0.2133,0.3938,0.4733,DROWSY,12,0,Windows,unspecified
22:59:13.671,372.332,0.233,0.2093,0.2212,0.3896,0.4733,DROWSY,13,0,Windows,unspecified
22:59:13.710,372.371,0.2074,0.19,0.1987,0.3912,0.4733,DROWSY,14,0,Windows,unspecified
22:59:13.732,372.393,0.2086,0.2073,0.208,0.4,0.4733,DROWSY,15,0,Windows,unspecified
22:59:13.775,372.436,0.2,0.1781,0.189,0.3881,0.4733,DROWSY,16,0,Windows,unspecified
22:59:13.798,372.459,0.1824,0.1831,0.1827,0.3798,0.4733,DROWSY,17,0,Windows,unspecified
22:59:13.840,372.501,0.1676,0.1417,0.1546,0.3999,0.4733,DROWSY,18,0,Windows,unspecified
22:59:13.874,372.536,0.1304,0.1638,0.1471,0.388,0.4733,DROWSY,19,0,Windows,unspecified
22:59:13.907,372.569,0.1317,0.0909,0.1113,0.3897,0.4733,DROWSY,20,0,Windows,unspecified
22:59:13.939,372.6,0.1223,0.0909,0.1066,0.3852,0.4733,DROWSY,21,0,Windows,unspecified
22:59:13.982,372.643,0.1019,0.1077,0.1048,0.3931,0.4733,DROWSY,22,0,Windows,unspecified
22:59:14.018,372.679,0.066,0.1077,0.0868,0.3856,0.4733,DROWSY,23,0,Windows,unspecified
22:59:14.050,372.711,0.0766,0.1077,0.0921,0.3881,0.4733,DROWSY,24,0,Windows,unspecified
22:59:14.082,372.743,0.0596,0.1279,0.0937,0.3994,0.4733,DROWSY,25,0,Windows,unspecified
22:59:14.113,372.774,0.0596,0.0927,0.0761,0.3853,0.4733,DROWSY,26,0,Windows,unspecified
22:59:14.142,372.803,0.066,0.0736,0.0698,0.3954,0.4733,DROWSY,27,0,Windows,unspecified
22:59:14.171,372.832,0.0786,0.1057,0.0921,0.3975,0.4733,DROWSY,28,0,Windows,unspecified
22:59:14.206,372.867,0.0943,0.0868,0.0905,0.3896,0.4733,DROWSY,29,0,Windows,unspecified
22:59:14.234,372.895,0.0637,0.0881,0.0759,0.3982,0.4733,DROWSY,30,0,Windows,unspecified
22:59:14.269,372.93,0.0637,0.1024,0.0831,0.3908,0.4733,DROWSY,31,0,Windows,unspecified
22:59:14.299,372.96,0.089,0.0686,0.0788,0.3917,0.4733,DROWSY,32,0,Windows,unspecified
22:59:14.330,372.991,0.0637,0.0726,0.0682,0.3968,0.4733,DROWSY,33,0,Windows,unspecified
22:59:14.384,373.045,0.066,0.0614,0.0637,0.4023,0.4733,DROWSY,34,0,Windows,unspecified
22:59:14.406,373.067,0.0637,0.0743,0.069,0.3915,0.4733,DROWSY,35,0,Windows,unspecified
22:59:14.446,373.107,0.103,0.0514,0.0772,0.3915,0.4733,DROWSY,36,0,Windows,unspecified
22:59:14.468,373.129,0.0814,0.0712,0.0763,0.3833,0.4733,DROWSY,37,0,Windows,unspecified
22:59:14.510,373.171,0.0814,0.047,0.0642,0.3859,0.4733,DROWSY,38,0,Windows,unspecified
22:59:14.531,373.192,0.0786,0.0896,0.0841,0.3939,0.4733,DROWSY,39,0,Windows,unspecified
22:59:14.571,373.232,0.0642,0.0406,0.0524,0.3856,0.4733,DROWSY,40,0,Windows,unspecified
22:59:14.593,373.254,0.05,0.0607,0.0553,0.3802,0.4733,DROWSY,41,0,Windows,unspecified
22:59:14.638,373.299,0.1075,0.1265,0.117,0.3909,0.4733,DROWSY,42,0,Windows,unspecified
22:59:14.661,373.322,0.1499,0.1655,0.1577,0.39,0.48,DROWSY,43,0,Windows,unspecified
22:59:14.707,373.368,0.2572,0.2616,0.2594,0.3934,0.4733,DROWSY,0,0,Windows,unspecified
22:59:14.736,373.397,0.3013,0.3021,0.3017,0.3859,0.4667,DROWSY,0,0,Windows,unspecified
22:59:14.782,373.443,0.3013,0.3231,0.3122,0.3992,0.46,DROWSY,0,0,Windows,unspecified
22:59:14.817,373.478,0.3353,0.3188,0.3271,0.3837,0.4533,DROWSY,0,0,Windows,unspecified
22:59:14.849,373.51,0.3353,0.3258,0.3306,0.3992,0.4467,DROWSY,0,0,Windows,unspecified
22:59:14.880,373.541,0.3353,0.3087,0.322,0.3976,0.44,DROWSY,0,0,Windows,unspecified
22:59:14.907,373.568,0.3361,0.3126,0.3243,0.3852,0.4333,DROWSY,0,0,Windows,unspecified
22:59:14.941,373.602,0.323,0.3126,0.3178,0.3879,0.4267,DROWSY,0,0,Windows,unspecified
22:59:14.973,373.635,0.323,0.2952,0.3091,0.3911,0.42,DROWSY,0,0,Windows,unspecified
22:59:15.003,373.665,0.3236,0.2952,0.3094,0.3949,0.4133,DROWSY,0,0,Windows,unspecified
22:59:15.037,373.698,0.323,0.2779,0.3004,0.396,0.4067,DROWSY,0,0,Windows,unspecified
22:59:15.069,373.73,0.2901,0.3126,0.3014,0.396,0.4,DROWSY,0,0,Windows,unspecified
22:59:15.107,373.768,0.2901,0.28,0.2851,0.396,0.3933,DROWSY,0,0,Windows,unspecified
22:59:15.144,373.805,0.3058,0.2691,0.2874,0.3852,0.3867,DROWSY,0,0,Windows,unspecified
22:59:15.179,373.84,0.3236,0.2872,0.3054,0.3934,0.38,DROWSY,0,0,Windows,unspecified
22:59:15.207,373.868,0.3162,0.3111,0.3137,0.3902,0.3733,DROWSY,0,0,Windows,unspecified
22:59:15.246,373.907,0.3162,0.2789,0.2976,0.3819,0.3667,DROWSY,0,0,Windows,unspecified
22:59:15.286,373.947,0.3236,0.2894,0.3065,0.3865,0.3667,DROWSY,0,0,Windows,unspecified
22:59:15.317,373.978,0.2886,0.3251,0.3068,0.3838,0.3667,DROWSY,0,0,Windows,unspecified
22:59:15.346,374.007,0.3067,0.2894,0.298,0.3855,0.3667,DROWSY,0,0,Windows,unspecified
22:59:15.380,374.041,0.2327,0.2788,0.2558,0.3716,0.3667,DROWSY,0,0,Windows,unspecified
22:59:15.409,374.07,0.2485,0.2705,0.2595,0.3678,0.3667,DROWSY,0,0,Windows,unspecified
22:59:15.442,374.103,0.2076,0.2509,0.2292,0.3682,0.3733,DROWSY,1,0,Windows,unspecified
22:59:15.472,374.133,0.2158,0.2341,0.225,0.3677,0.38,DROWSY,2,0,Windows,unspecified
22:59:15.503,374.164,0.1923,0.2521,0.2222,0.3762,0.3867,DROWSY,3,0,Windows,unspecified
22:59:15.535,374.196,0.2171,0.2353,0.2262,0.3504,0.3933,DROWSY,4,0,Windows,unspecified
22:59:15.580,374.241,0.2171,0.2353,0.2262,0.3714,0.4,DROWSY,5,0,Windows,unspecified
22:59:15.612,374.273,0.2002,0.2366,0.2184,0.3601,0.4067,DROWSY,6,0,Windows,unspecified
22:59:15.647,374.308,0.2002,0.218,0.2091,0.3659,0.4133,DROWSY,7,0,Windows,unspecified
22:59:15.676,374.337,0.1789,0.218,0.1985,0.3682,0.42,DROWSY,8,0,Windows,unspecified
22:59:15.710,374.371,0.1866,0.2036,0.1951,0.3629,0.4267,DROWSY,9,0,Windows,unspecified
22:59:15.734,374.395,0.1541,0.2341,0.1941,0.3682,0.4333,DROWSY,10,0,Windows,unspecified
22:59:15.772,374.433,0.1502,0.1969,0.1735,0.3715,0.44,DROWSY,11,0,Windows,unspecified
22:59:15.799,374.46,0.1718,0.1842,0.178,0.3682,0.4467,DROWSY,12,0,Windows,unspecified
22:59:15.840,374.501,0.1243,0.1699,0.1471,0.37,0.4533,DROWSY,13,0,Windows,unspecified
22:59:15.876,374.537,0.1107,0.1372,0.1239,0.3779,0.46,DROWSY,14,0,Windows,unspecified
22:59:15.908,374.569,0.1109,0.1372,0.124,0.3827,0.4667,DROWSY,15,0,Windows,unspecified
22:59:15.938,374.599,0.1164,0.148,0.1322,0.373,0.4733,DROWSY,16,0,Windows,unspecified
22:59:15.980,374.641,0.0842,0.1029,0.0935,0.3817,0.48,DROWSY,17,0,Windows,unspecified
22:59:16.017,374.679,0.0721,0.1018,0.087,0.373,0.4867,DROWSY,18,0,Windows,unspecified
22:59:16.049,374.711,0.0745,0.1029,0.0887,0.3633,0.4933,DROWSY,19,0,Windows,unspecified
22:59:16.082,374.743,0.0745,0.1029,0.0887,0.3618,0.5,DROWSY,20,0,Windows,unspecified
22:59:16.114,374.775,0.0778,0.1029,0.0903,0.3713,0.5067,DROWSY,21,0,Windows,unspecified
22:59:16.145,374.806,0.0816,0.0996,0.0906,0.3736,0.5133,DROWSY,22,0,Windows,unspecified
22:59:16.177,374.838,0.055,0.087,0.071,0.3595,0.52,DROWSY,23,0,Windows,unspecified
22:59:16.207,374.868,0.055,0.0877,0.0714,0.365,0.5267,DROWSY,24,0,Windows,unspecified
22:59:16.240,374.901,0.0683,0.1105,0.0894,0.362,0.5333,DROWSY,25,0,Windows,unspecified
22:59:16.270,374.931,0.055,0.076,0.0655,0.3613,0.54,DROWSY,26,0,Windows,unspecified
22:59:16.306,374.967,0.0551,0.0849,0.07,0.3776,0.5467,DROWSY,27,0,Windows,unspecified
22:59:16.332,374.993,0.055,0.0743,0.0647,0.3715,0.5533,DROWSY,28,0,Windows,unspecified
22:59:16.377,375.039,0.0683,0.0704,0.0694,0.3791,0.56,DROWSY,29,0,Windows,unspecified
22:59:16.409,375.07,0.055,0.0572,0.0561,0.3659,0.5667,DROWSY,30,0,Windows,unspecified
22:59:16.447,375.108,0.0721,0.0743,0.0732,0.3695,0.5667,DROWSY,31,0,Windows,unspecified
22:59:16.472,375.133,0.0551,0.0842,0.0696,0.3704,0.5667,DROWSY,32,0,Windows,unspecified
22:59:16.511,375.172,0.0551,0.0803,0.0677,0.3701,0.5667,DROWSY,33,0,Windows,unspecified
22:59:16.535,375.196,0.0551,0.0743,0.0647,0.3767,0.5667,DROWSY,34,0,Windows,unspecified
22:59:16.605,375.266,0.2333,0.2183,0.2258,0.3756,0.5667,DROWSY,35,0,Windows,unspecified
22:59:16.647,375.308,0.2416,0.291,0.2663,0.3842,0.56,DROWSY,0,0,Windows,unspecified
22:59:16.676,375.337,0.2446,0.291,0.2678,0.3838,0.5533,DROWSY,0,0,Windows,unspecified
22:59:16.714,375.376,0.2457,0.2773,0.2615,0.3878,0.5467,DROWSY,0,0,Windows,unspecified
22:59:16.736,375.397,0.2457,0.2773,0.2615,0.3777,0.54,DROWSY,0,0,Windows,unspecified
22:59:16.768,375.429,0.2457,0.264,0.2548,0.381,0.5333,DROWSY,0,0,Windows,unspecified
22:59:16.818,375.479,0.2231,0.2532,0.2382,0.3721,0.5333,DROWSY,1,0,Windows,unspecified
22:59:16.847,375.508,0.2394,0.2532,0.2463,0.3749,0.5267,DROWSY,0,0,Windows,unspecified
22:59:16.879,375.54,0.2387,0.2697,0.2542,0.3726,0.5267,DROWSY,0,0,Windows,unspecified
22:59:16.913,375.574,0.3419,0.3312,0.3366,0.364,0.5267,DROWSY,0,0,Windows,unspecified
22:59:16.943,375.604,0.3267,0.308,0.3173,0.3723,0.5267,DROWSY,0,0,Windows,unspecified
22:59:16.972,375.633,0.3305,0.3241,0.3273,0.3629,0.5267,DROWSY,0,0,Windows,unspecified
22:59:17.003,375.664,0.3257,0.347,0.3364,0.371,0.5267,DROWSY,0,0,Windows,unspecified
22:59:17.036,375.697,0.3194,0.334,0.3267,0.3654,0.5267,DROWSY,0,0,Windows,unspecified
22:59:17.068,375.73,0.2979,0.3299,0.3139,0.3707,0.5267,DROWSY,0,0,Windows,unspecified
22:59:17.118,375.779,0.3455,0.3661,0.3558,0.3863,0.5267,DROWSY,0,0,Windows,unspecified
22:59:17.144,375.805,0.3551,0.3814,0.3682,0.3731,0.5267,DROWSY,0,0,Windows,unspecified
22:59:17.174,375.835,0.3551,0.3824,0.3688,0.3751,0.5267,DROWSY,0,0,Windows,unspecified
22:59:17.211,375.872,0.3691,0.3525,0.3608,0.3717,0.5267,DROWSY,0,0,Windows,unspecified
22:59:17.239,375.9,0.3976,0.4013,0.3995,0.3791,0.5267,DROWSY,0,0,Windows,unspecified
22:59:17.269,375.93,0.3654,0.4065,0.386,0.3717,0.5267,DROWSY,0,0,Windows,unspecified
22:59:17.308,375.969,0.2918,0.346,0.3189,0.3695,0.5267,DROWSY,0,0,Windows,unspecified
22:59:17.334,375.995,0.2949,0.3313,0.3131,0.3694,0.5267,DROWSY,0,0,Windows,unspecified
22:59:17.363,376.024,0.2753,0.3123,0.2938,0.362,0.5267,DROWSY,0,0,Windows,unspecified
22:59:17.404,376.065,0.2119,0.2729,0.2424,0.3762,0.5267,DROWSY,0,0,Windows,unspecified
22:59:17.441,376.102,0.201,0.2554,0.2282,0.3799,0.5333,DROWSY,1,0,Windows,unspecified
22:59:17.472,376.133,0.2018,0.2562,0.229,0.3772,0.54,DROWSY,2,0,Windows,unspecified
22:59:17.514,376.175,0.1894,0.1973,0.1934,0.3945,0.5467,DROWSY,3,0,Windows,unspecified
22:59:17.550,376.211,0.1942,0.1973,0.1957,0.3926,0.5533,DROWSY,4,0,Windows,unspecified
22:59:17.581,376.242,0.1947,0.225,0.2099,0.4126,0.56,DROWSY,5,0,Windows,unspecified
22:59:17.611,376.272,0.1746,0.2586,0.2166,0.4166,0.5667,DROWSY,6,0,Windows,unspecified
22:59:17.643,376.304,0.1422,0.2416,0.1919,0.4229,0.5733,DROWSY,7,0,Windows,unspecified
22:59:17.674,376.335,0.1482,0.2389,0.1935,0.4179,0.58,DROWSY,8,0,Windows,unspecified
22:59:17.707,376.369,0.14,0.2166,0.1783,0.4395,0.5867,DROWSY,9,0,Windows,unspecified
22:59:17.730,376.391,0.1332,0.2166,0.1749,0.4247,0.5933,DROWSY,10,0,Windows,unspecified
22:59:17.754,376.415,0.1287,0.198,0.1634,0.4352,0.6,DROWSY,11,0,Windows,unspecified
22:59:17.805,376.466,0.1026,0.1416,0.1221,0.4309,0.6067,DROWSY,12,0,Windows,unspecified
22:59:17.831,376.492,0.1214,0.1372,0.1293,0.4321,0.6133,DROWSY,13,0,Windows,unspecified
22:59:17.864,376.525,0.0993,0.1246,0.112,0.4324,0.62,DROWSY,14,0,Windows,unspecified
22:59:17.915,376.576,0.0666,0.0904,0.0785,0.4257,0.6267,DROWSY,15,0,Windows,unspecified
22:59:17.942,376.603,0.0682,0.0798,0.074,0.4388,0.6333,DROWSY,16,0,Windows,unspecified
22:59:17.972,376.633,0.0642,0.0871,0.0757,0.4399,0.64,DROWSY,17,0,Windows,unspecified
22:59:18.011,376.672,0.0703,0.0652,0.0677,0.4546,0.6467,DROWSY,18,0,Windows,unspecified
22:59:18.038,376.699,0.0861,0.0828,0.0844,0.4405,0.6533,DROWSY,19,0,Windows,unspecified
22:59:18.066,376.727,0.0834,0.0828,0.0831,0.4435,0.66,DROWSY,20,0,Windows,unspecified
22:59:18.108,376.769,0.0796,0.0629,0.0713,0.4485,0.6667,DROWSY,21,0,Windows,unspecified
22:59:18.131,376.792,0.0796,0.0651,0.0724,0.4308,0.6733,DROWSY,22,0,Windows,unspecified
22:59:18.162,376.823,0.095,0.0817,0.0883,0.4301,0.68,DROWSY,23,0,Windows,unspecified
22:59:18.204,376.865,0.0,0.0786,0.0393,0.4006,0.6867,DROWSY,24,0,Windows,unspecified
22:59:18.241,376.902,0.0388,0.0576,0.0482,0.3993,0.6933,DROWSY,25,0,Windows,unspecified
22:59:18.270,376.931,0.0388,0.0992,0.069,0.4043,0.7,DROWSY,26,0,Windows,unspecified
22:59:18.317,376.978,0.0161,0.0731,0.0446,0.4025,0.7,DROWSY,27,0,Windows,unspecified
22:59:18.348,377.01,0.0401,0.0516,0.0459,0.4065,0.7,DROWSY,28,0,Windows,unspecified
22:59:18.381,377.042,0.0401,0.0587,0.0494,0.3919,0.7,DROWSY,29,0,Windows,unspecified
22:59:18.412,377.073,0.0469,0.055,0.0509,0.381,0.7,DROWSY,30,0,Windows,unspecified
22:59:18.442,377.103,0.0482,0.0401,0.0442,0.3919,0.7,DROWSY,31,0,Windows,unspecified
22:59:18.474,377.135,0.052,0.0401,0.046,0.3862,0.7,DROWSY,32,0,Windows,unspecified
22:59:18.507,377.168,0.0548,0.0842,0.0695,0.3825,0.7,DROWSY,33,0,Windows,unspecified
22:59:18.536,377.197,0.0718,0.0842,0.078,0.3667,0.7,DROWSY,34,0,Windows,unspecified
22:59:18.567,377.228,0.0718,0.0744,0.0731,0.3724,0.7,DROWSY,35,0,Windows,unspecified
22:59:18.605,377.266,0.0718,0.072,0.0719,0.3741,0.7,DROWSY,36,0,Windows,unspecified
22:59:18.630,377.291,0.0715,0.0744,0.073,0.3791,0.7,DROWSY,37,0,Windows,unspecified
22:59:18.661,377.322,0.0715,0.072,0.0718,0.367,0.7,DROWSY,38,0,Windows,unspecified
22:59:18.716,377.377,0.0548,0.072,0.0634,0.3821,0.7,DROWSY,39,0,Windows,unspecified
22:59:18.753,377.414,0.0693,0.0568,0.0631,0.3685,0.7,DROWSY,40,0,Windows,unspecified
22:59:18.784,377.445,0.0693,0.0503,0.0598,0.3685,0.7,DROWSY,41,0,Windows,unspecified
