timestamp,elapsed_sec,ear_left,ear_right,ear_avg,mar,perclos,status,ear_counter,mar_counter,platform,lighting_condition
23:18:49.313,2.486,0.3072,0.2812,0.2942,0.3877,0.0,NORMAL,0,0,Windows,malam
23:18:49.380,2.553,0.2979,0.2746,0.2863,0.3769,0.0,NORMAL,0,0,Windows,malam
23:18:49.411,2.584,0.3256,0.2968,0.3112,0.3888,0.0,NORMAL,0,0,Windows,malam
23:18:49.433,2.606,0.3256,0.3253,0.3255,0.3835,0.0,NORMAL,0,0,Windows,malam
23:18:49.469,2.642,0.3446,0.3195,0.3321,0.3925,0.0,NORMAL,0,0,Windows,malam
23:18:49.493,2.666,0.3411,0.3493,0.3452,0.3906,0.0,NORMAL,0,0,Windows,malam
23:18:49.532,2.704,0.3707,0.362,0.3663,0.3826,0.0,NORMAL,0,0,Windows,malam
23:18:49.561,2.734,0.3595,0.3641,0.3618,0.3813,0.0,NORMAL,0,0,Windows,malam
23:18:49.592,2.765,0.3675,0.3925,0.38,0.3813,0.0,NORMAL,0,0,Windows,malam
23:18:49.626,2.799,0.3707,0.3653,0.368,0.3781,0.0,NORMAL,0,0,Windows,malam
23:18:49.657,2.83,0.3372,0.3452,0.3412,0.3905,0.0,NORMAL,0,0,Windows,malam
23:18:49.688,2.861,0.3233,0.335,0.3291,0.404,0.0,NORMAL,0,0,Windows,malam
23:18:49.717,2.89,0.3233,0.333,0.3281,0.3992,0.0,NORMAL,0,0,Windows,malam
23:18:49.769,2.942,0.3441,0.3398,0.342,0.412,0.0,NORMAL,0,0,Windows,malam
23:18:49.797,2.97,0.3417,0.3398,0.3408,0.4178,0.0,NORMAL,0,0,Windows,malam
23:18:49.826,2.999,0.3545,0.3398,0.3472,0.4198,0.0,NORMAL,0,0,Windows,malam
23:18:49.865,3.037,0.3677,0.3715,0.3696,0.423,0.0,NORMAL,0,0,Windows,malam
23:18:49.888,3.061,0.3677,0.3577,0.3627,0.4201,0.0,NORMAL,0,0,Windows,malam
23:18:49.921,3.094,0.3555,0.3728,0.3642,0.4268,0.0,NORMAL,0,0,Windows,malam
23:18:49.965,3.137,0.4026,0.3962,0.3994,0.4181,0.0,NORMAL,0,0,Windows,malam
23:18:50.003,3.176,0.3738,0.3661,0.3699,0.4268,0.0,NORMAL,0,0,Windows,malam
23:18:50.030,3.202,0.341,0.3675,0.3543,0.4268,0.0,NORMAL,0,0,Windows,malam
23:18:50.067,3.24,0.3677,0.3372,0.3524,0.4303,0.0,NORMAL,0,0,Windows,malam
23:18:50.092,3.265,0.3524,0.3522,0.3523,0.4309,0.0,NORMAL,0,0,Windows,malam
23:18:50.125,3.298,0.3696,0.3522,0.3609,0.4397,0.0,NORMAL,0,0,Windows,malam
23:18:50.170,3.343,0.3851,0.3675,0.3763,0.4369,0.0,NORMAL,0,0,Windows,malam
23:18:50.193,3.366,0.3872,0.3675,0.3773,0.4267,0.0,NORMAL,0,0,Windows,malam
23:18:50.217,3.39,0.4035,0.3641,0.3838,0.4326,0.0,NORMAL,0,0,Windows,malam
23:18:50.263,3.436,0.3851,0.3758,0.3804,0.4219,0.0,NORMAL,0,0,Windows,malam
23:18:50.296,3.469,0.3835,0.3826,0.383,0.4293,0.0,NORMAL,0,0,Windows,malam
23:18:50.327,3.5,0.3672,0.3826,0.3749,0.4338,0.0,NORMAL,0,0,Windows,malam
23:18:50.361,3.534,0.3458,0.3229,0.3344,0.4447,0.0,NORMAL,0,0,Windows,malam
23:18:50.392,3.565,0.3472,0.3392,0.3432,0.4651,0.0,NORMAL,0,0,Windows,malam
23:18:50.423,3.596,0.3472,0.3259,0.3366,0.4651,0.0,NORMAL,0,0,Windows,malam
23:18:50.475,3.647,0.3555,0.3441,0.3498,0.435,0.0,NORMAL,0,0,Windows,malam
23:18:50.502,3.675,0.3555,0.3419,0.3487,0.4178,0.0,NORMAL,0,0,Windows,malam
23:18:50.528,3.7,0.3555,0.3419,0.3487,0.414,0.0,NORMAL,0,0,Windows,malam
23:18:50.569,3.742,0.3708,0.3441,0.3575,0.4224,0.0,NORMAL,0,0,Windows,malam
23:18:50.591,3.764,0.3666,0.3599,0.3633,0.4204,0.0,NORMAL,0,0,Windows,malam
23:18:50.622,3.795,0.3666,0.3487,0.3577,0.4242,0.0,NORMAL,0,0,Windows,malam
23:18:50.667,3.84,0.3498,0.3522,0.351,0.4249,0.0,NORMAL,0,0,Windows,malam
23:18:50.703,3.876,0.3523,0.3487,0.3505,0.4085,0.0,NORMAL,0,0,Windows,malam
23:18:50.733,3.905,0.3498,0.3233,0.3366,0.4117,0.0,NORMAL,0,0,Windows,malam
23:18:50.761,3.934,0.3521,0.3432,0.3476,0.3939,0.0,NORMAL,0,0,Windows,malam
23:18:50.797,3.97,0.3545,0.3432,0.3489,0.3873,0.0,NORMAL,0,0,Windows,malam
23:18:50.825,3.998,0.3545,0.3432,0.3489,0.3817,0.0,NORMAL,0,0,Windows,malam
23:18:50.873,4.046,0.3432,0.3441,0.3437,0.4165,0.0,NORMAL,0,0,Windows,malam
23:18:50.903,4.076,0.3719,0.3577,0.3648,0.4249,0.0,NORMAL,0,0,Windows,malam
23:18:50.937,4.11,0.3708,0.3728,0.3718,0.4095,0.0,NORMAL,0,0,Windows,malam
23:18:51.368,4.541,0.3301,0.3555,0.3428,0.3999,0.0,NORMAL,0,0,Windows,malam
23:18:51.397,4.57,0.3274,0.3363,0.3319,0.3979,0.0,NORMAL,0,0,Windows,malam
23:18:51.427,4.599,0.3263,0.3432,0.3348,0.3853,0.0,NORMAL,0,0,Windows,malam
23:18:51.464,4.637,0.3382,0.359,0.3486,0.3916,0.0,NORMAL,0,0,Windows,malam
23:18:51.491,4.664,0.3382,0.3441,0.3412,0.3939,0.0,NORMAL,0,0,Windows,malam
23:18:51.522,4.695,0.3382,0.3259,0.3321,0.3936,0.0,NORMAL,0,0,Windows,malam
23:18:51.566,4.739,0.3229,0.3432,0.3331,0.3989,0.0,NORMAL,0,0,Windows,malam
23:18:51.598,4.771,0.3229,0.3432,0.3331,0.4091,0.0,NORMAL,0,0,Windows,malam
23:18:51.629,4.802,0.313,0.3441,0.3286,0.4208,0.0,NORMAL,0,0,Windows,malam
23:18:51.661,4.834,0.313,0.3441,0.3286,0.4242,0.0,NORMAL,0,0,Windows,malam
23:18:51.692,4.865,0.3234,0.3555,0.3395,0.4225,0.0,NORMAL,0,0,Windows,malam
23:18:51.723,4.896,0.3292,0.3561,0.3427,0.4159,0.0,NORMAL,0,0,Windows,malam
23:18:51.769,4.941,0.2944,0.3229,0.3087,0.4119,0.0,NORMAL,0,0,Windows,malam
23:18:51.800,4.973,0.2944,0.3071,0.3008,0.4156,0.0,NORMAL,0,0,Windows,malam
23:18:51.832,5.005,0.3143,0.3071,0.3107,0.4156,0.0,NORMAL,0,0,Windows,malam
23:18:51.865,5.038,0.3143,0.3234,0.3189,0.4147,0.0,NORMAL,0,0,Windows,malam
23:18:51.893,5.066,0.3305,0.3229,0.3267,0.4147,0.0,NORMAL,0,0,Windows,malam
23:18:51.926,5.098,0.3143,0.3229,0.3186,0.4055,0.0,NORMAL,0,0,Windows,malam
23:18:51.960,5.133,0.3143,0.3229,0.3186,0.4061,0.0,NORMAL,0,0,Windows,malam
23:18:51.988,5.161,0.3004,0.3229,0.3117,0.4065,0.0,NORMAL,0,0,Windows,malam
23:18:52.487,5.66,0.3125,0.2973,0.3049,0.4013,0.0,NORMAL,0,0,Windows,malam
23:18:52.570,5.743,0.307,0.3028,0.3049,0.388,0.0,NORMAL,0,0,Windows,malam
23:18:52.598,5.771,0.2941,0.3108,0.3024,0.3769,0.0,NORMAL,0,0,Windows,malam
23:18:52.632,5.805,0.2941,0.307,0.3005,0.3751,0.0,NORMAL,0,0,Windows,malam
23:18:52.666,5.839,0.3066,0.3265,0.3165,0.3934,0.0,NORMAL,0,0,Windows,malam
23:18:52.694,5.866,0.2724,0.3106,0.2915,0.395,0.0,NORMAL,0,0,Windows,malam
23:18:52.722,5.895,0.2763,0.3106,0.2935,0.3995,0.0,NORMAL,0,0,Windows,malam
23:18:52.776,5.949,0.3117,0.296,0.3039,0.399,0.0,NORMAL,0,0,Windows,malam
23:18:52.800,5.973,0.3091,0.2992,0.3042,0.3833,0.0,NORMAL,0,0,Windows,malam
23:18:52.821,5.994,0.322,0.3003,0.3112,0.3859,0.0,NORMAL,0,0,Windows,malam
23:18:52.849,6.022,0.322,0.3156,0.3188,0.3826,0.0,NORMAL,0,0,Windows,malam
23:18:52.873,6.046,0.3545,0.3313,0.3429,0.3778,0.0,NORMAL,0,0,Windows,malam
23:18:52.897,6.069,0.3611,0.3211,0.3411,0.3729,0.0,NORMAL,0,0,Windows,malam
23:18:52.969,6.142,0.3748,0.3479,0.3613,0.3912,0.0,NORMAL,0,0,Windows,malam
23:18:53.002,6.175,0.3632,0.3632,0.3632,0.3781,0.0,NORMAL,0,0,Windows,malam
23:18:53.034,6.207,0.3906,0.3479,0.3692,0.3883,0.0,NORMAL,0,0,Windows,malam
23:18:53.064,6.237,0.3274,0.3274,0.3274,0.3872,0.0,NORMAL,0,0,Windows,malam
23:18:53.098,6.271,0.3274,0.3274,0.3274,0.3941,0.0,NORMAL,0,0,Windows,malam
23:18:53.129,6.302,0.3091,0.3313,0.3202,0.3986,0.0,NORMAL,0,0,Windows,malam
23:18:53.176,6.349,0.2941,0.3125,0.3033,0.4055,0.0,NORMAL,0,0,Windows,malam
23:18:53.207,6.379,0.2941,0.2941,0.2941,0.4104,0.0,NORMAL,0,0,Windows,malam
23:18:53.238,6.411,0.2874,0.2968,0.2921,0.4131,0.0,NORMAL,0,0,Windows,malam
23:18:53.268,6.441,0.2874,0.2905,0.2889,0.4094,0.0,NORMAL,0,0,Windows,malam
23:18:53.301,6.474,0.2811,0.2648,0.2729,0.3921,0.0,NORMAL,0,0,Windows,malam
23:18:53.330,6.503,0.2625,0.2968,0.2796,0.4058,0.0,NORMAL,0,0,Windows,malam
23:18:53.368,6.541,0.2782,0.2941,0.2862,0.4136,0.0,NORMAL,0,0,Windows,malam
23:18:53.392,6.565,0.2743,0.3066,0.2905,0.3971,0.0,NORMAL,0,0,Windows,malam
23:18:53.424,6.597,0.2735,0.2968,0.2851,0.3938,0.0,NORMAL,0,0,Windows,malam
23:18:53.464,6.637,0.3125,0.3274,0.32,0.3938,0.0,NORMAL,0,0,Windows,malam
23:18:53.489,6.662,0.3274,0.3382,0.3328,0.4106,0.0,NORMAL,0,0,Windows,malam
23:18:53.521,6.694,0.3417,0.3545,0.3481,0.3972,0.0,NORMAL,0,0,Windows,malam
23:18:53.576,6.749,0.3283,0.359,0.3436,0.3921,0.0,NORMAL,0,0,Windows,malam
23:18:53.612,6.785,0.3181,0.3263,0.3222,0.4006,0.0,NORMAL,0,0,Windows,malam
23:18:53.643,6.816,0.3173,0.3313,0.3243,0.4047,0.0,NORMAL,0,0,Windows,malam
23:18:53.671,6.844,0.3173,0.3471,0.3322,0.4047,0.0,NORMAL,0,0,Windows,malam
23:18:53.705,6.878,0.3441,0.3446,0.3443,0.4206,0.0,NORMAL,0,0,Windows,malam
23:18:53.737,6.91,0.3417,0.3239,0.3328,0.4117,0.0,NORMAL,0,0,Windows,malam
23:18:53.768,6.94,0.3498,0.3672,0.3585,0.4279,0.0,NORMAL,0,0,Windows,malam
23:18:53.798,6.971,0.3686,0.3625,0.3656,0.4227,0.0,NORMAL,0,0,Windows,malam
23:18:53.830,7.003,0.3851,0.3892,0.3872,0.4334,0.0,NORMAL,0,0,Windows,malam
23:18:53.866,7.039,0.351,0.3479,0.3494,0.411,0.0,NORMAL,0,0,Windows,malam
23:18:53.893,7.065,0.3432,0.3513,0.3473,0.4229,0.0,NORMAL,0,0,Windows,malam
23:18:53.924,7.097,0.3408,0.3479,0.3443,0.4102,0.0,NORMAL,0,0,Windows,malam
23:18:53.956,7.129,0.3387,0.3466,0.3426,0.4121,0.0,NORMAL,0,0,Windows,malam
23:18:53.986,7.159,0.3458,0.3641,0.3549,0.4069,0.0,NORMAL,0,0,Windows,malam
23:18:54.018,7.19,0.3568,0.3916,0.3742,0.4069,0.0,NORMAL,0,0,Windows,malam
23:18:54.048,7.22,0.3568,0.3916,0.3742,0.4205,0.0,NORMAL,0,0,Windows,malam
23:18:54.080,7.253,0.4032,0.4065,0.4048,0.42,0.0,NORMAL,0,0,Windows,malam
23:18:54.126,7.299,0.3886,0.3748,0.3817,0.4188,0.0,NORMAL,0,0,Windows,malam
23:18:54.170,7.343,0.3888,0.3939,0.3914,0.4054,0.0,NORMAL,0,0,Windows,malam
23:18:54.205,7.378,0.3773,0.3773,0.3773,0.3957,0.0,NORMAL,0,0,Windows,malam
23:18:54.237,7.41,0.3735,0.3755,0.3745,0.4019,0.0,NORMAL,0,0,Windows,malam
23:18:54.263,7.435,0.3808,0.3998,0.3903,0.3775,0.0,NORMAL,0,0,Windows,malam
23:18:54.297,7.47,0.3785,0.3702,0.3744,0.3906,0.0,NORMAL,0,0,Windows,malam
23:18:54.328,7.501,0.3671,0.3702,0.3687,0.388,0.0,NORMAL,0,0,Windows,malam
23:18:54.377,7.55,0.3653,0.3702,0.3677,0.3802,0.0,NORMAL,0,0,Windows,malam
23:18:54.409,7.582,0.366,0.3851,0.3756,0.3956,0.0,NORMAL,0,0,Windows,malam
23:18:54.438,7.611,0.3909,0.386,0.3884,0.3906,0.0,NORMAL,0,0,Windows,malam
23:18:54.469,7.642,0.3909,0.4024,0.3966,0.3909,0.0,NORMAL,0,0,Windows,malam
23:18:54.501,7.674,0.1638,0.1686,0.1662,0.4197,0.0078,NORMAL,1,0,Windows,malam
23:18:54.532,7.704,0.1402,0.1343,0.1373,0.4263,0.0154,NORMAL,2,0,Windows,malam
23:18:54.568,7.741,0.1039,0.0958,0.0998,0.4195,0.0229,NORMAL,3,0,Windows,malam
23:18:54.593,7.766,0.107,0.0657,0.0863,0.4072,0.0303,NORMAL,4,0,Windows,malam
23:18:54.623,7.796,0.1067,0.0657,0.0862,0.4038,0.0376,NORMAL,5,0,Windows,malam
23:18:54.664,7.837,0.1067,0.0818,0.0943,0.4077,0.0448,NORMAL,6,0,Windows,malam
23:18:54.688,7.86,0.0928,0.0958,0.0943,0.3965,0.0519,NORMAL,7,0,Windows,malam
23:18:54.719,7.892,0.0957,0.0958,0.0957,0.4037,0.0588,NORMAL,8,0,Windows,malam
23:18:54.749,7.922,0.0957,0.1025,0.0991,0.4037,0.0657,NORMAL,9,0,Windows,malam
23:18:54.782,7.955,0.1539,0.1632,0.1585,0.412,0.0725,WARNING,10,0,Windows,malam
23:18:54.812,7.985,0.1893,0.1589,0.1741,0.4185,0.0791,WARNING,11,0,Windows,malam
23:18:54.843,8.016,0.1909,0.1917,0.1913,0.4183,0.0857,WARNING,12,0,Windows,malam
23:18:54.876,8.049,0.1494,0.1746,0.162,0.4385,0.0922,WARNING,13,0,Windows,malam
23:18:54.905,8.078,0.1444,0.1542,0.1493,0.4306,0.0986,WARNING,14,0,Windows,malam
23:18:54.968,8.141,0.1635,0.2089,0.1862,0.418,0.1049,WARNING,15,0,Windows,malam
23:18:54.998,8.171,0.1728,0.1935,0.1831,0.4082,0.1111,WARNING,16,0,Windows,malam
23:18:55.029,8.202,0.1935,0.1973,0.1954,0.3964,0.1172,WARNING,17,0,Windows,malam
23:18:55.082,8.254,0.1935,0.2122,0.2028,0.3986,0.1233,WARNING,18,0,Windows,malam
23:18:55.106,8.279,0.1629,0.2122,0.1875,0.4072,0.1293,WARNING,19,0,Windows,malam
23:18:55.138,8.311,0.1781,0.2122,0.1952,0.4072,0.1351,DROWSY,20,0,Windows,malam
23:18:55.171,8.344,0.1781,0.2122,0.1952,0.3998,0.1409,DROWSY,21,0,Windows,malam
23:18:55.203,8.375,0.3099,0.3033,0.3066,0.3979,0.14,NORMAL,0,0,Windows,malam
23:18:55.231,8.404,0.3005,0.3028,0.3017,0.3968,0.14,NORMAL,0,0,Windows,malam
23:18:55.260,8.433,0.3002,0.2875,0.2939,0.3992,0.14,NORMAL,0,0,Windows,malam
23:18:55.292,8.465,0.3303,0.327,0.3286,0.4112,0.14,NORMAL,0,0,Windows,malam
23:18:55.323,8.496,0.3458,0.3334,0.3396,0.416,0.14,NORMAL,0,0,Windows,malam
23:18:55.368,8.541,0.3808,0.3851,0.383,0.4064,0.14,NORMAL,0,0,Windows,malam
23:18:55.399,8.572,0.3808,0.3803,0.3806,0.4187,0.14,NORMAL,0,0,Windows,malam
23:18:55.432,8.605,0.3808,0.3921,0.3865,0.4157,0.14,NORMAL,0,0,Windows,malam
23:18:55.480,8.653,0.3808,0.3957,0.3883,0.4081,0.14,NORMAL,0,0,Windows,malam
23:18:55.511,8.683,0.382,0.382,0.382,0.4043,0.14,NORMAL,0,0,Windows,malam
23:18:55.540,8.713,0.382,0.382,0.382,0.4043,0.14,NORMAL,0,0,Windows,malam
23:18:55.572,8.745,0.382,0.382,0.382,0.399,0.14,NORMAL,0,0,Windows,malam
23:18:55.602,8.775,0.3728,0.3728,0.3728,0.4023,0.14,NORMAL,0,0,Windows,malam
23:18:55.634,8.807,0.3698,0.3854,0.3776,0.3995,0.14,NORMAL,0,0,Windows,malam
23:18:55.666,8.838,0.3755,0.3912,0.3834,0.3952,0.14,NORMAL,0,0,Windows,malam
23:18:55.699,8.872,0.3755,0.3999,0.3877,0.4099,0.14,NORMAL,0,0,Windows,malam
23:18:55.729,8.902,0.3698,0.4141,0.3919,0.4102,0.14,NORMAL,0,0,Windows,malam
23:18:55.768,8.941,0.404,0.4276,0.4158,0.404,0.14,NORMAL,0,0,Windows,malam
23:18:55.805,8.978,0.4026,0.4141,0.4084,0.3968,0.14,NORMAL,0,0,Windows,malam
23:18:55.835,9.008,0.3912,0.4157,0.4034,0.3985,0.14,NORMAL,0,0,Windows,malam
23:18:55.879,9.052,0.4014,0.3986,0.4,0.3798,0.14,NORMAL,0,0,Windows,malam
23:18:55.977,9.15,0.4014,0.4134,0.4074,0.3939,0.14,NORMAL,0,0,Windows,malam
23:18:56.005,9.178,0.416,0.4014,0.4087,0.3905,0.14,NORMAL,0,0,Windows,malam
23:18:56.036,9.209,0.4014,0.3986,0.4,0.3905,0.14,NORMAL,0,0,Windows,malam
23:18:56.076,9.249,0.4014,0.4014,0.4014,0.3994,0.14,NORMAL,0,0,Windows,malam
23:18:56.098,9.271,0.4026,0.4014,0.402,0.3928,0.14,NORMAL,0,0,Windows,malam
23:18:56.170,9.343,0.4026,0.4169,0.4098,0.3928,0.14,NORMAL,0,0,Windows,malam
23:18:56.206,9.379,0.401,0.4314,0.4162,0.3811,0.14,NORMAL,0,0,Windows,malam
23:18:56.236,9.409,0.3901,0.4171,0.4036,0.3882,0.14,NORMAL,0,0,Windows,malam
23:18:56.267,9.44,0.3986,0.4026,0.4006,0.3924,0.14,NORMAL,0,0,Windows,malam
23:18:56.299,9.471,0.4155,0.4314,0.4235,0.4096,0.14,NORMAL,0,0,Windows,malam
23:18:56.331,9.504,0.4153,0.4481,0.4317,0.3957,0.14,NORMAL,0,0,Windows,malam
23:18:56.361,9.533,0.4283,0.4192,0.4237,0.4049,0.14,NORMAL,0,0,Windows,malam
23:18:56.392,9.565,0.4155,0.4527,0.4341,0.3954,0.14,NORMAL,0,0,Windows,malam
23:18:56.422,9.595,0.4041,0.4076,0.4059,0.3926,0.14,NORMAL,0,0,Windows,malam
23:18:56.454,9.626,0.3915,0.4192,0.4053,0.39,0.14,NORMAL,0,0,Windows,malam
23:18:56.485,9.658,0.4192,0.4192,0.4192,0.3908,0.14,NORMAL,0,0,Windows,malam
23:18:56.517,9.69,0.4192,0.4226,0.4209,0.3913,0.14,NORMAL,0,0,Windows,malam
23:18:56.568,9.741,0.3957,0.4321,0.4139,0.3996,0.14,NORMAL,0,0,Windows,malam
23:18:56.597,9.769,0.3861,0.4065,0.3963,0.377,0.14,NORMAL,0,0,Windows,malam
23:18:56.627,9.8,0.3957,0.3929,0.3943,0.3854,0.14,NORMAL,0,0,Windows,malam
23:18:56.658,9.831,0.3857,0.3794,0.3826,0.3854,0.14,NORMAL,0,0,Windows,malam
23:18:56.689,9.862,0.3454,0.3387,0.3421,0.3883,0.14,NORMAL,0,0,Windows,malam
23:18:56.723,9.896,0.3415,0.339,0.3402,0.3948,0.14,NORMAL,0,0,Windows,malam
23:18:56.754,9.927,0.3281,0.339,0.3335,0.3948,0.14,NORMAL,0,0,Windows,malam
23:18:56.785,9.957,0.2883,0.2836,0.286,0.3859,0.14,NORMAL,0,0,Windows,malam
23:18:56.815,9.987,0.31,0.291,0.3005,0.3865,0.14,NORMAL,0,0,Windows,malam
23:18:56.847,10.02,0.2964,0.266,0.2812,0.3828,0.14,NORMAL,0,0,Windows,malam
23:18:56.877,10.05,0.3239,0.3284,0.3262,0.4027,0.14,NORMAL,0,0,Windows,malam
23:18:56.908,10.081,0.3324,0.3523,0.3424,0.3966,0.14,NORMAL,0,0,Windows,malam
23:18:56.969,10.141,0.3324,0.3211,0.3267,0.4056,0.14,NORMAL,0,0,Windows,malam
23:18:57.002,10.175,0.3364,0.3274,0.3319,0.4108,0.14,NORMAL,0,0,Windows,malam
23:18:57.034,10.207,0.3404,0.3247,0.3325,0.4108,0.14,NORMAL,0,0,Windows,malam
23:18:57.066,10.239,0.3404,0.3456,0.343,0.4034,0.14,NORMAL,0,0,Windows,malam
23:18:57.096,10.269,0.3434,0.3538,0.3486,0.3845,0.14,NORMAL,0,0,Windows,malam
23:18:57.127,10.3,0.3528,0.3796,0.3662,0.3817,0.14,NORMAL,0,0,Windows,malam
23:18:57.159,10.332,0.3652,0.3931,0.3791,0.3722,0.14,NORMAL,0,0,Windows,malam
23:18:57.191,10.364,0.3233,0.3155,0.3194,0.3964,0.14,NORMAL,0,0,Windows,malam
23:18:57.222,10.394,0.324,0.324,0.324,0.3987,0.14,NORMAL,0,0,Windows,malam
23:18:57.254,10.427,0.3272,0.3351,0.3312,0.3998,0.14,NORMAL,0,0,Windows,malam
23:18:57.286,10.458,0.3354,0.3436,0.3395,0.3872,0.14,NORMAL,0,0,Windows,malam
23:18:57.317,10.49,0.327,0.3569,0.342,0.394,0.14,NORMAL,0,0,Windows,malam
23:18:57.384,10.557,0.3585,0.3776,0.368,0.3833,0.14,NORMAL,0,0,Windows,malam
23:18:57.409,10.582,0.3535,0.3776,0.3655,0.3861,0.14,NORMAL,0,0,Windows,malam
23:18:57.443,10.616,0.3432,0.3545,0.3488,0.3876,0.14,NORMAL,0,0,Windows,malam
23:18:57.475,10.647,0.3508,0.3542,0.3525,0.3915,0.14,NORMAL,0,0,Windows,malam
23:18:57.503,10.675,0.3751,0.401,0.3881,0.3708,0.14,NORMAL,0,0,Windows,malam
23:18:57.536,10.709,0.3751,0.3661,0.3706,0.3782,0.14,NORMAL,0,0,Windows,malam
23:18:57.566,10.739,0.3631,0.3895,0.3763,0.3677,0.14,NORMAL,0,0,Windows,malam
23:18:57.597,10.77,0.3714,0.3823,0.3768,0.3752,0.14,NORMAL,0,0,Windows,malam
23:18:57.627,10.8,0.3797,0.3902,0.3849,0.3782,0.14,NORMAL,0,0,Windows,malam
23:18:57.660,10.833,0.3797,0.3902,0.3849,0.379,0.14,NORMAL,0,0,Windows,malam
23:18:57.690,10.862,0.355,0.3585,0.3568,0.3807,0.14,NORMAL,0,0,Windows,malam
23:18:57.721,10.894,0.355,0.3585,0.3568,0.3891,0.14,NORMAL,0,0,Windows,malam
23:18:57.784,10.957,0.3808,0.3517,0.3663,0.3744,0.14,NORMAL,0,0,Windows,malam
23:18:57.813,10.986,0.3653,0.3528,0.3591,0.3823,0.14,NORMAL,0,0,Windows,malam
23:18:57.842,11.015,0.3592,0.3538,0.3565,0.3788,0.14,NORMAL,0,0,Windows,malam
23:18:57.872,11.045,0.3569,0.3747,0.3658,0.3856,0.14,NORMAL,0,0,Windows,malam
23:18:57.906,11.079,0.3592,0.3608,0.36,0.3807,0.14,NORMAL,0,0,Windows,malam
23:18:57.938,11.111,0.3811,0.363,0.3721,0.3819,0.14,NORMAL,0,0,Windows,malam
23:18:57.968,11.141,0.3686,0.3619,0.3652,0.3903,0.14,NORMAL,0,0,Windows,malam
23:18:58.000,11.173,0.3653,0.3538,0.3596,0.3931,0.14,NORMAL,0,0,Windows,malam
23:18:58.032,11.205,0.3751,0.3608,0.368,0.3898,0.14,NORMAL,0,0,Windows,malam
23:18:58.063,11.236,0.3529,0.355,0.354,0.3924,0.14,NORMAL,0,0,Windows,malam
23:18:58.094,11.266,0.3651,0.3528,0.359,0.3995,0.14,NORMAL,0,0,Windows,malam
23:18:58.125,11.298,0.3685,0.3672,0.3679,0.3995,0.14,NORMAL,0,0,Windows,malam
23:18:58.156,11.329,0.3811,0.3736,0.3773,0.3974,0.14,NORMAL,0,0,Windows,malam
23:18:58.185,11.358,0.3694,0.3863,0.3779,0.4017,0.14,NORMAL,0,0,Windows,malam
23:18:58.220,11.393,0.3782,0.3895,0.3838,0.3969,0.14,NORMAL,0,0,Windows,malam
23:18:58.248,11.421,0.3782,0.3895,0.3838,0.4091,0.14,NORMAL,0,0,Windows,malam
23:18:58.280,11.452,0.3811,0.3797,0.3804,0.3835,0.14,NORMAL,0,0,Windows,malam
23:18:58.313,11.486,0.3715,0.3783,0.3749,0.3892,0.14,NORMAL,0,0,Windows,malam
23:18:58.344,11.517,0.3715,0.3783,0.3749,0.3892,0.14,NORMAL,0,0,Windows,malam
23:18:58.377,11.55,0.3715,0.355,0.3632,0.3846,0.14,NORMAL,0,0,Windows,malam
23:18:58.406,11.579,0.3715,0.3783,0.3749,0.3764,0.14,NORMAL,0,0,Windows,malam
23:18:58.438,11.611,0.3581,0.3783,0.3682,0.3774,0.14,NORMAL,0,0,Windows,malam
23:18:58.472,11.645,0.3592,0.3672,0.3632,0.3852,0.14,NORMAL,0,0,Windows,malam
23:18:58.501,11.674,0.3811,0.3672,0.3742,0.3831,0.14,NORMAL,0,0,Windows,malam
23:18:58.532,11.705,0.3782,0.3795,0.3788,0.3833,0.14,NORMAL,0,0,Windows,malam
23:18:58.585,11.758,0.3681,0.3637,0.3659,0.3808,0.14,NORMAL,0,0,Windows,malam
23:18:58.611,11.784,0.3561,0.3781,0.3671,0.3837,0.14,NORMAL,0,0,Windows,malam
23:18:58.643,11.816,0.3561,0.3991,0.3776,0.3801,0.14,NORMAL,0,0,Windows,malam
23:18:58.681,11.854,0.3686,0.365,0.3668,0.3882,0.14,NORMAL,0,0,Windows,malam
23:18:58.704,11.877,0.3686,0.3772,0.3729,0.3944,0.14,NORMAL,0,0,Windows,malam
23:18:58.737,11.91,0.3686,0.4021,0.3853,0.3908,0.14,NORMAL,0,0,Windows,malam
23:18:58.777,11.95,0.4063,0.4129,0.4096,0.4021,0.14,NORMAL,0,0,Windows,malam
23:18:58.800,11.973,0.4051,0.4104,0.4077,0.3887,0.14,NORMAL,0,0,Windows,malam
23:18:58.832,12.005,0.4063,0.4106,0.4084,0.39,0.14,NORMAL,0,0,Windows,malam
23:18:58.872,12.045,0.3728,0.3637,0.3682,0.3969,0.14,NORMAL,0,0,Windows,malam
23:18:58.892,12.065,0.3854,0.3842,0.3848,0.3906,0.14,NORMAL,0,0,Windows,malam
23:18:58.927,12.1,0.3728,0.3722,0.3725,0.3906,0.14,NORMAL,0,0,Windows,malam
23:18:58.984,12.157,0.3737,0.3736,0.3736,0.3939,0.14,NORMAL,0,0,Windows,malam
23:18:59.021,12.194,0.3854,0.3842,0.3848,0.4019,0.14,NORMAL,0,0,Windows,malam
23:18:59.050,12.223,0.3977,0.3842,0.3909,0.4051,0.14,NORMAL,0,0,Windows,malam
23:18:59.080,12.253,0.3737,0.3606,0.3672,0.409,0.14,NORMAL,0,0,Windows,malam
23:18:59.111,12.284,0.3811,0.3495,0.3653,0.4137,0.14,NORMAL,0,0,Windows,malam
23:18:59.142,12.315,0.3811,0.3595,0.3703,0.4137,0.14,NORMAL,0,0,Windows,malam
23:18:59.176,12.349,0.3953,0.3753,0.3853,0.3825,0.14,NORMAL,0,0,Windows,malam
23:18:59.204,12.376,0.3851,0.3859,0.3855,0.3851,0.14,NORMAL,0,0,Windows,malam
23:18:59.236,12.409,0.3891,0.373,0.3811,0.3909,0.14,NORMAL,0,0,Windows,malam
23:18:59.272,12.445,0.3977,0.3736,0.3856,0.4006,0.14,NORMAL,0,0,Windows,malam
23:18:59.301,12.473,0.3811,0.3976,0.3894,0.4026,0.14,NORMAL,0,0,Windows,malam
23:18:59.329,12.502,0.3837,0.3976,0.3907,0.4113,0.14,NORMAL,0,0,Windows,malam
23:18:59.384,12.556,0.3808,0.3885,0.3846,0.4204,0.14,NORMAL,0,0,Windows,malam
23:18:59.409,12.582,0.3937,0.3842,0.3889,0.4245,0.14,NORMAL,0,0,Windows,malam
23:18:59.440,12.613,0.3837,0.3842,0.3839,0.4176,0.14,NORMAL,0,0,Windows,malam
23:18:59.480,12.653,0.4133,0.3797,0.3965,0.4229,0.14,NORMAL,0,0,Windows,malam
23:18:59.503,12.676,0.3985,0.3826,0.3905,0.4184,0.14,NORMAL,0,0,Windows,malam
23:18:59.533,12.706,0.3877,0.3797,0.3837,0.4181,0.14,NORMAL,0,0,Windows,malam
23:18:59.577,12.75,0.4214,0.418,0.4197,0.3812,0.1333,NORMAL,0,0,Windows,malam
23:18:59.611,12.784,0.4112,0.411,0.4111,0.3867,0.1267,NORMAL,0,0,Windows,malam
23:18:59.642,12.815,0.3972,0.4114,0.4043,0.3819,0.12,NORMAL,0,0,Windows,malam
23:18:59.689,12.862,0.4233,0.4349,0.4291,0.3743,0.1133,NORMAL,0,0,Windows,malam
23:18:59.720,12.893,0.4173,0.4303,0.4238,0.3823,0.1067,NORMAL,0,0,Windows,malam
23:18:59.750,12.923,0.4073,0.4277,0.4175,0.3802,0.1,NORMAL,0,0,Windows,malam
23:18:59.784,12.957,0.4072,0.4051,0.4061,0.3756,0.0933,NORMAL,0,0,Windows,malam
23:18:59.814,12.987,0.4207,0.4199,0.4203,0.3901,0.0867,NORMAL,0,0,Windows,malam
23:18:59.844,13.017,0.4245,0.3965,0.4105,0.3917,0.08,NORMAL,0,0,Windows,malam
23:18:59.880,13.052,0.4474,0.4521,0.4497,0.3465,0.0733,NORMAL,0,0,Windows,malam
23:18:59.907,13.08,0.426,0.4311,0.4285,0.358,0.0667,NORMAL,0,0,Windows,malam
23:18:59.936,13.109,0.4375,0.4377,0.4376,0.3573,0.06,NORMAL,0,0,Windows,malam
23:18:59.976,13.149,0.4116,0.4316,0.4216,0.3621,0.0533,NORMAL,0,0,Windows,malam
23:19:00.002,13.175,0.4116,0.4087,0.4102,0.3551,0.0467,NORMAL,0,0,Windows,malam
23:19:00.033,13.206,0.4002,0.4175,0.4088,0.3575,0.04,NORMAL,0,0,Windows,malam
23:19:00.089,13.262,0.415,0.441,0.428,0.3789,0.0333,NORMAL,0,0,Windows,malam
23:19:00.128,13.301,0.4019,0.409,0.4055,0.3777,0.0267,NORMAL,0,0,Windows,malam
23:19:00.158,13.331,0.4187,0.3996,0.4091,0.3803,0.02,NORMAL,0,0,Windows,malam
23:19:00.190,13.363,0.4275,0.4038,0.4156,0.3764,0.0133,NORMAL,0,0,Windows,malam
23:19:00.221,13.394,0.4282,0.3942,0.4112,0.3764,0.0067,NORMAL,0,0,Windows,malam
23:19:00.254,13.426,0.4178,0.4054,0.4116,0.3832,0.0,NORMAL,0,0,Windows,malam
23:19:00.279,13.452,0.3871,0.3531,0.3701,0.4165,0.0,NORMAL,0,0,Windows,malam
23:19:00.348,13.521,0.3093,0.2129,0.2611,0.4342,0.0,NORMAL,0,0,Windows,malam
23:19:00.379,13.552,0.3552,0.4004,0.3778,0.3373,0.0,NORMAL,0,0,Windows,malam
23:19:00.410,13.583,0.4231,0.4387,0.4309,0.3678,0.0,NORMAL,0,0,Windows,malam
23:19:00.442,13.615,0.4242,0.4368,0.4305,0.3754,0.0,NORMAL,0,0,Windows,malam
23:19:00.488,13.661,0.397,0.3889,0.3929,0.3874,0.0,NORMAL,0,0,Windows,malam
23:19:00.519,13.691,0.3902,0.3889,0.3896,0.3934,0.0,NORMAL,0,0,Windows,malam
23:19:00.550,13.723,0.3608,0.3463,0.3536,0.3832,0.0,NORMAL,0,0,Windows,malam
23:19:00.584,13.757,0.3854,0.4009,0.3932,0.3757,0.0,NORMAL,0,0,Windows,malam
23:19:00.613,13.786,0.3953,0.4099,0.4026,0.3836,0.0,NORMAL,0,0,Windows,malam
23:19:00.644,13.817,0.3953,0.4202,0.4077,0.393,0.0,NORMAL,0,0,Windows,malam
23:19:00.690,13.863,0.3926,0.3939,0.3933,0.4106,0.0,NORMAL,0,0,Windows,malam
23:19:00.721,13.894,0.3854,0.4084,0.3969,0.404,0.0,NORMAL,0,0,Windows,malam
23:19:00.752,13.925,0.3926,0.3973,0.3949,0.4044,0.0,NORMAL,0,0,Windows,malam
23:19:00.783,13.956,0.4024,0.4051,0.4038,0.3995,0.0,NORMAL,0,0,Windows,malam
23:19:00.814,13.987,0.404,0.4084,0.4062,0.3995,0.0,NORMAL,0,0,Windows,malam
23:19:00.847,14.02,0.404,0.3948,0.3994,0.3876,0.0,NORMAL,0,0,Windows,malam
23:19:00.889,14.062,0.404,0.3794,0.3917,0.398,0.0,NORMAL,0,0,Windows,malam
23:19:00.924,14.097,0.3897,0.3926,0.3911,0.3807,0.0,NORMAL,0,0,Windows,malam
23:19:00.955,14.128,0.3882,0.3963,0.3922,0.3862,0.0,NORMAL,0,0,Windows,malam
23:19:00.984,14.157,0.3999,0.4052,0.4025,0.3889,0.0,NORMAL,0,0,Windows,malam
23:19:01.019,14.192,0.3765,0.423,0.3998,0.3841,0.0,NORMAL,0,0,Windows,malam
23:19:01.053,14.226,0.386,0.3963,0.3911,0.385,0.0,NORMAL,0,0,Windows,malam
23:19:01.080,14.252,0.3739,0.411,0.3925,0.3926,0.0,NORMAL,0,0,Windows,malam
23:19:01.112,14.285,0.405,0.3963,0.4006,0.3777,0.0,NORMAL,0,0,Windows,malam
23:19:01.144,14.317,0.4027,0.411,0.4069,0.3736,0.0,NORMAL,0,0,Windows,malam
23:19:01.176,14.349,0.2619,0.2494,0.2557,0.3873,0.0,NORMAL,0,0,Windows,malam
23:19:01.208,14.381,0.219,0.2172,0.2181,0.3882,0.0067,NORMAL,1,0,Windows,malam
23:19:01.240,14.413,0.1936,0.1739,0.1837,0.3877,0.0133,NORMAL,2,0,Windows,malam
23:19:01.287,14.46,0.2245,0.236,0.2303,0.3995,0.02,NORMAL,3,0,Windows,malam
23:19:01.319,14.492,0.2369,0.2541,0.2455,0.4059,0.0267,NORMAL,4,0,Windows,malam
23:19:01.350,14.523,0.2458,0.2489,0.2473,0.4097,0.0333,NORMAL,5,0,Windows,malam
23:19:01.388,14.561,0.2806,0.3118,0.2962,0.4128,0.0333,NORMAL,0,0,Windows,malam
23:19:01.413,14.586,0.2992,0.3202,0.3097,0.4023,0.0333,NORMAL,0,0,Windows,malam
23:19:01.443,14.616,0.2792,0.3118,0.2955,0.394,0.0333,NORMAL,0,0,Windows,malam
23:19:01.486,14.659,0.3455,0.3409,0.3432,0.3916,0.0333,NORMAL,0,0,Windows,malam
23:19:01.522,14.695,0.315,0.3409,0.328,0.3821,0.0333,NORMAL,0,0,Windows,malam
23:19:01.552,14.725,0.3213,0.3409,0.3311,0.3857,0.0333,NORMAL,0,0,Windows,malam
23:19:01.584,14.757,0.3642,0.3751,0.3697,0.3895,0.0333,NORMAL,0,0,Windows,malam
23:19:01.616,14.789,0.3574,0.3409,0.3492,0.3983,0.0333,NORMAL,0,0,Windows,malam
23:19:01.647,14.82,0.3574,0.3384,0.3479,0.3936,0.0333,NORMAL,0,0,Windows,malam
23:19:01.688,14.861,0.3704,0.3662,0.3683,0.3889,0.0333,NORMAL,0,0,Windows,malam
23:19:01.711,14.884,0.3574,0.3601,0.3587,0.3765,0.0333,NORMAL,0,0,Windows,malam
23:19:01.742,14.915,0.3443,0.3543,0.3493,0.3858,0.0333,NORMAL,0,0,Windows,malam
23:19:01.786,14.959,0.386,0.3989,0.3925,0.3867,0.0333,NORMAL,0,0,Windows,malam
23:19:01.821,14.994,0.376,0.3501,0.3631,0.3884,0.0333,NORMAL,0,0,Windows,malam
23:19:01.852,15.025,0.3794,0.3645,0.372,0.3809,0.0333,NORMAL,0,0,Windows,malam
23:19:01.879,15.052,0.3671,0.3726,0.3698,0.3862,0.0333,NORMAL,0,0,Windows,malam
23:19:01.913,15.086,0.3403,0.3562,0.3483,0.3862,0.0333,NORMAL,0,0,Windows,malam
23:19:01.946,15.119,0.3404,0.3599,0.3502,0.3862,0.0333,NORMAL,0,0,Windows,malam
23:19:01.992,15.165,0.3523,0.3384,0.3454,0.3861,0.0333,NORMAL,0,0,Windows,malam
23:19:02.024,15.197,0.3402,0.3469,0.3435,0.3919,0.0333,NORMAL,0,0,Windows,malam
23:19:02.056,15.229,0.3299,0.3469,0.3384,0.3919,0.0333,NORMAL,0,0,Windows,malam
23:19:02.089,15.262,0.3402,0.3463,0.3432,0.3956,0.0333,NORMAL,0,0,Windows,malam
23:19:02.119,15.292,0.3495,0.3533,0.3514,0.3959,0.0333,NORMAL,0,0,Windows,malam
23:19:02.150,15.323,0.3495,0.3307,0.3401,0.3959,0.0333,NORMAL,0,0,Windows,malam
23:19:02.184,15.357,0.3543,0.3702,0.3623,0.4041,0.0333,NORMAL,0,0,Windows,malam
23:19:02.211,15.384,0.3571,0.3737,0.3654,0.3861,0.0333,NORMAL,0,0,Windows,malam
23:19:02.243,15.416,0.3693,0.3737,0.3715,0.3941,0.0333,NORMAL,0,0,Windows,malam
23:19:02.280,15.453,0.3534,0.3693,0.3614,0.3895,0.0333,NORMAL,0,0,Windows,malam
23:19:02.307,15.48,0.3269,0.3438,0.3353,0.3931,0.0333,NORMAL,0,0,Windows,malam
23:19:02.337,15.51,0.3429,0.3429,0.3429,0.4088,0.0333,NORMAL,0,0,Windows,malam
23:19:02.393,15.565,0.3299,0.3523,0.3411,0.3925,0.0333,NORMAL,0,0,Windows,malam
23:19:02.417,15.59,0.3416,0.366,0.3538,0.384,0.0333,NORMAL,0,0,Windows,malam
23:19:02.447,15.62,0.3511,0.3523,0.3517,0.3828,0.0333,NORMAL,0,0,Windows,malam
23:19:02.489,15.661,0.3549,0.3523,0.3536,0.3799,0.0333,NORMAL,0,0,Windows,malam
23:19:02.512,15.685,0.3549,0.3533,0.3541,0.3828,0.0333,NORMAL,0,0,Windows,malam
23:19:02.543,15.716,0.3454,0.3533,0.3493,0.3828,0.0333,NORMAL,0,0,Windows,malam
23:19:02.583,15.756,0.3454,0.3657,0.3556,0.3852,0.0333,NORMAL,0,0,Windows,malam
23:19:02.619,15.792,0.3454,0.383,0.3642,0.3799,0.0333,NORMAL,0,0,Windows,malam
23:19:02.651,15.824,0.3429,0.383,0.3629,0.3778,0.0333,NORMAL,0,0,Windows,malam
23:19:02.680,15.853,0.3671,0.3548,0.361,0.4373,0.0333,NORMAL,0,0,Windows,malam
23:19:02.714,15.887,0.3454,0.383,0.3642,0.4397,0.0333,NORMAL,0,0,Windows,malam
23:19:02.744,15.917,0.3418,0.3657,0.3538,0.4339,0.0333,NORMAL,0,0,Windows,malam
23:19:02.792,15.965,0.3454,0.3418,0.3436,0.4112,0.0333,NORMAL,0,0,Windows,malam
23:19:02.823,15.996,0.356,0.366,0.361,0.4054,0.0333,NORMAL,0,0,Windows,malam
23:19:02.852,16.025,0.3657,0.366,0.3658,0.4094,0.0333,NORMAL,0,0,Windows,malam
23:19:02.888,16.061,0.3354,0.339,0.3372,0.4198,0.0333,NORMAL,0,0,Windows,malam
23:19:02.916,16.089,0.3455,0.3549,0.3502,0.4247,0.0333,NORMAL,0,0,Windows,malam
23:19:02.947,16.12,0.3455,0.3549,0.3502,0.429,0.0333,NORMAL,0,0,Windows,malam
23:19:02.985,16.158,0.1061,0.071,0.0886,0.4381,0.04,NORMAL,1,0,Windows,malam
23:19:03.009,16.182,0.0946,0.0649,0.0797,0.4645,0.0467,NORMAL,2,0,Windows,malam
23:19:03.042,16.215,0.0724,0.0588,0.0656,0.4694,0.0533,NORMAL,3,0,Windows,malam
23:19:03.080,16.253,0.0865,0.0588,0.0727,0.4509,0.06,NORMAL,4,0,Windows,malam
23:19:03.102,16.275,0.0844,0.0604,0.0724,0.4323,0.0667,NORMAL,5,0,Windows,malam
23:19:03.134,16.307,0.0844,0.0689,0.0766,0.4277,0.0733,NORMAL,6,0,Windows,malam
23:19:03.192,16.365,0.1115,0.0913,0.1014,0.4222,0.08,NORMAL,7,0,Windows,malam
23:19:03.227,16.4,0.1193,0.1044,0.1119,0.4187,0.0867,NORMAL,8,0,Windows,malam
23:19:03.258,16.43,0.1028,0.1044,0.1036,0.4174,0.0933,NORMAL,9,0,Windows,malam
23:19:03.288,16.461,0.1226,0.1541,0.1383,0.3832,0.1,WARNING,10,0,Windows,malam
23:19:03.321,16.494,0.1257,0.1476,0.1366,0.3675,0.1067,WARNING,11,0,Windows,malam
23:19:03.353,16.526,0.1164,0.1761,0.1462,0.3703,0.1133,WARNING,12,0,Windows,malam
23:19:03.383,16.556,0.2195,0.2375,0.2285,0.4716,0.12,WARNING,13,0,Windows,malam
23:19:03.414,16.587,0.2127,0.2373,0.225,0.4641,0.1267,WARNING,14,0,Windows,malam
23:19:03.446,16.619,0.2072,0.2202,0.2137,0.4649,0.1333,WARNING,15,0,Windows,malam
23:19:03.479,16.652,0.3174,0.3398,0.3286,0.427,0.1333,NORMAL,0,0,Windows,malam
23:19:03.511,16.684,0.3253,0.3259,0.3256,0.4187,0.1333,NORMAL,0,0,Windows,malam
23:19:03.543,16.716,0.3253,0.3157,0.3205,0.4209,0.1333,NORMAL,0,0,Windows,malam
23:19:03.592,16.765,0.3262,0.3463,0.3363,0.4448,0.1333,NORMAL,0,0,Windows,malam
23:19:03.620,16.793,0.3296,0.3354,0.3325,0.4398,0.1333,NORMAL,0,0,Windows,malam
23:19:03.651,16.824,0.3296,0.3605,0.3451,0.4373,0.1333,NORMAL,0,0,Windows,malam
23:19:03.687,16.86,0.3957,0.3628,0.3792,0.4509,0.1333,NORMAL,0,0,Windows,malam
23:19:03.728,16.901,0.4232,0.3492,0.3862,0.4459,0.1333,NORMAL,0,0,Windows,malam
23:19:03.760,16.933,0.3957,0.363,0.3794,0.4433,0.1333,NORMAL,0,0,Windows,malam
23:19:03.792,16.965,0.4132,0.3842,0.3987,0.4546,0.1333,NORMAL,0,0,Windows,malam
23:19:03.821,16.994,0.3875,0.3854,0.3865,0.4524,0.1333,NORMAL,0,0,Windows,malam
23:19:03.856,17.029,0.3726,0.3863,0.3795,0.4453,0.1333,NORMAL,0,0,Windows,malam
23:19:03.886,17.059,0.3885,0.3726,0.3805,0.4363,0.1333,NORMAL,0,0,Windows,malam
23:19:03.917,17.09,0.3748,0.3854,0.3801,0.4143,0.1333,NORMAL,0,0,Windows,malam
23:19:03.949,17.122,0.3595,0.3596,0.3596,0.4115,0.1333,NORMAL,0,0,Windows,malam
23:19:03.991,17.164,0.3619,0.3596,0.3608,0.4221,0.1333,NORMAL,0,0,Windows,malam
23:19:04.012,17.185,0.3619,0.3505,0.3562,0.4244,0.1333,NORMAL,0,0,Windows,malam
23:19:04.042,17.215,0.3619,0.3538,0.3579,0.4247,0.1333,NORMAL,0,0,Windows,malam
23:19:04.088,17.261,0.3619,0.3796,0.3707,0.4173,0.1333,NORMAL,0,0,Windows,malam
23:19:04.122,17.295,0.3619,0.3691,0.3655,0.4202,0.1333,NORMAL,0,0,Windows,malam
23:19:04.152,17.324,0.3585,0.3683,0.3634,0.4173,0.1333,NORMAL,0,0,Windows,malam
23:19:04.184,17.357,0.3842,0.4036,0.3939,0.4262,0.1333,NORMAL,0,0,Windows,malam
23:19:04.214,17.387,0.4099,0.4036,0.4068,0.4194,0.1333,NORMAL,0,0,Windows,malam
23:19:04.246,17.419,0.4099,0.4036,0.4068,0.4268,0.1333,NORMAL,0,0,Windows,malam
23:19:04.295,17.468,0.4015,0.3787,0.3901,0.4104,0.1333,NORMAL,0,0,Windows,malam
23:19:04.324,17.497,0.4077,0.3787,0.3932,0.4084,0.1333,NORMAL,0,0,Windows,malam
23:19:04.355,17.528,0.3863,0.3787,0.3825,0.4029,0.1333,NORMAL,0,0,Windows,malam
23:19:04.392,17.565,0.3856,0.3854,0.3855,0.4101,0.1333,NORMAL,0,0,Windows,malam
23:19:04.417,17.59,0.3856,0.3787,0.3821,0.414,0.1333,NORMAL,0,0,Windows,malam
23:19:04.448,17.621,0.3856,0.3808,0.3832,0.4189,0.1333,NORMAL,0,0,Windows,malam
23:19:04.489,17.661,0.3842,0.3808,0.3825,0.4088,0.1333,NORMAL,0,0,Windows,malam
23:19:04.511,17.684,0.3863,0.3808,0.3836,0.4185,0.1333,NORMAL,0,0,Windows,malam
23:19:04.542,17.715,0.3819,0.3808,0.3813,0.4236,0.1333,NORMAL,0,0,Windows,malam
23:19:04.585,17.757,0.3715,0.3605,0.366,0.4233,0.1333,NORMAL,0,0,Windows,malam
23:19:04.605,17.778,0.369,0.3733,0.3712,0.4225,0.1333,NORMAL,0,0,Windows,malam
23:19:04.636,17.808,0.369,0.3733,0.3712,0.436,0.1333,NORMAL,0,0,Windows,malam
23:19:04.700,17.873,0.3957,0.3923,0.394,0.4179,0.1333,NORMAL,0,0,Windows,malam
23:19:04.744,17.917,0.3828,0.3817,0.3822,0.4179,0.1333,NORMAL,0,0,Windows,malam
23:19:04.774,17.947,0.3828,0.3916,0.3872,0.4167,0.1333,NORMAL,0,0,Windows,malam
23:19:04.806,17.979,0.3805,0.3895,0.385,0.4206,0.1333,NORMAL,0,0,Windows,malam
23:19:04.838,18.011,0.369,0.3786,0.3738,0.4303,0.1333,NORMAL,0,0,Windows,malam
23:19:04.870,18.043,0.3828,0.3765,0.3796,0.4274,0.1333,NORMAL,0,0,Windows,malam
23:19:04.901,18.074,0.3685,0.3797,0.3741,0.4039,0.1333,NORMAL,0,0,Windows,malam
23:19:04.931,18.103,0.3732,0.3786,0.3759,0.4109,0.1333,NORMAL,0,0,Windows,malam
23:19:04.961,18.134,0.3828,0.3817,0.3822,0.4041,0.1333,NORMAL,0,0,Windows,malam
23:19:04.995,18.168,0.3676,0.3895,0.3785,0.4007,0.1333,NORMAL,0,0,Windows,malam
23:19:05.025,18.198,0.3666,0.3786,0.3726,0.3982,0.1333,NORMAL,0,0,Windows,malam
23:19:05.059,18.232,0.3572,0.3817,0.3694,0.4051,0.1333,NORMAL,0,0,Windows,malam
23:19:05.096,18.269,0.3842,0.3942,0.3892,0.4066,0.1333,NORMAL,0,0,Windows,malam
23:19:05.118,18.291,0.3677,0.3916,0.3797,0.4145,0.1333,NORMAL,0,0,Windows,malam
23:19:05.151,18.324,0.3775,0.3923,0.3849,0.4067,0.1333,NORMAL,0,0,Windows,malam
23:19:05.192,18.365,0.3666,0.3691,0.3679,0.419,0.1333,NORMAL,0,0,Windows,malam
23:19:05.227,18.4,0.3419,0.3611,0.3515,0.4248,0.1333,NORMAL,0,0,Windows,malam
23:19:05.257,18.43,0.3509,0.354,0.3525,0.4161,0.1333,NORMAL,0,0,Windows,malam
23:19:05.288,18.461,0.3495,0.3636,0.3565,0.4275,0.1333,NORMAL,0,0,Windows,malam
23:19:05.320,18.493,0.3509,0.3506,0.3508,0.4273,0.1333,NORMAL,0,0,Windows,malam
23:19:05.352,18.525,0.3509,0.3515,0.3512,0.4392,0.1333,NORMAL,0,0,Windows,malam
23:19:05.388,18.561,0.3887,0.3791,0.3839,0.4192,0.1333,NORMAL,0,0,Windows,malam
23:19:05.414,18.587,0.3788,0.3732,0.376,0.4139,0.1333,NORMAL,0,0,Windows,malam
23:19:05.444,18.617,0.3681,0.3763,0.3722,0.4124,0.1333,NORMAL,0,0,Windows,malam
23:19:05.496,18.669,0.3811,0.3733,0.3772,0.4311,0.1333,NORMAL,0,0,Windows,malam
23:19:05.522,18.695,0.3655,0.3726,0.369,0.4604,0.1333,NORMAL,0,0,Windows,malam
23:19:05.554,18.727,0.3655,0.3726,0.369,0.4637,0.1333,NORMAL,0,0,Windows,malam
23:19:05.596,18.769,0.3931,0.3999,0.3965,0.4371,0.1333,NORMAL,0,0,Windows,malam
23:19:05.632,18.805,0.4027,0.3863,0.3945,0.4391,0.1333,NORMAL,0,0,Windows,malam
23:19:05.664,18.837,0.4011,0.3863,0.3937,0.4255,0.1333,NORMAL,0,0,Windows,malam
23:19:05.696,18.869,0.4108,0.3929,0.4018,0.437,0.1333,NORMAL,0,0,Windows,malam
23:19:05.726,18.899,0.3755,0.3912,0.3833,0.432,0.1333,NORMAL,0,0,Windows,malam
23:19:05.756,18.928,0.3845,0.3778,0.3811,0.4342,0.1333,NORMAL,0,0,Windows,malam
23:19:05.788,18.961,0.3876,0.3924,0.39,0.4223,0.1333,NORMAL,0,0,Windows,malam
23:19:05.822,18.995,0.3845,0.3949,0.3897,0.4267,0.1333,NORMAL,0,0,Windows,malam
23:19:05.852,19.025,0.3878,0.4052,0.3965,0.4262,0.1333,NORMAL,0,0,Windows,malam
23:19:05.894,19.067,0.3905,0.4106,0.4005,0.4268,0.1333,NORMAL,0,0,Windows,malam
23:19:05.929,19.102,0.4027,0.4052,0.404,0.4283,0.1333,NORMAL,0,0,Windows,malam
23:19:05.961,19.134,0.4027,0.3922,0.3975,0.4257,0.1333,NORMAL,0,0,Windows,malam
23:19:05.992,19.165,0.3907,0.3943,0.3925,0.4084,0.1333,NORMAL,0,0,Windows,malam
23:19:06.024,19.197,0.4041,0.4106,0.4074,0.4021,0.1333,NORMAL,0,0,Windows,malam
23:19:06.054,19.227,0.4041,0.3974,0.4008,0.3935,0.1333,NORMAL,0,0,Windows,malam
23:19:06.087,19.26,0.4027,0.3863,0.3945,0.401,0.1333,NORMAL,0,0,Windows,malam
23:19:06.117,19.29,0.4027,0.3863,0.3945,0.4025,0.1333,NORMAL,0,0,Windows,malam
23:19:06.149,19.322,0.4027,0.3989,0.4008,0.4058,0.1333,NORMAL,0,0,Windows,malam
23:19:06.185,19.358,0.3933,0.3794,0.3864,0.4036,0.1333,NORMAL,0,0,Windows,malam
23:19:06.211,19.384,0.38,0.3794,0.3797,0.4036,0.1267,NORMAL,0,0,Windows,malam
23:19:06.242,19.415,0.38,0.3923,0.3862,0.4093,0.12,NORMAL,0,0,Windows,malam
23:19:06.296,19.469,0.3681,0.3569,0.3625,0.4157,0.1133,NORMAL,0,0,Windows,malam
23:19:06.323,19.496,0.3572,0.3628,0.36,0.4131,0.1067,NORMAL,0,0,Windows,malam
23:19:06.351,19.524,0.3667,0.3788,0.3728,0.4206,0.1,NORMAL,0,0,Windows,malam
23:19:06.392,19.565,0.3693,0.3733,0.3713,0.4148,0.1,NORMAL,0,0,Windows,malam
23:19:06.445,19.617,0.3653,0.3733,0.3693,0.4279,0.1,NORMAL,0,0,Windows,malam
23:19:06.477,19.649,0.3653,0.3733,0.3693,0.4223,0.1,NORMAL,0,0,Windows,malam
23:19:06.508,19.681,0.3655,0.3724,0.369,0.4298,0.1,NORMAL,0,0,Windows,malam
23:19:06.537,19.71,0.3558,0.3735,0.3646,0.4274,0.1,NORMAL,0,0,Windows,malam
23:19:06.570,19.743,0.3626,0.3602,0.3614,0.4414,0.1,NORMAL,0,0,Windows,malam
23:19:06.601,19.774,0.3004,0.3192,0.3098,0.413,0.1,NORMAL,0,0,Windows,malam
23:19:06.630,19.803,0.2872,0.2938,0.2905,0.4112,0.1,NORMAL,0,0,Windows,malam
23:19:06.662,19.835,0.2834,0.2933,0.2884,0.4108,0.1,NORMAL,0,0,Windows,malam
23:19:06.710,19.883,0.2841,0.3128,0.2985,0.4292,0.1,NORMAL,0,0,Windows,malam
23:19:06.741,19.914,0.2938,0.3145,0.3041,0.4207,0.1,NORMAL,0,0,Windows,malam
23:19:06.772,19.944,0.3068,0.3145,0.3106,0.4178,0.1,NORMAL,0,0,Windows,malam
23:19:06.803,19.976,0.2968,0.3145,0.3056,0.4264,0.1,NORMAL,0,0,Windows,malam
23:19:06.833,20.006,0.3102,0.3046,0.3074,0.4198,0.1,NORMAL,0,0,Windows,malam
23:19:06.866,20.039,0.3206,0.3128,0.3167,0.4198,0.1,NORMAL,0,0,Windows,malam
23:19:06.900,20.072,0.3503,0.3422,0.3463,0.4199,0.1,NORMAL,0,0,Windows,malam
23:19:06.929,20.101,0.3451,0.3709,0.358,0.4182,0.1,NORMAL,0,0,Windows,malam
23:19:06.959,20.132,0.3572,0.3543,0.3558,0.4199,0.1,NORMAL,0,0,Windows,malam
23:19:07.001,20.173,0.3572,0.3702,0.3637,0.4179,0.1,NORMAL,0,0,Windows,malam
23:19:07.023,20.196,0.3596,0.3688,0.3642,0.4118,0.1,NORMAL,0,0,Windows,malam
23:19:07.054,20.227,0.3596,0.3688,0.3642,0.409,0.1,NORMAL,0,0,Windows,malam
23:19:07.098,20.271,0.3688,0.3833,0.3761,0.4212,0.1,NORMAL,0,0,Windows,malam
23:19:07.132,20.305,0.3806,0.3863,0.3835,0.4249,0.1,NORMAL,0,0,Windows,malam
23:19:07.163,20.336,0.3806,0.3863,0.3835,0.4223,0.1,NORMAL,0,0,Windows,malam
23:19:07.191,20.364,0.3806,0.3854,0.383,0.4105,0.1,NORMAL,0,0,Windows,malam
23:19:07.228,20.401,0.3806,0.4099,0.3953,0.4071,0.1,NORMAL,0,0,Windows,malam
23:19:07.258,20.431,0.3818,0.4209,0.4013,0.4071,0.1,NORMAL,0,0,Windows,malam
23:19:07.289,20.462,0.3948,0.4122,0.4035,0.412,0.1,NORMAL,0,0,Windows,malam
23:19:07.321,20.494,0.3948,0.4122,0.4035,0.4152,0.1,NORMAL,0,0,Windows,malam
23:19:07.352,20.525,0.3948,0.3993,0.3971,0.4147,0.1,NORMAL,0,0,Windows,malam
23:19:07.399,20.572,0.3676,0.3676,0.3676,0.4109,0.1,NORMAL,0,0,Windows,malam
23:19:07.430,20.602,0.3523,0.3544,0.3534,0.4136,0.1,NORMAL,0,0,Windows,malam
23:19:07.463,20.635,0.3572,0.3519,0.3545,0.4153,0.1,NORMAL,0,0,Windows,malam
23:19:07.496,20.669,0.3509,0.3402,0.3455,0.4099,0.1,NORMAL,0,0,Windows,malam
23:19:07.521,20.694,0.3359,0.3394,0.3376,0.4065,0.1,NORMAL,0,0,Windows,malam
23:19:07.554,20.727,0.337,0.341,0.339,0.4098,0.1,NORMAL,0,0,Windows,malam
23:19:07.593,20.766,0.3404,0.3543,0.3474,0.4011,0.1,NORMAL,0,0,Windows,malam
23:19:07.616,20.789,0.3418,0.3667,0.3543,0.4111,0.1,NORMAL,0,0,Windows,malam
23:19:07.650,20.822,0.3655,0.3667,0.3661,0.4074,0.1,NORMAL,0,0,Windows,malam
23:19:07.688,20.861,0.3561,0.3582,0.3572,0.4102,0.1,NORMAL,0,0,Windows,malam
23:19:07.729,20.902,0.3442,0.3596,0.3519,0.4092,0.1,NORMAL,0,0,Windows,malam
23:19:07.758,20.93,0.3558,0.3475,0.3517,0.4074,0.1,NORMAL,0,0,Windows,malam
23:19:07.805,20.978,0.3572,0.3475,0.3524,0.4122,0.1,NORMAL,0,0,Windows,malam
23:19:07.836,21.009,0.3572,0.3475,0.3524,0.419,0.1,NORMAL,0,0,Windows,malam
23:19:07.868,21.041,0.3596,0.3603,0.36,0.4153,0.1,NORMAL,0,0,Windows,malam
23:19:07.896,21.069,0.3534,0.3596,0.3565,0.4134,0.1,NORMAL,0,0,Windows,malam
23:19:07.930,21.103,0.3442,0.3676,0.3559,0.4088,0.1,NORMAL,0,0,Windows,malam
23:19:07.962,21.135,0.3534,0.3569,0.3551,0.4088,0.1,NORMAL,0,0,Windows,malam
23:19:08.009,21.182,0.3058,0.2828,0.2943,0.4018,0.0933,NORMAL,0,0,Windows,malam
23:19:08.039,21.212,0.2754,0.2785,0.2769,0.3933,0.0867,NORMAL,0,0,Windows,malam
23:19:08.070,21.243,0.289,0.2785,0.2837,0.3971,0.08,NORMAL,0,0,Windows,malam
23:19:08.099,21.272,0.2702,0.2763,0.2733,0.3803,0.0733,NORMAL,0,0,Windows,malam
23:19:08.132,21.305,0.2491,0.256,0.2526,0.3815,0.0667,NORMAL,0,0,Windows,malam
23:19:08.162,21.335,0.2355,0.2503,0.2429,0.3864,0.0667,NORMAL,1,0,Windows,malam
23:19:08.199,21.372,0.2806,0.2587,0.2696,0.3575,0.06,NORMAL,0,0,Windows,malam
23:19:08.238,21.411,0.3034,0.287,0.2952,0.3526,0.0533,NORMAL,0,0,Windows,malam
23:19:08.272,21.445,0.3137,0.2841,0.2989,0.3501,0.0467,NORMAL,0,0,Windows,malam
23:19:08.302,21.475,0.3137,0.3091,0.3114,0.3498,0.04,NORMAL,0,0,Windows,malam
23:19:08.335,21.508,0.3137,0.3364,0.3251,0.3489,0.0333,NORMAL,0,0,Windows,malam
23:19:08.366,21.539,0.3055,0.3287,0.3171,0.3557,0.0267,NORMAL,0,0,Windows,malam
23:19:08.397,21.57,0.355,0.3492,0.3521,0.3446,0.02,NORMAL,0,0,Windows,malam
23:19:08.428,21.601,0.3645,0.3619,0.3632,0.3447,0.0133,NORMAL,0,0,Windows,malam
23:19:08.459,21.632,0.3619,0.3505,0.3562,0.3447,0.0067,NORMAL,0,0,Windows,malam
23:19:08.488,21.661,0.3826,0.3596,0.3711,0.3526,0.0067,NORMAL,0,0,Windows,malam
23:19:08.523,21.696,0.3572,0.3546,0.3559,0.3543,0.0067,NORMAL,0,0,Windows,malam
23:19:08.553,21.726,0.3585,0.3916,0.3751,0.3589,0.0067,NORMAL,0,0,Windows,malam
23:19:08.600,21.773,0.369,0.3747,0.3719,0.3516,0.0067,NORMAL,0,0,Windows,malam
23:19:08.630,21.802,0.3655,0.3745,0.37,0.3562,0.0067,NORMAL,0,0,Windows,malam
23:19:08.664,21.837,0.3655,0.3842,0.3749,0.3467,0.0067,NORMAL,0,0,Windows,malam
23:19:08.695,21.868,0.355,0.3561,0.3556,0.3458,0.0067,NORMAL,0,0,Windows,malam
23:19:08.726,21.899,0.3391,0.3596,0.3494,0.3446,0.0067,NORMAL,0,0,Windows,malam
23:19:08.757,21.93,0.3391,0.3596,0.3494,0.3446,0.0067,NORMAL,0,0,Windows,malam
23:19:08.792,21.965,0.3681,0.3662,0.3671,0.3645,0.0067,NORMAL,0,0,Windows,malam
23:19:08.819,21.992,0.3523,0.3628,0.3575,0.3679,0.0067,NORMAL,0,0,Windows,malam
23:19:08.852,22.025,0.3533,0.3628,0.358,0.3684,0.0067,NORMAL,0,0,Windows,malam
23:19:08.905,22.077,0.3523,0.3639,0.3581,0.3775,0.0067,NORMAL,0,0,Windows,malam
23:19:08.931,22.104,0.3467,0.3501,0.3484,0.377,0.0067,NORMAL,0,0,Windows,malam
23:19:08.962,22.134,0.3359,0.3629,0.3494,0.383,0.0067,NORMAL,0,0,Windows,malam
23:19:08.999,22.172,0.3509,0.3469,0.3489,0.3749,0.0067,NORMAL,0,0,Windows,malam
23:19:09.021,22.194,0.3604,0.3629,0.3617,0.3777,0.0067,NORMAL,0,0,Windows,malam
23:19:09.054,22.227,0.3391,0.3702,0.3546,0.3742,0.0067,NORMAL,0,0,Windows,malam
23:19:09.096,22.269,0.3467,0.3559,0.3513,0.4126,0.0067,NORMAL,0,0,Windows,malam
23:19:09.118,22.29,0.3564,0.3311,0.3438,0.4172,0.0067,NORMAL,0,0,Windows,malam
23:19:09.151,22.323,0.3452,0.3396,0.3424,0.4147,0.0067,NORMAL,0,0,Windows,malam
23:19:09.192,22.365,0.3483,0.3438,0.346,0.4276,0.0067,NORMAL,0,0,Windows,malam
23:19:09.226,22.399,0.3641,0.3438,0.3539,0.4217,0.0067,NORMAL,0,0,Windows,malam
23:19:09.259,22.432,0.3641,0.3438,0.3539,0.4076,0.0067,NORMAL,0,0,Windows,malam
23:19:09.305,22.477,0.3766,0.3702,0.3734,0.4075,0.0067,NORMAL,0,0,Windows,malam
23:19:09.339,22.512,0.3619,0.3744,0.3681,0.405,0.0067,NORMAL,0,0,Windows,malam
23:19:09.370,22.543,0.3619,0.3744,0.3681,0.405,0.0067,NORMAL,0,0,Windows,malam
23:19:09.399,22.572,0.374,0.3885,0.3812,0.4076,0.0067,NORMAL,0,0,Windows,malam
23:19:09.431,22.604,0.38,0.3989,0.3894,0.4008,0.0067,NORMAL,0,0,Windows,malam
23:19:09.464,22.637,0.3891,0.3857,0.3874,0.4117,0.0067,NORMAL,0,0,Windows,malam
23:19:09.496,22.668,0.3523,0.3737,0.363,0.4,0.0067,NORMAL,0,0,Windows,malam
23:19:09.527,22.699,0.3523,0.3594,0.3559,0.4018,0.0067,NORMAL,0,0,Windows,malam
23:19:09.557,22.729,0.3523,0.3601,0.3562,0.4018,0.0067,NORMAL,0,0,Windows,malam
23:19:09.593,22.766,0.3681,0.3611,0.3646,0.3812,0.0067,NORMAL,0,0,Windows,malam
23:19:09.620,22.792,0.3432,0.3615,0.3524,0.3771,0.0067,NORMAL,0,0,Windows,malam
23:19:09.652,22.824,0.3693,0.3615,0.3654,0.3643,0.0067,NORMAL,0,0,Windows,malam
23:19:09.683,22.855,0.3693,0.3744,0.3718,0.3655,0.0067,NORMAL,0,0,Windows,malam
23:19:09.715,22.888,0.3523,0.3604,0.3563,0.3678,0.0067,NORMAL,0,0,Windows,malam
23:19:09.746,22.919,0.3523,0.3575,0.3549,0.3678,0.0067,NORMAL,0,0,Windows,malam
23:19:09.801,22.974,0.3534,0.361,0.3572,0.3729,0.0067,NORMAL,0,0,Windows,malam
23:19:09.826,22.998,0.3432,0.3605,0.3518,0.366,0.0067,NORMAL,0,0,Windows,malam
23:19:09.857,23.03,0.355,0.3714,0.3632,0.3637,0.0067,NORMAL,0,0,Windows,malam
23:19:09.896,23.069,0.3523,0.3565,0.3544,0.3816,0.0067,NORMAL,0,0,Windows,malam
23:19:09.919,23.092,0.3362,0.3565,0.3464,0.386,0.0067,NORMAL,0,0,Windows,malam
23:19:09.952,23.125,0.3469,0.3811,0.364,0.3859,0.0067,NORMAL,0,0,Windows,malam
23:19:09.997,23.17,0.3619,0.3533,0.3576,0.38,0.0067,NORMAL,0,0,Windows,malam
23:19:10.105,23.278,0.3347,0.3262,0.3305,0.393,0.0067,NORMAL,0,0,Windows,malam
23:19:10.139,23.311,0.3347,0.3268,0.3308,0.3918,0.0067,NORMAL,0,0,Windows,malam
23:19:10.200,23.373,0.1374,0.1242,0.1308,0.3938,0.0133,NORMAL,1,0,Windows,malam
23:19:10.232,23.405,0.0888,0.0832,0.086,0.3994,0.02,NORMAL,2,0,Windows,malam
23:19:10.261,23.434,0.0957,0.0789,0.0873,0.3918,0.0267,NORMAL,3,0,Windows,malam
23:19:10.296,23.469,0.1041,0.1031,0.1036,0.3996,0.0333,NORMAL,4,0,Windows,malam
23:19:10.326,23.499,0.0888,0.1044,0.0966,0.3891,0.04,NORMAL,5,0,Windows,malam
23:19:10.359,23.532,0.0853,0.1004,0.0929,0.3866,0.0467,NORMAL,6,0,Windows,malam
23:19:10.392,23.565,0.1328,0.1727,0.1527,0.3867,0.0533,NORMAL,7,0,Windows,malam
23:19:10.422,23.594,0.1717,0.2049,0.1883,0.3949,0.06,NORMAL,8,0,Windows,malam
23:19:10.452,23.624,0.1766,0.2326,0.2046,0.3964,0.0667,NORMAL,9,0,Windows,malam
23:19:10.482,23.655,0.1901,0.2468,0.2185,0.3964,0.0733,WARNING,10,0,Windows,malam
23:19:10.514,23.686,0.2463,0.2808,0.2635,0.3914,0.0733,NORMAL,0,0,Windows,malam
23:19:10.546,23.719,0.2764,0.2808,0.2786,0.385,0.0733,NORMAL,0,0,Windows,malam
23:19:10.600,23.773,0.2764,0.3032,0.2898,0.3955,0.0733,NORMAL,0,0,Windows,malam
23:19:10.625,23.797,0.2764,0.2995,0.288,0.3944,0.0733,NORMAL,0,0,Windows,malam
23:19:10.657,23.829,0.2764,0.3029,0.2896,0.3972,0.0733,NORMAL,0,0,Windows,malam
23:19:10.697,23.87,0.3024,0.3296,0.316,0.3888,0.0733,NORMAL,0,0,Windows,malam
23:19:10.736,23.909,0.3034,0.3268,0.3151,0.3868,0.0733,NORMAL,0,0,Windows,malam
23:19:10.767,23.939,0.2951,0.3268,0.311,0.3933,0.0733,NORMAL,0,0,Windows,malam
23:19:10.808,23.981,0.3087,0.3231,0.3159,0.3807,0.0733,NORMAL,0,0,Windows,malam
23:19:10.844,24.017,0.3117,0.3533,0.3325,0.3807,0.0733,NORMAL,0,0,Windows,malam
23:19:10.875,24.048,0.3117,0.3533,0.3325,0.3871,0.0733,NORMAL,0,0,Windows,malam
23:19:10.904,24.077,0.3117,0.3533,0.3325,0.3871,0.0733,NORMAL,0,0,Windows,malam
23:19:10.937,24.11,0.3212,0.3396,0.3304,0.3785,0.0733,NORMAL,0,0,Windows,malam
23:19:10.970,24.143,0.3212,0.3402,0.3307,0.3745,0.0733,NORMAL,0,0,Windows,malam
23:19:11.000,24.173,0.3269,0.3533,0.3401,0.3836,0.0733,NORMAL,0,0,Windows,malam
23:19:11.034,24.207,0.312,0.3533,0.3326,0.374,0.0733,NORMAL,0,0,Windows,malam
23:19:11.066,24.238,0.3137,0.3533,0.3335,0.3777,0.0733,NORMAL,0,0,Windows,malam
23:19:11.096,24.269,0.3231,0.3311,0.3271,0.3751,0.0733,NORMAL,0,0,Windows,malam
23:19:11.126,24.299,0.3126,0.3262,0.3194,0.3794,0.0733,NORMAL,0,0,Windows,malam
23:19:11.158,24.331,0.3129,0.3268,0.3199,0.3786,0.0733,NORMAL,0,0,Windows,malam
23:19:11.209,24.382,0.158,0.1293,0.1437,0.3791,0.08,NORMAL,1,0,Windows,malam
23:19:11.236,24.409,0.1551,0.1145,0.1348,0.3784,0.0867,NORMAL,2,0,Windows,malam
23:19:11.266,24.438,0.1454,0.1044,0.1249,0.3816,0.0933,NORMAL,3,0,Windows,malam
23:19:11.299,24.472,0.1376,0.1044,0.121,0.3876,0.1,NORMAL,4,0,Windows,malam
23:19:11.328,24.5,0.1548,0.133,0.1439,0.387,0.1067,NORMAL,5,0,Windows,malam
23:19:11.361,24.534,0.1751,0.1367,0.1559,0.3858,0.1133,NORMAL,6,0,Windows,malam
23:19:11.400,24.573,0.2072,0.1709,0.1891,0.394,0.12,NORMAL,7,0,Windows,malam
23:19:11.423,24.596,0.221,0.1967,0.2088,0.3981,0.1267,NORMAL,8,0,Windows,malam
23:19:11.455,24.628,0.2353,0.2153,0.2253,0.3909,0.1333,NORMAL,9,0,Windows,malam
23:19:11.496,24.669,0.2553,0.273,0.2641,0.3935,0.1333,NORMAL,0,0,Windows,malam
23:19:11.532,24.705,0.2824,0.2998,0.2911,0.3964,0.1333,NORMAL,0,0,Windows,malam
23:19:11.566,24.739,0.2824,0.3132,0.2978,0.3933,0.1333,NORMAL,0,0,Windows,malam
23:19:11.608,24.781,0.2992,0.3095,0.3044,0.3939,0.1333,NORMAL,0,0,Windows,malam
23:19:11.645,24.818,0.3129,0.2959,0.3044,0.3807,0.1333,NORMAL,0,0,Windows,malam
23:19:11.676,24.848,0.3262,0.3231,0.3247,0.3842,0.1333,NORMAL,0,0,Windows,malam
23:19:11.704,24.877,0.3253,0.3262,0.3258,0.3789,0.1333,NORMAL,0,0,Windows,malam
23:19:11.740,24.913,0.3253,0.3387,0.332,0.3864,0.1333,NORMAL,0,0,Windows,malam
23:19:11.771,24.944,0.3324,0.3324,0.3324,0.3916,0.1333,NORMAL,0,0,Windows,malam
23:19:11.800,24.972,0.3299,0.3194,0.3246,0.383,0.1333,NORMAL,0,0,Windows,malam
23:19:11.834,25.007,0.3299,0.3467,0.3383,0.3876,0.1333,NORMAL,0,0,Windows,malam
23:19:11.865,25.038,0.3299,0.3429,0.3364,0.3883,0.1333,NORMAL,0,0,Windows,malam
23:19:11.897,25.069,0.3184,0.3438,0.3311,0.3746,0.1333,NORMAL,0,0,Windows,malam
23:19:11.928,25.101,0.3429,0.3438,0.3433,0.3662,0.1333,NORMAL,0,0,Windows,malam
23:19:11.961,25.134,0.3429,0.3438,0.3433,0.3704,0.1333,NORMAL,0,0,Windows,malam
23:19:11.990,25.162,0.3429,0.3438,0.3433,0.3668,0.1333,NORMAL,0,0,Windows,malam
23:19:12.022,25.195,0.3402,0.3794,0.3598,0.3677,0.1333,NORMAL,0,0,Windows,malam
23:19:12.052,25.225,0.3402,0.3657,0.3529,0.3786,0.1333,NORMAL,0,0,Windows,malam
23:19:12.084,25.257,0.3269,0.3631,0.345,0.3788,0.1333,NORMAL,0,0,Windows,malam
23:19:12.115,25.288,0.3454,0.356,0.3507,0.3873,0.1333,NORMAL,0,0,Windows,malam
23:19:12.146,25.319,0.3402,0.3438,0.342,0.3833,0.1333,NORMAL,0,0,Windows,malam
23:19:12.201,25.374,0.3364,0.3726,0.3545,0.3827,0.1333,NORMAL,0,0,Windows,malam
23:19:12.224,25.397,0.3402,0.3444,0.3423,0.3783,0.1333,NORMAL,0,0,Windows,malam
23:19:12.255,25.427,0.3258,0.3559,0.3408,0.3724,0.1333,NORMAL,0,0,Windows,malam
23:19:12.297,25.47,0.3429,0.3463,0.3446,0.3846,0.1333,NORMAL,0,0,Windows,malam
23:19:12.333,25.506,0.3562,0.3438,0.35,0.3866,0.1333,NORMAL,0,0,Windows,malam
23:19:12.364,25.537,0.3523,0.3438,0.348,0.3885,0.1333,NORMAL,0,0,Windows,malam
23:19:12.398,25.571,0.3523,0.3438,0.348,0.3885,0.1333,NORMAL,0,0,Windows,malam
23:19:12.429,25.602,0.3387,0.3387,0.3387,0.3885,0.1333,NORMAL,0,0,Windows,malam
23:19:12.457,25.63,0.2932,0.3231,0.3082,0.394,0.1333,NORMAL,0,0,Windows,malam
23:19:12.490,25.663,0.2932,0.3095,0.3014,0.3892,0.1333,NORMAL,0,0,Windows,malam
23:19:12.519,25.692,0.1832,0.1721,0.1777,0.3831,0.14,NORMAL,1,0,Windows,malam
23:19:12.552,25.725,0.1539,0.1295,0.1417,0.3744,0.1467,NORMAL,2,0,Windows,malam
23:19:12.600,25.773,0.1378,0.1327,0.1352,0.3843,0.1533,NORMAL,3,0,Windows,malam
23:19:12.631,25.804,0.1378,0.128,0.1329,0.3806,0.16,NORMAL,4,0,Windows,malam
23:19:12.661,25.834,0.1378,0.1114,0.1246,0.3928,0.1667,NORMAL,5,0,Windows,malam
23:19:12.696,25.869,0.1494,0.1806,0.165,0.391,0.1733,NORMAL,6,0,Windows,malam
23:19:12.723,25.896,0.1584,0.1997,0.1791,0.394,0.18,NORMAL,7,0,Windows,malam
23:19:12.758,25.931,0.1766,0.2138,0.1952,0.397,0.1867,NORMAL,8,0,Windows,malam
23:19:12.787,25.96,0.1766,0.2187,0.1976,0.3985,0.1933,NORMAL,9,0,Windows,malam
23:19:12.818,25.991,0.2968,0.3029,0.2999,0.3836,0.1933,NORMAL,0,0,Windows,malam
23:19:12.849,26.022,0.2756,0.2764,0.276,0.3799,0.1933,NORMAL,0,0,Windows,malam
23:19:12.879,26.052,0.2746,0.2903,0.2825,0.3798,0.1933,NORMAL,0,0,Windows,malam
23:19:12.912,26.085,0.2849,0.2998,0.2924,0.375,0.1933,NORMAL,0,0,Windows,malam
23:19:12.943,26.116,0.2985,0.2998,0.2991,0.3802,0.1933,NORMAL,0,0,Windows,malam
23:19:13.000,26.173,0.2824,0.3029,0.2926,0.3817,0.1933,NORMAL,0,0,Windows,malam
23:19:13.037,26.21,0.2815,0.2998,0.2907,0.3884,0.1933,NORMAL,0,0,Windows,malam
23:19:13.069,26.242,0.2815,0.2998,0.2907,0.3933,0.1933,NORMAL,0,0,Windows,malam
23:19:13.112,26.285,0.2985,0.2862,0.2923,0.3856,0.1933,NORMAL,0,0,Windows,malam
23:19:13.144,26.317,0.2847,0.3204,0.3025,0.3859,0.1933,NORMAL,0,0,Windows,malam
23:19:13.176,26.349,0.2847,0.3156,0.3001,0.3821,0.1933,NORMAL,0,0,Windows,malam
23:19:13.207,26.38,0.2847,0.3042,0.2944,0.3766,0.1933,NORMAL,0,0,Windows,malam
23:19:13.237,26.41,0.2853,0.3071,0.2962,0.3769,0.1933,NORMAL,0,0,Windows,malam
23:19:13.269,26.442,0.2985,0.3071,0.3028,0.3814,0.1867,NORMAL,0,0,Windows,malam
23:19:13.302,26.475,0.2941,0.3071,0.3006,0.3753,0.1867,NORMAL,0,0,Windows,malam
23:19:13.332,26.505,0.3005,0.3042,0.3023,0.3863,0.1867,NORMAL,0,0,Windows,malam
23:19:13.364,26.537,0.3117,0.3072,0.3095,0.3893,0.1867,NORMAL,0,0,Windows,malam
23:19:13.400,26.573,0.3034,0.3202,0.3118,0.3931,0.1867,NORMAL,0,0,Windows,malam
23:19:13.426,26.599,0.3148,0.3304,0.3226,0.388,0.1867,NORMAL,0,0,Windows,malam
23:19:13.457,26.63,0.3117,0.3262,0.319,0.3886,0.1867,NORMAL,0,0,Windows,malam
23:19:13.512,26.685,0.3251,0.3332,0.3291,0.3868,0.1867,NORMAL,0,0,Windows,malam
23:19:13.536,26.709,0.3154,0.3475,0.3315,0.3979,0.1867,NORMAL,0,0,Windows,malam
23:19:13.566,26.739,0.3154,0.3438,0.3296,0.4037,0.1867,NORMAL,0,0,Windows,malam
23:19:13.599,26.772,0.3183,0.3533,0.3358,0.4003,0.1867,NORMAL,0,0,Windows,malam
23:19:13.628,26.801,0.3194,0.3438,0.3316,0.4058,0.1867,NORMAL,0,0,Windows,malam
23:19:13.659,26.832,0.3324,0.3438,0.3381,0.3981,0.1867,NORMAL,0,0,Windows,malam
23:19:13.690,26.863,0.3295,0.3475,0.3385,0.4014,0.1867,NORMAL,0,0,Windows,malam
23:19:13.721,26.894,0.3269,0.3262,0.3266,0.4022,0.1867,NORMAL,0,0,Windows,malam
23:19:13.752,26.925,0.3194,0.3262,0.3228,0.4089,0.1867,NORMAL,0,0,Windows,malam
23:19:13.800,26.973,0.3137,0.3202,0.3169,0.3909,0.1867,NORMAL,0,0,Windows,malam
23:19:13.833,27.006,0.3194,0.3441,0.3317,0.3889,0.1867,NORMAL,0,0,Windows,malam
23:19:13.862,27.035,0.3194,0.3597,0.3396,0.391,0.1867,NORMAL,0,0,Windows,malam
23:19:13.917,27.09,0.3242,0.3463,0.3353,0.3795,0.1867,NORMAL,0,0,Windows,malam
23:19:14.008,27.181,0.3242,0.3463,0.3353,0.3892,0.1867,NORMAL,0,0,Windows,malam
23:19:14.037,27.21,0.3242,0.3463,0.3353,0.3977,0.1867,NORMAL,0,0,Windows,malam
23:19:14.068,27.241,0.3375,0.3463,0.3419,0.3926,0.1867,NORMAL,0,0,Windows,malam
23:19:14.107,27.28,0.3286,0.3463,0.3374,0.3952,0.1867,NORMAL,0,0,Windows,malam
23:19:14.130,27.302,0.3313,0.3463,0.3388,0.3806,0.1867,NORMAL,0,0,Windows,malam
23:19:14.201,27.374,0.3313,0.3463,0.3388,0.3867,0.1867,NORMAL,0,0,Windows,malam
23:19:14.225,27.398,0.3296,0.3463,0.338,0.3933,0.1867,NORMAL,0,0,Windows,malam
23:19:14.257,27.43,0.3269,0.3559,0.3414,0.3881,0.1867,NORMAL,0,0,Windows,malam
23:19:14.286,27.459,0.3495,0.3559,0.3527,0.3855,0.1867,NORMAL,0,0,Windows,malam
23:19:14.318,27.491,0.3454,0.3463,0.3459,0.3768,0.1867,NORMAL,0,0,Windows,malam
23:19:14.347,27.52,0.3454,0.3501,0.3478,0.3829,0.1867,NORMAL,0,0,Windows,malam
23:19:14.379,27.552,0.3549,0.3475,0.3512,0.3919,0.1867,NORMAL,0,0,Windows,malam
23:19:14.409,27.582,0.3523,0.3475,0.3499,0.3941,0.1867,NORMAL,0,0,Windows,malam
23:19:14.442,27.614,0.339,0.3475,0.3432,0.3911,0.1867,NORMAL,0,0,Windows,malam
23:19:14.472,27.645,0.339,0.3475,0.3432,0.3946,0.1867,NORMAL,0,0,Windows,malam
23:19:14.509,27.682,0.3253,0.3348,0.3301,0.3895,0.1867,NORMAL,0,0,Windows,malam
23:19:14.534,27.707,0.3242,0.3463,0.3353,0.3826,0.1867,NORMAL,0,0,Windows,malam
23:19:14.600,27.773,0.3359,0.3384,0.3372,0.3919,0.1867,NORMAL,0,0,Windows,malam
23:19:14.631,27.804,0.3269,0.3454,0.3362,0.3919,0.1867,NORMAL,0,0,Windows,malam
23:19:14.662,27.835,0.3313,0.3463,0.3388,0.3868,0.1867,NORMAL,0,0,Windows,malam
23:19:14.695,27.867,0.3313,0.3463,0.3388,0.3932,0.1867,NORMAL,0,0,Windows,malam
23:19:14.727,27.899,0.3313,0.3463,0.3388,0.381,0.1867,NORMAL,0,0,Windows,malam
23:19:14.758,27.931,0.3296,0.3469,0.3383,0.3863,0.1867,NORMAL,0,0,Windows,malam
23:19:14.789,27.961,0.3521,0.3402,0.3462,0.3818,0.1867,NORMAL,0,0,Windows,malam
23:19:14.821,27.994,0.3511,0.3463,0.3487,0.4016,0.1867,NORMAL,0,0,Windows,malam
23:19:14.852,28.025,0.3418,0.3599,0.3509,0.4061,0.1867,NORMAL,0,0,Windows,malam
23:19:14.883,28.056,0.355,0.3693,0.3621,0.4049,0.1867,NORMAL,0,0,Windows,malam
23:19:14.915,28.088,0.3454,0.3702,0.3578,0.3889,0.1867,NORMAL,0,0,Windows,malam
23:19:14.946,28.119,0.3359,0.3693,0.3526,0.388,0.1867,NORMAL,0,0,Windows,malam
23:19:15.005,28.178,0.3794,0.3438,0.3616,0.3963,0.1867,NORMAL,0,0,Windows,malam
23:19:15.113,28.285,0.3594,0.3475,0.3534,0.398,0.1867,NORMAL,0,0,Windows,malam
23:19:15.150,28.323,0.339,0.3438,0.3414,0.3887,0.1867,NORMAL,0,0,Windows,malam
23:19:15.180,28.353,0.3359,0.3463,0.3411,0.3926,0.1867,NORMAL,0,0,Windows,malam
23:19:15.207,28.38,0.3523,0.3463,0.3493,0.3962,0.1867,NORMAL,0,0,Windows,malam
23:19:15.242,28.414,0.3281,0.3454,0.3368,0.4032,0.1867,NORMAL,0,0,Windows,malam
23:19:15.272,28.445,0.3281,0.3585,0.3433,0.3999,0.1867,NORMAL,0,0,Windows,malam
23:19:15.310,28.483,0.3253,0.3438,0.3345,0.4005,0.1867,NORMAL,0,0,Windows,malam
23:19:15.337,28.51,0.3345,0.3332,0.3339,0.401,0.1867,NORMAL,0,0,Windows,malam
23:19:15.417,28.589,0.2701,0.2153,0.2427,0.4065,0.1867,NORMAL,1,0,Windows,malam
23:19:15.446,28.619,0.2416,0.1806,0.2111,0.4109,0.1867,NORMAL,2,0,Windows,malam
23:19:15.476,28.649,0.2197,0.1736,0.1966,0.4019,0.1867,NORMAL,3,0,Windows,malam
23:19:15.509,28.682,0.2197,0.1602,0.1899,0.41,0.1867,NORMAL,4,0,Windows,malam
23:19:15.538,28.711,0.2197,0.1787,0.1992,0.3909,0.1867,NORMAL,5,0,Windows,malam
23:19:15.572,28.745,0.2197,0.1791,0.1994,0.3929,0.1867,NORMAL,6,0,Windows,malam
23:19:15.605,28.778,0.2197,0.1916,0.2056,0.3932,0.1867,NORMAL,7,0,Windows,malam
23:19:15.635,28.808,0.2416,0.2572,0.2494,0.387,0.1867,NORMAL,8,0,Windows,malam
23:19:15.666,28.839,0.2559,0.2836,0.2697,0.393,0.18,NORMAL,0,0,Windows,malam
23:19:15.698,28.871,0.2701,0.3109,0.2905,0.3897,0.1733,NORMAL,0,0,Windows,malam
23:19:15.729,28.902,0.3069,0.3262,0.3165,0.398,0.1733,NORMAL,0,0,Windows,malam
23:19:15.761,28.934,0.3482,0.329,0.3386,0.3886,0.1733,NORMAL,0,0,Windows,malam
23:19:15.817,28.989,0.3174,0.3126,0.315,0.3922,0.1733,NORMAL,0,0,Windows,malam
23:19:15.852,29.024,0.305,0.3043,0.3046,0.3953,0.1733,NORMAL,0,0,Windows,malam
23:19:15.884,29.057,0.305,0.3043,0.3046,0.3934,0.1733,NORMAL,0,0,Windows,malam
23:19:15.911,29.084,0.305,0.3043,0.3046,0.3964,0.1733,NORMAL,0,0,Windows,malam
23:19:15.946,29.119,0.3205,0.2992,0.3099,0.3911,0.1733,NORMAL,0,0,Windows,malam
23:19:15.978,29.151,0.3132,0.2992,0.3062,0.3853,0.1733,NORMAL,0,0,Windows,malam
23:19:16.009,29.182,0.3174,0.3126,0.315,0.3917,0.1733,NORMAL,0,0,Windows,malam
23:19:16.038,29.211,0.3323,0.3268,0.3296,0.398,0.1733,NORMAL,0,0,Windows,malam
23:19:16.069,29.242,0.3354,0.3268,0.3311,0.4048,0.1733,NORMAL,0,0,Windows,malam
23:19:16.103,29.276,0.3262,0.3338,0.33,0.4048,0.1733,NORMAL,0,0,Windows,malam
23:19:16.133,29.306,0.3253,0.3463,0.3358,0.3954,0.1733,NORMAL,0,0,Windows,malam
23:19:16.164,29.337,0.3387,0.329,0.3338,0.3974,0.1733,NORMAL,0,0,Windows,malam
23:19:16.216,29.389,0.3523,0.3533,0.3528,0.4027,0.1733,NORMAL,0,0,Windows,malam
23:19:16.242,29.415,0.3523,0.3676,0.36,0.4032,0.1733,NORMAL,0,0,Windows,malam
23:19:16.273,29.446,0.3647,0.3533,0.359,0.4089,0.1733,NORMAL,0,0,Windows,malam
23:19:16.306,29.479,0.3511,0.3533,0.3522,0.4032,0.1733,NORMAL,0,0,Windows,malam
23:19:16.335,29.508,0.339,0.3399,0.3394,0.4059,0.1733,NORMAL,0,0,Windows,malam
23:19:16.367,29.54,0.339,0.3262,0.3326,0.4005,0.1733,NORMAL,0,0,Windows,malam
23:19:16.400,29.573,0.3253,0.3268,0.3261,0.4032,0.1667,NORMAL,0,0,Windows,malam
23:19:16.431,29.604,0.3314,0.3338,0.3326,0.3987,0.16,NORMAL,0,0,Windows,malam
23:19:16.463,29.636,0.3314,0.3469,0.3391,0.4006,0.1533,NORMAL,0,0,Windows,malam
23:19:16.496,29.668,0.3342,0.3402,0.3372,0.3927,0.1467,NORMAL,0,0,Windows,malam
23:19:16.526,29.699,0.3347,0.3268,0.3308,0.3969,0.14,NORMAL,0,0,Windows,malam
23:19:16.557,29.73,0.3223,0.3262,0.3242,0.3856,0.1333,NORMAL,0,0,Windows,malam
23:19:16.588,29.761,0.3347,0.3399,0.3373,0.3922,0.1267,NORMAL,0,0,Windows,malam
23:19:16.616,29.789,0.3212,0.3431,0.3321,0.3958,0.12,NORMAL,0,0,Windows,malam
23:19:16.650,29.822,0.3342,0.329,0.3316,0.3842,0.1133,NORMAL,0,0,Windows,malam
23:19:16.680,29.853,0.3314,0.3202,0.3258,0.3862,0.1133,NORMAL,0,0,Windows,malam
23:19:16.712,29.885,0.3454,0.3469,0.3462,0.3881,0.1133,NORMAL,0,0,Windows,malam
23:19:16.743,29.915,0.3302,0.3338,0.332,0.392,0.1133,NORMAL,0,0,Windows,malam
23:19:16.774,29.947,0.3441,0.3333,0.3387,0.3977,0.1133,NORMAL,0,0,Windows,malam
23:19:16.808,29.981,0.3375,0.3399,0.3387,0.3931,0.1133,NORMAL,0,0,Windows,malam
23:19:16.836,30.008,0.3242,0.3262,0.3252,0.3943,0.1133,NORMAL,0,0,Windows,malam
23:19:16.869,30.042,0.3302,0.3262,0.3282,0.3865,0.1133,NORMAL,0,0,Windows,malam
23:19:16.904,30.077,0.3333,0.3399,0.3366,0.3859,0.1133,NORMAL,0,0,Windows,malam
23:19:16.931,30.104,0.3253,0.3399,0.3326,0.39,0.1133,NORMAL,0,0,Windows,malam
23:19:16.963,30.135,0.3253,0.3399,0.3326,0.39,0.1133,NORMAL,0,0,Windows,malam
23:19:17.017,30.19,0.3223,0.3441,0.3332,0.3931,0.1133,NORMAL,0,0,Windows,malam
23:19:17.042,30.215,0.3387,0.3399,0.3393,0.3931,0.1133,NORMAL,0,0,Windows,malam
23:19:17.088,30.261,0.3453,0.3425,0.3439,0.3971,0.1133,NORMAL,0,0,Windows,malam
23:19:17.133,30.306,0.3387,0.3333,0.336,0.3944,0.1133,NORMAL,0,0,Windows,malam
23:19:17.166,30.339,0.3314,0.3396,0.3355,0.3966,0.1133,NORMAL,0,0,Windows,malam
23:19:17.196,30.369,0.3359,0.3533,0.3446,0.3966,0.1133,NORMAL,0,0,Windows,malam
23:19:17.231,30.404,0.2479,0.2283,0.2381,0.4032,0.12,NORMAL,1,0,Windows,malam
23:19:17.262,30.435,0.2247,0.1887,0.2067,0.3938,0.1267,NORMAL,2,0,Windows,malam
23:19:17.296,30.469,0.2241,0.1998,0.2119,0.3938,0.1333,NORMAL,3,0,Windows,malam
23:19:17.326,30.499,0.2268,0.2308,0.2288,0.3853,0.14,NORMAL,4,0,Windows,malam
23:19:17.356,30.529,0.2641,0.2308,0.2474,0.3813,0.1467,NORMAL,5,0,Windows,malam
23:19:17.387,30.56,0.2452,0.2494,0.2473,0.3772,0.1533,NORMAL,6,0,Windows,malam
23:19:17.416,30.589,0.2875,0.2802,0.2838,0.3862,0.1533,NORMAL,0,0,Windows,malam
23:19:17.448,30.621,0.2919,0.2802,0.286,0.3906,0.1533,NORMAL,0,0,Windows,malam
23:19:17.479,30.652,0.2836,0.2808,0.2822,0.3937,0.1533,NORMAL,0,0,Windows,malam
23:19:17.513,30.686,0.3237,0.3029,0.3133,0.3855,0.1533,NORMAL,0,0,Windows,malam
23:19:17.544,30.717,0.3109,0.3115,0.3112,0.3847,0.1533,NORMAL,0,0,Windows,malam
23:19:17.574,30.747,0.31,0.3115,0.3108,0.3792,0.1533,NORMAL,0,0,Windows,malam
23:19:17.608,30.781,0.32,0.3262,0.3231,0.397,0.1533,NORMAL,0,0,Windows,malam
23:19:17.638,30.811,0.3034,0.3156,0.3095,0.3969,0.1533,NORMAL,0,0,Windows,malam
23:19:17.669,30.842,0.3122,0.3126,0.3124,0.4012,0.1533,NORMAL,0,0,Windows,malam
23:19:17.720,30.893,0.3174,0.3424,0.3299,0.3975,0.1467,NORMAL,0,0,Windows,malam
23:19:17.748,30.92,0.32,0.3205,0.3202,0.3885,0.14,NORMAL,0,0,Windows,malam
23:19:17.778,30.951,0.3167,0.3345,0.3256,0.3857,0.1333,NORMAL,0,0,Windows,malam
23:19:17.817,30.99,0.3034,0.3126,0.308,0.3911,0.1267,NORMAL,0,0,Windows,malam
23:19:17.842,31.015,0.3174,0.3214,0.3194,0.3955,0.12,NORMAL,0,0,Windows,malam
23:19:17.872,31.045,0.3034,0.329,0.3162,0.4012,0.1133,NORMAL,0,0,Windows,malam
23:19:17.913,31.085,0.3034,0.3354,0.3194,0.3997,0.1067,NORMAL,0,0,Windows,malam
23:19:17.936,31.109,0.2985,0.3354,0.3169,0.3911,0.1,NORMAL,0,0,Windows,malam
23:19:17.967,31.14,0.2985,0.3354,0.3169,0.3911,0.0933,NORMAL,0,0,Windows,malam
23:19:18.008,31.181,0.3323,0.3323,0.3323,0.3916,0.0933,NORMAL,0,0,Windows,malam
23:19:18.028,31.201,0.3268,0.3576,0.3422,0.3982,0.0933,NORMAL,0,0,Windows,malam
23:19:18.062,31.235,0.3454,0.3402,0.3428,0.3918,0.0933,NORMAL,0,0,Windows,malam
23:19:18.121,31.294,0.3305,0.3314,0.3309,0.391,0.0933,NORMAL,0,0,Windows,malam
23:19:18.157,31.33,0.333,0.3454,0.3392,0.3914,0.0933,NORMAL,0,0,Windows,malam
23:19:18.187,31.36,0.3463,0.3314,0.3389,0.3903,0.0933,NORMAL,0,0,Windows,malam
23:19:18.216,31.389,0.3324,0.3482,0.3403,0.3878,0.0933,NORMAL,0,0,Windows,malam
23:19:18.250,31.423,0.3323,0.3327,0.3325,0.3905,0.0933,NORMAL,0,0,Windows,malam
23:19:18.282,31.455,0.3323,0.3236,0.328,0.3955,0.0933,NORMAL,0,0,Windows,malam
23:19:18.317,31.49,0.3305,0.3354,0.333,0.3905,0.0933,NORMAL,0,0,Windows,malam
23:19:18.344,31.517,0.3253,0.3345,0.3299,0.39,0.0933,NORMAL,0,0,Windows,malam
23:19:18.377,31.55,0.3368,0.3345,0.3356,0.3821,0.0933,NORMAL,0,0,Windows,malam
23:19:18.408,31.581,0.3504,0.339,0.3447,0.3904,0.0933,NORMAL,0,0,Windows,malam
23:19:18.437,31.61,0.339,0.3533,0.3461,0.384,0.0933,NORMAL,0,0,Windows,malam
23:19:18.469,31.642,0.339,0.339,0.339,0.3892,0.0933,NORMAL,0,0,Windows,malam
23:19:18.520,31.693,0.3262,0.3441,0.3351,0.3821,0.0933,NORMAL,0,0,Windows,malam
23:19:18.546,31.719,0.3368,0.3571,0.347,0.3835,0.0933,NORMAL,0,0,Windows,malam
23:19:18.578,31.75,0.3354,0.3268,0.3311,0.3867,0.0933,NORMAL,0,0,Windows,malam
23:19:18.617,31.79,0.3354,0.3438,0.3396,0.3896,0.0933,NORMAL,0,0,Windows,malam
23:19:18.654,31.827,0.3671,0.3475,0.3573,0.39,0.0933,NORMAL,0,0,Windows,malam
23:19:18.686,31.859,0.3418,0.3463,0.344,0.3824,0.0933,NORMAL,0,0,Windows,malam
23:19:18.718,31.89,0.3314,0.3243,0.3278,0.3832,0.0933,NORMAL,0,0,Windows,malam
23:19:18.748,31.921,0.3258,0.337,0.3314,0.3793,0.0933,NORMAL,0,0,Windows,malam
23:19:18.779,31.952,0.3183,0.3202,0.3193,0.3754,0.0933,NORMAL,0,0,Windows,malam
23:19:18.807,31.98,0.3288,0.329,0.3289,0.3793,0.0933,NORMAL,0,0,Windows,malam
23:19:18.842,32.015,0.3324,0.3243,0.3283,0.3787,0.0933,NORMAL,0,0,Windows,malam
23:19:18.873,32.046,0.3418,0.3565,0.3492,0.3744,0.0933,NORMAL,0,0,Windows,malam
23:19:18.919,32.092,0.355,0.3501,0.3526,0.3783,0.0933,NORMAL,0,0,Windows,malam
23:19:18.952,32.125,0.3645,0.383,0.3737,0.3828,0.0933,NORMAL,0,0,Windows,malam
23:19:18.982,32.154,0.3511,0.384,0.3676,0.3918,0.0933,NORMAL,0,0,Windows,malam
23:19:19.016,32.189,0.3511,0.3571,0.3541,0.394,0.0933,NORMAL,0,0,Windows,malam
23:19:19.045,32.218,0.3259,0.3533,0.3396,0.39,0.0933,NORMAL,0,0,Windows,malam
23:19:19.076,32.249,0.3259,0.3533,0.3396,0.3921,0.0933,NORMAL,0,0,Windows,malam
23:19:19.113,32.286,0.3443,0.3463,0.3453,0.3987,0.0933,NORMAL,0,0,Windows,malam
23:19:19.139,32.312,0.3404,0.3703,0.3554,0.4046,0.0933,NORMAL,0,0,Windows,malam
23:19:19.171,32.344,0.3497,0.3469,0.3483,0.4024,0.0933,NORMAL,0,0,Windows,malam
23:19:19.208,32.381,0.3377,0.3507,0.3442,0.4066,0.0933,NORMAL,0,0,Windows,malam
23:19:19.234,32.406,0.343,0.3251,0.334,0.3998,0.0933,NORMAL,0,0,Windows,malam
23:19:19.282,32.455,0.3291,0.3415,0.3353,0.3945,0.0933,NORMAL,0,0,Windows,malam
23:19:19.321,32.494,0.3303,0.3373,0.3338,0.4068,0.0933,NORMAL,0,0,Windows,malam
23:19:19.347,32.52,0.3418,0.3202,0.331,0.4028,0.0933,NORMAL,0,0,Windows,malam
23:19:19.377,32.55,0.3443,0.3333,0.3388,0.4002,0.0933,NORMAL,0,0,Windows,malam
23:19:19.417,32.59,0.3391,0.3384,0.3388,0.3944,0.0933,NORMAL,0,0,Windows,malam
23:19:19.437,32.61,0.3511,0.3438,0.3474,0.3953,0.0933,NORMAL,0,0,Windows,malam
23:19:19.470,32.643,0.3403,0.3429,0.3416,0.3857,0.0933,NORMAL,0,0,Windows,malam
23:19:19.512,32.685,0.3378,0.3463,0.3421,0.3922,0.0933,NORMAL,0,0,Windows,malam
23:19:19.548,32.72,0.3347,0.3475,0.3411,0.3919,0.0933,NORMAL,0,0,Windows,malam
23:19:19.579,32.752,0.3242,0.3571,0.3407,0.3919,0.0933,NORMAL,0,0,Windows,malam
23:19:19.607,32.78,0.3229,0.3304,0.3266,0.3865,0.0933,NORMAL,0,0,Windows,malam
23:19:19.641,32.814,0.3231,0.3332,0.3281,0.3809,0.0933,NORMAL,0,0,Windows,malam
23:19:19.675,32.847,0.3377,0.3431,0.3404,0.3827,0.0933,NORMAL,0,0,Windows,malam
23:19:19.721,32.894,0.3483,0.3431,0.3457,0.3795,0.0933,NORMAL,0,0,Windows,malam
23:19:19.753,32.926,0.3481,0.3469,0.3475,0.3889,0.0933,NORMAL,0,0,Windows,malam
23:19:19.782,32.954,0.359,0.3469,0.3529,0.3841,0.0933,NORMAL,0,0,Windows,malam
23:19:19.816,32.989,0.3725,0.374,0.3732,0.4,0.0933,NORMAL,0,0,Windows,malam
23:19:19.846,33.019,0.3617,0.3608,0.3613,0.3981,0.0933,NORMAL,0,0,Windows,malam
23:19:19.877,33.05,0.3469,0.3604,0.3536,0.4,0.0933,NORMAL,0,0,Windows,malam
23:19:19.912,33.085,0.3427,0.3507,0.3467,0.3952,0.0933,NORMAL,0,0,Windows,malam
23:19:19.937,33.11,0.3404,0.3415,0.341,0.3918,0.0933,NORMAL,0,0,Windows,malam
23:19:19.968,33.141,0.3327,0.3287,0.3307,0.3778,0.0933,NORMAL,0,0,Windows,malam
23:19:20.024,33.197,0.3301,0.3376,0.3338,0.3757,0.0933,NORMAL,0,0,Windows,malam
23:19:20.045,33.218,0.3389,0.3325,0.3357,0.3692,0.0933,NORMAL,0,0,Windows,malam
23:19:20.078,33.251,0.3414,0.3383,0.3399,0.3769,0.0933,NORMAL,0,0,Windows,malam
23:19:20.122,33.294,0.3377,0.3449,0.3413,0.3883,0.0933,NORMAL,0,0,Windows,malam
23:19:20.158,33.331,0.3404,0.3449,0.3427,0.3882,0.0933,NORMAL,0,0,Windows,malam
23:19:20.188,33.361,0.343,0.3415,0.3422,0.3961,0.0933,NORMAL,0,0,Windows,malam
23:19:20.216,33.389,0.3404,0.3415,0.341,0.392,0.0933,NORMAL,0,0,Windows,malam
23:19:20.252,33.424,0.3275,0.3415,0.3345,0.392,0.0933,NORMAL,0,0,Windows,malam
23:19:20.283,33.456,0.3144,0.3415,0.3279,0.3828,0.0933,NORMAL,0,0,Windows,malam
23:19:20.312,33.485,0.3418,0.3443,0.3431,0.3925,0.0933,NORMAL,0,0,Windows,malam
23:19:20.344,33.517,0.3522,0.3443,0.3483,0.3994,0.0933,NORMAL,0,0,Windows,malam
23:19:20.377,33.55,0.3301,0.3415,0.3358,0.4062,0.0867,NORMAL,0,0,Windows,malam
23:19:20.424,33.597,0.3391,0.3543,0.3467,0.3957,0.08,NORMAL,0,0,Windows,malam
23:19:20.456,33.629,0.3537,0.3568,0.3553,0.4045,0.0733,NORMAL,0,0,Windows,malam
23:19:20.488,33.66,0.3418,0.3501,0.3459,0.3929,0.0667,NORMAL,0,0,Windows,malam
23:19:20.521,33.694,0.3469,0.3534,0.3501,0.3895,0.06,NORMAL,0,0,Windows,malam
23:19:20.551,33.724,0.343,0.3639,0.3534,0.3895,0.0533,NORMAL,0,0,Windows,malam
23:19:20.582,33.754,0.3404,0.3507,0.3456,0.3891,0.0467,NORMAL,0,0,Windows,malam
23:19:20.620,33.793,0.3198,0.3342,0.327,0.4021,0.04,NORMAL,0,0,Windows,malam
23:19:20.660,33.833,0.2974,0.3342,0.3158,0.3952,0.04,NORMAL,0,0,Windows,malam
23:19:20.692,33.865,0.2941,0.3078,0.301,0.4004,0.04,NORMAL,0,0,Windows,malam
23:19:20.722,33.895,0.268,0.29,0.279,0.4111,0.04,NORMAL,0,0,Windows,malam
23:19:20.756,33.929,0.2784,0.2947,0.2865,0.421,0.04,NORMAL,0,0,Windows,malam
23:19:20.785,33.958,0.2763,0.2944,0.2853,0.4215,0.04,NORMAL,0,0,Windows,malam
23:19:20.824,33.997,0.3004,0.2785,0.2895,0.4272,0.04,NORMAL,0,0,Windows,malam
23:19:20.851,34.024,0.3023,0.3029,0.3026,0.4229,0.04,NORMAL,0,0,Windows,malam
23:19:20.881,34.053,0.2974,0.2947,0.2961,0.4229,0.04,NORMAL,0,0,Windows,malam
23:19:20.920,34.093,0.3198,0.3078,0.3138,0.4021,0.04,NORMAL,0,0,Windows,malam
23:19:20.944,34.117,0.3198,0.3078,0.3138,0.39,0.04,NORMAL,0,0,Windows,malam
23:19:20.974,34.147,0.3198,0.3078,0.3138,0.3934,0.04,NORMAL,0,0,Windows,malam
23:19:21.019,34.192,0.3144,0.304,0.3092,0.3963,0.04,NORMAL,0,0,Windows,malam
23:19:21.052,34.224,0.3418,0.3123,0.3271,0.398,0.04,NORMAL,0,0,Windows,malam
23:19:21.084,34.257,0.3288,0.3208,0.3248,0.4036,0.04,NORMAL,0,0,Windows,malam
23:19:21.113,34.285,0.3246,0.3339,0.3292,0.3864,0.04,NORMAL,0,0,Windows,malam
23:19:21.147,34.32,0.3229,0.338,0.3304,0.3788,0.04,NORMAL,0,0,Windows,malam
23:19:21.178,34.351,0.3141,0.3348,0.3245,0.3849,0.04,NORMAL,0,0,Windows,malam
23:19:21.224,34.397,0.3258,0.3249,0.3253,0.3939,0.04,NORMAL,0,0,Windows,malam
23:19:21.259,34.432,0.3495,0.3338,0.3417,0.3851,0.04,NORMAL,0,0,Windows,malam
23:19:21.288,34.461,0.3418,0.3376,0.3397,0.3851,0.04,NORMAL,0,0,Windows,malam
23:19:21.319,34.492,0.3481,0.3374,0.3427,0.3827,0.04,NORMAL,0,0,Windows,malam
23:19:21.353,34.526,0.3469,0.3469,0.3469,0.3931,0.04,NORMAL,0,0,Windows,malam
23:19:21.382,34.555,0.3334,0.3469,0.3402,0.3862,0.04,NORMAL,0,0,Windows,malam
23:19:21.418,34.591,0.3144,0.3338,0.3241,0.392,0.04,NORMAL,0,0,Windows,malam
23:19:21.443,34.616,0.3313,0.3325,0.3319,0.392,0.04,NORMAL,0,0,Windows,malam
23:19:21.477,34.65,0.3354,0.3374,0.3364,0.3962,0.04,NORMAL,0,0,Windows,malam
23:19:21.513,34.685,0.3288,0.3374,0.3331,0.3892,0.04,NORMAL,0,0,Windows,malam
23:19:21.539,34.711,0.3301,0.3246,0.3273,0.3967,0.04,NORMAL,0,0,Windows,malam
23:19:21.569,34.742,0.3391,0.3285,0.3338,0.3854,0.04,NORMAL,0,0,Windows,malam
23:19:21.625,34.798,0.3314,0.3469,0.3391,0.3865,0.04,NORMAL,0,0,Windows,malam
23:19:21.647,34.82,0.3288,0.3469,0.3379,0.3858,0.04,NORMAL,0,0,Windows,malam
23:19:21.679,34.852,0.3259,0.3507,0.3383,0.3892,0.04,NORMAL,0,0,Windows,malam
23:19:21.720,34.892,0.3443,0.3469,0.3456,0.3875,0.04,NORMAL,0,0,Windows,malam
23:19:21.756,34.929,0.3483,0.3376,0.3429,0.3805,0.04,NORMAL,0,0,Windows,malam
23:19:21.788,34.961,0.3418,0.3469,0.3444,0.3836,0.04,NORMAL,0,0,Windows,malam
23:19:21.817,34.99,0.3391,0.3469,0.343,0.3834,0.04,NORMAL,0,0,Windows,malam
23:19:21.846,35.019,0.3288,0.3338,0.3313,0.3898,0.04,NORMAL,0,0,Windows,malam
23:19:21.879,35.052,0.3403,0.3348,0.3375,0.3938,0.04,NORMAL,0,0,Windows,malam
23:19:21.912,35.085,0.3418,0.3578,0.3498,0.3898,0.04,NORMAL,0,0,Windows,malam
23:19:21.942,35.115,0.3391,0.3507,0.3449,0.3898,0.04,NORMAL,0,0,Windows,malam
23:19:21.973,35.146,0.3523,0.3507,0.3515,0.3862,0.04,NORMAL,0,0,Windows,malam
23:19:22.027,35.2,0.3523,0.3482,0.3502,0.3895,0.04,NORMAL,0,0,Windows,malam
23:19:22.067,35.24,0.3523,0.3507,0.3515,0.3871,0.04,NORMAL,0,0,Windows,malam
23:19:22.097,35.27,0.3523,0.3469,0.3496,0.3883,0.04,NORMAL,0,0,Windows,malam
23:19:22.129,35.302,0.3523,0.3463,0.3493,0.3956,0.04,NORMAL,0,0,Windows,malam
23:19:22.176,35.349,0.3418,0.3506,0.3462,0.4019,0.04,NORMAL,0,0,Windows,malam
23:19:22.210,35.383,0.3404,0.3415,0.341,0.3974,0.04,NORMAL,0,0,Windows,malam
23:19:22.240,35.413,0.343,0.3482,0.3456,0.39,0.0333,NORMAL,0,0,Windows,malam
23:19:22.271,35.444,0.3317,0.3507,0.3412,0.3946,0.0267,NORMAL,0,0,Windows,malam
23:19:22.302,35.475,0.3275,0.3469,0.3372,0.3946,0.02,NORMAL,0,0,Windows,malam
23:19:22.333,35.506,0.3246,0.3376,0.3311,0.3895,0.0133,NORMAL,0,0,Windows,malam
23:19:22.366,35.539,0.3314,0.3338,0.3326,0.386,0.0067,NORMAL,0,0,Windows,malam
23:19:22.397,35.57,0.3288,0.3338,0.3313,0.386,0.0,NORMAL,0,0,Windows,malam
23:19:22.424,35.597,0.3259,0.3338,0.3298,0.3895,0.0,NORMAL,0,0,Windows,malam
23:19:22.459,35.632,0.3269,0.3338,0.3304,0.3869,0.0,NORMAL,0,0,Windows,malam
23:19:22.490,35.662,0.3269,0.3338,0.3304,0.392,0.0,NORMAL,0,0,Windows,malam
23:19:22.520,35.692,0.3259,0.3338,0.3298,0.3965,0.0,NORMAL,0,0,Windows,malam
23:19:22.554,35.727,0.3391,0.3469,0.343,0.4096,0.0,NORMAL,0,0,Windows,malam
23:19:22.584,35.756,0.3377,0.3601,0.3489,0.4036,0.0,NORMAL,0,0,Windows,malam
23:19:22.616,35.789,0.3497,0.3578,0.3537,0.4049,0.0,NORMAL,0,0,Windows,malam
23:19:22.647,35.82,0.3404,0.3507,0.3456,0.3936,0.0,NORMAL,0,0,Windows,malam
23:19:22.677,35.85,0.3404,0.3507,0.3456,0.3936,0.0,NORMAL,0,0,Windows,malam
23:19:22.728,35.901,0.3377,0.3469,0.3423,0.3962,0.0,NORMAL,0,0,Windows,malam
23:19:22.758,35.931,0.3497,0.3469,0.3483,0.4002,0.0,NORMAL,0,0,Windows,malam
23:19:22.791,35.964,0.3497,0.3469,0.3483,0.4007,0.0,NORMAL,0,0,Windows,malam
23:19:22.828,36.001,0.3404,0.3578,0.3491,0.3948,0.0,NORMAL,0,0,Windows,malam
23:19:22.856,36.029,0.3377,0.3604,0.3491,0.393,0.0,NORMAL,0,0,Windows,malam
23:19:22.897,36.07,0.3377,0.3469,0.3423,0.393,0.0,NORMAL,0,0,Windows,malam
23:19:22.951,36.123,0.2995,0.2947,0.2971,0.3903,0.0,NORMAL,0,0,Windows,malam
23:19:22.980,36.153,0.2741,0.2733,0.2737,0.385,0.0,NORMAL,0,0,Windows,malam
23:19:23.010,36.183,0.2546,0.2634,0.259,0.3987,0.0,NORMAL,0,0,Windows,malam
23:19:23.041,36.214,0.268,0.2734,0.2707,0.3965,0.0,NORMAL,0,0,Windows,malam
23:19:23.073,36.246,0.2645,0.2734,0.2689,0.4004,0.0,NORMAL,0,0,Windows,malam
23:19:23.103,36.276,0.2608,0.2734,0.2671,0.4004,0.0,NORMAL,0,0,Windows,malam
23:19:23.135,36.308,0.2537,0.2734,0.2635,0.4004,0.0,NORMAL,0,0,Windows,malam
23:19:23.168,36.341,0.2806,0.2734,0.277,0.4,0.0,NORMAL,0,0,Windows,malam
23:19:23.198,36.371,0.2843,0.2863,0.2853,0.4,0.0,NORMAL,0,0,Windows,malam
23:19:23.230,36.403,0.2974,0.3035,0.3004,0.4069,0.0,NORMAL,0,0,Windows,malam
23:19:23.262,36.435,0.2863,0.3166,0.3015,0.4089,0.0,NORMAL,0,0,Windows,malam
23:19:23.294,36.467,0.2863,0.3078,0.2971,0.4036,0.0,NORMAL,0,0,Windows,malam
23:19:23.326,36.498,0.3138,0.3338,0.3238,0.4132,0.0,NORMAL,0,0,Windows,malam
23:19:23.359,36.532,0.311,0.3338,0.3224,0.411,0.0,NORMAL,0,0,Windows,malam
23:19:23.388,36.561,0.311,0.3467,0.3288,0.4074,0.0,NORMAL,0,0,Windows,malam
23:19:23.418,36.591,0.3027,0.3374,0.32,0.4002,0.0,NORMAL,0,0,Windows,malam
23:19:23.453,36.626,0.3126,0.3415,0.3271,0.4029,0.0,NORMAL,0,0,Windows,malam
23:19:23.482,36.655,0.3144,0.3409,0.3276,0.4054,0.0,NORMAL,0,0,Windows,malam
23:19:23.527,36.7,0.3377,0.3629,0.3503,0.3817,0.0,NORMAL,0,0,Windows,malam
23:19:23.560,36.733,0.33,0.3443,0.3372,0.3753,0.0,NORMAL,0,0,Windows,malam
23:19:23.592,36.765,0.3537,0.3501,0.3519,0.369,0.0,NORMAL,0,0,Windows,malam
23:19:23.624,36.797,0.3404,0.3492,0.3448,0.3754,0.0,NORMAL,0,0,Windows,malam
23:19:23.653,36.826,0.3404,0.3534,0.3469,0.377,0.0,NORMAL,0,0,Windows,malam
23:19:23.686,36.858,0.343,0.3568,0.3499,0.382,0.0,NORMAL,0,0,Windows,malam
23:19:23.721,36.893,0.3303,0.3501,0.3402,0.3776,0.0,NORMAL,0,0,Windows,malam
23:19:23.749,36.921,0.3201,0.3537,0.3369,0.3796,0.0,NORMAL,0,0,Windows,malam
23:19:23.779,36.952,0.3313,0.3632,0.3473,0.3815,0.0,NORMAL,0,0,Windows,malam
23:19:23.815,36.988,0.3286,0.3632,0.3459,0.3892,0.0,NORMAL,0,0,Windows,malam
23:19:23.842,37.015,0.3313,0.3507,0.341,0.3938,0.0,NORMAL,0,0,Windows,malam
23:19:23.872,37.045,0.3333,0.3507,0.342,0.3922,0.0,NORMAL,0,0,Windows,malam
23:19:23.929,37.101,0.3364,0.3507,0.3436,0.4009,0.0,NORMAL,0,0,Windows,malam
23:19:23.965,37.138,0.3301,0.3507,0.3404,0.4045,0.0,NORMAL,0,0,Windows,malam
23:19:23.997,37.17,0.3301,0.3501,0.3401,0.3902,0.0,NORMAL,0,0,Windows,malam
23:19:24.029,37.202,0.3788,0.4022,0.3905,0.3878,0.0,NORMAL,0,0,Windows,malam
23:19:24.060,37.233,0.3901,0.388,0.389,0.3822,0.0,NORMAL,0,0,Windows,malam
23:19:24.092,37.265,0.3805,0.3761,0.3783,0.3783,0.0,NORMAL,0,0,Windows,malam
23:19:24.120,37.293,0.4057,0.424,0.4149,0.3722,0.0,NORMAL,0,0,Windows,malam
23:19:24.153,37.325,0.3901,0.4223,0.4062,0.3825,0.0,NORMAL,0,0,Windows,malam
23:19:24.186,37.359,0.3915,0.4088,0.4002,0.3753,0.0,NORMAL,0,0,Windows,malam
23:19:24.217,37.39,0.3931,0.3818,0.3874,0.3808,0.0,NORMAL,0,0,Windows,malam
23:19:24.249,37.422,0.3683,0.3828,0.3756,0.3792,0.0,NORMAL,0,0,Windows,malam
23:19:24.282,37.455,0.3818,0.3828,0.3823,0.3865,0.0,NORMAL,0,0,Windows,malam
23:19:24.328,37.501,0.3763,0.3533,0.3648,0.3995,0.0,NORMAL,0,0,Windows,malam
23:19:24.359,37.532,0.3622,0.3533,0.3577,0.4103,0.0,NORMAL,0,0,Windows,malam
23:19:24.391,37.564,0.3622,0.3533,0.3577,0.4107,0.0,NORMAL,0,0,Windows,malam
23:19:24.424,37.597,0.3607,0.3699,0.3653,0.4025,0.0,NORMAL,0,0,Windows,malam
23:19:24.455,37.628,0.3387,0.3492,0.3439,0.398,0.0,NORMAL,0,0,Windows,malam
23:19:24.485,37.658,0.3314,0.364,0.3477,0.3908,0.0,NORMAL,0,0,Windows,malam
23:19:24.521,37.694,0.3485,0.3633,0.3559,0.3873,0.0,NORMAL,0,0,Windows,malam
23:19:24.547,37.72,0.3586,0.3673,0.3629,0.3851,0.0,NORMAL,0,0,Windows,malam
23:19:24.579,37.752,0.3485,0.3673,0.3579,0.377,0.0,NORMAL,0,0,Windows,malam
23:19:24.633,37.806,0.3454,0.3633,0.3543,0.3935,0.0,NORMAL,0,0,Windows,malam
23:19:24.658,37.831,0.3622,0.3354,0.3488,0.3973,0.0,NORMAL,0,0,Windows,malam
23:19:24.690,37.863,0.3622,0.3499,0.3561,0.4016,0.0,NORMAL,0,0,Windows,malam
23:19:24.729,37.901,0.3441,0.3533,0.3487,0.3992,0.0,NORMAL,0,0,Windows,malam
23:19:24.755,37.928,0.356,0.3604,0.3582,0.4002,0.0,NORMAL,0,0,Windows,malam
23:19:24.788,37.961,0.3698,0.3633,0.3665,0.3977,0.0,NORMAL,0,0,Windows,malam
23:19:24.828,38.001,0.3359,0.3533,0.3446,0.3597,0.0,NORMAL,0,0,Windows,malam
23:19:24.849,38.022,0.3437,0.3533,0.3485,0.355,0.0,NORMAL,0,0,Windows,malam
23:19:24.880,38.053,0.3577,0.3402,0.349,0.3518,0.0,NORMAL,0,0,Windows,malam
23:19:24.920,38.092,0.3594,0.3511,0.3552,0.3623,0.0,NORMAL,0,0,Windows,malam
23:19:24.943,38.116,0.3359,0.3537,0.3448,0.3567,0.0,NORMAL,0,0,Windows,malam
23:19:24.973,38.146,0.3453,0.3537,0.3495,0.365,0.0,NORMAL,0,0,Windows,malam
23:19:25.032,38.205,0.3492,0.3667,0.358,0.3708,0.0,NORMAL,0,0,Windows,malam
23:19:25.066,38.239,0.3396,0.364,0.3518,0.3665,0.0,NORMAL,0,0,Windows,malam
23:19:25.098,38.271,0.3631,0.3633,0.3632,0.37,0.0,NORMAL,0,0,Windows,malam
23:19:25.128,38.3,0.3633,0.389,0.3761,0.3776,0.0,NORMAL,0,0,Windows,malam
23:19:25.160,38.333,0.3734,0.3909,0.3821,0.3875,0.0,NORMAL,0,0,Windows,malam
23:19:25.193,38.366,0.3787,0.3909,0.3848,0.3947,0.0,NORMAL,0,0,Windows,malam
23:19:25.224,38.397,0.3734,0.3771,0.3752,0.4033,0.0,NORMAL,0,0,Windows,malam
23:19:25.255,38.428,0.376,0.4035,0.3898,0.4076,0.0,NORMAL,0,0,Windows,malam
23:19:25.287,38.46,0.3523,0.3892,0.3708,0.4018,0.0,NORMAL,0,0,Windows,malam
23:19:25.320,38.493,0.3323,0.3452,0.3388,0.4002,0.0,NORMAL,0,0,Windows,malam
23:19:25.347,38.52,0.3084,0.346,0.3272,0.3914,0.0,NORMAL,0,0,Windows,malam
23:19:25.379,38.552,0.3043,0.3315,0.3179,0.3903,0.0,NORMAL,0,0,Windows,malam
23:19:25.432,38.605,0.3183,0.346,0.3321,0.409,0.0,NORMAL,0,0,Windows,malam
23:19:25.459,38.632,0.3183,0.3427,0.3305,0.3983,0.0,NORMAL,0,0,Windows,malam
23:19:25.491,38.664,0.3314,0.3427,0.337,0.3938,0.0,NORMAL,0,0,Windows,malam
23:19:25.529,38.702,0.3183,0.3361,0.3272,0.405,0.0,NORMAL,0,0,Windows,malam
23:19:25.569,38.742,0.3043,0.346,0.3251,0.3991,0.0,NORMAL,0,0,Windows,malam
23:19:25.600,38.773,0.3003,0.349,0.3246,0.4088,0.0,NORMAL,0,0,Windows,malam
23:19:25.631,38.804,0.3231,0.3602,0.3417,0.4097,0.0,NORMAL,0,0,Windows,malam
23:19:25.663,38.836,0.3231,0.3511,0.3371,0.4053,0.0,NORMAL,0,0,Windows,malam
23:19:25.694,38.867,0.3533,0.3374,0.3453,0.4001,0.0,NORMAL,0,0,Windows,malam
23:19:25.720,38.893,0.3594,0.3874,0.3734,0.3793,0.0,NORMAL,0,0,Windows,malam
23:19:25.756,38.929,0.3622,0.3912,0.3767,0.3774,0.0,NORMAL,0,0,Windows,malam
23:19:25.786,38.959,0.3622,0.376,0.3691,0.3739,0.0,NORMAL,0,0,Windows,malam
23:19:25.833,39.006,0.3594,0.3794,0.3694,0.3996,0.0,NORMAL,0,0,Windows,malam
23:19:25.864,39.037,0.3549,0.384,0.3695,0.3895,0.0,NORMAL,0,0,Windows,malam
23:19:25.896,39.069,0.3549,0.3794,0.3671,0.3834,0.0,NORMAL,0,0,Windows,malam
23:19:25.927,39.1,0.3818,0.383,0.3824,0.3841,0.0,NORMAL,0,0,Windows,malam
23:19:25.959,39.132,0.3683,0.3645,0.3664,0.3889,0.0,NORMAL,0,0,Windows,malam
23:19:25.991,39.164,0.3671,0.3781,0.3726,0.3828,0.0,NORMAL,0,0,Windows,malam
23:19:26.025,39.198,0.3671,0.3915,0.3793,0.3928,0.0,NORMAL,0,0,Windows,malam
23:19:26.054,39.227,0.3645,0.3949,0.3797,0.3864,0.0,NORMAL,0,0,Windows,malam
23:19:26.087,39.26,0.3645,0.3973,0.3809,0.3831,0.0,NORMAL,0,0,Windows,malam
23:19:26.120,39.293,0.3511,0.3794,0.3652,0.3902,0.0,NORMAL,0,0,Windows,malam
23:19:26.147,39.32,0.3418,0.3454,0.3436,0.3858,0.0,NORMAL,0,0,Windows,malam
23:19:26.180,39.353,0.3418,0.3463,0.344,0.3827,0.0,NORMAL,0,0,Windows,malam
23:19:26.234,39.407,0.3418,0.3463,0.344,0.3956,0.0,NORMAL,0,0,Windows,malam
23:19:26.257,39.43,0.3391,0.3463,0.3427,0.394,0.0,NORMAL,0,0,Windows,malam
23:19:26.290,39.463,0.3432,0.3463,0.3447,0.3857,0.0,NORMAL,0,0,Windows,malam
23:19:26.328,39.501,0.3432,0.3501,0.3466,0.4138,0.0,NORMAL,0,0,Windows,malam
23:19:26.352,39.525,0.3456,0.3501,0.3479,0.4197,0.0,NORMAL,0,0,Windows,malam
23:19:26.384,39.557,0.3456,0.3501,0.3479,0.4201,0.0,NORMAL,0,0,Windows,malam
23:19:26.423,39.596,0.3811,0.388,0.3846,0.4212,0.0,NORMAL,0,0,Windows,malam
23:19:26.446,39.619,0.3619,0.4022,0.382,0.4307,0.0,NORMAL,0,0,Windows,malam
23:19:26.476,39.649,0.3835,0.3875,0.3855,0.4287,0.0,NORMAL,0,0,Windows,malam
23:19:26.520,39.693,0.3944,0.3979,0.3961,0.4315,0.0,NORMAL,0,0,Windows,malam
23:19:26.554,39.727,0.4051,0.3989,0.402,0.4372,0.0,NORMAL,0,0,Windows,malam
23:19:26.587,39.76,0.38,0.3989,0.3895,0.4253,0.0,NORMAL,0,0,Windows,malam
23:19:26.636,39.809,0.3929,0.4088,0.4008,0.4341,0.0,NORMAL,0,0,Windows,malam
23:19:26.662,39.835,0.3904,0.3957,0.3931,0.4335,0.0,NORMAL,0,0,Windows,malam
23:19:26.694,39.867,0.4041,0.3957,0.3999,0.4412,0.0,NORMAL,0,0,Windows,malam
23:19:26.728,39.9,0.4065,0.4065,0.4065,0.4407,0.0,NORMAL,0,0,Windows,malam
23:19:26.757,39.93,0.4051,0.3929,0.399,0.4302,0.0,NORMAL,0,0,Windows,malam
23:19:26.787,39.96,0.4027,0.3929,0.3978,0.4346,0.0,NORMAL,0,0,Windows,malam
23:19:26.826,39.999,0.3915,0.4088,0.4002,0.411,0.0,NORMAL,0,0,Windows,malam
23:19:26.867,40.04,0.4,0.4065,0.4033,0.4014,0.0,NORMAL,0,0,Windows,malam
23:19:26.897,40.07,0.3766,0.4065,0.3916,0.3977,0.0,NORMAL,0,0,Windows,malam
23:19:26.935,40.108,0.3511,0.4099,0.3805,0.3889,0.0,NORMAL,0,0,Windows,malam
23:19:26.977,40.15,0.3647,0.3979,0.3813,0.3844,0.0,NORMAL,0,0,Windows,malam
23:19:27.008,40.181,0.366,0.3848,0.3754,0.389,0.0,NORMAL,0,0,Windows,malam
23:19:27.041,40.214,0.3647,0.3794,0.372,0.3927,0.0,NORMAL,0,0,Windows,malam
23:19:27.071,40.244,0.3429,0.384,0.3634,0.3927,0.0,NORMAL,0,0,Windows,malam
23:19:27.102,40.275,0.3511,0.3693,0.3602,0.3828,0.0,NORMAL,0,0,Windows,malam
23:19:27.133,40.306,0.356,0.3716,0.3638,0.3923,0.0,NORMAL,0,0,Windows,malam
23:19:27.165,40.337,0.3681,0.3726,0.3703,0.39,0.0,NORMAL,0,0,Windows,malam
23:19:27.196,40.369,0.3693,0.3726,0.3709,0.3851,0.0,NORMAL,0,0,Windows,malam
23:19:27.225,40.398,0.3585,0.3761,0.3673,0.3973,0.0,NORMAL,0,0,Windows,malam
23:19:27.258,40.431,0.3537,0.3537,0.3537,0.3927,0.0,NORMAL,0,0,Windows,malam
23:19:27.291,40.464,0.3511,0.3409,0.346,0.3966,0.0,NORMAL,0,0,Windows,malam
23:19:27.335,40.508,0.363,0.3501,0.3565,0.3765,0.0,NORMAL,0,0,Windows,malam
23:19:27.366,40.539,0.3671,0.3761,0.3716,0.3776,0.0,NORMAL,0,0,Windows,malam
23:19:27.399,40.572,0.3537,0.3737,0.3637,0.3776,0.0,NORMAL,0,0,Windows,malam
23:19:27.432,40.605,0.3619,0.3501,0.356,0.3794,0.0,NORMAL,0,0,Windows,malam
23:19:27.462,40.635,0.3483,0.3629,0.3556,0.3987,0.0,NORMAL,0,0,Windows,malam
23:19:27.493,40.666,0.3418,0.3629,0.3523,0.3876,0.0,NORMAL,0,0,Windows,malam
23:19:27.527,40.7,0.2941,0.2808,0.2875,0.4081,0.0,NORMAL,0,0,Windows,malam
23:19:27.557,40.73,0.268,0.2714,0.2697,0.4014,0.0,NORMAL,0,0,Windows,malam
23:19:27.585,40.758,0.2403,0.2585,0.2494,0.402,0.0067,NORMAL,1,0,Windows,malam
23:19:27.624,40.797,0.2582,0.2725,0.2653,0.4097,0.0067,NORMAL,0,0,Windows,malam
23:19:27.647,40.82,0.2756,0.2725,0.274,0.4097,0.0067,NORMAL,0,0,Windows,malam
23:19:27.679,40.852,0.2746,0.2992,0.2869,0.4107,0.0067,NORMAL,0,0,Windows,malam
23:19:27.737,40.91,0.2893,0.3198,0.3045,0.4142,0.0067,NORMAL,0,0,Windows,malam
23:19:27.775,40.948,0.2925,0.3097,0.3011,0.4007,0.0067,NORMAL,0,0,Windows,malam
23:19:27.820,40.993,0.2995,0.3374,0.3184,0.4014,0.0067,NORMAL,0,0,Windows,malam
23:19:27.852,41.025,0.2985,0.3307,0.3146,0.4072,0.0067,NORMAL,0,0,Windows,malam
23:19:27.882,41.055,0.2953,0.3261,0.3107,0.4007,0.0067,NORMAL,0,0,Windows,malam
23:19:27.913,41.086,0.3065,0.3307,0.3186,0.3981,0.0067,NORMAL,0,0,Windows,malam
23:19:27.946,41.119,0.3132,0.354,0.3336,0.3996,0.0067,NORMAL,0,0,Windows,malam
23:19:27.975,41.148,0.3329,0.3537,0.3433,0.4065,0.0067,NORMAL,0,0,Windows,malam
23:19:28.008,41.181,0.3246,0.354,0.3393,0.3933,0.0067,NORMAL,0,0,Windows,malam
23:19:28.039,41.212,0.3518,0.3322,0.342,0.3984,0.0067,NORMAL,0,0,Windows,malam
23:19:28.070,41.243,0.3481,0.3605,0.3543,0.396,0.0067,NORMAL,0,0,Windows,malam
23:19:28.102,41.275,0.3505,0.3596,0.3551,0.3952,0.0067,NORMAL,0,0,Windows,malam
23:19:28.138,41.31,0.3528,0.3538,0.3533,0.4101,0.0067,NORMAL,0,0,Windows,malam
23:19:28.167,41.34,0.344,0.3569,0.3505,0.4073,0.0067,NORMAL,0,0,Windows,malam
23:19:28.198,41.371,0.344,0.3569,0.3505,0.4099,0.0067,NORMAL,0,0,Windows,malam
23:19:28.232,41.405,0.3495,0.3628,0.3562,0.3966,0.0067,NORMAL,0,0,Windows,malam
23:19:28.260,41.433,0.3495,0.3536,0.3515,0.3962,0.0067,NORMAL,0,0,Windows,malam
23:19:28.292,41.465,0.3471,0.3569,0.352,0.3904,0.0067,NORMAL,0,0,Windows,malam
23:19:28.329,41.502,0.3345,0.3513,0.3429,0.3889,0.0067,NORMAL,0,0,Windows,malam
23:19:28.354,41.527,0.3371,0.3411,0.3391,0.3955,0.0067,NORMAL,0,0,Windows,malam
23:19:28.386,41.559,0.3345,0.3411,0.3378,0.3905,0.0067,NORMAL,0,0,Windows,malam
23:19:28.429,41.601,0.3381,0.3561,0.3471,0.3832,0.0067,NORMAL,0,0,Windows,malam
23:19:28.465,41.638,0.3481,0.3444,0.3463,0.3915,0.0067,NORMAL,0,0,Windows,malam
23:19:28.498,41.671,0.3371,0.3534,0.3453,0.3925,0.0067,NORMAL,0,0,Windows,malam
23:19:28.535,41.708,0.3391,0.3409,0.34,0.3963,0.0067,NORMAL,0,0,Windows,malam
23:19:28.559,41.732,0.3364,0.3285,0.3325,0.4052,0.0067,NORMAL,0,0,Windows,malam
23:19:28.589,41.762,0.3111,0.3141,0.3126,0.4,0.0067,NORMAL,0,0,Windows,malam
23:19:28.632,41.805,0.3312,0.3177,0.3245,0.3916,0.0067,NORMAL,0,0,Windows,malam
23:19:28.668,41.84,0.3129,0.3425,0.3277,0.3849,0.0067,NORMAL,0,0,Windows,malam
23:19:28.700,41.873,0.3364,0.3389,0.3377,0.399,0.0067,NORMAL,0,0,Windows,malam
23:19:28.728,41.9,0.3364,0.3661,0.3513,0.3971,0.0067,NORMAL,0,0,Windows,malam
23:19:28.762,41.934,0.3726,0.3713,0.3719,0.3998,0.0067,NORMAL,0,0,Windows,malam
23:19:28.794,41.967,0.3628,0.3842,0.3735,0.395,0.0067,NORMAL,0,0,Windows,malam
23:19:28.825,41.998,0.3757,0.3842,0.3799,0.3842,0.0067,NORMAL,0,0,Windows,malam
23:19:28.859,42.032,0.3726,0.3596,0.3661,0.398,0.0067,NORMAL,0,0,Windows,malam
23:19:28.887,42.06,0.3599,0.3713,0.3656,0.398,0.0067,NORMAL,0,0,Windows,malam
23:19:28.936,42.109,0.3381,0.3585,0.3483,0.4053,0.0067,NORMAL,0,0,Windows,malam
23:19:28.969,42.141,0.3501,0.3585,0.3543,0.4121,0.0067,NORMAL,0,0,Windows,malam
23:19:29.000,42.173,0.3537,0.3495,0.3516,0.4095,0.0067,NORMAL,0,0,Windows,malam
23:19:29.032,42.204,0.3094,0.2817,0.2956,0.3796,0.0067,NORMAL,0,0,Windows,malam
23:19:29.062,42.235,0.2925,0.2701,0.2813,0.3804,0.0067,NORMAL,0,0,Windows,malam
23:19:29.094,42.267,0.2805,0.2773,0.2789,0.3823,0.0067,NORMAL,0,0,Windows,malam
23:19:29.129,42.302,0.2942,0.2701,0.2821,0.403,0.0067,NORMAL,0,0,Windows,malam
23:19:29.156,42.329,0.2615,0.2805,0.271,0.4056,0.0067,NORMAL,0,0,Windows,malam
23:19:29.187,42.36,0.2645,0.2701,0.2673,0.4071,0.0067,NORMAL,0,0,Windows,malam
23:19:29.241,42.414,0.2905,0.2955,0.293,0.4021,0.0067,NORMAL,0,0,Windows,malam
23:19:29.266,42.439,0.3035,0.3074,0.3055,0.3918,0.0067,NORMAL,0,0,Windows,malam
23:19:29.298,42.471,0.3163,0.2995,0.3079,0.3939,0.0067,NORMAL,0,0,Windows,malam
23:19:29.337,42.51,0.3322,0.3456,0.3389,0.3994,0.0067,NORMAL,0,0,Windows,malam
23:19:29.361,42.533,0.3501,0.3585,0.3543,0.3911,0.0067,NORMAL,0,0,Windows,malam
23:19:29.390,42.563,0.3411,0.3379,0.3395,0.3975,0.0067,NORMAL,0,0,Windows,malam
23:19:29.432,42.605,0.3782,0.3585,0.3683,0.384,0.0067,NORMAL,0,0,Windows,malam
23:19:29.453,42.626,0.3404,0.3653,0.3528,0.3862,0.0067,NORMAL,0,0,Windows,malam
23:19:29.487,42.66,0.3524,0.3391,0.3457,0.3968,0.0067,NORMAL,0,0,Windows,malam
23:19:29.529,42.702,0.3262,0.3246,0.3254,0.4049,0.0067,NORMAL,0,0,Windows,malam
23:19:29.562,42.734,0.3409,0.3469,0.3439,0.3999,0.0067,NORMAL,0,0,Windows,malam
23:19:29.594,42.767,0.3279,0.3506,0.3392,0.4035,0.0067,NORMAL,0,0,Windows,malam
23:19:29.640,42.813,0.3404,0.3561,0.3482,0.4023,0.0067,NORMAL,0,0,Windows,malam
23:19:29.672,42.844,0.3492,0.3305,0.3399,0.4064,0.0067,NORMAL,0,0,Windows,malam
23:19:29.702,42.875,0.3492,0.3315,0.3403,0.4012,0.0067,NORMAL,0,0,Windows,malam
23:19:29.736,42.909,0.3608,0.3403,0.3506,0.4044,0.0067,NORMAL,0,0,Windows,malam
23:19:29.766,42.939,0.3574,0.3473,0.3523,0.4033,0.0067,NORMAL,0,0,Windows,malam
23:19:29.797,42.97,0.3653,0.3351,0.3502,0.4088,0.0067,NORMAL,0,0,Windows,malam
23:19:29.832,43.005,0.3653,0.3652,0.3653,0.4046,0.0067,NORMAL,0,0,Windows,malam
23:19:29.861,43.034,0.3653,0.3736,0.3695,0.4112,0.0067,NORMAL,0,0,Windows,malam
23:19:29.890,43.063,0.3619,0.355,0.3585,0.4019,0.0067,NORMAL,0,0,Windows,malam
23:19:29.928,43.101,0.3944,0.3931,0.3937,0.3933,0.0067,NORMAL,0,0,Windows,malam
23:19:29.967,43.14,0.3653,0.4003,0.3828,0.3878,0.0067,NORMAL,0,0,Windows,malam
23:19:29.999,43.172,0.3653,0.3886,0.3769,0.3877,0.0067,NORMAL,0,0,Windows,malam
23:19:30.040,43.213,0.3459,0.3847,0.3653,0.4152,0.0067,NORMAL,0,0,Windows,malam
23:19:30.062,43.235,0.3693,0.3726,0.3709,0.4084,0.0067,NORMAL,0,0,Windows,malam
23:19:30.092,43.265,0.3354,0.363,0.3492,0.4077,0.0067,NORMAL,0,0,Windows,malam
23:19:30.137,43.309,0.3354,0.3596,0.3475,0.402,0.0067,NORMAL,0,0,Windows,malam
23:19:30.171,43.343,0.3467,0.3653,0.356,0.3967,0.0067,NORMAL,0,0,Windows,malam
23:19:30.201,43.374,0.3608,0.3653,0.3631,0.3967,0.0067,NORMAL,0,0,Windows,malam
23:19:30.231,43.404,0.3467,0.3653,0.356,0.3931,0.0067,NORMAL,0,0,Windows,malam
23:19:30.263,43.436,0.3456,0.3561,0.3509,0.3899,0.0067,NORMAL,0,0,Windows,malam
23:19:30.313,43.485,0.3481,0.3561,0.3521,0.3899,0.0067,NORMAL,0,0,Windows,malam
23:19:30.343,43.516,0.3573,0.3561,0.3567,0.3769,0.0067,NORMAL,0,0,Windows,malam
23:19:30.444,43.617,0.3481,0.3619,0.355,0.3736,0.0067,NORMAL,0,0,Windows,malam
23:19:30.469,43.642,0.3456,0.3619,0.3538,0.3681,0.0067,NORMAL,0,0,Windows,malam
23:19:30.536,43.709,0.3704,0.3473,0.3588,0.3871,0.0067,NORMAL,0,0,Windows,malam
23:19:30.561,43.734,0.3835,0.3672,0.3754,0.3869,0.0067,NORMAL,0,0,Windows,malam
23:19:30.597,43.77,0.3704,0.3808,0.3756,0.3763,0.0067,NORMAL,0,0,Windows,malam
23:19:30.632,43.805,0.3443,0.3703,0.3573,0.373,0.0067,NORMAL,0,0,Windows,malam
23:19:30.656,43.829,0.3573,0.3528,0.355,0.3668,0.0067,NORMAL,0,0,Windows,malam
23:19:30.687,43.86,0.3416,0.3473,0.3444,0.3759,0.0067,NORMAL,0,0,Windows,malam
23:19:30.727,43.9,0.3251,0.3274,0.3262,0.38,0.0067,NORMAL,0,0,Windows,malam
23:19:30.751,43.924,0.3359,0.3237,0.3298,0.3923,0.0067,NORMAL,0,0,Windows,malam
23:19:30.774,43.947,0.3404,0.3364,0.3384,0.3879,0.0067,NORMAL,0,0,Windows,malam
23:19:30.798,43.971,0.3511,0.3364,0.3438,0.3814,0.0067,NORMAL,0,0,Windows,malam
23:19:30.845,44.018,0.2756,0.2818,0.2787,0.3894,0.0067,NORMAL,0,0,Windows,malam
23:19:30.876,44.049,0.2625,0.2684,0.2654,0.3934,0.0067,NORMAL,0,0,Windows,malam
23:19:30.937,44.11,0.289,0.2764,0.2827,0.3895,0.0067,NORMAL,0,0,Windows,malam
23:19:30.967,44.14,0.3023,0.3024,0.3024,0.3859,0.0067,NORMAL,0,0,Windows,malam
23:19:31.001,44.174,0.3109,0.2946,0.3027,0.3847,0.0067,NORMAL,0,0,Windows,malam
23:19:31.032,44.205,0.329,0.3215,0.3253,0.3917,0.0067,NORMAL,0,0,Windows,malam
23:19:31.062,44.235,0.3332,0.3361,0.3346,0.3812,0.0067,NORMAL,0,0,Windows,malam
23:19:31.094,44.266,0.3361,0.3363,0.3362,0.3811,0.0067,NORMAL,0,0,Windows,malam
23:19:31.128,44.301,0.3495,0.3486,0.3491,0.3711,0.0067,NORMAL,0,0,Windows,malam
23:19:31.157,44.33,0.3611,0.3428,0.352,0.3736,0.0067,NORMAL,0,0,Windows,malam
23:19:31.189,44.362,0.3495,0.3428,0.3462,0.3748,0.0067,NORMAL,0,0,Windows,malam
23:19:31.217,44.39,0.3449,0.3443,0.3446,0.3774,0.0067,NORMAL,0,0,Windows,malam
23:19:31.251,44.423,0.3662,0.3556,0.3609,0.3709,0.0067,NORMAL,0,0,Windows,malam
23:19:31.279,44.452,0.3749,0.3706,0.3727,0.3633,0.0067,NORMAL,0,0,Windows,malam
23:19:31.336,44.509,0.3694,0.3572,0.3633,0.3879,0.0067,NORMAL,0,0,Windows,malam
23:19:31.362,44.534,0.3569,0.3456,0.3513,0.3862,0.0067,NORMAL,0,0,Windows,malam
23:19:31.390,44.563,0.35,0.3456,0.3478,0.3864,0.0067,NORMAL,0,0,Windows,malam
23:19:31.432,44.605,0.3501,0.3548,0.3524,0.3895,0.0067,NORMAL,0,0,Windows,malam
23:19:31.452,44.625,0.3529,0.3548,0.3538,0.3834,0.0067,NORMAL,0,0,Windows,malam
23:19:31.486,44.659,0.3401,0.3548,0.3475,0.3861,0.0067,NORMAL,0,0,Windows,malam
23:19:31.545,44.718,0.3364,0.3456,0.341,0.3933,0.0067,NORMAL,0,0,Windows,malam
23:19:31.577,44.75,0.3364,0.3456,0.341,0.3884,0.0067,NORMAL,0,0,Windows,malam
23:19:31.611,44.784,0.3454,0.3456,0.3455,0.3903,0.0067,NORMAL,0,0,Windows,malam
23:19:31.642,44.815,0.3492,0.3456,0.3474,0.3922,0.0067,NORMAL,0,0,Windows,malam
23:19:31.673,44.846,0.3463,0.3713,0.3588,0.3842,0.0067,NORMAL,0,0,Windows,malam
23:19:31.704,44.877,0.3454,0.3713,0.3584,0.3873,0.0067,NORMAL,0,0,Windows,malam
23:19:31.737,44.91,0.3609,0.3585,0.3597,0.398,0.0067,NORMAL,0,0,Windows,malam
23:19:31.765,44.937,0.3338,0.3548,0.3443,0.401,0.0067,NORMAL,0,0,Windows,malam
23:19:31.799,44.972,0.3378,0.3548,0.3463,0.4035,0.0067,NORMAL,0,0,Windows,malam
23:19:31.832,45.005,0.2942,0.2829,0.2886,0.4044,0.0067,NORMAL,0,0,Windows,malam
23:19:31.862,45.035,0.2947,0.2829,0.2888,0.4026,0.0067,NORMAL,0,0,Windows,malam
23:19:31.894,45.066,0.2684,0.2757,0.2721,0.3957,0.0067,NORMAL,0,0,Windows,malam
23:19:31.946,45.118,0.3243,0.3317,0.328,0.4062,0.0067,NORMAL,0,0,Windows,malam
23:19:31.987,45.16,0.3338,0.3215,0.3277,0.4021,0.0067,NORMAL,0,0,Windows,malam
23:19:32.018,45.19,0.328,0.3342,0.3311,0.3988,0.0067,NORMAL,0,0,Windows,malam
23:19:32.048,45.221,0.328,0.3468,0.3374,0.3938,0.0067,NORMAL,0,0,Windows,malam
23:19:32.079,45.252,0.3536,0.3343,0.344,0.4218,0.0067,NORMAL,0,0,Windows,malam
23:19:32.171,45.344,0.3463,0.3483,0.3473,0.4065,0.0067,NORMAL,0,0,Windows,malam
23:19:32.233,45.406,0.3492,0.3483,0.3487,0.4009,0.0067,NORMAL,0,0,Windows,malam
23:19:32.266,45.439,0.3492,0.3595,0.3543,0.3963,0.0067,NORMAL,0,0,Windows,malam
23:19:32.297,45.469,0.3629,0.3629,0.3629,0.3929,0.0067,NORMAL,0,0,Windows,malam
23:19:32.348,45.521,0.3585,0.3637,0.3611,0.4087,0.0067,NORMAL,0,0,Windows,malam
23:19:32.374,45.547,0.3454,0.3606,0.353,0.4077,0.0067,NORMAL,0,0,Windows,malam
23:19:32.407,45.58,0.3324,0.3505,0.3414,0.4127,0.0067,NORMAL,0,0,Windows,malam
23:19:32.438,45.61,0.3324,0.3505,0.3414,0.4177,0.0067,NORMAL,0,0,Windows,malam
23:19:32.468,45.641,0.3751,0.3737,0.3744,0.401,0.0067,NORMAL,0,0,Windows,malam
23:19:32.501,45.674,0.3883,0.3753,0.3818,0.4009,0.0067,NORMAL,0,0,Windows,malam
23:19:32.547,45.72,0.3818,0.3976,0.3897,0.388,0.0067,NORMAL,0,0,Windows,malam
23:19:32.578,45.751,0.3454,0.3849,0.3652,0.3833,0.0067,NORMAL,0,0,Windows,malam
23:19:32.610,45.783,0.3454,0.3722,0.3588,0.3791,0.0067,NORMAL,0,0,Windows,malam
23:19:32.671,45.844,0.3526,0.3606,0.3566,0.3866,0.0067,NORMAL,0,0,Windows,malam
23:19:32.744,45.916,0.3534,0.3483,0.3508,0.3931,0.0067,NORMAL,0,0,Windows,malam
23:19:32.764,45.937,0.3534,0.3483,0.3508,0.3965,0.0067,NORMAL,0,0,Windows,malam
23:19:32.796,45.969,0.35,0.3483,0.3491,0.4003,0.0067,NORMAL,0,0,Windows,malam
23:19:32.844,46.017,0.3662,0.3528,0.3595,0.401,0.0067,NORMAL,0,0,Windows,malam
23:19:32.876,46.049,0.3653,0.3653,0.3653,0.3908,0.0,NORMAL,0,0,Windows,malam
23:19:32.941,46.114,0.3619,0.3528,0.3573,0.3901,0.0,NORMAL,0,0,Windows,malam
23:19:32.971,46.144,0.3653,0.3538,0.3596,0.3923,0.0,NORMAL,0,0,Windows,malam
23:19:33.002,46.175,0.3364,0.365,0.3507,0.3962,0.0,NORMAL,0,0,Windows,malam
23:19:33.032,46.205,0.3653,0.354,0.3597,0.3927,0.0,NORMAL,0,0,Windows,malam
23:19:33.064,46.237,0.3863,0.3863,0.3863,0.3931,0.0,NORMAL,0,0,Windows,malam
23:19:33.093,46.266,0.3653,0.3747,0.37,0.3909,0.0,NORMAL,0,0,Windows,malam
23:19:33.126,46.299,0.3653,0.3528,0.359,0.3909,0.0,NORMAL,0,0,Windows,malam
23:19:33.159,46.332,0.3642,0.3402,0.3522,0.3985,0.0,NORMAL,0,0,Windows,malam
23:19:33.190,46.363,0.3517,0.3585,0.3551,0.3936,0.0,NORMAL,0,0,Windows,malam
23:19:33.220,46.393,0.3517,0.3495,0.3506,0.402,0.0,NORMAL,0,0,Windows,malam
23:19:33.252,46.424,0.3463,0.365,0.3556,0.3905,0.0,NORMAL,0,0,Windows,malam
23:19:33.284,46.457,0.3561,0.3517,0.3539,0.388,0.0,NORMAL,0,0,Windows,malam
23:19:33.339,46.512,0.355,0.3426,0.3488,0.3807,0.0,NORMAL,0,0,Windows,malam
23:19:33.380,46.553,0.327,0.355,0.341,0.388,0.0,NORMAL,0,0,Windows,malam
23:19:33.413,46.586,0.327,0.3369,0.3319,0.3898,0.0,NORMAL,0,0,Windows,malam
23:19:33.442,46.614,0.3431,0.3528,0.3479,0.3829,0.0,NORMAL,0,0,Windows,malam
23:19:33.544,46.717,0.3305,0.355,0.3428,0.3886,0.0,NORMAL,0,0,Windows,malam
23:19:33.568,46.741,0.327,0.355,0.341,0.3853,0.0,NORMAL,0,0,Windows,malam
23:19:33.600,46.772,0.3517,0.3585,0.3551,0.3884,0.0,NORMAL,0,0,Windows,malam
23:19:33.644,46.816,0.3315,0.3391,0.3353,0.3903,0.0,NORMAL,0,0,Windows,malam
23:19:33.692,46.864,0.3435,0.3237,0.3336,0.3903,0.0,NORMAL,0,0,Windows,malam
23:19:33.736,46.909,0.2984,0.2872,0.2928,0.3954,0.0,NORMAL,0,0,Windows,malam
23:19:33.771,46.944,0.2858,0.2701,0.2779,0.3919,0.0,NORMAL,0,0,Windows,malam
23:19:33.800,46.973,0.2858,0.2582,0.272,0.3958,0.0,NORMAL,0,0,Windows,malam
23:19:33.848,47.021,0.2732,0.2865,0.2799,0.391,0.0,NORMAL,0,0,Windows,malam
23:19:33.880,47.053,0.2935,0.2858,0.2896,0.3884,0.0,NORMAL,0,0,Windows,malam
23:19:33.911,47.084,0.2984,0.2984,0.2984,0.3903,0.0,NORMAL,0,0,Windows,malam
23:19:33.942,47.115,0.2984,0.2984,0.2984,0.3799,0.0,NORMAL,0,0,Windows,malam
23:19:33.974,47.147,0.3517,0.3403,0.346,0.3945,0.0,NORMAL,0,0,Windows,malam
23:19:34.006,47.179,0.3279,0.3528,0.3403,0.4015,0.0,NORMAL,0,0,Windows,malam
23:19:34.038,47.211,0.3404,0.3403,0.3403,0.4009,0.0,NORMAL,0,0,Windows,malam
23:19:34.066,47.239,0.3517,0.3736,0.3626,0.3889,0.0,NORMAL,0,0,Windows,malam
23:19:34.101,47.274,0.3517,0.3619,0.3568,0.3861,0.0,NORMAL,0,0,Windows,malam
23:19:34.136,47.309,0.3795,0.3672,0.3734,0.385,0.0,NORMAL,0,0,Windows,malam
23:19:34.166,47.338,0.364,0.3548,0.3594,0.386,0.0,NORMAL,0,0,Windows,malam
23:19:34.196,47.369,0.3619,0.3426,0.3523,0.3819,0.0,NORMAL,0,0,Windows,malam
23:19:34.248,47.421,0.3517,0.3756,0.3637,0.3922,0.0,NORMAL,0,0,Windows,malam
23:19:34.305,47.478,0.3619,0.3585,0.3602,0.3922,0.0,NORMAL,0,0,Windows,malam
23:19:34.336,47.509,0.3619,0.3585,0.3602,0.3957,0.0,NORMAL,0,0,Windows,malam
23:19:34.367,47.54,0.344,0.3538,0.3489,0.3777,0.0,NORMAL,0,0,Windows,malam
23:19:34.444,47.617,0.3569,0.388,0.3724,0.3841,0.0,NORMAL,0,0,Windows,malam
23:19:34.477,47.649,0.3439,0.3608,0.3524,0.3786,0.0,NORMAL,0,0,Windows,malam
23:19:34.536,47.709,0.3629,0.3749,0.3689,0.4033,0.0,NORMAL,0,0,Windows,malam
23:19:34.569,47.742,0.3505,0.3751,0.3628,0.3954,0.0,NORMAL,0,0,Windows,malam
23:19:34.602,47.775,0.3505,0.3653,0.3579,0.4002,0.0,NORMAL,0,0,Windows,malam
23:19:34.649,47.822,0.3608,0.3501,0.3555,0.3956,0.0,NORMAL,0,0,Windows,malam
23:19:34.679,47.852,0.3443,0.3475,0.3459,0.3907,0.0,NORMAL,0,0,Windows,malam
23:19:34.709,47.882,0.3234,0.3475,0.3355,0.3832,0.0,NORMAL,0,0,Windows,malam
23:19:34.741,47.914,0.3234,0.3475,0.3355,0.387,0.0,NORMAL,0,0,Windows,malam
23:19:34.773,47.946,0.3371,0.3475,0.3423,0.3859,0.0,NORMAL,0,0,Windows,malam
23:19:34.819,47.992,0.3357,0.3454,0.3406,0.3916,0.0,NORMAL,0,0,Windows,malam
23:19:34.852,48.025,0.3468,0.3454,0.3461,0.3955,0.0,NORMAL,0,0,Windows,malam
23:19:34.882,48.055,0.3595,0.3716,0.3655,0.3812,0.0,NORMAL,0,0,Windows,malam
23:19:34.914,48.086,0.3505,0.3693,0.3599,0.375,0.0,NORMAL,0,0,Windows,malam
23:19:34.946,48.119,0.3505,0.362,0.3562,0.3862,0.0,NORMAL,0,0,Windows,malam
23:19:35.048,48.221,0.3329,0.3716,0.3523,0.3825,0.0,NORMAL,0,0,Windows,malam
23:19:35.086,48.259,0.334,0.3492,0.3416,0.3653,0.0,NORMAL,0,0,Windows,malam
23:19:35.117,48.29,0.3338,0.3463,0.34,0.369,0.0,NORMAL,0,0,Windows,malam
23:19:35.144,48.317,0.3364,0.3501,0.3433,0.3796,0.0,NORMAL,0,0,Windows,malam
23:19:35.178,48.351,0.3364,0.3332,0.3348,0.3839,0.0,NORMAL,0,0,Windows,malam
23:19:35.210,48.382,0.3324,0.3245,0.3285,0.382,0.0,NORMAL,0,0,Windows,malam
23:19:35.246,48.419,0.3253,0.3475,0.3364,0.3842,0.0,NORMAL,0,0,Windows,malam
23:19:35.271,48.444,0.3511,0.3716,0.3614,0.3871,0.0,NORMAL,0,0,Windows,malam
23:19:35.335,48.508,0.3328,0.3124,0.3226,0.3812,0.0,NORMAL,0,0,Windows,malam
23:19:35.364,48.537,0.3338,0.3463,0.34,0.3743,0.0,NORMAL,0,0,Windows,malam
23:19:35.398,48.57,0.3329,0.3118,0.3224,0.3725,0.0,NORMAL,0,0,Windows,malam
23:19:35.429,48.602,0.3459,0.3218,0.3338,0.3696,0.0,NORMAL,0,0,Windows,malam
23:19:35.460,48.633,0.3375,0.3249,0.3312,0.3889,0.0,NORMAL,0,0,Windows,malam
23:19:35.493,48.666,0.3242,0.3249,0.3245,0.3994,0.0,NORMAL,0,0,Windows,malam
23:19:35.524,48.696,0.324,0.3249,0.3244,0.3943,0.0,NORMAL,0,0,Windows,malam
23:19:35.555,48.728,0.2973,0.289,0.2932,0.4019,0.0,NORMAL,0,0,Windows,malam
23:19:35.586,48.759,0.2486,0.2758,0.2622,0.3932,0.0,NORMAL,0,0,Windows,malam
23:19:35.618,48.791,0.2655,0.2849,0.2752,0.4051,0.0,NORMAL,0,0,Windows,malam
23:19:35.650,48.823,0.2552,0.2758,0.2655,0.403,0.0,NORMAL,0,0,Windows,malam
23:19:35.680,48.853,0.2756,0.2648,0.2702,0.4099,0.0,NORMAL,0,0,Windows,malam
23:19:35.735,48.908,0.2849,0.278,0.2814,0.4085,0.0,NORMAL,0,0,Windows,malam
23:19:35.758,48.931,0.2857,0.2804,0.283,0.403,0.0,NORMAL,0,0,Windows,malam
23:19:35.792,48.965,0.2951,0.2836,0.2894,0.4055,0.0,NORMAL,0,0,Windows,malam
23:19:35.822,48.995,0.2951,0.2933,0.2942,0.4006,0.0,NORMAL,0,0,Windows,malam
23:19:35.853,49.026,0.3736,0.3693,0.3714,0.3889,0.0,NORMAL,0,0,Windows,malam
23:19:35.886,49.059,0.3835,0.3863,0.3849,0.391,0.0,NORMAL,0,0,Windows,malam
23:19:35.917,49.09,0.3842,0.3885,0.3863,0.3988,0.0,NORMAL,0,0,Windows,malam
23:19:35.949,49.122,0.3653,0.3619,0.3636,0.3976,0.0,NORMAL,0,0,Windows,malam
23:19:35.980,49.153,0.3409,0.3315,0.3362,0.395,0.0,NORMAL,0,0,Windows,malam
23:19:36.011,49.184,0.3373,0.3162,0.3267,0.3917,0.0,NORMAL,0,0,Windows,malam
23:19:36.040,49.213,0.3401,0.356,0.348,0.3801,0.0,NORMAL,0,0,Windows,malam
23:19:36.074,49.247,0.3454,0.356,0.3507,0.3831,0.0,NORMAL,0,0,Windows,malam
23:19:36.158,49.331,0.3444,0.3401,0.3423,0.3869,0.0,NORMAL,0,0,Windows,malam
23:19:36.248,49.421,0.3662,0.3354,0.3508,0.3904,0.0,NORMAL,0,0,Windows,malam
23:19:36.278,49.451,0.366,0.3418,0.3539,0.3869,0.0,NORMAL,0,0,Windows,malam
23:19:36.312,49.485,0.3662,0.355,0.3606,0.3841,0.0,NORMAL,0,0,Windows,malam
23:19:36.344,49.517,0.388,0.3949,0.3914,0.3823,0.0,NORMAL,0,0,Windows,malam
23:19:36.389,49.562,0.3716,0.3794,0.3755,0.3926,0.0,NORMAL,0,0,Windows,malam
23:19:36.421,49.594,0.3454,0.3794,0.3624,0.393,0.0,NORMAL,0,0,Windows,malam
23:19:36.452,49.625,0.3417,0.3636,0.3526,0.3986,0.0,NORMAL,0,0,Windows,malam
23:19:36.484,49.657,0.3383,0.3429,0.3406,0.3908,0.0,NORMAL,0,0,Windows,malam
23:19:36.552,49.725,0.2394,0.2486,0.244,0.3794,0.0067,NORMAL,1,0,Windows,malam
23:19:36.577,49.75,0.2049,0.2204,0.2126,0.3745,0.0133,NORMAL,2,0,Windows,malam
23:19:36.610,49.782,0.2049,0.2204,0.2126,0.3727,0.02,NORMAL,3,0,Windows,malam
23:19:36.640,49.813,0.2049,0.2067,0.2058,0.3727,0.0267,NORMAL,4,0,Windows,malam
23:19:36.674,49.847,0.2329,0.246,0.2394,0.3781,0.0333,NORMAL,5,0,Windows,malam
23:19:36.704,49.877,0.2324,0.2584,0.2454,0.3788,0.04,NORMAL,6,0,Windows,malam
23:19:36.736,49.908,0.2324,0.246,0.2392,0.3786,0.0467,NORMAL,7,0,Windows,malam
23:19:36.767,49.94,0.3386,0.3114,0.325,0.3974,0.0467,NORMAL,0,0,Windows,malam
23:19:36.798,49.97,0.3315,0.3114,0.3214,0.3792,0.0467,NORMAL,0,0,Windows,malam
23:19:36.830,50.003,0.3467,0.3407,0.3437,0.3915,0.0467,NORMAL,0,0,Windows,malam
23:19:36.861,50.034,0.3263,0.3406,0.3334,0.3954,0.0467,NORMAL,0,0,Windows,malam
23:19:36.892,50.065,0.3294,0.3256,0.3275,0.3824,0.0467,NORMAL,0,0,Windows,malam
23:19:36.952,50.125,0.3248,0.3262,0.3255,0.396,0.0467,NORMAL,0,0,Windows,malam
23:19:36.986,50.159,0.3103,0.3406,0.3255,0.3946,0.0467,NORMAL,0,0,Windows,malam
23:19:37.017,50.189,0.3126,0.3256,0.3191,0.3961,0.0467,NORMAL,0,0,Windows,malam
23:19:37.047,50.22,0.3126,0.3256,0.3191,0.398,0.0467,NORMAL,0,0,Windows,malam
23:19:37.083,50.256,0.3257,0.3256,0.3256,0.4052,0.0467,NORMAL,0,0,Windows,malam
23:19:37.111,50.284,0.3359,0.3256,0.3308,0.4097,0.0467,NORMAL,0,0,Windows,malam
23:19:37.144,50.317,0.3359,0.3556,0.3458,0.4107,0.0467,NORMAL,0,0,Windows,malam
23:19:37.176,50.348,0.3257,0.3181,0.3219,0.3978,0.0467,NORMAL,0,0,Windows,malam
23:19:37.207,50.38,0.3271,0.3181,0.3226,0.3903,0.0467,NORMAL,0,0,Windows,malam
23:19:37.240,50.412,0.3271,0.3334,0.3302,0.3857,0.0467,NORMAL,0,0,Windows,malam
23:19:37.271,50.443,0.3173,0.3334,0.3253,0.4042,0.0467,NORMAL,0,0,Windows,malam
23:19:37.303,50.475,0.3343,0.3233,0.3288,0.3991,0.0467,NORMAL,0,0,Windows,malam
23:19:37.334,50.507,0.3195,0.3226,0.3211,0.4035,0.0467,NORMAL,0,0,Windows,malam
23:19:37.365,50.538,0.3375,0.3374,0.3374,0.4123,0.0467,NORMAL,0,0,Windows,malam
23:19:37.395,50.568,0.3246,0.3382,0.3314,0.4133,0.0467,NORMAL,0,0,Windows,malam
23:19:37.427,50.6,0.3266,0.3382,0.3324,0.4101,0.0467,NORMAL,0,0,Windows,malam
23:19:37.458,50.631,0.3453,0.342,0.3437,0.3952,0.0467,NORMAL,0,0,Windows,malam
23:19:37.489,50.662,0.3314,0.342,0.3367,0.3988,0.0467,NORMAL,0,0,Windows,malam
23:19:37.522,50.695,0.341,0.342,0.3415,0.3953,0.0467,NORMAL,0,0,Windows,malam
23:19:37.552,50.725,0.3415,0.3482,0.3449,0.384,0.0467,NORMAL,0,0,Windows,malam
23:19:37.584,50.757,0.3454,0.3633,0.3544,0.3936,0.0467,NORMAL,0,0,Windows,malam
23:19:37.614,50.787,0.3427,0.3354,0.3391,0.3922,0.0467,NORMAL,0,0,Windows,malam
23:19:37.646,50.819,0.3463,0.3345,0.3404,0.3965,0.0467,NORMAL,0,0,Windows,malam
23:19:37.677,50.85,0.2995,0.3396,0.3196,0.3902,0.0467,NORMAL,0,0,Windows,malam
23:19:37.708,50.881,0.3043,0.3262,0.3152,0.3912,0.0467,NORMAL,0,0,Windows,malam
23:19:37.752,50.925,0.3339,0.334,0.3339,0.4041,0.0467,NORMAL,0,0,Windows,malam
23:19:37.788,50.961,0.3601,0.3596,0.3599,0.3972,0.0467,NORMAL,0,0,Windows,malam
23:19:37.818,50.991,0.3595,0.356,0.3577,0.3901,0.0467,NORMAL,0,0,Windows,malam
23:19:37.848,51.021,0.37,0.3842,0.3771,0.3976,0.0467,NORMAL,0,0,Windows,malam
23:19:37.883,51.055,0.3788,0.3854,0.3821,0.4027,0.0467,NORMAL,0,0,Windows,malam
23:19:37.912,51.085,0.3923,0.3824,0.3873,0.4027,0.0467,NORMAL,0,0,Windows,malam
23:19:37.945,51.117,0.3818,0.3505,0.3662,0.4043,0.0467,NORMAL,0,0,Windows,malam
23:19:37.974,51.147,0.3501,0.3585,0.3543,0.4046,0.0467,NORMAL,0,0,Windows,malam
23:19:38.006,51.179,0.3501,0.3585,0.3543,0.4046,0.0467,NORMAL,0,0,Windows,malam
23:19:38.040,51.213,0.3537,0.3619,0.3578,0.3881,0.0467,NORMAL,0,0,Windows,malam
23:19:38.069,51.242,0.3409,0.3515,0.3462,0.4046,0.0467,NORMAL,0,0,Windows,malam
23:19:38.099,51.272,0.35,0.3459,0.3479,0.3986,0.0467,NORMAL,0,0,Windows,malam
23:19:38.155,51.328,0.3492,0.3495,0.3494,0.4112,0.0467,NORMAL,0,0,Windows,malam
23:19:38.177,51.35,0.3619,0.3371,0.3495,0.4035,0.0467,NORMAL,0,0,Windows,malam
23:19:38.209,51.382,0.3492,0.3371,0.3432,0.3987,0.0467,NORMAL,0,0,Windows,malam
23:19:38.248,51.421,0.3364,0.3329,0.3347,0.3903,0.0467,NORMAL,0,0,Windows,malam
23:19:38.272,51.445,0.3246,0.3492,0.3369,0.3925,0.0467,NORMAL,0,0,Windows,malam
23:19:38.302,51.475,0.3333,0.3401,0.3367,0.3834,0.0467,NORMAL,0,0,Windows,malam
23:19:38.344,51.516,0.3401,0.334,0.337,0.3877,0.0467,NORMAL,0,0,Windows,malam
23:19:38.366,51.539,0.3364,0.334,0.3352,0.3877,0.0467,NORMAL,0,0,Windows,malam
23:19:38.397,51.57,0.334,0.334,0.334,0.3878,0.0467,NORMAL,0,0,Windows,malam
23:19:38.456,51.629,0.3438,0.3111,0.3274,0.3987,0.0467,NORMAL,0,0,Windows,malam
23:19:38.492,51.664,0.3285,0.3373,0.3329,0.4076,0.0467,NORMAL,0,0,Windows,malam
23:19:38.520,51.693,0.3364,0.3111,0.3238,0.4082,0.0467,NORMAL,0,0,Windows,malam
23:19:38.552,51.725,0.3492,0.3481,0.3487,0.4044,0.0467,NORMAL,0,0,Windows,malam
23:19:38.586,51.759,0.3726,0.3619,0.3672,0.4019,0.0467,NORMAL,0,0,Windows,malam
23:19:38.618,51.791,0.3429,0.3736,0.3582,0.3942,0.0467,NORMAL,0,0,Windows,malam
23:19:38.648,51.82,0.3438,0.3811,0.3624,0.383,0.0467,NORMAL,0,0,Windows,malam
23:19:38.679,51.852,0.3492,0.369,0.3591,0.3905,0.0467,NORMAL,0,0,Windows,malam
23:19:38.711,51.884,0.3693,0.3572,0.3632,0.379,0.0467,NORMAL,0,0,Windows,malam
23:19:38.744,51.917,0.3726,0.3572,0.3649,0.3765,0.0467,NORMAL,0,0,Windows,malam
23:19:38.772,51.945,0.3676,0.3596,0.3636,0.3847,0.0467,NORMAL,0,0,Windows,malam
23:19:38.804,51.977,0.3726,0.3693,0.3709,0.3866,0.0467,NORMAL,0,0,Windows,malam
23:19:38.855,52.027,0.334,0.3548,0.3444,0.3848,0.0467,NORMAL,0,0,Windows,malam
23:19:38.881,52.054,0.3402,0.3533,0.3467,0.3871,0.0467,NORMAL,0,0,Windows,malam
23:19:38.914,52.087,0.3313,0.3523,0.3418,0.387,0.0467,NORMAL,0,0,Windows,malam
23:19:38.952,52.125,0.3386,0.3201,0.3293,0.372,0.0467,NORMAL,0,0,Windows,malam
23:19:38.976,52.149,0.3269,0.334,0.3304,0.37,0.0467,NORMAL,0,0,Windows,malam
23:19:39.007,52.18,0.3137,0.3184,0.316,0.3717,0.0467,NORMAL,0,0,Windows,malam
23:19:39.047,52.22,0.3049,0.3034,0.3042,0.3865,0.0467,NORMAL,0,0,Windows,malam
23:19:39.070,52.243,0.2988,0.3004,0.2996,0.3754,0.0467,NORMAL,0,0,Windows,malam
23:19:39.100,52.273,0.2958,0.2986,0.2972,0.3815,0.0467,NORMAL,0,0,Windows,malam
23:19:39.145,52.318,0.3137,0.3004,0.307,0.384,0.0467,NORMAL,0,0,Windows,malam
23:19:39.180,52.353,0.3012,0.3145,0.3078,0.3803,0.0467,NORMAL,0,0,Windows,malam
23:19:39.211,52.384,0.2976,0.3087,0.3031,0.3863,0.0467,NORMAL,0,0,Windows,malam
23:19:39.256,52.429,0.2996,0.288,0.2938,0.3859,0.0467,NORMAL,0,0,Windows,malam
23:19:39.291,52.464,0.2976,0.2959,0.2967,0.3799,0.0467,NORMAL,0,0,Windows,malam
23:19:39.322,52.495,0.2841,0.2912,0.2877,0.3751,0.0467,NORMAL,0,0,Windows,malam
23:19:39.351,52.524,0.2726,0.2823,0.2774,0.3854,0.0467,NORMAL,0,0,Windows,malam
23:19:39.382,52.555,0.2595,0.2595,0.2595,0.3923,0.0467,NORMAL,0,0,Windows,malam
23:19:39.415,52.588,0.2464,0.2529,0.2497,0.3993,0.0533,NORMAL,1,0,Windows,malam
23:19:39.448,52.621,0.2824,0.3012,0.2918,0.3936,0.0533,NORMAL,0,0,Windows,malam
23:19:39.479,52.652,0.2872,0.3145,0.3008,0.3916,0.0533,NORMAL,0,0,Windows,malam
23:19:39.512,52.684,0.2992,0.2996,0.2994,0.3881,0.0533,NORMAL,0,0,Windows,malam
23:19:39.544,52.716,0.3045,0.3206,0.3125,0.3994,0.0533,NORMAL,0,0,Windows,malam
23:19:39.574,52.747,0.2992,0.3253,0.3123,0.4006,0.0533,NORMAL,0,0,Windows,malam
23:19:39.606,52.779,0.2985,0.3117,0.3051,0.4089,0.0533,NORMAL,0,0,Windows,malam
23:19:39.656,52.829,0.2942,0.3359,0.315,0.4095,0.0533,NORMAL,0,0,Windows,malam
23:19:39.682,52.855,0.2942,0.3307,0.3125,0.3901,0.0533,NORMAL,0,0,Windows,malam
23:19:39.714,52.887,0.2942,0.3307,0.3125,0.3949,0.0533,NORMAL,0,0,Windows,malam
23:19:39.751,52.924,0.3055,0.356,0.3307,0.4006,0.0533,NORMAL,0,0,Windows,malam
23:19:39.778,52.951,0.3454,0.3429,0.3442,0.394,0.0533,NORMAL,0,0,Windows,malam
23:19:39.807,52.98,0.3454,0.3562,0.3508,0.3962,0.0533,NORMAL,0,0,Windows,malam
23:19:39.848,53.021,0.3716,0.3469,0.3593,0.4111,0.0533,NORMAL,0,0,Windows,malam
23:19:39.870,53.042,0.3571,0.3348,0.3459,0.4116,0.0533,NORMAL,0,0,Windows,malam
23:19:39.901,53.074,0.3693,0.3348,0.352,0.4116,0.0533,NORMAL,0,0,Windows,malam
23:19:39.945,53.118,0.3492,0.3401,0.3446,0.4007,0.0533,NORMAL,0,0,Windows,malam
23:19:39.979,53.152,0.3596,0.3348,0.3472,0.3972,0.0533,NORMAL,0,0,Windows,malam
23:19:40.012,53.185,0.334,0.3401,0.337,0.3923,0.0533,NORMAL,0,0,Windows,malam
23:19:40.056,53.229,0.3459,0.3354,0.3406,0.3964,0.0533,NORMAL,0,0,Windows,malam
23:19:40.089,53.262,0.3574,0.3596,0.3585,0.4015,0.0533,NORMAL,0,0,Windows,malam
23:19:40.123,53.295,0.3466,0.3619,0.3542,0.398,0.0533,NORMAL,0,0,Windows,malam
23:19:40.152,53.325,0.3454,0.334,0.3397,0.4013,0.0533,NORMAL,0,0,Windows,malam
23:19:40.184,53.357,0.3454,0.3596,0.3525,0.3971,0.0533,NORMAL,0,0,Windows,malam
23:19:40.215,53.388,0.3454,0.3596,0.3525,0.3971,0.0533,NORMAL,0,0,Windows,malam
23:19:40.247,53.42,0.3202,0.3454,0.3328,0.3943,0.0533,NORMAL,0,0,Windows,malam
23:19:40.278,53.45,0.3296,0.3237,0.3267,0.4005,0.0533,NORMAL,0,0,Windows,malam
23:19:40.311,53.484,0.3305,0.3373,0.3339,0.3965,0.0533,NORMAL,0,0,Windows,malam
23:19:40.345,53.517,0.1536,0.1146,0.1341,0.4017,0.06,NORMAL,1,0,Windows,malam
23:19:40.371,53.544,0.1145,0.1147,0.1146,0.3992,0.0667,NORMAL,2,0,Windows,malam
23:19:40.402,53.575,0.1145,0.1036,0.109,0.411,0.0733,NORMAL,3,0,Windows,malam
23:19:40.457,53.63,0.1304,0.1346,0.1325,0.4086,0.08,NORMAL,4,0,Windows,malam
23:19:40.480,53.653,0.1379,0.1438,0.1408,0.4118,0.0867,NORMAL,5,0,Windows,malam
23:19:40.512,53.685,0.1627,0.138,0.1504,0.4085,0.0933,NORMAL,6,0,Windows,malam
23:19:40.551,53.724,0.2091,0.1933,0.2012,0.4045,0.1,NORMAL,7,0,Windows,malam
23:19:40.575,53.748,0.2216,0.2153,0.2184,0.4056,0.1067,NORMAL,8,0,Windows,malam
23:19:40.606,53.779,0.2382,0.2395,0.2389,0.3985,0.1133,NORMAL,9,0,Windows,malam
23:19:40.647,53.82,0.2609,0.2589,0.2599,0.4016,0.1133,NORMAL,0,0,Windows,malam
23:19:40.683,53.855,0.2806,0.2857,0.2831,0.4016,0.1133,NORMAL,0,0,Windows,malam
23:19:40.714,53.887,0.2764,0.2992,0.2878,0.408,0.1133,NORMAL,0,0,Windows,malam
23:19:40.761,53.933,0.2975,0.3262,0.3118,0.4018,0.1133,NORMAL,0,0,Windows,malam
23:19:40.792,53.965,0.3064,0.3281,0.3173,0.4018,0.1133,NORMAL,0,0,Windows,malam
23:19:40.822,53.995,0.3194,0.3281,0.3238,0.4018,0.1133,NORMAL,0,0,Windows,malam
23:19:40.859,54.032,0.3313,0.3194,0.3253,0.4077,0.1133,NORMAL,0,0,Windows,malam
23:19:40.886,54.058,0.3313,0.3324,0.3318,0.4204,0.1133,NORMAL,0,0,Windows,malam
23:19:40.918,54.091,0.3313,0.3324,0.3318,0.4245,0.1133,NORMAL,0,0,Windows,malam
23:19:40.953,54.126,0.3264,0.3211,0.3237,0.4124,0.1133,NORMAL,0,0,Windows,malam
23:19:40.980,54.153,0.3274,0.3211,0.3242,0.4086,0.1133,NORMAL,0,0,Windows,malam
23:19:41.010,54.183,0.3237,0.3211,0.3224,0.4034,0.1133,NORMAL,0,0,Windows,malam
23:19:41.047,54.219,0.3238,0.3211,0.3224,0.4015,0.1133,NORMAL,0,0,Windows,malam
23:19:41.071,54.244,0.3279,0.3348,0.3313,0.4046,0.1133,NORMAL,0,0,Windows,malam
23:19:41.105,54.278,0.3279,0.3348,0.3313,0.4007,0.1133,NORMAL,0,0,Windows,malam
23:19:41.159,54.332,0.327,0.334,0.3305,0.4192,0.1133,NORMAL,0,0,Windows,malam
23:19:41.183,54.356,0.3404,0.3467,0.3435,0.4234,0.1133,NORMAL,0,0,Windows,malam
23:19:41.214,54.387,0.3528,0.3467,0.3497,0.4234,0.1133,NORMAL,0,0,Windows,malam
23:19:41.256,54.429,0.3517,0.3596,0.3557,0.4259,0.1133,NORMAL,0,0,Windows,malam
23:19:41.293,54.466,0.327,0.3596,0.3433,0.4259,0.1133,NORMAL,0,0,Windows,malam
23:19:41.324,54.497,0.3354,0.3693,0.3523,0.4224,0.1133,NORMAL,0,0,Windows,malam
23:19:41.351,54.524,0.3354,0.3492,0.3423,0.4111,0.1133,NORMAL,0,0,Windows,malam
23:19:41.388,54.561,0.3364,0.3492,0.3428,0.4175,0.1133,NORMAL,0,0,Windows,malam
23:19:41.417,54.59,0.3364,0.3492,0.3428,0.4141,0.1133,NORMAL,0,0,Windows,malam
23:19:41.448,54.621,0.3364,0.3492,0.3428,0.4045,0.1133,NORMAL,0,0,Windows,malam
23:19:41.479,54.652,0.327,0.3403,0.3336,0.4046,0.1133,NORMAL,0,0,Windows,malam
23:19:41.512,54.684,0.3305,0.3403,0.3354,0.4049,0.1067,NORMAL,0,0,Windows,malam
23:19:41.560,54.733,0.334,0.3596,0.3468,0.4148,0.1,NORMAL,0,0,Windows,malam
23:19:41.590,54.763,0.3364,0.3596,0.348,0.4059,0.0933,NORMAL,0,0,Windows,malam
23:19:41.623,54.795,0.3454,0.3585,0.352,0.4078,0.0867,NORMAL,0,0,Windows,malam
23:19:41.656,54.828,0.3364,0.3585,0.3475,0.4072,0.08,NORMAL,0,0,Windows,malam
23:19:41.686,54.859,0.3364,0.3495,0.343,0.4056,0.0733,NORMAL,0,0,Windows,malam
23:19:41.717,54.89,0.3354,0.3495,0.3425,0.4056,0.0667,NORMAL,0,0,Windows,malam
23:19:41.753,54.925,0.3364,0.3619,0.3492,0.3872,0.0667,NORMAL,0,0,Windows,malam
23:19:41.781,54.954,0.3619,0.3493,0.3556,0.385,0.0667,NORMAL,0,0,Windows,malam
23:19:41.812,54.984,0.3596,0.3619,0.3608,0.3902,0.0667,NORMAL,0,0,Windows,malam
23:19:41.861,55.034,0.3329,0.3596,0.3463,0.3856,0.0667,NORMAL,0,0,Windows,malam
23:19:41.893,55.065,0.3329,0.3596,0.3463,0.3894,0.0667,NORMAL,0,0,Windows,malam
23:19:41.923,55.096,0.3329,0.3596,0.3463,0.385,0.0667,NORMAL,0,0,Windows,malam
23:19:41.960,55.133,0.3443,0.3528,0.3485,0.3931,0.0667,NORMAL,0,0,Windows,malam
23:19:41.986,55.159,0.3354,0.3505,0.343,0.3917,0.0667,NORMAL,0,0,Windows,malam
23:19:42.017,55.19,0.3354,0.3505,0.343,0.3917,0.0667,NORMAL,0,0,Windows,malam
23:19:42.057,55.23,0.3354,0.3596,0.3475,0.3905,0.0667,NORMAL,0,0,Windows,malam
23:19:42.080,55.253,0.3354,0.3585,0.347,0.3941,0.0667,NORMAL,0,0,Windows,malam
23:19:42.113,55.286,0.3364,0.3585,0.3475,0.3941,0.0667,NORMAL,0,0,Windows,malam
23:19:42.156,55.329,0.3653,0.3596,0.3625,0.4023,0.0667,NORMAL,0,0,Windows,malam
23:19:42.189,55.362,0.3354,0.3596,0.3475,0.395,0.0667,NORMAL,0,0,Windows,malam
23:19:42.220,55.393,0.3354,0.3505,0.343,0.3972,0.0667,NORMAL,0,0,Windows,malam
23:19:42.249,55.421,0.3393,0.3504,0.3448,0.4055,0.0667,NORMAL,0,0,Windows,malam
23:19:42.282,55.454,0.3393,0.3505,0.3449,0.4036,0.0667,NORMAL,0,0,Windows,malam
23:19:42.314,55.487,0.3502,0.3596,0.3549,0.4061,0.0667,NORMAL,0,0,Windows,malam
23:19:42.360,55.533,0.3515,0.3652,0.3583,0.4148,0.0667,NORMAL,0,0,Windows,malam
23:19:42.396,55.569,0.3608,0.3528,0.3568,0.4059,0.0667,NORMAL,0,0,Windows,malam
23:19:42.427,55.599,0.3585,0.3596,0.3591,0.4097,0.0667,NORMAL,0,0,Windows,malam
23:19:42.456,55.629,0.334,0.3467,0.3403,0.4055,0.0667,NORMAL,0,0,Windows,malam
23:19:42.489,55.662,0.334,0.3467,0.3403,0.3961,0.0667,NORMAL,0,0,Windows,malam
23:19:42.520,55.692,0.3429,0.3475,0.3452,0.4045,0.0667,NORMAL,0,0,Windows,malam
23:19:42.553,55.726,0.2158,0.2202,0.218,0.4156,0.0733,NORMAL,1,0,Windows,malam
23:19:42.582,55.754,0.1655,0.1525,0.159,0.4247,0.08,NORMAL,2,0,Windows,malam
23:19:42.614,55.787,0.1504,0.1399,0.1452,0.419,0.0867,NORMAL,3,0,Windows,malam
23:19:42.647,55.82,0.1961,0.207,0.2016,0.4085,0.0933,NORMAL,4,0,Windows,malam
23:19:42.677,55.85,0.2221,0.2353,0.2287,0.4035,0.1,NORMAL,5,0,Windows,malam
23:19:42.708,55.88,0.2283,0.2357,0.232,0.4025,0.1067,NORMAL,6,0,Windows,malam
23:19:42.760,55.933,0.31,0.3286,0.3193,0.4101,0.1067,NORMAL,0,0,Windows,malam
23:19:42.788,55.96,0.3129,0.3184,0.3156,0.416,0.1067,NORMAL,0,0,Windows,malam
23:19:42.817,55.99,0.312,0.3286,0.3203,0.4136,0.1067,NORMAL,0,0,Windows,malam
23:19:42.864,56.037,0.3314,0.3084,0.3199,0.4186,0.1067,NORMAL,0,0,Windows,malam
23:19:42.897,56.07,0.3183,0.3174,0.3179,0.4196,0.1067,NORMAL,0,0,Windows,malam
23:19:42.927,56.1,0.3077,0.3174,0.3126,0.4229,0.1067,NORMAL,0,0,Windows,malam
23:19:42.959,56.132,0.3253,0.3218,0.3236,0.4263,0.1067,NORMAL,0,0,Windows,malam
23:19:42.991,56.164,0.3253,0.3097,0.3175,0.4183,0.1067,NORMAL,0,0,Windows,malam
23:19:43.022,56.195,0.3253,0.3348,0.33,0.4239,0.1067,NORMAL,0,0,Windows,malam
23:19:43.066,56.239,0.3166,0.3373,0.3269,0.4297,0.1067,NORMAL,0,0,Windows,malam
23:19:43.100,56.272,0.3145,0.3463,0.3304,0.4249,0.1067,NORMAL,0,0,Windows,malam
23:19:43.131,56.304,0.3395,0.3463,0.3429,0.4297,0.1067,NORMAL,0,0,Windows,malam
23:19:43.159,56.332,0.3269,0.3348,0.3309,0.4221,0.1067,NORMAL,0,0,Windows,malam
23:19:43.193,56.365,0.3299,0.3463,0.3381,0.4216,0.1067,NORMAL,0,0,Windows,malam
23:19:43.222,56.395,0.3055,0.3438,0.3246,0.4174,0.1067,NORMAL,0,0,Windows,malam
23:19:43.256,56.428,0.3329,0.3162,0.3246,0.3939,0.1067,NORMAL,0,0,Windows,malam
23:19:43.285,56.458,0.3418,0.3251,0.3335,0.3981,0.1067,NORMAL,0,0,Windows,malam
23:19:43.317,56.49,0.3329,0.3255,0.3292,0.4,0.1067,NORMAL,0,0,Windows,malam
23:19:43.352,56.525,0.3419,0.3287,0.3353,0.3976,0.1067,NORMAL,0,0,Windows,malam
23:19:43.380,56.553,0.3432,0.3401,0.3417,0.3845,0.1067,NORMAL,0,0,Windows,malam
23:19:43.411,56.584,0.3354,0.3537,0.3446,0.3865,0.1067,NORMAL,0,0,Windows,malam
23:19:43.464,56.637,0.3371,0.3484,0.3427,0.3868,0.1067,NORMAL,0,0,Windows,malam
23:19:43.489,56.661,0.3246,0.3409,0.3327,0.3867,0.1067,NORMAL,0,0,Windows,malam
23:19:43.522,56.695,0.3122,0.3409,0.3266,0.3849,0.1067,NORMAL,0,0,Windows,malam
23:19:43.560,56.733,0.3354,0.3415,0.3385,0.3842,0.1067,NORMAL,0,0,Windows,malam
23:19:43.582,56.755,0.3329,0.3444,0.3387,0.3878,0.1067,NORMAL,0,0,Windows,malam
23:19:43.615,56.788,0.3329,0.3453,0.3391,0.3914,0.1067,NORMAL,0,0,Windows,malam
23:19:43.656,56.829,0.3446,0.3481,0.3463,0.3902,0.1067,NORMAL,0,0,Windows,malam
23:19:43.678,56.851,0.3329,0.3373,0.3351,0.3845,0.1067,NORMAL,0,0,Windows,malam
23:19:43.742,56.915,0.3419,0.3373,0.3396,0.3919,0.1067,NORMAL,0,0,Windows,malam
23:19:43.771,56.944,0.3317,0.3378,0.3348,0.397,0.1067,NORMAL,0,0,Windows,malam
23:19:43.804,56.976,0.3199,0.3167,0.3183,0.397,0.1067,NORMAL,0,0,Windows,malam
23:19:43.835,57.008,0.2986,0.3203,0.3095,0.4007,0.1067,NORMAL,0,0,Windows,malam
23:19:43.863,57.036,0.3174,0.3224,0.3199,0.4017,0.1067,NORMAL,0,0,Windows,malam
23:19:43.899,57.072,0.3259,0.3123,0.3191,0.4046,0.1067,NORMAL,0,0,Windows,malam
23:19:43.928,57.1,0.3259,0.3123,0.3191,0.407,0.1067,NORMAL,0,0,Windows,malam
23:19:43.960,57.133,0.3246,0.3328,0.3287,0.3996,0.1067,NORMAL,0,0,Windows,malam
23:19:43.992,57.165,0.3317,0.3198,0.3258,0.3956,0.1067,NORMAL,0,0,Windows,malam
23:19:44.022,57.195,0.3303,0.3328,0.3315,0.3921,0.1067,NORMAL,0,0,Windows,malam
23:19:44.056,57.228,0.3317,0.345,0.3383,0.3968,0.1067,NORMAL,0,0,Windows,malam
23:19:44.087,57.26,0.3442,0.345,0.3446,0.4007,0.1067,NORMAL,0,0,Windows,malam
23:19:44.116,57.289,0.3446,0.345,0.3448,0.3968,0.1067,NORMAL,0,0,Windows,malam
23:19:44.153,57.325,0.3428,0.3287,0.3358,0.3938,0.1067,NORMAL,0,0,Windows,malam
23:19:44.179,57.352,0.3404,0.3444,0.3424,0.3851,0.1067,NORMAL,0,0,Windows,malam
23:19:44.213,57.386,0.3414,0.3436,0.3425,0.3851,0.1067,NORMAL,0,0,Windows,malam
23:19:44.265,57.438,0.343,0.3326,0.3378,0.3895,0.1067,NORMAL,0,0,Windows,malam
23:19:44.291,57.463,0.3402,0.3292,0.3347,0.3991,0.1067,NORMAL,0,0,Windows,malam
23:19:44.322,57.495,0.3402,0.3328,0.3365,0.3991,0.1067,NORMAL,0,0,Windows,malam
23:19:44.360,57.532,0.3342,0.345,0.3396,0.3945,0.1067,NORMAL,0,0,Windows,malam
23:19:44.385,57.558,0.3317,0.3477,0.3397,0.3845,0.1067,NORMAL,0,0,Windows,malam
23:19:44.417,57.59,0.3317,0.3444,0.3381,0.385,0.1,NORMAL,0,0,Windows,malam
23:19:44.456,57.629,0.3342,0.3569,0.3455,0.373,0.1,NORMAL,0,0,Windows,malam
23:19:44.479,57.652,0.3342,0.3561,0.3451,0.3765,0.1,NORMAL,0,0,Windows,malam
23:19:44.511,57.684,0.3342,0.3715,0.3528,0.3637,0.1,NORMAL,0,0,Windows,malam
23:19:44.552,57.725,0.3468,0.3436,0.3452,0.3687,0.1,NORMAL,0,0,Windows,malam
23:19:44.571,57.744,0.3354,0.3662,0.3508,0.3736,0.1,NORMAL,0,0,Windows,malam
23:19:44.606,57.779,0.3329,0.3605,0.3467,0.3699,0.1,NORMAL,0,0,Windows,malam
23:19:44.664,57.837,0.3432,0.3403,0.3417,0.3785,0.1,NORMAL,0,0,Windows,malam
23:19:44.700,57.873,0.3432,0.3411,0.3421,0.3769,0.1,NORMAL,0,0,Windows,malam
23:19:44.731,57.904,0.3303,0.3262,0.3283,0.3857,0.1,NORMAL,0,0,Windows,malam
23:19:44.760,57.933,0.3329,0.3605,0.3467,0.382,0.1,NORMAL,0,0,Windows,malam
23:19:44.793,57.965,0.3244,0.3492,0.3368,0.3774,0.1,NORMAL,0,0,Windows,malam
23:19:44.826,57.999,0.327,0.3376,0.3323,0.3809,0.1,NORMAL,0,0,Windows,malam
23:19:44.856,58.029,0.334,0.334,0.334,0.3818,0.1,NORMAL,0,0,Windows,malam
23:19:44.889,58.062,0.3376,0.334,0.3358,0.3827,0.1,NORMAL,0,0,Windows,malam
23:19:44.920,58.093,0.3364,0.3364,0.3364,0.3801,0.1,NORMAL,0,0,Windows,malam
23:19:44.951,58.124,0.3364,0.334,0.3352,0.3825,0.1,NORMAL,0,0,Windows,malam
23:19:44.981,58.154,0.3409,0.334,0.3374,0.3864,0.1,NORMAL,0,0,Windows,malam
23:19:45.015,58.188,0.3401,0.3185,0.3293,0.3896,0.1,NORMAL,0,0,Windows,malam
23:19:45.066,58.239,0.3401,0.3432,0.3417,0.3921,0.1,NORMAL,0,0,Windows,malam
23:19:45.093,58.265,0.3528,0.3459,0.3493,0.3882,0.1,NORMAL,0,0,Windows,malam
23:19:45.123,58.295,0.3628,0.3459,0.3543,0.392,0.1,NORMAL,0,0,Windows,malam
23:19:45.160,58.333,0.3558,0.3699,0.3629,0.3882,0.1,NORMAL,0,0,Windows,malam
23:19:45.186,58.359,0.3436,0.3701,0.3569,0.3862,0.1,NORMAL,0,0,Windows,malam
23:19:45.216,58.389,0.3561,0.3699,0.363,0.3919,0.1,NORMAL,0,0,Windows,malam
23:19:45.256,58.429,0.3561,0.3572,0.3566,0.3921,0.1,NORMAL,0,0,Windows,malam
23:19:45.278,58.451,0.3348,0.3572,0.346,0.4188,0.1,NORMAL,0,0,Windows,malam
23:19:45.311,58.484,0.3651,0.3813,0.3732,0.4078,0.1,NORMAL,0,0,Windows,malam
23:19:45.369,58.542,0.3315,0.3534,0.3424,0.4156,0.0933,NORMAL,0,0,Windows,malam
23:19:45.405,58.578,0.3651,0.3548,0.3599,0.422,0.0867,NORMAL,0,0,Windows,malam
23:19:45.436,58.608,0.3442,0.3556,0.3499,0.4156,0.08,NORMAL,0,0,Windows,malam
23:19:45.464,58.637,0.3444,0.3532,0.3488,0.403,0.0733,NORMAL,0,0,Windows,malam
23:19:45.499,58.672,0.3356,0.3518,0.3437,0.403,0.0667,NORMAL,0,0,Windows,malam
23:19:45.529,58.702,0.3447,0.3646,0.3547,0.403,0.06,NORMAL,0,0,Windows,malam
23:19:45.565,58.738,0.3356,0.366,0.3508,0.4123,0.0533,NORMAL,0,0,Windows,malam
23:19:45.608,58.78,0.3322,0.3646,0.3484,0.4162,0.0467,NORMAL,0,0,Windows,malam
23:19:45.639,58.812,0.3444,0.3646,0.3545,0.4322,0.04,NORMAL,0,0,Windows,malam
23:19:45.671,58.844,0.3436,0.3756,0.3596,0.4181,0.04,NORMAL,0,0,Windows,malam
23:19:45.701,58.874,0.3439,0.3756,0.3597,0.401,0.04,NORMAL,0,0,Windows,malam
23:19:45.733,58.906,0.3619,0.3756,0.3687,0.4086,0.04,NORMAL,0,0,Windows,malam
23:19:45.767,58.94,0.3619,0.3509,0.3564,0.4031,0.04,NORMAL,0,0,Windows,malam
23:19:45.796,58.969,0.3608,0.3478,0.3543,0.4044,0.04,NORMAL,0,0,Windows,malam
23:19:45.827,59.0,0.3436,0.3627,0.3531,0.4038,0.04,NORMAL,0,0,Windows,malam
23:19:45.866,59.039,0.3561,0.3534,0.3547,0.4,0.04,NORMAL,0,0,Windows,malam
23:19:45.892,59.065,0.3436,0.3534,0.3485,0.4063,0.04,NORMAL,0,0,Windows,malam
23:19:45.923,59.096,0.3561,0.3518,0.3539,0.4027,0.04,NORMAL,0,0,Windows,malam
23:19:45.961,59.134,0.347,0.3517,0.3494,0.4187,0.04,NORMAL,0,0,Windows,malam
23:19:45.984,59.157,0.3442,0.3501,0.3472,0.4251,0.04,NORMAL,0,0,Windows,malam
23:19:46.015,59.188,0.347,0.3501,0.3485,0.4264,0.04,NORMAL,0,0,Windows,malam
23:19:46.057,59.23,0.3592,0.3501,0.3546,0.4355,0.04,NORMAL,0,0,Windows,malam
23:19:46.092,59.265,0.3469,0.35,0.3485,0.431,0.04,NORMAL,0,0,Windows,malam
23:19:46.124,59.297,0.3469,0.3628,0.3549,0.431,0.04,NORMAL,0,0,Windows,malam
23:19:46.167,59.34,0.3434,0.35,0.3467,0.4344,0.04,NORMAL,0,0,Windows,malam
23:19:46.202,59.375,0.347,0.3459,0.3465,0.4342,0.04,NORMAL,0,0,Windows,malam
23:19:46.234,59.406,0.347,0.3459,0.3465,0.4326,0.04,NORMAL,0,0,Windows,malam
23:19:46.264,59.437,0.3348,0.3556,0.3452,0.4211,0.04,NORMAL,0,0,Windows,malam
23:19:46.296,59.469,0.3265,0.3624,0.3445,0.4148,0.04,NORMAL,0,0,Windows,malam
23:19:46.326,59.499,0.323,0.3303,0.3266,0.4148,0.04,NORMAL,0,0,Windows,malam
23:19:46.361,59.534,0.3351,0.3534,0.3443,0.4304,0.04,NORMAL,0,0,Windows,malam
23:19:46.390,59.563,0.331,0.3493,0.3401,0.4189,0.04,NORMAL,0,0,Windows,malam
23:19:46.422,59.595,0.338,0.3624,0.3502,0.4286,0.04,NORMAL,0,0,Windows,malam
23:19:46.456,59.629,0.3389,0.3624,0.3506,0.4086,0.04,NORMAL,0,0,Windows,malam
23:19:46.483,59.656,0.344,0.366,0.355,0.4086,0.04,NORMAL,0,0,Windows,malam
23:19:46.516,59.689,0.3473,0.3775,0.3624,0.4098,0.04,NORMAL,0,0,Windows,malam
23:19:46.567,59.74,0.344,0.3624,0.3532,0.4267,0.04,NORMAL,0,0,Windows,malam
23:19:46.594,59.767,0.3673,0.3928,0.3801,0.4133,0.04,NORMAL,0,0,Windows,malam
23:19:46.626,59.799,0.3673,0.3928,0.3801,0.4116,0.04,NORMAL,0,0,Windows,malam
23:19:46.664,59.837,0.3732,0.3928,0.383,0.4396,0.04,NORMAL,0,0,Windows,malam
23:19:46.687,59.86,0.3703,0.3828,0.3765,0.4428,0.04,NORMAL,0,0,Windows,malam
23:19:46.718,59.891,0.3703,0.3828,0.3765,0.4501,0.04,NORMAL,0,0,Windows,malam
23:19:46.761,59.934,0.3585,0.404,0.3813,0.4388,0.04,NORMAL,0,0,Windows,malam
23:19:46.796,59.969,0.3673,0.3938,0.3805,0.447,0.04,NORMAL,0,0,Windows,malam
23:19:46.828,60.001,0.357,0.3938,0.3754,0.4474,0.04,NORMAL,0,0,Windows,malam
23:19:46.857,60.029,0.3661,0.366,0.366,0.462,0.04,NORMAL,0,0,Windows,malam
23:19:46.892,60.064,0.3552,0.4037,0.3795,0.4713,0.04,NORMAL,0,0,Windows,malam
23:19:46.923,60.096,0.3431,0.3805,0.3618,0.4671,0.04,NORMAL,0,0,Windows,malam
23:19:46.968,60.14,0.3673,0.3699,0.3686,0.4508,0.04,NORMAL,0,0,Windows,malam
23:19:47.001,60.174,0.3348,0.3753,0.355,0.4414,0.04,NORMAL,0,0,Windows,malam
23:19:47.032,60.204,0.3431,0.3676,0.3553,0.4384,0.04,NORMAL,0,0,Windows,malam
23:19:47.063,60.236,0.3673,0.3796,0.3735,0.4176,0.04,NORMAL,0,0,Windows,malam
23:19:47.094,60.267,0.3797,0.3811,0.3804,0.4302,0.04,NORMAL,0,0,Windows,malam
23:19:47.126,60.298,0.3766,0.3904,0.3835,0.4336,0.04,NORMAL,0,0,Windows,malam
23:19:47.161,60.334,0.3753,0.3828,0.379,0.4614,0.04,NORMAL,0,0,Windows,malam
23:19:47.188,60.361,0.3736,0.3828,0.3782,0.4654,0.04,NORMAL,0,0,Windows,malam
23:19:47.219,60.391,0.3863,0.3828,0.3846,0.4819,0.04,NORMAL,0,0,Windows,malam
23:19:47.256,60.429,0.3849,0.3955,0.3902,0.443,0.04,NORMAL,0,0,Windows,malam
23:19:47.283,60.456,0.3877,0.4227,0.4052,0.4295,0.04,NORMAL,0,0,Windows,malam
23:19:47.313,60.486,0.4001,0.4211,0.4106,0.4295,0.04,NORMAL,0,0,Windows,malam
23:19:47.367,60.54,0.403,0.389,0.396,0.4525,0.04,NORMAL,0,0,Windows,malam
23:19:47.389,60.561,0.3661,0.3745,0.3703,0.4587,0.04,NORMAL,0,0,Windows,malam
23:19:47.421,60.594,0.3572,0.3661,0.3616,0.4521,0.04,NORMAL,0,0,Windows,malam
23:19:47.463,60.636,0.3753,0.3854,0.3803,0.4657,0.04,NORMAL,0,0,Windows,malam
23:19:47.498,60.671,0.3661,0.3842,0.3751,0.4782,0.04,NORMAL,0,0,Windows,malam
23:19:47.529,60.702,0.3763,0.3745,0.3754,0.4737,0.04,NORMAL,0,0,Windows,malam
23:19:47.560,60.733,0.3849,0.3672,0.3761,0.4506,0.0333,NORMAL,0,0,Windows,malam
23:19:47.592,60.765,0.3713,0.3621,0.3667,0.4425,0.0267,NORMAL,0,0,Windows,malam
23:19:47.622,60.795,0.3715,0.3776,0.3745,0.443,0.02,NORMAL,0,0,Windows,malam
23:19:47.673,60.846,0.3391,0.3467,0.3429,0.4231,0.0133,NORMAL,0,0,Windows,malam
23:19:47.701,60.874,0.3314,0.3255,0.3284,0.4287,0.0067,NORMAL,0,0,Windows,malam
23:19:47.732,60.905,0.3246,0.3373,0.3309,0.4315,0.0,NORMAL,0,0,Windows,malam
23:19:47.767,60.94,0.3533,0.3255,0.3394,0.4329,0.0,NORMAL,0,0,Windows,malam
23:19:47.797,60.97,0.3715,0.3569,0.3642,0.4173,0.0,NORMAL,0,0,Windows,malam
23:19:47.829,61.002,0.3699,0.363,0.3664,0.4199,0.0,NORMAL,0,0,Windows,malam
23:19:47.864,61.037,0.3585,0.3528,0.3556,0.4171,0.0,NORMAL,0,0,Windows,malam
23:19:47.892,61.065,0.3585,0.3596,0.3591,0.426,0.0,NORMAL,0,0,Windows,malam
23:19:47.923,61.096,0.3585,0.3605,0.3595,0.4386,0.0,NORMAL,0,0,Windows,malam
23:19:47.960,61.133,0.3328,0.3162,0.3245,0.408,0.0,NORMAL,0,0,Windows,malam
23:19:47.986,61.159,0.3227,0.3091,0.3159,0.4016,0.0,NORMAL,0,0,Windows,malam
23:19:48.017,61.19,0.3084,0.3218,0.3151,0.402,0.0,NORMAL,0,0,Windows,malam
23:19:48.076,61.249,0.2359,0.1864,0.2112,0.4001,0.0067,NORMAL,1,0,Windows,malam
23:19:48.111,61.284,0.2158,0.1787,0.1972,0.407,0.0133,NORMAL,2,0,Windows,malam
23:19:48.142,61.315,0.2197,0.1581,0.1889,0.4114,0.02,NORMAL,3,0,Windows,malam
23:19:48.173,61.346,0.2414,0.215,0.2282,0.3992,0.0267,NORMAL,4,0,Windows,malam
23:19:48.206,61.378,0.2641,0.233,0.2486,0.3972,0.0333,NORMAL,5,0,Windows,malam
23:19:48.236,61.408,0.2448,0.2458,0.2453,0.3972,0.04,NORMAL,6,0,Windows,malam
23:19:48.264,61.436,0.2645,0.2962,0.2803,0.3974,0.04,NORMAL,0,0,Windows,malam
23:19:48.299,61.472,0.2669,0.3118,0.2893,0.399,0.04,NORMAL,0,0,Windows,malam
23:19:48.331,61.504,0.2925,0.3091,0.3008,0.4027,0.04,NORMAL,0,0,Windows,malam
23:19:48.360,61.533,0.2849,0.3091,0.297,0.4007,0.04,NORMAL,0,0,Windows,malam
23:19:48.393,61.566,0.2821,0.3013,0.2917,0.4019,0.04,NORMAL,0,0,Windows,malam
23:19:48.422,61.595,0.2949,0.3181,0.3065,0.4019,0.04,NORMAL,0,0,Windows,malam
23:19:48.454,61.627,0.2976,0.3181,0.3078,0.4019,0.04,NORMAL,0,0,Windows,malam
23:19:48.483,61.656,0.3228,0.3181,0.3205,0.395,0.04,NORMAL,0,0,Windows,malam
23:19:48.516,61.689,0.3183,0.3287,0.3235,0.3903,0.04,NORMAL,0,0,Windows,malam
23:19:48.568,61.741,0.3456,0.3652,0.3554,0.3871,0.04,NORMAL,0,0,Windows,malam
23:19:48.596,61.768,0.369,0.3562,0.3626,0.3893,0.04,NORMAL,0,0,Windows,malam
23:19:48.626,61.798,0.3724,0.3517,0.3621,0.3919,0.04,NORMAL,0,0,Windows,malam
23:19:48.663,61.836,0.3849,0.3763,0.3806,0.3837,0.04,NORMAL,0,0,Windows,malam
23:19:48.689,61.862,0.3595,0.3528,0.3561,0.3836,0.04,NORMAL,0,0,Windows,malam
23:19:48.718,61.891,0.3595,0.3528,0.3561,0.3859,0.04,NORMAL,0,0,Windows,malam
23:19:48.760,61.933,0.3608,0.3538,0.3573,0.3882,0.04,NORMAL,0,0,Windows,malam
23:19:48.782,61.955,0.3481,0.3561,0.3521,0.3915,0.04,NORMAL,0,0,Windows,malam
23:19:48.813,61.986,0.3456,0.3528,0.3492,0.3897,0.04,NORMAL,0,0,Windows,malam
23:19:48.844,62.016,0.3548,0.344,0.3494,0.3826,0.04,NORMAL,0,0,Windows,malam
23:19:48.876,62.049,0.382,0.3661,0.374,0.3753,0.04,NORMAL,0,0,Windows,malam
23:19:48.908,62.081,0.3595,0.3808,0.3701,0.3782,0.04,NORMAL,0,0,Windows,malam
23:19:48.967,62.14,0.3215,0.3444,0.333,0.3741,0.04,NORMAL,0,0,Windows,malam
23:19:49.001,62.174,0.3054,0.3226,0.314,0.3754,0.04,NORMAL,0,0,Windows,malam
23:19:49.034,62.206,0.3054,0.3113,0.3083,0.3751,0.04,NORMAL,0,0,Windows,malam
23:19:49.064,62.237,0.2469,0.2288,0.2379,0.3787,0.0467,NORMAL,1,0,Windows,malam
23:19:49.096,62.269,0.2296,0.2004,0.215,0.3761,0.0533,NORMAL,2,0,Windows,malam
23:19:49.127,62.3,0.2296,0.2004,0.215,0.3715,0.06,NORMAL,3,0,Windows,malam
23:19:49.159,62.332,0.2985,0.3065,0.3025,0.38,0.06,NORMAL,0,0,Windows,malam
23:19:49.189,62.362,0.2688,0.2928,0.2808,0.3843,0.06,NORMAL,0,0,Windows,malam
23:19:49.222,62.395,0.2688,0.2882,0.2785,0.375,0.06,NORMAL,0,0,Windows,malam
23:19:49.252,62.425,0.2688,0.2902,0.2795,0.38,0.06,NORMAL,0,0,Windows,malam
23:19:49.284,62.457,0.3565,0.3765,0.3665,0.381,0.06,NORMAL,0,0,Windows,malam
23:19:49.313,62.486,0.3565,0.3511,0.3538,0.3692,0.06,NORMAL,0,0,Windows,malam
23:19:49.367,62.54,0.3604,0.3594,0.3599,0.3686,0.06,NORMAL,0,0,Windows,malam
23:19:49.392,62.564,0.3533,0.347,0.3501,0.3671,0.06,NORMAL,0,0,Windows,malam
23:19:49.422,62.595,0.357,0.3594,0.3582,0.369,0.06,NORMAL,0,0,Windows,malam
23:19:49.464,62.637,0.3394,0.3397,0.3396,0.3772,0.06,NORMAL,0,0,Windows,malam
23:19:49.503,62.676,0.3349,0.3239,0.3294,0.3806,0.06,NORMAL,0,0,Windows,malam
23:19:49.534,62.707,0.3397,0.3096,0.3247,0.3789,0.06,NORMAL,0,0,Windows,malam
23:19:49.567,62.74,0.3115,0.311,0.3113,0.3852,0.06,NORMAL,0,0,Windows,malam
23:19:49.676,62.849,0.3275,0.3023,0.3149,0.3974,0.06,NORMAL,0,0,Windows,malam
23:19:49.706,62.879,0.3084,0.3186,0.3135,0.3981,0.06,NORMAL,0,0,Windows,malam
23:19:49.766,62.939,0.3365,0.3002,0.3184,0.3938,0.06,NORMAL,0,0,Windows,malam
23:19:49.801,62.974,0.3224,0.305,0.3137,0.3773,0.06,NORMAL,0,0,Windows,malam
23:19:49.830,63.003,0.3084,0.3058,0.3071,0.3753,0.06,NORMAL,0,0,Windows,malam
23:19:49.863,63.036,0.339,0.3058,0.3224,0.3859,0.06,NORMAL,0,0,Windows,malam
23:19:49.892,63.065,0.3383,0.3189,0.3286,0.3941,0.06,NORMAL,0,0,Windows,malam
23:19:49.924,63.097,0.3383,0.3323,0.3353,0.3998,0.06,NORMAL,0,0,Windows,malam
23:19:49.976,63.149,0.3512,0.3463,0.3488,0.396,0.06,NORMAL,0,0,Windows,malam
23:19:50.002,63.175,0.3259,0.3253,0.3256,0.3838,0.06,NORMAL,0,0,Windows,malam
23:19:50.032,63.205,0.3281,0.3387,0.3334,0.3937,0.06,NORMAL,0,0,Windows,malam
23:19:50.064,63.236,0.3149,0.3396,0.3272,0.3966,0.06,NORMAL,0,0,Windows,malam
23:19:50.096,63.269,0.3581,0.3539,0.356,0.3747,0.06,NORMAL,0,0,Windows,malam
23:19:50.127,63.3,0.3364,0.3539,0.3452,0.3772,0.06,NORMAL,0,0,Windows,malam
23:19:50.168,63.34,0.348,0.3582,0.3531,0.382,0.06,NORMAL,0,0,Windows,malam
23:19:50.191,63.364,0.3464,0.3477,0.3471,0.3718,0.06,NORMAL,0,0,Windows,malam
23:19:50.221,63.394,0.3328,0.3608,0.3468,0.3742,0.06,NORMAL,0,0,Windows,malam
23:19:50.263,63.436,0.3475,0.3579,0.3527,0.3677,0.06,NORMAL,0,0,Windows,malam
23:19:50.300,63.473,0.3605,0.3409,0.3507,0.3737,0.06,NORMAL,0,0,Windows,malam
23:19:50.332,63.505,0.3537,0.3542,0.354,0.3737,0.06,NORMAL,0,0,Windows,malam
23:19:50.376,63.549,0.3428,0.3449,0.3439,0.3889,0.06,NORMAL,0,0,Windows,malam
23:19:50.409,63.582,0.3301,0.3329,0.3315,0.4009,0.06,NORMAL,0,0,Windows,malam
23:19:50.440,63.613,0.3301,0.3495,0.3398,0.3953,0.06,NORMAL,0,0,Windows,malam
23:19:50.471,63.644,0.3301,0.3495,0.3398,0.391,0.06,NORMAL,0,0,Windows,malam
23:19:50.502,63.675,0.3493,0.3495,0.3494,0.3887,0.06,NORMAL,0,0,Windows,malam
23:19:50.533,63.706,0.3344,0.3449,0.3397,0.3884,0.06,NORMAL,0,0,Windows,malam
23:19:50.567,63.739,0.3555,0.3617,0.3586,0.3965,0.06,NORMAL,0,0,Windows,malam
23:19:50.596,63.769,0.3284,0.3621,0.3453,0.3994,0.06,NORMAL,0,0,Windows,malam
23:19:50.628,63.801,0.3649,0.3662,0.3656,0.3989,0.06,NORMAL,0,0,Windows,malam
23:19:50.664,63.836,0.3649,0.3583,0.3616,0.3743,0.06,NORMAL,0,0,Windows,malam
23:19:50.691,63.864,0.3389,0.3537,0.3463,0.3708,0.06,NORMAL,0,0,Windows,malam
23:19:50.721,63.894,0.3453,0.3537,0.3495,0.3733,0.06,NORMAL,0,0,Windows,malam
23:19:50.751,63.924,0.3543,0.3537,0.354,0.3724,0.06,NORMAL,0,0,Windows,malam
23:19:50.784,63.956,0.3556,0.3569,0.3563,0.3802,0.06,NORMAL,0,0,Windows,malam
23:19:50.814,63.987,0.3555,0.3662,0.3608,0.3847,0.06,NORMAL,0,0,Windows,malam
23:19:50.846,64.019,0.3591,0.3569,0.358,0.3852,0.06,NORMAL,0,0,Windows,malam
23:19:50.878,64.051,0.3468,0.3642,0.3555,0.383,0.06,NORMAL,0,0,Windows,malam
23:19:50.908,64.081,0.3345,0.3483,0.3414,0.3718,0.06,NORMAL,0,0,Windows,malam
23:19:50.968,64.141,0.3642,0.3722,0.3682,0.3646,0.06,NORMAL,0,0,Windows,malam
23:19:51.002,64.175,0.3683,0.3595,0.3639,0.3646,0.06,NORMAL,0,0,Windows,malam
23:19:51.035,64.208,0.3811,0.3648,0.3729,0.367,0.06,NORMAL,0,0,Windows,malam
23:19:51.063,64.236,0.3474,0.3681,0.3577,0.3825,0.06,NORMAL,0,0,Windows,malam
23:19:51.099,64.272,0.3474,0.3737,0.3605,0.3742,0.06,NORMAL,0,0,Windows,malam
23:19:51.127,64.3,0.3687,0.3694,0.3691,0.3737,0.06,NORMAL,0,0,Windows,malam
23:19:51.160,64.333,0.379,0.3737,0.3764,0.377,0.06,NORMAL,0,0,Windows,malam
23:19:51.192,64.365,0.3574,0.3761,0.3668,0.3786,0.06,NORMAL,0,0,Windows,malam
23:19:51.224,64.397,0.3719,0.3633,0.3676,0.3797,0.06,NORMAL,0,0,Windows,malam
23:19:51.253,64.426,0.349,0.3553,0.3522,0.38,0.06,NORMAL,0,0,Windows,malam
23:19:51.287,64.46,0.3452,0.3469,0.3461,0.4082,0.06,NORMAL,0,0,Windows,malam
23:19:51.317,64.49,0.3596,0.3568,0.3582,0.4077,0.06,NORMAL,0,0,Windows,malam
23:19:51.368,64.541,0.361,0.3846,0.3728,0.4173,0.06,NORMAL,0,0,Windows,malam
23:19:51.397,64.57,0.3716,0.3722,0.3719,0.4243,0.06,NORMAL,0,0,Windows,malam
23:19:51.429,64.601,0.3716,0.3731,0.3723,0.4267,0.06,NORMAL,0,0,Windows,malam
23:19:51.463,64.636,0.3946,0.3906,0.3926,0.4035,0.06,NORMAL,0,0,Windows,malam
23:19:51.492,64.665,0.3966,0.3788,0.3877,0.3864,0.06,NORMAL,0,0,Windows,malam
23:19:51.523,64.696,0.3966,0.3885,0.3925,0.3827,0.06,NORMAL,0,0,Windows,malam
23:19:51.556,64.729,0.3843,0.3885,0.3864,0.387,0.06,NORMAL,0,0,Windows,malam
23:19:51.588,64.761,0.3719,0.3753,0.3736,0.3827,0.06,NORMAL,0,0,Windows,malam
23:19:51.618,64.791,0.3719,0.3885,0.3802,0.3857,0.06,NORMAL,0,0,Windows,malam
23:19:51.651,64.824,0.3719,0.3885,0.3802,0.3795,0.06,NORMAL,0,0,Windows,malam
23:19:51.682,64.855,0.387,0.3976,0.3923,0.3699,0.06,NORMAL,0,0,Windows,malam
23:19:51.714,64.887,0.3767,0.3689,0.3728,0.3759,0.06,NORMAL,0,0,Windows,malam
23:19:51.769,64.942,0.4331,0.4535,0.4433,0.3418,0.06,NORMAL,0,0,Windows,malam
23:19:51.791,64.964,0.4417,0.4494,0.4455,0.3485,0.06,NORMAL,0,0,Windows,malam
23:19:51.820,64.993,0.4331,0.464,0.4485,0.353,0.06,NORMAL,0,0,Windows,malam
23:19:51.864,65.036,0.3831,0.4058,0.3945,0.3536,0.06,NORMAL,0,0,Windows,malam
23:19:51.899,65.071,0.3933,0.3896,0.3914,0.3636,0.06,NORMAL,0,0,Windows,malam
23:19:51.929,65.102,0.3812,0.3896,0.3854,0.3726,0.06,NORMAL,0,0,Windows,malam
23:19:51.963,65.136,0.3605,0.3991,0.3798,0.3658,0.06,NORMAL,0,0,Windows,malam
23:19:52.011,65.184,0.3948,0.4095,0.4021,0.3744,0.06,NORMAL,0,0,Windows,malam
23:19:52.042,65.215,0.3791,0.4076,0.3934,0.3661,0.06,NORMAL,0,0,Windows,malam
23:19:52.072,65.245,0.3881,0.3978,0.3929,0.3675,0.06,NORMAL,0,0,Windows,malam
23:19:52.104,65.276,0.398,0.4291,0.4136,0.3619,0.06,NORMAL,0,0,Windows,malam
23:19:52.135,65.308,0.398,0.4023,0.4002,0.3639,0.06,NORMAL,0,0,Windows,malam
23:19:52.167,65.34,0.3816,0.3923,0.3869,0.3662,0.06,NORMAL,0,0,Windows,malam
23:19:52.196,65.368,0.3659,0.3805,0.3732,0.3745,0.06,NORMAL,0,0,Windows,malam
23:19:52.228,65.401,0.3693,0.3965,0.3829,0.3795,0.06,NORMAL,0,0,Windows,malam
23:19:52.280,65.453,0.4045,0.4181,0.4113,0.3835,0.06,NORMAL,0,0,Windows,malam
23:19:52.307,65.48,0.398,0.4077,0.4029,0.3814,0.06,NORMAL,0,0,Windows,malam
23:19:52.338,65.511,0.4111,0.3931,0.4021,0.3889,0.06,NORMAL,0,0,Windows,malam
23:19:52.372,65.545,0.3975,0.3931,0.3953,0.3766,0.06,NORMAL,0,0,Windows,malam
23:19:52.401,65.574,0.4301,0.4276,0.4288,0.3871,0.06,NORMAL,0,0,Windows,malam
23:19:52.432,65.605,0.4337,0.4173,0.4255,0.3894,0.06,NORMAL,0,0,Windows,malam
23:19:52.462,65.634,0.418,0.4173,0.4176,0.3874,0.06,NORMAL,0,0,Windows,malam
23:19:52.492,65.665,0.4181,0.4293,0.4237,0.3879,0.06,NORMAL,0,0,Windows,malam
23:19:52.526,65.699,0.4162,0.4173,0.4168,0.3856,0.06,NORMAL,0,0,Windows,malam
23:19:52.570,65.743,0.4093,0.4156,0.4125,0.39,0.06,NORMAL,0,0,Windows,malam
23:19:52.604,65.777,0.4071,0.393,0.4001,0.3904,0.06,NORMAL,0,0,Windows,malam
23:19:52.635,65.808,0.3948,0.3905,0.3927,0.3941,0.06,NORMAL,0,0,Windows,malam
23:19:52.679,65.852,0.4277,0.4121,0.4199,0.3847,0.06,NORMAL,0,0,Windows,malam
23:19:52.711,65.884,0.4015,0.4019,0.4017,0.3735,0.06,NORMAL,0,0,Windows,malam
23:19:52.743,65.916,0.4071,0.3897,0.3984,0.378,0.06,NORMAL,0,0,Windows,malam
23:19:52.776,65.949,0.3971,0.3897,0.3934,0.3744,0.06,NORMAL,0,0,Windows,malam
23:19:52.808,65.981,0.3971,0.4006,0.3988,0.3792,0.06,NORMAL,0,0,Windows,malam
23:19:52.837,66.01,0.3838,0.3996,0.3917,0.3776,0.06,NORMAL,0,0,Windows,malam
23:19:52.869,66.042,0.3812,0.387,0.3841,0.3756,0.06,NORMAL,0,0,Windows,malam
23:19:52.902,66.075,0.3753,0.3782,0.3767,0.3838,0.06,NORMAL,0,0,Windows,malam
23:19:52.933,66.106,0.3753,0.3795,0.3774,0.3838,0.06,NORMAL,0,0,Windows,malam
23:19:52.972,66.145,0.403,0.4121,0.4075,0.3926,0.06,NORMAL,0,0,Windows,malam
23:19:52.998,66.17,0.3753,0.4025,0.3889,0.4005,0.06,NORMAL,0,0,Windows,malam
23:19:53.029,66.202,0.3753,0.3996,0.3874,0.4039,0.06,NORMAL,0,0,Windows,malam
23:19:53.060,66.233,0.3753,0.3996,0.3874,0.4113,0.06,NORMAL,0,0,Windows,malam
23:19:53.088,66.261,0.3753,0.3917,0.3835,0.387,0.06,NORMAL,0,0,Windows,malam
23:19:53.119,66.292,0.4015,0.3996,0.4006,0.3863,0.06,NORMAL,0,0,Windows,malam
23:19:53.151,66.324,0.3945,0.3898,0.3922,0.3794,0.0533,NORMAL,0,0,Windows,malam
23:19:53.181,66.354,0.4025,0.405,0.4037,0.3834,0.0467,NORMAL,0,0,Windows,malam
23:19:53.211,66.384,0.3795,0.3917,0.3856,0.3862,0.04,NORMAL,0,0,Windows,malam
23:19:53.244,66.417,0.3877,0.3917,0.3897,0.3836,0.0333,NORMAL,0,0,Windows,malam
23:19:53.274,66.447,0.3877,0.3931,0.3904,0.3866,0.0267,NORMAL,0,0,Windows,malam
23:19:53.308,66.481,0.4025,0.3945,0.3985,0.394,0.02,NORMAL,0,0,Windows,malam
23:19:53.370,66.542,0.3902,0.3956,0.3929,0.3876,0.02,NORMAL,0,0,Windows,malam
23:19:53.403,66.576,0.3776,0.4163,0.3969,0.3939,0.02,NORMAL,0,0,Windows,malam
23:19:53.432,66.605,0.3902,0.3913,0.3908,0.3909,0.02,NORMAL,0,0,Windows,malam
23:19:53.464,66.637,0.3902,0.3787,0.3844,0.3939,0.02,NORMAL,0,0,Windows,malam
23:19:53.494,66.667,0.3505,0.3787,0.3646,0.398,0.02,NORMAL,0,0,Windows,malam
23:19:53.526,66.699,0.3505,0.3863,0.3684,0.4032,0.02,NORMAL,0,0,Windows,malam
23:19:53.556,66.729,0.3505,0.3863,0.3684,0.3969,0.02,NORMAL,0,0,Windows,malam
23:19:53.588,66.761,0.1857,0.1785,0.1821,0.3921,0.0267,NORMAL,1,0,Windows,malam
23:19:53.619,66.792,0.1463,0.1145,0.1304,0.3879,0.0333,NORMAL,2,0,Windows,malam
23:19:53.652,66.824,0.1304,0.1145,0.1225,0.3878,0.04,NORMAL,3,0,Windows,malam
23:19:53.681,66.854,0.2158,0.1621,0.189,0.3874,0.0467,NORMAL,4,0,Windows,malam
23:19:53.714,66.887,0.2477,0.1957,0.2217,0.3847,0.0533,NORMAL,5,0,Windows,malam
23:19:53.770,66.943,0.3027,0.2933,0.298,0.383,0.0533,NORMAL,0,0,Windows,malam
23:19:53.792,66.965,0.3034,0.2967,0.3001,0.3884,0.0533,NORMAL,0,0,Windows,malam
23:19:53.824,66.996,0.3034,0.2962,0.2998,0.3831,0.0533,NORMAL,0,0,Windows,malam
23:19:53.854,67.027,0.3166,0.2841,0.3004,0.3925,0.0533,NORMAL,0,0,Windows,malam
23:19:53.886,67.059,0.3213,0.339,0.3302,0.3841,0.0533,NORMAL,0,0,Windows,malam
23:19:53.919,67.092,0.3084,0.3354,0.3219,0.3854,0.0533,NORMAL,0,0,Windows,malam
23:19:53.948,67.121,0.3166,0.3354,0.326,0.3782,0.0533,NORMAL,0,0,Windows,malam
23:19:53.975,67.148,0.315,0.3348,0.3249,0.3784,0.0533,NORMAL,0,0,Windows,malam
23:19:54.012,67.185,0.3166,0.3348,0.3257,0.3918,0.0533,NORMAL,0,0,Windows,malam
23:19:54.042,67.215,0.3166,0.3348,0.3257,0.3935,0.0533,NORMAL,0,0,Windows,malam
23:19:54.078,67.251,0.3418,0.3492,0.3455,0.399,0.0533,NORMAL,0,0,Windows,malam
23:19:54.108,67.28,0.3418,0.3348,0.3383,0.4055,0.0533,NORMAL,0,0,Windows,malam
23:19:54.184,67.357,0.3418,0.3628,0.3523,0.4018,0.0467,NORMAL,0,0,Windows,malam
23:19:54.213,67.386,0.3454,0.3605,0.353,0.3956,0.04,NORMAL,0,0,Windows,malam
23:19:54.246,67.419,0.3443,0.3605,0.3524,0.3936,0.0333,NORMAL,0,0,Windows,malam
23:19:54.277,67.45,0.3443,0.3605,0.3524,0.3975,0.0333,NORMAL,0,0,Windows,malam
23:19:54.309,67.482,0.3303,0.3528,0.3415,0.3956,0.0333,NORMAL,0,0,Windows,malam
23:19:54.341,67.514,0.3329,0.3528,0.3429,0.3953,0.0333,NORMAL,0,0,Windows,malam
23:19:54.370,67.543,0.3329,0.3528,0.3429,0.3892,0.0333,NORMAL,0,0,Windows,malam
23:19:54.401,67.574,0.3418,0.3596,0.3507,0.3895,0.0333,NORMAL,0,0,Windows,malam
23:19:54.431,67.604,0.356,0.3596,0.3578,0.3895,0.0333,NORMAL,0,0,Windows,malam
23:19:54.462,67.635,0.3468,0.3596,0.3532,0.3895,0.0333,NORMAL,0,0,Windows,malam
23:19:54.495,67.668,0.3608,0.3596,0.3602,0.3949,0.0333,NORMAL,0,0,Windows,malam
23:19:54.524,67.696,0.3481,0.3596,0.3539,0.3894,0.0333,NORMAL,0,0,Windows,malam
23:19:54.583,67.756,0.3736,0.3686,0.3711,0.3826,0.0333,NORMAL,0,0,Windows,malam
23:19:54.617,67.789,0.3517,0.3505,0.3511,0.3872,0.0333,NORMAL,0,0,Windows,malam
23:19:54.649,67.822,0.3402,0.3691,0.3547,0.385,0.0333,NORMAL,0,0,Windows,malam
23:19:54.678,67.851,0.3394,0.3885,0.3639,0.3854,0.0333,NORMAL,0,0,Windows,malam
23:19:54.712,67.885,0.3619,0.3596,0.3608,0.394,0.0333,NORMAL,0,0,Windows,malam
23:19:54.743,67.916,0.3495,0.3854,0.3674,0.391,0.0333,NORMAL,0,0,Windows,malam
23:19:54.775,67.948,0.3621,0.3854,0.3737,0.391,0.0333,NORMAL,0,0,Windows,malam
23:19:54.806,67.979,0.3495,0.3724,0.361,0.3886,0.0333,NORMAL,0,0,Windows,malam
23:19:54.836,68.009,0.3393,0.3724,0.3559,0.3796,0.0333,NORMAL,0,0,Windows,malam
23:19:54.869,68.041,0.3515,0.3724,0.362,0.3839,0.0333,NORMAL,0,0,Windows,malam
23:19:54.901,68.074,0.3354,0.3651,0.3503,0.3821,0.0333,NORMAL,0,0,Windows,malam
23:19:54.932,68.105,0.3481,0.3561,0.3521,0.3821,0.0333,NORMAL,0,0,Windows,malam
23:19:54.984,68.157,0.3642,0.3653,0.3648,0.4048,0.0333,NORMAL,0,0,Windows,malam
23:19:55.009,68.182,0.3608,0.3505,0.3557,0.4023,0.0333,NORMAL,0,0,Windows,malam
23:19:55.041,68.214,0.3369,0.3505,0.3437,0.4062,0.0333,NORMAL,0,0,Windows,malam
23:19:55.075,68.248,0.3246,0.3596,0.3421,0.4096,0.0333,NORMAL,0,0,Windows,malam
23:19:55.104,68.277,0.327,0.3528,0.3399,0.4064,0.0333,NORMAL,0,0,Windows,malam
23:19:55.137,68.31,0.3305,0.3561,0.3433,0.3989,0.0333,NORMAL,0,0,Windows,malam
23:19:55.169,68.342,0.3305,0.3538,0.3422,0.3936,0.0333,NORMAL,0,0,Windows,malam
23:19:55.198,68.371,0.3354,0.3505,0.343,0.3831,0.0333,NORMAL,0,0,Windows,malam
23:19:55.229,68.402,0.3481,0.3724,0.3603,0.3933,0.0333,NORMAL,0,0,Windows,malam
23:19:55.262,68.435,0.3468,0.3724,0.3596,0.3933,0.0333,NORMAL,0,0,Windows,malam
23:19:55.292,68.465,0.3468,0.3504,0.3486,0.3942,0.0333,NORMAL,0,0,Windows,malam
23:19:55.324,68.496,0.3468,0.363,0.3549,0.3873,0.0333,NORMAL,0,0,Windows,malam
23:19:55.354,68.527,0.3468,0.3661,0.3565,0.3901,0.0333,NORMAL,0,0,Windows,malam
23:19:55.384,68.557,0.3608,0.3528,0.3568,0.4059,0.0333,NORMAL,0,0,Windows,malam
23:19:55.416,68.589,0.3517,0.3505,0.3511,0.4013,0.0333,NORMAL,0,0,Windows,malam
23:19:55.447,68.619,0.3495,0.3505,0.35,0.4108,0.0333,NORMAL,0,0,Windows,malam
23:19:55.479,68.652,0.3471,0.363,0.355,0.3959,0.0333,NORMAL,0,0,Windows,malam
23:19:55.507,68.68,0.3495,0.3495,0.3495,0.3854,0.0333,NORMAL,0,0,Windows,malam
23:19:55.539,68.712,0.3495,0.3495,0.3495,0.3801,0.0333,NORMAL,0,0,Windows,malam
23:19:55.577,68.75,0.3608,0.3585,0.3597,0.3772,0.0333,NORMAL,0,0,Windows,malam
23:19:55.605,68.778,0.3585,0.355,0.3568,0.383,0.0333,NORMAL,0,0,Windows,malam
23:19:55.636,68.809,0.3585,0.355,0.3568,0.383,0.0333,NORMAL,0,0,Windows,malam
23:19:55.672,68.844,0.3585,0.3495,0.354,0.3834,0.0333,NORMAL,0,0,Windows,malam
23:19:55.697,68.87,0.3585,0.3495,0.354,0.3882,0.0333,NORMAL,0,0,Windows,malam
23:19:55.727,68.9,0.3585,0.3495,0.354,0.3824,0.0333,NORMAL,0,0,Windows,malam
23:19:55.785,68.958,0.3456,0.3505,0.3481,0.3947,0.0333,NORMAL,0,0,Windows,malam
23:19:55.807,68.98,0.3481,0.3596,0.3539,0.4053,0.0333,NORMAL,0,0,Windows,malam
23:19:55.838,69.011,0.3481,0.3724,0.3603,0.3997,0.0333,NORMAL,0,0,Windows,malam
23:19:55.880,69.053,0.3585,0.3724,0.3655,0.4034,0.0333,NORMAL,0,0,Windows,malam
23:19:55.917,69.089,0.3713,0.3724,0.3718,0.4039,0.0333,NORMAL,0,0,Windows,malam
23:19:55.948,69.121,0.3699,0.3619,0.3659,0.4001,0.0333,NORMAL,0,0,Windows,malam
23:19:55.976,69.149,0.3572,0.363,0.3601,0.3933,0.0333,NORMAL,0,0,Windows,malam
23:19:56.011,69.184,0.3572,0.363,0.3601,0.3931,0.0333,NORMAL,0,0,Windows,malam
23:19:56.042,69.215,0.3572,0.363,0.3601,0.3931,0.0333,NORMAL,0,0,Windows,malam
23:19:56.072,69.245,0.3572,0.363,0.3601,0.3903,0.0333,NORMAL,0,0,Windows,malam
23:19:56.103,69.276,0.3585,0.363,0.3608,0.3858,0.0333,NORMAL,0,0,Windows,malam
23:19:56.137,69.31,0.3608,0.3724,0.3666,0.3926,0.0333,NORMAL,0,0,Windows,malam
23:19:56.184,69.357,0.3595,0.3777,0.3686,0.3917,0.0333,NORMAL,0,0,Windows,malam
23:19:56.214,69.386,0.3595,0.3652,0.3623,0.397,0.0333,NORMAL,0,0,Windows,malam
23:19:56.248,69.42,0.3595,0.363,0.3612,0.3991,0.0333,NORMAL,0,0,Windows,malam
23:19:56.279,69.452,0.3595,0.3504,0.3549,0.3991,0.0333,NORMAL,0,0,Windows,malam
23:19:56.306,69.479,0.3608,0.3504,0.3556,0.3931,0.0333,NORMAL,0,0,Windows,malam
23:19:56.340,69.513,0.3608,0.3379,0.3494,0.3903,0.0333,NORMAL,0,0,Windows,malam
23:19:56.374,69.547,0.3608,0.3504,0.3556,0.3866,0.0333,NORMAL,0,0,Windows,malam
23:19:56.402,69.575,0.3642,0.3504,0.3573,0.3912,0.0333,NORMAL,0,0,Windows,malam
23:19:56.433,69.606,0.3642,0.3403,0.3523,0.3872,0.0333,NORMAL,0,0,Windows,malam
23:19:56.488,69.661,0.3608,0.3504,0.3556,0.3895,0.0333,NORMAL,0,0,Windows,malam
23:19:56.528,69.701,0.3608,0.363,0.3619,0.3903,0.0333,NORMAL,0,0,Windows,malam
23:19:56.558,69.731,0.3608,0.3683,0.3646,0.397,0.0333,NORMAL,0,0,Windows,malam
23:19:56.589,69.762,0.3608,0.3756,0.3682,0.3956,0.0333,NORMAL,0,0,Windows,malam
23:19:56.623,69.796,0.3608,0.3562,0.3585,0.3997,0.0333,NORMAL,0,0,Windows,malam
23:19:56.652,69.825,0.3608,0.3431,0.352,0.397,0.0333,NORMAL,0,0,Windows,malam
23:19:56.679,69.852,0.3517,0.3409,0.3463,0.395,0.0333,NORMAL,0,0,Windows,malam
23:19:56.712,69.884,0.3608,0.3528,0.3568,0.3951,0.0333,NORMAL,0,0,Windows,malam
23:19:56.747,69.919,0.3495,0.3528,0.3511,0.3912,0.0333,NORMAL,0,0,Windows,malam
23:19:56.775,69.948,0.355,0.3495,0.3523,0.4035,0.0333,NORMAL,0,0,Windows,malam
23:19:56.807,69.979,0.3608,0.3528,0.3568,0.3975,0.0333,NORMAL,0,0,Windows,malam
23:19:56.840,70.012,0.3585,0.3538,0.3562,0.3994,0.0333,NORMAL,0,0,Windows,malam
23:19:56.889,70.062,0.355,0.3418,0.3484,0.3924,0.0333,NORMAL,0,0,Windows,malam
23:19:56.919,70.092,0.3608,0.3652,0.363,0.3911,0.0333,NORMAL,0,0,Windows,malam
23:19:56.947,70.12,0.3585,0.3652,0.3619,0.3911,0.0333,NORMAL,0,0,Windows,malam
23:19:56.984,70.157,0.3608,0.3505,0.3557,0.3884,0.0333,NORMAL,0,0,Windows,malam
23:19:57.012,70.185,0.3585,0.3528,0.3556,0.3881,0.0333,NORMAL,0,0,Windows,malam
23:19:57.041,70.214,0.3585,0.3505,0.3545,0.3966,0.0333,NORMAL,0,0,Windows,malam
23:19:57.079,70.252,0.3704,0.3528,0.3616,0.3945,0.0333,NORMAL,0,0,Windows,malam
23:19:57.106,70.279,0.3704,0.3495,0.36,0.3973,0.0333,NORMAL,0,0,Windows,malam
23:19:57.135,70.308,0.3585,0.3619,0.3602,0.404,0.0333,NORMAL,0,0,Windows,malam
23:19:57.177,70.349,0.3585,0.3641,0.3613,0.398,0.0333,NORMAL,0,0,Windows,malam
23:19:57.213,70.386,0.3608,0.3641,0.3625,0.4022,0.0333,NORMAL,0,0,Windows,malam
23:19:57.246,70.419,0.3736,0.3766,0.3751,0.4078,0.0333,NORMAL,0,0,Windows,malam
23:19:57.289,70.462,0.3713,0.3745,0.3729,0.4055,0.0333,NORMAL,0,0,Windows,malam
23:19:57.323,70.496,0.3699,0.3745,0.3722,0.3951,0.0333,NORMAL,0,0,Windows,malam
23:19:57.354,70.527,0.3796,0.3756,0.3776,0.3948,0.0333,NORMAL,0,0,Windows,malam
23:19:57.384,70.557,0.3572,0.3724,0.3648,0.3952,0.0333,NORMAL,0,0,Windows,malam
23:19:57.417,70.59,0.3572,0.3505,0.3539,0.3975,0.0333,NORMAL,0,0,Windows,malam
23:19:57.448,70.62,0.3572,0.3505,0.3539,0.3972,0.0333,NORMAL,0,0,Windows,malam
23:19:57.481,70.654,0.3585,0.3505,0.3545,0.4084,0.0333,NORMAL,0,0,Windows,malam
23:19:57.512,70.685,0.3715,0.3505,0.361,0.4069,0.0333,NORMAL,0,0,Windows,malam
23:19:57.542,70.715,0.3715,0.3505,0.361,0.4113,0.0333,NORMAL,0,0,Windows,malam
23:19:57.577,70.75,0.3585,0.3663,0.3624,0.4131,0.0333,NORMAL,0,0,Windows,malam
23:19:57.602,70.775,0.3585,0.3663,0.3624,0.4148,0.0333,NORMAL,0,0,Windows,malam
23:19:57.636,70.809,0.3585,0.3663,0.3624,0.4225,0.0333,NORMAL,0,0,Windows,malam
23:19:57.688,70.861,0.3681,0.363,0.3655,0.4152,0.0333,NORMAL,0,0,Windows,malam
23:19:57.729,70.902,0.3619,0.3505,0.3562,0.4051,0.0333,NORMAL,0,0,Windows,malam
23:19:57.759,70.932,0.3619,0.3505,0.3562,0.41,0.0333,NORMAL,0,0,Windows,malam
23:19:57.791,70.964,0.3483,0.3505,0.3494,0.399,0.0333,NORMAL,0,0,Windows,malam
23:19:57.821,70.994,0.3469,0.3338,0.3403,0.399,0.0333,NORMAL,0,0,Windows,malam
23:19:57.852,71.024,0.3333,0.3211,0.3272,0.3959,0.0333,NORMAL,0,0,Windows,malam
23:19:57.878,71.051,0.3548,0.3348,0.3448,0.3928,0.0333,NORMAL,0,0,Windows,malam
23:19:57.915,71.088,0.3443,0.3605,0.3524,0.399,0.0333,NORMAL,0,0,Windows,malam
23:19:57.945,71.118,0.3246,0.3467,0.3356,0.3931,0.0333,NORMAL,0,0,Windows,malam
23:19:57.976,71.149,0.3509,0.3505,0.3507,0.3909,0.0333,NORMAL,0,0,Windows,malam
23:19:58.006,71.179,0.3419,0.3561,0.349,0.3948,0.0333,NORMAL,0,0,Windows,malam
23:19:58.038,71.211,0.369,0.3561,0.3625,0.392,0.0333,NORMAL,0,0,Windows,malam
23:19:58.088,71.26,0.369,0.3691,0.369,0.3951,0.0333,NORMAL,0,0,Windows,malam
23:19:58.117,71.289,0.369,0.3561,0.3625,0.3973,0.0333,NORMAL,0,0,Windows,malam
23:19:58.148,71.321,0.369,0.3561,0.3625,0.3973,0.0333,NORMAL,0,0,Windows,malam
23:19:58.184,71.356,0.369,0.3561,0.3625,0.3935,0.0333,NORMAL,0,0,Windows,malam
23:19:58.211,71.384,0.3666,0.3808,0.3737,0.4069,0.0333,NORMAL,0,0,Windows,malam
23:19:58.242,71.415,0.3681,0.3808,0.3744,0.4069,0.0333,NORMAL,0,0,Windows,malam
23:19:58.279,71.452,0.3666,0.3691,0.3679,0.3979,0.0333,NORMAL,0,0,Windows,malam
23:19:58.306,71.479,0.3585,0.3691,0.3638,0.401,0.0333,NORMAL,0,0,Windows,malam
23:19:58.337,71.51,0.3443,0.3448,0.3446,0.401,0.0333,NORMAL,0,0,Windows,malam
23:19:58.377,71.549,0.3481,0.3546,0.3514,0.3954,0.0333,NORMAL,0,0,Windows,malam
23:19:58.400,71.573,0.3481,0.3561,0.3521,0.3871,0.0333,NORMAL,0,0,Windows,malam
23:19:58.432,71.605,0.3481,0.3561,0.3521,0.3837,0.0333,NORMAL,0,0,Windows,malam
23:19:58.493,71.665,0.3481,0.3528,0.3504,0.3854,0.0333,NORMAL,0,0,Windows,malam
23:19:58.526,71.698,0.3456,0.3536,0.3496,0.3815,0.0333,NORMAL,0,0,Windows,malam
23:19:58.556,71.729,0.3369,0.348,0.3425,0.3866,0.0333,NORMAL,0,0,Windows,malam
23:19:58.584,71.757,0.3359,0.3569,0.3464,0.3852,0.0267,NORMAL,0,0,Windows,malam
23:19:58.617,71.79,0.3572,0.3569,0.3571,0.3872,0.02,NORMAL,0,0,Windows,malam
23:19:58.649,71.822,0.3715,0.3691,0.3703,0.3936,0.0133,NORMAL,0,0,Windows,malam
23:19:58.680,71.853,0.3585,0.3777,0.3681,0.3931,0.0067,NORMAL,0,0,Windows,malam
23:19:58.712,71.885,0.3585,0.3686,0.3635,0.3985,0.0,NORMAL,0,0,Windows,malam
23:19:58.742,71.915,0.3681,0.3561,0.3621,0.3952,0.0,NORMAL,0,0,Windows,malam
23:19:58.796,71.969,0.3666,0.3528,0.3597,0.393,0.0,NORMAL,0,0,Windows,malam
23:19:58.820,71.993,0.3666,0.3733,0.37,0.3948,0.0,NORMAL,0,0,Windows,malam
23:19:58.851,72.024,0.3608,0.3863,0.3736,0.3948,0.0,NORMAL,0,0,Windows,malam
23:19:58.886,72.059,0.3608,0.3786,0.3697,0.3884,0.0,NORMAL,0,0,Windows,malam
23:19:58.914,72.087,0.3608,0.3691,0.365,0.3887,0.0,NORMAL,0,0,Windows,malam
23:19:58.946,72.119,0.3585,0.3691,0.3638,0.3814,0.0,NORMAL,0,0,Windows,malam
23:19:58.984,72.156,0.3456,0.3808,0.3632,0.3858,0.0,NORMAL,0,0,Windows,malam
23:19:59.007,72.18,0.3585,0.3808,0.3697,0.3896,0.0,NORMAL,0,0,Windows,malam
23:19:59.038,72.211,0.3608,0.3808,0.3708,0.3767,0.0,NORMAL,0,0,Windows,malam
23:19:59.081,72.254,0.3608,0.3808,0.3708,0.3866,0.0,NORMAL,0,0,Windows,malam
23:19:59.102,72.275,0.357,0.3756,0.3663,0.3951,0.0,NORMAL,0,0,Windows,malam
23:19:59.132,72.305,0.3666,0.3854,0.376,0.4002,0.0,NORMAL,0,0,Windows,malam
23:19:59.193,72.366,0.3666,0.3619,0.3643,0.3983,0.0,NORMAL,0,0,Windows,malam
23:19:59.223,72.396,0.3681,0.3528,0.3604,0.3928,0.0,NORMAL,0,0,Windows,malam
23:19:59.256,72.429,0.3681,0.3652,0.3666,0.3911,0.0,NORMAL,0,0,Windows,malam
23:19:59.287,72.46,0.3585,0.3652,0.3619,0.3747,0.0,NORMAL,0,0,Windows,malam
23:19:59.317,72.49,0.3329,0.3528,0.3429,0.3784,0.0,NORMAL,0,0,Windows,malam
23:19:59.350,72.523,0.3329,0.3528,0.3429,0.3771,0.0,NORMAL,0,0,Windows,malam
23:19:59.385,72.557,0.3459,0.3418,0.3438,0.3844,0.0,NORMAL,0,0,Windows,malam
23:19:59.411,72.584,0.3481,0.354,0.3511,0.3802,0.0,NORMAL,0,0,Windows,malam
23:19:59.444,72.617,0.3608,0.354,0.3574,0.3802,0.0,NORMAL,0,0,Windows,malam
23:19:59.479,72.652,0.3481,0.3661,0.3571,0.3818,0.0,NORMAL,0,0,Windows,malam
23:19:59.507,72.679,0.3456,0.3538,0.3497,0.3818,0.0,NORMAL,0,0,Windows,malam
23:19:59.537,72.71,0.3456,0.3538,0.3497,0.3858,0.0,NORMAL,0,0,Windows,malam
23:19:59.593,72.766,0.3481,0.3683,0.3582,0.3893,0.0,NORMAL,0,0,Windows,malam
23:19:59.616,72.788,0.3442,0.3652,0.3547,0.3948,0.0,NORMAL,0,0,Windows,malam
23:19:59.647,72.82,0.3608,0.3756,0.3682,0.3972,0.0,NORMAL,0,0,Windows,malam
23:19:59.688,72.861,0.3704,0.3686,0.3695,0.3941,0.0,NORMAL,0,0,Windows,malam
23:19:59.725,72.898,0.3681,0.3505,0.3593,0.3941,0.0,NORMAL,0,0,Windows,malam
23:19:59.757,72.93,0.3681,0.3505,0.3593,0.3941,0.0,NORMAL,0,0,Windows,malam
23:19:59.785,72.958,0.3681,0.3505,0.3593,0.3965,0.0,NORMAL,0,0,Windows,malam
23:19:59.819,72.992,0.3681,0.3505,0.3593,0.4014,0.0,NORMAL,0,0,Windows,malam
23:19:59.848,73.02,0.3681,0.3528,0.3604,0.3995,0.0,NORMAL,0,0,Windows,malam
23:19:59.880,73.053,0.3024,0.2739,0.2882,0.4032,0.0,NORMAL,0,0,Windows,malam
23:19:59.911,73.084,0.2873,0.2744,0.2808,0.4095,0.0,NORMAL,0,0,Windows,malam
23:19:59.942,73.115,0.2573,0.2689,0.2631,0.4114,0.0,NORMAL,0,0,Windows,malam
23:19:59.993,73.166,0.1924,0.1957,0.1941,0.4004,0.0067,NORMAL,1,0,Windows,malam
23:20:00.022,73.194,0.1633,0.1669,0.1651,0.4032,0.0133,NORMAL,2,0,Windows,malam
23:20:00.052,73.225,0.1591,0.1617,0.1604,0.4032,0.02,NORMAL,3,0,Windows,malam
23:20:00.087,73.26,0.1993,0.2274,0.2134,0.4008,0.0267,NORMAL,4,0,Windows,malam
23:20:00.116,73.288,0.2032,0.2547,0.2289,0.4043,0.0333,NORMAL,5,0,Windows,malam
23:20:00.146,73.319,0.2115,0.2792,0.2453,0.4004,0.04,NORMAL,6,0,Windows,malam
23:20:00.182,73.355,0.2849,0.3262,0.3056,0.3937,0.04,NORMAL,0,0,Windows,malam
23:20:00.210,73.383,0.2946,0.3255,0.31,0.3997,0.04,NORMAL,0,0,Windows,malam
23:20:00.241,73.414,0.3046,0.3451,0.3248,0.4065,0.04,NORMAL,0,0,Windows,malam
23:20:00.280,73.453,0.3174,0.3605,0.339,0.3997,0.04,NORMAL,0,0,Windows,malam
23:20:00.303,73.476,0.3303,0.3475,0.3389,0.3964,0.04,NORMAL,0,0,Windows,malam
23:20:00.335,73.507,0.3329,0.3467,0.3398,0.396,0.04,NORMAL,0,0,Windows,malam
23:20:00.392,73.565,0.3329,0.3467,0.3398,0.3953,0.04,NORMAL,0,0,Windows,malam
23:20:00.413,73.586,0.3329,0.3389,0.3359,0.4003,0.04,NORMAL,0,0,Windows,malam
23:20:00.445,73.618,0.3329,0.3513,0.3421,0.4022,0.04,NORMAL,0,0,Windows,malam
23:20:00.487,73.66,0.3585,0.3513,0.3549,0.3975,0.04,NORMAL,0,0,Windows,malam
23:20:00.521,73.694,0.3585,0.3569,0.3577,0.3994,0.04,NORMAL,0,0,Windows,malam
23:20:00.555,73.728,0.3446,0.3536,0.3491,0.3994,0.04,NORMAL,0,0,Windows,malam
23:20:00.585,73.757,0.3459,0.3536,0.3497,0.4005,0.04,NORMAL,0,0,Windows,malam
23:20:00.619,73.791,0.3585,0.3536,0.3561,0.3977,0.04,NORMAL,0,0,Windows,malam
23:20:00.648,73.821,0.3585,0.3536,0.3561,0.3945,0.04,NORMAL,0,0,Windows,malam
23:20:00.681,73.854,0.3585,0.3513,0.3549,0.4045,0.04,NORMAL,0,0,Windows,malam
23:20:00.710,73.883,0.3584,0.3596,0.359,0.4042,0.04,NORMAL,0,0,Windows,malam
23:20:00.742,73.915,0.3584,0.3596,0.359,0.4084,0.04,NORMAL,0,0,Windows,malam
23:20:00.791,73.964,0.3608,0.3596,0.3602,0.3903,0.04,NORMAL,0,0,Windows,malam
23:20:00.821,73.994,0.3608,0.3724,0.3666,0.3977,0.04,NORMAL,0,0,Windows,malam
23:20:00.853,74.025,0.3608,0.3854,0.3731,0.3948,0.04,NORMAL,0,0,Windows,malam
23:20:00.888,74.061,0.3608,0.3683,0.3646,0.3961,0.04,NORMAL,0,0,Windows,malam
23:20:00.916,74.089,0.3608,0.3561,0.3585,0.3935,0.04,NORMAL,0,0,Windows,malam
23:20:00.949,74.121,0.3608,0.3653,0.3631,0.3969,0.04,NORMAL,0,0,Windows,malam
23:20:00.984,74.156,0.3608,0.3653,0.3631,0.3951,0.04,NORMAL,0,0,Windows,malam
23:20:01.010,74.183,0.3608,0.3619,0.3614,0.389,0.04,NORMAL,0,0,Windows,malam
23:20:01.042,74.215,0.3608,0.3628,0.3618,0.389,0.04,NORMAL,0,0,Windows,malam
23:20:01.099,74.272,0.3608,0.3536,0.3572,0.381,0.04,NORMAL,0,0,Windows,malam
23:20:01.121,74.294,0.3517,0.3569,0.3543,0.3821,0.04,NORMAL,0,0,Windows,malam
23:20:01.151,74.324,0.3517,0.3569,0.3543,0.3781,0.04,NORMAL,0,0,Windows,malam
23:20:01.192,74.365,0.3517,0.3569,0.3543,0.3807,0.04,NORMAL,0,0,Windows,malam
23:20:01.213,74.386,0.3517,0.3569,0.3543,0.3807,0.04,NORMAL,0,0,Windows,malam
23:20:01.243,74.416,0.3382,0.3569,0.3475,0.3869,0.04,NORMAL,0,0,Windows,malam
23:20:01.288,74.461,0.3505,0.3561,0.3533,0.3952,0.04,NORMAL,0,0,Windows,malam
23:20:01.322,74.494,0.3505,0.3558,0.3532,0.3952,0.04,NORMAL,0,0,Windows,malam
23:20:01.352,74.525,0.3381,0.3683,0.3532,0.3991,0.04,NORMAL,0,0,Windows,malam
23:20:01.384,74.556,0.3381,0.3528,0.3454,0.3967,0.04,NORMAL,0,0,Windows,malam
23:20:01.417,74.59,0.3393,0.3513,0.3453,0.3919,0.04,NORMAL,0,0,Windows,malam
23:20:01.448,74.621,0.3393,0.3733,0.3563,0.3985,0.04,NORMAL,0,0,Windows,malam
23:20:01.496,74.669,0.3456,0.363,0.3543,0.3994,0.04,NORMAL,0,0,Windows,malam
23:20:01.525,74.698,0.3459,0.3505,0.3482,0.3904,0.04,NORMAL,0,0,Windows,malam
23:20:01.557,74.73,0.3459,0.3505,0.3482,0.3904,0.04,NORMAL,0,0,Windows,malam
23:20:01.592,74.764,0.3446,0.3505,0.3475,0.4089,0.04,NORMAL,0,0,Windows,malam
23:20:01.619,74.791,0.3446,0.3505,0.3475,0.4043,0.04,NORMAL,0,0,Windows,malam
23:20:01.651,74.824,0.3446,0.3505,0.3475,0.4124,0.04,NORMAL,0,0,Windows,malam
23:20:01.692,74.865,0.3456,0.3505,0.3481,0.4016,0.04,NORMAL,0,0,Windows,malam
23:20:01.715,74.888,0.3443,0.3403,0.3423,0.4013,0.04,NORMAL,0,0,Windows,malam
23:20:01.747,74.92,0.3419,0.3528,0.3473,0.3977,0.04,NORMAL,0,0,Windows,malam
23:20:01.785,74.958,0.3572,0.3528,0.355,0.3979,0.04,NORMAL,0,0,Windows,malam
23:20:01.808,74.981,0.3443,0.3619,0.3531,0.3968,0.04,NORMAL,0,0,Windows,malam
23:20:01.840,75.013,0.3446,0.3619,0.3533,0.3968,0.04,NORMAL,0,0,Windows,malam
23:20:01.894,75.067,0.3548,0.3756,0.3652,0.3815,0.04,NORMAL,0,0,Windows,malam
23:20:01.917,75.09,0.356,0.3628,0.3594,0.3812,0.04,NORMAL,0,0,Windows,malam
23:20:01.950,75.123,0.356,0.3536,0.3548,0.3851,0.04,NORMAL,0,0,Windows,malam
23:20:01.993,75.166,0.382,0.3808,0.3814,0.3856,0.04,NORMAL,0,0,Windows,malam
23:20:02.027,75.2,0.3722,0.3683,0.3703,0.3892,0.04,NORMAL,0,0,Windows,malam
23:20:02.059,75.232,0.3595,0.3683,0.3639,0.3892,0.04,NORMAL,0,0,Windows,malam
23:20:02.088,75.261,0.3608,0.3782,0.3695,0.3933,0.04,NORMAL,0,0,Windows,malam
23:20:02.123,75.296,0.3443,0.3885,0.3664,0.3935,0.04,NORMAL,0,0,Windows,malam
23:20:02.155,75.328,0.3443,0.3788,0.3616,0.3905,0.04,NORMAL,0,0,Windows,malam
23:20:02.183,75.356,0.3481,0.3662,0.3572,0.4047,0.04,NORMAL,0,0,Windows,malam
23:20:02.218,75.391,0.3585,0.3748,0.3666,0.4142,0.04,NORMAL,0,0,Windows,malam
23:20:02.248,75.421,0.3585,0.3596,0.3591,0.4142,0.04,NORMAL,0,0,Windows,malam
23:20:02.296,75.469,0.3585,0.3628,0.3607,0.3881,0.04,NORMAL,0,0,Windows,malam
23:20:02.328,75.501,0.3573,0.3716,0.3645,0.3861,0.04,NORMAL,0,0,Windows,malam
23:20:02.359,75.531,0.3573,0.3716,0.3645,0.3791,0.04,NORMAL,0,0,Windows,malam
23:20:02.391,75.564,0.3573,0.3596,0.3585,0.3907,0.04,NORMAL,0,0,Windows,malam
23:20:02.422,75.595,0.3559,0.3534,0.3547,0.3931,0.04,NORMAL,0,0,Windows,malam
23:20:02.452,75.625,0.3534,0.356,0.3547,0.3917,0.04,NORMAL,0,0,Windows,malam
23:20:02.488,75.661,0.3548,0.3667,0.3608,0.392,0.04,NORMAL,0,0,Windows,malam
23:20:02.532,75.705,0.3432,0.3693,0.3562,0.3922,0.04,NORMAL,0,0,Windows,malam
23:20:02.562,75.735,0.3456,0.3596,0.3526,0.3852,0.04,NORMAL,0,0,Windows,malam
23:20:02.593,75.766,0.3443,0.3596,0.352,0.3885,0.04,NORMAL,0,0,Windows,malam
23:20:02.626,75.799,0.3303,0.3596,0.345,0.3954,0.04,NORMAL,0,0,Windows,malam
23:20:02.656,75.829,0.3303,0.3596,0.345,0.3953,0.04,NORMAL,0,0,Windows,malam
23:20:02.695,75.867,0.3417,0.3596,0.3507,0.4005,0.04,NORMAL,0,0,Windows,malam
23:20:02.721,75.893,0.3276,0.3456,0.3366,0.3922,0.04,NORMAL,0,0,Windows,malam
23:20:02.752,75.925,0.3404,0.356,0.3482,0.3897,0.04,NORMAL,0,0,Windows,malam
23:20:02.792,75.965,0.2825,0.2863,0.2844,0.3825,0.04,NORMAL,0,0,Windows,malam
23:20:02.817,75.99,0.289,0.3004,0.2947,0.3774,0.04,NORMAL,0,0,Windows,malam
23:20:02.847,76.02,0.2692,0.2893,0.2792,0.374,0.04,NORMAL,0,0,Windows,malam
23:20:02.887,76.06,0.2845,0.3004,0.2925,0.3887,0.04,NORMAL,0,0,Windows,malam
23:20:02.912,76.084,0.2958,0.2872,0.2915,0.3911,0.04,NORMAL,0,0,Windows,malam
23:20:02.942,76.115,0.2902,0.2872,0.2887,0.39,0.04,NORMAL,0,0,Windows,malam
23:20:02.984,76.157,0.2834,0.2823,0.2829,0.3882,0.04,NORMAL,0,0,Windows,malam
23:20:03.022,76.194,0.2834,0.2823,0.2829,0.3887,0.04,NORMAL,0,0,Windows,malam
23:20:03.054,76.227,0.2719,0.2823,0.2771,0.3952,0.04,NORMAL,0,0,Windows,malam
23:20:03.095,76.268,0.2391,0.2552,0.2472,0.3897,0.0467,NORMAL,1,0,Windows,malam
23:20:03.130,76.303,0.2315,0.2225,0.227,0.397,0.0533,NORMAL,2,0,Windows,malam
23:20:03.163,76.336,0.2419,0.1965,0.2192,0.3849,0.06,NORMAL,3,0,Windows,malam
23:20:03.195,76.368,0.1596,0.1344,0.147,0.3913,0.0667,NORMAL,4,0,Windows,malam
23:20:03.226,76.399,0.1262,0.1084,0.1173,0.3901,0.0733,NORMAL,5,0,Windows,malam
23:20:03.259,76.431,0.1145,0.0958,0.1052,0.394,0.08,NORMAL,6,0,Windows,malam
23:20:03.288,76.461,0.2707,0.262,0.2664,0.3913,0.08,NORMAL,0,0,Windows,malam
23:20:03.319,76.492,0.2854,0.2785,0.2819,0.3875,0.08,NORMAL,0,0,Windows,malam
23:20:03.351,76.524,0.2834,0.2862,0.2848,0.3857,0.08,NORMAL,0,0,Windows,malam
23:20:03.400,76.572,0.2968,0.3262,0.3115,0.3847,0.08,NORMAL,0,0,Windows,malam
23:20:03.432,76.605,0.3055,0.3262,0.3158,0.3941,0.08,NORMAL,0,0,Windows,malam
23:20:03.462,76.635,0.3055,0.3166,0.3111,0.3857,0.08,NORMAL,0,0,Windows,malam
23:20:03.498,76.671,0.2926,0.3174,0.305,0.396,0.08,NORMAL,0,0,Windows,malam
23:20:03.523,76.696,0.2926,0.3202,0.3064,0.4107,0.08,NORMAL,0,0,Windows,malam
23:20:03.554,76.727,0.2933,0.3338,0.3136,0.4101,0.08,NORMAL,0,0,Windows,malam
23:20:03.592,76.765,0.3046,0.3409,0.3227,0.3916,0.08,NORMAL,0,0,Windows,malam
23:20:03.617,76.79,0.3227,0.3475,0.3351,0.3828,0.08,NORMAL,0,0,Windows,malam
23:20:03.649,76.822,0.3303,0.3605,0.3454,0.3966,0.08,NORMAL,0,0,Windows,malam
23:20:03.689,76.862,0.3246,0.3444,0.3345,0.3868,0.08,NORMAL,0,0,Windows,malam
23:20:03.713,76.885,0.3455,0.3475,0.3465,0.3893,0.08,NORMAL,0,0,Windows,malam
23:20:03.747,76.92,0.3584,0.3605,0.3594,0.3932,0.08,NORMAL,0,0,Windows,malam
23:20:03.800,76.973,0.3584,0.3505,0.3544,0.3953,0.08,NORMAL,0,0,Windows,malam
23:20:03.824,76.996,0.3585,0.3528,0.3556,0.4055,0.08,NORMAL,0,0,Windows,malam
23:20:03.853,77.026,0.3585,0.3528,0.3556,0.4029,0.08,NORMAL,0,0,Windows,malam
23:20:03.896,77.068,0.3715,0.3788,0.3751,0.3815,0.08,NORMAL,0,0,Windows,malam
23:20:03.917,77.09,0.3329,0.3662,0.3496,0.3767,0.08,NORMAL,0,0,Windows,malam
23:20:03.950,77.123,0.3469,0.3501,0.3485,0.3771,0.08,NORMAL,0,0,Windows,malam
23:20:03.992,77.164,0.3585,0.3596,0.3591,0.3929,0.08,NORMAL,0,0,Windows,malam
23:20:04.011,77.184,0.3572,0.3724,0.3648,0.3949,0.08,NORMAL,0,0,Windows,malam
23:20:04.044,77.216,0.3585,0.3596,0.3591,0.3981,0.08,NORMAL,0,0,Windows,malam
23:20:04.090,77.263,0.3585,0.3505,0.3545,0.4058,0.08,NORMAL,0,0,Windows,malam
23:20:04.121,77.294,0.3481,0.3379,0.343,0.4002,0.08,NORMAL,0,0,Windows,malam
23:20:04.154,77.326,0.3481,0.3505,0.3493,0.3918,0.08,NORMAL,0,0,Windows,malam
23:20:04.200,77.373,0.3369,0.3596,0.3483,0.3972,0.08,NORMAL,0,0,Windows,malam
23:20:04.232,77.405,0.3364,0.3505,0.3435,0.3942,0.08,NORMAL,0,0,Windows,malam
23:20:04.264,77.437,0.3404,0.3652,0.3528,0.3943,0.08,NORMAL,0,0,Windows,malam
23:20:04.296,77.469,0.3246,0.3561,0.3403,0.397,0.08,NORMAL,0,0,Windows,malam
23:20:04.327,77.5,0.3426,0.3596,0.3511,0.3897,0.08,NORMAL,0,0,Windows,malam
23:20:04.359,77.532,0.3495,0.3596,0.3546,0.3879,0.08,NORMAL,0,0,Windows,malam
23:20:04.392,77.565,0.3584,0.3619,0.3602,0.3943,0.08,NORMAL,0,0,Windows,malam
23:20:04.421,77.594,0.3459,0.3605,0.3532,0.3936,0.08,NORMAL,0,0,Windows,malam
23:20:04.453,77.626,0.3432,0.3536,0.3484,0.3986,0.08,NORMAL,0,0,Windows,malam
23:20:04.488,77.661,0.3446,0.3628,0.3537,0.4066,0.08,NORMAL,0,0,Windows,malam
23:20:04.514,77.687,0.3446,0.3628,0.3537,0.4051,0.08,NORMAL,0,0,Windows,malam
23:20:04.547,77.72,0.3446,0.3561,0.3503,0.4013,0.08,NORMAL,0,0,Windows,malam
23:20:04.599,77.772,0.3459,0.3662,0.356,0.3888,0.08,NORMAL,0,0,Windows,malam
23:20:04.623,77.796,0.3432,0.3569,0.35,0.3899,0.08,NORMAL,0,0,Windows,malam
23:20:04.658,77.831,0.3432,0.3569,0.35,0.3873,0.08,NORMAL,0,0,Windows,malam
23:20:04.696,77.869,0.3246,0.3536,0.3391,0.381,0.08,NORMAL,0,0,Windows,malam
23:20:04.734,77.907,0.3369,0.3513,0.3441,0.3805,0.08,NORMAL,0,0,Windows,malam
23:20:04.766,77.939,0.3369,0.3513,0.3441,0.384,0.08,NORMAL,0,0,Windows,malam
23:20:04.792,77.965,0.3495,0.3513,0.3504,0.3899,0.08,NORMAL,0,0,Windows,malam
23:20:04.826,77.999,0.3459,0.3475,0.3467,0.3908,0.08,NORMAL,0,0,Windows,malam
23:20:04.859,78.032,0.3329,0.3478,0.3404,0.3908,0.08,NORMAL,0,0,Windows,malam
23:20:04.887,78.06,0.3456,0.3478,0.3467,0.393,0.08,NORMAL,0,0,Windows,malam
23:20:04.923,78.096,0.3481,0.3411,0.3446,0.3956,0.08,NORMAL,0,0,Windows,malam
23:20:04.954,78.127,0.3357,0.3447,0.3402,0.3953,0.08,NORMAL,0,0,Windows,malam
23:20:05.000,78.173,0.3495,0.3447,0.3471,0.3915,0.0733,NORMAL,0,0,Windows,malam
23:20:05.032,78.205,0.3483,0.3447,0.3465,0.3864,0.0667,NORMAL,0,0,Windows,malam
23:20:05.067,78.24,0.3483,0.3447,0.3465,0.3893,0.06,NORMAL,0,0,Windows,malam
23:20:05.100,78.272,0.3495,0.3447,0.3471,0.3748,0.0533,NORMAL,0,0,Windows,malam
23:20:05.128,78.301,0.3369,0.3536,0.3452,0.3807,0.0467,NORMAL,0,0,Windows,malam
23:20:05.159,78.331,0.3369,0.3628,0.3499,0.3733,0.04,NORMAL,0,0,Windows,malam
23:20:05.192,78.365,0.3369,0.35,0.3435,0.3771,0.04,NORMAL,0,0,Windows,malam
23:20:05.221,78.394,0.3359,0.3628,0.3494,0.3788,0.04,NORMAL,0,0,Windows,malam
23:20:05.252,78.424,0.3334,0.3605,0.3469,0.3876,0.04,NORMAL,0,0,Windows,malam
23:20:05.288,78.461,0.3334,0.3513,0.3423,0.3912,0.04,NORMAL,0,0,Windows,malam
23:20:05.315,78.488,0.3334,0.3513,0.3423,0.3951,0.04,NORMAL,0,0,Windows,malam
23:20:05.349,78.521,0.3334,0.3536,0.3435,0.3914,0.04,NORMAL,0,0,Windows,malam
23:20:05.404,78.577,0.3345,0.3475,0.341,0.3859,0.04,NORMAL,0,0,Windows,malam
23:20:05.425,78.598,0.3471,0.3481,0.3476,0.3844,0.04,NORMAL,0,0,Windows,malam
23:20:05.457,78.63,0.3368,0.3481,0.3425,0.3787,0.04,NORMAL,0,0,Windows,malam
23:20:05.495,78.668,0.3459,0.3639,0.3549,0.3924,0.04,NORMAL,0,0,Windows,malam
23:20:05.521,78.694,0.3456,0.3501,0.3478,0.3991,0.04,NORMAL,0,0,Windows,malam
23:20:05.549,78.722,0.3432,0.3364,0.3398,0.3971,0.04,NORMAL,0,0,Windows,malam
23:20:05.598,78.771,0.3432,0.3619,0.3526,0.3796,0.04,NORMAL,0,0,Windows,malam
23:20:05.629,78.801,0.3548,0.3492,0.352,0.3747,0.04,NORMAL,0,0,Windows,malam
23:20:05.660,78.833,0.3419,0.3467,0.3443,0.3761,0.04,NORMAL,0,0,Windows,malam
23:20:05.709,78.882,0.3443,0.3619,0.3531,0.3868,0.04,NORMAL,0,0,Windows,malam
23:20:05.736,78.909,0.3369,0.3628,0.3499,0.3897,0.04,NORMAL,0,0,Windows,malam
23:20:05.769,78.942,0.3357,0.3528,0.3442,0.3932,0.04,NORMAL,0,0,Windows,malam
23:20:05.799,78.972,0.3356,0.3403,0.3379,0.3934,0.04,NORMAL,0,0,Windows,malam
23:20:05.831,79.004,0.3244,0.3492,0.3368,0.3934,0.04,NORMAL,0,0,Windows,malam
23:20:05.861,79.034,0.3244,0.3467,0.3355,0.3934,0.04,NORMAL,0,0,Windows,malam
23:20:05.896,79.068,0.3369,0.3403,0.3386,0.3911,0.04,NORMAL,0,0,Windows,malam
23:20:05.926,79.099,0.3393,0.3505,0.3449,0.3909,0.04,NORMAL,0,0,Windows,malam
23:20:05.956,79.129,0.3393,0.3538,0.3466,0.3886,0.04,NORMAL,0,0,Windows,malam
23:20:05.992,79.165,0.3505,0.3546,0.3526,0.3936,0.04,NORMAL,0,0,Windows,malam
23:20:06.019,79.192,0.3483,0.3661,0.3572,0.3928,0.04,NORMAL,0,0,Windows,malam
23:20:06.052,79.224,0.3483,0.3686,0.3584,0.4021,0.04,NORMAL,0,0,Windows,malam
23:20:06.104,79.277,0.3606,0.3686,0.3646,0.4075,0.04,NORMAL,0,0,Windows,malam
23:20:06.129,79.302,0.3585,0.3686,0.3635,0.4009,0.04,NORMAL,0,0,Windows,malam
23:20:06.162,79.335,0.3585,0.3665,0.3625,0.4027,0.04,NORMAL,0,0,Windows,malam
23:20:06.206,79.379,0.3585,0.3561,0.3573,0.4027,0.04,NORMAL,0,0,Windows,malam
23:20:06.238,79.411,0.3585,0.3528,0.3556,0.4057,0.04,NORMAL,0,0,Windows,malam
23:20:06.269,79.442,0.3495,0.3505,0.35,0.4053,0.04,NORMAL,0,0,Windows,malam
23:20:06.300,79.473,0.3345,0.3513,0.3429,0.3998,0.04,NORMAL,0,0,Windows,malam
23:20:06.331,79.504,0.3471,0.3387,0.3429,0.3998,0.04,NORMAL,0,0,Windows,malam
23:20:06.364,79.536,0.3368,0.3387,0.3377,0.3969,0.04,NORMAL,0,0,Windows,malam
23:20:06.392,79.565,0.3356,0.3444,0.34,0.3883,0.04,NORMAL,0,0,Windows,malam
23:20:06.426,79.599,0.3481,0.3444,0.3463,0.3925,0.04,NORMAL,0,0,Windows,malam
23:20:06.458,79.631,0.3481,0.3436,0.3459,0.3923,0.04,NORMAL,0,0,Windows,malam
23:20:06.504,79.677,0.3517,0.3536,0.3526,0.3886,0.04,NORMAL,0,0,Windows,malam
23:20:06.534,79.707,0.3393,0.3536,0.3464,0.3956,0.04,NORMAL,0,0,Windows,malam
23:20:06.567,79.74,0.331,0.3536,0.3423,0.3956,0.04,NORMAL,0,0,Windows,malam
23:20:06.599,79.771,0.3495,0.3569,0.3532,0.396,0.04,NORMAL,0,0,Windows,malam
23:20:06.631,79.804,0.3495,0.3569,0.3532,0.396,0.04,NORMAL,0,0,Windows,malam
23:20:06.661,79.834,0.3495,0.3436,0.3466,0.4008,0.04,NORMAL,0,0,Windows,malam
23:20:06.696,79.869,0.3495,0.3403,0.3449,0.3998,0.04,NORMAL,0,0,Windows,malam
23:20:06.724,79.897,0.3495,0.3379,0.3437,0.392,0.04,NORMAL,0,0,Windows,malam
23:20:06.756,79.929,0.3471,0.3467,0.3469,0.392,0.04,NORMAL,0,0,Windows,malam
23:20:06.792,79.965,0.3459,0.3638,0.3548,0.3882,0.04,NORMAL,0,0,Windows,malam
23:20:06.816,79.989,0.3495,0.3638,0.3566,0.3906,0.04,NORMAL,0,0,Windows,malam
23:20:06.848,80.021,0.3495,0.3513,0.3504,0.3906,0.04,NORMAL,0,0,Windows,malam
23:20:06.878,80.051,0.3495,0.3546,0.3521,0.3841,0.04,NORMAL,0,0,Windows,malam
23:20:06.911,80.084,0.3495,0.3513,0.3504,0.3853,0.04,NORMAL,0,0,Windows,malam
23:20:06.942,80.115,0.3495,0.3505,0.35,0.3853,0.04,NORMAL,0,0,Windows,malam
23:20:07.004,80.177,0.3585,0.3513,0.3549,0.3884,0.04,NORMAL,0,0,Windows,malam
23:20:07.037,80.209,0.3585,0.3513,0.3549,0.3858,0.04,NORMAL,0,0,Windows,malam
23:20:07.067,80.24,0.3585,0.3513,0.3549,0.3893,0.04,NORMAL,0,0,Windows,malam
23:20:07.096,80.269,0.3495,0.3638,0.3566,0.3884,0.04,NORMAL,0,0,Windows,malam
23:20:07.129,80.301,0.3495,0.3513,0.3504,0.3896,0.04,NORMAL,0,0,Windows,malam
23:20:07.161,80.334,0.3471,0.3513,0.3492,0.3932,0.04,NORMAL,0,0,Windows,malam
23:20:07.192,80.365,0.3597,0.3569,0.3583,0.3981,0.04,NORMAL,0,0,Windows,malam
23:20:07.224,80.397,0.3483,0.357,0.3526,0.3911,0.04,NORMAL,0,0,Windows,malam
23:20:07.255,80.428,0.3606,0.3575,0.3591,0.3911,0.04,NORMAL,0,0,Windows,malam
23:20:07.286,80.459,0.3606,0.3575,0.3591,0.3911,0.04,NORMAL,0,0,Windows,malam
23:20:07.317,80.49,0.3608,0.3575,0.3592,0.3962,0.04,NORMAL,0,0,Windows,malam
23:20:07.349,80.522,0.3593,0.3569,0.3581,0.3992,0.04,NORMAL,0,0,Windows,malam
23:20:07.400,80.573,0.3459,0.3569,0.3514,0.4007,0.04,NORMAL,0,0,Windows,malam
23:20:07.428,80.601,0.3532,0.3569,0.355,0.3934,0.04,NORMAL,0,0,Windows,malam
23:20:07.460,80.633,0.3685,0.3486,0.3585,0.4014,0.04,NORMAL,0,0,Windows,malam
23:20:07.496,80.669,0.3556,0.3569,0.3563,0.3906,0.04,NORMAL,0,0,Windows,malam
23:20:07.521,80.694,0.3556,0.3569,0.3563,0.3856,0.04,NORMAL,0,0,Windows,malam
23:20:07.555,80.728,0.3556,0.3444,0.35,0.3915,0.04,NORMAL,0,0,Windows,malam
23:20:07.592,80.765,0.3539,0.345,0.3494,0.3952,0.04,NORMAL,0,0,Windows,malam
23:20:07.619,80.792,0.3303,0.345,0.3376,0.3916,0.04,NORMAL,0,0,Windows,malam
23:20:07.649,80.822,0.3303,0.345,0.3376,0.3931,0.04,NORMAL,0,0,Windows,malam
23:20:07.682,80.855,0.3303,0.345,0.3376,0.3931,0.04,NORMAL,0,0,Windows,malam
23:20:07.711,80.884,0.318,0.3525,0.3352,0.395,0.04,NORMAL,0,0,Windows,malam
23:20:07.744,80.916,0.3372,0.3328,0.335,0.4013,0.04,NORMAL,0,0,Windows,malam
23:20:07.804,80.977,0.3304,0.3245,0.3274,0.3847,0.04,NORMAL,0,0,Windows,malam
23:20:07.836,81.009,0.3304,0.3406,0.3355,0.3822,0.04,NORMAL,0,0,Windows,malam
23:20:07.867,81.04,0.332,0.3322,0.3321,0.3789,0.04,NORMAL,0,0,Windows,malam
23:20:07.897,81.07,0.3444,0.3447,0.3446,0.3895,0.04,NORMAL,0,0,Windows,malam
23:20:07.930,81.102,0.3444,0.3611,0.3527,0.3898,0.04,NORMAL,0,0,Windows,malam
23:20:07.962,81.135,0.3444,0.3519,0.3482,0.3932,0.04,NORMAL,0,0,Windows,malam
23:20:08.007,81.18,0.246,0.2709,0.2585,0.3851,0.04,NORMAL,0,0,Windows,malam
23:20:08.039,81.212,0.2469,0.2422,0.2446,0.3851,0.0467,NORMAL,1,0,Windows,malam
23:20:08.070,81.243,0.246,0.236,0.241,0.3947,0.0533,NORMAL,2,0,Windows,malam
23:20:08.101,81.274,0.2336,0.236,0.2348,0.3983,0.0533,NORMAL,3,0,Windows,malam
23:20:08.132,81.304,0.2524,0.2326,0.2425,0.3944,0.0533,NORMAL,4,0,Windows,malam
23:20:08.163,81.336,0.2492,0.2369,0.2431,0.4085,0.0533,NORMAL,5,0,Windows,malam
23:20:08.203,81.376,0.2789,0.2841,0.2815,0.3903,0.0467,NORMAL,0,0,Windows,malam
23:20:08.226,81.399,0.2779,0.2996,0.2887,0.3901,0.04,NORMAL,0,0,Windows,malam
23:20:08.259,81.432,0.2845,0.2991,0.2918,0.3836,0.0333,NORMAL,0,0,Windows,malam
23:20:08.295,81.468,0.2609,0.2739,0.2674,0.3985,0.0333,NORMAL,0,0,Windows,malam
23:20:08.321,81.494,0.2872,0.2684,0.2778,0.3989,0.0333,NORMAL,0,0,Windows,malam
23:20:08.351,81.524,0.2731,0.2812,0.2772,0.389,0.0333,NORMAL,0,0,Windows,malam
23:20:08.407,81.58,0.274,0.2689,0.2715,0.3939,0.0333,NORMAL,0,0,Windows,malam
23:20:08.445,81.618,0.2669,0.2947,0.2808,0.3916,0.0333,NORMAL,0,0,Windows,malam
23:20:08.477,81.649,0.2797,0.2947,0.2872,0.3916,0.0333,NORMAL,0,0,Windows,malam
23:20:08.502,81.675,0.2789,0.2947,0.2868,0.3916,0.0333,NORMAL,0,0,Windows,malam
23:20:08.537,81.71,0.2872,0.2689,0.2781,0.3891,0.0333,NORMAL,0,0,Windows,malam
23:20:08.568,81.741,0.2731,0.273,0.2731,0.3944,0.0333,NORMAL,0,0,Windows,malam
23:20:08.614,81.787,0.2752,0.2818,0.2785,0.3916,0.0333,NORMAL,0,0,Windows,malam
23:20:08.647,81.82,0.3028,0.2712,0.287,0.3954,0.0333,NORMAL,0,0,Windows,malam
23:20:08.678,81.851,0.2882,0.2739,0.281,0.3867,0.0333,NORMAL,0,0,Windows,malam
23:20:08.711,81.883,0.2825,0.2712,0.2768,0.389,0.0333,NORMAL,0,0,Windows,malam
23:20:08.741,81.914,0.2752,0.2689,0.272,0.3873,0.0333,NORMAL,0,0,Windows,malam
23:20:08.773,81.945,0.2825,0.2659,0.2742,0.3785,0.0333,NORMAL,0,0,Windows,malam
23:20:08.806,81.979,0.2843,0.2689,0.2766,0.3845,0.0333,NORMAL,0,0,Windows,malam
23:20:08.834,82.007,0.2843,0.2684,0.2764,0.3821,0.0333,NORMAL,0,0,Windows,malam
23:20:08.866,82.039,0.2843,0.2684,0.2764,0.3821,0.0333,NORMAL,0,0,Windows,malam
23:20:08.897,82.07,0.271,0.2557,0.2633,0.3783,0.0333,NORMAL,0,0,Windows,malam
23:20:08.928,82.101,0.26,0.256,0.258,0.3929,0.0333,NORMAL,0,0,Windows,malam
23:20:08.975,82.148,0.2382,0.2651,0.2517,0.383,0.0333,NORMAL,0,0,Windows,malam
23:20:09.007,82.179,0.2278,0.2262,0.227,0.3735,0.04,NORMAL,1,0,Windows,malam
23:20:09.038,82.211,0.2469,0.2266,0.2367,0.3793,0.0467,NORMAL,2,0,Windows,malam
23:20:09.071,82.244,0.2469,0.2393,0.2431,0.3738,0.0533,NORMAL,3,0,Windows,malam
23:20:09.101,82.274,0.26,0.2896,0.2748,0.3851,0.0533,NORMAL,0,0,Windows,malam
23:20:09.208,82.381,0.2641,0.2763,0.2702,0.3861,0.0533,NORMAL,0,0,Windows,malam
23:20:09.242,82.415,0.2589,0.2817,0.2703,0.3812,0.0533,NORMAL,0,0,Windows,malam
23:20:09.272,82.444,0.2589,0.2527,0.2558,0.378,0.0533,NORMAL,0,0,Windows,malam
23:20:09.308,82.481,0.3069,0.2998,0.3033,0.3942,0.0533,NORMAL,0,0,Windows,malam
23:20:09.334,82.507,0.2973,0.2842,0.2908,0.3985,0.0533,NORMAL,0,0,Windows,malam
23:20:09.401,82.574,0.3495,0.3604,0.3549,0.3968,0.0533,NORMAL,0,0,Windows,malam
23:20:09.430,82.603,0.3399,0.3633,0.3516,0.402,0.0533,NORMAL,0,0,Windows,malam
23:20:09.461,82.634,0.3399,0.3495,0.3447,0.404,0.0533,NORMAL,0,0,Windows,malam
23:20:09.495,82.668,0.312,0.3174,0.3147,0.3913,0.0533,NORMAL,0,0,Windows,malam
23:20:09.524,82.696,0.312,0.3205,0.3163,0.3911,0.0533,NORMAL,0,0,Windows,malam
23:20:09.555,82.728,0.312,0.3345,0.3233,0.3976,0.0533,NORMAL,0,0,Windows,malam
23:20:09.587,82.76,0.312,0.3205,0.3163,0.3976,0.0533,NORMAL,0,0,Windows,malam
23:20:09.617,82.79,0.0949,0.1031,0.099,0.3903,0.06,NORMAL,1,0,Windows,malam
23:20:09.650,82.823,0.0847,0.0743,0.0795,0.3915,0.0667,NORMAL,2,0,Windows,malam
23:20:09.681,82.854,0.0847,0.0744,0.0795,0.3915,0.0733,NORMAL,3,0,Windows,malam
23:20:09.711,82.884,0.0558,0.0588,0.0573,0.407,0.08,NORMAL,4,0,Windows,malam
23:20:09.743,82.916,0.0588,0.0557,0.0573,0.4215,0.0867,NORMAL,5,0,Windows,malam
23:20:09.800,82.972,0.094,0.0949,0.0944,0.4358,0.0933,NORMAL,6,0,Windows,malam
23:20:09.822,82.994,0.1144,0.0948,0.1046,0.419,0.1,NORMAL,7,0,Windows,malam
23:20:09.852,83.025,0.1192,0.0973,0.1082,0.4183,0.1067,NORMAL,8,0,Windows,malam
23:20:09.896,83.069,0.1367,0.124,0.1304,0.4116,0.1133,NORMAL,9,0,Windows,malam
23:20:09.930,83.103,0.1621,0.1192,0.1406,0.4046,0.12,WARNING,10,0,Windows,malam
23:20:09.960,83.133,0.1621,0.1192,0.1406,0.3868,0.1267,WARNING,11,0,Windows,malam
23:20:09.992,83.164,0.18,0.1367,0.1584,0.3868,0.1333,WARNING,12,0,Windows,malam
23:20:10.024,83.197,0.1491,0.1367,0.1429,0.3992,0.14,WARNING,13,0,Windows,malam
23:20:10.055,83.228,0.1533,0.1226,0.1379,0.4029,0.1467,WARNING,14,0,Windows,malam
23:20:10.086,83.259,0.1536,0.1367,0.1451,0.3983,0.1533,WARNING,15,0,Windows,malam
23:20:10.119,83.292,0.1207,0.1369,0.1288,0.3991,0.16,WARNING,16,0,Windows,malam
23:20:10.149,83.322,0.1208,0.112,0.1164,0.3992,0.1667,WARNING,17,0,Windows,malam
23:20:10.202,83.375,0.1,0.124,0.112,0.3819,0.1733,WARNING,18,0,Windows,malam
23:20:10.229,83.402,0.1207,0.1238,0.1222,0.3764,0.18,WARNING,19,0,Windows,malam
23:20:10.258,83.431,0.0973,0.124,0.1107,0.3764,0.1867,DROWSY,20,0,Windows,malam
23:20:10.312,83.485,0.0913,0.09,0.0907,0.3657,0.1933,DROWSY,21,0,Windows,malam
23:20:10.337,83.51,0.0948,0.1115,0.1031,0.353,0.2,DROWSY,22,0,Windows,malam
23:20:10.360,83.533,0.0845,0.0853,0.0849,0.353,0.2067,DROWSY,23,0,Windows,malam
23:20:10.383,83.556,0.0787,0.0766,0.0777,0.3591,0.2133,DROWSY,24,0,Windows,malam
23:20:10.412,83.585,0.1091,0.1053,0.1072,0.3555,0.22,DROWSY,25,0,Windows,malam
23:20:10.446,83.619,0.0914,0.1097,0.1006,0.3391,0.2267,DROWSY,26,0,Windows,malam
23:20:10.478,83.65,0.1062,0.118,0.1121,0.344,0.2333,DROWSY,27,0,Windows,malam
23:20:10.504,83.677,0.1283,0.1162,0.1223,0.3613,0.24,DROWSY,28,0,Windows,malam
23:20:10.541,83.714,0.1283,0.1293,0.1288,0.3885,0.2467,DROWSY,29,0,Windows,malam
23:20:10.604,83.777,0.1258,0.144,0.1349,0.3643,0.2533,DROWSY,30,0,Windows,malam
23:20:10.631,83.804,0.1415,0.1536,0.1475,0.3603,0.26,DROWSY,31,0,Windows,malam
23:20:10.664,83.837,0.1378,0.1577,0.1477,0.3588,0.2667,DROWSY,32,0,Windows,malam
23:20:10.712,83.885,0.1584,0.1581,0.1583,0.3642,0.2733,DROWSY,33,0,Windows,malam
23:20:10.742,83.915,0.159,0.1726,0.1658,0.363,0.28,DROWSY,34,0,Windows,malam
23:20:10.773,83.946,0.1636,0.1819,0.1727,0.3647,0.2867,DROWSY,35,0,Windows,malam
23:20:10.802,83.975,0.159,0.1865,0.1727,0.3647,0.2933,DROWSY,36,0,Windows,malam
23:20:10.834,84.007,0.185,0.2166,0.2008,0.3658,0.3,DROWSY,37,0,Windows,malam
23:20:10.867,84.04,0.2149,0.2166,0.2158,0.3681,0.3067,DROWSY,38,0,Windows,malam
23:20:10.897,84.07,0.2149,0.2176,0.2163,0.3588,0.3133,DROWSY,39,0,Windows,malam
23:20:10.928,84.101,0.2149,0.1976,0.2062,0.3764,0.32,DROWSY,40,0,Windows,malam
23:20:10.960,84.133,0.2015,0.2166,0.2091,0.3792,0.3267,DROWSY,41,0,Windows,malam
23:20:11.005,84.178,0.2806,0.3042,0.2924,0.386,0.3267,NORMAL,0,0,Windows,malam
23:20:11.037,84.21,0.2477,0.3106,0.2792,0.3793,0.3267,NORMAL,0,0,Windows,malam
23:20:11.084,84.256,0.2388,0.2847,0.2617,0.366,0.3267,NORMAL,0,0,Windows,malam
23:20:11.112,84.285,0.2746,0.3021,0.2883,0.3904,0.3267,NORMAL,0,0,Windows,malam
23:20:11.147,84.319,0.261,0.3285,0.2948,0.3945,0.3267,NORMAL,0,0,Windows,malam
23:20:11.177,84.35,0.2806,0.3104,0.2955,0.3924,0.3267,NORMAL,0,0,Windows,malam
23:20:11.207,84.38,0.2839,0.297,0.2905,0.3886,0.3267,NORMAL,0,0,Windows,malam
23:20:11.239,84.411,0.3058,0.3492,0.3275,0.378,0.3267,NORMAL,0,0,Windows,malam
23:20:11.271,84.443,0.3069,0.3383,0.3226,0.3659,0.3267,NORMAL,0,0,Windows,malam
23:20:11.300,84.473,0.2929,0.3354,0.3142,0.3661,0.3267,NORMAL,0,0,Windows,malam
23:20:11.331,84.504,0.3728,0.3766,0.3747,0.3866,0.3267,NORMAL,0,0,Windows,malam
23:20:11.362,84.535,0.354,0.3808,0.3674,0.3761,0.3267,NORMAL,0,0,Windows,malam
23:20:11.401,84.574,0.3594,0.366,0.3627,0.3868,0.3267,NORMAL,0,0,Windows,malam
23:20:11.427,84.6,0.3594,0.3771,0.3682,0.3805,0.3267,NORMAL,0,0,Windows,malam
23:20:11.457,84.63,0.3594,0.3912,0.3753,0.3825,0.3267,NORMAL,0,0,Windows,malam
23:20:11.489,84.662,0.3594,0.3912,0.3753,0.3825,0.3267,NORMAL,0,0,Windows,malam
23:20:11.519,84.692,0.3387,0.3771,0.3579,0.3803,0.3267,NORMAL,0,0,Windows,malam
23:20:11.553,84.725,0.3323,0.364,0.3482,0.3906,0.3267,NORMAL,0,0,Windows,malam
23:20:11.581,84.754,0.3262,0.364,0.3451,0.3989,0.3267,NORMAL,0,0,Windows,malam
23:20:11.613,84.786,0.3399,0.364,0.3519,0.3967,0.3267,NORMAL,0,0,Windows,malam
23:20:11.645,84.818,0.3604,0.3499,0.3551,0.3952,0.3267,NORMAL,0,0,Windows,malam
23:20:11.676,84.849,0.3604,0.3492,0.3548,0.4053,0.3267,NORMAL,0,0,Windows,malam
23:20:11.708,84.881,0.3594,0.366,0.3627,0.4055,0.3267,NORMAL,0,0,Windows,malam
23:20:11.740,84.912,0.3594,0.3633,0.3613,0.4082,0.3267,NORMAL,0,0,Windows,malam
23:20:11.800,84.973,0.3594,0.3633,0.3613,0.4065,0.3267,NORMAL,0,0,Windows,malam
23:20:11.834,85.007,0.3454,0.3521,0.3487,0.4055,0.3267,NORMAL,0,0,Windows,malam
23:20:11.864,85.036,0.3454,0.3521,0.3487,0.3973,0.3267,NORMAL,0,0,Windows,malam
23:20:11.893,85.066,0.3485,0.3383,0.3434,0.4027,0.3267,NORMAL,0,0,Windows,malam
23:20:11.927,85.1,0.3622,0.3633,0.3628,0.395,0.3267,NORMAL,0,0,Windows,malam
23:20:11.957,85.13,0.3523,0.366,0.3591,0.3972,0.3267,NORMAL,0,0,Windows,malam
23:20:11.990,85.163,0.3523,0.366,0.3591,0.3918,0.3267,NORMAL,0,0,Windows,malam
23:20:12.021,85.194,0.3622,0.3492,0.3557,0.3972,0.3267,NORMAL,0,0,Windows,malam
23:20:12.052,85.225,0.3482,0.3633,0.3558,0.3868,0.3267,NORMAL,0,0,Windows,malam
23:20:12.082,85.255,0.3482,0.3495,0.3489,0.3805,0.3267,NORMAL,0,0,Windows,malam
23:20:12.115,85.288,0.3442,0.3205,0.3324,0.3894,0.3267,NORMAL,0,0,Windows,malam
23:20:12.146,85.319,0.3286,0.3298,0.3292,0.3967,0.3267,NORMAL,0,0,Windows,malam
23:20:12.201,85.374,0.3122,0.3278,0.32,0.3976,0.3267,NORMAL,0,0,Windows,malam
23:20:12.224,85.397,0.3122,0.3186,0.3154,0.4049,0.3267,NORMAL,0,0,Windows,malam
23:20:12.255,85.428,0.3132,0.3327,0.323,0.4049,0.3267,NORMAL,0,0,Windows,malam
23:20:12.288,85.461,0.3132,0.3327,0.323,0.4049,0.3267,NORMAL,0,0,Windows,malam
23:20:12.319,85.491,0.3132,0.3434,0.3283,0.416,0.3267,NORMAL,0,0,Windows,malam
23:20:12.348,85.521,0.3266,0.3452,0.3359,0.4205,0.3267,NORMAL,0,0,Windows,malam
23:20:12.383,85.555,0.3248,0.342,0.3334,0.4205,0.3267,NORMAL,0,0,Windows,malam
23:20:12.412,85.584,0.3103,0.342,0.3261,0.392,0.3267,NORMAL,0,0,Windows,malam
23:20:12.444,85.617,0.3103,0.3434,0.3268,0.3974,0.3267,NORMAL,0,0,Windows,malam
23:20:12.479,85.652,0.2876,0.3434,0.3155,0.3911,0.3267,NORMAL,0,0,Windows,malam
23:20:12.507,85.68,0.2836,0.3138,0.2987,0.3785,0.3267,NORMAL,0,0,Windows,malam
23:20:12.538,85.711,0.2929,0.297,0.295,0.3838,0.3267,NORMAL,0,0,Windows,malam
23:20:12.616,85.789,0.2479,0.2528,0.2504,0.3786,0.3333,NORMAL,1,0,Windows,malam
23:20:12.646,85.819,0.2184,0.2352,0.2268,0.381,0.34,NORMAL,2,0,Windows,malam
23:20:12.676,85.849,0.221,0.2352,0.2281,0.3819,0.3467,NORMAL,3,0,Windows,malam
23:20:12.709,85.882,0.2072,0.2421,0.2247,0.3768,0.3533,DROWSY,4,0,Windows,malam
23:20:12.740,85.913,0.2274,0.2529,0.2402,0.3688,0.36,DROWSY,5,0,Windows,malam
23:20:12.771,85.944,0.2244,0.274,0.2492,0.3729,0.3667,DROWSY,6,0,Windows,malam
23:20:12.803,85.976,0.2247,0.2798,0.2523,0.3708,0.3667,DROWSY,0,0,Windows,malam
23:20:12.833,86.006,0.2532,0.2732,0.2632,0.3603,0.3667,DROWSY,0,0,Windows,malam
23:20:12.881,86.054,0.2608,0.2617,0.2612,0.3765,0.3667,DROWSY,0,0,Windows,malam
23:20:12.912,86.085,0.2532,0.2693,0.2612,0.3765,0.3667,DROWSY,0,0,Windows,malam
23:20:12.941,86.114,0.1902,0.2067,0.1984,0.3788,0.3733,DROWSY,1,0,Windows,malam
23:20:12.974,86.147,0.1902,0.1952,0.1927,0.3775,0.38,DROWSY,2,0,Windows,malam
23:20:13.017,86.19,0.1403,0.1273,0.1338,0.381,0.3867,DROWSY,3,0,Windows,malam
23:20:13.054,86.227,0.1176,0.0965,0.1071,0.3863,0.3933,DROWSY,4,0,Windows,malam
23:20:13.084,86.257,0.1141,0.0965,0.1053,0.3863,0.4,DROWSY,5,0,Windows,malam
23:20:13.116,86.289,0.1141,0.0965,0.1053,0.3841,0.4067,DROWSY,6,0,Windows,malam
23:20:13.211,86.384,0.1159,0.0903,0.1031,0.3785,0.4067,DROWSY,7,0,Windows,malam
23:20:13.241,86.414,0.1144,0.0903,0.1023,0.3849,0.4067,DROWSY,8,0,Windows,malam
23:20:13.272,86.445,0.101,0.0878,0.0944,0.3873,0.4067,DROWSY,9,0,Windows,malam
23:20:13.309,86.482,0.0875,0.0833,0.0854,0.3831,0.4067,DROWSY,10,0,Windows,malam
23:20:13.335,86.508,0.0877,0.0878,0.0878,0.3872,0.4067,DROWSY,11,0,Windows,malam
23:20:13.416,86.588,0.1141,0.1041,0.1091,0.3944,0.4133,DROWSY,12,0,Windows,malam
23:20:13.446,86.619,0.1223,0.1145,0.1184,0.3932,0.42,DROWSY,13,0,Windows,malam
23:20:13.477,86.65,0.1174,0.1011,0.1093,0.3894,0.4267,DROWSY,14,0,Windows,malam
23:20:13.508,86.68,0.1144,0.1011,0.1078,0.3894,0.4333,DROWSY,15,0,Windows,malam
23:20:13.539,86.712,0.1144,0.094,0.1042,0.4004,0.44,DROWSY,16,0,Windows,malam
23:20:13.571,86.744,0.0937,0.0878,0.0908,0.4082,0.4467,DROWSY,17,0,Windows,malam
23:20:13.602,86.775,0.1192,0.1041,0.1116,0.4139,0.4533,DROWSY,18,0,Windows,malam
23:20:13.631,86.803,0.1192,0.0855,0.1023,0.4093,0.46,DROWSY,19,0,Windows,malam
23:20:13.666,86.839,0.1192,0.0854,0.1023,0.4059,0.4667,DROWSY,20,0,Windows,malam
23:20:13.697,86.87,0.1176,0.0878,0.1027,0.4088,0.4733,DROWSY,21,0,Windows,malam
23:20:13.728,86.901,0.1176,0.0878,0.1027,0.4121,0.48,DROWSY,22,0,Windows,malam
23:20:13.774,86.947,0.1262,0.094,0.1101,0.4096,0.4867,DROWSY,23,0,Windows,malam
23:20:13.806,86.979,0.1176,0.0878,0.1027,0.408,0.4933,DROWSY,24,0,Windows,malam
23:20:13.854,87.026,0.1211,0.1012,0.1111,0.4037,0.5,DROWSY,25,0,Windows,malam
23:20:13.886,87.059,0.1211,0.1073,0.1142,0.4001,0.5067,DROWSY,26,0,Windows,malam
23:20:13.916,87.089,0.1262,0.1011,0.1137,0.4056,0.5133,DROWSY,27,0,Windows,malam
23:20:14.009,87.182,0.1152,0.1194,0.1173,0.3875,0.52,DROWSY,28,0,Windows,malam
23:20:14.041,87.214,0.1313,0.1178,0.1245,0.388,0.5267,DROWSY,29,0,Windows,malam
23:20:14.072,87.245,0.1273,0.1145,0.1209,0.3815,0.5333,DROWSY,30,0,Windows,malam
23:20:14.117,87.29,0.1223,0.1011,0.1117,0.3874,0.54,DROWSY,31,0,Windows,malam
23:20:14.150,87.323,0.1226,0.1011,0.1119,0.3876,0.5467,DROWSY,32,0,Windows,malam
23:20:14.180,87.353,0.1144,0.0994,0.1069,0.3973,0.5533,DROWSY,33,0,Windows,malam
23:20:14.215,87.388,0.1113,0.0854,0.0984,0.3913,0.56,DROWSY,34,0,Windows,malam
23:20:14.244,87.417,0.1192,0.0729,0.0961,0.3818,0.5667,DROWSY,35,0,Windows,malam
23:20:14.275,87.447,0.1113,0.0729,0.0921,0.376,0.5667,DROWSY,36,0,Windows,malam
23:20:14.312,87.485,0.0913,0.0493,0.0703,0.3849,0.5667,DROWSY,37,0,Windows,malam
23:20:14.338,87.51,0.0809,0.0604,0.0707,0.3938,0.5667,DROWSY,38,0,Windows,malam
23:20:14.370,87.543,0.0604,0.0604,0.0604,0.3934,0.5733,DROWSY,39,0,Windows,malam
23:20:14.409,87.581,0.1144,0.1002,0.1073,0.3864,0.58,DROWSY,40,0,Windows,malam
23:20:14.431,87.604,0.112,0.1161,0.1141,0.3785,0.5867,DROWSY,41,0,Windows,malam
23:20:14.464,87.637,0.124,0.1073,0.1157,0.3785,0.5933,DROWSY,42,0,Windows,malam
23:20:14.503,87.675,0.2389,0.2441,0.2415,0.388,0.6,DROWSY,43,0,Windows,malam
23:20:14.532,87.705,0.2669,0.2851,0.276,0.388,0.6,DROWSY,0,0,Windows,malam
23:20:14.559,87.732,0.2921,0.2937,0.2929,0.3903,0.6,DROWSY,0,0,Windows,malam
23:20:14.619,87.792,0.311,0.3205,0.3158,0.3827,0.6,DROWSY,0,0,Windows,malam
23:20:14.652,87.825,0.3209,0.3249,0.3229,0.3713,0.6,DROWSY,0,0,Windows,malam
23:20:14.684,87.857,0.3237,0.3249,0.3243,0.3726,0.6,DROWSY,0,0,Windows,malam
23:20:14.711,87.884,0.3209,0.3434,0.3321,0.3735,0.6,DROWSY,0,0,Windows,malam
23:20:14.745,87.918,0.3345,0.3434,0.339,0.3758,0.6,DROWSY,0,0,Windows,malam
23:20:14.777,87.95,0.3354,0.3452,0.3403,0.366,0.6,DROWSY,0,0,Windows,malam
23:20:14.807,87.98,0.3454,0.3354,0.3404,0.3724,0.5933,DROWSY,0,0,Windows,malam
23:20:14.840,88.013,0.3454,0.3597,0.3526,0.3767,0.5867,DROWSY,0,0,Windows,malam
23:20:14.872,88.045,0.3594,0.3604,0.3599,0.3786,0.58,DROWSY,0,0,Windows,malam
23:20:14.920,88.093,0.3874,0.3912,0.3893,0.38,0.5733,DROWSY,0,0,Windows,malam
23:20:14.947,88.12,0.3917,0.425,0.4083,0.3861,0.5667,DROWSY,0,0,Windows,malam
23:20:14.981,88.154,0.4155,0.4258,0.4207,0.3807,0.56,DROWSY,0,0,Windows,malam
23:20:15.017,88.19,0.4051,0.4213,0.4132,0.4144,0.5533,DROWSY,0,0,Windows,malam
23:20:15.042,88.215,0.4249,0.3979,0.4114,0.394,0.5467,DROWSY,0,0,Windows,malam
23:20:15.074,88.247,0.4021,0.4099,0.406,0.3963,0.54,DROWSY,0,0,Windows,malam
23:20:15.112,88.285,0.3917,0.411,0.4013,0.3696,0.5333,DROWSY,0,0,Windows,malam
23:20:15.136,88.308,0.3794,0.3977,0.3885,0.3716,0.5267,DROWSY,0,0,Windows,malam
23:20:15.169,88.342,0.3788,0.384,0.3814,0.3719,0.52,DROWSY,0,0,Windows,malam
23:20:15.209,88.382,0.392,0.4129,0.4025,0.3859,0.5133,DROWSY,0,0,Windows,malam
23:20:15.232,88.405,0.3957,0.3999,0.3978,0.3869,0.5067,DROWSY,0,0,Windows,malam
23:20:15.262,88.435,0.3944,0.3999,0.3972,0.3925,0.5,DROWSY,0,0,Windows,malam
23:20:15.321,88.494,0.3863,0.3895,0.3879,0.3785,0.4933,DROWSY,0,0,Windows,malam
23:20:15.357,88.529,0.3971,0.3967,0.3969,0.385,0.4867,DROWSY,0,0,Windows,malam
23:20:15.387,88.56,0.4077,0.411,0.4094,0.3821,0.48,DROWSY,0,0,Windows,malam
23:20:15.420,88.592,0.3971,0.4022,0.3996,0.3719,0.4733,DROWSY,0,0,Windows,malam
23:20:15.452,88.625,0.4061,0.3999,0.403,0.371,0.4667,DROWSY,0,0,Windows,malam
23:20:15.484,88.657,0.4061,0.4121,0.4091,0.3729,0.46,DROWSY,0,0,Windows,malam
23:20:15.512,88.685,0.2513,0.2896,0.2704,0.3878,0.4533,DROWSY,0,0,Windows,malam
23:20:15.547,88.72,0.2066,0.2463,0.2265,0.3951,0.4533,DROWSY,1,0,Windows,malam
23:20:15.576,88.749,0.2062,0.2459,0.226,0.3954,0.4533,DROWSY,2,0,Windows,malam
23:20:15.609,88.782,0.0888,0.0949,0.0918,0.3888,0.4533,DROWSY,3,0,Windows,malam
23:20:15.639,88.812,0.069,0.1063,0.0876,0.39,0.4533,DROWSY,4,0,Windows,malam
23:20:15.673,88.846,0.0867,0.1063,0.0965,0.3778,0.4533,DROWSY,5,0,Windows,malam
23:20:15.719,88.892,0.1545,0.1474,0.1509,0.3886,0.4533,DROWSY,6,0,Windows,malam
23:20:15.747,88.92,0.1828,0.1763,0.1795,0.3849,0.4533,DROWSY,7,0,Windows,malam
23:20:15.776,88.949,0.2118,0.1838,0.1978,0.3833,0.4533,DROWSY,8,0,Windows,malam
23:20:15.817,88.99,0.2387,0.2241,0.2314,0.3895,0.4533,DROWSY,9,0,Windows,malam
23:20:15.856,89.029,0.2541,0.2433,0.2487,0.4004,0.4533,DROWSY,10,0,Windows,malam
23:20:15.889,89.062,0.2741,0.2651,0.2696,0.3981,0.4467,DROWSY,0,0,Windows,malam
23:20:15.933,89.106,0.3288,0.2992,0.314,0.3966,0.44,DROWSY,0,0,Windows,malam
23:20:15.964,89.137,0.3203,0.3158,0.3181,0.3841,0.4333,DROWSY,0,0,Windows,malam
23:20:15.998,89.171,0.3329,0.3158,0.3244,0.402,0.4267,DROWSY,0,0,Windows,malam
23:20:16.028,89.201,0.334,0.3409,0.3374,0.3926,0.42,DROWSY,0,0,Windows,malam
23:20:16.060,89.233,0.3329,0.3529,0.3429,0.3947,0.4133,DROWSY,0,0,Windows,malam
23:20:16.091,89.264,0.3329,0.3529,0.3429,0.3947,0.4067,DROWSY,0,0,Windows,malam
23:20:16.120,89.293,0.3966,0.4035,0.4001,0.3929,0.4,DROWSY,0,0,Windows,malam
23:20:16.155,89.327,0.3863,0.3933,0.3898,0.389,0.3933,DROWSY,0,0,Windows,malam
23:20:16.201,89.374,0.4021,0.4056,0.4038,0.3829,0.3933,DROWSY,0,0,Windows,malam
23:20:16.231,89.404,0.3863,0.4271,0.4067,0.3862,0.3933,DROWSY,0,0,Windows,malam
23:20:16.264,89.437,0.3944,0.4065,0.4005,0.3689,0.3933,DROWSY,0,0,Windows,malam
23:20:16.296,89.469,0.3842,0.4065,0.3954,0.3722,0.3933,DROWSY,0,0,Windows,malam
23:20:16.328,89.5,0.3984,0.4046,0.4015,0.3771,0.3933,DROWSY,0,0,Windows,malam
23:20:16.359,89.532,0.3969,0.402,0.3994,0.3767,0.3933,DROWSY,0,0,Windows,malam
23:20:16.389,89.562,0.3969,0.4043,0.4006,0.3798,0.3933,DROWSY,0,0,Windows,malam
23:20:16.422,89.595,0.3842,0.4045,0.3944,0.3729,0.3933,DROWSY,0,0,Windows,malam
23:20:16.451,89.624,0.3745,0.3942,0.3844,0.3824,0.3933,DROWSY,0,0,Windows,malam
23:20:16.485,89.658,0.3745,0.3942,0.3844,0.379,0.3933,DROWSY,0,0,Windows,malam
23:20:16.520,89.693,0.3842,0.4013,0.3928,0.3927,0.3933,DROWSY,0,0,Windows,malam
23:20:16.547,89.72,0.392,0.4121,0.4021,0.398,0.3933,DROWSY,0,0,Windows,malam
23:20:16.578,89.75,0.3966,0.3885,0.3925,0.3994,0.3933,DROWSY,0,0,Windows,malam
23:20:16.616,89.789,0.3863,0.4033,0.3948,0.3855,0.3933,DROWSY,0,0,Windows,malam
23:20:16.657,89.83,0.4061,0.4033,0.4047,0.3808,0.3933,DROWSY,0,0,Windows,malam
23:20:16.689,89.862,0.4077,0.4033,0.4055,0.3777,0.3933,DROWSY,0,0,Windows,malam
23:20:16.720,89.893,0.3948,0.4112,0.403,0.3754,0.3933,DROWSY,0,0,Windows,malam
23:20:16.751,89.924,0.3842,0.4033,0.3938,0.3754,0.3933,DROWSY,0,0,Windows,malam
23:20:16.783,89.956,0.3944,0.4043,0.3993,0.3675,0.3933,DROWSY,0,0,Windows,malam
23:20:16.816,89.989,0.392,0.4022,0.3971,0.3789,0.3933,DROWSY,0,0,Windows,malam
23:20:16.846,90.018,0.3944,0.41,0.4022,0.3848,0.3933,DROWSY,0,0,Windows,malam
23:20:16.878,90.051,0.3928,0.4112,0.402,0.3794,0.3933,DROWSY,0,0,Windows,malam
23:20:16.920,90.093,0.4081,0.4273,0.4177,0.3874,0.3933,DROWSY,0,0,Windows,malam
23:20:16.955,90.128,0.3966,0.4088,0.4027,0.392,0.3933,DROWSY,0,0,Windows,malam
23:20:16.989,90.162,0.3966,0.411,0.4038,0.3963,0.3933,DROWSY,0,0,Windows,malam
23:20:17.015,90.188,0.149,0.1455,0.1472,0.391,0.4,DROWSY,1,0,Windows,malam
23:20:17.049,90.222,0.1061,0.1131,0.1096,0.3923,0.4067,DROWSY,2,0,Windows,malam
23:20:17.082,90.255,0.0846,0.1176,0.1011,0.3923,0.4133,DROWSY,3,0,Windows,malam
23:20:17.112,90.285,0.1004,0.1332,0.1168,0.3953,0.42,DROWSY,4,0,Windows,malam
23:20:17.145,90.318,0.1161,0.1379,0.127,0.391,0.4267,DROWSY,5,0,Windows,malam
23:20:17.176,90.349,0.1283,0.1329,0.1306,0.3939,0.4333,DROWSY,6,0,Windows,malam
23:20:17.229,90.402,0.2593,0.2558,0.2576,0.3991,0.4333,DROWSY,0,0,Windows,malam
23:20:17.256,90.429,0.3087,0.3163,0.3125,0.3827,0.4333,DROWSY,0,0,Windows,malam
23:20:17.288,90.461,0.3137,0.3296,0.3217,0.3866,0.4333,DROWSY,0,0,Windows,malam
23:20:17.320,90.493,0.3483,0.3533,0.3508,0.3911,0.4333,DROWSY,0,0,Windows,malam
23:20:17.350,90.523,0.3734,0.3533,0.3633,0.3871,0.4333,DROWSY,0,0,Windows,malam
23:20:17.381,90.554,0.3619,0.3854,0.3737,0.3938,0.4333,DROWSY,0,0,Windows,malam
23:20:17.416,90.588,0.3212,0.3559,0.3385,0.3939,0.4333,DROWSY,0,0,Windows,malam
23:20:17.443,90.616,0.3087,0.3533,0.331,0.393,0.4333,DROWSY,0,0,Windows,malam
23:20:17.476,90.649,0.3284,0.3633,0.3458,0.3839,0.4333,DROWSY,0,0,Windows,malam
23:20:17.512,90.684,0.1878,0.1761,0.1819,0.378,0.44,DROWSY,1,0,Windows,malam
23:20:17.554,90.727,0.1324,0.1177,0.1251,0.3768,0.4467,DROWSY,2,0,Windows,malam
23:20:17.589,90.762,0.1173,0.0949,0.1061,0.3822,0.4533,DROWSY,3,0,Windows,malam
23:20:17.627,90.8,0.0853,0.0891,0.0872,0.3921,0.46,DROWSY,4,0,Windows,malam
23:20:17.648,90.821,0.0588,0.0832,0.071,0.401,0.4667,DROWSY,5,0,Windows,malam
23:20:17.680,90.853,0.0683,0.0855,0.0769,0.3908,0.4733,DROWSY,6,0,Windows,malam
23:20:17.723,90.896,0.1746,0.1943,0.1844,0.3722,0.48,DROWSY,7,0,Windows,malam
23:20:17.757,90.93,0.2341,0.2217,0.2279,0.3636,0.4867,DROWSY,8,0,Windows,malam
23:20:17.788,90.961,0.2479,0.2214,0.2347,0.3636,0.4867,DROWSY,9,0,Windows,malam
23:20:17.816,90.989,0.3023,0.2808,0.2915,0.371,0.48,DROWSY,0,0,Windows,malam
23:20:17.850,91.023,0.3163,0.3077,0.312,0.378,0.4733,DROWSY,0,0,Windows,malam
23:20:17.882,91.055,0.3302,0.3077,0.3189,0.3738,0.4667,DROWSY,0,0,Windows,malam
23:20:17.912,91.085,0.3302,0.3499,0.34,0.3823,0.46,DROWSY,0,0,Windows,malam
23:20:17.945,91.117,0.3314,0.3361,0.3337,0.3823,0.4533,DROWSY,0,0,Windows,malam
23:20:17.976,91.149,0.3453,0.3361,0.3407,0.388,0.4533,DROWSY,0,0,Windows,malam
23:20:18.024,91.196,0.3314,0.3463,0.3388,0.3929,0.4533,DROWSY,0,0,Windows,malam
23:20:18.052,91.225,0.3314,0.3463,0.3388,0.3929,0.4533,DROWSY,0,0,Windows,malam
23:20:18.082,91.254,0.3162,0.3463,0.3313,0.397,0.4533,DROWSY,0,0,Windows,malam
23:20:18.119,91.291,0.2315,0.2188,0.2251,0.3806,0.4533,DROWSY,1,0,Windows,malam
23:20:18.145,91.318,0.2154,0.1906,0.203,0.3695,0.4533,DROWSY,2,0,Windows,malam
23:20:18.176,91.349,0.1902,0.1672,0.1787,0.3741,0.4533,DROWSY,3,0,Windows,malam
23:20:18.216,91.389,0.1872,0.1772,0.1822,0.3844,0.4533,DROWSY,4,0,Windows,malam
23:20:18.254,91.427,0.2013,0.1911,0.1962,0.3767,0.4533,DROWSY,5,0,Windows,malam
23:20:18.303,91.476,0.1958,0.1906,0.1932,0.3843,0.4533,DROWSY,6,0,Windows,malam
23:20:18.333,91.506,0.2232,0.2021,0.2127,0.3864,0.4533,DROWSY,7,0,Windows,malam
23:20:18.366,91.539,0.2226,0.2079,0.2153,0.3864,0.4533,DROWSY,8,0,Windows,malam
23:20:18.396,91.569,0.2341,0.2079,0.221,0.3898,0.4533,DROWSY,9,0,Windows,malam
23:20:18.427,91.6,0.2315,0.2127,0.2221,0.392,0.4533,DROWSY,10,0,Windows,malam
23:20:18.472,91.645,0.2226,0.2217,0.2221,0.3935,0.4533,DROWSY,11,0,Windows,malam
23:20:18.506,91.678,0.2251,0.2308,0.2279,0.397,0.4533,DROWSY,12,0,Windows,malam
23:20:18.537,91.71,0.2507,0.263,0.2568,0.3911,0.4467,DROWSY,0,0,Windows,malam
23:20:18.568,91.741,0.2644,0.2625,0.2634,0.3835,0.44,DROWSY,0,0,Windows,malam
23:20:18.600,91.773,0.2688,0.2625,0.2656,0.3885,0.4333,DROWSY,0,0,Windows,malam
23:20:18.630,91.803,0.2665,0.2625,0.2645,0.3846,0.4267,DROWSY,0,0,Windows,malam
23:20:18.665,91.837,0.2462,0.2552,0.2507,0.3974,0.4267,DROWSY,1,0,Windows,malam
23:20:18.696,91.869,0.2529,0.2552,0.2541,0.3974,0.42,DROWSY,0,0,Windows,malam
23:20:18.727,91.899,0.1342,0.134,0.1341,0.3817,0.42,DROWSY,1,0,Windows,malam
23:20:18.755,91.928,0.1056,0.0991,0.1023,0.3733,0.42,DROWSY,2,0,Windows,malam
23:20:18.791,91.963,0.1057,0.0811,0.0934,0.3733,0.42,DROWSY,3,0,Windows,malam
23:20:18.823,91.996,0.079,0.0811,0.08,0.3698,0.42,DROWSY,4,0,Windows,malam
23:20:18.851,92.024,0.091,0.0573,0.0741,0.3662,0.42,DROWSY,5,0,Windows,malam
23:20:18.881,92.054,0.0845,0.0559,0.0702,0.3662,0.42,DROWSY,6,0,Windows,malam
23:20:18.920,92.093,0.2353,0.2135,0.2244,0.3801,0.42,DROWSY,7,0,Windows,malam
23:20:18.945,92.118,0.2733,0.2459,0.2596,0.3817,0.4133,DROWSY,0,0,Windows,malam
23:20:18.976,92.149,0.2815,0.2571,0.2693,0.3878,0.4067,DROWSY,0,0,Windows,malam
23:20:19.016,92.189,0.2975,0.2818,0.2896,0.3936,0.4,DROWSY,0,0,Windows,malam
23:20:19.052,92.225,0.2975,0.2829,0.2902,0.3837,0.3933,DROWSY,0,0,Windows,malam
23:20:19.101,92.274,0.2975,0.2947,0.2961,0.3763,0.3867,DROWSY,0,0,Windows,malam
23:20:19.131,92.304,0.2995,0.3245,0.312,0.3791,0.38,DROWSY,0,0,Windows,malam
23:20:19.161,92.334,0.2839,0.3501,0.317,0.3786,0.3733,DROWSY,0,0,Windows,malam
23:20:19.195,92.368,0.3063,0.3463,0.3263,0.3791,0.3667,DROWSY,0,0,Windows,malam
23:20:19.223,92.396,0.1426,0.1102,0.1264,0.3634,0.3667,DROWSY,1,0,Windows,malam
23:20:19.255,92.428,0.0963,0.1102,0.1033,0.3727,0.3667,DROWSY,2,0,Windows,malam
23:20:19.287,92.46,0.1071,0.1102,0.1087,0.3794,0.3667,DROWSY,3,0,Windows,malam
23:20:19.320,92.493,0.0766,0.0649,0.0707,0.4006,0.3667,DROWSY,4,0,Windows,malam
23:20:19.349,92.522,0.0821,0.0573,0.0697,0.3879,0.3667,DROWSY,5,0,Windows,malam
23:20:19.381,92.554,0.0842,0.0544,0.0693,0.3927,0.3667,DROWSY,6,0,Windows,malam
23:20:19.417,92.59,0.0543,0.0493,0.0518,0.3738,0.3667,DROWSY,7,0,Windows,malam
23:20:19.446,92.619,0.0627,0.0405,0.0516,0.3717,0.3667,DROWSY,8,0,Windows,malam
23:20:19.479,92.651,0.0821,0.0604,0.0713,0.3761,0.3667,DROWSY,9,0,Windows,malam
23:20:19.527,92.7,0.0842,0.0666,0.0754,0.3859,0.3667,DROWSY,10,0,Windows,malam
23:20:19.553,92.726,0.0906,0.0588,0.0747,0.3785,0.3733,DROWSY,11,0,Windows,malam
23:20:19.603,92.776,0.0938,0.0652,0.0795,0.357,0.38,DROWSY,12,0,Windows,malam
23:20:19.636,92.809,0.0906,0.0793,0.085,0.3844,0.3867,DROWSY,13,0,Windows,malam
23:20:19.666,92.838,0.0787,0.0737,0.0762,0.3865,0.3933,DROWSY,14,0,Windows,malam
23:20:19.698,92.871,0.0844,0.0714,0.0779,0.3853,0.4,DROWSY,15,0,Windows,malam
23:20:19.727,92.9,0.0961,0.088,0.0921,0.3803,0.4067,DROWSY,16,0,Windows,malam
23:20:19.776,92.949,0.0842,0.088,0.0861,0.368,0.4133,DROWSY,17,0,Windows,malam
23:20:19.807,92.98,0.0961,0.0879,0.092,0.366,0.42,DROWSY,18,0,Windows,malam
23:20:19.836,93.009,0.0837,0.0723,0.078,0.3579,0.4267,DROWSY,19,0,Windows,malam
23:20:19.870,93.042,0.0779,0.0703,0.0741,0.3544,0.4333,DROWSY,20,0,Windows,malam
23:20:19.900,93.073,0.0952,0.0604,0.0778,0.3483,0.44,DROWSY,21,0,Windows,malam
23:20:19.929,93.102,0.0878,0.0537,0.0707,0.3478,0.4467,DROWSY,22,0,Windows,malam
23:20:19.960,93.133,0.0904,0.0537,0.072,0.3483,0.4533,DROWSY,23,0,Windows,malam
23:20:19.992,93.165,0.0798,0.0537,0.0667,0.3405,0.46,DROWSY,24,0,Windows,malam
23:20:20.024,93.197,0.0639,0.0485,0.0562,0.3559,0.4667,DROWSY,25,0,Windows,malam
23:20:20.056,93.229,0.0687,0.0867,0.0777,0.3582,0.4733,DROWSY,26,0,Windows,malam
23:20:20.089,93.262,0.0687,0.0739,0.0713,0.3516,0.48,DROWSY,27,0,Windows,malam
23:20:20.136,93.308,0.0699,0.0929,0.0814,0.3634,0.4867,DROWSY,28,0,Windows,malam
23:20:20.165,93.338,0.0665,0.087,0.0767,0.3686,0.4933,DROWSY,29,0,Windows,malam
23:20:20.200,93.373,0.0779,0.0721,0.075,0.3561,0.5,DROWSY,30,0,Windows,malam
23:20:20.224,93.397,0.2108,0.2446,0.2277,0.3908,0.5067,DROWSY,31,0,Windows,malam
23:20:20.261,93.434,0.1374,0.1886,0.163,0.3647,0.5133,DROWSY,32,0,Windows,malam
23:20:20.292,93.465,0.1649,0.1739,0.1694,0.3741,0.52,DROWSY,33,0,Windows,malam
23:20:20.327,93.5,0.1511,0.1491,0.1501,0.3767,0.5267,DROWSY,34,0,Windows,malam
23:20:20.356,93.529,0.1338,0.1711,0.1524,0.3731,0.5333,DROWSY,35,0,Windows,malam
23:20:20.387,93.56,0.1658,0.1892,0.1775,0.3667,0.54,DROWSY,36,0,Windows,malam
23:20:20.440,93.613,0.3045,0.2863,0.2954,0.3682,0.54,DROWSY,0,0,Windows,malam
23:20:20.467,93.64,0.274,0.2742,0.2741,0.3602,0.54,DROWSY,0,0,Windows,malam
23:20:20.497,93.669,0.2836,0.2945,0.2891,0.3601,0.54,DROWSY,0,0,Windows,malam
23:20:20.528,93.7,0.3265,0.2951,0.3108,0.3848,0.54,DROWSY,0,0,Windows,malam
23:20:20.558,93.731,0.278,0.2846,0.2813,0.3933,0.5333,DROWSY,0,0,Windows,malam
23:20:20.591,93.764,0.2924,0.3034,0.2979,0.3837,0.5267,DROWSY,0,0,Windows,malam
23:20:20.637,93.81,0.3174,0.3268,0.3221,0.3869,0.52,DROWSY,0,0,Windows,malam
23:20:20.668,93.841,0.3283,0.2951,0.3117,0.3936,0.5133,DROWSY,0,0,Windows,malam
23:20:20.702,93.875,0.3302,0.3002,0.3152,0.3952,0.5067,DROWSY,0,0,Windows,malam
23:20:20.732,93.904,0.3379,0.3119,0.3249,0.3983,0.5,DROWSY,0,0,Windows,malam
23:20:20.764,93.937,0.3284,0.3104,0.3194,0.3838,0.4933,DROWSY,0,0,Windows,malam
23:20:20.795,93.968,0.3265,0.3237,0.3251,0.3855,0.4867,DROWSY,0,0,Windows,malam
23:20:20.827,94.0,0.3265,0.3101,0.3183,0.3906,0.48,DROWSY,0,0,Windows,malam
23:20:20.857,94.03,0.3055,0.3162,0.3109,0.3902,0.4733,DROWSY,0,0,Windows,malam
23:20:20.888,94.06,0.3199,0.3023,0.3111,0.3843,0.4733,DROWSY,0,0,Windows,malam
23:20:20.920,94.093,0.3069,0.2998,0.3034,0.3899,0.4733,DROWSY,0,0,Windows,malam
23:20:20.950,94.123,0.3103,0.3002,0.3052,0.3872,0.4733,DROWSY,0,0,Windows,malam
23:20:20.982,94.155,0.2957,0.3032,0.2995,0.3911,0.4733,DROWSY,0,0,Windows,malam
23:20:21.015,94.188,0.2874,0.2767,0.282,0.3857,0.4733,DROWSY,0,0,Windows,malam
23:20:21.045,94.217,0.2735,0.2846,0.279,0.3936,0.4733,DROWSY,0,0,Windows,malam
23:20:21.071,94.244,0.2735,0.2733,0.2734,0.3989,0.4733,DROWSY,0,0,Windows,malam
23:20:21.129,94.301,0.3015,0.2846,0.293,0.3877,0.4733,DROWSY,0,0,Windows,malam
23:20:21.152,94.325,0.3004,0.2733,0.2869,0.3801,0.4733,DROWSY,0,0,Windows,malam
23:20:21.183,94.356,0.3004,0.2862,0.2933,0.3748,0.4733,DROWSY,0,0,Windows,malam
23:20:21.224,94.397,0.3157,0.3208,0.3182,0.3923,0.4733,DROWSY,0,0,Windows,malam
23:20:21.247,94.42,0.3425,0.3402,0.3414,0.391,0.4733,DROWSY,0,0,Windows,malam
23:20:21.277,94.45,0.3174,0.3311,0.3242,0.3907,0.4733,DROWSY,0,0,Windows,malam
23:20:21.320,94.493,0.3467,0.3469,0.3468,0.383,0.4733,DROWSY,0,0,Windows,malam
23:20:21.355,94.528,0.3343,0.3184,0.3263,0.3943,0.4733,DROWSY,0,0,Windows,malam
23:20:21.386,94.558,0.3467,0.3358,0.3413,0.3894,0.4733,DROWSY,0,0,Windows,malam
23:20:21.414,94.587,0.3495,0.3473,0.3484,0.3858,0.4733,DROWSY,0,0,Windows,malam
23:20:21.447,94.62,0.3604,0.3674,0.3639,0.3807,0.4733,DROWSY,0,0,Windows,malam
23:20:21.480,94.652,0.3604,0.361,0.3607,0.3807,0.4733,DROWSY,0,0,Windows,malam
23:20:21.527,94.699,0.3519,0.3378,0.3449,0.3859,0.4733,DROWSY,0,0,Windows,malam
23:20:21.558,94.73,0.3667,0.3378,0.3523,0.3844,0.4733,DROWSY,0,0,Windows,malam
23:20:21.588,94.761,0.38,0.3415,0.3608,0.3867,0.4733,DROWSY,0,0,Windows,malam
23:20:21.624,94.797,0.3806,0.3763,0.3784,0.389,0.4733,DROWSY,0,0,Windows,malam
23:20:21.654,94.827,0.3944,0.3927,0.3936,0.3867,0.4733,DROWSY,0,0,Windows,malam
23:20:21.683,94.856,0.3933,0.3798,0.3866,0.3867,0.4733,DROWSY,0,0,Windows,malam
23:20:21.720,94.893,0.3788,0.3797,0.3793,0.3968,0.4733,DROWSY,0,0,Windows,malam
23:20:21.747,94.919,0.3905,0.3801,0.3853,0.3995,0.4733,DROWSY,0,0,Windows,malam
23:20:21.777,94.95,0.3788,0.3927,0.3858,0.3995,0.4733,DROWSY,0,0,Windows,malam
23:20:21.833,95.005,0.3805,0.3823,0.3814,0.3755,0.4733,DROWSY,0,0,Windows,malam
23:20:21.856,95.029,0.4084,0.4179,0.4131,0.3708,0.4733,DROWSY,0,0,Windows,malam
23:20:21.885,95.058,0.3835,0.3983,0.3909,0.3708,0.4733,DROWSY,0,0,Windows,malam
23:20:21.928,95.101,0.4099,0.3728,0.3913,0.3873,0.4733,DROWSY,0,0,Windows,malam
23:20:21.962,95.135,0.3859,0.3854,0.3856,0.3851,0.4733,DROWSY,0,0,Windows,malam
23:20:21.993,95.166,0.3842,0.3759,0.3801,0.3874,0.4733,DROWSY,0,0,Windows,malam
23:20:22.024,95.196,0.3756,0.3608,0.3682,0.3951,0.4667,DROWSY,0,0,Windows,malam
23:20:22.057,95.23,0.3948,0.3766,0.3857,0.3987,0.46,DROWSY,0,0,Windows,malam
23:20:22.090,95.263,0.3734,0.3888,0.3811,0.4005,0.4533,DROWSY,0,0,Windows,malam
23:20:22.119,95.292,0.3837,0.3844,0.3841,0.3915,0.4467,DROWSY,0,0,Windows,malam
23:20:22.151,95.324,0.3948,0.3964,0.3956,0.4014,0.44,DROWSY,0,0,Windows,malam
23:20:22.182,95.355,0.3935,0.4091,0.4013,0.3913,0.4333,DROWSY,0,0,Windows,malam
23:20:22.232,95.405,0.4157,0.402,0.4089,0.4356,0.4333,DROWSY,0,0,Windows,malam
23:20:22.259,95.432,0.4134,0.4021,0.4078,0.4338,0.4333,DROWSY,0,0,Windows,malam
23:20:22.291,95.464,0.3982,0.4306,0.4144,0.4229,0.4333,DROWSY,0,0,Windows,malam
23:20:22.326,95.499,0.3907,0.4258,0.4082,0.4249,0.4333,DROWSY,0,0,Windows,malam
23:20:22.368,95.541,0.4136,0.4173,0.4155,0.4068,0.4333,DROWSY,0,0,Windows,malam
23:20:22.399,95.572,0.4009,0.4068,0.4039,0.4148,0.4333,DROWSY,0,0,Windows,malam
23:20:22.430,95.603,0.3999,0.4142,0.4071,0.4157,0.4333,DROWSY,0,0,Windows,malam
23:20:22.460,95.633,0.4178,0.3989,0.4083,0.4176,0.4333,DROWSY,0,0,Windows,malam
23:20:22.492,95.665,0.4439,0.4082,0.426,0.421,0.4333,DROWSY,0,0,Windows,malam
23:20:22.520,95.693,0.421,0.4154,0.4182,0.4118,0.4267,DROWSY,0,0,Windows,malam
23:20:22.556,95.729,0.409,0.4109,0.41,0.397,0.42,DROWSY,0,0,Windows,malam
23:20:22.587,95.76,0.4101,0.4416,0.4258,0.3966,0.4133,DROWSY,0,0,Windows,malam
23:20:22.632,95.805,0.4355,0.421,0.4283,0.4047,0.4067,DROWSY,0,0,Windows,malam
23:20:22.666,95.839,0.4482,0.4345,0.4414,0.3994,0.4,DROWSY,0,0,Windows,malam
23:20:22.697,95.87,0.4355,0.4366,0.4361,0.4001,0.3933,DROWSY,0,0,Windows,malam
23:20:22.727,95.9,0.384,0.3759,0.38,0.3874,0.3867,DROWSY,0,0,Windows,malam
23:20:22.758,95.931,0.3934,0.3741,0.3838,0.4024,0.38,DROWSY,0,0,Windows,malam
23:20:22.790,95.962,0.3962,0.3768,0.3865,0.404,0.3733,DROWSY,0,0,Windows,malam
23:20:22.823,95.996,0.3817,0.397,0.3894,0.407,0.3733,DROWSY,0,0,Windows,malam
23:20:22.851,96.024,0.4199,0.4209,0.4204,0.4081,0.3733,DROWSY,0,0,Windows,malam
23:20:22.882,96.055,0.3934,0.4206,0.407,0.4059,0.3733,DROWSY,0,0,Windows,malam
23:20:22.920,96.093,0.3935,0.3896,0.3916,0.4123,0.3733,DROWSY,0,0,Windows,malam
23:20:22.947,96.12,0.4033,0.4048,0.404,0.403,0.3733,DROWSY,0,0,Windows,malam
23:20:23.033,96.206,0.3225,0.342,0.3322,0.3833,0.3733,DROWSY,0,0,Windows,malam
23:20:23.055,96.228,0.3354,0.3639,0.3496,0.3884,0.3733,DROWSY,0,0,Windows,malam
23:20:23.090,96.263,0.3466,0.3786,0.3626,0.386,0.3733,DROWSY,0,0,Windows,malam
23:20:23.132,96.305,0.3538,0.3664,0.3601,0.3999,0.3733,DROWSY,0,0,Windows,malam
23:20:23.198,96.371,0.3002,0.3497,0.325,0.3776,0.3667,DROWSY,0,0,Windows,malam
23:20:23.227,96.4,0.3563,0.3773,0.3668,0.4034,0.36,DROWSY,0,0,Windows,malam
23:20:23.258,96.431,0.379,0.4098,0.3944,0.4112,0.3533,DROWSY,0,0,Windows,malam
23:20:23.289,96.462,0.3882,0.3967,0.3924,0.4149,0.3467,NORMAL,0,0,Windows,malam
23:20:23.320,96.493,0.4423,0.4412,0.4417,0.417,0.34,NORMAL,0,0,Windows,malam
23:20:23.351,96.524,0.4308,0.4412,0.436,0.4294,0.3333,NORMAL,0,0,Windows,malam
23:20:23.383,96.556,0.4451,0.419,0.432,0.4201,0.3267,NORMAL,0,0,Windows,malam
23:20:23.432,96.605,0.4148,0.3923,0.4035,0.4123,0.32,NORMAL,0,0,Windows,malam
23:20:23.461,96.634,0.3901,0.4036,0.3969,0.4153,0.3133,NORMAL,0,0,Windows,malam
23:20:23.491,96.664,0.3698,0.4034,0.3866,0.4013,0.3067,NORMAL,0,0,Windows,malam
23:20:23.528,96.701,0.4193,0.4105,0.4149,0.395,0.3,NORMAL,0,0,Windows,malam
23:20:23.554,96.727,0.4418,0.423,0.4324,0.3889,0.2933,NORMAL,0,0,Windows,malam
23:20:23.586,96.759,0.4433,0.4239,0.4336,0.395,0.2933,NORMAL,0,0,Windows,malam
23:20:23.624,96.797,0.4353,0.4385,0.4369,0.3855,0.2933,NORMAL,0,0,Windows,malam
23:20:23.647,96.82,0.4212,0.4356,0.4284,0.383,0.2933,NORMAL,0,0,Windows,malam
23:20:23.679,96.851,0.432,0.4224,0.4272,0.3804,0.2933,NORMAL,0,0,Windows,malam
23:20:23.720,96.893,0.4445,0.4375,0.441,0.3654,0.2867,NORMAL,0,0,Windows,malam
23:20:23.741,96.914,0.4212,0.416,0.4186,0.3798,0.2867,NORMAL,0,0,Windows,malam
23:20:23.772,96.945,0.4201,0.4373,0.4287,0.3891,0.28,NORMAL,0,0,Windows,malam
23:20:23.833,97.005,0.4195,0.4025,0.411,0.3806,0.2733,NORMAL,0,0,Windows,malam
23:20:23.867,97.04,0.4214,0.4112,0.4163,0.3829,0.2667,NORMAL,0,0,Windows,malam
23:20:23.898,97.07,0.3982,0.4105,0.4044,0.3861,0.26,NORMAL,0,0,Windows,malam
23:20:23.927,97.1,0.4201,0.3945,0.4073,0.3904,0.2533,NORMAL,0,0,Windows,malam
23:20:23.962,97.135,0.3961,0.4198,0.4079,0.3982,0.2467,NORMAL,0,0,Windows,malam
23:20:23.991,97.164,0.3873,0.4093,0.3983,0.4049,0.24,NORMAL,0,0,Windows,malam
23:20:24.024,97.196,0.3871,0.3701,0.3786,0.3877,0.24,NORMAL,0,0,Windows,malam
23:20:24.056,97.228,0.3766,0.3771,0.3768,0.3867,0.24,NORMAL,0,0,Windows,malam
23:20:24.088,97.26,0.3597,0.3792,0.3694,0.3819,0.24,NORMAL,0,0,Windows,malam
23:20:24.136,97.309,0.3842,0.3823,0.3832,0.3925,0.24,NORMAL,0,0,Windows,malam
23:20:24.164,97.337,0.371,0.3792,0.3751,0.3869,0.24,NORMAL,0,0,Windows,malam
23:20:24.197,97.37,0.371,0.3707,0.3709,0.3914,0.24,NORMAL,0,0,Windows,malam
23:20:24.233,97.406,0.3607,0.3583,0.3595,0.3869,0.24,NORMAL,0,0,Windows,malam
23:20:24.259,97.432,0.3616,0.3416,0.3516,0.3852,0.24,NORMAL,0,0,Windows,malam
23:20:24.290,97.462,0.3701,0.3416,0.3559,0.3911,0.2333,NORMAL,0,0,Windows,malam
23:20:24.328,97.501,0.3558,0.3311,0.3434,0.3759,0.2267,NORMAL,0,0,Windows,malam
23:20:24.352,97.525,0.3701,0.3519,0.361,0.3915,0.22,NORMAL,0,0,Windows,malam
23:20:24.382,97.554,0.3653,0.3519,0.3586,0.3917,0.2133,NORMAL,0,0,Windows,malam
23:20:24.424,97.597,0.3641,0.3519,0.358,0.3861,0.2067,NORMAL,0,0,Windows,malam
23:20:24.445,97.618,0.3892,0.3519,0.3705,0.3915,0.2,NORMAL,0,0,Windows,malam
23:20:24.477,97.65,0.3641,0.3519,0.358,0.3871,0.1933,NORMAL,0,0,Windows,malam
23:20:24.537,97.71,0.3907,0.3522,0.3715,0.3863,0.1867,NORMAL,0,0,Windows,malam
23:20:24.573,97.745,0.3892,0.3556,0.3724,0.382,0.18,NORMAL,0,0,Windows,malam
23:20:24.602,97.774,0.3759,0.3704,0.3731,0.3908,0.1733,NORMAL,0,0,Windows,malam
23:20:24.631,97.804,0.3759,0.3704,0.3731,0.3884,0.1667,NORMAL,0,0,Windows,malam
23:20:24.664,97.837,0.3892,0.3683,0.3787,0.3884,0.16,NORMAL,0,0,Windows,malam
23:20:24.696,97.869,0.3892,0.3683,0.3787,0.3935,0.1533,NORMAL,0,0,Windows,malam
23:20:24.727,97.9,0.3907,0.3683,0.3795,0.4044,0.1467,NORMAL,0,0,Windows,malam
23:20:24.758,97.93,0.3907,0.3806,0.3856,0.4022,0.14,NORMAL,0,0,Windows,malam
23:20:24.788,97.961,0.3936,0.3774,0.3855,0.4087,0.1333,NORMAL,0,0,Windows,malam
23:20:24.825,97.998,0.371,0.3771,0.374,0.4602,0.1267,NORMAL,0,0,Windows,malam
23:20:24.851,98.024,0.405,0.3774,0.3912,0.4605,0.12,NORMAL,0,0,Windows,malam
23:20:24.882,98.055,0.4033,0.3896,0.3965,0.4556,0.1133,NORMAL,0,0,Windows,malam
23:20:24.941,98.114,0.4065,0.3896,0.3981,0.4538,0.1067,NORMAL,0,0,Windows,malam
23:20:24.974,98.147,0.405,0.3883,0.3967,0.4567,0.1,NORMAL,0,0,Windows,malam
23:20:25.008,98.181,0.405,0.3896,0.3973,0.4567,0.0933,NORMAL,0,0,Windows,malam
23:20:25.037,98.21,0.3547,0.3266,0.3406,0.4614,0.0867,NORMAL,0,0,Windows,malam
23:20:25.070,98.242,0.3288,0.3141,0.3215,0.4675,0.08,NORMAL,0,0,Windows,malam
23:20:25.102,98.275,0.3375,0.3018,0.3197,0.4673,0.0733,NORMAL,0,0,Windows,malam
23:20:25.132,98.305,0.2932,0.2844,0.2888,0.4696,0.0667,NORMAL,0,0,Windows,malam
23:20:25.164,98.337,0.2932,0.2921,0.2927,0.4652,0.06,NORMAL,0,0,Windows,malam
23:20:25.196,98.369,0.2912,0.2888,0.29,0.4734,0.0533,NORMAL,0,0,Windows,malam
23:20:25.225,98.398,0.25,0.256,0.253,0.4844,0.0467,NORMAL,0,0,Windows,malam
23:20:25.257,98.43,0.25,0.256,0.253,0.4829,0.04,NORMAL,0,0,Windows,malam
23:20:25.307,98.48,0.2507,0.2425,0.2466,0.4914,0.04,NORMAL,1,0,Windows,malam
23:20:25.336,98.509,0.2363,0.2466,0.2415,0.4873,0.04,NORMAL,2,0,Windows,malam
23:20:25.367,98.54,0.2363,0.2466,0.2415,0.4858,0.04,NORMAL,3,0,Windows,malam
23:20:25.400,98.573,0.2363,0.2466,0.2415,0.4763,0.04,NORMAL,4,0,Windows,malam
23:20:25.432,98.605,0.2932,0.2921,0.2927,0.4729,0.0333,NORMAL,0,0,Windows,malam
23:20:25.462,98.635,0.3206,0.3184,0.3195,0.458,0.0267,NORMAL,0,0,Windows,malam
23:20:25.496,98.669,0.3343,0.318,0.3262,0.4479,0.0267,NORMAL,0,0,Windows,malam
23:20:25.528,98.701,0.3637,0.359,0.3614,0.4541,0.0267,NORMAL,0,0,Windows,malam
23:20:25.556,98.729,0.3787,0.359,0.3689,0.4538,0.0267,NORMAL,0,0,Windows,malam
23:20:25.588,98.761,0.392,0.3498,0.3709,0.4538,0.0267,NORMAL,0,0,Windows,malam
23:20:25.628,98.801,0.392,0.3716,0.3818,0.4591,0.0267,NORMAL,0,0,Windows,malam
23:20:25.665,98.838,0.3907,0.3847,0.3877,0.4486,0.0267,NORMAL,0,0,Windows,malam
23:20:25.695,98.868,0.3907,0.3847,0.3877,0.4516,0.0267,NORMAL,0,0,Windows,malam
23:20:25.736,98.909,0.3907,0.3719,0.3813,0.4395,0.0267,NORMAL,0,0,Windows,malam
23:20:25.756,98.929,0.3907,0.3624,0.3766,0.4382,0.0267,NORMAL,0,0,Windows,malam
23:20:25.787,98.96,0.3907,0.3624,0.3766,0.4328,0.0267,NORMAL,0,0,Windows,malam
23:20:25.835,99.008,0.3907,0.3624,0.3766,0.4119,0.0267,NORMAL,0,0,Windows,malam
23:20:25.866,99.039,0.3907,0.3624,0.3766,0.4169,0.0267,NORMAL,0,0,Windows,malam
23:20:25.898,99.071,0.3806,0.3624,0.3715,0.4169,0.0267,NORMAL,0,0,Windows,malam
23:20:25.927,99.1,0.3792,0.3638,0.3715,0.4148,0.0267,NORMAL,0,0,Windows,malam
23:20:25.961,99.133,0.3792,0.371,0.3751,0.4092,0.0267,NORMAL,0,0,Windows,malam
23:20:25.992,99.165,0.3792,0.371,0.3751,0.4096,0.0267,NORMAL,0,0,Windows,malam
23:20:26.022,99.195,0.3806,0.3716,0.3761,0.3949,0.0267,NORMAL,0,0,Windows,malam
23:20:26.053,99.226,0.3677,0.3847,0.3762,0.394,0.0267,NORMAL,0,0,Windows,malam
23:20:26.085,99.258,0.3677,0.3758,0.3718,0.3937,0.0267,NORMAL,0,0,Windows,malam
23:20:26.136,99.308,0.3787,0.3646,0.3716,0.3952,0.0267,NORMAL,0,0,Windows,malam
23:20:26.161,99.334,0.3667,0.3519,0.3593,0.3956,0.0267,NORMAL,0,0,Windows,malam
23:20:26.193,99.366,0.3655,0.3519,0.3587,0.3937,0.0267,NORMAL,0,0,Windows,malam
23:20:26.232,99.404,0.3842,0.3522,0.3682,0.3877,0.0267,NORMAL,0,0,Windows,malam
23:20:26.255,99.428,0.3561,0.3453,0.3507,0.3769,0.0267,NORMAL,0,0,Windows,malam
23:20:26.286,99.459,0.3547,0.3486,0.3516,0.3826,0.0267,NORMAL,0,0,Windows,malam
23:20:26.328,99.5,0.3547,0.3575,0.3561,0.3868,0.0267,NORMAL,0,0,Windows,malam
23:20:26.366,99.539,0.3547,0.3575,0.3561,0.3896,0.0267,NORMAL,0,0,Windows,malam
23:20:26.395,99.568,0.369,0.3552,0.3621,0.3906,0.0267,NORMAL,0,0,Windows,malam
23:20:26.439,99.611,0.3547,0.3416,0.3482,0.3872,0.0267,NORMAL,0,0,Windows,malam
23:20:26.474,99.647,0.3267,0.345,0.3358,0.382,0.0267,NORMAL,0,0,Windows,malam
23:20:26.505,99.678,0.3527,0.342,0.3474,0.3806,0.0267,NORMAL,0,0,Windows,malam
23:20:26.535,99.707,0.3397,0.3328,0.3363,0.3839,0.0267,NORMAL,0,0,Windows,malam
23:20:26.567,99.74,0.3413,0.3144,0.3279,0.3862,0.0267,NORMAL,0,0,Windows,malam
23:20:26.599,99.772,0.3413,0.3187,0.33,0.3862,0.0267,NORMAL,0,0,Windows,malam
23:20:26.632,99.805,0.3364,0.3295,0.333,0.3897,0.0267,NORMAL,0,0,Windows,malam
23:20:26.662,99.835,0.3418,0.3328,0.3373,0.3943,0.0267,NORMAL,0,0,Windows,malam
23:20:26.695,99.868,0.3543,0.3453,0.3498,0.397,0.0267,NORMAL,0,0,Windows,malam
23:20:26.727,99.9,0.3559,0.3454,0.3507,0.4036,0.0267,NORMAL,0,0,Windows,malam
23:20:26.756,99.929,0.3438,0.3371,0.3405,0.4001,0.0267,NORMAL,0,0,Windows,malam
23:20:26.788,99.961,0.3438,0.3367,0.3403,0.4093,0.0267,NORMAL,0,0,Windows,malam
23:20:26.840,100.013,0.3547,0.3547,0.3547,0.4087,0.0267,NORMAL,0,0,Windows,malam
23:20:26.868,100.041,0.38,0.3578,0.3689,0.4016,0.0267,NORMAL,0,0,Windows,malam
23:20:26.898,100.071,0.3812,0.3453,0.3633,0.4005,0.0267,NORMAL,0,0,Windows,malam
23:20:26.936,100.108,0.3915,0.3453,0.3684,0.3987,0.0267,NORMAL,0,0,Windows,malam
23:20:26.961,100.134,0.3905,0.3672,0.3789,0.3882,0.0267,NORMAL,0,0,Windows,malam
23:20:26.993,100.166,0.3892,0.3649,0.377,0.3964,0.0267,NORMAL,0,0,Windows,malam
23:20:27.032,100.204,0.3931,0.3615,0.3773,0.4016,0.0267,NORMAL,0,0,Windows,malam
23:20:27.071,100.244,0.3931,0.3713,0.3822,0.4031,0.0267,NORMAL,0,0,Windows,malam
23:20:27.102,100.274,0.3931,0.3485,0.3708,0.4031,0.0267,NORMAL,0,0,Windows,malam
23:20:27.133,100.305,0.3788,0.3611,0.37,0.4035,0.0267,NORMAL,0,0,Windows,malam
23:20:27.246,100.419,0.3819,0.3697,0.3758,0.4013,0.0267,NORMAL,0,0,Windows,malam
23:20:27.272,100.445,0.3806,0.3917,0.3862,0.3975,0.0267,NORMAL,0,0,Windows,malam
23:20:27.335,100.508,0.3805,0.3771,0.3788,0.4047,0.0267,NORMAL,0,0,Windows,malam
23:20:27.366,100.538,0.3805,0.3771,0.3788,0.4049,0.0267,NORMAL,0,0,Windows,malam
23:20:27.397,100.57,0.3819,0.3644,0.3731,0.3998,0.0267,NORMAL,0,0,Windows,malam
23:20:27.431,100.604,0.3934,0.3898,0.3916,0.3873,0.0267,NORMAL,0,0,Windows,malam
23:20:27.460,100.633,0.3975,0.3917,0.3946,0.3916,0.0267,NORMAL,0,0,Windows,malam
23:20:27.491,100.664,0.3823,0.3917,0.387,0.39,0.0267,NORMAL,0,0,Windows,malam
23:20:27.527,100.7,0.3723,0.3697,0.371,0.3813,0.0267,NORMAL,0,0,Windows,malam
23:20:27.554,100.726,0.3723,0.3923,0.3823,0.3835,0.0267,NORMAL,0,0,Windows,malam
23:20:27.585,100.758,0.371,0.3771,0.374,0.3967,0.0267,NORMAL,0,0,Windows,malam
23:20:27.616,100.789,0.3806,0.3771,0.3788,0.3936,0.0267,NORMAL,0,0,Windows,malam
23:20:27.648,100.821,0.3288,0.3141,0.3215,0.3812,0.0267,NORMAL,0,0,Windows,malam
23:20:27.678,100.851,0.3012,0.3251,0.3131,0.3835,0.0267,NORMAL,0,0,Windows,malam
23:20:27.735,100.908,0.2314,0.1909,0.2112,0.382,0.0333,NORMAL,1,0,Windows,malam
23:20:27.771,100.944,0.2314,0.2028,0.2171,0.3883,0.04,NORMAL,2,0,Windows,malam
23:20:27.801,100.974,0.2447,0.2206,0.2327,0.3919,0.0467,NORMAL,3,0,Windows,malam
23:20:27.831,101.004,0.2108,0.1915,0.2012,0.391,0.0533,NORMAL,4,0,Windows,malam
23:20:27.863,101.036,0.1851,0.1909,0.188,0.391,0.06,NORMAL,5,0,Windows,malam
23:20:27.895,101.068,0.1958,0.1866,0.1912,0.3875,0.0667,NORMAL,6,0,Windows,malam
23:20:27.929,101.101,0.1073,0.1402,0.1238,0.3976,0.0733,NORMAL,7,0,Windows,malam
23:20:27.956,101.129,0.1117,0.1402,0.1259,0.3959,0.08,NORMAL,8,0,Windows,malam
23:20:27.988,101.161,0.1008,0.1184,0.1096,0.3978,0.0867,NORMAL,9,0,Windows,malam
23:20:28.020,101.193,0.09,0.1214,0.1057,0.3978,0.0933,WARNING,10,0,Windows,malam
23:20:28.051,101.224,0.2455,0.2152,0.2304,0.3954,0.1,WARNING,11,0,Windows,malam
23:20:28.083,101.256,0.268,0.2425,0.2553,0.3962,0.1,NORMAL,0,0,Windows,malam
23:20:28.136,101.309,0.3615,0.3292,0.3454,0.3926,0.1,NORMAL,0,0,Windows,malam
23:20:28.160,101.333,0.3604,0.3392,0.3498,0.3936,0.1,NORMAL,0,0,Windows,malam
23:20:28.191,101.364,0.3617,0.3378,0.3497,0.3936,0.1,NORMAL,0,0,Windows,malam
23:20:28.232,101.404,0.3641,0.3519,0.358,0.4032,0.1,NORMAL,0,0,Windows,malam
23:20:28.253,101.426,0.3759,0.3519,0.3639,0.4008,0.1,NORMAL,0,0,Windows,malam
23:20:28.285,101.458,0.3641,0.3392,0.3517,0.4009,0.1,NORMAL,0,0,Windows,malam
23:20:28.328,101.501,0.3641,0.3392,0.3517,0.4035,0.1,NORMAL,0,0,Windows,malam
23:20:28.361,101.534,0.3547,0.3392,0.347,0.4059,0.1,NORMAL,0,0,Windows,malam
23:20:28.393,101.565,0.3547,0.3378,0.3462,0.4059,0.1,NORMAL,0,0,Windows,malam
23:20:28.440,101.613,0.3547,0.3378,0.3462,0.4059,0.1,NORMAL,0,0,Windows,malam
23:20:28.471,101.644,0.3806,0.35,0.3653,0.398,0.1,NORMAL,0,0,Windows,malam
23:20:28.503,101.676,0.3662,0.3638,0.365,0.3944,0.1,NORMAL,0,0,Windows,malam
23:20:28.535,101.708,0.3494,0.3224,0.3359,0.3944,0.1,NORMAL,0,0,Windows,malam
23:20:28.564,101.737,0.3466,0.3266,0.3366,0.3941,0.1,NORMAL,0,0,Windows,malam
23:20:28.597,101.77,0.3347,0.3401,0.3374,0.3977,0.1,NORMAL,0,0,Windows,malam
23:20:28.632,101.805,0.2469,0.2018,0.2244,0.4016,0.1067,NORMAL,1,0,Windows,malam
23:20:28.661,101.834,0.2305,0.1959,0.2132,0.3998,0.1133,NORMAL,2,0,Windows,malam
23:20:28.690,101.863,0.2314,0.191,0.2112,0.4013,0.12,NORMAL,3,0,Windows,malam
23:20:28.743,101.916,0.2651,0.2425,0.2538,0.4073,0.12,NORMAL,0,0,Windows,malam
23:20:28.769,101.942,0.2785,0.2788,0.2787,0.3986,0.12,NORMAL,0,0,Windows,malam
23:20:28.800,101.973,0.2922,0.2756,0.2839,0.401,0.12,NORMAL,0,0,Windows,malam
23:20:28.832,102.005,0.2922,0.2756,0.2839,0.3941,0.12,NORMAL,0,0,Windows,malam
23:20:28.862,102.035,0.3375,0.3287,0.3331,0.3977,0.12,NORMAL,0,0,Windows,malam
23:20:28.895,102.068,0.3252,0.333,0.3291,0.3869,0.12,NORMAL,0,0,Windows,malam
23:20:28.941,102.113,0.3509,0.346,0.3485,0.4056,0.12,NORMAL,0,0,Windows,malam
23:20:28.973,102.146,0.3561,0.3457,0.3509,0.4159,0.12,NORMAL,0,0,Windows,malam
23:20:29.005,102.177,0.3561,0.346,0.351,0.4195,0.12,NORMAL,0,0,Windows,malam
23:20:29.032,102.204,0.3561,0.346,0.351,0.4098,0.12,NORMAL,0,0,Windows,malam
23:20:29.069,102.242,0.3561,0.359,0.3575,0.4029,0.12,NORMAL,0,0,Windows,malam
23:20:29.099,102.272,0.3561,0.3615,0.3588,0.4059,0.12,NORMAL,0,0,Windows,malam
23:20:29.144,102.316,0.3641,0.3457,0.3549,0.408,0.12,NORMAL,0,0,Windows,malam
23:20:29.179,102.352,0.3641,0.3327,0.3484,0.4082,0.12,NORMAL,0,0,Windows,malam
23:20:29.212,102.385,0.3626,0.3268,0.3447,0.4106,0.12,NORMAL,0,0,Windows,malam
23:20:29.241,102.414,0.3626,0.3271,0.3448,0.4123,0.12,NORMAL,0,0,Windows,malam
23:20:29.275,102.448,0.3626,0.3292,0.3459,0.4086,0.12,NORMAL,0,0,Windows,malam
23:20:29.306,102.479,0.3611,0.3271,0.3441,0.4023,0.12,NORMAL,0,0,Windows,malam
23:20:29.335,102.508,0.3626,0.3357,0.3491,0.405,0.12,NORMAL,0,0,Windows,malam
23:20:29.367,102.54,0.3561,0.333,0.3445,0.405,0.12,NORMAL,0,0,Windows,malam
23:20:29.401,102.574,0.3641,0.333,0.3486,0.4113,0.12,NORMAL,0,0,Windows,malam
23:20:29.432,102.605,0.3626,0.3256,0.3441,0.411,0.12,NORMAL,0,0,Windows,malam
23:20:29.462,102.634,0.3626,0.3271,0.3448,0.405,0.12,NORMAL,0,0,Windows,malam
23:20:29.494,102.666,0.3626,0.3271,0.3448,0.4093,0.12,NORMAL,0,0,Windows,malam
23:20:29.523,102.696,0.3641,0.3271,0.3456,0.4093,0.12,NORMAL,0,0,Windows,malam
23:20:29.555,102.728,0.3626,0.3396,0.3511,0.4181,0.12,NORMAL,0,0,Windows,malam
23:20:29.586,102.759,0.3359,0.3396,0.3377,0.4215,0.12,NORMAL,0,0,Windows,malam
23:20:29.616,102.789,0.3492,0.3396,0.3444,0.4281,0.12,NORMAL,0,0,Windows,malam
23:20:29.645,102.818,0.3507,0.3396,0.3452,0.4198,0.12,NORMAL,0,0,Windows,malam
23:20:29.678,102.851,0.3492,0.3396,0.3444,0.4125,0.12,NORMAL,0,0,Windows,malam
23:20:29.737,102.909,0.333,0.3227,0.3279,0.418,0.12,NORMAL,0,0,Windows,malam
23:20:29.771,102.944,0.3313,0.3287,0.33,0.419,0.12,NORMAL,0,0,Windows,malam
23:20:29.801,102.974,0.3406,0.3287,0.3346,0.4278,0.12,NORMAL,0,0,Windows,malam
23:20:29.832,103.005,0.2702,0.2396,0.2549,0.4139,0.12,NORMAL,0,0,Windows,malam
23:20:29.867,103.039,0.2491,0.2308,0.24,0.4101,0.1267,NORMAL,1,0,Windows,malam
23:20:29.896,103.068,0.2355,0.2372,0.2364,0.4086,0.1333,NORMAL,2,0,Windows,malam
23:20:29.928,103.101,0.2421,0.2372,0.2397,0.4053,0.14,NORMAL,3,0,Windows,malam
23:20:29.959,103.132,0.1795,0.1967,0.1881,0.3999,0.1467,NORMAL,4,0,Windows,malam
23:20:29.989,103.162,0.1541,0.1709,0.1625,0.3964,0.1533,NORMAL,5,0,Windows,malam
23:20:30.022,103.195,0.1506,0.1709,0.1608,0.3964,0.16,NORMAL,6,0,Windows,malam
23:20:30.053,103.226,0.1127,0.1417,0.1272,0.4096,0.1667,NORMAL,7,0,Windows,malam
23:20:30.083,103.256,0.0831,0.1416,0.1124,0.4077,0.1733,NORMAL,8,0,Windows,malam
23:20:30.141,103.314,0.2172,0.2277,0.2224,0.4122,0.18,NORMAL,9,0,Windows,malam
23:20:30.166,103.339,0.2433,0.2405,0.2419,0.4102,0.1867,WARNING,10,0,Windows,malam
23:20:30.195,103.368,0.2637,0.2664,0.2651,0.4159,0.1867,NORMAL,0,0,Windows,malam
23:20:30.231,103.404,0.3049,0.3021,0.3035,0.4217,0.1867,NORMAL,0,0,Windows,malam
23:20:30.257,103.43,0.3187,0.3137,0.3162,0.414,0.1867,NORMAL,0,0,Windows,malam
23:20:30.290,103.463,0.3296,0.3137,0.3216,0.4093,0.1867,NORMAL,0,0,Windows,malam
23:20:30.320,103.493,0.3436,0.327,0.3353,0.4148,0.1867,NORMAL,0,0,Windows,malam
23:20:30.351,103.524,0.3342,0.3441,0.3392,0.4143,0.1867,NORMAL,0,0,Windows,malam
23:20:30.384,103.557,0.3479,0.333,0.3405,0.4092,0.18,NORMAL,0,0,Windows,malam
23:20:30.416,103.589,0.3467,0.3327,0.3397,0.4082,0.1733,NORMAL,0,0,Windows,malam
23:20:30.446,103.618,0.3604,0.3321,0.3463,0.4076,0.1667,NORMAL,0,0,Windows,malam
23:20:30.477,103.65,0.3604,0.3457,0.353,0.4063,0.16,NORMAL,0,0,Windows,malam
23:20:30.536,103.709,0.3375,0.3457,0.3416,0.4008,0.16,NORMAL,0,0,Windows,malam
23:20:30.571,103.744,0.3359,0.3457,0.3408,0.4017,0.16,NORMAL,0,0,Windows,malam
23:20:30.601,103.774,0.3359,0.3457,0.3408,0.4017,0.16,NORMAL,0,0,Windows,malam
23:20:30.632,103.804,0.3626,0.3586,0.3606,0.3999,0.16,NORMAL,0,0,Windows,malam
23:20:30.663,103.836,0.3345,0.3354,0.335,0.412,0.16,NORMAL,0,0,Windows,malam
23:20:30.695,103.868,0.3492,0.3475,0.3484,0.4021,0.16,NORMAL,0,0,Windows,malam
23:20:30.726,103.899,0.3626,0.3475,0.3551,0.399,0.16,NORMAL,0,0,Windows,malam
23:20:30.758,103.931,0.374,0.3392,0.3566,0.4027,0.16,NORMAL,0,0,Windows,malam
23:20:30.789,103.962,0.3626,0.3292,0.3459,0.4032,0.16,NORMAL,0,0,Windows,malam
23:20:30.820,103.993,0.3626,0.3268,0.3447,0.3925,0.16,NORMAL,0,0,Windows,malam
23:20:30.853,104.026,0.3492,0.3321,0.3407,0.4114,0.16,NORMAL,0,0,Windows,malam
23:20:30.883,104.056,0.372,0.3348,0.3534,0.4117,0.16,NORMAL,0,0,Windows,malam
23:20:30.936,104.109,0.3507,0.3253,0.338,0.4124,0.16,NORMAL,0,0,Windows,malam
23:20:30.963,104.136,0.3561,0.3266,0.3413,0.3953,0.16,NORMAL,0,0,Windows,malam
23:20:30.994,104.166,0.3375,0.3115,0.3245,0.406,0.16,NORMAL,0,0,Windows,malam
23:20:31.048,104.221,0.3375,0.3368,0.3372,0.3935,0.16,NORMAL,0,0,Windows,malam
23:20:31.087,104.26,0.3507,0.3327,0.3417,0.3915,0.16,NORMAL,0,0,Windows,malam
23:20:31.120,104.293,0.3225,0.3481,0.3353,0.3933,0.16,NORMAL,0,0,Windows,malam
23:20:31.151,104.324,0.337,0.3141,0.3255,0.4098,0.16,NORMAL,0,0,Windows,malam
23:20:31.244,104.416,0.3667,0.3451,0.3559,0.412,0.16,NORMAL,0,0,Windows,malam
23:20:31.276,104.449,0.3626,0.3489,0.3557,0.394,0.16,NORMAL,0,0,Windows,malam
23:20:31.335,104.508,0.3637,0.3363,0.35,0.3886,0.16,NORMAL,0,0,Windows,malam
23:20:31.357,104.53,0.3626,0.3624,0.3625,0.3886,0.16,NORMAL,0,0,Windows,malam
23:20:31.389,104.561,0.3641,0.3602,0.3621,0.3968,0.16,NORMAL,0,0,Windows,malam
23:20:31.455,104.628,0.3443,0.3402,0.3422,0.418,0.16,NORMAL,0,0,Windows,malam
23:20:31.544,104.717,0.3558,0.3468,0.3513,0.4293,0.16,NORMAL,0,0,Windows,malam
23:20:31.576,104.749,0.3667,0.3566,0.3617,0.4361,0.16,NORMAL,0,0,Windows,malam
23:20:31.605,104.778,0.3666,0.3475,0.3571,0.4361,0.16,NORMAL,0,0,Windows,malam
23:20:31.642,104.815,0.3572,0.3475,0.3524,0.4244,0.16,NORMAL,0,0,Windows,malam
23:20:31.668,104.841,0.3572,0.3468,0.352,0.429,0.16,NORMAL,0,0,Windows,malam
23:20:31.734,104.907,0.3572,0.3572,0.3572,0.4256,0.16,NORMAL,0,0,Windows,malam
23:20:31.763,104.935,0.3653,0.358,0.3617,0.4318,0.16,NORMAL,0,0,Windows,malam
23:20:31.794,104.967,0.3572,0.3696,0.3634,0.434,0.16,NORMAL,0,0,Windows,malam
23:20:31.825,104.998,0.3572,0.3461,0.3516,0.4337,0.16,NORMAL,0,0,Windows,malam
23:20:31.856,105.029,0.3557,0.3306,0.3431,0.4183,0.16,NORMAL,0,0,Windows,malam
23:20:31.887,105.059,0.3426,0.3306,0.3366,0.4093,0.16,NORMAL,0,0,Windows,malam
23:20:31.918,105.091,0.3385,0.3181,0.3283,0.405,0.16,NORMAL,0,0,Windows,malam
23:20:31.949,105.122,0.2523,0.2018,0.227,0.3988,0.1667,NORMAL,1,0,Windows,malam
23:20:31.980,105.153,0.2386,0.1731,0.2058,0.4028,0.1733,NORMAL,2,0,Windows,malam
23:20:32.011,105.184,0.212,0.1838,0.1979,0.4118,0.18,NORMAL,3,0,Windows,malam
23:20:32.040,105.213,0.1375,0.1213,0.1294,0.4081,0.1867,NORMAL,4,0,Windows,malam
23:20:32.073,105.246,0.1179,0.1182,0.1181,0.4051,0.1933,NORMAL,5,0,Windows,malam
23:20:32.140,105.313,0.0831,0.0979,0.0905,0.4097,0.2,NORMAL,6,0,Windows,malam
23:20:32.249,105.421,0.0889,0.1057,0.0973,0.4099,0.2067,NORMAL,7,0,Windows,malam
23:20:32.278,105.45,0.0867,0.1057,0.0962,0.4023,0.2133,NORMAL,8,0,Windows,malam
23:20:32.308,105.481,0.0867,0.1057,0.0962,0.4071,0.22,NORMAL,9,0,Windows,malam
23:20:32.343,105.516,0.0867,0.103,0.0948,0.4097,0.2267,WARNING,10,0,Windows,malam
23:20:32.370,105.543,0.079,0.1048,0.0919,0.4097,0.2333,WARNING,11,0,Windows,malam
23:20:32.402,105.575,0.079,0.1031,0.091,0.4094,0.24,WARNING,12,0,Windows,malam
23:20:32.443,105.616,0.1056,0.1275,0.1165,0.4043,0.2467,WARNING,13,0,Windows,malam
23:20:32.478,105.651,0.1378,0.1344,0.1361,0.4062,0.2533,WARNING,14,0,Windows,malam
23:20:32.535,105.708,0.2898,0.274,0.2819,0.4117,0.2533,NORMAL,0,0,Windows,malam
23:20:32.558,105.731,0.2976,0.2866,0.2921,0.4072,0.2533,NORMAL,0,0,Windows,malam
23:20:32.589,105.762,0.2915,0.31,0.3008,0.4096,0.2533,NORMAL,0,0,Windows,malam
23:20:32.621,105.794,0.2915,0.3054,0.2985,0.405,0.2533,NORMAL,0,0,Windows,malam
23:20:32.651,105.824,0.311,0.3071,0.309,0.3898,0.2533,NORMAL,0,0,Windows,malam
23:20:32.684,105.857,0.3378,0.32,0.3289,0.3864,0.2533,NORMAL,0,0,Windows,malam
23:20:32.713,105.886,0.3378,0.3327,0.3352,0.3932,0.2533,NORMAL,0,0,Windows,malam
23:20:32.744,105.917,0.2707,0.2704,0.2705,0.389,0.2533,NORMAL,0,0,Windows,malam
23:20:32.776,105.949,0.2567,0.2595,0.2581,0.3942,0.2533,NORMAL,0,0,Windows,malam
23:20:32.808,105.981,0.2701,0.268,0.269,0.3942,0.2533,NORMAL,0,0,Windows,malam
23:20:32.845,106.018,0.2566,0.279,0.2678,0.3955,0.2533,NORMAL,0,0,Windows,malam
23:20:32.872,106.045,0.2566,0.2723,0.2644,0.3989,0.2533,NORMAL,0,0,Windows,malam
23:20:32.936,106.108,0.2701,0.2576,0.2638,0.4102,0.2533,NORMAL,0,0,Windows,malam
23:20:32.967,106.14,0.2701,0.2721,0.2711,0.4011,0.2533,NORMAL,0,0,Windows,malam
23:20:32.997,106.17,0.2775,0.2721,0.2748,0.3994,0.2533,NORMAL,0,0,Windows,malam
23:20:33.028,106.201,0.2775,0.2721,0.2748,0.4077,0.2467,NORMAL,0,0,Windows,malam
23:20:33.061,106.234,0.2775,0.2721,0.2748,0.4062,0.24,NORMAL,0,0,Windows,malam
23:20:33.092,106.265,0.2707,0.2595,0.2651,0.4075,0.2333,NORMAL,0,0,Windows,malam
23:20:33.123,106.296,0.2707,0.2595,0.2651,0.4075,0.2267,NORMAL,0,0,Windows,malam
23:20:33.156,106.329,0.2506,0.2663,0.2585,0.4067,0.22,NORMAL,0,0,Windows,malam
23:20:33.187,106.36,0.2629,0.2663,0.2646,0.4067,0.2133,NORMAL,0,0,Windows,malam
23:20:33.217,106.39,0.27,0.274,0.272,0.405,0.2067,NORMAL,0,0,Windows,malam
23:20:33.248,106.421,0.2976,0.331,0.3143,0.4085,0.2,NORMAL,0,0,Windows,malam
23:20:33.279,106.452,0.2968,0.3071,0.3019,0.4026,0.1933,NORMAL,0,0,Windows,malam
23:20:33.352,106.525,0.3688,0.3742,0.3715,0.3991,0.1867,NORMAL,0,0,Windows,malam
23:20:33.374,106.547,0.3572,0.371,0.3641,0.4084,0.18,NORMAL,0,0,Windows,malam
23:20:33.405,106.578,0.3572,0.3831,0.3701,0.4053,0.18,NORMAL,0,0,Windows,malam
23:20:33.437,106.61,0.3572,0.371,0.3641,0.4087,0.18,NORMAL,0,0,Windows,malam
23:20:33.468,106.641,0.3819,0.384,0.383,0.4104,0.18,NORMAL,0,0,Windows,malam
23:20:33.501,106.674,0.369,0.3734,0.3712,0.405,0.18,NORMAL,0,0,Windows,malam
23:20:33.531,106.703,0.3819,0.3721,0.377,0.405,0.18,NORMAL,0,0,Windows,malam
23:20:33.561,106.734,0.369,0.3721,0.3705,0.4183,0.18,NORMAL,0,0,Windows,malam
23:20:33.593,106.765,0.369,0.3721,0.3705,0.4276,0.18,NORMAL,0,0,Windows,malam
23:20:33.624,106.796,0.3572,0.3827,0.3699,0.4257,0.18,NORMAL,0,0,Windows,malam
23:20:33.656,106.829,0.3701,0.3818,0.376,0.411,0.18,NORMAL,0,0,Windows,malam
23:20:33.688,106.861,0.3701,0.3831,0.3766,0.4055,0.18,NORMAL,0,0,Windows,malam
23:20:33.752,106.925,0.3841,0.3721,0.3781,0.4015,0.18,NORMAL,0,0,Windows,malam
23:20:33.781,106.954,0.392,0.3743,0.3832,0.3958,0.18,NORMAL,0,0,Windows,malam
23:20:33.812,106.985,0.3818,0.3756,0.3787,0.4018,0.18,NORMAL,0,0,Windows,malam
23:20:33.845,107.018,0.3818,0.3765,0.3791,0.4018,0.18,NORMAL,0,0,Windows,malam
23:20:33.876,107.049,0.3701,0.3756,0.3729,0.3944,0.18,NORMAL,0,0,Windows,malam
23:20:33.905,107.078,0.3701,0.3756,0.3729,0.4013,0.18,NORMAL,0,0,Windows,malam
23:20:33.938,107.111,0.369,0.3756,0.3723,0.3996,0.1733,NORMAL,0,0,Windows,malam
23:20:33.970,107.143,0.3818,0.3756,0.3787,0.3882,0.1667,NORMAL,0,0,Windows,malam
23:20:34.001,107.174,0.3948,0.3756,0.3852,0.3925,0.16,NORMAL,0,0,Windows,malam
23:20:34.034,107.207,0.3948,0.3756,0.3852,0.3966,0.16,NORMAL,0,0,Windows,malam
23:20:34.066,107.239,0.3948,0.3881,0.3915,0.3944,0.16,NORMAL,0,0,Windows,malam
23:20:34.095,107.268,0.3936,0.389,0.3913,0.3944,0.16,NORMAL,0,0,Windows,malam
23:20:34.127,107.3,0.3936,0.389,0.3913,0.3944,0.16,NORMAL,0,0,Windows,malam
23:20:34.158,107.33,0.3936,0.389,0.3913,0.3953,0.16,NORMAL,0,0,Windows,malam
23:20:34.187,107.36,0.3936,0.389,0.3913,0.3938,0.16,NORMAL,0,0,Windows,malam
23:20:34.221,107.394,0.3936,0.389,0.3913,0.3998,0.16,NORMAL,0,0,Windows,malam
23:20:34.252,107.425,0.3806,0.4017,0.3911,0.4026,0.16,NORMAL,0,0,Windows,malam
23:20:34.284,107.456,0.3806,0.4017,0.3911,0.4042,0.16,NORMAL,0,0,Windows,malam
23:20:34.316,107.489,0.3806,0.4017,0.3911,0.4079,0.16,NORMAL,0,0,Windows,malam
23:20:34.344,107.517,0.3948,0.3917,0.3932,0.4084,0.16,NORMAL,0,0,Windows,malam
23:20:34.378,107.551,0.3831,0.3729,0.378,0.4016,0.16,NORMAL,0,0,Windows,malam
23:20:34.410,107.583,0.3831,0.3742,0.3786,0.4036,0.16,NORMAL,0,0,Windows,malam
23:20:34.439,107.612,0.3721,0.3729,0.3725,0.4016,0.16,NORMAL,0,0,Windows,malam
23:20:34.472,107.645,0.3848,0.3729,0.3789,0.4002,0.16,NORMAL,0,0,Windows,malam
23:20:34.504,107.676,0.3948,0.3729,0.3839,0.3955,0.16,NORMAL,0,0,Windows,malam
23:20:34.552,107.725,0.3818,0.3594,0.3706,0.3926,0.16,NORMAL,0,0,Windows,malam
23:20:34.582,107.755,0.3561,0.3468,0.3514,0.386,0.16,NORMAL,0,0,Windows,malam
23:20:34.613,107.786,0.3561,0.3468,0.3514,0.3874,0.16,NORMAL,0,0,Windows,malam
23:20:34.648,107.821,0.2589,0.2271,0.243,0.4001,0.1667,NORMAL,1,0,Windows,malam
23:20:34.691,107.864,0.2388,0.2488,0.2438,0.4001,0.1733,NORMAL,2,0,Windows,malam
23:20:34.721,107.894,0.2545,0.2357,0.2451,0.4088,0.18,NORMAL,3,0,Windows,malam
23:20:34.754,107.926,0.2221,0.1677,0.1949,0.4035,0.1867,NORMAL,4,0,Windows,malam
23:20:34.786,107.959,0.1961,0.1549,0.1755,0.3979,0.1933,NORMAL,5,0,Windows,malam
23:20:34.818,107.991,0.1933,0.1676,0.1805,0.3963,0.2,NORMAL,6,0,Windows,malam
23:20:34.846,108.019,0.1338,0.1057,0.1197,0.4105,0.2067,NORMAL,7,0,Windows,malam
23:20:34.877,108.05,0.1054,0.1056,0.1055,0.4075,0.2133,NORMAL,8,0,Windows,malam
23:20:34.909,108.082,0.1054,0.079,0.0922,0.4105,0.22,NORMAL,9,0,Windows,malam
23:20:34.952,108.124,0.0789,0.103,0.091,0.4174,0.2267,WARNING,10,0,Windows,malam
23:20:34.987,108.16,0.1029,0.103,0.103,0.4089,0.2333,WARNING,11,0,Windows,malam
23:20:35.017,108.189,0.0941,0.103,0.0986,0.4046,0.24,WARNING,12,0,Windows,malam
23:20:35.047,108.22,0.0933,0.1259,0.1096,0.4065,0.2467,WARNING,13,0,Windows,malam
23:20:35.079,108.252,0.1129,0.1455,0.1292,0.4014,0.2533,WARNING,14,0,Windows,malam
23:20:35.112,108.285,0.1129,0.1541,0.1335,0.3986,0.26,WARNING,15,0,Windows,malam
23:20:35.142,108.315,0.1937,0.2277,0.2107,0.3947,0.26,WARNING,16,0,Windows,malam
23:20:35.173,108.346,0.2512,0.2425,0.2468,0.3955,0.26,WARNING,17,0,Windows,malam
23:20:35.206,108.379,0.2649,0.2663,0.2656,0.3955,0.2533,NORMAL,0,0,Windows,malam
23:20:35.239,108.411,0.3024,0.2794,0.2909,0.3936,0.2467,NORMAL,0,0,Windows,malam
23:20:35.270,108.443,0.292,0.2923,0.2922,0.3939,0.24,NORMAL,0,0,Windows,malam
23:20:35.301,108.473,0.292,0.3053,0.2986,0.3907,0.2333,NORMAL,0,0,Windows,malam
23:20:35.352,108.525,0.2782,0.2755,0.2769,0.3805,0.2267,NORMAL,0,0,Windows,malam
23:20:35.381,108.554,0.2782,0.268,0.2731,0.3864,0.22,NORMAL,0,0,Windows,malam
23:20:35.411,108.584,0.2782,0.268,0.2731,0.3875,0.2133,NORMAL,0,0,Windows,malam
23:20:35.448,108.62,0.1642,0.1888,0.1765,0.4026,0.2133,NORMAL,1,0,Windows,malam
23:20:35.474,108.647,0.134,0.2019,0.1679,0.4066,0.22,NORMAL,2,0,Windows,malam
23:20:35.506,108.679,0.1469,0.1839,0.1654,0.4026,0.2267,NORMAL,3,0,Windows,malam
23:20:35.544,108.717,0.1728,0.1964,0.1846,0.4116,0.2333,NORMAL,4,0,Windows,malam
23:20:35.568,108.741,0.1858,0.1964,0.1911,0.4116,0.24,NORMAL,5,0,Windows,malam
23:20:35.599,108.772,0.1728,0.2019,0.1874,0.4116,0.2467,NORMAL,6,0,Windows,malam
23:20:35.656,108.829,0.1849,0.2015,0.1932,0.4104,0.2533,NORMAL,7,0,Windows,malam
23:20:35.678,108.851,0.1849,0.194,0.1895,0.4104,0.26,NORMAL,8,0,Windows,malam
23:20:35.707,108.88,0.1849,0.194,0.1895,0.4067,0.2667,NORMAL,9,0,Windows,malam
23:20:35.751,108.924,0.1728,0.1964,0.1846,0.386,0.2733,WARNING,10,0,Windows,malam
23:20:35.788,108.961,0.1772,0.2091,0.1931,0.3944,0.28,WARNING,11,0,Windows,malam
23:20:35.815,108.988,0.1933,0.209,0.2012,0.3894,0.2867,WARNING,12,0,Windows,malam
23:20:35.848,109.021,0.2395,0.2295,0.2345,0.3661,0.2933,WARNING,13,0,Windows,malam
23:20:35.876,109.049,0.2154,0.2359,0.2257,0.3741,0.3,WARNING,14,0,Windows,malam
23:20:35.909,109.082,0.2251,0.2169,0.221,0.3694,0.3067,WARNING,15,0,Windows,malam
23:20:35.944,109.117,0.2417,0.2337,0.2377,0.3769,0.3133,WARNING,16,0,Windows,malam
23:20:35.971,109.144,0.2013,0.2169,0.2091,0.3933,0.32,WARNING,17,0,Windows,malam
23:20:36.005,109.178,0.1639,0.2169,0.1904,0.3955,0.3267,WARNING,18,0,Windows,malam
23:20:36.056,109.229,0.2115,0.2715,0.2415,0.3717,0.3333,WARNING,19,0,Windows,malam
23:20:36.082,109.255,0.1882,0.2087,0.1985,0.3705,0.34,DROWSY,20,0,Windows,malam
23:20:36.113,109.286,0.1882,0.2126,0.2004,0.3681,0.3467,DROWSY,21,0,Windows,malam
23:20:36.152,109.325,0.2267,0.2564,0.2415,0.3729,0.3533,DROWSY,22,0,Windows,malam
23:20:36.177,109.35,0.2009,0.2126,0.2067,0.3707,0.36,DROWSY,23,0,Windows,malam
23:20:36.207,109.38,0.2216,0.2332,0.2274,0.3671,0.3667,DROWSY,24,0,Windows,malam
23:20:36.251,109.424,0.2552,0.2737,0.2645,0.3854,0.3667,DROWSY,0,0,Windows,malam
23:20:36.286,109.459,0.2149,0.2115,0.2132,0.3845,0.3733,DROWSY,1,0,Windows,malam
23:20:36.317,109.49,0.2436,0.2561,0.2499,0.3728,0.38,DROWSY,2,0,Windows,malam
23:20:36.349,109.522,0.2733,0.2504,0.2618,0.3817,0.38,DROWSY,0,0,Windows,malam
23:20:36.381,109.554,0.2154,0.229,0.2222,0.3889,0.3867,DROWSY,1,0,Windows,malam
23:20:36.412,109.585,0.2268,0.2156,0.2212,0.3889,0.3933,DROWSY,2,0,Windows,malam
23:20:36.455,109.628,0.2389,0.2399,0.2394,0.376,0.4,DROWSY,3,0,Windows,malam
23:20:36.490,109.663,0.2394,0.2218,0.2306,0.3711,0.4067,DROWSY,4,0,Windows,malam
23:20:36.522,109.694,0.2394,0.208,0.2237,0.3719,0.4133,DROWSY,5,0,Windows,malam
23:20:36.551,109.724,0.2394,0.2532,0.2463,0.3709,0.42,DROWSY,6,0,Windows,malam
23:20:36.585,109.758,0.2564,0.2746,0.2655,0.3757,0.42,DROWSY,0,0,Windows,malam
23:20:36.616,109.789,0.2635,0.2746,0.2691,0.3676,0.42,DROWSY,0,0,Windows,malam
23:20:36.648,109.821,0.2641,0.2779,0.271,0.3826,0.42,DROWSY,0,0,Windows,malam
23:20:36.679,109.852,0.2717,0.2785,0.2751,0.3837,0.42,DROWSY,0,0,Windows,malam
23:20:36.710,109.883,0.2952,0.2785,0.2869,0.3836,0.42,DROWSY,0,0,Windows,malam
23:20:36.744,109.916,0.2952,0.2598,0.2775,0.363,0.42,DROWSY,0,0,Windows,malam
23:20:36.772,109.945,0.2869,0.3078,0.2973,0.3643,0.42,DROWSY,0,0,Windows,malam
23:20:36.806,109.979,0.2869,0.2789,0.2829,0.3693,0.42,DROWSY,0,0,Windows,malam
23:20:36.856,110.028,0.296,0.3211,0.3085,0.3829,0.42,DROWSY,0,0,Windows,malam
23:20:36.882,110.055,0.3003,0.2968,0.2986,0.3837,0.42,DROWSY,0,0,Windows,malam
23:20:36.914,110.087,0.2869,0.3028,0.2948,0.3888,0.42,DROWSY,0,0,Windows,malam
23:20:36.952,110.125,0.2968,0.296,0.2964,0.3902,0.42,DROWSY,0,0,Windows,malam
23:20:36.977,110.15,0.2934,0.296,0.2947,0.3774,0.42,DROWSY,0,0,Windows,malam
23:20:37.009,110.182,0.3094,0.296,0.3027,0.3812,0.42,DROWSY,0,0,Windows,malam
23:20:37.046,110.219,0.2834,0.2672,0.2753,0.4237,0.4133,DROWSY,0,0,Windows,malam
23:20:37.087,110.26,0.2981,0.2847,0.2914,0.4161,0.4067,DROWSY,0,0,Windows,malam
23:20:37.118,110.291,0.2941,0.2972,0.2956,0.399,0.4,DROWSY,0,0,Windows,malam
23:20:37.149,110.322,0.3164,0.3476,0.332,0.3752,0.3933,DROWSY,0,0,Windows,malam
23:20:37.181,110.354,0.3521,0.3269,0.3395,0.3946,0.3867,DROWSY,0,0,Windows,malam
23:20:37.214,110.386,0.3638,0.3432,0.3535,0.3965,0.38,DROWSY,0,0,Windows,malam
23:20:37.256,110.429,0.3576,0.3677,0.3627,0.3859,0.3733,DROWSY,0,0,Windows,malam
23:20:37.291,110.464,0.3801,0.3517,0.3659,0.3977,0.3667,DROWSY,0,0,Windows,malam
23:20:37.324,110.496,0.3801,0.3625,0.3713,0.4007,0.36,DROWSY,0,0,Windows,malam
23:20:37.352,110.524,0.3865,0.3702,0.3784,0.3978,0.3533,DROWSY,0,0,Windows,malam
23:20:37.387,110.559,0.4123,0.4022,0.4073,0.3991,0.3467,NORMAL,0,0,Windows,malam
23:20:37.417,110.59,0.401,0.4172,0.4091,0.3995,0.34,NORMAL,0,0,Windows,malam
23:20:37.448,110.62,0.401,0.4036,0.4023,0.3951,0.3333,NORMAL,0,0,Windows,malam
23:20:37.480,110.653,0.4057,0.3909,0.3983,0.3963,0.3267,NORMAL,0,0,Windows,malam
23:20:37.511,110.684,0.401,0.4022,0.4016,0.3943,0.3267,NORMAL,0,0,Windows,malam
23:20:37.543,110.716,0.4167,0.3902,0.4035,0.3926,0.3267,NORMAL,0,0,Windows,malam
23:20:37.572,110.745,0.4365,0.374,0.4053,0.4137,0.3267,NORMAL,0,0,Windows,malam
23:20:37.606,110.779,0.4207,0.3619,0.3913,0.4159,0.3267,NORMAL,0,0,Windows,malam
23:20:37.655,110.828,0.4039,0.3902,0.397,0.3859,0.3267,NORMAL,0,0,Windows,malam
23:20:37.682,110.855,0.3882,0.3996,0.3939,0.3864,0.3267,NORMAL,0,0,Windows,malam
23:20:37.714,110.886,0.4039,0.3996,0.4017,0.3945,0.3267,NORMAL,0,0,Windows,malam
23:20:37.756,110.929,0.416,0.3657,0.3908,0.413,0.3267,NORMAL,0,0,Windows,malam
23:20:37.776,110.949,0.3963,0.3638,0.38,0.4137,0.3267,NORMAL,0,0,Windows,malam
23:20:37.808,110.981,0.3963,0.3756,0.3859,0.4011,0.3267,NORMAL,0,0,Windows,malam
23:20:37.847,111.02,0.3004,0.2758,0.2881,0.4052,0.3267,NORMAL,0,0,Windows,malam
23:20:37.885,111.058,0.2705,0.2498,0.2602,0.419,0.3267,NORMAL,0,0,Windows,malam
23:20:37.917,111.09,0.2534,0.2345,0.2439,0.4373,0.3333,NORMAL,1,0,Windows,malam
23:20:37.960,111.133,0.151,0.175,0.163,0.4208,0.34,NORMAL,2,0,Windows,malam
23:20:37.996,111.169,0.1106,0.1361,0.1234,0.4238,0.3467,NORMAL,3,0,Windows,malam
23:20:38.026,111.199,0.0986,0.1136,0.1061,0.4202,0.3533,DROWSY,4,0,Windows,malam
23:20:38.056,111.228,0.1929,0.1999,0.1964,0.4163,0.36,DROWSY,5,0,Windows,malam
23:20:38.089,111.262,0.2181,0.2258,0.222,0.4045,0.3667,DROWSY,6,0,Windows,malam
23:20:38.120,111.293,0.2422,0.2258,0.234,0.4162,0.3733,DROWSY,7,0,Windows,malam
23:20:38.151,111.324,0.2713,0.2661,0.2687,0.4327,0.3733,DROWSY,0,0,Windows,malam
23:20:38.182,111.355,0.2598,0.2536,0.2567,0.4344,0.3733,DROWSY,0,0,Windows,malam
23:20:38.214,111.387,0.2598,0.2536,0.2567,0.4344,0.3733,DROWSY,0,0,Windows,malam
23:20:38.246,111.419,0.2743,0.2665,0.2704,0.4274,0.3733,DROWSY,0,0,Windows,malam
23:20:38.277,111.45,0.3136,0.3054,0.3095,0.435,0.3733,DROWSY,0,0,Windows,malam
23:20:38.309,111.482,0.3105,0.3108,0.3107,0.4238,0.3733,DROWSY,0,0,Windows,malam
23:20:38.360,111.533,0.3175,0.3089,0.3132,0.4122,0.3733,DROWSY,0,0,Windows,malam
23:20:38.388,111.561,0.3163,0.3054,0.3108,0.4071,0.3733,DROWSY,0,0,Windows,malam
23:20:38.420,111.593,0.3136,0.2901,0.3018,0.4056,0.3733,DROWSY,0,0,Windows,malam
23:20:38.456,111.629,0.2477,0.258,0.2528,0.4187,0.3733,DROWSY,0,0,Windows,malam
23:20:38.484,111.657,0.2961,0.258,0.277,0.4017,0.3733,DROWSY,0,0,Windows,malam
23:20:38.515,111.688,0.2512,0.2425,0.2469,0.4156,0.38,DROWSY,1,0,Windows,malam
23:20:38.552,111.725,0.3136,0.3288,0.3212,0.4352,0.38,DROWSY,0,0,Windows,malam
23:20:38.577,111.749,0.2858,0.3089,0.2973,0.4352,0.38,DROWSY,0,0,Windows,malam
23:20:38.608,111.781,0.2858,0.2903,0.288,0.4346,0.38,DROWSY,0,0,Windows,malam
23:20:38.647,111.82,0.292,0.3162,0.3041,0.4264,0.38,DROWSY,0,0,Windows,malam
23:20:38.670,111.842,0.292,0.3089,0.3004,0.4168,0.38,DROWSY,0,0,Windows,malam
23:20:38.703,111.876,0.292,0.3089,0.3004,0.4314,0.38,DROWSY,0,0,Windows,malam
23:20:38.764,111.937,0.3311,0.3273,0.3292,0.4241,0.38,DROWSY,0,0,Windows,malam
23:20:38.797,111.97,0.3311,0.3039,0.3175,0.4267,0.38,DROWSY,0,0,Windows,malam
23:20:38.829,112.002,0.3136,0.3123,0.313,0.4286,0.38,DROWSY,0,0,Windows,malam
23:20:38.862,112.035,0.3208,0.3054,0.3131,0.4276,0.38,DROWSY,0,0,Windows,malam
23:20:38.892,112.065,0.308,0.3108,0.3094,0.4373,0.38,DROWSY,0,0,Windows,malam
23:20:38.924,112.096,0.3208,0.3039,0.3124,0.4221,0.38,DROWSY,0,0,Windows,malam
23:20:38.952,112.125,0.403,0.365,0.384,0.4315,0.38,DROWSY,0,0,Windows,malam
23:20:38.985,112.158,0.4151,0.3725,0.3938,0.4315,0.38,DROWSY,0,0,Windows,malam
23:20:39.018,112.191,0.3874,0.3825,0.385,0.4255,0.38,DROWSY,0,0,Windows,malam
23:20:39.047,112.22,0.3826,0.3825,0.3825,0.4209,0.38,DROWSY,0,0,Windows,malam
23:20:39.078,112.25,0.3994,0.3825,0.391,0.4255,0.38,DROWSY,0,0,Windows,malam
23:20:39.113,112.286,0.3934,0.3764,0.3849,0.4223,0.38,DROWSY,0,0,Windows,malam
23:20:39.159,112.332,0.382,0.4046,0.3933,0.4288,0.38,DROWSY,0,0,Windows,malam
23:20:39.190,112.363,0.388,0.3678,0.3779,0.4576,0.38,DROWSY,0,0,Windows,malam
23:20:39.222,112.395,0.3639,0.3855,0.3747,0.4632,0.38,DROWSY,0,0,Windows,malam
23:20:39.256,112.429,0.422,0.4046,0.4133,0.4657,0.38,DROWSY,0,0,Windows,malam
23:20:39.286,112.458,0.4061,0.3876,0.3968,0.4641,0.38,DROWSY,0,0,Windows,malam
23:20:39.315,112.488,0.3841,0.3922,0.3882,0.4579,0.38,DROWSY,0,0,Windows,malam
23:20:39.352,112.525,0.4022,0.3922,0.3972,0.4188,0.38,DROWSY,0,0,Windows,malam
23:20:39.376,112.549,0.3826,0.3922,0.3874,0.4168,0.38,DROWSY,0,0,Windows,malam
23:20:39.410,112.583,0.3826,0.3922,0.3874,0.4105,0.38,DROWSY,0,0,Windows,malam
23:20:39.448,112.621,0.3965,0.3749,0.3857,0.4281,0.38,DROWSY,0,0,Windows,malam
23:20:39.471,112.644,0.3976,0.3797,0.3886,0.4289,0.38,DROWSY,0,0,Windows,malam
23:20:39.501,112.674,0.3991,0.3797,0.3894,0.4247,0.38,DROWSY,0,0,Windows,malam
23:20:39.559,112.732,0.3594,0.3567,0.3581,0.437,0.38,DROWSY,0,0,Windows,malam
23:20:39.581,112.754,0.3626,0.3622,0.3624,0.4142,0.38,DROWSY,0,0,Windows,malam
23:20:39.612,112.785,0.3604,0.36,0.3602,0.407,0.38,DROWSY,0,0,Windows,malam
23:20:39.655,112.828,0.4132,0.3589,0.3861,0.4294,0.3733,DROWSY,0,0,Windows,malam
23:20:39.692,112.865,0.3714,0.3788,0.3751,0.4266,0.3667,DROWSY,0,0,Windows,malam
23:20:39.721,112.894,0.4134,0.3735,0.3934,0.4211,0.36,DROWSY,0,0,Windows,malam
23:20:39.752,112.925,0.3813,0.3638,0.3726,0.4601,0.3533,DROWSY,0,0,Windows,malam
23:20:39.785,112.958,0.374,0.3608,0.3674,0.442,0.3467,NORMAL,0,0,Windows,malam
23:20:39.817,112.99,0.3821,0.3608,0.3715,0.442,0.34,NORMAL,0,0,Windows,malam
23:20:39.847,113.02,0.377,0.3562,0.3666,0.4235,0.3333,NORMAL,0,0,Windows,malam
23:20:39.879,113.052,0.3656,0.3733,0.3694,0.4274,0.3267,NORMAL,0,0,Windows,malam
23:20:39.912,113.085,0.3569,0.3895,0.3732,0.4215,0.32,NORMAL,0,0,Windows,malam
23:20:39.960,113.133,0.4021,0.3775,0.3898,0.4167,0.3133,NORMAL,0,0,Windows,malam
23:20:39.990,113.163,0.3964,0.3655,0.3809,0.4202,0.3067,NORMAL,0,0,Windows,malam
23:20:40.021,113.194,0.3896,0.3655,0.3775,0.4286,0.3,NORMAL,0,0,Windows,malam
23:20:40.056,113.229,0.4082,0.3917,0.4,0.4121,0.2933,NORMAL,0,0,Windows,malam
23:20:40.086,113.259,0.3966,0.3974,0.397,0.4088,0.2867,NORMAL,0,0,Windows,malam
23:20:40.117,113.29,0.3966,0.3919,0.3942,0.417,0.28,NORMAL,0,0,Windows,malam
23:20:40.152,113.325,0.414,0.4034,0.4087,0.4164,0.2733,NORMAL,0,0,Windows,malam
23:20:40.179,113.352,0.3933,0.3892,0.3913,0.3831,0.2667,NORMAL,0,0,Windows,malam
23:20:40.209,113.382,0.401,0.3997,0.4003,0.3821,0.2667,NORMAL,0,0,Windows,malam
23:20:40.264,113.436,0.4687,0.4101,0.4394,0.4125,0.2667,NORMAL,0,0,Windows,malam
23:20:40.288,113.461,0.4547,0.4082,0.4314,0.4124,0.2667,NORMAL,0,0,Windows,malam
23:20:40.319,113.492,0.4547,0.4363,0.4455,0.4237,0.2667,NORMAL,0,0,Windows,malam
23:20:40.359,113.532,0.4585,0.4019,0.4302,0.4166,0.2667,NORMAL,0,0,Windows,malam
23:20:40.380,113.553,0.4638,0.428,0.4459,0.4108,0.2667,NORMAL,0,0,Windows,malam
23:20:40.412,113.585,0.4569,0.4237,0.4403,0.4084,0.2667,NORMAL,0,0,Windows,malam
23:20:40.456,113.629,0.4655,0.4222,0.4438,0.4061,0.26,NORMAL,0,0,Windows,malam
23:20:40.490,113.663,0.4689,0.4387,0.4538,0.4125,0.2533,NORMAL,0,0,Windows,malam
23:20:40.524,113.697,0.4575,0.4141,0.4358,0.4084,0.2467,NORMAL,0,0,Windows,malam
23:20:40.553,113.726,0.4142,0.3618,0.388,0.4069,0.24,NORMAL,0,0,Windows,malam
23:20:40.588,113.761,0.4256,0.3995,0.4125,0.4077,0.2333,NORMAL,0,0,Windows,malam
23:20:40.618,113.791,0.4277,0.3849,0.4063,0.4127,0.2267,NORMAL,0,0,Windows,malam
23:20:40.663,113.836,0.3782,0.3256,0.3519,0.4194,0.22,NORMAL,0,0,Windows,malam
23:20:40.697,113.869,0.3382,0.3221,0.3302,0.4126,0.2133,NORMAL,0,0,Windows,malam
23:20:40.730,113.903,0.3391,0.3123,0.3257,0.4163,0.2067,NORMAL,0,0,Windows,malam
23:20:40.760,113.933,0.3365,0.3088,0.3227,0.4097,0.2,NORMAL,0,0,Windows,malam
23:20:40.792,113.965,0.369,0.3274,0.3482,0.4004,0.1933,NORMAL,0,0,Windows,malam
23:20:40.825,113.998,0.3562,0.3274,0.3418,0.3984,0.1867,NORMAL,0,0,Windows,malam
23:20:40.856,114.029,0.3735,0.3672,0.3704,0.4034,0.18,NORMAL,0,0,Windows,malam
23:20:40.886,114.059,0.3784,0.3418,0.3601,0.3989,0.1733,NORMAL,0,0,Windows,malam
23:20:40.918,114.091,0.3784,0.3477,0.3631,0.4,0.1667,NORMAL,0,0,Windows,malam
23:20:40.951,114.124,0.3338,0.3009,0.3174,0.4015,0.16,NORMAL,0,0,Windows,malam
23:20:40.977,114.15,0.3311,0.3175,0.3243,0.4044,0.1533,NORMAL,0,0,Windows,malam
23:20:41.011,114.183,0.3222,0.3106,0.3164,0.3977,0.1467,NORMAL,0,0,Windows,malam
23:20:41.065,114.238,0.3459,0.3539,0.3499,0.3934,0.14,NORMAL,0,0,Windows,malam
23:20:41.089,114.262,0.369,0.3524,0.3607,0.3868,0.1333,NORMAL,0,0,Windows,malam
23:20:41.121,114.293,0.3815,0.3439,0.3627,0.3868,0.1267,NORMAL,0,0,Windows,malam
23:20:41.163,114.336,0.3953,0.379,0.3871,0.4018,0.12,NORMAL,0,0,Windows,malam
23:20:41.197,114.37,0.3804,0.3702,0.3753,0.4063,0.1133,NORMAL,0,0,Windows,malam
23:20:41.230,114.403,0.3984,0.3599,0.3791,0.4103,0.1067,NORMAL,0,0,Windows,malam
23:20:41.257,114.429,0.4072,0.3723,0.3898,0.4049,0.1067,NORMAL,0,0,Windows,malam
23:20:41.293,114.466,0.3849,0.3723,0.3786,0.4045,0.1,NORMAL,0,0,Windows,malam
23:20:41.321,114.494,0.3849,0.3723,0.3786,0.4002,0.0933,NORMAL,0,0,Windows,malam
23:20:41.352,114.524,0.3849,0.3849,0.3849,0.4075,0.0933,NORMAL,0,0,Windows,malam
23:20:41.385,114.558,0.3994,0.3849,0.3922,0.4124,0.0867,NORMAL,0,0,Windows,malam
23:20:41.416,114.589,0.3965,0.3849,0.3907,0.4156,0.08,NORMAL,0,0,Windows,malam
23:20:41.464,114.637,0.4188,0.391,0.4049,0.4185,0.0733,NORMAL,0,0,Windows,malam
23:20:41.496,114.668,0.4072,0.3822,0.3947,0.4201,0.0667,NORMAL,0,0,Windows,malam
23:20:41.526,114.699,0.431,0.3945,0.4127,0.4161,0.06,NORMAL,0,0,Windows,malam
23:20:41.559,114.731,0.4195,0.3684,0.394,0.4265,0.0533,NORMAL,0,0,Windows,malam
23:20:41.589,114.761,0.3921,0.3531,0.3726,0.4241,0.0533,NORMAL,0,0,Windows,malam
23:20:41.619,114.792,0.3796,0.3403,0.3599,0.4228,0.0533,NORMAL,0,0,Windows,malam
23:20:41.655,114.828,0.1525,0.1307,0.1416,0.4231,0.06,NORMAL,1,0,Windows,malam
23:20:41.683,114.856,0.1216,0.1027,0.1121,0.4305,0.0667,NORMAL,2,0,Windows,malam
23:20:41.714,114.887,0.0726,0.0905,0.0816,0.4375,0.0733,NORMAL,3,0,Windows,malam
23:20:41.752,114.925,0.1374,0.1527,0.145,0.4266,0.08,NORMAL,4,0,Windows,malam
23:20:41.777,114.95,0.1538,0.1502,0.152,0.4339,0.0867,NORMAL,5,0,Windows,malam
23:20:41.810,114.983,0.1581,0.1652,0.1617,0.4254,0.0933,NORMAL,6,0,Windows,malam
23:20:41.863,115.036,0.2292,0.2087,0.219,0.4376,0.1,NORMAL,7,0,Windows,malam
23:20:41.886,115.059,0.2487,0.2079,0.2283,0.4337,0.1067,NORMAL,8,0,Windows,malam
23:20:41.920,115.093,0.2613,0.2079,0.2346,0.4337,0.1133,NORMAL,9,0,Windows,malam
23:20:41.959,115.132,0.3396,0.2955,0.3175,0.4287,0.1133,NORMAL,0,0,Windows,malam
23:20:41.983,115.156,0.3371,0.3072,0.3222,0.4349,0.1133,NORMAL,0,0,Windows,malam
23:20:42.015,115.188,0.3043,0.3098,0.3071,0.437,0.1133,NORMAL,0,0,Windows,malam
23:20:42.054,115.227,0.3524,0.3234,0.3379,0.4302,0.1133,NORMAL,0,0,Windows,malam
23:20:42.080,115.253,0.369,0.2987,0.3339,0.4302,0.1133,NORMAL,0,0,Windows,malam
23:20:42.108,115.281,0.3569,0.2982,0.3275,0.4301,0.1133,NORMAL,0,0,Windows,malam
23:20:42.167,115.34,0.3516,0.2958,0.3237,0.429,0.1133,NORMAL,0,0,Windows,malam
23:20:42.204,115.377,0.3599,0.3026,0.3313,0.4216,0.1133,NORMAL,0,0,Windows,malam
23:20:42.235,115.408,0.3504,0.3082,0.3293,0.4184,0.1133,NORMAL,0,0,Windows,malam
23:20:42.263,115.435,0.3074,0.2372,0.2723,0.4098,0.1133,NORMAL,0,0,Windows,malam
23:20:42.297,115.47,0.3149,0.2189,0.2669,0.4131,0.1133,NORMAL,0,0,Windows,malam
23:20:42.329,115.502,0.294,0.2265,0.2603,0.4,0.1133,NORMAL,0,0,Windows,malam
23:20:42.364,115.537,0.1834,0.1677,0.1756,0.4041,0.12,NORMAL,1,0,Windows,malam
23:20:42.392,115.565,0.1772,0.1426,0.1599,0.4151,0.1267,NORMAL,2,0,Windows,malam
23:20:42.424,115.596,0.1625,0.1185,0.1405,0.4126,0.1333,NORMAL,3,0,Windows,malam
23:20:42.456,115.629,0.139,0.1114,0.1252,0.4013,0.14,NORMAL,4,0,Windows,malam
23:20:42.485,115.658,0.0965,0.0929,0.0947,0.3957,0.1467,NORMAL,5,0,Windows,malam
23:20:42.517,115.69,0.1152,0.0806,0.0979,0.3954,0.1533,NORMAL,6,0,Windows,malam
23:20:42.568,115.741,0.0696,0.073,0.0713,0.3915,0.16,NORMAL,7,0,Windows,malam
23:20:42.596,115.769,0.0867,0.0705,0.0786,0.3941,0.1667,NORMAL,8,0,Windows,malam
23:20:42.629,115.801,0.0991,0.0869,0.093,0.3954,0.1733,NORMAL,9,0,Windows,malam
23:20:42.662,115.835,0.0738,0.0985,0.0861,0.3929,0.18,WARNING,10,0,Windows,malam
23:20:42.691,115.864,0.0918,0.0862,0.089,0.3913,0.1867,WARNING,11,0,Windows,malam
23:20:42.721,115.894,0.0883,0.0789,0.0836,0.3913,0.1933,WARNING,12,0,Windows,malam
23:20:42.760,115.932,0.0776,0.0991,0.0884,0.3939,0.2,WARNING,13,0,Windows,malam
23:20:42.784,115.957,0.0855,0.1211,0.1033,0.4078,0.2067,WARNING,14,0,Windows,malam
23:20:42.816,115.989,0.0776,0.1224,0.1,0.4151,0.2133,WARNING,15,0,Windows,malam
23:20:42.856,116.029,0.1042,0.1371,0.1207,0.4142,0.22,WARNING,16,0,Windows,malam
23:20:42.893,116.066,0.0855,0.1135,0.0995,0.41,0.2267,WARNING,17,0,Windows,malam
23:20:42.924,116.097,0.1042,0.1135,0.1089,0.4119,0.2267,WARNING,18,0,Windows,malam
23:20:42.968,116.14,0.0992,0.1077,0.1035,0.4003,0.2267,WARNING,19,0,Windows,malam
23:20:43.004,116.177,0.1047,0.116,0.1104,0.3943,0.2267,DROWSY,20,0,Windows,malam
23:20:43.036,116.209,0.0896,0.0913,0.0904,0.3913,0.2267,DROWSY,21,0,Windows,malam
23:20:43.065,116.238,0.2429,0.1486,0.1958,0.378,0.2267,DROWSY,22,0,Windows,malam
23:20:43.098,116.271,0.2547,0.1607,0.2077,0.3883,0.2267,DROWSY,23,0,Windows,malam
23:20:43.127,116.3,0.2615,0.1741,0.2178,0.3876,0.2267,DROWSY,24,0,Windows,malam
23:20:43.165,116.338,0.372,0.3139,0.3429,0.3789,0.2267,NORMAL,0,0,Windows,malam
23:20:43.192,116.364,0.38,0.3637,0.3718,0.382,0.2267,NORMAL,0,0,Windows,malam
23:20:43.221,116.394,0.3923,0.3812,0.3868,0.3802,0.2267,NORMAL,0,0,Windows,malam
23:20:43.256,116.429,0.3802,0.3957,0.388,0.3993,0.2267,NORMAL,0,0,Windows,malam
23:20:43.286,116.458,0.3923,0.3811,0.3867,0.3912,0.2267,NORMAL,0,0,Windows,malam
23:20:43.316,116.489,0.382,0.3671,0.3745,0.398,0.2267,NORMAL,0,0,Windows,malam
23:20:43.370,116.543,0.3154,0.2206,0.268,0.3887,0.2267,NORMAL,0,0,Windows,malam
23:20:43.395,116.568,0.2858,0.1629,0.2244,0.3877,0.2333,NORMAL,1,0,Windows,malam
23:20:43.426,116.598,0.2477,0.1484,0.198,0.3868,0.24,NORMAL,2,0,Windows,malam
23:20:43.464,116.637,0.2966,0.2758,0.2862,0.39,0.24,NORMAL,0,0,Windows,malam
23:20:43.488,116.661,0.3109,0.2685,0.2897,0.3932,0.24,NORMAL,0,0,Windows,malam
23:20:43.518,116.691,0.2986,0.2537,0.2762,0.3981,0.2333,NORMAL,0,0,Windows,malam
23:20:43.561,116.734,0.3629,0.3492,0.3561,0.4141,0.2333,NORMAL,0,0,Windows,malam
23:20:43.584,116.756,0.3831,0.3648,0.374,0.4029,0.2333,NORMAL,0,0,Windows,malam
23:20:43.616,116.789,0.3703,0.3744,0.3723,0.4029,0.2333,NORMAL,0,0,Windows,malam
23:20:43.655,116.828,0.3612,0.3426,0.3519,0.3963,0.2333,NORMAL,0,0,Windows,malam
23:20:43.678,116.851,0.3552,0.3242,0.3397,0.4076,0.2333,NORMAL,0,0,Windows,malam
23:20:43.709,116.882,0.3493,0.3375,0.3434,0.4062,0.2333,NORMAL,0,0,Windows,malam
23:20:43.768,116.941,0.3523,0.3171,0.3347,0.3942,0.2333,NORMAL,0,0,Windows,malam
23:20:43.802,116.975,0.3389,0.3302,0.3346,0.3998,0.2333,NORMAL,0,0,Windows,malam
23:20:43.835,117.008,0.3513,0.3171,0.3342,0.3991,0.2333,NORMAL,0,0,Windows,malam
23:20:43.864,117.037,0.3369,0.3266,0.3317,0.4063,0.2333,NORMAL,0,0,Windows,malam
23:20:43.899,117.071,0.3564,0.3351,0.3458,0.4087,0.2333,NORMAL,0,0,Windows,malam
23:20:43.929,117.102,0.3343,0.3357,0.335,0.4151,0.2333,NORMAL,0,0,Windows,malam
23:20:43.959,117.132,0.333,0.3307,0.3318,0.4128,0.2333,NORMAL,0,0,Windows,malam
23:20:43.994,117.166,0.3451,0.3252,0.3351,0.4086,0.2333,NORMAL,0,0,Windows,malam
23:20:44.025,117.198,0.354,0.3175,0.3358,0.4056,0.2333,NORMAL,0,0,Windows,malam
23:20:44.056,117.229,0.3602,0.3085,0.3343,0.4141,0.2333,NORMAL,0,0,Windows,malam
23:20:44.088,117.26,0.3663,0.3224,0.3444,0.4123,0.2333,NORMAL,0,0,Windows,malam
23:20:44.119,117.292,0.348,0.3251,0.3366,0.4025,0.2333,NORMAL,0,0,Windows,malam
23:20:44.168,117.34,0.356,0.3326,0.3443,0.4046,0.2333,NORMAL,0,0,Windows,malam
23:20:44.196,117.369,0.351,0.3342,0.3426,0.4016,0.2333,NORMAL,0,0,Windows,malam
23:20:44.229,117.402,0.3423,0.3299,0.3361,0.4127,0.2333,NORMAL,0,0,Windows,malam
23:20:44.264,117.436,0.3466,0.3228,0.3347,0.3998,0.2333,NORMAL,0,0,Windows,malam
23:20:44.291,117.464,0.3623,0.3299,0.3461,0.3933,0.2333,NORMAL,0,0,Windows,malam
23:20:44.324,117.497,0.349,0.3442,0.3466,0.3871,0.2333,NORMAL,0,0,Windows,malam
23:20:44.361,117.534,0.3527,0.3487,0.3507,0.3931,0.2333,NORMAL,0,0,Windows,malam
23:20:44.385,117.558,0.3608,0.3606,0.3607,0.3961,0.2333,NORMAL,0,0,Windows,malam
23:20:44.418,117.59,0.3714,0.3442,0.3578,0.4032,0.2333,NORMAL,0,0,Windows,malam
23:20:44.470,117.643,0.3354,0.2749,0.3051,0.4071,0.2333,NORMAL,0,0,Windows,malam
23:20:44.496,117.668,0.3458,0.2749,0.3104,0.4034,0.2333,NORMAL,0,0,Windows,malam
23:20:44.526,117.699,0.3214,0.2887,0.305,0.4043,0.2333,NORMAL,0,0,Windows,malam
23:20:44.568,117.741,0.1392,0.1265,0.1329,0.3981,0.24,NORMAL,1,0,Windows,malam
23:20:44.606,117.779,0.1263,0.1161,0.1212,0.4024,0.2467,NORMAL,2,0,Windows,malam
23:20:44.636,117.809,0.1038,0.1205,0.1121,0.4057,0.2533,NORMAL,3,0,Windows,malam
23:20:44.669,117.841,0.0728,0.0939,0.0833,0.3893,0.26,NORMAL,4,0,Windows,malam
23:20:44.700,117.873,0.0697,0.0939,0.0818,0.3899,0.2667,NORMAL,5,0,Windows,malam
23:20:44.732,117.905,0.0709,0.0703,0.0706,0.3928,0.2733,NORMAL,6,0,Windows,malam
23:20:44.763,117.936,0.1284,0.1243,0.1263,0.3897,0.28,NORMAL,7,0,Windows,malam
23:20:44.794,117.967,0.1229,0.1225,0.1227,0.3912,0.2867,NORMAL,8,0,Windows,malam
23:20:44.825,117.998,0.1229,0.1117,0.1173,0.3803,0.2933,NORMAL,9,0,Windows,malam
23:20:44.871,118.044,0.2497,0.2884,0.269,0.3831,0.2933,NORMAL,0,0,Windows,malam
23:20:44.901,118.074,0.2894,0.3014,0.2954,0.385,0.2933,NORMAL,0,0,Windows,malam
23:20:44.934,118.107,0.2888,0.3266,0.3077,0.3906,0.2933,NORMAL,0,0,Windows,malam
23:20:44.967,118.14,0.3115,0.319,0.3153,0.3869,0.2933,NORMAL,0,0,Windows,malam
23:20:44.997,118.17,0.3162,0.3237,0.32,0.3991,0.2933,NORMAL,0,0,Windows,malam
23:20:45.027,118.2,0.3075,0.3237,0.3156,0.3933,0.2933,NORMAL,0,0,Windows,malam
23:20:45.066,118.239,0.3162,0.3333,0.3248,0.3945,0.2933,NORMAL,0,0,Windows,malam
23:20:45.090,118.262,0.3115,0.3194,0.3154,0.3883,0.2933,NORMAL,0,0,Windows,malam
23:20:45.120,118.293,0.3162,0.3107,0.3134,0.39,0.2933,NORMAL,0,0,Windows,malam
23:20:45.160,118.333,0.3156,0.3069,0.3112,0.3794,0.2933,NORMAL,0,0,Windows,malam
23:20:45.184,118.357,0.3109,0.319,0.3149,0.3813,0.2933,NORMAL,0,0,Windows,malam
23:20:45.215,118.388,0.3109,0.3158,0.3133,0.3755,0.2933,NORMAL,0,0,Windows,malam
23:20:45.272,118.445,0.3043,0.3252,0.3147,0.379,0.2933,NORMAL,0,0,Windows,malam
23:20:45.292,118.465,0.3221,0.3239,0.323,0.3913,0.2933,NORMAL,0,0,Windows,malam
23:20:45.325,118.498,0.3224,0.3252,0.3238,0.3889,0.2933,NORMAL,0,0,Windows,malam
23:20:45.369,118.542,0.3101,0.3298,0.32,0.3839,0.2933,NORMAL,0,0,Windows,malam
23:20:45.401,118.574,0.3135,0.3266,0.32,0.3861,0.2933,NORMAL,0,0,Windows,malam
23:20:45.431,118.604,0.3135,0.333,0.3233,0.382,0.2933,NORMAL,0,0,Windows,malam
23:20:45.463,118.636,0.294,0.3069,0.3004,0.3789,0.2933,NORMAL,0,0,Windows,malam
23:20:45.497,118.67,0.3126,0.3132,0.3129,0.3853,0.2933,NORMAL,0,0,Windows,malam
23:20:45.527,118.7,0.3262,0.3132,0.3197,0.3761,0.2933,NORMAL,0,0,Windows,malam
23:20:45.560,118.733,0.3251,0.333,0.3291,0.3596,0.2933,NORMAL,0,0,Windows,malam
23:20:45.590,118.763,0.3174,0.3237,0.3205,0.3621,0.2933,NORMAL,0,0,Windows,malam
23:20:45.621,118.794,0.3262,0.3205,0.3234,0.3575,0.2933,NORMAL,0,0,Windows,malam
23:20:45.654,118.827,0.3018,0.3214,0.3116,0.3585,0.2933,NORMAL,0,0,Windows,malam
23:20:45.685,118.858,0.2434,0.2015,0.2225,0.3601,0.3,NORMAL,1,0,Windows,malam
23:20:45.717,118.89,0.2312,0.2066,0.2189,0.3545,0.3067,NORMAL,2,0,Windows,malam
23:20:45.767,118.94,0.2268,0.1755,0.2012,0.3654,0.3133,NORMAL,3,0,Windows,malam
23:20:45.796,118.969,0.2183,0.1755,0.1969,0.3633,0.32,NORMAL,4,0,Windows,malam
23:20:45.827,119.0,0.2183,0.1799,0.1991,0.3655,0.3267,NORMAL,5,0,Windows,malam
23:20:45.865,119.038,0.2744,0.2725,0.2734,0.3616,0.3267,NORMAL,0,0,Windows,malam
23:20:45.906,119.078,0.3029,0.2784,0.2906,0.36,0.3267,NORMAL,0,0,Windows,malam
23:20:45.937,119.11,0.3027,0.2919,0.2973,0.3691,0.3267,NORMAL,0,0,Windows,malam
23:20:45.968,119.141,0.316,0.3242,0.3201,0.3621,0.3267,NORMAL,0,0,Windows,malam
23:20:46.072,119.245,0.328,0.3418,0.3349,0.3824,0.3267,NORMAL,0,0,Windows,malam
23:20:46.096,119.269,0.3122,0.3286,0.3204,0.3751,0.3267,NORMAL,0,0,Windows,malam
23:20:46.167,119.339,0.3286,0.3114,0.32,0.386,0.3267,NORMAL,0,0,Windows,malam
23:20:46.190,119.363,0.3195,0.3201,0.3198,0.3789,0.3267,NORMAL,0,0,Windows,malam
23:20:46.223,119.396,0.3112,0.3201,0.3156,0.3766,0.3267,NORMAL,0,0,Windows,malam
23:20:46.262,119.435,0.1216,0.0908,0.1062,0.3823,0.3333,NORMAL,1,0,Windows,malam
23:20:46.283,119.456,0.0966,0.0516,0.0741,0.3869,0.34,NORMAL,2,0,Windows,malam
23:20:46.317,119.49,0.0966,0.0545,0.0755,0.386,0.3467,NORMAL,3,0,Windows,malam
23:20:46.361,119.534,0.079,0.0357,0.0574,0.3779,0.3533,DROWSY,4,0,Windows,malam
23:20:46.393,119.566,0.079,0.0406,0.0598,0.3735,0.36,DROWSY,5,0,Windows,malam
23:20:46.424,119.596,0.0658,0.0545,0.0602,0.3735,0.3667,DROWSY,6,0,Windows,malam
23:20:46.457,119.629,0.0658,0.0445,0.0552,0.3735,0.3733,DROWSY,7,0,Windows,malam
23:20:46.490,119.663,0.1653,0.1503,0.1578,0.3803,0.38,DROWSY,8,0,Windows,malam
23:20:46.521,119.694,0.2177,0.2069,0.2123,0.3817,0.3867,DROWSY,9,0,Windows,malam
23:20:46.567,119.74,0.2736,0.2747,0.2742,0.3767,0.3867,DROWSY,0,0,Windows,malam
23:20:46.600,119.773,0.2864,0.299,0.2927,0.3755,0.3867,DROWSY,0,0,Windows,malam
23:20:46.630,119.803,0.2992,0.2902,0.2947,0.3733,0.3867,DROWSY,0,0,Windows,malam
23:20:46.664,119.837,0.312,0.3202,0.3161,0.3706,0.3867,DROWSY,0,0,Windows,malam
23:20:46.694,119.867,0.3164,0.3284,0.3224,0.3706,0.3867,DROWSY,0,0,Windows,malam
23:20:46.725,119.898,0.3164,0.3156,0.316,0.3668,0.3867,DROWSY,0,0,Windows,malam
23:20:46.776,119.949,0.3466,0.3286,0.3376,0.3661,0.38,DROWSY,0,0,Windows,malam
23:20:46.806,119.979,0.329,0.3418,0.3354,0.3694,0.3733,DROWSY,0,0,Windows,malam
23:20:46.837,120.009,0.3286,0.3329,0.3308,0.3755,0.3667,DROWSY,0,0,Windows,malam
23:20:46.868,120.041,0.32,0.3418,0.3309,0.3801,0.36,DROWSY,0,0,Windows,malam
23:20:46.901,120.074,0.3339,0.3201,0.327,0.3727,0.3533,DROWSY,0,0,Windows,malam
23:20:46.930,120.103,0.3415,0.3303,0.3359,0.3727,0.3467,NORMAL,0,0,Windows,malam
23:20:46.968,120.14,0.3469,0.3329,0.3399,0.3733,0.34,NORMAL,0,0,Windows,malam
23:20:46.992,120.165,0.3469,0.3288,0.3379,0.3811,0.3333,NORMAL,0,0,Windows,malam
23:20:47.024,120.197,0.3507,0.3288,0.3398,0.3811,0.3267,NORMAL,0,0,Windows,malam
23:20:47.062,120.235,0.3469,0.3418,0.3444,0.3715,0.3267,NORMAL,0,0,Windows,malam
23:20:47.088,120.261,0.3597,0.3317,0.3457,0.3805,0.3267,NORMAL,0,0,Windows,malam
23:20:47.117,120.29,0.3463,0.3446,0.3454,0.3663,0.3267,NORMAL,0,0,Windows,malam
23:20:47.177,120.349,0.3409,0.3459,0.3434,0.3825,0.3267,NORMAL,0,0,Windows,malam
23:20:47.212,120.385,0.3463,0.3585,0.3524,0.3857,0.3267,NORMAL,0,0,Windows,malam
23:20:47.241,120.414,0.3463,0.3585,0.3524,0.3857,0.3267,NORMAL,0,0,Windows,malam
23:20:47.271,120.444,0.3501,0.3585,0.3543,0.3878,0.3267,NORMAL,0,0,Windows,malam
23:20:47.303,120.476,0.3632,0.3528,0.358,0.378,0.3267,NORMAL,0,0,Windows,malam
23:20:47.334,120.507,0.3569,0.3393,0.3481,0.3764,0.3267,NORMAL,0,0,Windows,malam
23:20:47.366,120.539,0.3595,0.3699,0.3647,0.3682,0.3267,NORMAL,0,0,Windows,malam
23:20:47.398,120.57,0.3604,0.3456,0.353,0.3704,0.3267,NORMAL,0,0,Windows,malam
23:20:47.428,120.601,0.3503,0.3481,0.3492,0.3767,0.3267,NORMAL,0,0,Windows,malam
23:20:47.464,120.636,0.3507,0.3459,0.3483,0.3896,0.32,NORMAL,0,0,Windows,malam
23:20:47.492,120.665,0.3419,0.3329,0.3374,0.3863,0.3133,NORMAL,0,0,Windows,malam
23:20:47.523,120.696,0.3419,0.3315,0.3367,0.3843,0.3067,NORMAL,0,0,Windows,malam
23:20:47.576,120.749,0.3643,0.3432,0.3537,0.38,0.3,NORMAL,0,0,Windows,malam
23:20:47.601,120.774,0.3705,0.3389,0.3547,0.3819,0.2933,NORMAL,0,0,Windows,malam
23:20:47.632,120.805,0.3477,0.3389,0.3433,0.3894,0.2867,NORMAL,0,0,Windows,malam
23:20:47.663,120.836,0.3477,0.3362,0.342,0.3894,0.28,NORMAL,0,0,Windows,malam
23:20:47.697,120.87,0.33,0.3344,0.3322,0.392,0.2733,NORMAL,0,0,Windows,malam
23:20:47.726,120.899,0.3342,0.3344,0.3343,0.3946,0.2667,NORMAL,0,0,Windows,malam
23:20:47.769,120.942,0.3608,0.3358,0.3483,0.3978,0.26,NORMAL,0,0,Windows,malam
23:20:47.806,120.979,0.3477,0.3378,0.3428,0.4072,0.2533,NORMAL,0,0,Windows,malam
23:20:47.837,121.01,0.3342,0.3511,0.3427,0.4049,0.2467,NORMAL,0,0,Windows,malam
23:20:47.862,121.035,0.3477,0.3378,0.3428,0.4042,0.24,NORMAL,0,0,Windows,malam
23:20:47.884,121.056,0.3477,0.3242,0.336,0.3954,0.2333,NORMAL,0,0,Windows,malam
23:20:47.913,121.086,0.3477,0.3242,0.336,0.3937,0.2267,NORMAL,0,0,Windows,malam
23:20:47.948,121.121,0.3477,0.3242,0.336,0.3905,0.22,NORMAL,0,0,Windows,malam
23:20:47.975,121.148,0.3435,0.3242,0.3339,0.3991,0.2133,NORMAL,0,0,Windows,malam
23:20:48.010,121.183,0.3435,0.3242,0.3339,0.3866,0.2067,NORMAL,0,0,Windows,malam
23:20:48.041,121.214,0.339,0.3242,0.3316,0.3891,0.2,NORMAL,0,0,Windows,malam
23:20:48.076,121.248,0.339,0.3242,0.3316,0.3989,0.1933,NORMAL,0,0,Windows,malam
23:20:48.103,121.276,0.3434,0.3242,0.3338,0.3957,0.1867,NORMAL,0,0,Windows,malam
23:20:48.168,121.341,0.3572,0.3497,0.3534,0.3959,0.18,NORMAL,0,0,Windows,malam
23:20:48.199,121.372,0.3572,0.3481,0.3527,0.3959,0.1733,NORMAL,0,0,Windows,malam
23:20:48.232,121.405,0.3568,0.3481,0.3525,0.3959,0.1667,NORMAL,0,0,Windows,malam
23:20:48.263,121.436,0.3434,0.3375,0.3404,0.4016,0.1667,NORMAL,0,0,Windows,malam
23:20:48.296,121.469,0.3473,0.3375,0.3424,0.3898,0.1667,NORMAL,0,0,Windows,malam
23:20:48.342,121.515,0.3431,0.3483,0.3457,0.3941,0.1667,NORMAL,0,0,Windows,malam
23:20:48.374,121.547,0.3431,0.3483,0.3457,0.3941,0.1667,NORMAL,0,0,Windows,malam
23:20:48.406,121.579,0.3431,0.3483,0.3457,0.3916,0.1667,NORMAL,0,0,Windows,malam
23:20:48.437,121.61,0.3296,0.3347,0.3322,0.3762,0.1667,NORMAL,0,0,Windows,malam
23:20:48.469,121.642,0.329,0.3347,0.3319,0.3708,0.1667,NORMAL,0,0,Windows,malam
23:20:48.498,121.671,0.3469,0.3483,0.3476,0.3949,0.16,NORMAL,0,0,Windows,malam
23:20:48.531,121.704,0.3577,0.3361,0.3469,0.3924,0.1533,NORMAL,0,0,Windows,malam
23:20:48.567,121.74,0.3438,0.3358,0.3398,0.3816,0.1533,NORMAL,0,0,Windows,malam
23:20:48.593,121.766,0.33,0.3242,0.3271,0.3813,0.1533,NORMAL,0,0,Windows,malam
23:20:48.626,121.799,0.33,0.333,0.3315,0.3771,0.1533,NORMAL,0,0,Windows,malam
23:20:48.664,121.837,0.3439,0.3467,0.3453,0.3831,0.1533,NORMAL,0,0,Windows,malam
23:20:48.687,121.859,0.3439,0.333,0.3385,0.3895,0.1533,NORMAL,0,0,Windows,malam
23:20:48.719,121.892,0.3439,0.3347,0.3393,0.3895,0.1533,NORMAL,0,0,Windows,malam
23:20:48.750,121.922,0.3439,0.3347,0.3393,0.3895,0.1533,NORMAL,0,0,Windows,malam
23:20:48.780,121.953,0.3377,0.3362,0.337,0.3899,0.1533,NORMAL,0,0,Windows,malam
23:20:48.812,121.985,0.3377,0.3453,0.3415,0.3851,0.1533,NORMAL,0,0,Windows,malam
23:20:48.842,122.014,0.3513,0.3497,0.3505,0.3899,0.1533,NORMAL,0,0,Windows,malam
23:20:48.875,122.048,0.3377,0.3408,0.3393,0.3864,0.1533,NORMAL,0,0,Windows,malam
23:20:48.907,122.08,0.3251,0.3229,0.324,0.3913,0.1533,NORMAL,0,0,Windows,malam
23:20:48.968,122.141,0.3381,0.3229,0.3305,0.391,0.1533,NORMAL,0,0,Windows,malam
23:20:49.001,122.173,0.3381,0.3225,0.3303,0.3991,0.1533,NORMAL,0,0,Windows,malam
23:20:49.032,122.204,0.325,0.3225,0.3238,0.3944,0.1533,NORMAL,0,0,Windows,malam
23:20:49.080,122.253,0.343,0.3344,0.3387,0.3916,0.1533,NORMAL,0,0,Windows,malam
23:20:49.110,122.283,0.3377,0.3181,0.3279,0.3962,0.1533,NORMAL,0,0,Windows,malam
23:20:49.142,122.315,0.3248,0.311,0.3179,0.401,0.1533,NORMAL,0,0,Windows,malam
23:20:49.173,122.346,0.3251,0.311,0.3181,0.401,0.1533,NORMAL,0,0,Windows,malam
23:20:49.204,122.377,0.3209,0.3242,0.3226,0.3899,0.1533,NORMAL,0,0,Windows,malam
23:20:49.234,122.407,0.343,0.3375,0.3402,0.3928,0.1533,NORMAL,0,0,Windows,malam
23:20:49.267,122.44,0.3434,0.3361,0.3397,0.3971,0.1533,NORMAL,0,0,Windows,malam
23:20:49.297,122.47,0.3381,0.3246,0.3313,0.3873,0.1533,NORMAL,0,0,Windows,malam
23:20:49.330,122.503,0.3381,0.3347,0.3364,0.383,0.1533,NORMAL,0,0,Windows,malam
23:20:49.367,122.54,0.312,0.3107,0.3113,0.3891,0.1533,NORMAL,0,0,Windows,malam
23:20:49.391,122.564,0.3251,0.3242,0.3247,0.3945,0.1533,NORMAL,0,0,Windows,malam
23:20:49.423,122.596,0.3251,0.3375,0.3313,0.394,0.1533,NORMAL,0,0,Windows,malam
23:20:49.480,122.653,0.3251,0.3156,0.3204,0.3924,0.1533,NORMAL,0,0,Windows,malam
23:20:49.503,122.676,0.3213,0.3166,0.3189,0.3939,0.1533,NORMAL,0,0,Windows,malam
23:20:49.534,122.707,0.3251,0.3166,0.3209,0.3879,0.1533,NORMAL,0,0,Windows,malam
23:20:49.566,122.739,0.312,0.3197,0.3158,0.3859,0.1533,NORMAL,0,0,Windows,malam
23:20:49.596,122.769,0.3208,0.3156,0.3182,0.3936,0.1533,NORMAL,0,0,Windows,malam
23:20:49.629,122.802,0.3251,0.3074,0.3163,0.4018,0.1533,NORMAL,0,0,Windows,malam
23:20:49.659,122.832,0.3338,0.3074,0.3206,0.4018,0.1467,NORMAL,0,0,Windows,malam
23:20:49.691,122.864,0.334,0.3129,0.3235,0.3932,0.14,NORMAL,0,0,Windows,malam
23:20:49.721,122.894,0.3473,0.3113,0.3293,0.3933,0.1333,NORMAL,0,0,Windows,malam
23:20:49.772,122.945,0.3209,0.3231,0.322,0.3914,0.1267,NORMAL,0,0,Windows,malam
23:20:49.801,122.974,0.3268,0.3214,0.3241,0.3802,0.12,NORMAL,0,0,Windows,malam
23:20:49.834,123.007,0.3269,0.331,0.3289,0.3907,0.1133,NORMAL,0,0,Windows,malam
23:20:49.883,123.056,0.263,0.2839,0.2734,0.398,0.1067,NORMAL,0,0,Windows,malam
23:20:49.976,123.149,0.2497,0.2424,0.246,0.3963,0.1067,NORMAL,1,0,Windows,malam
23:20:50.006,123.179,0.2372,0.2432,0.2402,0.4135,0.1067,NORMAL,2,0,Windows,malam
23:20:50.037,123.21,0.2372,0.2362,0.2367,0.417,0.1133,NORMAL,3,0,Windows,malam
23:20:50.076,123.249,0.3255,0.3113,0.3184,0.41,0.1133,NORMAL,0,0,Windows,malam
23:20:50.100,123.273,0.3397,0.3391,0.3394,0.4053,0.1133,NORMAL,0,0,Windows,malam
23:20:50.169,123.341,0.3531,0.3385,0.3458,0.3999,0.1133,NORMAL,0,0,Windows,malam
23:20:50.195,123.368,0.3614,0.3295,0.3454,0.4033,0.1133,NORMAL,0,0,Windows,malam
23:20:50.227,123.4,0.3512,0.3664,0.3588,0.401,0.1133,NORMAL,0,0,Windows,malam
23:20:50.257,123.43,0.3512,0.3648,0.358,0.401,0.1133,NORMAL,0,0,Windows,malam
23:20:50.290,123.463,0.3573,0.3414,0.3493,0.3957,0.1133,NORMAL,0,0,Windows,malam
23:20:50.322,123.495,0.3799,0.3686,0.3742,0.3965,0.1133,NORMAL,0,0,Windows,malam
23:20:50.352,123.524,0.3799,0.3686,0.3742,0.4021,0.1133,NORMAL,0,0,Windows,malam
23:20:50.381,123.554,0.3693,0.3723,0.3708,0.3959,0.1133,NORMAL,0,0,Windows,malam
23:20:50.414,123.587,0.3826,0.3727,0.3777,0.3988,0.1133,NORMAL,0,0,Windows,malam
23:20:50.446,123.619,0.3826,0.3727,0.3777,0.3991,0.1133,NORMAL,0,0,Windows,malam
23:20:50.477,123.65,0.3693,0.3737,0.3715,0.4011,0.1133,NORMAL,0,0,Windows,malam
23:20:50.509,123.682,0.3818,0.3869,0.3844,0.4075,0.1133,NORMAL,0,0,Windows,malam
23:20:50.568,123.741,0.3826,0.3771,0.3799,0.4085,0.1133,NORMAL,0,0,Windows,malam
23:20:50.604,123.777,0.3955,0.3757,0.3856,0.413,0.1133,NORMAL,0,0,Windows,malam
23:20:50.635,123.808,0.3955,0.3988,0.3972,0.4108,0.1133,NORMAL,0,0,Windows,malam
23:20:50.667,123.84,0.4089,0.3988,0.4038,0.4108,0.1133,NORMAL,0,0,Windows,malam
23:20:50.697,123.87,0.4089,0.3874,0.3981,0.4144,0.1133,NORMAL,0,0,Windows,malam
23:20:50.730,123.903,0.391,0.3899,0.3905,0.4018,0.1133,NORMAL,0,0,Windows,malam
23:20:50.761,123.934,0.3951,0.3757,0.3854,0.4021,0.1133,NORMAL,0,0,Windows,malam
23:20:50.791,123.964,0.3955,0.3741,0.3848,0.3962,0.1133,NORMAL,0,0,Windows,malam
23:20:50.839,124.011,0.3778,0.3855,0.3816,0.4054,0.1133,NORMAL,0,0,Windows,malam
23:20:50.870,124.043,0.3936,0.3855,0.3895,0.4017,0.1133,NORMAL,0,0,Windows,malam
23:20:50.904,124.077,0.3955,0.3855,0.3905,0.3916,0.1067,NORMAL,0,0,Windows,malam
23:20:50.932,124.105,0.3955,0.3973,0.3964,0.3977,0.1,NORMAL,0,0,Windows,malam
23:20:50.969,124.141,0.3955,0.3855,0.3905,0.3992,0.0933,NORMAL,0,0,Windows,malam
23:20:50.996,124.169,0.3955,0.3959,0.3957,0.4088,0.0867,NORMAL,0,0,Windows,malam
23:20:51.028,124.201,0.4089,0.3855,0.3972,0.3938,0.08,NORMAL,0,0,Windows,malam
23:20:51.058,124.23,0.4089,0.3855,0.3972,0.3966,0.08,NORMAL,0,0,Windows,malam
23:20:51.090,124.263,0.3934,0.3973,0.3954,0.3999,0.08,NORMAL,0,0,Windows,malam
23:20:51.122,124.295,0.4044,0.3959,0.4001,0.3999,0.08,NORMAL,0,0,Windows,malam
23:20:51.152,124.325,0.4044,0.3822,0.3933,0.3883,0.08,NORMAL,0,0,Windows,malam
23:20:51.183,124.356,0.4044,0.3822,0.3933,0.3957,0.08,NORMAL,0,0,Windows,malam
23:20:51.214,124.387,0.4089,0.3822,0.3956,0.3927,0.08,NORMAL,0,0,Windows,malam
23:20:51.245,124.418,0.4084,0.3822,0.3953,0.3967,0.08,NORMAL,0,0,Windows,malam
23:20:51.277,124.45,0.3885,0.3837,0.3861,0.3973,0.08,NORMAL,0,0,Windows,malam
23:20:51.306,124.478,0.3887,0.3842,0.3864,0.4003,0.08,NORMAL,0,0,Windows,malam
23:20:51.387,124.559,0.219,0.199,0.209,0.4049,0.08,NORMAL,1,0,Windows,malam
23:20:51.479,124.652,0.0916,0.0853,0.0884,0.4092,0.08,NORMAL,2,0,Windows,malam
23:20:51.515,124.688,0.0891,0.1034,0.0962,0.3975,0.08,NORMAL,3,0,Windows,malam
23:20:51.545,124.718,0.0916,0.1124,0.102,0.3979,0.08,NORMAL,4,0,Windows,malam
23:20:51.579,124.752,0.1152,0.1587,0.137,0.3901,0.08,NORMAL,5,0,Windows,malam
23:20:51.611,124.784,0.1276,0.203,0.1653,0.388,0.08,NORMAL,6,0,Windows,malam
23:20:51.641,124.813,0.1406,0.2059,0.1733,0.3875,0.08,NORMAL,7,0,Windows,malam
23:20:51.676,124.849,0.226,0.2774,0.2517,0.3853,0.0733,NORMAL,0,0,Windows,malam
23:20:51.704,124.877,0.2733,0.303,0.2882,0.3828,0.0667,NORMAL,0,0,Windows,malam
23:20:51.785,124.958,0.3032,0.3316,0.3174,0.3834,0.0667,NORMAL,0,0,Windows,malam
23:20:51.813,124.985,0.3167,0.3246,0.3206,0.3909,0.0667,NORMAL,0,0,Windows,malam
23:20:51.846,125.019,0.33,0.3452,0.3376,0.3905,0.0667,NORMAL,0,0,Windows,malam
23:20:51.877,125.05,0.33,0.3452,0.3376,0.3858,0.0667,NORMAL,0,0,Windows,malam
23:20:51.907,125.08,0.3473,0.3573,0.3523,0.3887,0.0667,NORMAL,0,0,Windows,malam
23:20:51.939,125.111,0.3473,0.3573,0.3523,0.3887,0.0667,NORMAL,0,0,Windows,malam
23:20:51.970,125.143,0.3608,0.3573,0.359,0.3931,0.0667,NORMAL,0,0,Windows,malam
23:20:52.000,125.173,0.3693,0.3707,0.37,0.3984,0.0667,NORMAL,0,0,Windows,malam
23:20:52.032,125.205,0.3693,0.361,0.3652,0.4025,0.0667,NORMAL,0,0,Windows,malam
23:20:52.065,125.238,0.3689,0.3586,0.3638,0.4032,0.0667,NORMAL,0,0,Windows,malam
23:20:52.095,125.268,0.4091,0.3737,0.3914,0.3875,0.0667,NORMAL,0,0,Windows,malam
23:20:52.125,125.298,0.4189,0.3737,0.3963,0.3884,0.0667,NORMAL,0,0,Windows,malam
23:20:52.183,125.355,0.4085,0.3737,0.3911,0.3747,0.0667,NORMAL,0,0,Windows,malam
23:20:52.205,125.377,0.4084,0.3754,0.3919,0.3853,0.0667,NORMAL,0,0,Windows,malam
23:20:52.235,125.408,0.3934,0.3887,0.3911,0.3883,0.0667,NORMAL,0,0,Windows,malam
23:20:52.267,125.44,0.3934,0.3887,0.3911,0.3883,0.0667,NORMAL,0,0,Windows,malam
23:20:52.301,125.474,0.3934,0.3745,0.3839,0.3979,0.0667,NORMAL,0,0,Windows,malam
23:20:52.330,125.503,0.38,0.3723,0.3761,0.4044,0.0667,NORMAL,0,0,Windows,malam
23:20:52.362,125.534,0.3804,0.3837,0.3821,0.4046,0.0667,NORMAL,0,0,Windows,malam
23:20:52.409,125.582,0.3955,0.3723,0.3839,0.4046,0.0667,NORMAL,0,0,Windows,malam
23:20:52.439,125.612,0.3804,0.3737,0.377,0.403,0.0667,NORMAL,0,0,Windows,malam
23:20:52.470,125.643,0.3876,0.3737,0.3806,0.403,0.0667,NORMAL,0,0,Windows,malam
23:20:52.503,125.676,0.3955,0.3822,0.3889,0.4025,0.0667,NORMAL,0,0,Windows,malam
23:20:52.537,125.71,0.3955,0.3816,0.3885,0.3979,0.0667,NORMAL,0,0,Windows,malam
23:20:52.564,125.737,0.3955,0.3703,0.3829,0.3947,0.0667,NORMAL,0,0,Windows,malam
23:20:52.599,125.771,0.4068,0.3723,0.3895,0.3977,0.0667,NORMAL,0,0,Windows,malam
23:20:52.630,125.803,0.3934,0.3822,0.3878,0.3993,0.0667,NORMAL,0,0,Windows,malam
23:20:52.661,125.834,0.4044,0.3822,0.3933,0.4077,0.0667,NORMAL,0,0,Windows,malam
23:20:52.691,125.864,0.4085,0.3837,0.3961,0.3996,0.0667,NORMAL,0,0,Windows,malam
23:20:52.724,125.897,0.3955,0.3837,0.3896,0.3971,0.0667,NORMAL,0,0,Windows,malam
23:20:52.756,125.929,0.4089,0.3703,0.3896,0.4008,0.0667,NORMAL,0,0,Windows,malam
23:20:52.787,125.96,0.3905,0.3727,0.3816,0.3996,0.0667,NORMAL,0,0,Windows,malam
23:20:52.816,125.989,0.3951,0.3801,0.3876,0.4108,0.0667,NORMAL,0,0,Windows,malam
23:20:52.849,126.021,0.3955,0.3703,0.3829,0.3996,0.0667,NORMAL,0,0,Windows,malam
23:20:52.882,126.055,0.3905,0.3571,0.3738,0.4033,0.0667,NORMAL,0,0,Windows,malam
23:20:52.911,126.084,0.3736,0.359,0.3663,0.4033,0.0667,NORMAL,0,0,Windows,malam
23:20:52.944,126.117,0.3736,0.3723,0.3729,0.4013,0.0667,NORMAL,0,0,Windows,malam
23:20:52.982,126.155,0.3843,0.3723,0.3783,0.4087,0.0667,NORMAL,0,0,Windows,malam
23:20:53.007,126.18,0.3707,0.3605,0.3656,0.4087,0.0667,NORMAL,0,0,Windows,malam
23:20:53.038,126.211,0.3604,0.3605,0.3605,0.4064,0.0667,NORMAL,0,0,Windows,malam
23:20:53.079,126.252,0.3608,0.3642,0.3625,0.4063,0.0667,NORMAL,0,0,Windows,malam
23:20:53.098,126.271,0.3646,0.3384,0.3515,0.3995,0.0667,NORMAL,0,0,Windows,malam
23:20:53.131,126.304,0.361,0.3514,0.3562,0.4043,0.0667,NORMAL,0,0,Windows,malam
23:20:53.176,126.349,0.3671,0.3642,0.3657,0.4105,0.0667,NORMAL,0,0,Windows,malam
23:20:53.210,126.382,0.3951,0.3642,0.3796,0.415,0.0667,NORMAL,0,0,Windows,malam
23:20:53.241,126.414,0.3849,0.388,0.3864,0.4173,0.0667,NORMAL,0,0,Windows,malam
23:20:53.273,126.446,0.3546,0.3984,0.3765,0.3896,0.0667,NORMAL,0,0,Windows,malam
23:20:53.309,126.481,0.3693,0.3737,0.3715,0.3934,0.0667,NORMAL,0,0,Windows,malam
23:20:53.338,126.511,0.3663,0.3457,0.356,0.3961,0.0667,NORMAL,0,0,Windows,malam
23:20:53.388,126.561,0.3466,0.355,0.3508,0.3802,0.0667,NORMAL,0,0,Windows,malam
23:20:53.417,126.59,0.3415,0.355,0.3482,0.3863,0.0667,NORMAL,0,0,Windows,malam
23:20:53.447,126.62,0.3466,0.353,0.3498,0.3818,0.0667,NORMAL,0,0,Windows,malam
23:20:53.479,126.652,0.3562,0.3804,0.3683,0.3862,0.0667,NORMAL,0,0,Windows,malam
23:20:53.508,126.681,0.3562,0.3707,0.3634,0.3936,0.0667,NORMAL,0,0,Windows,malam
23:20:53.539,126.712,0.338,0.3691,0.3535,0.3883,0.0667,NORMAL,0,0,Windows,malam
23:20:53.576,126.749,0.3383,0.3707,0.3545,0.3865,0.0667,NORMAL,0,0,Windows,malam
23:20:53.602,126.775,0.3383,0.3707,0.3545,0.3921,0.0667,NORMAL,0,0,Windows,malam
23:20:53.634,126.807,0.3436,0.3566,0.3501,0.3936,0.0667,NORMAL,0,0,Windows,malam
23:20:53.688,126.861,0.3475,0.3646,0.3561,0.3946,0.0667,NORMAL,0,0,Windows,malam
23:20:53.712,126.884,0.3396,0.3662,0.3529,0.3872,0.0667,NORMAL,0,0,Windows,malam
23:20:53.743,126.916,0.3436,0.3532,0.3484,0.3925,0.0667,NORMAL,0,0,Windows,malam
23:20:53.785,126.958,0.33,0.3584,0.3442,0.3976,0.0667,NORMAL,0,0,Windows,malam
23:20:53.807,126.98,0.3577,0.3571,0.3574,0.3982,0.0667,NORMAL,0,0,Windows,malam
23:20:53.836,127.009,0.3608,0.3619,0.3614,0.4006,0.0667,NORMAL,0,0,Windows,malam
23:20:53.880,127.052,0.3711,0.3479,0.3595,0.4016,0.0667,NORMAL,0,0,Windows,malam
23:20:53.898,127.071,0.3608,0.3571,0.3589,0.3904,0.0667,NORMAL,0,0,Windows,malam
23:20:53.931,127.104,0.3479,0.3579,0.3529,0.3977,0.0667,NORMAL,0,0,Windows,malam
23:20:53.977,127.15,0.3745,0.3709,0.3727,0.3758,0.0667,NORMAL,0,0,Windows,malam
23:20:54.009,127.181,0.3512,0.3611,0.3562,0.3733,0.0667,NORMAL,0,0,Windows,malam
23:20:54.041,127.214,0.3474,0.3588,0.3531,0.3689,0.0667,NORMAL,0,0,Windows,malam
23:20:54.088,127.261,0.3547,0.3627,0.3587,0.388,0.0667,NORMAL,0,0,Windows,malam
23:20:54.120,127.293,0.3511,0.3759,0.3635,0.3881,0.0667,NORMAL,0,0,Windows,malam
23:20:54.167,127.34,0.361,0.3745,0.3677,0.3827,0.0667,NORMAL,0,0,Windows,malam
23:20:54.197,127.37,0.3673,0.3548,0.361,0.4177,0.0667,NORMAL,0,0,Windows,malam
23:20:54.229,127.402,0.3571,0.3534,0.3552,0.4111,0.0667,NORMAL,0,0,Windows,malam
23:20:54.262,127.434,0.3571,0.3519,0.3545,0.4111,0.0667,NORMAL,0,0,Windows,malam
23:20:54.291,127.464,0.3678,0.3483,0.3581,0.4109,0.0667,NORMAL,0,0,Windows,malam
23:20:54.325,127.497,0.3925,0.3709,0.3817,0.4138,0.0667,NORMAL,0,0,Windows,malam
23:20:54.355,127.528,0.3925,0.3696,0.381,0.4076,0.0667,NORMAL,0,0,Windows,malam
23:20:54.386,127.559,0.3783,0.3628,0.3706,0.411,0.0667,NORMAL,0,0,Windows,malam
23:20:54.416,127.589,0.3779,0.3629,0.3704,0.4123,0.0667,NORMAL,0,0,Windows,malam
23:20:54.446,127.619,0.3779,0.3527,0.3653,0.4097,0.0667,NORMAL,0,0,Windows,malam
23:20:54.487,127.659,0.3463,0.3279,0.3371,0.3819,0.0667,NORMAL,0,0,Windows,malam
23:20:54.510,127.682,0.329,0.3247,0.3269,0.3891,0.0667,NORMAL,0,0,Windows,malam
23:20:54.540,127.713,0.3427,0.3492,0.3459,0.3859,0.0667,NORMAL,0,0,Windows,malam
23:20:54.585,127.758,0.3629,0.3507,0.3568,0.3734,0.0667,NORMAL,0,0,Windows,malam
23:20:54.619,127.792,0.3664,0.374,0.3702,0.3751,0.0667,NORMAL,0,0,Windows,malam
23:20:54.650,127.823,0.3636,0.3766,0.3701,0.3811,0.0667,NORMAL,0,0,Windows,malam
23:20:54.683,127.856,0.3923,0.3725,0.3824,0.3755,0.0667,NORMAL,0,0,Windows,malam
23:20:54.714,127.886,0.3672,0.3725,0.3699,0.3682,0.0667,NORMAL,0,0,Windows,malam
23:20:54.742,127.914,0.3704,0.3725,0.3715,0.3755,0.0667,NORMAL,0,0,Windows,malam
23:20:54.779,127.952,0.345,0.3725,0.3587,0.3932,0.0667,NORMAL,0,0,Windows,malam
23:20:54.805,127.978,0.3453,0.3621,0.3537,0.3907,0.0667,NORMAL,0,0,Windows,malam
23:20:54.851,128.024,0.3245,0.3725,0.3485,0.3866,0.0667,NORMAL,0,0,Windows,malam
23:20:54.887,128.06,0.3594,0.3441,0.3518,0.4005,0.0667,NORMAL,0,0,Windows,malam
23:20:54.914,128.087,0.3768,0.3699,0.3733,0.3966,0.0667,NORMAL,0,0,Windows,malam
23:20:54.945,128.118,0.3716,0.3471,0.3594,0.401,0.0667,NORMAL,0,0,Windows,malam
23:20:54.984,128.156,0.3262,0.2937,0.31,0.4037,0.0667,NORMAL,0,0,Windows,malam
23:20:55.009,128.182,0.3156,0.2933,0.3045,0.4019,0.0667,NORMAL,0,0,Windows,malam
23:20:55.039,128.212,0.3246,0.3012,0.3129,0.4033,0.0667,NORMAL,0,0,Windows,malam
23:20:55.081,128.253,0.3077,0.3128,0.3102,0.3903,0.06,NORMAL,0,0,Windows,malam
23:20:55.102,128.275,0.3249,0.2996,0.3122,0.3889,0.0533,NORMAL,0,0,Windows,malam
23:20:55.132,128.305,0.3249,0.3214,0.3231,0.3904,0.0467,NORMAL,0,0,Windows,malam
23:20:55.179,128.352,0.3249,0.3686,0.3467,0.3848,0.0467,NORMAL,0,0,Windows,malam
23:20:55.212,128.384,0.3339,0.3686,0.3513,0.3788,0.0467,NORMAL,0,0,Windows,malam
23:20:55.242,128.415,0.338,0.353,0.3455,0.3845,0.0467,NORMAL,0,0,Windows,malam
23:20:55.287,128.46,0.3383,0.3572,0.3478,0.3863,0.0467,NORMAL,0,0,Windows,malam
23:20:55.321,128.494,0.3546,0.3571,0.3558,0.3832,0.0467,NORMAL,0,0,Windows,malam
23:20:55.351,128.524,0.329,0.3436,0.3363,0.3797,0.0467,NORMAL,0,0,Windows,malam
23:20:55.383,128.556,0.3767,0.3652,0.371,0.3906,0.0467,NORMAL,0,0,Windows,malam
23:20:55.415,128.588,0.3767,0.3429,0.3598,0.3868,0.0467,NORMAL,0,0,Windows,malam
23:20:55.447,128.62,0.3634,0.3547,0.3591,0.382,0.0467,NORMAL,0,0,Windows,malam
23:20:55.480,128.653,0.3611,0.3561,0.3586,0.4027,0.0467,NORMAL,0,0,Windows,malam
23:20:55.510,128.683,0.3595,0.3329,0.3462,0.3972,0.0467,NORMAL,0,0,Windows,malam
23:20:55.540,128.713,0.3511,0.3273,0.3392,0.3931,0.0467,NORMAL,0,0,Windows,malam
23:20:55.576,128.749,0.273,0.2551,0.2641,0.3787,0.0467,NORMAL,0,0,Windows,malam
23:20:55.605,128.777,0.273,0.2505,0.2617,0.3819,0.0467,NORMAL,0,0,Windows,malam
23:20:55.637,128.81,0.2808,0.2524,0.2666,0.3894,0.0467,NORMAL,0,0,Windows,malam
23:20:55.687,128.86,0.2829,0.2466,0.2647,0.3863,0.0467,NORMAL,0,0,Windows,malam
23:20:55.715,128.888,0.273,0.2672,0.2701,0.3858,0.0467,NORMAL,0,0,Windows,malam
23:20:55.747,128.92,0.2696,0.2573,0.2635,0.3891,0.0467,NORMAL,0,0,Windows,malam
23:20:55.784,128.957,0.3084,0.2707,0.2895,0.3898,0.0467,NORMAL,0,0,Windows,malam
23:20:55.809,128.981,0.3002,0.2975,0.2989,0.3895,0.0467,NORMAL,0,0,Windows,malam
23:20:55.839,129.012,0.2999,0.2975,0.2987,0.3927,0.0467,NORMAL,0,0,Windows,malam
23:20:55.880,129.053,0.3049,0.2994,0.3021,0.4031,0.0467,NORMAL,0,0,Windows,malam
23:20:55.901,129.074,0.3427,0.3012,0.322,0.399,0.0467,NORMAL,0,0,Windows,malam
23:20:55.934,129.107,0.3049,0.2994,0.3021,0.399,0.0467,NORMAL,0,0,Windows,malam
23:20:55.992,129.165,0.3604,0.3386,0.3495,0.4038,0.0467,NORMAL,0,0,Windows,malam
23:20:56.026,129.199,0.364,0.352,0.358,0.4021,0.0467,NORMAL,0,0,Windows,malam
23:20:56.057,129.23,0.364,0.3427,0.3534,0.4021,0.0467,NORMAL,0,0,Windows,malam
23:20:56.086,129.259,0.3701,0.3591,0.3646,0.408,0.0467,NORMAL,0,0,Windows,malam
23:20:56.120,129.293,0.3836,0.3596,0.3716,0.4085,0.0467,NORMAL,0,0,Windows,malam
23:20:56.152,129.325,0.3836,0.3596,0.3716,0.4058,0.0467,NORMAL,0,0,Windows,malam
23:20:56.182,129.355,0.3676,0.3616,0.3646,0.4114,0.0467,NORMAL,0,0,Windows,malam
23:20:56.214,129.387,0.3577,0.3616,0.3597,0.4024,0.0467,NORMAL,0,0,Windows,malam
23:20:56.245,129.418,0.3571,0.3616,0.3594,0.3977,0.0467,NORMAL,0,0,Windows,malam
23:20:56.279,129.452,0.3811,0.3616,0.3714,0.4048,0.0467,NORMAL,0,0,Windows,malam
23:20:56.310,129.483,0.3811,0.3743,0.3777,0.4027,0.0467,NORMAL,0,0,Windows,malam
23:20:56.341,129.514,0.3811,0.3842,0.3827,0.4059,0.0467,NORMAL,0,0,Windows,malam
23:20:56.393,129.566,0.3971,0.3713,0.3842,0.3968,0.0467,NORMAL,0,0,Windows,malam
23:20:56.417,129.59,0.384,0.3724,0.3782,0.387,0.0467,NORMAL,0,0,Windows,malam
23:20:56.448,129.621,0.3976,0.3842,0.3909,0.3837,0.04,NORMAL,0,0,Windows,malam
23:20:56.487,129.66,0.3976,0.3806,0.3891,0.3868,0.0333,NORMAL,0,0,Windows,malam
23:20:56.510,129.683,0.4107,0.3806,0.3956,0.381,0.0267,NORMAL,0,0,Windows,malam
23:20:56.541,129.714,0.4107,0.3948,0.4028,0.3825,0.02,NORMAL,0,0,Windows,malam
23:20:56.583,129.756,0.3873,0.3702,0.3787,0.3943,0.0133,NORMAL,0,0,Windows,malam
23:20:56.606,129.779,0.3864,0.3818,0.3841,0.3924,0.0067,NORMAL,0,0,Windows,malam
23:20:56.637,129.81,0.3873,0.38,0.3837,0.3999,0.0,NORMAL,0,0,Windows,malam
23:20:56.681,129.854,0.3457,0.3313,0.3385,0.3997,0.0,NORMAL,0,0,Windows,malam
23:20:56.712,129.885,0.3428,0.334,0.3384,0.4031,0.0,NORMAL,0,0,Windows,malam
23:20:56.746,129.919,0.3201,0.3442,0.3321,0.3983,0.0,NORMAL,0,0,Windows,malam
23:20:56.796,129.969,0.3287,0.3322,0.3304,0.4097,0.0,NORMAL,0,0,Windows,malam
23:20:56.823,129.996,0.3287,0.3313,0.33,0.3967,0.0,NORMAL,0,0,Windows,malam
23:20:56.854,130.027,0.3186,0.3432,0.3309,0.3947,0.0,NORMAL,0,0,Windows,malam
23:20:56.887,130.06,0.346,0.3432,0.3446,0.3948,0.0,NORMAL,0,0,Windows,malam
23:20:56.916,130.089,0.3487,0.3355,0.3421,0.4042,0.0,NORMAL,0,0,Windows,malam
23:20:56.947,130.12,0.3487,0.3355,0.3421,0.4058,0.0,NORMAL,0,0,Windows,malam
23:20:56.984,130.157,0.2019,0.2103,0.2061,0.3975,0.0067,NORMAL,1,0,Windows,malam
23:20:57.010,130.183,0.1664,0.191,0.1787,0.4022,0.0133,NORMAL,2,0,Windows,malam
23:20:57.043,130.216,0.1709,0.191,0.181,0.3975,0.02,NORMAL,3,0,Windows,malam
23:20:57.081,130.254,0.2098,0.2221,0.216,0.3948,0.0267,NORMAL,4,0,Windows,malam
23:20:57.106,130.279,0.2098,0.2369,0.2234,0.3948,0.0333,NORMAL,5,0,Windows,malam
23:20:57.137,130.31,0.2426,0.2369,0.2398,0.3948,0.04,NORMAL,6,0,Windows,malam
23:20:57.191,130.364,0.3104,0.294,0.3022,0.3948,0.04,NORMAL,0,0,Windows,malam
23:20:57.217,130.39,0.3049,0.3068,0.3059,0.3889,0.04,NORMAL,0,0,Windows,malam
23:20:57.247,130.42,0.3268,0.3206,0.3237,0.3889,0.04,NORMAL,0,0,Windows,malam
23:20:57.288,130.461,0.3268,0.3479,0.3374,0.3896,0.04,NORMAL,0,0,Windows,malam
23:20:57.326,130.499,0.3268,0.3386,0.3327,0.3886,0.04,NORMAL,0,0,Windows,malam
23:20:57.357,130.53,0.3405,0.3375,0.339,0.387,0.04,NORMAL,0,0,Windows,malam
23:20:57.390,130.563,0.3444,0.3375,0.341,0.393,0.04,NORMAL,0,0,Windows,malam
23:20:57.421,130.594,0.3442,0.3386,0.3414,0.3813,0.04,NORMAL,0,0,Windows,malam
23:20:57.452,130.625,0.3565,0.3375,0.347,0.3812,0.04,NORMAL,0,0,Windows,malam
23:20:57.485,130.658,0.3543,0.3509,0.3526,0.3916,0.04,NORMAL,0,0,Windows,malam
23:20:57.518,130.69,0.3444,0.3403,0.3423,0.3896,0.04,NORMAL,0,0,Windows,malam
23:20:57.548,130.721,0.3577,0.3544,0.3561,0.4047,0.04,NORMAL,0,0,Windows,malam
23:20:57.593,130.766,0.3537,0.3386,0.3462,0.3956,0.04,NORMAL,0,0,Windows,malam
23:20:57.627,130.8,0.3539,0.3386,0.3463,0.3956,0.04,NORMAL,0,0,Windows,malam
23:20:57.656,130.829,0.3444,0.3386,0.3415,0.3983,0.04,NORMAL,0,0,Windows,malam
23:20:57.687,130.86,0.3577,0.3402,0.349,0.3923,0.04,NORMAL,0,0,Windows,malam
23:20:57.719,130.892,0.3577,0.3519,0.3548,0.3923,0.04,NORMAL,0,0,Windows,malam
23:20:57.751,130.924,0.3577,0.3519,0.3548,0.4024,0.04,NORMAL,0,0,Windows,malam
23:20:57.783,130.956,0.3577,0.3519,0.3548,0.3965,0.04,NORMAL,0,0,Windows,malam
23:20:57.812,130.985,0.3577,0.3452,0.3515,0.3964,0.04,NORMAL,0,0,Windows,malam
23:20:57.844,131.017,0.3581,0.3427,0.3504,0.3995,0.04,NORMAL,0,0,Windows,malam
23:20:57.879,131.052,0.333,0.334,0.3335,0.3925,0.04,NORMAL,0,0,Windows,malam
23:20:57.907,131.08,0.3554,0.3429,0.3491,0.3925,0.04,NORMAL,0,0,Windows,malam
23:20:57.939,131.112,0.3579,0.3298,0.3439,0.3925,0.04,NORMAL,0,0,Windows,malam
23:20:57.992,131.164,0.3446,0.3298,0.3372,0.3886,0.04,NORMAL,0,0,Windows,malam
23:20:58.018,131.191,0.3446,0.3298,0.3372,0.3886,0.04,NORMAL,0,0,Windows,malam
23:20:58.049,131.222,0.342,0.3298,0.3359,0.3906,0.04,NORMAL,0,0,Windows,malam
23:20:58.087,131.26,0.3442,0.3298,0.337,0.3934,0.04,NORMAL,0,0,Windows,malam
23:20:58.112,131.285,0.3442,0.3386,0.3414,0.3974,0.04,NORMAL,0,0,Windows,malam
23:20:58.143,131.316,0.3442,0.3386,0.3414,0.3974,0.04,NORMAL,0,0,Windows,malam
23:20:58.184,131.356,0.3574,0.3507,0.3541,0.3974,0.04,NORMAL,0,0,Windows,malam
23:20:58.206,131.379,0.355,0.3519,0.3534,0.3945,0.04,NORMAL,0,0,Windows,malam
23:20:58.238,131.411,0.355,0.3519,0.3534,0.3945,0.04,NORMAL,0,0,Windows,malam
23:20:58.296,131.469,0.355,0.3519,0.3534,0.3945,0.04,NORMAL,0,0,Windows,malam
23:20:58.332,131.505,0.355,0.3653,0.3601,0.3942,0.04,NORMAL,0,0,Windows,malam
23:20:58.362,131.535,0.355,0.3653,0.3601,0.3942,0.04,NORMAL,0,0,Windows,malam
23:20:58.393,131.566,0.355,0.3653,0.3601,0.3945,0.04,NORMAL,0,0,Windows,malam
23:20:58.425,131.598,0.355,0.3653,0.3601,0.3945,0.04,NORMAL,0,0,Windows,malam
23:20:58.456,131.628,0.3416,0.3678,0.3547,0.3988,0.04,NORMAL,0,0,Windows,malam
23:20:58.487,131.66,0.355,0.3653,0.3601,0.3946,0.04,NORMAL,0,0,Windows,malam
23:20:58.517,131.69,0.3577,0.3653,0.3615,0.3897,0.04,NORMAL,0,0,Windows,malam
23:20:58.548,131.721,0.3676,0.3519,0.3598,0.3865,0.04,NORMAL,0,0,Windows,malam
23:20:58.585,131.757,0.3676,0.3519,0.3598,0.3978,0.04,NORMAL,0,0,Windows,malam
23:20:58.611,131.784,0.3676,0.3544,0.361,0.3988,0.04,NORMAL,0,0,Windows,malam
23:20:58.642,131.815,0.3676,0.3414,0.3545,0.3988,0.04,NORMAL,0,0,Windows,malam
23:20:58.697,131.87,0.3676,0.3558,0.3617,0.4062,0.04,NORMAL,0,0,Windows,malam
23:20:58.721,131.894,0.3577,0.3558,0.3568,0.4095,0.04,NORMAL,0,0,Windows,malam
23:20:58.751,131.924,0.3577,0.3558,0.3568,0.4095,0.04,NORMAL,0,0,Windows,malam
23:20:58.791,131.964,0.3577,0.3558,0.3568,0.4221,0.04,NORMAL,0,0,Windows,malam
23:20:58.814,131.987,0.3444,0.3558,0.3501,0.4131,0.04,NORMAL,0,0,Windows,malam
23:20:58.847,132.02,0.3448,0.3558,0.3503,0.4131,0.04,NORMAL,0,0,Windows,malam
23:20:58.891,132.064,0.3473,0.3534,0.3504,0.4016,0.04,NORMAL,0,0,Windows,malam
23:20:58.928,132.1,0.361,0.3558,0.3584,0.4016,0.04,NORMAL,0,0,Windows,malam
23:20:58.955,132.128,0.3601,0.3558,0.3579,0.4047,0.04,NORMAL,0,0,Windows,malam
23:20:58.985,132.157,0.3601,0.3441,0.3521,0.4027,0.04,NORMAL,0,0,Windows,malam
23:20:59.018,132.191,0.3378,0.3364,0.3371,0.3949,0.04,NORMAL,0,0,Windows,malam
23:20:59.051,132.224,0.3378,0.3368,0.3373,0.3929,0.04,NORMAL,0,0,Windows,malam
23:20:59.100,132.273,0.3469,0.3443,0.3456,0.3893,0.04,NORMAL,0,0,Windows,malam
23:20:59.130,132.303,0.3481,0.3429,0.3455,0.3916,0.04,NORMAL,0,0,Windows,malam
23:20:59.162,132.335,0.3575,0.3429,0.3502,0.3957,0.04,NORMAL,0,0,Windows,malam
23:20:59.192,132.364,0.3709,0.3375,0.3542,0.3925,0.04,NORMAL,0,0,Windows,malam
23:20:59.225,132.398,0.3615,0.3523,0.3569,0.3939,0.04,NORMAL,0,0,Windows,malam
23:20:59.257,132.429,0.3577,0.3432,0.3505,0.3939,0.04,NORMAL,0,0,Windows,malam
23:20:59.290,132.462,0.3444,0.3519,0.3481,0.3959,0.04,NORMAL,0,0,Windows,malam
23:20:59.318,132.491,0.3444,0.3427,0.3436,0.3945,0.04,NORMAL,0,0,Windows,malam
23:20:59.350,132.523,0.3539,0.3558,0.3549,0.3985,0.04,NORMAL,0,0,Windows,malam
23:20:59.383,132.555,0.3539,0.352,0.353,0.4035,0.04,NORMAL,0,0,Windows,malam
23:20:59.412,132.585,0.3674,0.352,0.3597,0.3908,0.04,NORMAL,0,0,Windows,malam
23:20:59.443,132.616,0.3539,0.3375,0.3457,0.3919,0.04,NORMAL,0,0,Windows,malam
23:20:59.495,132.668,0.3543,0.3375,0.3459,0.3916,0.04,NORMAL,0,0,Windows,malam
23:20:59.521,132.694,0.3543,0.3507,0.3525,0.3978,0.04,NORMAL,0,0,Windows,malam
23:20:59.551,132.724,0.3605,0.3417,0.3511,0.3934,0.04,NORMAL,0,0,Windows,malam
23:20:59.592,132.765,0.3605,0.3427,0.3516,0.389,0.04,NORMAL,0,0,Windows,malam
23:20:59.612,132.785,0.3605,0.3427,0.3516,0.3857,0.04,NORMAL,0,0,Windows,malam
23:20:59.643,132.816,0.3605,0.3427,0.3516,0.3984,0.04,NORMAL,0,0,Windows,malam
23:20:59.688,132.861,0.3605,0.3417,0.3511,0.3913,0.04,NORMAL,0,0,Windows,malam
23:20:59.722,132.895,0.3554,0.3417,0.3485,0.3885,0.04,NORMAL,0,0,Windows,malam
23:20:59.753,132.926,0.3554,0.3417,0.3485,0.3914,0.04,NORMAL,0,0,Windows,malam
23:20:59.784,132.957,0.3554,0.3417,0.3485,0.3929,0.04,NORMAL,0,0,Windows,malam
23:20:59.814,132.987,0.342,0.3432,0.3426,0.3929,0.04,NORMAL,0,0,Windows,malam
23:20:59.848,133.021,0.342,0.3432,0.3426,0.3929,0.04,NORMAL,0,0,Windows,malam
23:20:59.897,133.07,0.3554,0.3442,0.3498,0.3944,0.04,NORMAL,0,0,Windows,malam
23:20:59.927,133.1,0.3554,0.3442,0.3498,0.3926,0.04,NORMAL,0,0,Windows,malam
23:20:59.958,133.131,0.3554,0.3442,0.3498,0.3926,0.04,NORMAL,0,0,Windows,malam
23:20:59.992,133.165,0.1968,0.1832,0.19,0.3884,0.0467,NORMAL,1,0,Windows,malam
23:21:00.021,133.194,0.1757,0.1507,0.1632,0.3896,0.0533,NORMAL,2,0,Windows,malam
23:21:00.051,133.224,0.1723,0.1424,0.1574,0.3938,0.06,NORMAL,3,0,Windows,malam
23:21:00.088,133.261,0.0684,0.1017,0.085,0.3955,0.0667,NORMAL,4,0,Windows,malam
23:21:00.117,133.29,0.0768,0.0867,0.0817,0.3947,0.0733,NORMAL,5,0,Windows,malam
23:21:00.147,133.319,0.0889,0.0934,0.0911,0.3966,0.08,NORMAL,6,0,Windows,malam
23:21:00.186,133.359,0.1939,0.1836,0.1887,0.3944,0.0867,NORMAL,7,0,Windows,malam
23:21:00.209,133.381,0.2204,0.2332,0.2268,0.3938,0.0933,NORMAL,8,0,Windows,malam
23:21:00.241,133.414,0.2561,0.2357,0.2459,0.3956,0.1,NORMAL,9,0,Windows,malam
23:21:00.295,133.468,0.3241,0.3128,0.3185,0.3998,0.1,NORMAL,0,0,Windows,malam
23:21:00.318,133.491,0.3406,0.3175,0.3291,0.3954,0.1,NORMAL,0,0,Windows,malam
23:21:00.350,133.523,0.3543,0.3175,0.3359,0.3985,0.1,NORMAL,0,0,Windows,malam
23:21:00.391,133.564,0.3409,0.3306,0.3358,0.3917,0.1,NORMAL,0,0,Windows,malam
23:21:00.427,133.599,0.3409,0.3169,0.3289,0.3945,0.1,NORMAL,0,0,Windows,malam
23:21:00.460,133.633,0.3317,0.3169,0.3243,0.3905,0.1,NORMAL,0,0,Windows,malam
23:21:00.487,133.66,0.3448,0.3333,0.339,0.4006,0.1,NORMAL,0,0,Windows,malam
23:21:00.522,133.695,0.3473,0.3298,0.3386,0.4004,0.1,NORMAL,0,0,Windows,malam
23:21:00.554,133.726,0.3605,0.3168,0.3386,0.3965,0.1,NORMAL,0,0,Windows,malam
23:21:00.600,133.773,0.3605,0.3325,0.3465,0.4027,0.1,NORMAL,0,0,Windows,malam
23:21:00.635,133.807,0.3473,0.3315,0.3394,0.3917,0.1,NORMAL,0,0,Windows,malam
23:21:00.663,133.836,0.3601,0.3417,0.3509,0.3926,0.1,NORMAL,0,0,Windows,malam
23:21:00.696,133.869,0.3448,0.3441,0.3445,0.3996,0.1,NORMAL,0,0,Windows,malam
23:21:00.726,133.899,0.3473,0.3432,0.3452,0.4016,0.1,NORMAL,0,0,Windows,malam
23:21:00.758,133.931,0.3473,0.3355,0.3414,0.4048,0.1,NORMAL,0,0,Windows,malam
23:21:00.791,133.964,0.3473,0.3417,0.3445,0.4056,0.1,NORMAL,0,0,Windows,malam
23:21:00.822,133.995,0.3473,0.3417,0.3445,0.3985,0.1,NORMAL,0,0,Windows,malam
23:21:00.853,134.026,0.3448,0.3412,0.343,0.3985,0.1,NORMAL,0,0,Windows,malam
23:21:00.887,134.06,0.3473,0.3417,0.3445,0.3999,0.1,NORMAL,0,0,Windows,malam
23:21:00.917,134.09,0.3473,0.3417,0.3445,0.3999,0.1,NORMAL,0,0,Windows,malam
23:21:00.948,134.121,0.3605,0.3417,0.3511,0.4031,0.1,NORMAL,0,0,Windows,malam
23:21:01.000,134.173,0.3575,0.3417,0.3496,0.4031,0.1,NORMAL,0,0,Windows,malam
23:21:01.025,134.198,0.361,0.3441,0.3526,0.4016,0.1,NORMAL,0,0,Windows,malam
23:21:01.057,134.23,0.3481,0.3441,0.3461,0.3885,0.1,NORMAL,0,0,Windows,malam
23:21:01.096,134.269,0.3611,0.3547,0.3579,0.3905,0.1,NORMAL,0,0,Windows,malam
23:21:01.121,134.294,0.3611,0.3547,0.3579,0.3905,0.1,NORMAL,0,0,Windows,malam
23:21:01.154,134.327,0.3611,0.3547,0.3579,0.3945,0.1,NORMAL,0,0,Windows,malam
23:21:01.191,134.364,0.3601,0.3298,0.345,0.3999,0.1,NORMAL,0,0,Windows,malam
23:21:01.213,134.386,0.3601,0.3452,0.3527,0.4047,0.1,NORMAL,0,0,Windows,malam
23:21:01.245,134.418,0.3577,0.3452,0.3515,0.3999,0.1,NORMAL,0,0,Windows,malam
23:21:01.287,134.46,0.3702,0.3452,0.3577,0.4087,0.1,NORMAL,0,0,Windows,malam
23:21:01.311,134.484,0.3438,0.3451,0.3444,0.4047,0.1,NORMAL,0,0,Windows,malam
23:21:01.343,134.516,0.3676,0.3467,0.3572,0.4088,0.1,NORMAL,0,0,Windows,malam
23:21:01.399,134.572,0.3702,0.3427,0.3565,0.402,0.1,NORMAL,0,0,Windows,malam
23:21:01.420,134.593,0.358,0.3427,0.3504,0.4031,0.1,NORMAL,0,0,Windows,malam
23:21:01.451,134.624,0.3605,0.3427,0.3516,0.4031,0.1,NORMAL,0,0,Windows,malam
23:21:01.496,134.669,0.3611,0.3582,0.3597,0.4052,0.1,NORMAL,0,0,Windows,malam
23:21:01.529,134.702,0.3709,0.3455,0.3582,0.401,0.1,NORMAL,0,0,Windows,malam
23:21:01.560,134.733,0.341,0.3548,0.3479,0.4044,0.1,NORMAL,0,0,Windows,malam
23:21:01.591,134.764,0.3438,0.3558,0.3498,0.4099,0.1,NORMAL,0,0,Windows,malam
23:21:01.625,134.798,0.3438,0.3528,0.3483,0.4099,0.1,NORMAL,0,0,Windows,malam
23:21:01.656,134.828,0.341,0.3427,0.3419,0.4165,0.1,NORMAL,0,0,Windows,malam
23:21:01.688,134.861,0.3463,0.3427,0.3445,0.4052,0.1,NORMAL,0,0,Windows,malam
23:21:01.720,134.892,0.3354,0.334,0.3347,0.4032,0.1,NORMAL,0,0,Windows,malam
23:21:01.751,134.923,0.3327,0.3379,0.3353,0.409,0.1,NORMAL,0,0,Windows,malam
23:21:01.799,134.972,0.355,0.3616,0.3583,0.4073,0.1,NORMAL,0,0,Windows,malam
23:21:01.828,135.001,0.3601,0.3572,0.3586,0.3998,0.1,NORMAL,0,0,Windows,malam
23:21:01.860,135.033,0.3811,0.3558,0.3685,0.4039,0.1,NORMAL,0,0,Windows,malam
23:21:01.896,135.068,0.3676,0.3572,0.3624,0.4016,0.1,NORMAL,0,0,Windows,malam
23:21:01.923,135.096,0.3676,0.3558,0.3617,0.4036,0.1,NORMAL,0,0,Windows,malam
23:21:01.956,135.129,0.3577,0.3582,0.358,0.394,0.1,NORMAL,0,0,Windows,malam
23:21:01.993,135.166,0.3539,0.3572,0.3556,0.3993,0.0933,NORMAL,0,0,Windows,malam
23:21:02.017,135.19,0.3444,0.3443,0.3443,0.396,0.0867,NORMAL,0,0,Windows,malam
23:21:02.049,135.222,0.3444,0.3443,0.3443,0.3993,0.08,NORMAL,0,0,Windows,malam
23:21:02.086,135.259,0.3575,0.3427,0.3501,0.3993,0.0733,NORMAL,0,0,Windows,malam
23:21:02.112,135.285,0.3709,0.3325,0.3517,0.3919,0.0667,NORMAL,0,0,Windows,malam
23:21:02.144,135.317,0.3577,0.3368,0.3472,0.3885,0.06,NORMAL,0,0,Windows,malam
23:21:02.201,135.373,0.3444,0.352,0.3482,0.3885,0.06,NORMAL,0,0,Windows,malam
23:21:02.222,135.395,0.3463,0.3572,0.3517,0.3919,0.06,NORMAL,0,0,Windows,malam
23:21:02.252,135.425,0.3559,0.3596,0.3578,0.3967,0.06,NORMAL,0,0,Windows,malam
23:21:02.301,135.474,0.3937,0.3678,0.3808,0.4018,0.06,NORMAL,0,0,Windows,malam
23:21:02.331,135.504,0.3693,0.371,0.3702,0.4019,0.06,NORMAL,0,0,Windows,malam
23:21:02.363,135.536,0.3533,0.371,0.3621,0.3953,0.06,NORMAL,0,0,Windows,malam
23:21:02.391,135.564,0.3633,0.3582,0.3608,0.4075,0.06,NORMAL,0,0,Windows,malam
23:21:02.426,135.598,0.3361,0.3348,0.3355,0.4094,0.06,NORMAL,0,0,Windows,malam
23:21:02.456,135.629,0.339,0.341,0.34,0.4089,0.06,NORMAL,0,0,Windows,malam
23:21:02.487,135.66,0.1737,0.1933,0.1835,0.4054,0.0667,NORMAL,1,0,Windows,malam
23:21:02.518,135.691,0.1367,0.1401,0.1384,0.4059,0.0733,NORMAL,2,0,Windows,malam
23:21:02.550,135.723,0.1242,0.1292,0.1267,0.4038,0.08,NORMAL,3,0,Windows,malam
23:21:02.598,135.771,0.2421,0.2321,0.2371,0.4059,0.0867,NORMAL,4,0,Windows,malam
23:21:02.629,135.802,0.2567,0.2486,0.2527,0.4122,0.0867,NORMAL,0,0,Windows,malam
23:21:02.660,135.833,0.2567,0.2422,0.2495,0.4078,0.0933,NORMAL,1,0,Windows,malam
23:21:02.696,135.869,0.3319,0.3277,0.3298,0.4077,0.0933,NORMAL,0,0,Windows,malam
23:21:02.723,135.896,0.3319,0.3076,0.3198,0.4142,0.0933,NORMAL,0,0,Windows,malam
23:21:02.757,135.929,0.3178,0.3076,0.3127,0.4075,0.0933,NORMAL,0,0,Windows,malam
23:21:02.791,135.964,0.319,0.3068,0.3129,0.4075,0.0933,NORMAL,0,0,Windows,malam
23:21:02.818,135.991,0.3365,0.3102,0.3234,0.4075,0.0933,NORMAL,0,0,Windows,malam
23:21:02.847,136.02,0.3193,0.3128,0.316,0.396,0.0933,NORMAL,0,0,Windows,malam
23:21:02.907,136.08,0.3256,0.3206,0.3231,0.4019,0.0933,NORMAL,0,0,Windows,malam
23:21:02.942,136.115,0.3256,0.3206,0.3231,0.4014,0.0933,NORMAL,0,0,Windows,malam
23:21:02.976,136.149,0.3166,0.3342,0.3254,0.3897,0.0933,NORMAL,0,0,Windows,malam
23:21:03.006,136.178,0.3166,0.3342,0.3254,0.3914,0.0933,NORMAL,0,0,Windows,malam
23:21:03.038,136.211,0.33,0.3342,0.3321,0.3914,0.0933,NORMAL,0,0,Windows,malam
23:21:03.067,136.24,0.33,0.3342,0.3321,0.3914,0.0933,NORMAL,0,0,Windows,malam
23:21:03.096,136.268,0.3166,0.3342,0.3254,0.3881,0.0933,NORMAL,0,0,Windows,malam
23:21:03.130,136.303,0.3435,0.3342,0.3388,0.3865,0.0933,NORMAL,0,0,Windows,malam
23:21:03.162,136.334,0.3435,0.335,0.3393,0.3914,0.0933,NORMAL,0,0,Windows,malam
23:21:03.191,136.364,0.3435,0.3128,0.3282,0.3959,0.0933,NORMAL,0,0,Windows,malam
23:21:03.223,136.396,0.3435,0.3128,0.3282,0.3992,0.0933,NORMAL,0,0,Windows,malam
23:21:03.255,136.428,0.3435,0.3128,0.3282,0.3992,0.0933,NORMAL,0,0,Windows,malam
23:21:03.304,136.477,0.3435,0.3252,0.3344,0.4081,0.0933,NORMAL,0,0,Windows,malam
23:21:03.334,136.507,0.3533,0.3252,0.3393,0.4049,0.0933,NORMAL,0,0,Windows,malam
23:21:03.363,136.536,0.3533,0.3252,0.3393,0.4065,0.0933,NORMAL,0,0,Windows,malam
23:21:03.399,136.572,0.3409,0.3269,0.3339,0.4049,0.0933,NORMAL,0,0,Windows,malam
23:21:03.426,136.599,0.3409,0.3211,0.331,0.3941,0.0933,NORMAL,0,0,Windows,malam
23:21:03.460,136.632,0.3409,0.3194,0.3302,0.3917,0.0933,NORMAL,0,0,Windows,malam
23:21:03.496,136.669,0.3435,0.3402,0.3418,0.3856,0.0933,NORMAL,0,0,Windows,malam
23:21:03.522,136.695,0.3409,0.3402,0.3405,0.3833,0.0933,NORMAL,0,0,Windows,malam
23:21:03.555,136.728,0.33,0.3402,0.3351,0.3833,0.0933,NORMAL,0,0,Windows,malam
23:21:03.593,136.765,0.3268,0.3254,0.3261,0.3889,0.0933,NORMAL,0,0,Windows,malam
23:21:03.617,136.79,0.3268,0.3269,0.3269,0.3849,0.0933,NORMAL,0,0,Windows,malam
23:21:03.647,136.82,0.3268,0.3391,0.3329,0.391,0.0933,NORMAL,0,0,Windows,malam
23:21:03.704,136.877,0.3502,0.3386,0.3444,0.3885,0.0933,NORMAL,0,0,Windows,malam
23:21:03.726,136.899,0.364,0.3386,0.3513,0.3941,0.0933,NORMAL,0,0,Windows,malam
23:21:03.757,136.93,0.364,0.3479,0.356,0.3907,0.0933,NORMAL,0,0,Windows,malam
23:21:03.800,136.973,0.3539,0.352,0.353,0.4004,0.0933,NORMAL,0,0,Windows,malam
23:21:03.835,137.008,0.3811,0.3653,0.3732,0.3899,0.0933,NORMAL,0,0,Windows,malam
23:21:03.868,137.041,0.3674,0.3641,0.3658,0.382,0.0933,NORMAL,0,0,Windows,malam
23:21:03.895,137.068,0.3338,0.3429,0.3384,0.396,0.0933,NORMAL,0,0,Windows,malam
23:21:03.929,137.102,0.33,0.3068,0.3184,0.3997,0.0933,NORMAL,0,0,Windows,malam
23:21:03.961,137.134,0.3256,0.2932,0.3094,0.3993,0.0933,NORMAL,0,0,Windows,malam
23:21:03.992,137.165,0.3365,0.3095,0.323,0.3979,0.0933,NORMAL,0,0,Windows,malam
23:21:04.024,137.196,0.3138,0.3128,0.3133,0.4074,0.0933,NORMAL,0,0,Windows,malam
23:21:04.056,137.229,0.3224,0.3174,0.3199,0.3952,0.0933,NORMAL,0,0,Windows,malam
23:21:04.086,137.258,0.3224,0.318,0.3202,0.3919,0.0933,NORMAL,0,0,Windows,malam
23:21:04.117,137.29,0.3362,0.3311,0.3337,0.3968,0.0933,NORMAL,0,0,Windows,malam
23:21:04.148,137.321,0.3378,0.3277,0.3328,0.3877,0.0933,NORMAL,0,0,Windows,malam
23:21:04.199,137.372,0.3428,0.3575,0.3502,0.3909,0.0933,NORMAL,0,0,Windows,malam
23:21:04.228,137.401,0.3428,0.3481,0.3455,0.3909,0.0933,NORMAL,0,0,Windows,malam
23:21:04.258,137.431,0.3428,0.3481,0.3455,0.3952,0.0933,NORMAL,0,0,Windows,malam
23:21:04.297,137.47,0.3563,0.3466,0.3515,0.4001,0.0933,NORMAL,0,0,Windows,malam
23:21:04.320,137.493,0.3577,0.3481,0.3529,0.3982,0.0933,NORMAL,0,0,Windows,malam
23:21:04.351,137.524,0.355,0.3481,0.3516,0.3949,0.0933,NORMAL,0,0,Windows,malam
23:21:04.391,137.564,0.2255,0.2214,0.2235,0.4011,0.1,NORMAL,1,0,Windows,malam
23:21:04.428,137.601,0.1909,0.1723,0.1816,0.4042,0.1067,NORMAL,2,0,Windows,malam
23:21:04.461,137.633,0.1772,0.1772,0.1772,0.4042,0.1133,NORMAL,3,0,Windows,malam
23:21:04.492,137.664,0.1632,0.1772,0.1702,0.4105,0.12,NORMAL,4,0,Windows,malam
23:21:04.522,137.695,0.2611,0.2443,0.2527,0.4025,0.12,NORMAL,0,0,Windows,malam
23:21:04.553,137.726,0.3085,0.2983,0.3034,0.4075,0.12,NORMAL,0,0,Windows,malam
23:21:04.599,137.772,0.3138,0.3268,0.3203,0.4075,0.12,NORMAL,0,0,Windows,malam
23:21:04.632,137.805,0.3427,0.2992,0.321,0.4032,0.12,NORMAL,0,0,Windows,malam
23:21:04.662,137.835,0.3427,0.3095,0.3261,0.3996,0.12,NORMAL,0,0,Windows,malam
23:21:04.695,137.868,0.3427,0.3174,0.3301,0.3951,0.12,NORMAL,0,0,Windows,malam
23:21:04.725,137.898,0.3427,0.3174,0.3301,0.397,0.12,NORMAL,0,0,Windows,malam
23:21:04.756,137.929,0.3427,0.3245,0.3336,0.3953,0.12,NORMAL,0,0,Windows,malam
23:21:04.791,137.964,0.3361,0.3422,0.3392,0.4019,0.12,NORMAL,0,0,Windows,malam
23:21:04.819,137.992,0.3312,0.3288,0.33,0.402,0.12,NORMAL,0,0,Windows,malam
23:21:04.850,138.023,0.3312,0.3277,0.3295,0.402,0.12,NORMAL,0,0,Windows,malam
23:21:04.881,138.053,0.3312,0.3277,0.3295,0.4017,0.12,NORMAL,0,0,Windows,malam
23:21:04.914,138.087,0.3587,0.3145,0.3366,0.3979,0.12,NORMAL,0,0,Windows,malam
23:21:04.943,138.116,0.3546,0.3333,0.3439,0.392,0.12,NORMAL,0,0,Windows,malam
23:21:05.004,138.177,0.3262,0.3348,0.3305,0.3999,0.1133,NORMAL,0,0,Windows,malam
23:21:05.037,138.21,0.318,0.3262,0.3221,0.3978,0.1067,NORMAL,0,0,Windows,malam
23:21:05.068,138.24,0.3482,0.3348,0.3415,0.3971,0.1,NORMAL,0,0,Windows,malam
23:21:05.094,138.267,0.3676,0.3348,0.3512,0.3971,0.0933,NORMAL,0,0,Windows,malam
23:21:05.131,138.304,0.3405,0.3438,0.3421,0.4018,0.0867,NORMAL,0,0,Windows,malam
23:21:05.161,138.334,0.3368,0.3438,0.3403,0.4005,0.08,NORMAL,0,0,Windows,malam
23:21:05.207,138.38,0.3374,0.3484,0.3429,0.4008,0.0733,NORMAL,0,0,Windows,malam
23:21:05.239,138.412,0.3399,0.3444,0.3421,0.3977,0.0667,NORMAL,0,0,Windows,malam
23:21:05.271,138.444,0.3533,0.3482,0.3507,0.388,0.06,NORMAL,0,0,Windows,malam
23:21:05.303,138.475,0.3533,0.3482,0.3507,0.388,0.06,NORMAL,0,0,Windows,malam
23:21:05.335,138.508,0.3523,0.3354,0.3438,0.3877,0.06,NORMAL,0,0,Windows,malam
23:21:05.365,138.538,0.3523,0.3378,0.3451,0.3906,0.06,NORMAL,0,0,Windows,malam
23:21:05.399,138.572,0.3511,0.3378,0.3445,0.3968,0.06,NORMAL,0,0,Windows,malam
23:21:05.429,138.601,0.3657,0.3378,0.3518,0.3926,0.06,NORMAL,0,0,Windows,malam
23:21:05.459,138.632,0.3657,0.3506,0.3582,0.3944,0.06,NORMAL,0,0,Windows,malam
23:21:05.495,138.668,0.3657,0.3614,0.3636,0.3896,0.06,NORMAL,0,0,Windows,malam
23:21:05.522,138.695,0.3657,0.3524,0.3591,0.3829,0.06,NORMAL,0,0,Windows,malam
23:21:05.552,138.725,0.3631,0.351,0.3571,0.3882,0.06,NORMAL,0,0,Windows,malam
23:21:05.607,138.78,0.3622,0.3605,0.3613,0.3901,0.06,NORMAL,0,0,Windows,malam
23:21:05.632,138.805,0.3842,0.3519,0.3681,0.3819,0.06,NORMAL,0,0,Windows,malam
23:21:05.663,138.836,0.3874,0.3638,0.3756,0.3917,0.06,NORMAL,0,0,Windows,malam
23:21:05.694,138.867,0.3728,0.3638,0.3683,0.3917,0.06,NORMAL,0,0,Windows,malam
23:21:05.725,138.898,0.3768,0.3578,0.3673,0.3902,0.06,NORMAL,0,0,Windows,malam
23:21:05.757,138.929,0.3859,0.3638,0.3749,0.3895,0.06,NORMAL,0,0,Windows,malam
23:21:05.800,138.973,0.3734,0.3638,0.3686,0.3969,0.06,NORMAL,0,0,Windows,malam
23:21:05.835,139.008,0.366,0.3638,0.3649,0.3969,0.06,NORMAL,0,0,Windows,malam
23:21:05.865,139.038,0.3495,0.351,0.3502,0.3969,0.06,NORMAL,0,0,Windows,malam
23:21:05.896,139.069,0.3495,0.3544,0.3519,0.3985,0.06,NORMAL,0,0,Windows,malam
23:21:05.927,139.1,0.3523,0.3544,0.3534,0.4025,0.06,NORMAL,0,0,Windows,malam
23:21:05.958,139.131,0.3523,0.3544,0.3534,0.4076,0.06,NORMAL,0,0,Windows,malam
23:21:06.011,139.184,0.3755,0.3544,0.3649,0.3977,0.06,NORMAL,0,0,Windows,malam
23:21:06.037,139.21,0.3874,0.354,0.3707,0.3955,0.06,NORMAL,0,0,Windows,malam
23:21:06.070,139.243,0.3734,0.354,0.3637,0.3893,0.06,NORMAL,0,0,Windows,malam
23:21:06.117,139.29,0.3734,0.354,0.3637,0.3869,0.06,NORMAL,0,0,Windows,malam
23:21:06.151,139.324,0.3719,0.354,0.363,0.3892,0.06,NORMAL,0,0,Windows,malam
23:21:06.178,139.351,0.3594,0.3515,0.3554,0.3858,0.06,NORMAL,0,0,Windows,malam
23:21:06.210,139.382,0.3622,0.3251,0.3437,0.3924,0.06,NORMAL,0,0,Windows,malam
23:21:06.241,139.414,0.3533,0.3224,0.3378,0.3913,0.06,NORMAL,0,0,Windows,malam
23:21:06.271,139.444,0.3463,0.3224,0.3343,0.392,0.06,NORMAL,0,0,Windows,malam
23:21:06.305,139.478,0.3533,0.3444,0.3488,0.4055,0.06,NORMAL,0,0,Windows,malam
23:21:06.412,139.585,0.3533,0.3444,0.3488,0.3909,0.06,NORMAL,0,0,Windows,malam
23:21:06.445,139.618,0.3533,0.3444,0.3488,0.3909,0.06,NORMAL,0,0,Windows,malam
23:21:06.477,139.65,0.3533,0.3444,0.3488,0.3953,0.06,NORMAL,0,0,Windows,malam
23:21:06.504,139.677,0.342,0.3311,0.3365,0.3994,0.06,NORMAL,0,0,Windows,malam
23:21:06.539,139.712,0.3276,0.318,0.3228,0.4012,0.06,NORMAL,0,0,Windows,malam
23:21:06.601,139.774,0.1969,0.1721,0.1845,0.4112,0.0667,NORMAL,1,0,Windows,malam
23:21:06.636,139.808,0.2025,0.1772,0.1898,0.4112,0.0733,NORMAL,2,0,Windows,malam
23:21:06.667,139.84,0.1992,0.1772,0.1882,0.4102,0.08,NORMAL,3,0,Windows,malam
23:21:06.696,139.869,0.2576,0.1804,0.219,0.4131,0.0867,NORMAL,4,0,Windows,malam
23:21:06.731,139.904,0.2498,0.1857,0.2177,0.4137,0.0933,NORMAL,5,0,Windows,malam
23:21:06.762,139.935,0.2498,0.1821,0.216,0.411,0.1,NORMAL,6,0,Windows,malam
23:21:06.793,139.966,0.2728,0.1821,0.2275,0.4027,0.1067,NORMAL,7,0,Windows,malam
23:21:06.824,139.997,0.2834,0.2463,0.2648,0.3975,0.1067,NORMAL,0,0,Windows,malam
23:21:06.854,140.027,0.2895,0.2916,0.2906,0.4017,0.1067,NORMAL,0,0,Windows,malam
23:21:06.888,140.061,0.3071,0.2823,0.2947,0.4002,0.1067,NORMAL,0,0,Windows,malam
23:21:06.917,140.089,0.2947,0.2823,0.2885,0.4013,0.1067,NORMAL,0,0,Windows,malam
23:21:06.949,140.122,0.3178,0.3087,0.3132,0.4035,0.1067,NORMAL,0,0,Windows,malam
23:21:06.999,140.172,0.3352,0.3284,0.3318,0.4037,0.1067,NORMAL,0,0,Windows,malam
23:21:07.027,140.199,0.3352,0.3284,0.3318,0.4046,0.1067,NORMAL,0,0,Windows,malam
23:21:07.060,140.233,0.3352,0.3212,0.3282,0.4005,0.1067,NORMAL,0,0,Windows,malam
23:21:07.096,140.269,0.3496,0.3284,0.339,0.403,0.1067,NORMAL,0,0,Windows,malam
23:21:07.122,140.295,0.3496,0.3324,0.341,0.4042,0.1067,NORMAL,0,0,Windows,malam
23:21:07.155,140.328,0.3466,0.3307,0.3387,0.4042,0.1067,NORMAL,0,0,Windows,malam
23:21:07.186,140.359,0.3466,0.3324,0.3395,0.4011,0.1067,NORMAL,0,0,Windows,malam
23:21:07.216,140.389,0.3602,0.3549,0.3575,0.3971,0.1067,NORMAL,0,0,Windows,malam
23:21:07.247,140.419,0.3494,0.3547,0.3521,0.4003,0.1067,NORMAL,0,0,Windows,malam
23:21:07.280,140.453,0.3494,0.3313,0.3404,0.3952,0.1067,NORMAL,0,0,Windows,malam
23:21:07.312,140.485,0.3494,0.3498,0.3496,0.3972,0.1067,NORMAL,0,0,Windows,malam
23:21:07.343,140.516,0.3394,0.3547,0.3471,0.4031,0.1067,NORMAL,0,0,Windows,malam
23:21:07.401,140.574,0.3533,0.3564,0.3549,0.3959,0.1067,NORMAL,0,0,Windows,malam
23:21:07.436,140.609,0.3435,0.3467,0.3451,0.3929,0.1067,NORMAL,0,0,Windows,malam
23:21:07.466,140.639,0.3533,0.3467,0.35,0.3959,0.1067,NORMAL,0,0,Windows,malam
23:21:07.512,140.685,0.3565,0.3479,0.3522,0.4062,0.1067,NORMAL,0,0,Windows,malam
23:21:07.549,140.722,0.3707,0.3284,0.3495,0.3985,0.1067,NORMAL,0,0,Windows,malam
23:21:07.578,140.751,0.3667,0.3195,0.3431,0.3952,0.1067,NORMAL,0,0,Windows,malam
23:21:07.606,140.779,0.3529,0.3195,0.3362,0.3952,0.1,NORMAL,0,0,Windows,malam
23:21:07.639,140.812,0.3577,0.3284,0.343,0.3982,0.0933,NORMAL,0,0,Windows,malam
23:21:07.673,140.846,0.3533,0.3342,0.3437,0.393,0.0867,NORMAL,0,0,Windows,malam
23:21:07.701,140.874,0.3272,0.3359,0.3315,0.3887,0.08,NORMAL,0,0,Windows,malam
23:21:07.734,140.907,0.3396,0.3206,0.3301,0.3934,0.08,NORMAL,0,0,Windows,malam
23:21:07.766,140.939,0.3394,0.3436,0.3415,0.3957,0.0733,NORMAL,0,0,Windows,malam
23:21:07.801,140.974,0.3324,0.3379,0.3352,0.3963,0.0733,NORMAL,0,0,Windows,malam
23:21:07.827,141.0,0.3319,0.3234,0.3277,0.4034,0.0733,NORMAL,0,0,Windows,malam
23:21:07.858,141.031,0.3352,0.3234,0.3293,0.3987,0.0733,NORMAL,0,0,Windows,malam
23:21:07.912,141.085,0.339,0.3266,0.3328,0.4067,0.0733,NORMAL,0,0,Windows,malam
23:21:07.937,141.11,0.3268,0.3296,0.3282,0.3876,0.0733,NORMAL,0,0,Windows,malam
23:21:07.969,141.142,0.3268,0.3314,0.3291,0.3876,0.0733,NORMAL,0,0,Windows,malam
23:21:08.001,141.173,0.333,0.3323,0.3326,0.3876,0.0733,NORMAL,0,0,Windows,malam
23:21:08.030,141.203,0.339,0.3535,0.3463,0.3895,0.0733,NORMAL,0,0,Windows,malam
23:21:08.062,141.234,0.3361,0.3535,0.3448,0.3803,0.0733,NORMAL,0,0,Windows,malam
23:21:08.092,141.265,0.339,0.3424,0.3407,0.3873,0.0733,NORMAL,0,0,Windows,malam
23:21:08.125,141.298,0.3174,0.3479,0.3326,0.3724,0.0733,NORMAL,0,0,Windows,malam
23:21:08.156,141.329,0.3119,0.3149,0.3134,0.3748,0.0733,NORMAL,0,0,Windows,malam
23:21:08.200,141.373,0.3097,0.2908,0.3002,0.3825,0.0733,NORMAL,0,0,Windows,malam
23:21:08.235,141.408,0.3097,0.3055,0.3076,0.3848,0.0733,NORMAL,0,0,Windows,malam
23:21:08.266,141.438,0.3097,0.3078,0.3087,0.3911,0.0733,NORMAL,0,0,Windows,malam
23:21:08.297,141.47,0.3097,0.2782,0.294,0.3911,0.0733,NORMAL,0,0,Windows,malam
23:21:08.328,141.501,0.3097,0.3033,0.3065,0.3967,0.0733,NORMAL,0,0,Windows,malam
23:21:08.360,141.532,0.3389,0.3341,0.3365,0.3967,0.0733,NORMAL,0,0,Windows,malam
23:21:08.390,141.563,0.3389,0.3333,0.3361,0.4044,0.0733,NORMAL,0,0,Windows,malam
23:21:08.422,141.595,0.2829,0.2937,0.2883,0.3894,0.0733,NORMAL,0,0,Windows,malam
23:21:08.453,141.626,0.2491,0.2798,0.2644,0.3789,0.0733,NORMAL,0,0,Windows,malam
23:21:08.486,141.659,0.2491,0.2489,0.249,0.374,0.08,NORMAL,1,0,Windows,malam
23:21:08.518,141.691,0.2,0.194,0.197,0.3827,0.0867,NORMAL,2,0,Windows,malam
23:21:08.549,141.722,0.1998,0.1997,0.1997,0.3878,0.0933,NORMAL,3,0,Windows,malam
23:21:08.600,141.773,0.2282,0.2601,0.2442,0.3899,0.1,NORMAL,4,0,Windows,malam
23:21:08.628,141.8,0.2351,0.2677,0.2514,0.3879,0.1,NORMAL,0,0,Windows,malam
23:21:08.657,141.83,0.2351,0.2743,0.2547,0.3948,0.1,NORMAL,0,0,Windows,malam
23:21:08.688,141.861,0.2351,0.2882,0.2617,0.3939,0.1,NORMAL,0,0,Windows,malam
23:21:08.721,141.894,0.2607,0.3183,0.2895,0.3876,0.1,NORMAL,0,0,Windows,malam
23:21:08.752,141.925,0.2755,0.3015,0.2885,0.3856,0.1,NORMAL,0,0,Windows,malam
23:21:08.781,141.954,0.2894,0.3165,0.303,0.3856,0.1,NORMAL,0,0,Windows,malam
23:21:08.813,141.986,0.3119,0.294,0.303,0.3979,0.1,NORMAL,0,0,Windows,malam
23:21:08.845,142.018,0.3089,0.3015,0.3052,0.3936,0.1,NORMAL,0,0,Windows,malam
23:21:08.875,142.048,0.3193,0.3015,0.3104,0.3865,0.1,NORMAL,0,0,Windows,malam
23:21:08.904,142.077,0.3334,0.3296,0.3315,0.3865,0.1,NORMAL,0,0,Windows,malam
23:21:08.938,142.111,0.3432,0.3195,0.3313,0.392,0.1,NORMAL,0,0,Windows,malam
23:21:08.999,142.172,0.3361,0.3436,0.3399,0.3973,0.1,NORMAL,0,0,Windows,malam
23:21:09.033,142.206,0.3361,0.3577,0.3469,0.4129,0.1,NORMAL,0,0,Windows,malam
23:21:09.064,142.237,0.339,0.3577,0.3484,0.4128,0.1,NORMAL,0,0,Windows,malam
23:21:09.095,142.268,0.3529,0.3479,0.3504,0.4172,0.1,NORMAL,0,0,Windows,malam
23:21:09.126,142.299,0.3365,0.3467,0.3416,0.4062,0.1,NORMAL,0,0,Windows,malam
23:21:09.160,142.333,0.3504,0.3423,0.3463,0.4041,0.1,NORMAL,0,0,Windows,malam
23:21:09.190,142.363,0.3499,0.3577,0.3538,0.4041,0.1,NORMAL,0,0,Windows,malam
23:21:09.222,142.395,0.364,0.3704,0.3672,0.4025,0.1,NORMAL,0,0,Windows,malam
23:21:09.254,142.426,0.3361,0.3564,0.3463,0.3973,0.1,NORMAL,0,0,Windows,malam
23:21:09.284,142.457,0.3361,0.3577,0.3469,0.3972,0.1,NORMAL,0,0,Windows,malam
23:21:09.316,142.489,0.3667,0.3467,0.3567,0.3896,0.1,NORMAL,0,0,Windows,malam
23:21:09.347,142.52,0.3533,0.3467,0.35,0.3885,0.1,NORMAL,0,0,Windows,malam
23:21:09.400,142.573,0.3361,0.3436,0.3399,0.3783,0.1,NORMAL,0,0,Windows,malam
23:21:09.426,142.599,0.339,0.3495,0.3443,0.3783,0.1,NORMAL,0,0,Windows,malam
23:21:09.459,142.632,0.333,0.3479,0.3404,0.3829,0.1,NORMAL,0,0,Windows,malam
23:21:09.487,142.66,0.3361,0.3577,0.3469,0.3765,0.0933,NORMAL,0,0,Windows,malam
23:21:09.520,142.693,0.349,0.3606,0.3548,0.3873,0.0867,NORMAL,0,0,Windows,malam
23:21:09.552,142.725,0.3361,0.3594,0.3477,0.394,0.08,NORMAL,0,0,Windows,malam
23:21:09.581,142.754,0.346,0.3577,0.3519,0.399,0.0733,NORMAL,0,0,Windows,malam
23:21:09.614,142.786,0.3296,0.3414,0.3355,0.3908,0.0733,NORMAL,0,0,Windows,malam
23:21:09.644,142.817,0.3427,0.3258,0.3342,0.3927,0.0733,NORMAL,0,0,Windows,malam
23:21:09.676,142.848,0.329,0.3258,0.3274,0.3906,0.0733,NORMAL,0,0,Windows,malam
23:21:09.707,142.88,0.3398,0.3375,0.3386,0.3782,0.0733,NORMAL,0,0,Windows,malam
23:21:09.739,142.912,0.3361,0.3507,0.3434,0.3817,0.0733,NORMAL,0,0,Windows,malam
23:21:09.818,142.991,0.3529,0.3467,0.3498,0.3905,0.0733,NORMAL,0,0,Windows,malam
23:21:09.849,143.021,0.3528,0.3467,0.3498,0.3905,0.0733,NORMAL,0,0,Windows,malam
23:21:09.880,143.052,0.339,0.3479,0.3435,0.3825,0.0733,NORMAL,0,0,Windows,malam
23:21:09.912,143.085,0.339,0.3495,0.3443,0.3898,0.0733,NORMAL,0,0,Windows,malam
23:21:09.943,143.116,0.3361,0.3495,0.3428,0.3927,0.0733,NORMAL,0,0,Windows,malam
23:21:09.975,143.148,0.333,0.3253,0.3291,0.3927,0.0733,NORMAL,0,0,Windows,malam
23:21:10.005,143.178,0.339,0.3236,0.3313,0.4017,0.0733,NORMAL,0,0,Windows,malam
23:21:10.037,143.21,0.3402,0.3195,0.3298,0.3937,0.0733,NORMAL,0,0,Windows,malam
23:21:10.069,143.242,0.3431,0.311,0.327,0.3816,0.0733,NORMAL,0,0,Windows,malam
23:21:10.106,143.279,0.3577,0.3195,0.3386,0.3899,0.0733,NORMAL,0,0,Windows,malam
23:21:10.132,143.305,0.3268,0.3254,0.3261,0.3869,0.0733,NORMAL,0,0,Windows,malam
23:21:10.160,143.332,0.347,0.3395,0.3432,0.3877,0.0733,NORMAL,0,0,Windows,malam
23:21:10.216,143.389,0.347,0.3386,0.3428,0.3909,0.0733,NORMAL,0,0,Windows,malam
23:21:10.253,143.426,0.333,0.3386,0.3358,0.3895,0.0733,NORMAL,0,0,Windows,malam
23:21:10.283,143.456,0.3475,0.3386,0.343,0.3939,0.0733,NORMAL,0,0,Windows,malam
23:21:10.313,143.486,0.3506,0.3343,0.3425,0.3939,0.0733,NORMAL,0,0,Windows,malam
23:21:10.348,143.521,0.3475,0.3386,0.343,0.402,0.0733,NORMAL,0,0,Windows,malam
23:21:10.377,143.55,0.3475,0.3342,0.3408,0.4053,0.0733,NORMAL,0,0,Windows,malam
23:21:10.407,143.58,0.3506,0.3342,0.3424,0.4032,0.0733,NORMAL,0,0,Windows,malam
23:21:10.440,143.613,0.3365,0.3206,0.3285,0.4051,0.0733,NORMAL,0,0,Windows,malam
23:21:10.471,143.644,0.3334,0.3206,0.327,0.4052,0.0733,NORMAL,0,0,Windows,malam
23:21:10.503,143.676,0.333,0.3206,0.3268,0.3983,0.0733,NORMAL,0,0,Windows,malam
23:21:10.535,143.708,0.2424,0.199,0.2207,0.4102,0.08,NORMAL,1,0,Windows,malam
23:21:10.566,143.739,0.2279,0.194,0.211,0.4112,0.0867,NORMAL,2,0,Windows,malam
23:21:10.597,143.77,0.2138,0.2077,0.2107,0.4112,0.0933,NORMAL,3,0,Windows,malam
23:21:10.629,143.801,0.1315,0.1456,0.1385,0.4503,0.1,NORMAL,4,0,Windows,malam
23:21:10.660,143.833,0.1264,0.1193,0.1229,0.4651,0.1067,NORMAL,5,0,Windows,malam
23:21:10.690,143.863,0.1213,0.1456,0.1334,0.4693,0.1133,NORMAL,6,0,Windows,malam
23:21:10.723,143.896,0.1408,0.1416,0.1412,0.5034,0.12,NORMAL,7,0,Windows,malam
23:21:10.755,143.928,0.1228,0.1456,0.1342,0.4915,0.1267,NORMAL,8,0,Windows,malam
23:21:10.803,143.975,0.1367,0.1456,0.1411,0.5009,0.1333,NORMAL,9,0,Windows,malam
23:21:10.832,144.005,0.1686,0.1193,0.144,0.49,0.14,WARNING,10,0,Windows,malam
23:21:10.863,144.036,0.1824,0.1192,0.1508,0.4884,0.1467,WARNING,11,0,Windows,malam
23:21:10.897,144.07,0.2,0.1277,0.1639,0.4957,0.1533,WARNING,12,0,Windows,malam
23:21:10.928,144.101,0.2282,0.2047,0.2165,0.5042,0.16,WARNING,13,0,Windows,malam
23:21:10.959,144.132,0.2543,0.2047,0.2295,0.5106,0.1667,WARNING,14,0,Windows,malam
23:21:10.993,144.165,0.2543,0.2043,0.2293,0.5035,0.1733,WARNING,15,0,Windows,malam
23:21:11.021,144.194,0.2687,0.2564,0.2625,0.5331,0.1733,NORMAL,0,0,Windows,malam
23:21:11.051,144.224,0.2645,0.2564,0.2605,0.5257,0.1733,NORMAL,0,0,Windows,malam
23:21:11.083,144.256,0.2793,0.2421,0.2607,0.5342,0.1733,NORMAL,0,0,Windows,malam
23:21:11.111,144.284,0.2645,0.2421,0.2533,0.5508,0.1733,NORMAL,0,0,Windows,malam
23:21:11.145,144.318,0.2498,0.216,0.2329,0.5538,0.18,NORMAL,1,0,Windows,malam
23:21:11.175,144.348,0.2645,0.2332,0.2488,0.5491,0.1867,NORMAL,2,0,Windows,malam
23:21:11.211,144.384,0.2396,0.206,0.2228,0.5421,0.1933,NORMAL,3,0,Windows,malam
23:21:11.238,144.411,0.2543,0.2185,0.2364,0.5445,0.2,NORMAL,4,0,Windows,malam
23:21:11.269,144.442,0.2271,0.2118,0.2195,0.5397,0.2067,NORMAL,5,0,Windows,malam
23:21:11.305,144.478,0.2494,0.2275,0.2385,0.6,0.2133,NORMAL,6,0,Windows,malam
23:21:11.331,144.503,0.2466,0.2205,0.2336,0.5992,0.22,NORMAL,7,0,Windows,malam
23:21:11.360,144.533,0.2466,0.2351,0.2409,0.6045,0.2267,NORMAL,8,0,Windows,malam
23:21:11.416,144.589,0.2387,0.2577,0.2482,0.6425,0.2333,NORMAL,9,0,Windows,malam
23:21:11.439,144.612,0.2589,0.2499,0.2544,0.6468,0.2333,NORMAL,0,0,Windows,malam
23:21:11.469,144.642,0.2661,0.2577,0.2619,0.6468,0.2333,NORMAL,0,0,Windows,malam
23:21:11.512,144.684,0.2617,0.2352,0.2485,0.6585,0.24,NORMAL,1,1,Windows,malam
23:21:11.548,144.72,0.2764,0.2499,0.2631,0.661,0.24,NORMAL,0,2,Windows,malam
23:21:11.579,144.752,0.2914,0.2325,0.2619,0.6489,0.2333,NORMAL,0,0,Windows,malam
23:21:11.607,144.78,0.2914,0.2352,0.2633,0.6451,0.2267,NORMAL,0,0,Windows,malam
23:21:11.642,144.815,0.2824,0.2426,0.2625,0.661,0.22,NORMAL,0,1,Windows,malam
23:21:11.674,144.847,0.2828,0.2426,0.2627,0.661,0.2133,NORMAL,0,2,Windows,malam
23:21:11.705,144.878,0.2515,0.2426,0.247,0.649,0.2133,NORMAL,1,0,Windows,malam
23:21:11.736,144.908,0.2543,0.2275,0.2409,0.6586,0.2133,NORMAL,2,1,Windows,malam
23:21:11.765,144.938,0.2543,0.2275,0.2409,0.6648,0.2133,NORMAL,3,2,Windows,malam
23:21:11.817,144.989,0.2543,0.2173,0.2358,0.6684,0.22,NORMAL,4,3,Windows,malam
23:21:11.845,145.018,0.247,0.2205,0.2337,0.6794,0.2267,NORMAL,5,4,Windows,malam
23:21:11.878,145.051,0.247,0.219,0.233,0.6843,0.2333,NORMAL,6,5,Windows,malam
23:21:11.924,145.097,0.1789,0.1536,0.1663,0.6884,0.24,NORMAL,7,6,Windows,malam
23:21:11.954,145.127,0.1457,0.1276,0.1366,0.6955,0.2467,NORMAL,8,7,Windows,malam
23:21:11.986,145.159,0.1317,0.1276,0.1296,0.7004,0.2533,NORMAL,9,8,Windows,malam
23:21:12.019,145.191,0.1041,0.1118,0.108,0.7061,0.26,WARNING,10,9,Windows,malam
23:21:12.048,145.221,0.0904,0.0902,0.0903,0.7057,0.2667,WARNING,11,10,Windows,malam
23:21:12.080,145.253,0.088,0.0902,0.0891,0.7003,0.2733,WARNING,12,11,Windows,malam
23:21:12.121,145.294,0.0727,0.0652,0.0689,0.7329,0.28,WARNING,13,12,Windows,malam
23:21:12.144,145.317,0.0588,0.0766,0.0677,0.7278,0.2867,WARNING,14,13,Windows,malam
23:21:12.173,145.346,0.054,0.0556,0.0548,0.722,0.2933,WARNING,15,14,Windows,malam
23:21:12.215,145.388,0.0557,0.0571,0.0564,0.7383,0.3,WARNING,16,15,Windows,malam
23:21:12.239,145.412,0.0572,0.049,0.0531,0.7404,0.3067,WARNING,17,16,Windows,malam
23:21:12.269,145.442,0.0395,0.0404,0.0399,0.7331,0.3133,WARNING,18,17,Windows,malam
23:21:12.311,145.484,0.0526,0.0705,0.0616,0.7334,0.32,WARNING,19,18,Windows,malam
23:21:12.345,145.518,0.0658,0.0673,0.0666,0.7632,0.3267,DROWSY,20,19,Windows,malam
23:21:12.375,145.548,0.0526,0.0572,0.0549,0.7573,0.3333,DROWSY,21,20,Windows,malam
23:21:12.408,145.581,0.0557,0.0588,0.0573,0.7666,0.34,DROWSY,22,21,Windows,malam
23:21:12.439,145.611,0.0557,0.0556,0.0557,0.7796,0.3467,DROWSY,23,22,Windows,malam
23:21:12.469,145.642,0.0526,0.0556,0.0541,0.7962,0.3533,DROWSY,24,23,Windows,malam
23:21:12.520,145.693,0.0526,0.0414,0.047,0.7423,0.36,DROWSY,25,24,Windows,malam
23:21:12.546,145.719,0.0572,0.0414,0.0493,0.7156,0.3667,DROWSY,26,25,Windows,malam
23:21:12.579,145.751,0.0557,0.0587,0.0572,0.7106,0.3733,DROWSY,27,26,Windows,malam
23:21:12.616,145.789,0.0748,0.062,0.0684,0.6977,0.38,DROWSY,28,27,Windows,malam
23:21:12.643,145.815,0.1023,0.062,0.0822,0.7064,0.3867,DROWSY,29,28,Windows,malam
23:21:12.689,145.862,0.1023,0.0621,0.0822,0.7048,0.3933,DROWSY,30,29,Windows,malam
23:21:12.724,145.897,0.145,0.0995,0.1223,0.5757,0.4,DROWSY,31,0,Windows,malam
23:21:12.755,145.928,0.1637,0.1315,0.1476,0.5711,0.4067,DROWSY,32,0,Windows,malam
23:21:12.786,145.959,0.1938,0.1302,0.162,0.5587,0.4133,DROWSY,33,0,Windows,malam
23:21:12.818,145.991,0.2494,0.2191,0.2342,0.5504,0.42,DROWSY,34,0,Windows,malam
23:21:12.870,146.043,0.2722,0.2468,0.2595,0.5514,0.42,DROWSY,0,0,Windows,malam
23:21:12.896,146.069,0.2641,0.2399,0.252,0.5591,0.42,DROWSY,0,0,Windows,malam
23:21:12.946,146.119,0.2937,0.2567,0.2752,0.4899,0.42,DROWSY,0,0,Windows,malam
23:21:12.976,146.148,0.2782,0.2607,0.2695,0.4727,0.42,DROWSY,0,0,Windows,malam
23:21:13.007,146.179,0.2641,0.2607,0.2624,0.4696,0.42,DROWSY,0,0,Windows,malam
23:21:13.038,146.21,0.2782,0.2607,0.2695,0.4697,0.42,DROWSY,0,0,Windows,malam
23:21:13.071,146.244,0.2641,0.2468,0.2555,0.4745,0.42,DROWSY,0,0,Windows,malam
23:21:13.103,146.276,0.2789,0.2608,0.2698,0.4807,0.42,DROWSY,0,0,Windows,malam
23:21:13.133,146.306,0.2937,0.2886,0.2911,0.4697,0.42,DROWSY,0,0,Windows,malam
23:21:13.162,146.335,0.293,0.3065,0.2998,0.4577,0.42,DROWSY,0,0,Windows,malam
23:21:13.196,146.369,0.297,0.2988,0.2979,0.4577,0.42,DROWSY,0,0,Windows,malam
23:21:13.226,146.398,0.1993,0.1456,0.1725,0.4318,0.4267,DROWSY,1,0,Windows,malam
23:21:13.257,146.43,0.1872,0.1193,0.1533,0.4248,0.4333,DROWSY,2,0,Windows,malam
23:21:13.287,146.46,0.1586,0.1145,0.1365,0.4298,0.44,DROWSY,3,0,Windows,malam
23:21:13.321,146.494,0.0749,0.0572,0.0661,0.4335,0.4467,DROWSY,4,0,Windows,malam
23:21:13.351,146.523,0.0621,0.027,0.0446,0.4412,0.4533,DROWSY,5,0,Windows,malam
23:21:13.397,146.57,0.0729,0.0405,0.0567,0.4471,0.46,DROWSY,6,0,Windows,malam
23:21:13.429,146.602,0.1178,0.0748,0.0963,0.4412,0.4667,DROWSY,7,0,Windows,malam
23:21:13.460,146.633,0.1176,0.088,0.1028,0.4458,0.4733,DROWSY,8,0,Windows,malam
23:21:13.491,146.664,0.1126,0.0903,0.1015,0.4536,0.4733,DROWSY,9,0,Windows,malam
23:21:13.521,146.694,0.1497,0.1356,0.1426,0.4222,0.4733,DROWSY,10,0,Windows,malam
23:21:13.552,146.724,0.1313,0.1193,0.1253,0.4218,0.4733,DROWSY,11,0,Windows,malam
23:21:13.585,146.758,0.1452,0.1456,0.1454,0.4249,0.4733,DROWSY,12,0,Windows,malam
23:21:13.616,146.789,0.2389,0.2362,0.2376,0.4158,0.48,DROWSY,13,0,Windows,malam
23:21:13.647,146.82,0.2247,0.2321,0.2284,0.4034,0.4867,DROWSY,14,0,Windows,malam
23:21:13.695,146.868,0.2389,0.2184,0.2286,0.3961,0.4933,DROWSY,15,0,Windows,malam
23:21:13.723,146.896,0.2724,0.2645,0.2684,0.4345,0.4933,DROWSY,0,0,Windows,malam
23:21:13.757,146.93,0.2518,0.2355,0.2437,0.4443,0.5,DROWSY,1,0,Windows,malam
23:21:13.788,146.961,0.2724,0.2409,0.2566,0.4396,0.5,DROWSY,0,0,Windows,malam
23:21:13.816,146.989,0.3181,0.3143,0.3162,0.4362,0.5,DROWSY,0,0,Windows,malam
23:21:13.852,147.025,0.3205,0.3091,0.3148,0.4291,0.5,DROWSY,0,0,Windows,malam
23:21:13.881,147.054,0.3226,0.3081,0.3153,0.4249,0.5,DROWSY,0,0,Windows,malam
23:21:13.928,147.101,0.3021,0.3023,0.3022,0.4254,0.5,DROWSY,0,0,Windows,malam
23:21:13.959,147.132,0.2883,0.2874,0.2878,0.4289,0.5,DROWSY,0,0,Windows,malam
23:21:13.990,147.163,0.2869,0.3023,0.2946,0.4306,0.5,DROWSY,0,0,Windows,malam
23:21:14.036,147.209,0.2824,0.3173,0.2999,0.4242,0.5,DROWSY,0,0,Windows,malam
23:21:14.068,147.241,0.315,0.2949,0.305,0.4191,0.5,DROWSY,0,0,Windows,malam
23:21:14.097,147.27,0.3173,0.2862,0.3018,0.4122,0.5,DROWSY,0,0,Windows,malam
23:21:14.132,147.305,0.3326,0.333,0.3328,0.4232,0.5,DROWSY,0,0,Windows,malam
23:21:14.167,147.339,0.3333,0.3363,0.3348,0.4451,0.5,DROWSY,0,0,Windows,malam
23:21:14.193,147.366,0.3354,0.3103,0.3228,0.4305,0.5,DROWSY,0,0,Windows,malam
23:21:14.223,147.396,0.3854,0.4072,0.3963,0.4397,0.5,DROWSY,0,0,Windows,malam
23:21:14.256,147.428,0.3739,0.3939,0.3839,0.4551,0.5,DROWSY,0,0,Windows,malam
23:21:14.287,147.46,0.3854,0.3794,0.3824,0.4569,0.5,DROWSY,0,0,Windows,malam
23:21:14.316,147.489,0.376,0.3921,0.3841,0.4468,0.5,DROWSY,0,0,Windows,malam
23:21:14.347,147.52,0.3901,0.3812,0.3856,0.4503,0.5,DROWSY,0,0,Windows,malam
23:21:14.378,147.551,0.3901,0.3688,0.3794,0.4318,0.5,DROWSY,0,0,Windows,malam
23:21:14.424,147.597,0.3854,0.3939,0.3896,0.4442,0.5,DROWSY,0,0,Windows,malam
23:21:14.459,147.631,0.4026,0.384,0.3933,0.4476,0.5,DROWSY,0,0,Windows,malam
23:21:14.491,147.663,0.4026,0.384,0.3933,0.4444,0.5,DROWSY,0,0,Windows,malam
23:21:14.519,147.692,0.3986,0.384,0.3913,0.4584,0.5,DROWSY,0,0,Windows,malam
23:21:14.553,147.726,0.3998,0.3986,0.3992,0.4621,0.5,DROWSY,0,0,Windows,malam
23:21:14.587,147.759,0.3998,0.4141,0.407,0.4705,0.5,DROWSY,0,0,Windows,malam
23:21:14.617,147.79,0.3986,0.3845,0.3916,0.4584,0.5,DROWSY,0,0,Windows,malam
23:21:14.647,147.82,0.3842,0.3845,0.3844,0.4537,0.5,DROWSY,0,0,Windows,malam
23:21:14.680,147.852,0.3854,0.3845,0.3849,0.4566,0.5,DROWSY,0,0,Windows,malam
23:21:14.716,147.889,0.3998,0.3845,0.3922,0.4725,0.5,DROWSY,0,0,Windows,malam
23:21:14.743,147.916,0.3998,0.3829,0.3914,0.4834,0.5,DROWSY,0,0,Windows,malam
23:21:14.773,147.946,0.3998,0.3829,0.3914,0.4834,0.5,DROWSY,0,0,Windows,malam
23:21:14.823,147.996,0.3998,0.3829,0.3914,0.4912,0.5,DROWSY,0,0,Windows,malam
23:21:14.851,148.024,0.3998,0.3829,0.3914,0.4961,0.5,DROWSY,0,0,Windows,malam
23:21:14.883,148.056,0.3998,0.3829,0.3914,0.4961,0.5,DROWSY,0,0,Windows,malam
23:21:14.921,148.093,0.3998,0.3845,0.3922,0.5004,0.5,DROWSY,0,0,Windows,malam
23:21:14.961,148.134,0.4131,0.374,0.3936,0.5127,0.5,DROWSY,0,0,Windows,malam
23:21:14.992,148.165,0.4131,0.3766,0.3949,0.5096,0.5,DROWSY,0,0,Windows,malam
23:21:15.022,148.195,0.3402,0.3252,0.3327,0.4984,0.5,DROWSY,0,0,Windows,malam
23:21:15.053,148.226,0.3164,0.3087,0.3125,0.496,0.5,DROWSY,0,0,Windows,malam
23:21:15.085,148.258,0.3165,0.3087,0.3126,0.4809,0.5,DROWSY,0,0,Windows,malam
23:21:15.112,148.285,0.2822,0.243,0.2626,0.5012,0.5,DROWSY,0,0,Windows,malam
23:21:15.146,148.318,0.2578,0.2295,0.2436,0.5171,0.5067,DROWSY,1,0,Windows,malam
23:21:15.179,148.352,0.2719,0.2289,0.2504,0.5213,0.5133,DROWSY,2,0,Windows,malam
23:21:15.223,148.396,0.2944,0.2456,0.27,0.518,0.5133,DROWSY,0,0,Windows,malam
23:21:15.256,148.429,0.2861,0.2386,0.2623,0.521,0.5133,DROWSY,0,0,Windows,malam
23:21:15.288,148.461,0.2861,0.2523,0.2692,0.527,0.5133,DROWSY,0,0,Windows,malam
23:21:15.320,148.493,0.2436,0.2089,0.2263,0.522,0.52,DROWSY,1,0,Windows,malam
23:21:15.348,148.521,0.2295,0.2089,0.2192,0.5319,0.5267,DROWSY,2,0,Windows,malam
23:21:15.381,148.553,0.2295,0.2089,0.2192,0.5262,0.5333,DROWSY,3,0,Windows,malam
23:21:15.417,148.589,0.2295,0.2148,0.2222,0.5373,0.54,DROWSY,4,0,Windows,malam
23:21:15.442,148.615,0.2337,0.2315,0.2326,0.5259,0.5467,DROWSY,5,0,Windows,malam
23:21:15.473,148.646,0.2483,0.2355,0.2419,0.525,0.5533,DROWSY,6,0,Windows,malam
23:21:15.512,148.685,0.2271,0.2315,0.2293,0.5427,0.5533,DROWSY,7,0,Windows,malam
23:21:15.537,148.71,0.2131,0.2295,0.2213,0.5493,0.5533,DROWSY,8,0,Windows,malam
23:21:15.570,148.743,0.2413,0.2436,0.2425,0.5493,0.5533,DROWSY,9,0,Windows,malam
23:21:15.624,148.797,0.1656,0.1584,0.162,0.565,0.5533,DROWSY,10,0,Windows,malam
23:21:15.648,148.821,0.1209,0.132,0.1265,0.5863,0.5533,DROWSY,11,0,Windows,malam
23:21:15.679,148.852,0.1078,0.1303,0.119,0.5767,0.5533,DROWSY,12,0,Windows,malam
23:21:15.720,148.893,0.081,0.0832,0.0821,0.658,0.5533,DROWSY,13,1,Windows,malam
23:21:15.756,148.928,0.0691,0.071,0.0701,0.6457,0.5533,DROWSY,14,0,Windows,malam
23:21:15.787,148.96,0.0832,0.0573,0.0703,0.6435,0.5533,DROWSY,15,0,Windows,malam
23:21:15.817,148.99,0.1067,0.0588,0.0827,0.6748,0.5533,DROWSY,16,1,Windows,malam
23:21:15.850,149.023,0.1378,0.0809,0.1093,0.7052,0.5533,DROWSY,17,2,Windows,malam
23:21:15.879,149.052,0.1376,0.0914,0.1145,0.7051,0.5533,DROWSY,18,3,Windows,malam
23:21:15.912,149.085,0.1721,0.1499,0.161,0.7037,0.5533,DROWSY,19,4,Windows,malam
23:21:15.941,149.114,0.1887,0.1686,0.1786,0.718,0.5533,DROWSY,20,5,Windows,malam
23:21:15.987,149.16,0.1804,0.1644,0.1724,0.7235,0.5533,DROWSY,21,6,Windows,malam
23:21:16.024,149.197,0.1672,0.1408,0.154,0.6808,0.56,DROWSY,22,7,Windows,malam
23:21:16.050,149.223,0.1686,0.1356,0.1521,0.6843,0.5667,DROWSY,23,8,Windows,malam
23:21:16.081,149.254,0.1672,0.1356,0.1514,0.674,0.5733,DROWSY,24,9,Windows,malam
23:21:16.119,149.292,0.1104,0.0335,0.0719,0.6857,0.58,DROWSY,25,10,Windows,malam
23:21:16.146,149.319,0.075,0.0382,0.0566,0.7158,0.58,DROWSY,26,11,Windows,malam
23:21:16.175,149.348,0.0878,0.0382,0.063,0.7042,0.58,DROWSY,27,12,Windows,malam
23:21:16.218,149.391,0.0603,0.0125,0.0364,0.6921,0.58,DROWSY,28,13,Windows,malam
23:21:16.241,149.414,0.0588,0.0456,0.0522,0.6676,0.58,DROWSY,29,14,Windows,malam
23:21:16.273,149.446,0.0811,0.0345,0.0578,0.675,0.58,DROWSY,30,15,Windows,malam
23:21:16.316,149.489,0.0385,0.0294,0.0339,0.7086,0.58,DROWSY,31,16,Windows,malam
23:21:16.337,149.51,0.05,0.0414,0.0457,0.7199,0.58,DROWSY,32,17,Windows,malam
23:21:16.369,149.542,0.0625,0.0362,0.0494,0.7159,0.58,DROWSY,33,18,Windows,malam
23:21:16.426,149.599,0.05,0.0301,0.04,0.6994,0.58,DROWSY,34,19,Windows,malam
23:21:16.462,149.634,0.0438,0.0256,0.0347,0.7137,0.5867,DROWSY,35,20,Windows,malam
23:21:16.494,149.667,0.0543,0.0128,0.0335,0.6992,0.5933,DROWSY,36,21,Windows,malam
23:21:16.525,149.698,0.0641,0.0353,0.0497,0.7193,0.5933,DROWSY,37,22,Windows,malam
23:21:16.557,149.73,0.0641,0.0353,0.0497,0.7221,0.6,DROWSY,38,23,Windows,malam
23:21:16.586,149.759,0.0641,0.0353,0.0497,0.7327,0.6067,DROWSY,39,24,Windows,malam
23:21:16.615,149.787,0.0385,0.0125,0.0255,0.7169,0.6133,DROWSY,40,25,Windows,malam
23:21:16.649,149.822,0.0385,0.0122,0.0253,0.7249,0.62,DROWSY,41,26,Windows,malam
23:21:16.682,149.854,0.031,0.0243,0.0276,0.7069,0.6267,DROWSY,42,27,Windows,malam
23:21:16.728,149.901,0.0385,0.0122,0.0253,0.6671,0.6267,DROWSY,43,28,Windows,malam
23:21:16.765,149.938,0.0302,0.0125,0.0213,0.6341,0.6267,DROWSY,44,0,Windows,malam
23:21:16.792,149.965,0.0302,0.0125,0.0213,0.6331,0.6267,DROWSY,45,0,Windows,malam
23:21:16.824,149.997,0.0633,0.0301,0.0467,0.5494,0.6267,DROWSY,46,0,Windows,malam
23:21:16.853,150.026,0.0573,0.0467,0.052,0.5489,0.6267,DROWSY,47,0,Windows,malam
23:21:16.886,150.059,0.0707,0.0706,0.0707,0.5465,0.6267,DROWSY,48,0,Windows,malam
23:21:16.921,150.094,0.071,0.0675,0.0692,0.5221,0.6267,DROWSY,49,0,Windows,malam
23:21:16.949,150.122,0.0832,0.0692,0.0762,0.4954,0.6267,DROWSY,50,0,Windows,malam
23:21:16.979,150.152,0.0832,0.0868,0.085,0.4879,0.6267,DROWSY,51,0,Windows,malam
23:21:17.017,150.189,0.0913,0.1016,0.0964,0.4145,0.6267,DROWSY,52,0,Windows,malam
23:21:17.042,150.215,0.1031,0.1158,0.1095,0.4059,0.6267,DROWSY,53,0,Windows,malam
23:21:17.073,150.246,0.0913,0.1207,0.106,0.4041,0.6267,DROWSY,54,0,Windows,malam
23:21:17.127,150.3,0.1031,0.124,0.1136,0.3947,0.6267,DROWSY,55,0,Windows,malam
23:21:17.151,150.324,0.109,0.109,0.109,0.3983,0.6267,DROWSY,56,0,Windows,malam
23:21:17.181,150.354,0.1031,0.0913,0.0972,0.3975,0.6267,DROWSY,57,0,Windows,malam
23:21:17.224,150.397,0.1121,0.0973,0.1047,0.3834,0.6267,DROWSY,58,0,Windows,malam
23:21:17.260,150.432,0.1442,0.0973,0.1207,0.3925,0.6267,DROWSY,59,0,Windows,malam
23:21:17.290,150.463,0.1369,0.0877,0.1123,0.4043,0.6267,DROWSY,60,0,Windows,malam
23:21:17.318,150.491,0.1193,0.0808,0.1001,0.3768,0.6267,DROWSY,61,0,Windows,malam
23:21:17.353,150.526,0.1242,0.0788,0.1015,0.3736,0.6267,DROWSY,62,0,Windows,malam
23:21:17.416,150.589,0.1192,0.0868,0.103,0.3801,0.6267,DROWSY,63,0,Windows,malam
23:21:17.445,150.618,0.1043,0.0808,0.0926,0.3715,0.6267,DROWSY,64,0,Windows,malam
23:21:17.479,150.652,0.0949,0.0868,0.0908,0.3619,0.6267,DROWSY,65,0,Windows,malam
23:21:17.507,150.679,0.0869,0.0763,0.0816,0.3561,0.6267,DROWSY,66,0,Windows,malam
23:21:17.540,150.713,0.0868,0.0846,0.0857,0.3691,0.6267,DROWSY,67,0,Windows,malam
23:21:17.570,150.743,0.0973,0.0789,0.0881,0.3662,0.6267,DROWSY,68,0,Windows,malam
23:21:17.600,150.773,0.0808,0.0683,0.0746,0.3734,0.6267,DROWSY,69,0,Windows,malam
23:21:17.633,150.806,0.0973,0.0744,0.0859,0.3684,0.6267,DROWSY,70,0,Windows,malam
23:21:17.665,150.838,0.0937,0.0764,0.085,0.3683,0.6267,DROWSY,71,0,Windows,malam
23:21:17.699,150.872,0.0939,0.0846,0.0892,0.3734,0.6267,DROWSY,72,0,Windows,malam
23:21:17.726,150.899,0.2701,0.2097,0.2399,0.3683,0.6267,DROWSY,73,0,Windows,malam
23:21:17.760,150.933,0.2551,0.1883,0.2217,0.366,0.6267,DROWSY,74,0,Windows,malam
23:21:17.792,150.965,0.2551,0.1838,0.2194,0.3682,0.6267,DROWSY,75,0,Windows,malam
23:21:17.828,151.001,0.3698,0.3361,0.353,0.3802,0.62,DROWSY,0,0,Windows,malam
23:21:17.853,151.026,0.3266,0.333,0.3298,0.375,0.62,DROWSY,0,0,Windows,malam
23:21:17.886,151.059,0.3276,0.346,0.3368,0.3813,0.62,DROWSY,0,0,Windows,malam
23:21:17.928,151.101,0.3851,0.404,0.3945,0.3723,0.62,DROWSY,0,0,Windows,malam
23:21:17.965,151.138,0.3728,0.3633,0.368,0.3754,0.62,DROWSY,0,0,Windows,malam
23:21:17.997,151.17,0.3755,0.3633,0.3694,0.3706,0.62,DROWSY,0,0,Windows,malam
23:21:18.023,151.196,0.3909,0.3901,0.3905,0.3769,0.62,DROWSY,0,0,Windows,malam
23:21:18.057,151.23,0.3755,0.3794,0.3774,0.3712,0.62,DROWSY,0,0,Windows,malam
23:21:18.090,151.263,0.3649,0.3926,0.3788,0.3772,0.62,DROWSY,0,0,Windows,malam
23:21:18.120,151.293,0.387,0.3901,0.3885,0.3849,0.62,DROWSY,0,0,Windows,malam
23:21:18.152,151.325,0.404,0.4039,0.404,0.3781,0.62,DROWSY,0,0,Windows,malam
23:21:18.183,151.356,0.4134,0.4039,0.4087,0.3696,0.62,DROWSY,0,0,Windows,malam
23:21:18.216,151.389,0.4308,0.418,0.4244,0.3712,0.6133,DROWSY,0,0,Windows,malam
23:21:18.245,151.418,0.404,0.4065,0.4053,0.3707,0.6067,DROWSY,0,0,Windows,malam
23:21:18.277,151.45,0.4078,0.4051,0.4065,0.3723,0.6,DROWSY,0,0,Windows,malam
23:21:18.328,151.5,0.404,0.4039,0.404,0.3838,0.5933,DROWSY,0,0,Windows,malam
23:21:18.355,151.528,0.4052,0.4039,0.4046,0.3926,0.5867,DROWSY,0,0,Windows,malam
23:21:18.388,151.56,0.4026,0.4039,0.4033,0.3811,0.58,DROWSY,0,0,Windows,malam
23:21:18.423,151.596,0.3728,0.4051,0.3889,0.3816,0.5733,DROWSY,0,0,Windows,malam
23:21:18.449,151.622,0.3739,0.387,0.3804,0.3869,0.5667,DROWSY,0,0,Windows,malam
23:21:18.480,151.653,0.3728,0.387,0.3799,0.3853,0.56,DROWSY,0,0,Windows,malam
23:21:18.519,151.692,0.3698,0.3901,0.3799,0.3833,0.5533,DROWSY,0,0,Windows,malam
23:21:18.542,151.715,0.4014,0.3901,0.3957,0.3807,0.5467,DROWSY,0,0,Windows,malam
23:21:18.573,151.746,0.4014,0.3901,0.3957,0.3779,0.54,DROWSY,0,0,Windows,malam
23:21:18.619,151.791,0.3728,0.4014,0.3871,0.3711,0.5333,DROWSY,0,0,Windows,malam
23:21:18.653,151.825,0.3698,0.4039,0.3869,0.3724,0.5267,DROWSY,0,0,Windows,malam
23:21:18.685,151.858,0.3698,0.4099,0.3898,0.375,0.52,DROWSY,0,0,Windows,malam
23:21:18.728,151.901,0.4052,0.3901,0.3976,0.3807,0.52,DROWSY,0,0,Windows,malam
23:21:18.761,151.934,0.388,0.3901,0.389,0.3716,0.5133,DROWSY,0,0,Windows,malam
23:21:18.795,151.967,0.3917,0.3881,0.3899,0.3707,0.5133,DROWSY,0,0,Windows,malam
23:21:18.824,151.996,0.4026,0.3901,0.3963,0.3735,0.5133,DROWSY,0,0,Windows,malam
23:21:18.856,152.028,0.4134,0.3912,0.4023,0.3816,0.5133,DROWSY,0,0,Windows,malam
23:21:18.885,152.058,0.404,0.3771,0.3905,0.3794,0.5133,DROWSY,0,0,Windows,malam
23:21:18.918,152.091,0.4014,0.3755,0.3884,0.3821,0.5133,DROWSY,0,0,Windows,malam
23:21:18.947,152.12,0.3937,0.3885,0.3911,0.3883,0.5133,DROWSY,0,0,Windows,malam
23:21:18.980,152.153,0.4052,0.4014,0.4033,0.3839,0.5133,DROWSY,0,0,Windows,malam
23:21:19.032,152.205,0.3554,0.342,0.3487,0.3882,0.5133,DROWSY,0,0,Windows,malam
23:21:19.057,152.23,0.3237,0.3266,0.3251,0.3803,0.5133,DROWSY,0,0,Windows,malam
23:21:19.087,152.26,0.3318,0.3323,0.332,0.3854,0.5133,DROWSY,0,0,Windows,malam
23:21:19.127,152.3,0.246,0.2389,0.2424,0.392,0.52,DROWSY,1,0,Windows,malam
23:21:19.151,152.324,0.2566,0.2439,0.2502,0.3899,0.5267,DROWSY,2,0,Windows,malam
23:21:19.181,152.354,0.2566,0.2439,0.2502,0.3972,0.5333,DROWSY,3,0,Windows,malam
23:21:19.224,152.397,0.1985,0.2139,0.2062,0.393,0.54,DROWSY,4,0,Windows,malam
23:21:19.259,152.432,0.2116,0.2139,0.2128,0.3913,0.5467,DROWSY,5,0,Windows,malam
23:21:19.288,152.461,0.2016,0.2139,0.2078,0.3932,0.5533,DROWSY,6,0,Windows,malam
23:21:19.321,152.493,0.2265,0.2139,0.2202,0.4013,0.56,DROWSY,7,0,Windows,malam
23:21:19.365,152.538,0.2116,0.1989,0.2053,0.3927,0.5667,DROWSY,8,0,Windows,malam
23:21:19.399,152.572,0.2079,0.2139,0.2109,0.4025,0.5733,DROWSY,9,0,Windows,malam
23:21:19.431,152.604,0.2079,0.2139,0.2109,0.4022,0.58,DROWSY,10,0,Windows,malam
23:21:19.460,152.633,0.2165,0.1997,0.2081,0.4078,0.5867,DROWSY,11,0,Windows,malam
23:21:19.491,152.664,0.2134,0.1857,0.1995,0.3969,0.5933,DROWSY,12,0,Windows,malam
23:21:19.526,152.699,0.2165,0.217,0.2168,0.3908,0.6,DROWSY,13,0,Windows,malam
23:21:19.553,152.726,0.2233,0.2139,0.2186,0.3908,0.6067,DROWSY,14,0,Windows,malam
23:21:19.585,152.758,0.2197,0.2139,0.2168,0.3876,0.6133,DROWSY,15,0,Windows,malam
23:21:19.624,152.797,0.2197,0.2289,0.2243,0.3929,0.62,DROWSY,16,0,Windows,malam
23:21:19.649,152.822,0.2165,0.2252,0.2209,0.3781,0.6267,DROWSY,17,0,Windows,malam
23:21:19.681,152.854,0.2165,0.2279,0.2222,0.3824,0.6333,DROWSY,18,0,Windows,malam
23:21:19.720,152.893,0.2343,0.2139,0.2241,0.3909,0.64,DROWSY,19,0,Windows,malam
23:21:19.746,152.919,0.2265,0.2138,0.2201,0.3976,0.6467,DROWSY,20,0,Windows,malam
23:21:19.777,152.95,0.2233,0.1931,0.2082,0.3976,0.6533,DROWSY,21,0,Windows,malam
23:21:19.831,153.004,0.2421,0.2252,0.2337,0.3941,0.66,DROWSY,22,0,Windows,malam
23:21:19.853,153.026,0.2566,0.2076,0.2321,0.3993,0.6667,DROWSY,23,0,Windows,malam
23:21:19.884,153.057,0.2494,0.2076,0.2285,0.3907,0.6733,DROWSY,24,0,Windows,malam
23:21:19.927,153.1,0.232,0.1989,0.2155,0.3845,0.68,DROWSY,25,0,Windows,malam
23:21:19.961,153.134,0.214,0.2,0.207,0.3865,0.6867,DROWSY,26,0,Windows,malam
23:21:19.993,153.166,0.214,0.1821,0.1981,0.3865,0.6933,DROWSY,27,0,Windows,malam
23:21:20.024,153.197,0.2,0.184,0.192,0.3881,0.7,DROWSY,28,0,Windows,malam
23:21:20.055,153.228,0.2,0.184,0.192,0.3887,0.7067,DROWSY,29,0,Windows,malam
23:21:20.087,153.259,0.1997,0.1786,0.1892,0.3887,0.7133,DROWSY,30,0,Windows,malam
23:21:20.120,153.292,0.1857,0.1499,0.1678,0.3871,0.72,DROWSY,31,0,Windows,malam
23:21:20.150,153.322,0.1859,0.1499,0.1679,0.3991,0.72,DROWSY,32,0,Windows,malam
23:21:20.181,153.354,0.1824,0.1497,0.166,0.4011,0.72,DROWSY,33,0,Windows,malam
23:21:20.231,153.404,0.1824,0.1178,0.1501,0.3961,0.7267,DROWSY,34,0,Windows,malam
23:21:20.260,153.432,0.1686,0.1317,0.1501,0.3961,0.7333,DROWSY,35,0,Windows,malam
23:21:20.292,153.465,0.1677,0.1317,0.1497,0.3961,0.74,DROWSY,36,0,Windows,malam
23:21:20.329,153.501,0.1719,0.1497,0.1608,0.3866,0.74,DROWSY,37,0,Windows,malam
23:21:20.353,153.526,0.1684,0.1495,0.1589,0.3898,0.74,DROWSY,38,0,Windows,malam
23:21:20.383,153.556,0.1821,0.1495,0.1658,0.3847,0.74,DROWSY,39,0,Windows,malam
23:21:20.426,153.599,0.1495,0.1317,0.1406,0.3919,0.74,DROWSY,40,0,Windows,malam
23:21:20.461,153.634,0.1495,0.1178,0.1337,0.3897,0.74,DROWSY,41,0,Windows,malam
23:21:20.494,153.667,0.1454,0.1178,0.1316,0.3919,0.74,DROWSY,42,0,Windows,malam
23:21:20.525,153.698,0.1495,0.1193,0.1344,0.3941,0.74,DROWSY,43,0,Windows,malam
23:21:20.557,153.73,0.1454,0.1145,0.13,0.3941,0.74,DROWSY,44,0,Windows,malam
23:21:20.587,153.759,0.1495,0.1317,0.1406,0.3952,0.74,DROWSY,45,0,Windows,malam
23:21:20.632,153.805,0.1539,0.1263,0.1401,0.389,0.74,DROWSY,46,0,Windows,malam
23:21:20.666,153.839,0.1771,0.1317,0.1544,0.3934,0.74,DROWSY,47,0,Windows,malam
23:21:20.698,153.871,0.1771,0.1227,0.1499,0.3911,0.74,DROWSY,48,0,Windows,malam
23:21:20.735,153.907,0.2564,0.2844,0.2704,0.3909,0.7333,DROWSY,0,0,Windows,malam
23:21:20.761,153.934,0.293,0.3103,0.3016,0.3933,0.7267,DROWSY,0,0,Windows,malam
23:21:20.792,153.965,0.3259,0.3112,0.3186,0.3933,0.72,DROWSY,0,0,Windows,malam
23:21:20.823,153.996,0.3164,0.3258,0.3211,0.383,0.7133,DROWSY,0,0,Windows,malam
23:21:20.853,154.026,0.3313,0.3402,0.3357,0.3782,0.7067,DROWSY,0,0,Windows,malam
23:21:20.884,154.057,0.3457,0.3402,0.3429,0.3875,0.7,DROWSY,0,0,Windows,malam
23:21:20.920,154.092,0.3383,0.341,0.3397,0.3878,0.6933,DROWSY,0,0,Windows,malam
23:21:20.948,154.12,0.3354,0.3314,0.3334,0.3824,0.6867,DROWSY,0,0,Windows,malam
23:21:20.977,154.15,0.3354,0.3345,0.335,0.3872,0.68,DROWSY,0,0,Windows,malam
23:21:21.032,154.205,0.366,0.3633,0.3646,0.379,0.6733,DROWSY,0,0,Windows,malam
23:21:21.055,154.228,0.3633,0.3622,0.3628,0.3784,0.6667,DROWSY,0,0,Windows,malam
23:21:21.087,154.26,0.3565,0.3523,0.3544,0.3802,0.66,DROWSY,0,0,Windows,malam
23:21:21.128,154.301,0.3775,0.3594,0.3684,0.3668,0.6533,DROWSY,0,0,Windows,malam
23:21:21.150,154.322,0.3747,0.3622,0.3685,0.3668,0.6467,DROWSY,0,0,Windows,malam
23:21:21.182,154.354,0.3747,0.3622,0.3685,0.3792,0.64,DROWSY,0,0,Windows,malam
23:21:21.224,154.397,0.3747,0.3622,0.3685,0.3805,0.6333,DROWSY,0,0,Windows,malam
23:21:21.258,154.431,0.3747,0.3594,0.367,0.38,0.6267,DROWSY,0,0,Windows,malam
23:21:21.292,154.464,0.3747,0.3453,0.36,0.3771,0.62,DROWSY,0,0,Windows,malam
23:21:21.335,154.508,0.3766,0.3594,0.368,0.3771,0.6133,DROWSY,0,0,Windows,malam
23:21:21.369,154.542,0.4052,0.3594,0.3823,0.3793,0.6067,DROWSY,0,0,Windows,malam
23:21:21.401,154.573,0.3945,0.3734,0.3839,0.3836,0.6,DROWSY,0,0,Windows,malam
23:21:21.433,154.606,0.4035,0.3734,0.3884,0.3763,0.5933,DROWSY,0,0,Windows,malam
23:21:21.464,154.637,0.4026,0.3744,0.3885,0.3815,0.5867,DROWSY,0,0,Windows,malam
23:21:21.495,154.668,0.3912,0.3734,0.3823,0.3746,0.58,DROWSY,0,0,Windows,malam
23:21:21.528,154.701,0.3912,0.3734,0.3823,0.379,0.5733,DROWSY,0,0,Windows,malam
23:21:21.571,154.744,0.3774,0.3734,0.3754,0.3826,0.5667,DROWSY,0,0,Windows,malam
23:21:21.604,154.777,0.3774,0.3734,0.3754,0.3869,0.56,DROWSY,0,0,Windows,malam
23:21:21.635,154.808,0.3502,0.3482,0.3492,0.3748,0.5533,DROWSY,0,0,Windows,malam
23:21:21.666,154.839,0.3224,0.3214,0.3219,0.3748,0.5467,DROWSY,0,0,Windows,malam
23:21:21.698,154.871,0.3224,0.3327,0.3276,0.3784,0.54,DROWSY,0,0,Windows,malam
23:21:21.736,154.909,0.3224,0.3183,0.3203,0.3902,0.5333,DROWSY,0,0,Windows,malam
23:21:21.760,154.933,0.3323,0.341,0.3366,0.3902,0.5267,DROWSY,0,0,Windows,malam
23:21:21.792,154.964,0.3323,0.341,0.3366,0.3902,0.52,DROWSY,0,0,Windows,malam
23:21:21.831,155.004,0.3452,0.3266,0.3359,0.3866,0.5133,DROWSY,0,0,Windows,malam
23:21:21.855,155.027,0.3323,0.3103,0.3213,0.3804,0.5067,DROWSY,0,0,Windows,malam
23:21:21.885,155.058,0.3323,0.3103,0.3213,0.3804,0.5,DROWSY,0,0,Windows,malam
23:21:21.927,155.1,0.3758,0.4014,0.3886,0.3837,0.4933,DROWSY,0,0,Windows,malam
23:21:21.964,155.137,0.3804,0.3792,0.3798,0.385,0.4867,DROWSY,0,0,Windows,malam
23:21:21.996,155.169,0.3779,0.3929,0.3854,0.3769,0.48,DROWSY,0,0,Windows,malam
23:21:22.025,155.198,0.3957,0.4186,0.4071,0.3877,0.4733,DROWSY,0,0,Windows,malam
23:21:22.058,155.231,0.41,0.4064,0.4082,0.3879,0.4667,DROWSY,0,0,Windows,malam
23:21:22.087,155.259,0.41,0.3955,0.4028,0.387,0.46,DROWSY,0,0,Windows,malam
23:21:22.135,155.308,0.4088,0.4075,0.4081,0.3784,0.4533,DROWSY,0,0,Windows,malam
23:21:22.166,155.339,0.4212,0.4088,0.415,0.3877,0.4467,DROWSY,0,0,Windows,malam
23:21:22.197,155.37,0.4212,0.4201,0.4206,0.3842,0.44,DROWSY,0,0,Windows,malam
23:21:22.231,155.404,0.4088,0.4212,0.415,0.3914,0.4333,DROWSY,0,0,Windows,malam
23:21:22.261,155.434,0.4078,0.3999,0.4039,0.3952,0.4267,DROWSY,0,0,Windows,malam
23:21:22.292,155.464,0.3941,0.4024,0.3983,0.402,0.42,DROWSY,0,0,Windows,malam
23:21:22.329,155.502,0.3885,0.4039,0.3962,0.4027,0.4133,DROWSY,0,0,Windows,malam
23:21:22.354,155.527,0.3912,0.4051,0.3981,0.3961,0.4067,DROWSY,0,0,Windows,malam
23:21:22.385,155.558,0.3912,0.4053,0.3982,0.3846,0.4,DROWSY,0,0,Windows,malam
23:21:22.424,155.597,0.3912,0.4153,0.4032,0.3839,0.3933,DROWSY,0,0,Windows,malam
23:21:22.447,155.62,0.3912,0.3939,0.3926,0.3803,0.3867,DROWSY,0,0,Windows,malam
23:21:22.478,155.651,0.3974,0.3929,0.3951,0.3809,0.38,DROWSY,0,0,Windows,malam
23:21:22.536,155.709,0.3912,0.3929,0.392,0.3719,0.3733,DROWSY,0,0,Windows,malam
23:21:22.572,155.744,0.3912,0.3904,0.3908,0.3689,0.3667,DROWSY,0,0,Windows,malam
23:21:22.602,155.775,0.3774,0.3904,0.3839,0.3689,0.36,DROWSY,0,0,Windows,malam
23:21:22.631,155.804,0.4053,0.3768,0.391,0.3685,0.3533,DROWSY,0,0,Windows,malam
23:21:22.666,155.839,0.3912,0.3915,0.3913,0.3734,0.3467,NORMAL,0,0,Windows,malam
23:21:22.697,155.87,0.392,0.3905,0.3912,0.3734,0.34,NORMAL,0,0,Windows,malam
23:21:22.728,155.901,0.3912,0.3891,0.3901,0.3787,0.3333,NORMAL,0,0,Windows,malam
23:21:22.760,155.933,0.4053,0.3779,0.3916,0.3709,0.3267,NORMAL,0,0,Windows,malam
23:21:22.792,155.965,0.392,0.3779,0.385,0.3747,0.32,NORMAL,0,0,Windows,malam
23:21:22.825,155.998,0.3836,0.387,0.3853,0.3855,0.32,NORMAL,0,0,Windows,malam
23:21:22.852,156.024,0.3941,0.3779,0.386,0.3866,0.32,NORMAL,0,0,Windows,malam
23:21:22.882,156.055,0.3949,0.3763,0.3856,0.3961,0.32,NORMAL,0,0,Windows,malam
23:21:22.935,156.108,0.392,0.387,0.3895,0.4004,0.32,NORMAL,0,0,Windows,malam
23:21:22.961,156.134,0.3804,0.3859,0.3831,0.4019,0.32,NORMAL,0,0,Windows,malam
23:21:22.991,156.164,0.3804,0.3779,0.3792,0.3954,0.32,NORMAL,0,0,Windows,malam
23:21:23.032,156.205,0.3533,0.3794,0.3663,0.3921,0.32,NORMAL,0,0,Windows,malam
23:21:23.056,156.229,0.3399,0.3645,0.3522,0.3964,0.32,NORMAL,0,0,Windows,malam
23:21:23.088,156.261,0.3399,0.3747,0.3573,0.3902,0.32,NORMAL,0,0,Windows,malam
23:21:23.128,156.301,0.1044,0.1278,0.1161,0.4106,0.3267,NORMAL,1,0,Windows,malam
23:21:23.163,156.336,0.081,0.0974,0.0892,0.4218,0.3333,NORMAL,2,0,Windows,malam
23:21:23.196,156.369,0.0789,0.0974,0.0882,0.422,0.34,NORMAL,3,0,Windows,malam
23:21:23.228,156.401,0.1332,0.1536,0.1434,0.4271,0.3467,NORMAL,4,0,Windows,malam
23:21:23.259,156.432,0.1806,0.1804,0.1805,0.4348,0.3533,DROWSY,5,0,Windows,malam
23:21:23.292,156.465,0.1806,0.194,0.1873,0.4429,0.36,DROWSY,6,0,Windows,malam
23:21:23.336,156.509,0.2421,0.2683,0.2552,0.4352,0.36,DROWSY,0,0,Windows,malam
23:21:23.369,156.542,0.2641,0.3085,0.2863,0.4339,0.36,DROWSY,0,0,Windows,malam
23:21:23.401,156.574,0.2707,0.2851,0.2779,0.4227,0.36,DROWSY,0,0,Windows,malam
23:21:23.436,156.609,0.2977,0.3132,0.3054,0.4201,0.36,DROWSY,0,0,Windows,malam
23:21:23.462,156.635,0.327,0.342,0.3345,0.4223,0.36,DROWSY,0,0,Windows,malam
23:21:23.495,156.668,0.3174,0.3266,0.322,0.4184,0.36,DROWSY,0,0,Windows,malam
23:21:23.529,156.702,0.1861,0.2214,0.2038,0.4175,0.3667,DROWSY,1,0,Windows,malam
23:21:23.554,156.727,0.1861,0.2125,0.1993,0.436,0.3733,DROWSY,2,0,Windows,malam
23:21:23.588,156.761,0.1861,0.2125,0.1993,0.4284,0.38,DROWSY,3,0,Windows,malam
23:21:23.640,156.813,0.1002,0.0984,0.0993,0.4523,0.3867,DROWSY,4,0,Windows,malam
23:21:23.664,156.837,0.0869,0.0709,0.0789,0.4626,0.3933,DROWSY,5,0,Windows,malam
23:21:23.695,156.868,0.0684,0.0684,0.0684,0.4632,0.4,DROWSY,6,0,Windows,malam
23:21:23.735,156.908,0.1539,0.1687,0.1613,0.4224,0.4067,DROWSY,7,0,Windows,malam
23:21:23.757,156.93,0.1673,0.2049,0.1861,0.409,0.4133,DROWSY,8,0,Windows,malam
23:21:23.788,156.961,0.1943,0.2191,0.2067,0.3988,0.42,DROWSY,9,0,Windows,malam
23:21:23.832,157.005,0.2808,0.3183,0.2995,0.4359,0.42,DROWSY,0,0,Windows,malam
23:21:23.867,157.04,0.3164,0.341,0.3287,0.4418,0.42,DROWSY,0,0,Windows,malam
23:21:23.897,157.07,0.3427,0.3434,0.3431,0.4577,0.42,DROWSY,0,0,Windows,malam
23:21:23.929,157.102,0.3624,0.3565,0.3595,0.479,0.42,DROWSY,0,0,Windows,malam
23:21:23.959,157.132,0.3624,0.3606,0.3615,0.4824,0.42,DROWSY,0,0,Windows,malam
23:21:23.990,157.163,0.3482,0.3616,0.3549,0.4824,0.42,DROWSY,0,0,Windows,malam
23:21:24.039,157.212,0.3673,0.3594,0.3633,0.4346,0.42,DROWSY,0,0,Windows,malam
23:21:24.067,157.24,0.3633,0.3577,0.3605,0.411,0.42,DROWSY,0,0,Windows,malam
23:21:24.100,157.272,0.364,0.3517,0.3578,0.393,0.42,DROWSY,0,0,Windows,malam
23:21:24.137,157.31,0.364,0.3533,0.3586,0.3785,0.4133,DROWSY,0,0,Windows,malam
23:21:24.162,157.334,0.364,0.3396,0.3518,0.3767,0.4067,DROWSY,0,0,Windows,malam
23:21:24.192,157.365,0.364,0.3396,0.3518,0.3734,0.4,DROWSY,0,0,Windows,malam
23:21:24.232,157.404,0.3633,0.3396,0.3514,0.3724,0.3933,DROWSY,0,0,Windows,malam
23:21:24.253,157.426,0.3633,0.3533,0.3583,0.3825,0.3867,DROWSY,0,0,Windows,malam
23:21:24.285,157.458,0.366,0.3533,0.3596,0.3863,0.38,DROWSY,0,0,Windows,malam
23:21:24.329,157.502,0.3667,0.3533,0.36,0.3903,0.3733,DROWSY,0,0,Windows,malam
23:21:24.364,157.536,0.3667,0.3533,0.36,0.3928,0.3667,DROWSY,0,0,Windows,malam
23:21:24.396,157.569,0.3667,0.3533,0.36,0.3951,0.36,DROWSY,0,0,Windows,malam
23:21:24.426,157.599,0.3667,0.3533,0.36,0.4021,0.3533,DROWSY,0,0,Windows,malam
23:21:24.456,157.629,0.3565,0.3533,0.3549,0.3955,0.3467,NORMAL,0,0,Windows,malam
23:21:24.489,157.662,0.3539,0.3533,0.3536,0.3824,0.34,NORMAL,0,0,Windows,malam
23:21:24.537,157.71,0.3559,0.3523,0.3541,0.3886,0.3333,NORMAL,0,0,Windows,malam
23:21:24.567,157.739,0.366,0.3523,0.3591,0.3891,0.3267,NORMAL,0,0,Windows,malam
23:21:24.597,157.77,0.3699,0.376,0.373,0.3874,0.32,NORMAL,0,0,Windows,malam
23:21:24.632,157.804,0.366,0.3728,0.3694,0.3887,0.3133,NORMAL,0,0,Windows,malam
23:21:24.660,157.833,0.3533,0.3633,0.3583,0.3906,0.3067,NORMAL,0,0,Windows,malam
23:21:24.691,157.864,0.3604,0.3463,0.3533,0.3906,0.3,NORMAL,0,0,Windows,malam
23:21:24.727,157.9,0.3594,0.3728,0.3661,0.3911,0.2933,NORMAL,0,0,Windows,malam
23:21:24.755,157.928,0.3763,0.3583,0.3673,0.398,0.2867,NORMAL,0,0,Windows,malam
23:21:24.786,157.959,0.3713,0.3728,0.372,0.3976,0.28,NORMAL,0,0,Windows,malam
23:21:24.816,157.989,0.3684,0.3728,0.3706,0.3976,0.2733,NORMAL,0,0,Windows,malam
23:21:24.847,158.019,0.3788,0.4014,0.3901,0.3797,0.2667,NORMAL,0,0,Windows,malam
23:21:24.878,158.051,0.3739,0.3633,0.3686,0.3733,0.26,NORMAL,0,0,Windows,malam
23:21:24.935,158.108,0.3633,0.3606,0.3619,0.3788,0.2533,NORMAL,0,0,Windows,malam
23:21:24.959,158.131,0.364,0.3399,0.3519,0.3846,0.2467,NORMAL,0,0,Windows,malam
23:21:24.989,158.162,0.3605,0.3354,0.348,0.3817,0.24,NORMAL,0,0,Windows,malam
23:21:25.032,158.205,0.349,0.3594,0.3542,0.3784,0.2333,NORMAL,0,0,Windows,malam
23:21:25.066,158.239,0.3625,0.3479,0.3552,0.3897,0.2267,NORMAL,0,0,Windows,malam
23:21:25.096,158.269,0.3495,0.342,0.3457,0.3897,0.22,NORMAL,0,0,Windows,malam
23:21:25.128,158.301,0.3747,0.3606,0.3676,0.3852,0.2133,NORMAL,0,0,Windows,malam
23:21:25.161,158.334,0.3806,0.3744,0.3775,0.3922,0.2067,NORMAL,0,0,Windows,malam
23:21:25.195,158.368,0.3806,0.376,0.3783,0.3852,0.2,NORMAL,0,0,Windows,malam
23:21:25.225,158.398,0.3774,0.376,0.3767,0.3802,0.1933,NORMAL,0,0,Windows,malam
23:21:25.256,158.429,0.3892,0.3657,0.3775,0.3836,0.1867,NORMAL,0,0,Windows,malam
23:21:25.287,158.46,0.4035,0.3717,0.3876,0.3866,0.18,NORMAL,0,0,Windows,malam
23:21:25.336,158.509,0.3781,0.3615,0.3698,0.3952,0.1733,NORMAL,0,0,Windows,malam
23:21:25.368,158.541,0.3945,0.3859,0.3902,0.3899,0.1667,NORMAL,0,0,Windows,malam
23:21:25.398,158.571,0.4085,0.3859,0.3972,0.3899,0.16,NORMAL,0,0,Windows,malam
23:21:25.431,158.604,0.4224,0.4141,0.4182,0.3899,0.1533,NORMAL,0,0,Windows,malam
23:21:25.460,158.633,0.4192,0.4164,0.4178,0.3897,0.1467,NORMAL,0,0,Windows,malam
23:21:25.491,158.664,0.42,0.4164,0.4182,0.3841,0.14,NORMAL,0,0,Windows,malam
23:21:25.545,158.718,0.4133,0.3943,0.4038,0.4004,0.1333,NORMAL,0,0,Windows,malam
23:21:25.569,158.742,0.4133,0.4336,0.4234,0.4002,0.1267,NORMAL,0,0,Windows,malam
23:21:25.600,158.773,0.411,0.4198,0.4154,0.3951,0.12,NORMAL,0,0,Windows,malam
23:21:25.633,158.806,0.4076,0.4062,0.4069,0.4015,0.1133,NORMAL,0,0,Windows,malam
23:21:25.662,158.835,0.4099,0.4065,0.4082,0.3952,0.1067,NORMAL,0,0,Windows,malam
23:21:25.694,158.867,0.4053,0.3914,0.3983,0.39,0.1,NORMAL,0,0,Windows,malam
23:21:25.736,158.909,0.4215,0.4027,0.4121,0.3975,0.1,NORMAL,0,0,Windows,malam
23:21:25.773,158.946,0.4053,0.4166,0.4109,0.3837,0.1,NORMAL,0,0,Windows,malam
23:21:25.804,158.976,0.4122,0.4166,0.4144,0.3942,0.1,NORMAL,0,0,Windows,malam
23:21:25.833,159.005,0.42,0.4052,0.4126,0.392,0.1,NORMAL,0,0,Windows,malam
23:21:25.866,159.039,0.411,0.4065,0.4088,0.3975,0.1,NORMAL,0,0,Windows,malam
23:21:25.900,159.073,0.411,0.4189,0.415,0.3975,0.1,NORMAL,0,0,Windows,malam
23:21:25.942,159.115,0.4226,0.4189,0.4208,0.3879,0.1,NORMAL,0,0,Windows,malam
23:21:25.979,159.151,0.4192,0.418,0.4186,0.3902,0.1,NORMAL,0,0,Windows,malam
23:21:26.009,159.181,0.4192,0.4053,0.4122,0.3902,0.1,NORMAL,0,0,Windows,malam
23:21:26.040,159.213,0.4192,0.4053,0.4122,0.3902,0.1,NORMAL,0,0,Windows,malam
23:21:26.073,159.245,0.42,0.4062,0.4131,0.4018,0.1,NORMAL,0,0,Windows,malam
23:21:26.103,159.275,0.4192,0.4062,0.4127,0.3939,0.1,NORMAL,0,0,Windows,malam
23:21:26.136,159.309,0.4226,0.4052,0.4139,0.3858,0.1,NORMAL,0,0,Windows,malam
23:21:26.168,159.341,0.425,0.4076,0.4163,0.3961,0.1,NORMAL,0,0,Windows,malam
23:21:26.201,159.374,0.4374,0.4062,0.4218,0.3996,0.1,NORMAL,0,0,Windows,malam
23:21:26.233,159.406,0.4374,0.4062,0.4218,0.4004,0.1,NORMAL,0,0,Windows,malam
23:21:26.261,159.434,0.4374,0.3779,0.4076,0.4004,0.1,NORMAL,0,0,Windows,malam
23:21:26.293,159.466,0.4374,0.3779,0.4076,0.4078,0.1,NORMAL,0,0,Windows,malam
23:21:26.344,159.517,0.4374,0.4052,0.4213,0.4186,0.1,NORMAL,0,0,Windows,malam
23:21:26.370,159.543,0.4215,0.4166,0.4191,0.415,0.1,NORMAL,0,0,Windows,malam
23:21:26.401,159.574,0.4192,0.418,0.4186,0.415,0.1,NORMAL,0,0,Windows,malam
23:21:26.432,159.605,0.4192,0.418,0.4186,0.415,0.1,NORMAL,0,0,Windows,malam
23:21:26.463,159.636,0.3901,0.4319,0.411,0.4063,0.1,NORMAL,0,0,Windows,malam
23:21:26.495,159.668,0.418,0.4319,0.425,0.4109,0.1,NORMAL,0,0,Windows,malam
23:21:26.535,159.708,0.418,0.4201,0.419,0.3943,0.1,NORMAL,0,0,Windows,malam
23:21:26.571,159.744,0.446,0.4065,0.4263,0.3824,0.1,NORMAL,0,0,Windows,malam
23:21:26.604,159.776,0.4375,0.4337,0.4356,0.3824,0.1,NORMAL,0,0,Windows,malam
23:21:26.632,159.805,0.4188,0.4099,0.4143,0.4021,0.1,NORMAL,0,0,Windows,malam
23:21:26.667,159.839,0.4065,0.4222,0.4143,0.4049,0.1,NORMAL,0,0,Windows,malam
23:21:26.699,159.872,0.418,0.3967,0.4073,0.4074,0.1,NORMAL,0,0,Windows,malam
23:21:26.731,159.904,0.418,0.3967,0.4073,0.4049,0.1,NORMAL,0,0,Windows,malam
23:21:26.761,159.934,0.4165,0.3953,0.4059,0.3985,0.1,NORMAL,0,0,Windows,malam
23:21:26.792,159.965,0.4039,0.3943,0.3991,0.3966,0.1,NORMAL,0,0,Windows,malam
23:21:26.823,159.996,0.418,0.4209,0.4195,0.395,0.1,NORMAL,0,0,Windows,malam
23:21:26.854,160.027,0.4121,0.4052,0.4087,0.4059,0.1,NORMAL,0,0,Windows,malam
23:21:26.886,160.059,0.3962,0.3943,0.3953,0.4123,0.1,NORMAL,0,0,Windows,malam
23:21:26.935,160.108,0.4099,0.4076,0.4088,0.4166,0.1,NORMAL,0,0,Windows,malam
23:21:26.964,160.137,0.4232,0.4088,0.416,0.4117,0.1,NORMAL,0,0,Windows,malam
23:21:26.994,160.167,0.4076,0.4222,0.4149,0.4161,0.1,NORMAL,0,0,Windows,malam
23:21:27.032,160.205,0.4369,0.4112,0.424,0.3997,0.1,NORMAL,0,0,Windows,malam
23:21:27.055,160.228,0.4255,0.4222,0.4238,0.4004,0.1,NORMAL,0,0,Windows,malam
23:21:27.088,160.261,0.4223,0.4077,0.415,0.4046,0.1,NORMAL,0,0,Windows,malam
23:21:27.119,160.291,0.4088,0.4077,0.4082,0.4036,0.1,NORMAL,0,0,Windows,malam
23:21:27.154,160.326,0.4088,0.4222,0.4155,0.4012,0.1,NORMAL,0,0,Windows,malam
23:21:27.184,160.357,0.4355,0.4062,0.4208,0.3904,0.1,NORMAL,0,0,Windows,malam
23:21:27.216,160.389,0.4359,0.4075,0.4217,0.3818,0.1,NORMAL,0,0,Windows,malam
23:21:27.245,160.418,0.4088,0.409,0.4089,0.3883,0.1,NORMAL,0,0,Windows,malam
23:21:27.276,160.449,0.4203,0.409,0.4147,0.3924,0.1,NORMAL,0,0,Windows,malam
23:21:27.335,160.508,0.4133,0.3957,0.4045,0.393,0.1,NORMAL,0,0,Windows,malam
23:21:27.370,160.543,0.4099,0.4112,0.4105,0.3949,0.1,NORMAL,0,0,Windows,malam
23:21:27.401,160.574,0.4243,0.4099,0.4171,0.3837,0.1,NORMAL,0,0,Windows,malam
23:21:27.433,160.606,0.4277,0.4077,0.4177,0.3879,0.1,NORMAL,0,0,Windows,malam
23:21:27.464,160.637,0.4107,0.4077,0.4092,0.3912,0.1,NORMAL,0,0,Windows,malam
23:21:27.494,160.666,0.4107,0.3984,0.4045,0.3895,0.1,NORMAL,0,0,Windows,malam
23:21:27.526,160.699,0.414,0.3984,0.4062,0.3859,0.1,NORMAL,0,0,Windows,malam
23:21:27.558,160.731,0.3985,0.3899,0.3942,0.4001,0.1,NORMAL,0,0,Windows,malam
23:21:27.587,160.76,0.3807,0.3645,0.3726,0.4167,0.1,NORMAL,0,0,Windows,malam
23:21:27.618,160.791,0.3922,0.3765,0.3844,0.4081,0.1,NORMAL,0,0,Windows,malam
23:21:27.651,160.824,0.3348,0.3387,0.3367,0.4025,0.1,NORMAL,0,0,Windows,malam
23:21:27.681,160.854,0.3348,0.2815,0.3082,0.3934,0.1,NORMAL,0,0,Windows,malam
23:21:27.736,160.909,0.3568,0.3034,0.3301,0.3979,0.1,NORMAL,0,0,Windows,malam
23:21:27.759,160.931,0.3568,0.3296,0.3432,0.4032,0.1,NORMAL,0,0,Windows,malam
23:21:27.791,160.964,0.3707,0.3544,0.3626,0.4006,0.1,NORMAL,0,0,Windows,malam
23:21:27.847,161.02,0.32,0.3034,0.3117,0.4055,0.1,NORMAL,0,0,Windows,malam
23:21:27.868,161.041,0.2982,0.2916,0.2949,0.4095,0.1,NORMAL,0,0,Windows,malam
23:21:27.901,161.074,0.2982,0.2849,0.2916,0.4252,0.1,NORMAL,0,0,Windows,malam
23:21:27.932,161.105,0.3211,0.2966,0.3088,0.4187,0.1,NORMAL,0,0,Windows,malam
23:21:27.962,161.135,0.2616,0.2936,0.2776,0.4041,0.1,NORMAL,0,0,Windows,malam
23:21:27.995,161.168,0.2693,0.2808,0.2751,0.3895,0.1,NORMAL,0,0,Windows,malam
23:21:28.026,161.199,0.2616,0.2888,0.2752,0.3833,0.1,NORMAL,0,0,Windows,malam
23:21:28.055,161.228,0.2403,0.2591,0.2497,0.3951,0.1067,NORMAL,1,0,Windows,malam
23:21:28.086,161.259,0.239,0.2696,0.2543,0.3723,0.1067,NORMAL,0,0,Windows,malam
23:21:28.136,161.309,0.3197,0.3574,0.3386,0.3796,0.1,NORMAL,0,0,Windows,malam
23:21:28.166,161.339,0.3416,0.3711,0.3564,0.3772,0.0933,NORMAL,0,0,Windows,malam
23:21:28.196,161.369,0.3329,0.3711,0.352,0.3739,0.0867,NORMAL,0,0,Windows,malam
23:21:28.249,161.421,0.3306,0.3473,0.339,0.3762,0.08,NORMAL,0,0,Windows,malam
23:21:28.274,161.447,0.3124,0.3434,0.3279,0.381,0.0733,NORMAL,0,0,Windows,malam
23:21:28.306,161.479,0.3203,0.3337,0.327,0.3855,0.0667,NORMAL,0,0,Windows,malam
23:21:28.337,161.51,0.3203,0.3213,0.3208,0.3876,0.0667,NORMAL,0,0,Windows,malam
23:21:28.367,161.54,0.2614,0.2623,0.2619,0.4068,0.0667,NORMAL,0,0,Windows,malam
23:21:28.398,161.571,0.2249,0.2303,0.2276,0.3989,0.0733,NORMAL,1,0,Windows,malam
23:21:28.429,161.602,0.2197,0.2296,0.2247,0.3971,0.08,NORMAL,2,0,Windows,malam
23:21:28.461,161.634,0.2231,0.2356,0.2293,0.4074,0.0867,NORMAL,3,0,Windows,malam
23:21:28.491,161.664,0.212,0.2262,0.2191,0.4024,0.0933,NORMAL,4,0,Windows,malam
23:21:28.537,161.709,0.2763,0.2496,0.263,0.4038,0.0867,NORMAL,0,0,Windows,malam
23:21:28.571,161.744,0.2534,0.2425,0.2479,0.4072,0.0867,NORMAL,1,0,Windows,malam
23:21:28.601,161.774,0.2534,0.2383,0.2458,0.4045,0.0867,NORMAL,2,0,Windows,malam
23:21:28.648,161.821,0.2785,0.2971,0.2878,0.3937,0.08,NORMAL,0,0,Windows,malam
23:21:28.680,161.853,0.3065,0.2994,0.303,0.3789,0.0733,NORMAL,0,0,Windows,malam
23:21:28.712,161.884,0.3207,0.3107,0.3157,0.3852,0.0667,NORMAL,0,0,Windows,malam
23:21:28.741,161.914,0.3207,0.324,0.3223,0.3852,0.06,NORMAL,0,0,Windows,malam
23:21:28.773,161.946,0.3521,0.3361,0.3441,0.3821,0.0533,NORMAL,0,0,Windows,malam
23:21:28.805,161.978,0.349,0.347,0.348,0.3901,0.0467,NORMAL,0,0,Windows,malam
23:21:28.836,162.009,0.3189,0.3375,0.3282,0.3886,0.0467,NORMAL,0,0,Windows,malam
23:21:28.868,162.04,0.1861,0.2191,0.2026,0.4157,0.0533,NORMAL,1,0,Windows,malam
23:21:28.900,162.073,0.1666,0.1642,0.1654,0.4209,0.06,NORMAL,2,0,Windows,malam
23:21:28.937,162.11,0.3441,0.3252,0.3347,0.4081,0.06,NORMAL,0,0,Windows,malam
23:21:28.961,162.134,0.3392,0.3252,0.3322,0.3898,0.06,NORMAL,0,0,Windows,malam
23:21:28.993,162.166,0.3637,0.3386,0.3512,0.3951,0.06,NORMAL,0,0,Windows,malam
23:21:29.024,162.197,0.3531,0.3386,0.3458,0.3987,0.06,NORMAL,0,0,Windows,malam
23:21:29.053,162.226,0.3641,0.3479,0.356,0.3993,0.06,NORMAL,0,0,Windows,malam
23:21:29.086,162.259,0.361,0.3343,0.3477,0.3967,0.06,NORMAL,0,0,Windows,malam
23:21:29.116,162.289,0.3504,0.3296,0.34,0.3936,0.06,NORMAL,0,0,Windows,malam
23:21:29.143,162.316,0.3392,0.3492,0.3442,0.3954,0.06,NORMAL,0,0,Windows,malam
23:21:29.178,162.351,0.3587,0.3482,0.3535,0.3976,0.06,NORMAL,0,0,Windows,malam
23:21:29.211,162.384,0.3482,0.3482,0.3482,0.3976,0.06,NORMAL,0,0,Windows,malam
23:21:29.246,162.418,0.3747,0.3657,0.3702,0.3976,0.06,NORMAL,0,0,Windows,malam
23:21:29.275,162.448,0.3499,0.3429,0.3464,0.3941,0.06,NORMAL,0,0,Windows,malam
23:21:29.337,162.51,0.3565,0.3438,0.3502,0.4083,0.06,NORMAL,0,0,Windows,malam
23:21:29.369,162.541,0.3539,0.3305,0.3422,0.3987,0.06,NORMAL,0,0,Windows,malam
23:21:29.402,162.575,0.3174,0.3534,0.3354,0.4153,0.06,NORMAL,0,0,Windows,malam
23:21:29.432,162.604,0.3243,0.3429,0.3336,0.4078,0.06,NORMAL,0,0,Windows,malam
23:21:29.465,162.637,0.3378,0.3414,0.3396,0.3987,0.06,NORMAL,0,0,Windows,malam
23:21:29.493,162.666,0.3469,0.3429,0.3449,0.3903,0.06,NORMAL,0,0,Windows,malam
23:21:29.526,162.699,0.3469,0.3402,0.3435,0.3916,0.06,NORMAL,0,0,Windows,malam
23:21:29.558,162.731,0.3507,0.3375,0.3441,0.381,0.06,NORMAL,0,0,Windows,malam
23:21:29.589,162.762,0.3444,0.3495,0.3469,0.3868,0.06,NORMAL,0,0,Windows,malam
23:21:29.621,162.794,0.364,0.3631,0.3636,0.3908,0.06,NORMAL,0,0,Windows,malam
23:21:29.651,162.824,0.3338,0.3299,0.3319,0.383,0.06,NORMAL,0,0,Windows,malam
23:21:29.682,162.855,0.3469,0.3166,0.3318,0.3858,0.06,NORMAL,0,0,Windows,malam
23:21:29.737,162.91,0.1862,0.2352,0.2107,0.3953,0.0667,NORMAL,1,0,Windows,malam
23:21:29.762,162.935,0.2046,0.2174,0.211,0.3953,0.0733,NORMAL,2,0,Windows,malam
23:21:29.794,162.967,0.2308,0.2459,0.2383,0.3987,0.08,NORMAL,3,0,Windows,malam
23:21:29.825,162.998,0.2197,0.2589,0.2393,0.3931,0.0867,NORMAL,4,0,Windows,malam
23:21:29.856,163.029,0.1539,0.1516,0.1527,0.3996,0.0933,NORMAL,5,0,Windows,malam
23:21:29.886,163.059,0.1547,0.1453,0.15,0.3913,0.1,NORMAL,6,0,Windows,malam
23:21:29.917,163.09,0.1539,0.1621,0.158,0.3974,0.1067,NORMAL,7,0,Windows,malam
23:21:29.947,163.12,0.2395,0.2061,0.2228,0.415,0.1133,NORMAL,8,0,Windows,malam
23:21:29.980,163.153,0.2842,0.2462,0.2652,0.4183,0.1133,NORMAL,0,0,Windows,malam
23:21:30.012,163.185,0.2846,0.2727,0.2786,0.4222,0.1133,NORMAL,0,0,Windows,malam
23:21:30.044,163.217,0.2982,0.2857,0.2919,0.428,0.1133,NORMAL,0,0,Windows,malam
23:21:30.076,163.249,0.3087,0.274,0.2914,0.4228,0.1133,NORMAL,0,0,Windows,malam
23:21:30.151,163.324,0.3132,0.2688,0.291,0.4256,0.1133,NORMAL,0,0,Windows,malam
23:21:30.186,163.358,0.3396,0.2962,0.3179,0.4345,0.1133,NORMAL,0,0,Windows,malam
23:21:30.218,163.391,0.3495,0.2937,0.3216,0.4267,0.1133,NORMAL,0,0,Windows,malam
23:21:30.246,163.419,0.3429,0.2937,0.3183,0.4325,0.1133,NORMAL,0,0,Windows,malam
23:21:30.280,163.453,0.3479,0.3261,0.337,0.4803,0.1133,NORMAL,0,0,Windows,malam
23:21:30.312,163.485,0.3495,0.3158,0.3326,0.4939,0.1133,NORMAL,0,0,Windows,malam
23:21:30.341,163.514,0.3345,0.3224,0.3284,0.505,0.1133,NORMAL,0,0,Windows,malam
23:21:30.373,163.546,0.3436,0.3266,0.3351,0.5086,0.1133,NORMAL,0,0,Windows,malam
23:21:30.404,163.577,0.3305,0.3017,0.3161,0.5148,0.1133,NORMAL,0,0,Windows,malam
23:21:30.435,163.608,0.3305,0.3231,0.3268,0.5146,0.1133,NORMAL,0,0,Windows,malam
23:21:30.467,163.64,0.3488,0.315,0.3319,0.5179,0.1133,NORMAL,0,0,Windows,malam
23:21:30.495,163.668,0.335,0.3135,0.3243,0.5399,0.1133,NORMAL,0,0,Windows,malam
23:21:30.552,163.724,0.294,0.3022,0.2981,0.577,0.1133,NORMAL,0,0,Windows,malam
23:21:30.574,163.747,0.3172,0.3069,0.3121,0.5926,0.1133,NORMAL,0,0,Windows,malam
23:21:30.607,163.78,0.3024,0.279,0.2907,0.6013,0.1133,NORMAL,0,0,Windows,malam
23:21:30.639,163.812,0.3043,0.2675,0.2859,0.606,0.1133,NORMAL,0,0,Windows,malam
23:21:30.669,163.841,0.294,0.295,0.2945,0.6611,0.1133,NORMAL,0,1,Windows,malam
23:21:30.702,163.875,0.294,0.2832,0.2886,0.6889,0.1133,NORMAL,0,2,Windows,malam
23:21:30.733,163.906,0.3058,0.2913,0.2985,0.6941,0.1133,NORMAL,0,3,Windows,malam
23:21:30.764,163.937,0.2805,0.2672,0.2739,0.6971,0.1133,NORMAL,0,4,Windows,malam
23:21:30.796,163.969,0.2672,0.2611,0.2641,0.701,0.1133,NORMAL,0,5,Windows,malam
23:21:30.829,164.002,0.2649,0.2611,0.263,0.6856,0.1133,NORMAL,0,6,Windows,malam
23:21:30.858,164.031,0.2946,0.2611,0.2778,0.7167,0.1133,NORMAL,0,7,Windows,malam
23:21:30.888,164.06,0.281,0.2538,0.2674,0.7345,0.1133,NORMAL,0,8,Windows,malam
23:21:30.951,164.124,0.2101,0.2128,0.2115,0.7552,0.12,NORMAL,1,9,Windows,malam
23:21:31.049,164.222,0.128,0.1314,0.1297,0.7339,0.1267,NORMAL,2,10,Windows,malam
23:21:31.078,164.251,0.1028,0.1,0.1014,0.7275,0.1333,NORMAL,3,11,Windows,malam
23:21:31.111,164.284,0.0942,0.0892,0.0917,0.7061,0.14,NORMAL,4,12,Windows,malam
23:21:31.143,164.316,0.0968,0.094,0.0954,0.7092,0.1467,NORMAL,5,13,Windows,malam
23:21:31.171,164.344,0.1097,0.094,0.1018,0.7085,0.1533,NORMAL,6,14,Windows,malam
23:21:31.204,164.377,0.0995,0.094,0.0967,0.7186,0.16,WARNING,7,15,Windows,malam
23:21:31.239,164.412,0.1553,0.1242,0.1397,0.7112,0.1667,WARNING,8,16,Windows,malam
23:21:31.268,164.441,0.1553,0.1242,0.1397,0.6979,0.1733,WARNING,9,17,Windows,malam
23:21:31.297,164.469,0.1689,0.1402,0.1546,0.6918,0.18,WARNING,10,18,Windows,malam
23:21:31.351,164.524,0.1913,0.1495,0.1704,0.7136,0.1867,WARNING,11,19,Windows,malam
23:21:31.379,164.552,0.1824,0.1293,0.1559,0.7156,0.1933,WARNING,12,20,Windows,malam
23:21:31.407,164.58,0.1911,0.1365,0.1638,0.7103,0.2,WARNING,13,21,Windows,malam
23:21:31.447,164.619,0.186,0.161,0.1735,0.7145,0.2067,WARNING,14,22,Windows,malam
23:21:31.472,164.645,0.1878,0.161,0.1744,0.7014,0.2133,WARNING,15,23,Windows,malam
23:21:31.502,164.675,0.1913,0.161,0.1761,0.7185,0.22,WARNING,16,24,Windows,malam
23:21:31.544,164.717,0.186,0.1476,0.1668,0.7014,0.2267,WARNING,17,25,Windows,malam
23:21:31.566,164.739,0.186,0.1476,0.1668,0.6966,0.2333,WARNING,18,26,Windows,malam
23:21:31.597,164.77,0.186,0.1476,0.1668,0.7014,0.24,WARNING,19,27,Windows,malam
23:21:31.640,164.813,0.213,0.1942,0.2036,0.722,0.2467,DROWSY,20,28,Windows,malam
23:21:31.676,164.849,0.213,0.1913,0.2021,0.7418,0.2533,DROWSY,21,29,Windows,malam
23:21:31.709,164.881,0.213,0.1942,0.2036,0.7572,0.26,DROWSY,22,30,Windows,malam
23:21:31.752,164.925,0.2403,0.1998,0.22,0.7242,0.2667,DROWSY,23,31,Windows,malam
23:21:31.785,164.958,0.2397,0.1913,0.2155,0.7024,0.2733,DROWSY,24,32,Windows,malam
23:21:31.817,164.989,0.2192,0.1889,0.204,0.6865,0.28,DROWSY,25,33,Windows,malam
23:21:31.846,165.019,0.2472,0.2266,0.2369,0.6998,0.2867,DROWSY,26,34,Windows,malam
23:21:31.880,165.053,0.2403,0.2466,0.2435,0.6994,0.2933,DROWSY,27,35,Windows,malam
23:21:31.912,165.085,0.2443,0.2264,0.2354,0.6941,0.3,DROWSY,28,36,Windows,malam
23:21:31.943,165.116,0.2541,0.2425,0.2483,0.7208,0.3067,DROWSY,29,37,Windows,malam
23:21:31.975,165.148,0.2471,0.2287,0.2379,0.7299,0.3133,DROWSY,30,38,Windows,malam
23:21:32.006,165.179,0.2633,0.2287,0.246,0.7247,0.32,DROWSY,31,39,Windows,malam
23:21:32.040,165.213,0.2402,0.229,0.2346,0.7085,0.3267,DROWSY,32,40,Windows,malam
23:21:32.067,165.24,0.2491,0.2118,0.2304,0.6955,0.3333,DROWSY,33,41,Windows,malam
23:21:32.097,165.27,0.2515,0.2229,0.2372,0.6878,0.34,DROWSY,34,42,Windows,malam
23:21:32.152,165.324,0.2601,0.2265,0.2433,0.7047,0.3467,DROWSY,35,43,Windows,malam
23:21:32.182,165.355,0.2623,0.24,0.2512,0.6941,0.3467,WARNING,0,44,Windows,malam
23:21:32.208,165.381,0.2652,0.2598,0.2625,0.7081,0.3467,WARNING,0,45,Windows,malam
23:21:32.247,165.419,0.2512,0.2402,0.2457,0.6859,0.3533,DROWSY,1,46,Windows,malam
23:21:32.271,165.444,0.2399,0.2426,0.2413,0.666,0.36,DROWSY,2,47,Windows,malam
23:21:32.304,165.477,0.2422,0.2425,0.2423,0.666,0.3667,DROWSY,3,48,Windows,malam
23:21:32.344,165.517,0.2537,0.2466,0.2502,0.679,0.3733,DROWSY,4,49,Windows,malam
23:21:32.381,165.554,0.2675,0.2217,0.2446,0.6848,0.38,DROWSY,5,50,Windows,malam
23:21:32.412,165.585,0.2675,0.2217,0.2446,0.6844,0.3867,DROWSY,6,51,Windows,malam
23:21:32.456,165.629,0.2675,0.2331,0.2503,0.6868,0.3933,DROWSY,7,52,Windows,malam
23:21:32.491,165.664,0.2492,0.2426,0.2459,0.6862,0.4,DROWSY,8,53,Windows,malam
23:21:32.522,165.695,0.2492,0.2426,0.2459,0.6862,0.4067,DROWSY,9,54,Windows,malam
23:21:32.551,165.724,0.2357,0.2402,0.2379,0.669,0.4133,DROWSY,10,55,Windows,malam
23:21:32.583,165.756,0.2399,0.2331,0.2365,0.6724,0.42,DROWSY,11,56,Windows,malam
23:21:32.615,165.788,0.2422,0.2398,0.241,0.6607,0.4267,DROWSY,12,57,Windows,malam
23:21:32.648,165.821,0.2399,0.2329,0.2364,0.6605,0.4333,DROWSY,13,58,Windows,malam
23:21:32.677,165.85,0.2335,0.2398,0.2366,0.655,0.44,DROWSY,14,59,Windows,malam
23:21:32.709,165.882,0.2375,0.2355,0.2365,0.6616,0.4467,DROWSY,15,60,Windows,malam
23:21:32.748,165.92,0.2399,0.2329,0.2364,0.65,0.4533,DROWSY,16,0,Windows,malam
23:21:32.771,165.944,0.2422,0.2329,0.2375,0.6465,0.46,DROWSY,17,0,Windows,malam
23:21:32.802,165.975,0.2441,0.2329,0.2385,0.652,0.4667,DROWSY,18,1,Windows,malam
23:21:32.854,166.027,0.1471,0.1379,0.1425,0.652,0.4733,DROWSY,19,2,Windows,malam
23:21:32.880,166.053,0.1182,0.1102,0.1142,0.6605,0.48,DROWSY,20,3,Windows,malam
23:21:32.912,166.085,0.1307,0.1117,0.1212,0.6605,0.4867,DROWSY,21,4,Windows,malam
23:21:32.951,166.124,0.0573,0.0649,0.0611,0.679,0.4933,DROWSY,22,5,Windows,malam
23:21:32.975,166.148,0.053,0.0468,0.0499,0.6723,0.5,DROWSY,23,6,Windows,malam
23:21:33.007,166.179,0.0513,0.048,0.0496,0.6688,0.5067,DROWSY,24,7,Windows,malam
23:21:33.052,166.225,0.053,0.0318,0.0424,0.6496,0.5133,DROWSY,25,0,Windows,malam
23:21:33.083,166.256,0.0513,0.0468,0.049,0.6414,0.52,DROWSY,26,0,Windows,malam
23:21:33.114,166.286,0.0543,0.0372,0.0457,0.64,0.5267,DROWSY,27,0,Windows,malam
23:21:33.144,166.317,0.0438,0.0309,0.0373,0.6444,0.5267,DROWSY,28,0,Windows,malam
23:21:33.177,166.35,0.0543,0.0309,0.0426,0.6444,0.5333,DROWSY,29,0,Windows,malam
23:21:33.207,166.38,0.0543,0.0309,0.0426,0.6548,0.54,DROWSY,30,1,Windows,malam
23:21:33.256,166.428,0.0513,0.0468,0.049,0.6297,0.5467,DROWSY,31,0,Windows,malam
23:21:33.286,166.458,0.0557,0.0468,0.0513,0.6299,0.5533,DROWSY,32,0,Windows,malam
23:21:33.318,166.49,0.0573,0.0468,0.052,0.6149,0.56,DROWSY,33,0,Windows,malam
23:21:33.353,166.526,0.0543,0.048,0.0512,0.5968,0.5667,DROWSY,34,0,Windows,malam
23:21:33.379,166.552,0.0529,0.0318,0.0423,0.6092,0.5733,DROWSY,35,0,Windows,malam
23:21:33.412,166.585,0.0529,0.0309,0.0419,0.6092,0.58,DROWSY,36,0,Windows,malam
23:21:33.452,166.625,0.0573,0.0362,0.0468,0.5943,0.5867,DROWSY,37,0,Windows,malam
23:21:33.486,166.659,0.0543,0.0362,0.0453,0.5775,0.5867,DROWSY,38,0,Windows,malam
23:21:33.519,166.692,0.0543,0.0362,0.0453,0.5778,0.5867,DROWSY,39,0,Windows,malam
23:21:33.551,166.724,0.0692,0.0382,0.0537,0.5643,0.5867,DROWSY,40,0,Windows,malam
23:21:33.581,166.754,0.0689,0.0493,0.0591,0.5527,0.5867,DROWSY,41,0,Windows,malam
23:21:33.614,166.787,0.071,0.0302,0.0506,0.5451,0.5933,DROWSY,42,0,Windows,malam
23:21:33.655,166.828,0.0666,0.0493,0.058,0.5205,0.5933,DROWSY,43,0,Windows,malam
23:21:33.690,166.863,0.0692,0.0382,0.0537,0.5252,0.5933,DROWSY,44,0,Windows,malam
23:21:33.721,166.894,0.0811,0.0588,0.07,0.5152,0.6,DROWSY,45,0,Windows,malam
23:21:33.752,166.925,0.0868,0.0588,0.0728,0.3748,0.6067,DROWSY,46,0,Windows,malam
23:21:33.785,166.958,0.0811,0.0588,0.0699,0.3794,0.6133,DROWSY,47,0,Windows,malam
23:21:33.816,166.989,0.0832,0.0588,0.071,0.3868,0.62,DROWSY,48,0,Windows,malam
23:21:33.848,167.021,0.0832,0.089,0.0861,0.3915,0.6267,DROWSY,49,0,Windows,malam
23:21:33.878,167.051,0.0958,0.089,0.0924,0.3885,0.6333,DROWSY,50,0,Windows,malam
23:21:33.911,167.084,0.0958,0.1085,0.1021,0.3957,0.64,DROWSY,51,0,Windows,malam
23:21:33.944,167.117,0.1057,0.1417,0.1237,0.3984,0.64,DROWSY,52,0,Windows,malam
23:21:33.972,167.145,0.1263,0.1297,0.128,0.3972,0.64,DROWSY,53,0,Windows,malam
23:21:34.002,167.175,0.1219,0.1417,0.1318,0.4002,0.6467,DROWSY,54,0,Windows,malam
23:21:34.061,167.234,0.1263,0.1549,0.1406,0.3673,0.6533,DROWSY,55,0,Windows,malam
23:21:34.097,167.27,0.138,0.1501,0.1441,0.3612,0.66,DROWSY,56,0,Windows,malam
23:21:34.129,167.302,0.1263,0.1417,0.134,0.3664,0.6667,DROWSY,57,0,Windows,malam
23:21:34.159,167.332,0.154,0.1744,0.1642,0.3667,0.6733,DROWSY,58,0,Windows,malam
23:21:34.190,167.363,0.1332,0.1417,0.1374,0.3638,0.68,DROWSY,59,0,Windows,malam
23:21:34.238,167.411,0.1213,0.1417,0.1315,0.37,0.6867,DROWSY,60,0,Windows,malam
23:21:34.269,167.442,0.1417,0.1513,0.1465,0.3719,0.6933,DROWSY,61,0,Windows,malam
23:21:34.299,167.472,0.1471,0.138,0.1426,0.3745,0.7,DROWSY,62,0,Windows,malam
23:21:34.330,167.503,0.1509,0.1501,0.1505,0.3745,0.7067,DROWSY,63,0,Windows,malam
23:21:34.361,167.534,0.1297,0.1251,0.1274,0.3793,0.7133,DROWSY,64,0,Windows,malam
23:21:34.391,167.564,0.1297,0.1417,0.1357,0.3749,0.72,DROWSY,65,0,Windows,malam
23:21:34.425,167.598,0.1332,0.1264,0.1298,0.3791,0.7267,DROWSY,66,0,Windows,malam
23:21:34.459,167.632,0.1213,0.1264,0.1239,0.3713,0.7333,DROWSY,67,0,Windows,malam
23:21:34.487,167.66,0.1251,0.1344,0.1298,0.3738,0.74,DROWSY,68,0,Windows,malam
23:21:34.518,167.691,0.1264,0.1344,0.1304,0.3774,0.7467,DROWSY,69,0,Windows,malam
23:21:34.551,167.724,0.1264,0.1379,0.1322,0.3623,0.7533,DROWSY,70,0,Windows,malam
23:21:34.581,167.754,0.1264,0.1344,0.1304,0.3604,0.76,DROWSY,71,0,Windows,malam
23:21:34.612,167.785,0.1264,0.1344,0.1304,0.3606,0.7667,DROWSY,72,0,Windows,malam
23:21:34.648,167.821,0.1417,0.1213,0.1315,0.376,0.7733,DROWSY,73,0,Windows,malam
23:21:34.675,167.848,0.1417,0.1213,0.1315,0.3869,0.78,DROWSY,74,0,Windows,malam
23:21:34.705,167.878,0.1417,0.1213,0.1315,0.3869,0.7867,DROWSY,75,0,Windows,malam
23:21:34.760,167.933,0.1378,0.1213,0.1295,0.3858,0.7933,DROWSY,76,0,Windows,malam
23:21:34.783,167.956,0.1416,0.1379,0.1398,0.3821,0.8,DROWSY,77,0,Windows,malam
23:21:34.814,167.987,0.1379,0.1341,0.136,0.3785,0.8,DROWSY,78,0,Windows,malam
23:21:34.854,168.027,0.1379,0.1341,0.136,0.3785,0.8,DROWSY,79,0,Windows,malam
23:21:34.877,168.049,0.1677,0.1508,0.1593,0.3785,0.8,DROWSY,80,0,Windows,malam
23:21:34.907,168.08,0.1677,0.1632,0.1654,0.3749,0.8,DROWSY,81,0,Windows,malam
23:21:34.956,168.129,0.1601,0.1379,0.149,0.3709,0.8,DROWSY,82,0,Windows,malam
23:21:34.988,168.161,0.1644,0.1342,0.1493,0.3708,0.8,DROWSY,83,0,Windows,malam
23:21:35.020,168.193,0.1471,0.1341,0.1406,0.373,0.8,DROWSY,84,0,Windows,malam
23:21:35.046,168.219,0.1417,0.1251,0.1334,0.3716,0.8,DROWSY,85,0,Windows,malam
23:21:35.081,168.254,0.1541,0.1227,0.1384,0.361,0.8067,DROWSY,86,0,Windows,malam
23:21:35.111,168.284,0.1417,0.1251,0.1334,0.3721,0.8133,DROWSY,87,0,Windows,malam
23:21:35.164,168.337,0.1285,0.1017,0.1151,0.3729,0.82,DROWSY,88,0,Windows,malam
23:21:35.190,168.363,0.1131,0.1063,0.1097,0.3771,0.8267,DROWSY,89,0,Windows,malam
23:21:35.221,168.394,0.1162,0.0974,0.1068,0.3772,0.8333,DROWSY,90,0,Windows,malam
23:21:35.255,168.428,0.1968,0.1632,0.18,0.3789,0.84,DROWSY,91,0,Windows,malam
23:21:35.283,168.456,0.2069,0.1838,0.1954,0.3804,0.8467,DROWSY,92,0,Windows,malam
23:21:35.314,168.487,0.2069,0.2097,0.2083,0.3876,0.8533,DROWSY,93,0,Windows,malam
23:21:35.352,168.525,0.2425,0.2359,0.2392,0.3777,0.86,DROWSY,94,0,Windows,malam
23:21:35.381,168.554,0.2631,0.2466,0.2548,0.3736,0.86,DROWSY,0,0,Windows,malam
23:21:35.408,168.58,0.2763,0.2466,0.2615,0.3782,0.86,DROWSY,0,0,Windows,malam
23:21:35.448,168.621,0.273,0.2623,0.2676,0.3709,0.86,DROWSY,0,0,Windows,malam
23:21:35.472,168.644,0.273,0.2656,0.2693,0.3805,0.86,DROWSY,0,0,Windows,malam
23:21:35.501,168.674,0.2861,0.273,0.2795,0.3769,0.86,DROWSY,0,0,Windows,malam
23:21:35.560,168.733,0.2992,0.2788,0.289,0.3732,0.86,DROWSY,0,0,Windows,malam
23:21:35.596,168.769,0.2992,0.2788,0.289,0.3751,0.86,DROWSY,0,0,Windows,malam
23:21:35.627,168.8,0.2992,0.2921,0.2957,0.3751,0.86,DROWSY,0,0,Windows,malam
23:21:35.654,168.827,0.2917,0.2921,0.2919,0.3818,0.86,DROWSY,0,0,Windows,malam
23:21:35.676,168.849,0.315,0.3021,0.3085,0.3836,0.86,DROWSY,0,0,Windows,malam
23:21:35.707,168.88,0.3018,0.3051,0.3034,0.3841,0.86,DROWSY,0,0,Windows,malam
23:21:35.753,168.926,0.3018,0.31,0.3059,0.3921,0.86,DROWSY,0,0,Windows,malam
23:21:35.783,168.956,0.318,0.3021,0.3101,0.3881,0.86,DROWSY,0,0,Windows,malam
23:21:35.815,168.988,0.318,0.3038,0.3109,0.3892,0.86,DROWSY,0,0,Windows,malam
23:21:35.846,169.019,0.318,0.3051,0.3115,0.3694,0.86,DROWSY,0,0,Windows,malam
23:21:35.877,169.05,0.318,0.3054,0.3117,0.3627,0.86,DROWSY,0,0,Windows,malam
23:21:35.907,169.08,0.3017,0.3021,0.3019,0.3626,0.86,DROWSY,0,0,Windows,malam
23:21:35.960,169.133,0.318,0.2973,0.3077,0.3751,0.86,DROWSY,0,0,Windows,malam
23:21:35.988,169.161,0.3208,0.2973,0.3091,0.3786,0.86,DROWSY,0,0,Windows,malam
23:21:36.019,169.191,0.3208,0.2942,0.3075,0.3864,0.8533,DROWSY,0,0,Windows,malam
23:21:36.055,169.228,0.318,0.31,0.314,0.3776,0.8467,DROWSY,0,0,Windows,malam
23:21:36.079,169.252,0.3221,0.3271,0.3246,0.3763,0.84,DROWSY,0,0,Windows,malam
23:21:36.112,169.285,0.3321,0.3271,0.3296,0.3749,0.8333,DROWSY,0,0,Windows,malam
23:21:36.157,169.33,0.3438,0.3357,0.3397,0.3795,0.8267,DROWSY,0,0,Windows,malam
23:21:36.188,169.361,0.3384,0.3394,0.3389,0.3757,0.82,DROWSY,0,0,Windows,malam
23:21:36.220,169.393,0.334,0.3394,0.3367,0.3834,0.8133,DROWSY,0,0,Windows,malam
23:21:36.246,169.419,0.3596,0.3776,0.3686,0.3758,0.8067,DROWSY,0,0,Windows,malam
23:21:36.282,169.455,0.3957,0.3611,0.3784,0.3757,0.8,DROWSY,0,0,Windows,malam
23:21:36.313,169.486,0.3854,0.374,0.3797,0.3749,0.7933,DROWSY,0,0,Windows,malam
23:21:36.359,169.532,0.3713,0.3615,0.3664,0.3708,0.7867,DROWSY,0,0,Windows,malam
23:21:36.391,169.564,0.3854,0.3547,0.37,0.3675,0.78,DROWSY,0,0,Windows,malam
23:21:36.424,169.596,0.3854,0.3524,0.3689,0.3709,0.7733,DROWSY,0,0,Windows,malam
23:21:36.455,169.628,0.3177,0.308,0.3129,0.3644,0.7667,DROWSY,0,0,Windows,malam
23:21:36.486,169.659,0.3128,0.2951,0.3039,0.3632,0.76,DROWSY,0,0,Windows,malam
23:21:36.516,169.689,0.312,0.2921,0.302,0.3683,0.7533,DROWSY,0,0,Windows,malam
23:21:36.557,169.73,0.3153,0.3135,0.3144,0.3472,0.7467,DROWSY,0,0,Windows,malam
23:21:36.582,169.754,0.3283,0.327,0.3276,0.3436,0.74,DROWSY,0,0,Windows,malam
23:21:36.611,169.784,0.3283,0.3363,0.3323,0.3443,0.7333,DROWSY,0,0,Windows,malam
23:21:36.647,169.82,0.3463,0.3385,0.3424,0.3632,0.7267,DROWSY,0,0,Windows,malam
23:21:36.676,169.849,0.3487,0.3598,0.3542,0.3617,0.72,DROWSY,0,0,Windows,malam
23:21:36.704,169.877,0.3586,0.362,0.3603,0.3588,0.7133,DROWSY,0,0,Windows,malam
23:21:36.760,169.933,0.3437,0.3499,0.3468,0.3547,0.7067,DROWSY,0,0,Windows,malam
23:21:36.781,169.954,0.3437,0.3402,0.342,0.3597,0.7,DROWSY,0,0,Windows,malam
23:21:36.813,169.986,0.3349,0.3402,0.3376,0.3631,0.6933,DROWSY,0,0,Windows,malam
23:21:36.861,170.033,0.3473,0.3499,0.3486,0.3576,0.6867,DROWSY,0,0,Windows,malam
23:21:36.894,170.066,0.3562,0.3624,0.3593,0.3531,0.68,DROWSY,0,0,Windows,malam
23:21:36.925,170.098,0.3475,0.3624,0.355,0.3544,0.6733,DROWSY,0,0,Windows,malam
23:21:36.958,170.13,0.3429,0.3499,0.3464,0.3529,0.6667,DROWSY,0,0,Windows,malam
23:21:36.990,170.162,0.3429,0.3499,0.3464,0.3612,0.66,DROWSY,0,0,Windows,malam
23:21:37.018,170.191,0.3424,0.3499,0.3462,0.3645,0.6533,DROWSY,0,0,Windows,malam
23:21:37.063,170.236,0.1622,0.1937,0.1779,0.3579,0.6533,DROWSY,1,0,Windows,malam
23:21:37.096,170.269,0.1508,0.1687,0.1598,0.3654,0.6533,DROWSY,2,0,Windows,malam
23:21:37.126,170.299,0.1508,0.1756,0.1632,0.3541,0.6533,DROWSY,3,0,Windows,malam
23:21:37.160,170.333,0.2068,0.1943,0.2005,0.3639,0.6533,DROWSY,4,0,Windows,malam
23:21:37.187,170.36,0.22,0.219,0.2195,0.3776,0.66,DROWSY,5,0,Windows,malam
23:21:37.218,170.391,0.22,0.2056,0.2128,0.3751,0.6667,DROWSY,6,0,Windows,malam
23:21:37.255,170.428,0.2557,0.2177,0.2367,0.385,0.6667,DROWSY,7,0,Windows,malam
23:21:37.283,170.456,0.2857,0.2463,0.266,0.388,0.66,DROWSY,0,0,Windows,malam
23:21:37.315,170.488,0.2974,0.2491,0.2732,0.378,0.6533,DROWSY,0,0,Windows,malam
23:21:37.352,170.525,0.2959,0.2656,0.2808,0.3827,0.6467,DROWSY,0,0,Windows,malam
23:21:37.375,170.548,0.3095,0.273,0.2912,0.3813,0.64,DROWSY,0,0,Windows,malam
23:21:37.407,170.58,0.3126,0.2913,0.3019,0.3813,0.6333,DROWSY,0,0,Windows,malam
23:21:37.464,170.637,0.3231,0.2833,0.3032,0.3861,0.6267,DROWSY,0,0,Windows,malam
23:21:37.502,170.675,0.3237,0.3002,0.312,0.3758,0.62,DROWSY,0,0,Windows,malam
23:21:37.531,170.704,0.3368,0.2921,0.3144,0.3828,0.6133,DROWSY,0,0,Windows,malam
23:21:37.560,170.733,0.3504,0.3121,0.3313,0.3737,0.6067,DROWSY,0,0,Windows,malam
23:21:37.594,170.767,0.3533,0.3251,0.3392,0.3709,0.6,DROWSY,0,0,Windows,malam
23:21:37.624,170.797,0.3262,0.3268,0.3265,0.375,0.5933,DROWSY,0,0,Windows,malam
23:21:37.658,170.831,0.3277,0.3137,0.3207,0.3778,0.5867,DROWSY,0,0,Windows,malam
23:21:37.689,170.862,0.3523,0.3283,0.3403,0.3783,0.58,DROWSY,0,0,Windows,malam
23:21:37.720,170.893,0.3396,0.318,0.3288,0.3879,0.5733,DROWSY,0,0,Windows,malam
23:21:37.753,170.925,0.3504,0.318,0.3342,0.381,0.5667,DROWSY,0,0,Windows,malam
23:21:37.784,170.957,0.3533,0.3224,0.3378,0.384,0.56,DROWSY,0,0,Windows,malam
23:21:37.812,170.985,0.3533,0.3294,0.3413,0.3793,0.5533,DROWSY,0,0,Windows,malam
23:21:37.863,171.036,0.3811,0.3348,0.358,0.3853,0.5467,DROWSY,0,0,Windows,malam
23:21:37.891,171.064,0.3539,0.3354,0.3446,0.3851,0.54,DROWSY,0,0,Windows,malam
23:21:37.924,171.097,0.3539,0.3354,0.3446,0.3829,0.5333,DROWSY,0,0,Windows,malam
23:21:37.961,171.134,0.3444,0.3075,0.326,0.386,0.5267,DROWSY,0,0,Windows,malam
23:21:37.988,171.161,0.3438,0.3288,0.3363,0.386,0.52,DROWSY,0,0,Windows,malam
23:21:38.018,171.191,0.3174,0.3266,0.322,0.3929,0.5133,DROWSY,0,0,Windows,malam
23:21:38.061,171.234,0.3262,0.3224,0.3243,0.3826,0.5067,DROWSY,0,0,Windows,malam
23:21:38.096,171.268,0.3262,0.3224,0.3243,0.3926,0.5,DROWSY,0,0,Windows,malam
23:21:38.127,171.3,0.3268,0.3348,0.3308,0.389,0.4933,DROWSY,0,0,Windows,malam
23:21:38.157,171.33,0.1638,0.1643,0.164,0.3968,0.4933,DROWSY,1,0,Windows,malam
23:21:38.189,171.361,0.1968,0.1838,0.1903,0.3968,0.4933,DROWSY,2,0,Windows,malam
23:21:38.218,171.391,0.2236,0.1967,0.2101,0.3937,0.4933,DROWSY,3,0,Windows,malam
23:21:38.267,171.44,0.2398,0.2202,0.23,0.3927,0.4933,DROWSY,4,0,Windows,malam
23:21:38.298,171.471,0.2534,0.2491,0.2512,0.3912,0.4867,DROWSY,0,0,Windows,malam
23:21:38.330,171.503,0.2534,0.2534,0.2534,0.3911,0.48,DROWSY,0,0,Windows,malam
23:21:38.359,171.532,0.2395,0.2625,0.251,0.3767,0.48,DROWSY,1,0,Windows,malam
23:21:38.392,171.565,0.2564,0.2802,0.2683,0.3747,0.4733,DROWSY,0,0,Windows,malam
23:21:38.423,171.596,0.2567,0.2804,0.2686,0.3707,0.4667,DROWSY,0,0,Windows,malam
23:21:38.471,171.644,0.289,0.2938,0.2914,0.3792,0.46,DROWSY,0,0,Windows,malam
23:21:38.502,171.675,0.297,0.2903,0.2937,0.3711,0.4533,DROWSY,0,0,Windows,malam
23:21:38.534,171.707,0.2707,0.3023,0.2865,0.3792,0.4467,DROWSY,0,0,Windows,malam
23:21:38.565,171.738,0.2988,0.2903,0.2945,0.3696,0.44,DROWSY,0,0,Windows,malam
23:21:38.596,171.769,0.2995,0.2903,0.2949,0.3682,0.4333,DROWSY,0,0,Windows,malam
23:21:38.627,171.8,0.2988,0.263,0.2809,0.37,0.4267,DROWSY,0,0,Windows,malam
23:21:38.664,171.837,0.2851,0.2938,0.2894,0.3659,0.42,DROWSY,0,0,Windows,malam
23:21:38.692,171.865,0.274,0.2732,0.2736,0.3651,0.4133,DROWSY,0,0,Windows,malam
23:21:38.721,171.894,0.2884,0.3114,0.2999,0.3644,0.4067,DROWSY,0,0,Windows,malam
23:21:38.759,171.932,0.297,0.3104,0.3037,0.3584,0.4,DROWSY,0,0,Windows,malam
23:21:38.783,171.956,0.2823,0.3007,0.2915,0.3545,0.3933,DROWSY,0,0,Windows,malam
23:21:38.816,171.989,0.2875,0.2814,0.2845,0.3538,0.3867,DROWSY,0,0,Windows,malam
23:21:38.855,172.028,0.3028,0.3114,0.3071,0.379,0.38,DROWSY,0,0,Windows,malam
23:21:38.892,172.065,0.2875,0.2782,0.2829,0.3844,0.3733,DROWSY,0,0,Windows,malam
23:21:38.924,172.096,0.2875,0.2875,0.2875,0.3983,0.3667,DROWSY,0,0,Windows,malam
23:21:38.953,172.126,0.2724,0.2635,0.268,0.4018,0.36,DROWSY,0,0,Windows,malam
23:21:38.987,172.159,0.2875,0.2789,0.2832,0.4027,0.3533,DROWSY,0,0,Windows,malam
23:21:39.019,172.192,0.2789,0.2782,0.2786,0.3931,0.3467,NORMAL,0,0,Windows,malam
23:21:39.064,172.237,0.2917,0.3078,0.2997,0.3917,0.34,NORMAL,0,0,Windows,malam
23:21:39.095,172.268,0.2724,0.2758,0.2741,0.3904,0.3333,NORMAL,0,0,Windows,malam
23:21:39.125,172.298,0.2854,0.2843,0.2849,0.3834,0.3267,NORMAL,0,0,Windows,malam
23:21:39.158,172.331,0.2572,0.2758,0.2665,0.3879,0.32,NORMAL,0,0,Windows,malam
23:21:39.188,172.361,0.2271,0.2566,0.2418,0.4003,0.32,NORMAL,1,0,Windows,malam
23:21:39.221,172.394,0.2572,0.2489,0.253,0.3906,0.3133,NORMAL,0,0,Windows,malam
23:21:39.257,172.43,0.2816,0.2833,0.2825,0.3944,0.3067,NORMAL,0,0,Windows,malam
23:21:39.285,172.458,0.2503,0.2941,0.2722,0.4073,0.3,NORMAL,0,0,Windows,malam
23:21:39.314,172.487,0.2503,0.2941,0.2722,0.3972,0.2933,NORMAL,0,0,Windows,malam
23:21:39.367,172.539,0.266,0.2934,0.2797,0.3893,0.2867,NORMAL,0,0,Windows,malam
23:21:39.396,172.569,0.2747,0.2897,0.2822,0.3884,0.28,NORMAL,0,0,Windows,malam
23:21:39.425,172.598,0.2747,0.2962,0.2855,0.3884,0.2733,NORMAL,0,0,Windows,malam
23:21:39.465,172.637,0.3066,0.3042,0.3054,0.39,0.2667,NORMAL,0,0,Windows,malam
23:21:39.491,172.664,0.2874,0.2908,0.2891,0.4006,0.26,NORMAL,0,0,Windows,malam
23:21:39.522,172.695,0.2905,0.2748,0.2826,0.4014,0.2533,NORMAL,0,0,Windows,malam
23:21:39.559,172.731,0.2659,0.2589,0.2624,0.4017,0.2467,NORMAL,0,0,Windows,malam
23:21:39.583,172.756,0.2315,0.2508,0.2412,0.3903,0.2467,NORMAL,1,0,Windows,malam
23:21:39.615,172.788,0.2281,0.2354,0.2318,0.3901,0.2467,NORMAL,2,0,Windows,malam
23:21:39.655,172.828,0.1645,0.194,0.1792,0.4063,0.2467,NORMAL,3,0,Windows,malam
23:21:39.693,172.866,0.1691,0.1789,0.174,0.4068,0.2467,NORMAL,4,0,Windows,malam
23:21:39.723,172.896,0.1645,0.1586,0.1616,0.4118,0.2467,NORMAL,5,0,Windows,malam
23:21:39.768,172.941,0.1691,0.1789,0.174,0.3943,0.2467,NORMAL,6,0,Windows,malam
23:21:39.804,172.977,0.1804,0.1886,0.1845,0.3992,0.2467,NORMAL,7,0,Windows,malam
23:21:39.835,173.008,0.185,0.1886,0.1868,0.4014,0.2467,NORMAL,8,0,Windows,malam
23:21:39.863,173.035,0.1804,0.2035,0.1919,0.4059,0.2467,NORMAL,9,0,Windows,malam
23:21:39.897,173.07,0.1804,0.1727,0.1765,0.4063,0.2467,WARNING,10,0,Windows,malam
23:21:39.930,173.103,0.1804,0.1795,0.1799,0.4177,0.2467,WARNING,11,0,Windows,malam
23:21:39.960,173.132,0.1804,0.1724,0.1764,0.4113,0.2467,WARNING,12,0,Windows,malam
23:21:39.992,173.165,0.1804,0.1724,0.1764,0.4099,0.2467,WARNING,13,0,Windows,malam
23:21:40.023,173.195,0.1804,0.174,0.1772,0.4128,0.2467,WARNING,14,0,Windows,malam
23:21:40.056,173.229,0.1682,0.1724,0.1703,0.4043,0.2467,WARNING,15,0,Windows,malam
23:21:40.087,173.259,0.169,0.1724,0.1707,0.399,0.2467,WARNING,16,0,Windows,malam
23:21:40.117,173.29,0.1691,0.1691,0.1691,0.399,0.2467,WARNING,17,0,Windows,malam
23:21:40.169,173.342,0.204,0.1893,0.1966,0.3996,0.2467,WARNING,18,0,Windows,malam
23:21:40.196,173.369,0.2348,0.193,0.2139,0.3991,0.2467,WARNING,19,0,Windows,malam
23:21:40.227,173.4,0.2348,0.2046,0.2197,0.4004,0.2467,DROWSY,20,0,Windows,malam
23:21:40.264,173.437,0.2503,0.2387,0.2445,0.4076,0.2467,DROWSY,21,0,Windows,malam
23:21:40.294,173.467,0.2503,0.2529,0.2516,0.396,0.24,NORMAL,0,0,Windows,malam
23:21:40.318,173.49,0.2503,0.2599,0.2551,0.396,0.2333,NORMAL,0,0,Windows,malam
23:21:40.358,173.531,0.2471,0.25,0.2485,0.399,0.2333,NORMAL,1,0,Windows,malam
23:21:40.381,173.554,0.2275,0.2654,0.2465,0.3962,0.24,NORMAL,2,0,Windows,malam
23:21:40.411,173.583,0.2475,0.2654,0.2564,0.408,0.24,NORMAL,0,0,Windows,malam
23:21:40.456,173.629,0.2092,0.2284,0.2188,0.408,0.2467,NORMAL,1,0,Windows,malam
23:21:40.491,173.664,0.1917,0.1985,0.1951,0.4144,0.2533,NORMAL,2,0,Windows,malam
23:21:40.521,173.694,0.1938,0.2015,0.1976,0.4172,0.26,NORMAL,3,0,Windows,malam
23:21:40.571,173.744,0.2087,0.2354,0.2221,0.4096,0.2667,NORMAL,4,0,Windows,malam
23:21:40.598,173.771,0.2154,0.2354,0.2254,0.3969,0.2733,NORMAL,5,0,Windows,malam
23:21:40.630,173.803,0.2125,0.2454,0.2289,0.403,0.28,NORMAL,6,0,Windows,malam
23:21:40.664,173.837,0.212,0.2346,0.2233,0.3979,0.2867,NORMAL,7,0,Windows,malam
23:21:40.691,173.864,0.212,0.2354,0.2237,0.3917,0.2933,NORMAL,8,0,Windows,malam
23:21:40.721,173.894,0.2314,0.243,0.2372,0.3899,0.3,NORMAL,9,0,Windows,malam
23:21:40.760,173.932,0.2314,0.2421,0.2367,0.3905,0.3067,WARNING,10,0,Windows,malam
23:21:40.784,173.957,0.2314,0.2421,0.2367,0.3974,0.3133,WARNING,11,0,Windows,malam
23:21:40.817,173.99,0.2314,0.243,0.2372,0.4086,0.32,WARNING,12,0,Windows,malam
23:21:40.855,174.028,0.2087,0.2436,0.2261,0.3999,0.3267,WARNING,13,0,Windows,malam
23:21:40.880,174.053,0.2271,0.243,0.235,0.3903,0.3333,WARNING,14,0,Windows,malam
23:21:40.912,174.085,0.2503,0.2589,0.2546,0.3888,0.3333,NORMAL,0,0,Windows,malam
23:21:40.968,174.141,0.2503,0.2421,0.2462,0.3921,0.34,NORMAL,1,0,Windows,malam
23:21:41.003,174.176,0.2659,0.2421,0.254,0.3886,0.34,NORMAL,0,0,Windows,malam
23:21:41.034,174.206,0.2629,0.2421,0.2525,0.3863,0.34,NORMAL,0,0,Windows,malam
23:21:41.063,174.236,0.2576,0.2738,0.2657,0.399,0.34,NORMAL,0,0,Windows,malam
23:21:41.097,174.27,0.2577,0.2654,0.2615,0.3999,0.34,NORMAL,0,0,Windows,malam
23:21:41.127,174.3,0.2577,0.2654,0.2615,0.3954,0.34,NORMAL,0,0,Windows,malam
23:21:41.159,174.332,0.3334,0.3271,0.3302,0.4188,0.34,NORMAL,0,0,Windows,malam
23:21:41.192,174.365,0.3492,0.3343,0.3418,0.4304,0.34,NORMAL,0,0,Windows,malam
23:21:41.222,174.395,0.3488,0.3493,0.349,0.4279,0.34,NORMAL,0,0,Windows,malam
23:21:41.255,174.428,0.386,0.3667,0.3763,0.414,0.34,NORMAL,0,0,Windows,malam
23:21:41.284,174.457,0.3766,0.3776,0.3771,0.399,0.34,NORMAL,0,0,Windows,malam
23:21:41.319,174.491,0.3739,0.3739,0.3739,0.3944,0.34,NORMAL,0,0,Windows,malam
23:21:41.368,174.541,0.3739,0.365,0.3694,0.4025,0.34,NORMAL,0,0,Windows,malam
23:21:41.396,174.569,0.3747,0.3789,0.3768,0.3924,0.34,NORMAL,0,0,Windows,malam
23:21:41.427,174.6,0.3747,0.3951,0.3849,0.3934,0.34,NORMAL,0,0,Windows,malam
23:21:41.465,174.637,0.4036,0.3939,0.3988,0.4069,0.34,NORMAL,0,0,Windows,malam
23:21:41.490,174.663,0.3931,0.3811,0.3871,0.4073,0.34,NORMAL,0,0,Windows,malam
23:21:41.521,174.694,0.3816,0.3667,0.3741,0.4067,0.34,NORMAL,0,0,Windows,malam
23:21:41.560,174.733,0.3821,0.3811,0.3816,0.4073,0.34,NORMAL,0,0,Windows,malam
23:21:41.583,174.756,0.408,0.3811,0.3946,0.4061,0.34,NORMAL,0,0,Windows,malam
23:21:41.616,174.788,0.408,0.3811,0.3946,0.4069,0.34,NORMAL,0,0,Windows,malam
23:21:41.672,174.845,0.4041,0.3956,0.3998,0.4098,0.34,NORMAL,0,0,Windows,malam
23:21:41.693,174.866,0.4007,0.3937,0.3972,0.4126,0.34,NORMAL,0,0,Windows,malam
23:21:41.725,174.898,0.4007,0.3937,0.3972,0.414,0.34,NORMAL,0,0,Windows,malam
23:21:41.767,174.94,0.3895,0.3667,0.3781,0.4128,0.34,NORMAL,0,0,Windows,malam
23:21:41.788,174.961,0.3895,0.3811,0.3853,0.4133,0.34,NORMAL,0,0,Windows,malam
23:21:41.818,174.991,0.3933,0.3951,0.3942,0.4084,0.34,NORMAL,0,0,Windows,malam
23:21:41.863,175.036,0.3788,0.3956,0.3872,0.4076,0.34,NORMAL,0,0,Windows,malam
23:21:41.899,175.072,0.3816,0.3956,0.3886,0.4029,0.34,NORMAL,0,0,Windows,malam
23:21:41.929,175.102,0.3821,0.3956,0.3888,0.408,0.34,NORMAL,0,0,Windows,malam
23:21:41.958,175.131,0.3821,0.3956,0.3888,0.4048,0.34,NORMAL,0,0,Windows,malam
23:21:41.991,175.164,0.3752,0.3937,0.3845,0.4072,0.34,NORMAL,0,0,Windows,malam
23:21:42.023,175.196,0.3922,0.3937,0.393,0.4118,0.34,NORMAL,0,0,Windows,malam
23:21:42.072,175.245,0.3894,0.35,0.3697,0.4408,0.3333,NORMAL,0,0,Windows,malam
23:21:42.102,175.275,0.3865,0.3609,0.3737,0.4436,0.3267,NORMAL,0,0,Windows,malam
23:21:42.133,175.306,0.3976,0.3876,0.3926,0.4519,0.32,NORMAL,0,0,Windows,malam
23:21:42.166,175.339,0.3308,0.3173,0.324,0.5273,0.3133,NORMAL,0,0,Windows,malam
23:21:42.197,175.37,0.2981,0.3016,0.2998,0.5202,0.3067,NORMAL,0,0,Windows,malam
23:21:42.229,175.401,0.2973,0.2928,0.2951,0.5066,0.3,NORMAL,0,0,Windows,malam
23:21:42.267,175.44,0.2959,0.2962,0.2961,0.5899,0.2933,NORMAL,0,0,Windows,malam
23:21:42.306,175.479,0.3156,0.2875,0.3016,0.5907,0.2933,NORMAL,0,0,Windows,malam
23:21:42.336,175.509,0.3015,0.2729,0.2872,0.6031,0.2933,NORMAL,0,0,Windows,malam
23:21:42.369,175.541,0.2603,0.2559,0.2581,0.7005,0.2933,NORMAL,0,1,Windows,malam
23:21:42.399,175.572,0.2871,0.2559,0.2715,0.7232,0.2933,NORMAL,0,2,Windows,malam
23:21:42.432,175.605,0.2546,0.2569,0.2557,0.718,0.2933,NORMAL,0,3,Windows,malam
23:21:42.471,175.644,0.2733,0.2559,0.2646,0.7876,0.2933,NORMAL,0,4,Windows,malam
23:21:42.492,175.664,0.2557,0.2559,0.2558,0.7912,0.2933,NORMAL,0,5,Windows,malam
23:21:42.523,175.696,0.2638,0.2559,0.2599,0.7865,0.2933,NORMAL,0,6,Windows,malam
23:21:42.566,175.739,0.2638,0.2569,0.2604,0.78,0.2933,NORMAL,0,7,Windows,malam
23:21:42.602,175.775,0.2638,0.2569,0.2604,0.8051,0.2933,NORMAL,0,8,Windows,malam
23:21:42.632,175.805,0.296,0.2411,0.2686,0.7954,0.2933,NORMAL,0,9,Windows,malam
23:21:42.663,175.836,0.2648,0.2182,0.2415,0.8213,0.3,NORMAL,1,10,Windows,malam
23:21:42.694,175.867,0.2612,0.2182,0.2397,0.8232,0.3067,NORMAL,2,11,Windows,malam
23:21:42.724,175.897,0.2546,0.2182,0.2364,0.8186,0.3133,NORMAL,3,12,Windows,malam
23:21:42.759,175.932,0.231,0.2182,0.2246,0.8136,0.32,NORMAL,4,13,Windows,malam
23:21:42.786,175.959,0.2161,0.1873,0.2017,0.7967,0.3267,NORMAL,5,14,Windows,malam
23:21:42.819,175.992,0.1867,0.1873,0.187,0.7978,0.3333,WARNING,6,15,Windows,malam
23:21:42.851,176.024,0.1953,0.1873,0.1913,0.7788,0.34,WARNING,7,16,Windows,malam
23:21:42.882,176.054,0.2152,0.1817,0.1985,0.7961,0.3467,WARNING,8,17,Windows,malam
23:21:42.913,176.086,0.2152,0.1854,0.2003,0.7934,0.3533,DROWSY,9,18,Windows,malam
23:21:42.967,176.139,0.2211,0.2182,0.2196,0.7658,0.36,DROWSY,10,19,Windows,malam
23:21:42.992,176.165,0.2211,0.2326,0.2268,0.758,0.3667,DROWSY,11,20,Windows,malam
23:21:43.021,176.194,0.2349,0.2326,0.2337,0.7601,0.3733,DROWSY,12,21,Windows,malam
23:21:43.066,176.238,0.2548,0.2316,0.2432,0.7783,0.38,DROWSY,13,22,Windows,malam
23:21:43.101,176.274,0.2416,0.2316,0.2366,0.7833,0.3867,DROWSY,14,23,Windows,malam
23:21:43.132,176.305,0.2416,0.2016,0.2216,0.7851,0.3933,DROWSY,15,24,Windows,malam
23:21:43.159,176.332,0.2216,0.2171,0.2193,0.7921,0.3933,DROWSY,16,25,Windows,malam
23:21:43.192,176.365,0.2351,0.247,0.2411,0.789,0.3933,DROWSY,17,26,Windows,malam
23:21:43.225,176.398,0.2351,0.2481,0.2416,0.7941,0.3933,DROWSY,18,27,Windows,malam
23:21:43.255,176.428,0.2351,0.2481,0.2416,0.7826,0.3933,DROWSY,19,28,Windows,malam
23:21:43.287,176.46,0.2282,0.2481,0.2381,0.7655,0.4,DROWSY,20,29,Windows,malam
23:21:43.319,176.492,0.2231,0.2481,0.2356,0.7667,0.4067,DROWSY,21,30,Windows,malam
23:21:43.368,176.541,0.2376,0.2416,0.2396,0.77,0.4067,DROWSY,22,31,Windows,malam
23:21:43.396,176.569,0.2515,0.2127,0.2321,0.759,0.4133,DROWSY,23,32,Windows,malam
23:21:43.428,176.601,0.2515,0.2127,0.2321,0.7634,0.42,DROWSY,24,33,Windows,malam
23:21:43.468,176.641,0.2291,0.2589,0.244,0.5904,0.4267,DROWSY,25,0,Windows,malam
23:21:43.492,176.665,0.2491,0.2738,0.2614,0.5624,0.4267,DROWSY,0,0,Windows,malam
23:21:43.521,176.694,0.2706,0.2724,0.2715,0.5419,0.4267,DROWSY,0,0,Windows,malam
23:21:43.561,176.734,0.3598,0.3609,0.3603,0.4619,0.4267,DROWSY,0,0,Windows,malam
23:21:43.585,176.758,0.3746,0.3487,0.3616,0.4482,0.4267,DROWSY,0,0,Windows,malam
23:21:43.616,176.789,0.3831,0.3773,0.3802,0.4382,0.4267,DROWSY,0,0,Windows,malam
23:21:43.647,176.82,0.3859,0.3773,0.3816,0.4432,0.4267,DROWSY,0,0,Windows,malam
23:21:43.680,176.853,0.386,0.3793,0.3827,0.4041,0.4267,DROWSY,0,0,Windows,malam
23:21:43.711,176.884,0.4141,0.3882,0.4012,0.3931,0.4267,DROWSY,0,0,Windows,malam
23:21:43.767,176.94,0.3912,0.377,0.3841,0.386,0.4267,DROWSY,0,0,Windows,malam
23:21:43.789,176.962,0.3822,0.3895,0.3858,0.3937,0.4267,DROWSY,0,0,Windows,malam
23:21:43.819,176.992,0.3962,0.3865,0.3914,0.3986,0.4267,DROWSY,0,0,Windows,malam
23:21:43.865,177.038,0.4122,0.4008,0.4065,0.3842,0.4267,DROWSY,0,0,Windows,malam
23:21:43.899,177.072,0.3976,0.3865,0.392,0.3975,0.4267,DROWSY,0,0,Windows,malam
23:21:43.931,177.104,0.3821,0.3751,0.3786,0.3887,0.4267,DROWSY,0,0,Windows,malam
23:21:43.976,177.149,0.3833,0.354,0.3686,0.394,0.4267,DROWSY,0,0,Windows,malam
23:21:44.009,177.182,0.3688,0.3563,0.3626,0.394,0.4267,DROWSY,0,0,Windows,malam
23:21:44.042,177.215,0.3688,0.3463,0.3576,0.394,0.4267,DROWSY,0,0,Windows,malam
23:21:44.071,177.244,0.3688,0.354,0.3614,0.3969,0.4267,DROWSY,0,0,Windows,malam
23:21:44.104,177.277,0.1023,0.0785,0.0904,0.4026,0.4333,DROWSY,1,0,Windows,malam
23:21:44.135,177.308,0.0518,0.0653,0.0586,0.3972,0.44,DROWSY,2,0,Windows,malam
23:21:44.167,177.339,0.131,0.1436,0.1373,0.409,0.4467,DROWSY,3,0,Windows,malam
23:21:44.196,177.369,0.1578,0.1166,0.1372,0.4001,0.4467,DROWSY,4,0,Windows,malam
23:21:44.229,177.402,0.1581,0.1299,0.144,0.3952,0.4533,DROWSY,5,0,Windows,malam
23:21:44.263,177.436,0.1625,0.1667,0.1646,0.3876,0.46,DROWSY,6,0,Windows,malam
23:21:44.294,177.467,0.1925,0.1814,0.1869,0.3956,0.4667,DROWSY,7,0,Windows,malam
23:21:44.326,177.499,0.2198,0.1814,0.2006,0.4009,0.4733,DROWSY,8,0,Windows,malam
23:21:44.377,177.55,0.2056,0.1914,0.1985,0.3954,0.48,DROWSY,9,0,Windows,malam
23:21:44.401,177.574,0.1787,0.1805,0.1796,0.3891,0.4867,DROWSY,10,0,Windows,malam
23:21:44.434,177.606,0.1916,0.1797,0.1856,0.384,0.4933,DROWSY,11,0,Windows,malam
23:21:44.464,177.637,0.1861,0.177,0.1816,0.384,0.5,DROWSY,12,0,Windows,malam
23:21:44.496,177.668,0.1557,0.1755,0.1656,0.3825,0.5067,DROWSY,13,0,Windows,malam
23:21:44.526,177.699,0.1242,0.1621,0.1432,0.382,0.5133,DROWSY,14,0,Windows,malam
23:21:44.567,177.74,0.1673,0.189,0.1781,0.3818,0.52,DROWSY,15,0,Windows,malam
23:21:44.601,177.774,0.1737,0.1789,0.1763,0.3752,0.52,DROWSY,16,0,Windows,malam
23:21:44.634,177.807,0.1917,0.2059,0.1988,0.3672,0.52,DROWSY,17,0,Windows,malam
23:21:44.665,177.838,0.1672,0.2059,0.1866,0.3679,0.52,DROWSY,18,0,Windows,malam
23:21:44.699,177.872,0.1538,0.2059,0.1799,0.3711,0.52,DROWSY,19,0,Windows,malam
23:21:44.729,177.901,0.1539,0.2059,0.1799,0.3708,0.52,DROWSY,20,0,Windows,malam
23:21:44.776,177.949,0.205,0.2059,0.2055,0.3648,0.52,DROWSY,21,0,Windows,malam
23:21:44.877,178.049,0.2375,0.2204,0.229,0.3827,0.52,DROWSY,22,0,Windows,malam
23:21:44.900,178.073,0.2512,0.2341,0.2426,0.3892,0.52,DROWSY,23,0,Windows,malam
23:21:44.970,178.143,0.2789,0.2528,0.2659,0.3884,0.5133,DROWSY,0,0,Windows,malam
23:21:44.994,178.167,0.2509,0.2318,0.2413,0.3822,0.5133,DROWSY,1,0,Windows,malam
23:21:45.026,178.199,0.2305,0.2318,0.2311,0.3841,0.5133,DROWSY,2,0,Windows,malam
23:21:45.065,178.238,0.3069,0.3205,0.3137,0.3936,0.5067,DROWSY,0,0,Windows,malam
23:21:45.102,178.275,0.3071,0.2979,0.3025,0.3987,0.5,DROWSY,0,0,Windows,malam
23:21:45.133,178.306,0.3071,0.2968,0.3019,0.4019,0.4933,DROWSY,0,0,Windows,malam
23:21:45.164,178.337,0.2929,0.2968,0.2948,0.4019,0.4867,DROWSY,0,0,Windows,malam
23:21:45.196,178.369,0.3637,0.3392,0.3514,0.3892,0.48,DROWSY,0,0,Windows,malam
23:21:45.226,178.399,0.3394,0.3186,0.329,0.3888,0.4733,DROWSY,0,0,Windows,malam
23:21:45.259,178.431,0.3352,0.3186,0.3269,0.3921,0.4667,DROWSY,0,0,Windows,malam
23:21:45.293,178.466,0.3494,0.3453,0.3474,0.3836,0.46,DROWSY,0,0,Windows,malam
23:21:45.324,178.497,0.3637,0.3453,0.3545,0.387,0.4533,DROWSY,0,0,Windows,malam
23:21:45.368,178.541,0.3637,0.3441,0.3539,0.3902,0.4467,DROWSY,0,0,Windows,malam
23:21:45.400,178.573,0.3671,0.3423,0.3547,0.3935,0.4467,DROWSY,0,0,Windows,malam
23:21:45.431,178.603,0.3806,0.3423,0.3615,0.3935,0.4467,DROWSY,0,0,Windows,malam
23:21:45.463,178.636,0.3846,0.3622,0.3734,0.3898,0.44,DROWSY,0,0,Windows,malam
23:21:45.496,178.669,0.3846,0.3523,0.3685,0.3857,0.4333,DROWSY,0,0,Windows,malam
23:21:45.526,178.699,0.374,0.3747,0.3743,0.3809,0.4333,DROWSY,0,0,Windows,malam
23:21:45.557,178.73,0.374,0.3704,0.3722,0.3797,0.4267,DROWSY,0,0,Windows,malam
23:21:45.587,178.76,0.3836,0.3766,0.3801,0.3871,0.42,DROWSY,0,0,Windows,malam
23:21:45.619,178.792,0.4099,0.3914,0.4006,0.3858,0.4133,DROWSY,0,0,Windows,malam
23:21:45.650,178.823,0.3982,0.392,0.3951,0.3846,0.4067,DROWSY,0,0,Windows,malam
23:21:45.681,178.854,0.4113,0.4302,0.4208,0.3904,0.4,DROWSY,0,0,Windows,malam
23:21:45.712,178.885,0.3964,0.4325,0.4144,0.3877,0.3933,DROWSY,0,0,Windows,malam
23:21:45.768,178.941,0.425,0.4325,0.4287,0.3969,0.3867,DROWSY,0,0,Windows,malam
23:21:45.807,178.98,0.4226,0.431,0.4268,0.4147,0.38,DROWSY,0,0,Windows,malam
23:21:45.838,179.011,0.4192,0.415,0.4171,0.4157,0.3733,DROWSY,0,0,Windows,malam
23:21:45.868,179.041,0.4119,0.443,0.4275,0.3926,0.3667,DROWSY,0,0,Windows,malam
23:21:45.975,179.148,0.409,0.3997,0.4043,0.3827,0.36,DROWSY,0,0,Windows,malam
23:21:46.012,179.185,0.425,0.4147,0.4198,0.3793,0.3533,DROWSY,0,0,Windows,malam
23:21:46.042,179.215,0.4119,0.4151,0.4135,0.3825,0.3467,NORMAL,0,0,Windows,malam
23:21:46.076,179.248,0.4051,0.3985,0.4018,0.3995,0.34,NORMAL,0,0,Windows,malam
23:21:46.103,179.276,0.411,0.401,0.406,0.3889,0.34,NORMAL,0,0,Windows,malam
23:21:46.168,179.341,0.4085,0.4166,0.4126,0.401,0.3333,NORMAL,0,0,Windows,malam
23:21:46.197,179.369,0.4374,0.3891,0.4132,0.3959,0.3333,NORMAL,0,0,Windows,malam
23:21:46.229,179.402,0.4374,0.4027,0.4201,0.4022,0.3333,NORMAL,0,0,Windows,malam
23:21:46.280,179.453,0.4226,0.4052,0.4139,0.3993,0.3333,NORMAL,0,0,Windows,malam
23:21:46.305,179.478,0.4192,0.4014,0.4103,0.3977,0.3333,NORMAL,0,0,Windows,malam
23:21:46.337,179.51,0.425,0.4014,0.4132,0.3925,0.3333,NORMAL,0,0,Windows,malam
23:21:46.369,179.542,0.425,0.4027,0.4139,0.4028,0.3333,NORMAL,0,0,Windows,malam
23:21:46.400,179.572,0.425,0.4024,0.4137,0.3882,0.3333,NORMAL,0,0,Windows,malam
23:21:46.429,179.602,0.4133,0.4014,0.4073,0.3909,0.3333,NORMAL,0,0,Windows,malam
23:21:46.472,179.645,0.4,0.4014,0.4007,0.3975,0.3333,NORMAL,0,0,Windows,malam
23:21:46.507,179.68,0.4113,0.4027,0.407,0.3976,0.3333,NORMAL,0,0,Windows,malam
23:21:46.537,179.71,0.4113,0.4027,0.407,0.389,0.3333,NORMAL,0,0,Windows,malam
23:21:46.569,179.742,0.4113,0.4027,0.407,0.3816,0.3333,NORMAL,0,0,Windows,malam
23:21:46.602,179.774,0.4113,0.4027,0.407,0.3911,0.3333,NORMAL,0,0,Windows,malam
23:21:46.633,179.806,0.4113,0.4027,0.407,0.3808,0.3333,NORMAL,0,0,Windows,malam
23:21:46.679,179.852,0.425,0.4166,0.4208,0.3911,0.3333,NORMAL,0,0,Windows,malam
23:21:46.710,179.883,0.4098,0.4027,0.4063,0.3865,0.3333,NORMAL,0,0,Windows,malam
23:21:46.741,179.914,0.392,0.4027,0.3974,0.394,0.3333,NORMAL,0,0,Windows,malam
23:21:46.771,179.944,0.4084,0.4023,0.4053,0.394,0.3333,NORMAL,0,0,Windows,malam
23:21:46.802,179.975,0.4133,0.4052,0.4092,0.4021,0.3333,NORMAL,0,0,Windows,malam
23:21:46.835,180.008,0.392,0.4014,0.3967,0.3971,0.3333,NORMAL,0,0,Windows,malam
23:21:46.867,180.04,0.3912,0.4151,0.4031,0.395,0.3333,NORMAL,0,0,Windows,malam
23:21:46.897,180.07,0.425,0.4289,0.427,0.4031,0.3333,NORMAL,0,0,Windows,malam
23:21:46.930,180.103,0.4527,0.4411,0.4469,0.3976,0.3333,NORMAL,0,0,Windows,malam
23:21:46.968,180.141,0.4277,0.431,0.4293,0.4085,0.3333,NORMAL,0,0,Windows,malam
23:21:46.993,180.166,0.4279,0.4267,0.4273,0.4085,0.3333,NORMAL,0,0,Windows,malam
23:21:47.024,180.196,0.4274,0.4266,0.427,0.4087,0.3333,NORMAL,0,0,Windows,malam
23:21:47.083,180.256,0.4172,0.4269,0.4221,0.3967,0.3333,NORMAL,0,0,Windows,malam
23:21:47.176,180.349,0.444,0.4244,0.4342,0.4061,0.3333,NORMAL,0,0,Windows,malam
23:21:47.209,180.382,0.4428,0.4269,0.4349,0.4071,0.3333,NORMAL,0,0,Windows,malam
23:21:47.239,180.412,0.4306,0.4542,0.4424,0.4093,0.3333,NORMAL,0,0,Windows,malam
23:21:47.276,180.449,0.4277,0.4153,0.4215,0.3999,0.3333,NORMAL,0,0,Windows,malam
23:21:47.303,180.476,0.4291,0.3907,0.4099,0.3986,0.3333,NORMAL,0,0,Windows,malam
23:21:47.368,180.54,0.434,0.4172,0.4256,0.3942,0.3333,NORMAL,0,0,Windows,malam
23:21:47.396,180.569,0.4296,0.4011,0.4153,0.4027,0.3333,NORMAL,0,0,Windows,malam
23:21:47.430,180.602,0.4334,0.3997,0.4166,0.3932,0.3333,NORMAL,0,0,Windows,malam
23:21:47.461,180.634,0.4334,0.4021,0.4178,0.39,0.3333,NORMAL,0,0,Windows,malam
23:21:47.492,180.665,0.4274,0.4287,0.4281,0.4009,0.3333,NORMAL,0,0,Windows,malam
23:21:47.524,180.696,0.4277,0.415,0.4213,0.4007,0.3333,NORMAL,0,0,Windows,malam
23:21:47.556,180.729,0.4277,0.4302,0.4289,0.4053,0.3333,NORMAL,0,0,Windows,malam
23:21:47.586,180.759,0.4268,0.4287,0.4278,0.4008,0.3333,NORMAL,0,0,Windows,malam
23:21:47.617,180.79,0.4319,0.431,0.4314,0.3999,0.3333,NORMAL,0,0,Windows,malam
23:21:47.646,180.819,0.4319,0.4195,0.4257,0.3954,0.3333,NORMAL,0,0,Windows,malam
23:21:47.679,180.851,0.4402,0.4287,0.4345,0.3954,0.3333,NORMAL,0,0,Windows,malam
23:21:47.710,180.883,0.4402,0.4195,0.4299,0.3889,0.3333,NORMAL,0,0,Windows,malam
23:21:47.767,180.939,0.4277,0.4173,0.4225,0.3971,0.3333,NORMAL,0,0,Windows,malam
23:21:47.880,181.053,0.4387,0.4024,0.4205,0.3898,0.3333,NORMAL,0,0,Windows,malam
23:21:47.912,181.085,0.4291,0.4155,0.4223,0.3937,0.3333,NORMAL,0,0,Windows,malam
23:21:47.946,181.118,0.4291,0.4145,0.4218,0.3863,0.3333,NORMAL,0,0,Windows,malam
23:21:47.975,181.148,0.4291,0.4283,0.4287,0.3845,0.3333,NORMAL,0,0,Windows,malam
23:21:48.008,181.181,0.4291,0.4147,0.4219,0.3845,0.3333,NORMAL,0,0,Windows,malam
23:21:48.036,181.209,0.4153,0.4151,0.4152,0.38,0.3267,NORMAL,0,0,Windows,malam
23:21:48.075,181.248,0.4291,0.416,0.4225,0.3822,0.32,NORMAL,0,0,Windows,malam
23:21:48.101,181.273,0.4429,0.4023,0.4226,0.378,0.3133,NORMAL,0,0,Windows,malam
23:21:48.167,181.34,0.4277,0.4077,0.4177,0.39,0.3067,NORMAL,0,0,Windows,malam
23:21:48.193,181.366,0.414,0.4054,0.4097,0.4024,0.3,NORMAL,0,0,Windows,malam
23:21:48.226,181.398,0.4122,0.3907,0.4014,0.4057,0.2933,NORMAL,0,0,Windows,malam
23:21:48.255,181.428,0.4127,0.392,0.4023,0.4057,0.2867,NORMAL,0,0,Windows,malam
23:21:48.288,181.46,0.4258,0.4027,0.4143,0.4057,0.28,NORMAL,0,0,Windows,malam
23:21:48.318,181.49,0.4172,0.4164,0.4168,0.3948,0.2733,NORMAL,0,0,Windows,malam
23:21:48.350,181.523,0.4277,0.4164,0.422,0.3948,0.2667,NORMAL,0,0,Windows,malam
23:21:48.380,181.553,0.4277,0.4287,0.4282,0.4021,0.26,NORMAL,0,0,Windows,malam
23:21:48.411,181.584,0.4277,0.4287,0.4282,0.397,0.2533,NORMAL,0,0,Windows,malam
23:21:48.442,181.614,0.414,0.4287,0.4214,0.4003,0.2467,NORMAL,0,0,Windows,malam
23:21:48.477,181.65,0.4133,0.4064,0.4098,0.3941,0.24,NORMAL,0,0,Windows,malam
23:21:48.505,181.678,0.4274,0.4064,0.4169,0.3902,0.2333,NORMAL,0,0,Windows,malam
23:21:48.584,181.757,0.4022,0.4173,0.4097,0.3837,0.2267,NORMAL,0,0,Windows,malam
23:21:48.616,181.789,0.4266,0.431,0.4288,0.3916,0.22,NORMAL,0,0,Windows,malam
23:21:48.647,181.82,0.4266,0.4195,0.4231,0.3914,0.2133,NORMAL,0,0,Windows,malam
23:21:48.678,181.851,0.4402,0.4173,0.4288,0.3898,0.2067,NORMAL,0,0,Windows,malam
23:21:48.710,181.883,0.4538,0.4289,0.4414,0.3934,0.2,NORMAL,0,0,Windows,malam
23:21:48.742,181.914,0.432,0.429,0.4305,0.3995,0.1933,NORMAL,0,0,Windows,malam
23:21:48.772,181.945,0.432,0.4173,0.4247,0.3865,0.1867,NORMAL,0,0,Windows,malam
23:21:48.803,181.976,0.441,0.4157,0.4284,0.3919,0.18,NORMAL,0,0,Windows,malam
23:21:48.833,182.006,0.441,0.4138,0.4274,0.3878,0.1733,NORMAL,0,0,Windows,malam
23:21:48.866,182.038,0.414,0.4157,0.4149,0.3946,0.1667,NORMAL,0,0,Windows,malam
23:21:48.897,182.069,0.414,0.4033,0.4087,0.391,0.1667,NORMAL,0,0,Windows,malam
23:21:48.930,182.102,0.445,0.4072,0.4261,0.4022,0.1667,NORMAL,0,0,Windows,malam
23:21:48.984,182.157,0.4306,0.4157,0.4232,0.4137,0.1667,NORMAL,0,0,Windows,malam
23:21:49.006,182.179,0.414,0.4179,0.416,0.4105,0.1667,NORMAL,0,0,Windows,malam
23:21:49.041,182.214,0.4311,0.4199,0.4255,0.4016,0.1667,NORMAL,0,0,Windows,malam
23:21:49.072,182.245,0.4325,0.4179,0.4252,0.3995,0.1667,NORMAL,0,0,Windows,malam
23:21:49.104,182.277,0.3876,0.4062,0.3969,0.3907,0.1667,NORMAL,0,0,Windows,malam
23:21:49.133,182.306,0.4012,0.392,0.3966,0.3854,0.1667,NORMAL,0,0,Windows,malam
23:21:49.166,182.339,0.3872,0.3907,0.3889,0.3832,0.1667,NORMAL,0,0,Windows,malam
23:21:49.196,182.369,0.4008,0.4024,0.4016,0.3801,0.1667,NORMAL,0,0,Windows,malam
23:21:49.228,182.4,0.4008,0.3892,0.395,0.3837,0.1667,NORMAL,0,0,Windows,malam
23:21:49.257,182.43,0.4008,0.3892,0.395,0.3841,0.1667,NORMAL,0,0,Windows,malam
23:21:49.303,182.476,0.4039,0.3892,0.3965,0.3761,0.1667,NORMAL,0,0,Windows,malam
23:21:49.335,182.508,0.4008,0.3892,0.395,0.3759,0.1667,NORMAL,0,0,Windows,malam
23:21:49.383,182.556,0.4008,0.3928,0.3968,0.3788,0.1667,NORMAL,0,0,Windows,malam
23:21:49.414,182.587,0.4084,0.3892,0.3988,0.3834,0.1667,NORMAL,0,0,Windows,malam
23:21:49.446,182.618,0.4084,0.4024,0.4054,0.3859,0.1667,NORMAL,0,0,Windows,malam
23:21:49.493,182.666,0.4122,0.4064,0.4093,0.3744,0.1667,NORMAL,0,0,Windows,malam
23:21:49.581,182.754,0.425,0.4062,0.4156,0.3841,0.16,NORMAL,0,0,Windows,malam
23:21:49.618,182.791,0.4192,0.4195,0.4194,0.3961,0.1533,NORMAL,0,0,Windows,malam
23:21:49.649,182.822,0.4192,0.4325,0.4258,0.3908,0.1467,NORMAL,0,0,Windows,malam
23:21:49.682,182.854,0.3937,0.3957,0.3947,0.4149,0.14,NORMAL,0,0,Windows,malam
23:21:49.711,182.884,0.374,0.3914,0.3827,0.4081,0.1333,NORMAL,0,0,Windows,malam
23:21:49.741,182.914,0.3982,0.3929,0.3955,0.4066,0.1267,NORMAL,0,0,Windows,malam
23:21:49.783,182.956,0.3189,0.2746,0.2968,0.3995,0.12,NORMAL,0,0,Windows,malam
23:21:49.808,182.981,0.3119,0.2746,0.2932,0.4014,0.1133,NORMAL,0,0,Windows,malam
23:21:49.838,183.011,0.3174,0.2785,0.298,0.3944,0.1067,NORMAL,0,0,Windows,malam
23:21:49.879,183.052,0.274,0.2465,0.2603,0.3959,0.1,NORMAL,0,0,Windows,malam
23:21:49.913,183.086,0.246,0.2437,0.2448,0.3974,0.1,NORMAL,1,0,Windows,malam
23:21:49.946,183.118,0.2481,0.2647,0.2564,0.4077,0.0933,NORMAL,0,0,Windows,malam
23:21:49.976,183.149,0.197,0.2,0.1985,0.4465,0.0933,NORMAL,1,0,Windows,malam
23:21:50.038,183.211,0.1585,0.1757,0.1671,0.4669,0.0933,NORMAL,2,0,Windows,malam
23:21:50.086,183.259,0.1704,0.1538,0.1621,0.5777,0.0933,NORMAL,3,0,Windows,malam
23:21:50.184,183.357,0.1539,0.1278,0.1409,0.584,0.0933,NORMAL,4,0,Windows,malam
23:21:50.209,183.382,0.1642,0.1231,0.1436,0.5795,0.0933,NORMAL,5,0,Windows,malam
23:21:50.243,183.416,0.1644,0.1207,0.1425,0.5684,0.0933,NORMAL,6,0,Windows,malam
23:21:50.279,183.452,0.1226,0.0889,0.1058,0.588,0.0933,NORMAL,7,0,Windows,malam
23:21:50.306,183.478,0.1497,0.0865,0.1181,0.5859,0.0933,NORMAL,8,0,Windows,malam
23:21:50.333,183.506,0.1356,0.083,0.1093,0.6012,0.0933,NORMAL,9,0,Windows,malam
23:21:50.375,183.548,0.1497,0.1127,0.1312,0.6109,0.0933,WARNING,10,0,Windows,malam
23:21:50.397,183.569,0.1876,0.1451,0.1664,0.6321,0.0933,WARNING,11,0,Windows,malam
23:21:50.429,183.601,0.1827,0.1494,0.166,0.6185,0.1,WARNING,12,0,Windows,malam
23:21:50.472,183.644,0.1823,0.1286,0.1555,0.6399,0.1,WARNING,13,0,Windows,malam
23:21:50.507,183.68,0.1836,0.1321,0.1578,0.649,0.1,WARNING,14,0,Windows,malam
23:21:50.538,183.711,0.184,0.1408,0.1624,0.6545,0.1067,WARNING,15,1,Windows,malam
23:21:50.583,183.756,0.2022,0.1487,0.1755,0.6613,0.1133,WARNING,16,2,Windows,malam
23:21:50.616,183.789,0.22,0.1361,0.178,0.6795,0.12,WARNING,17,3,Windows,malam
23:21:50.646,183.819,0.2178,0.1238,0.1708,0.6719,0.1267,WARNING,18,4,Windows,malam
23:21:50.683,183.856,0.242,0.1529,0.1974,0.6904,0.1333,WARNING,19,5,Windows,malam
23:21:50.711,183.883,0.2326,0.1795,0.206,0.6945,0.14,DROWSY,20,6,Windows,malam
23:21:50.742,183.915,0.2337,0.1949,0.2143,0.7018,0.1467,DROWSY,21,7,Windows,malam
23:21:50.776,183.949,0.242,0.1903,0.2161,0.7134,0.1533,DROWSY,22,8,Windows,malam
23:21:50.805,183.978,0.2481,0.1795,0.2138,0.6977,0.16,DROWSY,23,9,Windows,malam
23:21:50.837,184.01,0.2569,0.1529,0.2049,0.6748,0.1667,DROWSY,24,10,Windows,malam
23:21:50.888,184.06,0.2411,0.1488,0.1949,0.7054,0.1733,DROWSY,25,11,Windows,malam
23:21:50.913,184.086,0.2016,0.1308,0.1662,0.7197,0.18,DROWSY,26,12,Windows,malam
23:21:50.945,184.118,0.2171,0.1408,0.1789,0.7249,0.1867,DROWSY,27,13,Windows,malam
23:21:50.984,184.157,0.227,0.1538,0.1904,0.7389,0.1933,DROWSY,28,14,Windows,malam
23:21:51.008,184.18,0.2249,0.1442,0.1846,0.748,0.2,DROWSY,29,15,Windows,malam
23:21:51.040,184.213,0.2488,0.172,0.2104,0.7382,0.2067,DROWSY,30,16,Windows,malam
23:21:51.079,184.252,0.2265,0.1713,0.1989,0.7385,0.2133,DROWSY,31,17,Windows,malam
23:21:51.101,184.274,0.1931,0.1422,0.1677,0.7629,0.22,DROWSY,32,18,Windows,malam
23:21:51.132,184.304,0.1934,0.1436,0.1685,0.7605,0.2267,DROWSY,33,19,Windows,malam
23:21:51.175,184.348,0.2027,0.1429,0.1728,0.7623,0.2333,DROWSY,34,20,Windows,malam
23:21:51.211,184.384,0.184,0.139,0.1615,0.7395,0.24,DROWSY,35,21,Windows,malam
23:21:51.242,184.415,0.2027,0.1469,0.1748,0.7471,0.2467,DROWSY,36,22,Windows,malam
23:21:51.286,184.459,0.2046,0.1476,0.1761,0.753,0.2533,DROWSY,37,23,Windows,malam
23:21:51.322,184.495,0.1817,0.1397,0.1607,0.7387,0.26,DROWSY,38,24,Windows,malam
23:21:51.353,184.526,0.1817,0.1436,0.1627,0.7345,0.2667,DROWSY,39,25,Windows,malam
23:21:51.383,184.556,0.1433,0.11,0.1267,0.7426,0.2733,DROWSY,40,26,Windows,malam
23:21:51.415,184.588,0.1433,0.0967,0.12,0.7167,0.28,DROWSY,41,27,Windows,malam
23:21:51.445,184.618,0.1475,0.11,0.1287,0.7167,0.2867,DROWSY,42,28,Windows,malam
23:21:51.480,184.652,0.1433,0.1182,0.1308,0.6649,0.2933,DROWSY,43,29,Windows,malam
23:21:51.522,184.695,0.1433,0.087,0.1152,0.6694,0.3,DROWSY,44,30,Windows,malam
23:21:51.553,184.726,0.1433,0.0972,0.1203,0.6704,0.3067,DROWSY,45,31,Windows,malam
23:21:51.600,184.773,0.1135,0.1006,0.1071,0.6661,0.3133,DROWSY,46,32,Windows,malam
23:21:51.632,184.805,0.1281,0.0934,0.1108,0.6706,0.32,DROWSY,47,33,Windows,malam
23:21:51.663,184.836,0.1135,0.0934,0.1035,0.6706,0.3267,DROWSY,48,34,Windows,malam
23:21:51.694,184.867,0.1107,0.0745,0.0926,0.6692,0.3333,DROWSY,49,35,Windows,malam
23:21:51.726,184.898,0.1121,0.0852,0.0987,0.6382,0.34,DROWSY,50,0,Windows,malam
23:21:51.757,184.929,0.1108,0.0828,0.0968,0.6276,0.3467,DROWSY,51,0,Windows,malam
23:21:51.783,184.956,0.0853,0.0617,0.0735,0.5812,0.3533,DROWSY,52,0,Windows,malam
23:21:51.817,184.99,0.0902,0.0937,0.0919,0.5816,0.36,DROWSY,53,0,Windows,malam
23:21:51.849,185.022,0.1126,0.1138,0.1132,0.5775,0.3667,DROWSY,54,0,Windows,malam
23:21:51.879,185.052,0.1263,0.0555,0.0909,0.5864,0.3733,DROWSY,55,0,Windows,malam
23:21:51.910,185.083,0.1071,0.0619,0.0845,0.6193,0.38,DROWSY,56,0,Windows,malam
23:21:51.939,185.112,0.1212,0.0586,0.0899,0.6131,0.3867,DROWSY,57,0,Windows,malam
23:21:51.975,185.148,0.0818,0.077,0.0794,0.5577,0.3933,DROWSY,58,0,Windows,malam
23:21:52.003,185.176,0.093,0.0928,0.0929,0.5751,0.4,DROWSY,59,0,Windows,malam
23:21:52.036,185.209,0.0933,0.0928,0.0931,0.5751,0.4067,DROWSY,60,0,Windows,malam
23:21:52.087,185.26,0.0988,0.093,0.0959,0.6517,0.4133,DROWSY,61,1,Windows,malam
23:21:52.113,185.286,0.1249,0.1315,0.1282,0.6525,0.42,DROWSY,62,2,Windows,malam
23:21:52.145,185.318,0.1094,0.093,0.1012,0.6716,0.4267,DROWSY,63,3,Windows,malam
23:21:52.183,185.356,0.1174,0.0748,0.0961,0.6827,0.4333,DROWSY,64,4,Windows,malam
23:21:52.207,185.38,0.0933,0.088,0.0907,0.6735,0.44,DROWSY,65,5,Windows,malam
23:21:52.237,185.41,0.0954,0.088,0.0917,0.7086,0.4467,DROWSY,66,6,Windows,malam
23:21:52.282,185.454,0.0682,0.093,0.0806,0.7642,0.4533,DROWSY,67,7,Windows,malam
23:21:52.317,185.49,0.0905,0.0903,0.0904,0.7372,0.46,DROWSY,68,8,Windows,malam
23:21:52.347,185.52,0.0907,0.0737,0.0822,0.7311,0.4667,DROWSY,69,9,Windows,malam
23:21:52.376,185.549,0.0661,0.0623,0.0642,0.6947,0.4733,DROWSY,70,10,Windows,malam
23:21:52.411,185.584,0.0697,0.0501,0.0599,0.7029,0.48,DROWSY,71,11,Windows,malam
23:21:52.442,185.615,0.0676,0.0639,0.0657,0.716,0.4867,DROWSY,72,12,Windows,malam
23:21:52.487,185.66,0.0659,0.0354,0.0507,0.7828,0.4933,DROWSY,73,13,Windows,malam
23:21:52.520,185.692,0.0622,0.0588,0.0605,0.7741,0.5,DROWSY,74,14,Windows,malam
23:21:52.552,185.725,0.0815,0.0588,0.0701,0.7683,0.5067,DROWSY,75,15,Windows,malam
23:21:52.583,185.756,0.0376,0.0147,0.0261,0.7518,0.5133,DROWSY,76,16,Windows,malam
23:21:52.613,185.785,0.0488,0.0294,0.0391,0.7397,0.52,DROWSY,77,17,Windows,malam
23:21:52.641,185.814,0.0427,0.0365,0.0396,0.7067,0.5267,DROWSY,78,18,Windows,malam
23:21:52.679,185.852,0.0465,0.0587,0.0526,0.7441,0.5333,DROWSY,79,19,Windows,malam
23:21:52.704,185.877,0.0467,0.0489,0.0478,0.7453,0.54,DROWSY,80,20,Windows,malam
23:21:52.736,185.909,0.0622,0.0453,0.0537,0.7453,0.5467,DROWSY,81,21,Windows,malam
23:21:52.778,185.951,0.0531,0.0363,0.0447,0.749,0.5533,DROWSY,82,22,Windows,malam
23:21:52.799,185.972,0.0376,0.0363,0.0369,0.7756,0.56,DROWSY,83,23,Windows,malam
23:21:52.832,186.004,0.0624,0.0363,0.0493,0.794,0.5667,DROWSY,84,24,Windows,malam
23:21:52.890,186.063,0.0151,0.0146,0.0149,0.7807,0.5733,DROWSY,85,25,Windows,malam
23:21:52.926,186.099,0.0151,0.0145,0.0148,0.8062,0.58,DROWSY,86,26,Windows,malam
23:21:52.957,186.13,0.0156,0.0145,0.0151,0.8127,0.5867,DROWSY,87,27,Windows,malam
23:21:52.987,186.16,0.0389,0.03,0.0344,0.7772,0.5933,DROWSY,88,28,Windows,malam
23:21:53.020,186.193,0.0312,0.0465,0.0389,0.779,0.6,DROWSY,89,29,Windows,malam
23:21:53.051,186.224,0.0484,0.062,0.0552,0.7753,0.6067,DROWSY,90,30,Windows,malam
23:21:53.080,186.253,0.0312,0.0451,0.0382,0.7755,0.6133,DROWSY,91,31,Windows,malam
23:21:53.115,186.288,0.0454,0.0436,0.0445,0.7816,0.62,DROWSY,92,32,Windows,malam
23:21:53.149,186.322,0.0312,0.0547,0.043,0.8015,0.6267,DROWSY,93,33,Windows,malam
23:21:53.192,186.365,0.0156,0.0424,0.029,0.8235,0.6333,DROWSY,94,34,Windows,malam
23:21:53.223,186.396,0.0156,0.03,0.0228,0.8006,0.64,DROWSY,95,35,Windows,malam
23:21:53.256,186.428,0.0312,0.03,0.0306,0.7976,0.6467,DROWSY,96,36,Windows,malam
23:21:53.286,186.459,0.0312,0.0362,0.0337,0.8213,0.6533,DROWSY,97,37,Windows,malam
23:21:53.317,186.49,0.0312,0.0362,0.0337,0.8233,0.66,DROWSY,98,38,Windows,malam
23:21:53.347,186.52,0.0156,0.0362,0.0259,0.8106,0.6667,DROWSY,99,39,Windows,malam
23:21:53.384,186.557,0.0156,0.0298,0.0227,0.7708,0.6733,DROWSY,100,40,Windows,malam
23:21:53.409,186.582,0.0377,0.0149,0.0263,0.7592,0.68,DROWSY,101,41,Windows,malam
23:21:53.439,186.612,0.0156,0.0,0.0078,0.7637,0.6867,DROWSY,102,42,Windows,malam
23:21:53.479,186.651,0.0156,0.0149,0.0153,0.7823,0.6933,DROWSY,103,43,Windows,malam
23:21:53.503,186.676,0.0156,0.0148,0.0152,0.7982,0.7,DROWSY,104,44,Windows,malam
23:21:53.533,186.706,0.0312,0.0145,0.0229,0.7878,0.7067,DROWSY,105,45,Windows,malam
23:21:53.592,186.765,0.0156,0.041,0.0283,0.7868,0.7133,DROWSY,106,46,Windows,malam
23:21:53.628,186.801,0.0,0.0291,0.0145,0.8029,0.72,DROWSY,107,47,Windows,malam
23:21:53.661,186.834,0.0221,0.0291,0.0256,0.7908,0.7267,DROWSY,108,48,Windows,malam
23:21:53.689,186.862,0.0312,0.0291,0.0302,0.7943,0.7333,DROWSY,109,49,Windows,malam
23:21:53.722,186.895,0.0469,0.0436,0.0453,0.8123,0.74,DROWSY,110,50,Windows,malam
23:21:53.755,186.928,0.0312,0.029,0.0301,0.8139,0.7467,DROWSY,111,51,Windows,malam
23:21:53.788,186.961,0.0469,0.034,0.0404,0.7854,0.7533,DROWSY,112,52,Windows,malam
23:21:53.817,186.99,0.0303,0.0198,0.025,0.7679,0.76,DROWSY,113,53,Windows,malam
23:21:53.847,187.02,0.0303,0.0198,0.025,0.7519,0.7667,DROWSY,114,54,Windows,malam
23:21:53.881,187.053,0.0303,0.028,0.0292,0.7098,0.7733,DROWSY,115,55,Windows,malam
23:21:53.911,187.084,0.0303,0.0396,0.035,0.7127,0.78,DROWSY,116,56,Windows,malam
23:21:53.942,187.115,0.0152,0.0396,0.0274,0.6888,0.7867,DROWSY,117,57,Windows,malam
23:21:53.996,187.168,0.0208,0.034,0.0274,0.7335,0.7933,DROWSY,118,58,Windows,malam
23:21:54.019,187.192,0.0,0.034,0.017,0.7212,0.8,DROWSY,119,59,Windows,malam
23:21:54.049,187.222,0.0,0.0331,0.0165,0.7189,0.8067,DROWSY,120,60,Windows,malam
23:21:54.087,187.259,0.0294,0.0331,0.0312,0.6993,0.8133,DROWSY,121,61,Windows,malam
23:21:54.112,187.285,0.0441,0.0389,0.0415,0.6898,0.82,DROWSY,122,62,Windows,malam
23:21:54.143,187.316,0.0441,0.0389,0.0415,0.6727,0.8267,DROWSY,123,63,Windows,malam
23:21:54.183,187.356,0.0441,0.0502,0.0472,0.7324,0.8333,DROWSY,124,64,Windows,malam
23:21:54.205,187.378,0.0428,0.05,0.0464,0.771,0.84,DROWSY,125,65,Windows,malam
23:21:54.236,187.409,0.0294,0.0387,0.0341,0.8165,0.8467,DROWSY,126,66,Windows,malam
23:21:54.281,187.453,0.0441,0.0331,0.0386,0.7805,0.8533,DROWSY,127,67,Windows,malam
23:21:54.301,187.474,0.0642,0.0389,0.0515,0.7792,0.86,DROWSY,128,68,Windows,malam
23:21:54.333,187.506,0.0455,0.0332,0.0393,0.76,0.8667,DROWSY,129,69,Windows,malam
23:21:54.395,187.568,0.0758,0.0389,0.0573,0.7479,0.8733,DROWSY,130,70,Windows,malam
23:21:54.428,187.601,0.0818,0.0398,0.0608,0.742,0.88,DROWSY,131,71,Windows,malam
23:21:54.459,187.631,0.0757,0.0516,0.0637,0.7136,0.8867,DROWSY,132,72,Windows,malam
23:21:54.486,187.659,0.1027,0.0763,0.0895,0.651,0.8933,DROWSY,133,73,Windows,malam
23:21:54.525,187.698,0.1214,0.0988,0.1101,0.6175,0.9,DROWSY,134,0,Windows,malam
23:21:54.551,187.724,0.1214,0.1018,0.1116,0.6201,0.9067,DROWSY,135,0,Windows,malam
23:21:54.583,187.756,0.1214,0.0986,0.11,0.484,0.9133,DROWSY,136,0,Windows,malam
23:21:54.613,187.786,0.1214,0.0883,0.1049,0.485,0.92,DROWSY,137,0,Windows,malam
23:21:54.646,187.819,0.1054,0.0958,0.1006,0.475,0.9267,DROWSY,138,0,Windows,malam
23:21:54.679,187.852,0.1214,0.1263,0.1239,0.4636,0.9333,DROWSY,139,0,Windows,malam
23:21:54.708,187.881,0.1272,0.1302,0.1287,0.4663,0.94,DROWSY,140,0,Windows,malam
23:21:54.738,187.911,0.1054,0.117,0.1112,0.4663,0.9467,DROWSY,141,0,Windows,malam
23:21:54.791,187.964,0.1214,0.1438,0.1326,0.4753,0.9533,DROWSY,142,0,Windows,malam
23:21:54.817,187.99,0.1007,0.1102,0.1054,0.4651,0.96,DROWSY,143,0,Windows,malam
23:21:54.848,188.021,0.0899,0.1083,0.0991,0.4605,0.9667,DROWSY,144,0,Windows,malam
23:21:54.889,188.061,0.102,0.1018,0.1019,0.4809,0.9733,DROWSY,145,0,Windows,malam
23:21:54.912,188.085,0.1329,0.0815,0.1072,0.4866,0.98,DROWSY,146,0,Windows,malam
23:21:54.942,188.115,0.1174,0.0815,0.0995,0.4923,0.9867,DROWSY,147,0,Windows,malam
23:21:54.983,188.156,0.0936,0.079,0.0863,0.4624,0.9933,DROWSY,148,0,Windows,malam
23:21:55.007,188.179,0.0988,0.0986,0.0987,0.5639,0.9933,DROWSY,149,0,Windows,malam
23:21:55.036,188.209,0.1343,0.1046,0.1194,0.6144,1.0,DROWSY,150,0,Windows,malam
23:21:55.078,188.251,0.1307,0.1478,0.1393,0.5262,1.0,DROWSY,151,0,Windows,malam
23:21:55.117,188.29,0.18,0.1577,0.1688,0.5567,1.0,DROWSY,152,0,Windows,malam
23:21:55.145,188.318,0.1841,0.144,0.164,0.5634,1.0,DROWSY,153,0,Windows,malam
23:21:55.195,188.368,0.1212,0.0894,0.1053,0.5864,1.0,DROWSY,154,0,Windows,malam
23:21:55.223,188.396,0.1262,0.0931,0.1096,0.5844,1.0,DROWSY,155,0,Windows,malam
23:21:55.257,188.43,0.0902,0.0826,0.0864,0.5753,1.0,DROWSY,156,0,Windows,malam
23:21:55.288,188.461,0.1037,0.0697,0.0867,0.5704,1.0,DROWSY,157,0,Windows,malam
23:21:55.319,188.491,0.1223,0.0961,0.1092,0.5257,1.0,DROWSY,158,0,Windows,malam
23:21:55.349,188.521,0.1174,0.0827,0.1,0.5021,1.0,DROWSY,159,0,Windows,malam
23:21:55.382,188.555,0.0771,0.0768,0.077,0.5097,1.0,DROWSY,160,0,Windows,malam
23:21:55.411,188.584,0.094,0.1087,0.1013,0.5168,1.0,DROWSY,161,0,Windows,malam
23:21:55.442,188.615,0.094,0.0963,0.0951,0.5351,1.0,DROWSY,162,0,Windows,malam
23:21:55.495,188.668,0.0877,0.0852,0.0864,0.532,1.0,DROWSY,163,0,Windows,malam
23:21:55.522,188.695,0.116,0.1367,0.1263,0.5548,1.0,DROWSY,164,0,Windows,malam
23:21:55.552,188.724,0.0853,0.1158,0.1006,0.5817,1.0,DROWSY,165,0,Windows,malam
23:21:55.591,188.763,0.107,0.0768,0.0919,0.6157,1.0,DROWSY,166,0,Windows,malam
23:21:55.613,188.786,0.0937,0.0854,0.0896,0.645,1.0,DROWSY,167,0,Windows,malam
23:21:55.644,188.817,0.0829,0.0854,0.0842,0.6398,1.0,DROWSY,168,0,Windows,malam
23:21:55.688,188.861,0.1061,0.071,0.0886,0.6079,1.0,DROWSY,169,0,Windows,malam
23:21:55.723,188.896,0.089,0.0728,0.0809,0.6195,1.0,DROWSY,170,0,Windows,malam
23:21:55.756,188.929,0.0832,0.0729,0.0781,0.5993,1.0,DROWSY,171,0,Windows,malam
23:21:55.783,188.956,0.0957,0.0493,0.0725,0.482,1.0,DROWSY,172,0,Windows,malam
23:21:55.831,189.004,0.0831,0.0588,0.0709,0.483,1.0,DROWSY,173,0,Windows,malam
23:21:55.863,189.036,0.0853,0.0588,0.0721,0.4747,1.0,DROWSY,174,0,Windows,malam
23:21:55.895,189.068,0.1621,0.1145,0.1383,0.407,1.0,DROWSY,175,0,Windows,malam
23:21:55.925,189.098,0.1699,0.1417,0.1558,0.4192,1.0,DROWSY,176,0,Windows,malam
23:21:55.958,189.13,0.1699,0.1297,0.1498,0.412,1.0,DROWSY,177,0,Windows,malam
23:21:55.992,189.165,0.1451,0.1412,0.1431,0.3843,1.0,DROWSY,178,0,Windows,malam
23:21:56.020,189.193,0.1328,0.1283,0.1305,0.3803,1.0,DROWSY,179,0,Windows,malam
23:21:56.050,189.223,0.158,0.1319,0.1449,0.384,1.0,DROWSY,180,0,Windows,malam
23:21:56.092,189.264,0.1421,0.1127,0.1274,0.3587,1.0,DROWSY,181,0,Windows,malam
23:21:56.113,189.286,0.1645,0.1413,0.1529,0.3591,1.0,DROWSY,182,0,Windows,malam
23:21:56.146,189.319,0.1493,0.1348,0.1421,0.3725,1.0,DROWSY,183,0,Windows,malam
23:21:56.184,189.357,0.1806,0.1655,0.173,0.3666,1.0,DROWSY,184,0,Windows,malam
23:21:56.206,189.379,0.1608,0.1719,0.1664,0.3473,1.0,DROWSY,185,0,Windows,malam
23:21:56.237,189.41,0.1698,0.1719,0.1708,0.353,1.0,DROWSY,186,0,Windows,malam
23:21:56.295,189.468,0.0447,0.0635,0.0541,0.3481,1.0,DROWSY,187,0,Windows,malam
23:21:56.331,189.504,0.0375,0.0676,0.0526,0.3529,1.0,DROWSY,188,0,Windows,malam
23:21:56.361,189.534,0.0688,0.0642,0.0665,0.3562,1.0,DROWSY,189,0,Windows,malam
23:21:56.392,189.565,0.0738,0.067,0.0704,0.3513,1.0,DROWSY,190,0,Windows,malam
23:21:56.426,189.599,0.0599,0.0596,0.0597,0.352,1.0,DROWSY,191,0,Windows,malam
23:21:56.456,189.629,0.0486,0.0596,0.0541,0.344,1.0,DROWSY,192,0,Windows,malam
23:21:56.489,189.662,0.0818,0.1101,0.0959,0.3534,1.0,DROWSY,193,0,Windows,malam
23:21:56.518,189.691,0.0716,0.1316,0.1016,0.3552,1.0,DROWSY,194,0,Windows,malam
23:21:56.548,189.721,0.0777,0.1098,0.0937,0.3596,1.0,DROWSY,195,0,Windows,malam
23:21:56.797,189.97,0.0969,0.1176,0.1073,0.3692,1.0,DROWSY,1,0,Windows,malam
23:21:56.830,190.003,0.1273,0.1664,0.1468,0.3736,1.0,DROWSY,2,0,Windows,malam
23:21:56.861,190.034,0.1364,0.1809,0.1587,0.3775,1.0,DROWSY,3,0,Windows,malam
23:21:56.891,190.063,0.124,0.1549,0.1395,0.368,1.0,DROWSY,4,0,Windows,malam
23:21:56.923,190.096,0.1358,0.1456,0.1407,0.357,1.0,DROWSY,5,0,Windows,malam
23:21:56.955,190.128,0.1408,0.1494,0.1451,0.3711,1.0,DROWSY,6,0,Windows,malam
23:21:56.985,190.158,0.1746,0.2165,0.1956,0.3796,1.0,DROWSY,7,0,Windows,malam
23:21:57.019,190.192,0.1495,0.1629,0.1562,0.3753,1.0,DROWSY,8,0,Windows,malam
23:21:57.048,190.221,0.1588,0.1581,0.1584,0.3753,1.0,DROWSY,9,0,Windows,malam
23:21:57.095,190.268,0.1879,0.1635,0.1757,0.3846,1.0,DROWSY,10,0,Windows,malam
23:21:57.128,190.301,0.1804,0.144,0.1622,0.3757,1.0,DROWSY,11,0,Windows,malam
23:21:57.159,190.332,0.1593,0.1593,0.1593,0.368,1.0,DROWSY,12,0,Windows,malam
23:21:57.191,190.364,0.2314,0.2469,0.2391,0.3834,1.0,DROWSY,13,0,Windows,malam
23:21:57.221,190.394,0.2522,0.2517,0.2519,0.3888,0.9933,DROWSY,0,0,Windows,malam
23:21:57.251,190.424,0.2522,0.2517,0.2519,0.3816,0.9867,DROWSY,0,0,Windows,malam
23:21:57.286,190.459,0.3465,0.2923,0.3194,0.3889,0.98,DROWSY,0,0,Windows,malam
23:21:57.314,190.487,0.3465,0.2998,0.3231,0.4008,0.9733,DROWSY,0,0,Windows,malam
23:21:57.346,190.518,0.3346,0.2972,0.3159,0.3995,0.9667,DROWSY,0,0,Windows,malam
23:21:57.383,190.556,0.3515,0.3472,0.3494,0.3868,0.96,DROWSY,0,0,Windows,malam
23:21:57.406,190.578,0.3815,0.3196,0.3505,0.3889,0.9533,DROWSY,0,0,Windows,malam
23:21:57.437,190.61,0.3514,0.3643,0.3579,0.3984,0.9467,DROWSY,0,0,Windows,malam
23:21:57.496,190.669,0.3666,0.3458,0.3562,0.3718,0.94,DROWSY,0,0,Windows,malam
23:21:57.532,190.705,0.3539,0.3301,0.342,0.3623,0.9333,DROWSY,0,0,Windows,malam
23:21:57.564,190.736,0.3539,0.3432,0.3486,0.3582,0.9267,DROWSY,0,0,Windows,malam
23:21:57.591,190.764,0.3555,0.3563,0.3559,0.3955,0.92,DROWSY,0,0,Windows,malam
23:21:57.627,190.8,0.3322,0.3313,0.3318,0.408,0.9133,DROWSY,0,0,Windows,malam
23:21:57.656,190.829,0.3432,0.3313,0.3373,0.3936,0.9067,DROWSY,0,0,Windows,malam
23:21:57.687,190.859,0.3229,0.3084,0.3156,0.4038,0.9,DROWSY,0,0,Windows,malam
23:21:57.719,190.891,0.3533,0.3386,0.3459,0.3946,0.8933,DROWSY,0,0,Windows,malam
23:21:57.750,190.923,0.3545,0.3719,0.3632,0.3896,0.8867,DROWSY,0,0,Windows,malam
23:21:57.801,190.973,0.3153,0.313,0.3141,0.4851,0.88,DROWSY,0,0,Windows,malam
23:21:57.829,191.002,0.3142,0.3126,0.3134,0.4816,0.8733,DROWSY,0,0,Windows,malam
23:21:57.859,191.032,0.3205,0.3089,0.3147,0.4774,0.8667,DROWSY,0,0,Windows,malam
23:21:57.895,191.068,0.3386,0.3492,0.3439,0.4295,0.86,DROWSY,0,0,Windows,malam
23:21:57.921,191.094,0.3602,0.3334,0.3468,0.4121,0.8533,DROWSY,0,0,Windows,malam
23:21:57.954,191.126,0.3473,0.3522,0.3497,0.4105,0.8467,DROWSY,0,0,Windows,malam
23:21:57.991,191.164,0.3401,0.3563,0.3482,0.3754,0.84,DROWSY,0,0,Windows,malam
23:21:58.014,191.187,0.3643,0.3846,0.3745,0.3781,0.8333,DROWSY,0,0,Windows,malam
23:21:58.048,191.22,0.3627,0.3891,0.3759,0.379,0.8267,DROWSY,0,0,Windows,malam
23:21:58.088,191.261,0.372,0.3789,0.3754,0.348,0.82,DROWSY,0,0,Windows,malam
23:21:58.111,191.284,0.3878,0.3832,0.3855,0.3472,0.8133,DROWSY,0,0,Windows,malam
23:21:58.142,191.315,0.3846,0.4015,0.3931,0.3473,0.8067,DROWSY,0,0,Windows,malam
23:21:58.199,191.372,0.3873,0.4172,0.4023,0.3712,0.8,DROWSY,0,0,Windows,malam
23:21:58.235,191.408,0.3909,0.4264,0.4087,0.3807,0.7933,DROWSY,0,0,Windows,malam
23:21:58.266,191.439,0.3917,0.4271,0.4094,0.3662,0.7867,DROWSY,0,0,Windows,malam
23:21:58.296,191.469,0.377,0.4286,0.4028,0.3772,0.78,DROWSY,0,0,Windows,malam
23:21:58.330,191.503,0.4001,0.4452,0.4226,0.393,0.7733,DROWSY,0,0,Windows,malam
23:21:58.360,191.533,0.3996,0.4313,0.4155,0.3849,0.7667,DROWSY,0,0,Windows,malam
23:21:58.391,191.564,0.2513,0.2161,0.2337,0.4825,0.7667,DROWSY,1,0,Windows,malam
23:21:58.426,191.599,0.2279,0.2226,0.2253,0.4871,0.7667,DROWSY,2,0,Windows,malam
23:21:58.456,191.628,0.2367,0.2391,0.2379,0.5014,0.7667,DROWSY,3,0,Windows,malam
23:21:58.487,191.66,0.2202,0.2194,0.2198,0.516,0.7667,DROWSY,4,0,Windows,malam
23:21:58.533,191.706,0.2271,0.2193,0.2232,0.5479,0.7667,DROWSY,5,0,Windows,malam
23:21:58.565,191.738,0.217,0.2159,0.2165,0.5633,0.7667,DROWSY,6,0,Windows,malam
23:21:58.599,191.772,0.2782,0.2425,0.2604,0.5384,0.76,DROWSY,0,0,Windows,malam
23:21:58.627,191.8,0.2836,0.287,0.2853,0.5511,0.7533,DROWSY,0,0,Windows,malam
23:21:58.658,191.831,0.3122,0.3121,0.3122,0.54,0.7467,DROWSY,0,0,Windows,malam
23:21:58.695,191.868,0.2979,0.3174,0.3076,0.5178,0.74,DROWSY,0,0,Windows,malam
23:21:58.722,191.895,0.3014,0.3208,0.3111,0.5162,0.7333,DROWSY,0,0,Windows,malam
23:21:58.756,191.929,0.2895,0.3415,0.3155,0.5194,0.7267,DROWSY,0,0,Windows,malam
23:21:58.793,191.965,0.3314,0.3404,0.3359,0.4224,0.72,DROWSY,0,0,Windows,malam
23:21:58.817,191.99,0.3424,0.3632,0.3528,0.4068,0.7133,DROWSY,0,0,Windows,malam
23:21:58.848,192.021,0.3296,0.3636,0.3466,0.4086,0.7067,DROWSY,0,0,Windows,malam
23:21:58.889,192.061,0.3345,0.3361,0.3353,0.3858,0.7,DROWSY,0,0,Windows,malam
23:21:58.923,192.096,0.341,0.346,0.3435,0.3849,0.6933,DROWSY,0,0,Windows,malam
23:21:58.958,192.131,0.341,0.346,0.3435,0.3868,0.6867,DROWSY,0,0,Windows,malam
23:21:58.999,192.172,0.3298,0.339,0.3344,0.364,0.68,DROWSY,0,0,Windows,malam
23:21:59.021,192.194,0.3237,0.3383,0.331,0.3667,0.6733,DROWSY,0,0,Windows,malam
23:21:59.051,192.224,0.3237,0.3383,0.331,0.3649,0.6667,DROWSY,0,0,Windows,malam
23:21:59.098,192.271,0.3298,0.3383,0.3341,0.3659,0.66,DROWSY,0,0,Windows,malam
23:21:59.132,192.305,0.3237,0.3427,0.3332,0.3608,0.6533,DROWSY,0,0,Windows,malam
23:21:59.164,192.337,0.3237,0.3427,0.3332,0.3642,0.6467,DROWSY,0,0,Windows,malam
23:21:59.191,192.364,0.31,0.3383,0.3242,0.3632,0.64,DROWSY,0,0,Windows,malam
23:21:59.224,192.397,0.3158,0.3383,0.3271,0.3583,0.6333,DROWSY,0,0,Windows,malam
23:21:59.255,192.428,0.319,0.3383,0.3287,0.3543,0.6267,DROWSY,0,0,Windows,malam
23:21:59.287,192.46,0.3158,0.3262,0.321,0.3671,0.62,DROWSY,0,0,Windows,malam
23:21:59.316,192.489,0.3109,0.3262,0.3185,0.362,0.6133,DROWSY,0,0,Windows,malam
23:21:59.347,192.52,0.3109,0.329,0.32,0.3668,0.6067,DROWSY,0,0,Windows,malam
23:21:59.399,192.571,0.3237,0.3383,0.331,0.3772,0.6,DROWSY,0,0,Windows,malam
23:21:59.423,192.596,0.3237,0.3383,0.331,0.3793,0.5933,DROWSY,0,0,Windows,malam
23:21:59.453,192.625,0.3158,0.3262,0.321,0.3766,0.5867,DROWSY,0,0,Windows,malam
23:21:59.499,192.672,0.31,0.3383,0.3242,0.3793,0.58,DROWSY,0,0,Windows,malam
23:21:59.531,192.704,0.3237,0.3427,0.3332,0.383,0.5733,DROWSY,0,0,Windows,malam
23:21:59.563,192.736,0.3302,0.3427,0.3364,0.3808,0.5667,DROWSY,0,0,Windows,malam
23:21:59.591,192.764,0.3345,0.3398,0.3371,0.3818,0.56,DROWSY,0,0,Windows,malam
23:21:59.625,192.798,0.3167,0.3404,0.3286,0.3827,0.5533,DROWSY,0,0,Windows,malam
23:21:59.657,192.83,0.3312,0.3361,0.3336,0.378,0.5467,DROWSY,0,0,Windows,malam
23:21:59.686,192.859,0.3218,0.3361,0.3289,0.3791,0.54,DROWSY,0,0,Windows,malam
23:21:59.721,192.894,0.3218,0.3268,0.3243,0.3826,0.5333,DROWSY,0,0,Windows,malam
23:21:59.750,192.923,0.3218,0.3268,0.3243,0.378,0.5267,DROWSY,0,0,Windows,malam
23:21:59.800,192.973,0.3374,0.3396,0.3385,0.3827,0.52,DROWSY,0,0,Windows,malam
23:21:59.828,193.001,0.3374,0.3396,0.3385,0.3767,0.5133,DROWSY,0,0,Windows,malam
23:21:59.862,193.035,0.3205,0.3396,0.33,0.3816,0.5067,DROWSY,0,0,Windows,malam
23:21:59.896,193.069,0.3109,0.3253,0.3181,0.3805,0.5,DROWSY,0,0,Windows,malam
23:21:59.925,193.098,0.3374,0.3345,0.3359,0.3832,0.4933,DROWSY,0,0,Windows,malam
23:21:59.957,193.129,0.3374,0.3345,0.3359,0.3832,0.4867,DROWSY,0,0,Windows,malam
23:21:59.991,193.164,0.3388,0.3417,0.3402,0.3851,0.48,DROWSY,0,0,Windows,malam
23:22:00.018,193.191,0.3345,0.3323,0.3334,0.3877,0.4733,DROWSY,0,0,Windows,malam
23:22:00.050,193.223,0.3253,0.3295,0.3274,0.3851,0.4667,DROWSY,0,0,Windows,malam
23:22:00.104,193.277,0.3551,0.3253,0.3402,0.3728,0.46,DROWSY,0,0,Windows,malam
23:22:00.128,193.301,0.3424,0.3281,0.3353,0.3738,0.4533,DROWSY,0,0,Windows,malam
23:22:00.161,193.334,0.3396,0.3549,0.3472,0.3712,0.4467,DROWSY,0,0,Windows,malam
23:22:00.203,193.376,0.3417,0.3262,0.3339,0.3787,0.44,DROWSY,0,0,Windows,malam
23:22:00.239,193.412,0.3374,0.3281,0.3328,0.3856,0.4333,DROWSY,0,0,Windows,malam
23:22:00.270,193.443,0.3253,0.3234,0.3244,0.391,0.4267,DROWSY,0,0,Windows,malam
23:22:00.301,193.474,0.3281,0.3559,0.342,0.3827,0.42,DROWSY,0,0,Windows,malam
23:22:00.333,193.506,0.3565,0.3202,0.3383,0.3777,0.4133,DROWSY,0,0,Windows,malam
23:22:00.365,193.538,0.329,0.3334,0.3312,0.3763,0.4067,DROWSY,0,0,Windows,malam
23:22:00.393,193.565,0.3559,0.3549,0.3554,0.3812,0.4,DROWSY,0,0,Windows,malam
23:22:00.427,193.6,0.3383,0.3549,0.3466,0.3777,0.3933,DROWSY,0,0,Windows,malam
23:22:00.457,193.63,0.3417,0.3549,0.3483,0.3777,0.3867,DROWSY,0,0,Windows,malam
23:22:00.504,193.677,0.329,0.3523,0.3407,0.3763,0.38,DROWSY,0,0,Windows,malam
23:22:00.535,193.708,0.3383,0.3649,0.3516,0.3763,0.3733,DROWSY,0,0,Windows,malam
23:22:00.566,193.739,0.3427,0.3662,0.3544,0.3763,0.3667,DROWSY,0,0,Windows,malam
23:22:00.600,193.773,0.3417,0.3523,0.347,0.3692,0.36,DROWSY,0,0,Windows,malam
23:22:00.629,193.801,0.366,0.3467,0.3563,0.3742,0.3533,DROWSY,0,0,Windows,malam
23:22:00.662,193.835,0.3595,0.3523,0.3559,0.3742,0.3467,NORMAL,0,0,Windows,malam
23:22:00.695,193.868,0.3699,0.3523,0.3611,0.3773,0.34,NORMAL,0,0,Windows,malam
23:22:00.724,193.896,0.3699,0.3523,0.3611,0.3735,0.3333,NORMAL,0,0,Windows,malam
23:22:00.755,193.928,0.3699,0.3523,0.3611,0.3683,0.3267,NORMAL,0,0,Windows,malam
23:22:00.791,193.964,0.3559,0.3523,0.3541,0.3816,0.32,NORMAL,0,0,Windows,malam
23:22:00.819,193.991,0.3533,0.3523,0.3528,0.3945,0.3133,NORMAL,0,0,Windows,malam
23:22:00.850,194.023,0.3533,0.3387,0.346,0.3928,0.3067,NORMAL,0,0,Windows,malam
23:22:00.904,194.077,0.3633,0.339,0.3511,0.383,0.3,NORMAL,0,0,Windows,malam
23:22:00.927,194.1,0.3565,0.339,0.3477,0.3696,0.2933,NORMAL,0,0,Windows,malam
23:22:00.959,194.132,0.3522,0.339,0.3456,0.3732,0.2867,NORMAL,0,0,Windows,malam
23:22:00.999,194.172,0.3117,0.3414,0.3265,0.3913,0.28,NORMAL,0,0,Windows,malam
23:22:01.023,194.196,0.3383,0.3375,0.3379,0.3956,0.2733,NORMAL,0,0,Windows,malam
23:22:01.051,194.224,0.3427,0.3375,0.3401,0.3913,0.2667,NORMAL,0,0,Windows,malam
23:22:01.095,194.268,0.3374,0.3378,0.3376,0.3969,0.26,NORMAL,0,0,Windows,malam
23:22:01.130,194.303,0.3689,0.3443,0.3566,0.3959,0.2533,NORMAL,0,0,Windows,malam
23:22:01.162,194.335,0.3766,0.3686,0.3726,0.3929,0.2467,NORMAL,0,0,Windows,malam
23:22:01.193,194.365,0.3425,0.3323,0.3374,0.3832,0.24,NORMAL,0,0,Windows,malam
23:22:01.225,194.398,0.3425,0.3313,0.3369,0.3866,0.2333,NORMAL,0,0,Windows,malam
23:22:01.256,194.428,0.3461,0.3313,0.3387,0.3884,0.2267,NORMAL,0,0,Windows,malam
23:22:01.289,194.462,0.3467,0.3313,0.339,0.3931,0.22,NORMAL,0,0,Windows,malam
23:22:01.318,194.491,0.3565,0.3375,0.347,0.3844,0.2133,NORMAL,0,0,Windows,malam
23:22:01.351,194.523,0.3383,0.3415,0.3399,0.3824,0.2067,NORMAL,0,0,Windows,malam
23:22:01.399,194.572,0.3383,0.3537,0.346,0.3851,0.2,NORMAL,0,0,Windows,malam
23:22:01.427,194.6,0.3427,0.3418,0.3422,0.3837,0.1933,NORMAL,0,0,Windows,malam
23:22:01.460,194.632,0.3522,0.3418,0.347,0.392,0.1867,NORMAL,0,0,Windows,malam
23:22:01.495,194.668,0.3565,0.3537,0.3551,0.3887,0.18,NORMAL,0,0,Windows,malam
23:22:01.521,194.694,0.3597,0.3511,0.3554,0.3987,0.1733,NORMAL,0,0,Windows,malam
23:22:01.553,194.726,0.3522,0.3511,0.3516,0.3991,0.1667,NORMAL,0,0,Windows,malam
23:22:01.591,194.764,0.3565,0.3522,0.3544,0.3856,0.16,NORMAL,0,0,Windows,malam
23:22:01.615,194.788,0.3565,0.3404,0.3485,0.3794,0.1533,NORMAL,0,0,Windows,malam
23:22:01.646,194.819,0.3707,0.3497,0.3602,0.3843,0.1467,NORMAL,0,0,Windows,malam
23:22:01.703,194.876,0.3482,0.3497,0.3489,0.3921,0.14,NORMAL,0,0,Windows,malam
23:22:01.725,194.898,0.3624,0.3497,0.356,0.3851,0.1333,NORMAL,0,0,Windows,malam
23:22:01.755,194.928,0.3807,0.3497,0.3652,0.3908,0.1267,NORMAL,0,0,Windows,malam
23:22:01.798,194.971,0.3382,0.327,0.3326,0.3885,0.12,NORMAL,0,0,Windows,malam
23:22:01.833,195.005,0.3568,0.3104,0.3336,0.3903,0.1133,NORMAL,0,0,Windows,malam
23:22:01.865,195.038,0.3431,0.3024,0.3227,0.3851,0.1067,NORMAL,0,0,Windows,malam
23:22:01.896,195.069,0.109,0.1362,0.1226,0.399,0.1067,NORMAL,1,0,Windows,malam
23:22:01.929,195.102,0.109,0.1401,0.1246,0.4004,0.1067,NORMAL,2,0,Windows,malam
23:22:01.961,195.134,0.109,0.1295,0.1193,0.3997,0.1067,NORMAL,3,0,Windows,malam
23:22:01.992,195.165,0.1316,0.2095,0.1705,0.3928,0.1067,NORMAL,4,0,Windows,malam
23:22:02.023,195.195,0.1602,0.2357,0.1979,0.4004,0.1067,NORMAL,5,0,Windows,malam
23:22:02.055,195.228,0.1861,0.2553,0.2207,0.3927,0.1067,NORMAL,6,0,Windows,malam
23:22:02.104,195.277,0.3247,0.3375,0.3311,0.3925,0.1,NORMAL,0,0,Windows,malam
23:22:02.149,195.322,0.3202,0.3156,0.3179,0.3763,0.0933,NORMAL,0,0,Windows,malam
23:22:02.181,195.353,0.3204,0.3148,0.3176,0.3857,0.0867,NORMAL,0,0,Windows,malam
23:22:02.211,195.384,0.3209,0.3225,0.3217,0.389,0.08,NORMAL,0,0,Windows,malam
23:22:02.243,195.416,0.339,0.3225,0.3308,0.3857,0.08,NORMAL,0,0,Windows,malam
23:22:02.272,195.445,0.3204,0.3094,0.3149,0.3898,0.08,NORMAL,0,0,Windows,malam
23:22:02.306,195.479,0.3248,0.3361,0.3304,0.3856,0.08,NORMAL,0,0,Windows,malam
23:22:02.337,195.51,0.334,0.3404,0.3372,0.3808,0.08,NORMAL,0,0,Windows,malam
23:22:02.369,195.542,0.3374,0.3387,0.338,0.384,0.08,NORMAL,0,0,Windows,malam
23:22:02.408,195.581,0.3537,0.3699,0.3618,0.3878,0.08,NORMAL,0,0,Windows,malam
23:22:02.431,195.604,0.3615,0.3559,0.3587,0.3852,0.08,NORMAL,0,0,Windows,malam
23:22:02.463,195.636,0.3609,0.3573,0.3591,0.3818,0.08,NORMAL,0,0,Windows,malam
23:22:02.502,195.675,0.387,0.3811,0.3841,0.3895,0.08,NORMAL,0,0,Windows,malam
23:22:02.526,195.699,0.387,0.3949,0.3909,0.378,0.08,NORMAL,0,0,Windows,malam
23:22:02.556,195.729,0.3737,0.3811,0.3774,0.3808,0.08,NORMAL,0,0,Windows,malam
23:22:02.599,195.772,0.2021,0.2086,0.2054,0.3801,0.0867,NORMAL,1,0,Windows,malam
23:22:02.635,195.808,0.1756,0.1751,0.1753,0.3791,0.0933,NORMAL,2,0,Windows,malam
23:22:02.666,195.839,0.1242,0.1624,0.1433,0.3871,0.1,NORMAL,3,0,Windows,malam
23:22:02.695,195.868,0.2512,0.2496,0.2504,0.3929,0.1067,NORMAL,4,0,Windows,malam
23:22:02.730,195.903,0.2512,0.2758,0.2635,0.3911,0.1067,NORMAL,0,0,Windows,malam
23:22:02.763,195.936,0.2842,0.2804,0.2823,0.3895,0.1067,NORMAL,0,0,Windows,malam
23:22:02.807,195.98,0.3358,0.3205,0.3282,0.4079,0.1067,NORMAL,0,0,Windows,malam
23:22:02.842,196.014,0.3118,0.2959,0.3038,0.4072,0.1067,NORMAL,0,0,Windows,malam
23:22:02.872,196.045,0.3071,0.2959,0.3015,0.404,0.1067,NORMAL,0,0,Windows,malam
23:22:02.902,196.075,0.2979,0.3342,0.316,0.4007,0.1067,NORMAL,0,0,Windows,malam
23:22:02.935,196.108,0.3124,0.3482,0.3303,0.3963,0.1067,NORMAL,0,0,Windows,malam
23:22:02.966,196.139,0.2982,0.3387,0.3184,0.3963,0.1067,NORMAL,0,0,Windows,malam
23:22:02.999,196.172,0.3166,0.3378,0.3272,0.3959,0.1067,NORMAL,0,0,Windows,malam
23:22:03.031,196.204,0.3166,0.3473,0.3319,0.3972,0.1067,NORMAL,0,0,Windows,malam
23:22:03.063,196.236,0.2898,0.3364,0.3131,0.3916,0.1067,NORMAL,0,0,Windows,malam
23:22:03.095,196.268,0.3438,0.3318,0.3378,0.3931,0.1067,NORMAL,0,0,Windows,malam
23:22:03.126,196.299,0.3304,0.3198,0.3251,0.3861,0.1067,NORMAL,0,0,Windows,malam
23:22:03.154,196.327,0.3394,0.3181,0.3288,0.3842,0.1067,NORMAL,0,0,Windows,malam
23:22:03.187,196.36,0.3438,0.3181,0.331,0.3867,0.1067,NORMAL,0,0,Windows,malam
23:22:03.218,196.391,0.3207,0.3287,0.3247,0.3926,0.1067,NORMAL,0,0,Windows,malam
23:22:03.248,196.421,0.3119,0.3302,0.321,0.3831,0.1067,NORMAL,0,0,Windows,malam
23:22:03.308,196.481,0.2983,0.3577,0.328,0.3858,0.1067,NORMAL,0,0,Windows,malam
23:22:03.358,196.531,0.2983,0.3408,0.3196,0.3823,0.1067,NORMAL,0,0,Windows,malam
23:22:03.389,196.562,0.3166,0.3549,0.3357,0.386,0.1067,NORMAL,0,0,Windows,malam
23:22:03.421,196.594,0.3205,0.3564,0.3385,0.3742,0.1,NORMAL,0,0,Windows,malam
23:22:03.451,196.624,0.3205,0.3473,0.3339,0.3664,0.0933,NORMAL,0,0,Windows,malam
23:22:03.483,196.656,0.3166,0.3333,0.325,0.3721,0.0867,NORMAL,0,0,Windows,malam
23:22:03.515,196.688,0.3209,0.3375,0.3292,0.3583,0.08,NORMAL,0,0,Windows,malam
23:22:03.612,196.785,0.3207,0.3242,0.3224,0.3845,0.0733,NORMAL,0,0,Windows,malam
23:22:03.640,196.813,0.3162,0.3333,0.3248,0.374,0.0667,NORMAL,0,0,Windows,malam
23:22:03.703,196.876,0.3114,0.3333,0.3223,0.3742,0.0667,NORMAL,0,0,Windows,malam
23:22:03.734,196.907,0.3255,0.3174,0.3214,0.3744,0.0667,NORMAL,0,0,Windows,malam
23:22:03.765,196.938,0.3255,0.3174,0.3214,0.3761,0.0667,NORMAL,0,0,Windows,malam
23:22:03.799,196.972,0.3207,0.3314,0.326,0.3701,0.0667,NORMAL,0,0,Windows,malam
23:22:03.828,197.001,0.3255,0.3212,0.3233,0.3701,0.0667,NORMAL,0,0,Windows,malam
23:22:03.857,197.03,0.3115,0.3242,0.3179,0.3761,0.0667,NORMAL,0,0,Windows,malam
23:22:03.896,197.069,0.3482,0.3482,0.3482,0.3702,0.0667,NORMAL,0,0,Windows,malam
23:22:03.923,197.096,0.3207,0.3423,0.3315,0.37,0.0667,NORMAL,0,0,Windows,malam
23:22:03.952,197.125,0.3255,0.3302,0.3278,0.3752,0.0667,NORMAL,0,0,Windows,malam
23:22:03.983,197.156,0.3174,0.3302,0.3238,0.3851,0.0667,NORMAL,0,0,Windows,malam
23:22:04.016,197.189,0.3303,0.3375,0.3339,0.3792,0.0667,NORMAL,0,0,Windows,malam
23:22:04.047,197.219,0.3207,0.3482,0.3344,0.3896,0.0667,NORMAL,0,0,Windows,malam
23:22:04.103,197.276,0.3207,0.3266,0.3236,0.3806,0.0667,NORMAL,0,0,Windows,malam
23:22:04.125,197.298,0.3115,0.3345,0.323,0.3822,0.0667,NORMAL,0,0,Windows,malam
23:22:04.157,197.33,0.3109,0.3345,0.3227,0.3793,0.0667,NORMAL,0,0,Windows,malam
23:22:04.201,197.374,0.3115,0.3345,0.323,0.3865,0.0667,NORMAL,0,0,Windows,malam
23:22:04.237,197.41,0.3253,0.3327,0.329,0.3849,0.0667,NORMAL,0,0,Windows,malam
23:22:04.269,197.442,0.3174,0.3327,0.3251,0.3869,0.0667,NORMAL,0,0,Windows,malam
23:22:04.301,197.474,0.3367,0.3327,0.3347,0.3785,0.0667,NORMAL,0,0,Windows,malam
23:22:04.408,197.581,0.3216,0.3186,0.3201,0.3783,0.0667,NORMAL,0,0,Windows,malam
23:22:04.441,197.614,0.3349,0.3205,0.3277,0.3878,0.0667,NORMAL,0,0,Windows,malam
23:22:04.503,197.676,0.3348,0.3453,0.3401,0.3802,0.0667,NORMAL,0,0,Windows,malam
23:22:04.535,197.708,0.3246,0.3253,0.3249,0.3763,0.0667,NORMAL,0,0,Windows,malam
23:22:04.566,197.738,0.3308,0.3253,0.3281,0.3825,0.0667,NORMAL,0,0,Windows,malam
23:22:04.599,197.772,0.334,0.3253,0.3297,0.3888,0.0667,NORMAL,0,0,Windows,malam
23:22:04.628,197.801,0.3392,0.3253,0.3323,0.3896,0.0667,NORMAL,0,0,Windows,malam
23:22:04.657,197.83,0.3207,0.3253,0.323,0.3998,0.0667,NORMAL,0,0,Windows,malam
23:22:04.714,197.887,0.3289,0.3253,0.3271,0.3859,0.0667,NORMAL,0,0,Windows,malam
23:22:04.735,197.908,0.334,0.3296,0.3318,0.392,0.0667,NORMAL,0,0,Windows,malam
23:22:04.769,197.942,0.334,0.3327,0.3334,0.392,0.0667,NORMAL,0,0,Windows,malam
23:22:04.800,197.973,0.334,0.3253,0.3297,0.3857,0.0667,NORMAL,0,0,Windows,malam
23:22:04.831,198.004,0.3246,0.3253,0.3249,0.3849,0.0667,NORMAL,0,0,Windows,malam
23:22:04.861,198.034,0.3246,0.3485,0.3365,0.3876,0.0667,NORMAL,0,0,Windows,malam
23:22:04.903,198.076,0.3383,0.3441,0.3412,0.382,0.0667,NORMAL,0,0,Windows,malam
23:22:04.940,198.113,0.3247,0.3375,0.3311,0.3787,0.0667,NORMAL,0,0,Windows,malam
23:22:04.971,198.144,0.3196,0.3253,0.3224,0.3809,0.0667,NORMAL,0,0,Windows,malam
23:22:04.999,198.172,0.3077,0.3262,0.317,0.3777,0.0667,NORMAL,0,0,Windows,malam
23:22:05.034,198.206,0.3361,0.3205,0.3283,0.3803,0.0667,NORMAL,0,0,Windows,malam
23:22:05.065,198.238,0.3312,0.3266,0.3289,0.3776,0.0667,NORMAL,0,0,Windows,malam
23:22:05.111,198.284,0.3043,0.3205,0.3124,0.385,0.0667,NORMAL,0,0,Windows,malam
23:22:05.211,198.384,0.3129,0.3259,0.3194,0.394,0.0667,NORMAL,0,0,Windows,malam
23:22:05.236,198.409,0.3262,0.3396,0.3329,0.3874,0.0667,NORMAL,0,0,Windows,malam
23:22:05.307,198.48,0.3215,0.3296,0.3256,0.3831,0.0667,NORMAL,0,0,Windows,malam
23:22:05.329,198.501,0.3348,0.3324,0.3336,0.3873,0.0667,NORMAL,0,0,Windows,malam
23:22:05.361,198.533,0.3475,0.3324,0.34,0.3881,0.0667,NORMAL,0,0,Windows,malam
23:22:05.400,198.573,0.3571,0.3427,0.3499,0.3793,0.0667,NORMAL,0,0,Windows,malam
23:22:05.439,198.612,0.3571,0.3521,0.3546,0.3903,0.0667,NORMAL,0,0,Windows,malam
23:22:05.472,198.644,0.3577,0.3462,0.352,0.3936,0.0667,NORMAL,0,0,Windows,malam
23:22:05.504,198.677,0.3704,0.3462,0.3583,0.3855,0.0667,NORMAL,0,0,Windows,malam
23:22:05.534,198.707,0.3571,0.3521,0.3546,0.3931,0.0667,NORMAL,0,0,Windows,malam
23:22:05.563,198.735,0.3609,0.3324,0.3466,0.3885,0.0667,NORMAL,0,0,Windows,malam
23:22:05.596,198.768,0.3507,0.3454,0.3481,0.3853,0.0667,NORMAL,0,0,Windows,malam
23:22:05.626,198.799,0.3577,0.3645,0.3611,0.4031,0.0667,NORMAL,0,0,Windows,malam
23:22:05.658,198.83,0.352,0.3805,0.3663,0.397,0.0667,NORMAL,0,0,Windows,malam
23:22:05.703,198.876,0.229,0.2411,0.235,0.4514,0.0733,NORMAL,1,0,Windows,malam
23:22:05.736,198.908,0.2217,0.2277,0.2247,0.4536,0.08,NORMAL,2,0,Windows,malam
23:22:05.765,198.938,0.1943,0.2015,0.1979,0.4503,0.0867,NORMAL,3,0,Windows,malam
23:22:05.815,198.988,0.0878,0.0878,0.0878,0.4481,0.0933,NORMAL,4,0,Windows,malam
23:22:05.913,199.086,0.1408,0.1319,0.1363,0.4319,0.1,NORMAL,5,0,Windows,malam
23:22:05.937,199.11,0.1721,0.1584,0.1653,0.4368,0.1067,NORMAL,6,0,Windows,malam
23:22:05.971,199.144,0.1721,0.1717,0.1719,0.4342,0.1133,NORMAL,7,0,Windows,malam
23:22:06.012,199.185,0.2567,0.2594,0.2581,0.4149,0.1133,NORMAL,0,0,Windows,malam
23:22:06.033,199.206,0.2851,0.2966,0.2908,0.414,0.1133,NORMAL,0,0,Windows,malam
23:22:06.103,199.276,0.3138,0.3069,0.3104,0.4184,0.1133,NORMAL,0,0,Windows,malam
23:22:06.125,199.298,0.32,0.3205,0.3202,0.4319,0.1133,NORMAL,0,0,Windows,malam
23:22:06.156,199.329,0.3207,0.3117,0.3162,0.4426,0.1133,NORMAL,0,0,Windows,malam
23:22:06.200,199.373,0.349,0.3314,0.3402,0.4459,0.1133,NORMAL,0,0,Windows,malam
23:22:06.221,199.394,0.3315,0.3453,0.3384,0.4503,0.1133,NORMAL,0,0,Windows,malam
23:22:06.253,199.426,0.3315,0.3314,0.3314,0.4584,0.1133,NORMAL,0,0,Windows,malam
23:22:06.284,199.457,0.3315,0.3296,0.3306,0.4584,0.1133,NORMAL,0,0,Windows,malam
23:22:06.311,199.484,0.3218,0.3314,0.3266,0.4644,0.1133,NORMAL,0,0,Windows,malam
23:22:06.345,199.518,0.3354,0.3453,0.3404,0.4884,0.1133,NORMAL,0,0,Windows,malam
23:22:06.377,199.55,0.3398,0.3453,0.3425,0.5053,0.1133,NORMAL,0,0,Windows,malam
23:22:06.411,199.584,0.3404,0.3253,0.3329,0.5015,0.1133,NORMAL,0,0,Windows,malam
23:22:06.439,199.612,0.346,0.3378,0.3419,0.4963,0.1133,NORMAL,0,0,Windows,malam
23:22:06.504,199.677,0.3605,0.3242,0.3423,0.4946,0.1133,NORMAL,0,0,Windows,malam
23:22:06.532,199.704,0.3594,0.3253,0.3424,0.4865,0.1133,NORMAL,0,0,Windows,malam
23:22:06.563,199.736,0.3354,0.3253,0.3304,0.4783,0.1133,NORMAL,0,0,Windows,malam
23:22:06.603,199.776,0.3576,0.3453,0.3515,0.4852,0.1133,NORMAL,0,0,Windows,malam
23:22:06.712,199.885,0.3595,0.3359,0.3477,0.4833,0.1133,NORMAL,0,0,Windows,malam
23:22:06.736,199.909,0.3454,0.3277,0.3366,0.4784,0.1133,NORMAL,0,0,Windows,malam
23:22:06.766,199.939,0.3502,0.3277,0.339,0.482,0.1133,NORMAL,0,0,Windows,malam
23:22:06.811,199.984,0.3374,0.3342,0.3358,0.47,0.1133,NORMAL,0,0,Windows,malam
23:22:06.846,200.018,0.3389,0.3252,0.3321,0.478,0.1133,NORMAL,0,0,Windows,malam
23:22:06.904,200.077,0.3245,0.3402,0.3323,0.4757,0.1133,NORMAL,0,0,Windows,malam
23:22:06.939,200.112,0.3245,0.3436,0.334,0.4756,0.1133,NORMAL,0,0,Windows,malam
23:22:06.970,200.143,0.3237,0.3569,0.3403,0.4637,0.1133,NORMAL,0,0,Windows,malam
23:22:07.015,200.188,0.3405,0.3553,0.3479,0.4643,0.1133,NORMAL,0,0,Windows,malam
23:22:07.048,200.22,0.3292,0.3543,0.3418,0.4794,0.1133,NORMAL,0,0,Windows,malam
23:22:07.079,200.252,0.3383,0.3534,0.3458,0.4707,0.1133,NORMAL,0,0,Windows,malam
23:22:07.110,200.283,0.3383,0.356,0.3471,0.4661,0.1133,NORMAL,0,0,Windows,malam
23:22:07.141,200.314,0.3307,0.3675,0.3491,0.4682,0.1133,NORMAL,0,0,Windows,malam
23:22:07.172,200.345,0.3422,0.3467,0.3445,0.466,0.1133,NORMAL,0,0,Windows,malam
23:22:07.204,200.376,0.3438,0.3442,0.344,0.4533,0.1133,NORMAL,0,0,Windows,malam
23:22:07.236,200.409,0.3571,0.356,0.3565,0.4482,0.1133,NORMAL,0,0,Windows,malam
23:22:07.268,200.441,0.3578,0.3631,0.3605,0.4436,0.1133,NORMAL,0,0,Windows,malam
23:22:07.304,200.477,0.3533,0.356,0.3546,0.4394,0.1133,NORMAL,0,0,Windows,malam
23:22:07.330,200.502,0.3533,0.356,0.3546,0.4411,0.1133,NORMAL,0,0,Windows,malam
23:22:07.361,200.534,0.3533,0.356,0.3546,0.4411,0.1133,NORMAL,0,0,Windows,malam
23:22:07.415,200.588,0.2399,0.2484,0.2441,0.4478,0.1133,NORMAL,1,0,Windows,malam
23:22:07.437,200.61,0.229,0.2552,0.2421,0.4478,0.1133,NORMAL,2,0,Windows,malam
23:22:07.471,200.643,0.2329,0.2277,0.2303,0.4527,0.1133,NORMAL,3,0,Windows,malam
23:22:07.503,200.676,0.2329,0.2277,0.2303,0.4527,0.1133,NORMAL,4,0,Windows,malam
23:22:07.533,200.706,0.0621,0.101,0.0816,0.4439,0.1133,NORMAL,5,0,Windows,malam
23:22:07.567,200.74,0.0764,0.0749,0.0757,0.4442,0.1133,NORMAL,6,0,Windows,malam
23:22:07.596,200.769,0.0621,0.0939,0.078,0.4442,0.12,NORMAL,7,0,Windows,malam
23:22:07.626,200.799,0.103,0.0939,0.0984,0.4494,0.1267,NORMAL,8,0,Windows,malam
23:22:07.659,200.831,0.1188,0.1276,0.1232,0.4423,0.1333,NORMAL,9,0,Windows,malam
23:22:07.705,200.878,0.2262,0.2479,0.2371,0.4209,0.14,WARNING,10,0,Windows,malam
23:22:07.740,200.912,0.2884,0.2735,0.2809,0.4199,0.14,NORMAL,0,0,Windows,malam
23:22:07.770,200.943,0.2919,0.2908,0.2914,0.4172,0.14,NORMAL,0,0,Windows,malam
23:22:07.802,200.974,0.2836,0.3004,0.292,0.4172,0.14,NORMAL,0,0,Windows,malam
23:22:07.834,201.007,0.3323,0.3452,0.3388,0.4092,0.14,NORMAL,0,0,Windows,malam
23:22:07.866,201.038,0.3345,0.3609,0.3477,0.4117,0.14,NORMAL,0,0,Windows,malam
23:22:07.897,201.07,0.3345,0.3581,0.3463,0.4252,0.14,NORMAL,0,0,Windows,malam
23:22:07.927,201.099,0.3345,0.3511,0.3428,0.418,0.14,NORMAL,0,0,Windows,malam
23:22:07.960,201.133,0.3442,0.3523,0.3483,0.418,0.14,NORMAL,0,0,Windows,malam
23:22:07.992,201.165,0.3345,0.3588,0.3466,0.4115,0.14,NORMAL,0,0,Windows,malam
23:22:08.021,201.194,0.3609,0.3716,0.3663,0.3871,0.14,NORMAL,0,0,Windows,malam
23:22:08.054,201.227,0.3895,0.3576,0.3735,0.3886,0.14,NORMAL,0,0,Windows,malam
23:22:08.104,201.277,0.3875,0.3854,0.3864,0.3811,0.1333,NORMAL,0,0,Windows,malam
23:22:08.131,201.304,0.3594,0.3719,0.3656,0.3793,0.1267,NORMAL,0,0,Windows,malam
23:22:08.164,201.337,0.362,0.3719,0.367,0.3853,0.12,NORMAL,0,0,Windows,malam
23:22:08.193,201.366,0.3636,0.3597,0.3617,0.3833,0.1133,NORMAL,0,0,Windows,malam
23:22:08.226,201.399,0.3731,0.3629,0.368,0.3748,0.1133,NORMAL,0,0,Windows,malam
23:22:08.258,201.431,0.362,0.3732,0.3676,0.3641,0.1133,NORMAL,0,0,Windows,malam
23:22:08.287,201.46,0.3797,0.3732,0.3765,0.3641,0.1133,NORMAL,0,0,Windows,malam
23:22:08.318,201.491,0.3923,0.3751,0.3837,0.3679,0.1133,NORMAL,0,0,Windows,malam
23:22:08.351,201.524,0.387,0.3751,0.381,0.3801,0.1133,NORMAL,0,0,Windows,malam
23:22:08.381,201.554,0.3906,0.3751,0.3829,0.3798,0.1133,NORMAL,0,0,Windows,malam
23:22:08.413,201.586,0.367,0.362,0.3645,0.3914,0.1133,NORMAL,0,0,Windows,malam
23:22:08.445,201.618,0.3794,0.3539,0.3666,0.385,0.1133,NORMAL,0,0,Windows,malam
23:22:08.504,201.677,0.3594,0.362,0.3607,0.3711,0.1133,NORMAL,0,0,Windows,malam
23:22:08.537,201.71,0.3676,0.3492,0.3584,0.3748,0.1133,NORMAL,0,0,Windows,malam
23:22:08.569,201.742,0.3814,0.3481,0.3647,0.3713,0.1133,NORMAL,0,0,Windows,malam
23:22:08.601,201.773,0.3676,0.3492,0.3584,0.3713,0.1133,NORMAL,0,0,Windows,malam
23:22:08.632,201.804,0.3912,0.3751,0.3831,0.3733,0.1133,NORMAL,0,0,Windows,malam
23:22:08.666,201.839,0.3774,0.388,0.3827,0.3674,0.1133,NORMAL,0,0,Windows,malam
23:22:08.695,201.868,0.3757,0.3854,0.3806,0.3713,0.1133,NORMAL,0,0,Windows,malam
23:22:08.726,201.899,0.3757,0.3751,0.3754,0.3745,0.1133,NORMAL,0,0,Windows,malam
23:22:08.758,201.931,0.3636,0.3751,0.3694,0.3877,0.1133,NORMAL,0,0,Windows,malam
23:22:08.789,201.961,0.3636,0.3751,0.3694,0.3865,0.1133,NORMAL,0,0,Windows,malam
23:22:08.820,201.993,0.3636,0.3751,0.3694,0.3902,0.1133,NORMAL,0,0,Windows,malam
23:22:08.853,202.025,0.3774,0.3751,0.3762,0.3923,0.1133,NORMAL,0,0,Windows,malam
23:22:08.904,202.077,0.3757,0.3751,0.3754,0.39,0.1133,NORMAL,0,0,Windows,malam
23:22:08.945,202.117,0.3757,0.3751,0.3754,0.3865,0.1133,NORMAL,0,0,Windows,malam
23:22:08.975,202.148,0.3757,0.3716,0.3737,0.3849,0.1133,NORMAL,0,0,Windows,malam
23:22:09.010,202.183,0.3757,0.3818,0.3788,0.3809,0.1133,NORMAL,0,0,Windows,malam
23:22:09.055,202.227,0.3636,0.3854,0.3745,0.385,0.1133,NORMAL,0,0,Windows,malam
23:22:09.087,202.259,0.3636,0.3854,0.3745,0.381,0.1133,NORMAL,0,0,Windows,malam
23:22:09.115,202.288,0.3403,0.3588,0.3496,0.3759,0.1133,NORMAL,0,0,Windows,malam
23:22:09.209,202.382,0.3403,0.3415,0.3409,0.3647,0.1133,NORMAL,0,0,Windows,malam
23:22:09.241,202.414,0.339,0.3549,0.3469,0.3671,0.1133,NORMAL,0,0,Windows,malam
23:22:09.322,202.495,0.3403,0.3454,0.3428,0.3715,0.1133,NORMAL,0,0,Windows,malam
23:22:09.351,202.524,0.3362,0.3562,0.3462,0.3701,0.1133,NORMAL,0,0,Windows,malam
23:22:09.380,202.553,0.3499,0.3571,0.3535,0.3684,0.1133,NORMAL,0,0,Windows,malam
23:22:09.414,202.587,0.3512,0.3571,0.3542,0.3706,0.1133,NORMAL,0,0,Windows,malam
23:22:09.445,202.617,0.3499,0.3693,0.3596,0.3785,0.1133,NORMAL,0,0,Windows,malam
23:22:09.476,202.649,0.3636,0.3693,0.3665,0.3762,0.1133,NORMAL,0,0,Windows,malam
23:22:09.508,202.68,0.3636,0.3719,0.3678,0.3699,0.1133,NORMAL,0,0,Windows,malam
23:22:09.540,202.713,0.3676,0.3585,0.363,0.3817,0.1133,NORMAL,0,0,Windows,malam
23:22:09.571,202.744,0.3676,0.362,0.3648,0.3854,0.1133,NORMAL,0,0,Windows,malam
23:22:09.605,202.778,0.3636,0.3693,0.3665,0.3839,0.1133,NORMAL,0,0,Windows,malam
23:22:09.636,202.809,0.3636,0.362,0.3628,0.3802,0.1133,NORMAL,0,0,Windows,malam
23:22:09.667,202.84,0.3676,0.3719,0.3697,0.3815,0.1133,NORMAL,0,0,Windows,malam
23:22:09.720,202.893,0.364,0.3719,0.368,0.3773,0.1133,NORMAL,0,0,Windows,malam
23:22:09.746,202.919,0.3542,0.383,0.3686,0.376,0.1133,NORMAL,0,0,Windows,malam
23:22:09.778,202.951,0.3689,0.383,0.3759,0.3748,0.1133,NORMAL,0,0,Windows,malam
23:22:09.808,202.981,0.3689,0.3854,0.3771,0.3748,0.1133,NORMAL,0,0,Windows,malam
23:22:09.840,203.013,0.3542,0.3557,0.3549,0.379,0.1133,NORMAL,0,0,Windows,malam
23:22:09.872,203.045,0.3538,0.355,0.3544,0.3788,0.1133,NORMAL,0,0,Windows,malam
23:22:09.903,203.076,0.3538,0.3562,0.355,0.3829,0.1133,NORMAL,0,0,Windows,malam
23:22:09.934,203.107,0.3442,0.3576,0.3509,0.384,0.1133,NORMAL,0,0,Windows,malam
23:22:09.967,203.139,0.3466,0.3576,0.3521,0.386,0.1133,NORMAL,0,0,Windows,malam
23:22:09.999,203.172,0.3466,0.3576,0.3521,0.3904,0.1133,NORMAL,0,0,Windows,malam
23:22:10.030,203.203,0.348,0.3576,0.3528,0.3838,0.1133,NORMAL,0,0,Windows,malam
23:22:10.062,203.235,0.3611,0.3455,0.3533,0.3861,0.1133,NORMAL,0,0,Windows,malam
23:22:10.093,203.266,0.3611,0.3455,0.3533,0.3915,0.1133,NORMAL,0,0,Windows,malam
23:22:10.123,203.296,0.3676,0.3739,0.3707,0.3946,0.1133,NORMAL,0,0,Windows,malam
23:22:10.156,203.329,0.3963,0.3751,0.3857,0.385,0.1133,NORMAL,0,0,Windows,malam
23:22:10.189,203.361,0.3814,0.3737,0.3775,0.3817,0.1133,NORMAL,0,0,Windows,malam
23:22:10.221,203.394,0.3576,0.3751,0.3663,0.3908,0.1133,NORMAL,0,0,Windows,malam
23:22:10.251,203.424,0.3537,0.3576,0.3556,0.3877,0.1133,NORMAL,0,0,Windows,malam
23:22:10.284,203.457,0.3576,0.355,0.3563,0.3862,0.1133,NORMAL,0,0,Windows,malam
23:22:10.312,203.485,0.3963,0.3481,0.3722,0.3827,0.1133,NORMAL,0,0,Windows,malam
23:22:10.347,203.52,0.3611,0.3537,0.3574,0.3856,0.1133,NORMAL,0,0,Windows,malam
23:22:10.378,203.551,0.3585,0.3537,0.3561,0.3878,0.1133,NORMAL,0,0,Windows,malam
23:22:10.408,203.581,0.3573,0.3537,0.3555,0.3726,0.1133,NORMAL,0,0,Windows,malam
23:22:10.441,203.614,0.3549,0.3683,0.3616,0.3715,0.1133,NORMAL,0,0,Windows,malam
23:22:10.471,203.644,0.3281,0.3683,0.3482,0.3662,0.1133,NORMAL,0,0,Windows,malam
23:22:10.521,203.694,0.3537,0.3693,0.3615,0.3707,0.1133,NORMAL,0,0,Windows,malam
23:22:10.555,203.728,0.3404,0.3562,0.3483,0.3763,0.1133,NORMAL,0,0,Windows,malam
23:22:10.581,203.754,0.3403,0.3588,0.3496,0.3763,0.1133,NORMAL,0,0,Windows,malam
23:22:10.615,203.788,0.3789,0.3841,0.3815,0.387,0.1133,NORMAL,0,0,Windows,malam
23:22:10.644,203.817,0.3537,0.3841,0.3689,0.3785,0.1133,NORMAL,0,0,Windows,malam
23:22:10.677,203.85,0.3537,0.3841,0.3689,0.3838,0.1133,NORMAL,0,0,Windows,malam
23:22:10.713,203.886,0.3794,0.3576,0.3685,0.381,0.1133,NORMAL,0,0,Windows,malam
23:22:10.741,203.913,0.366,0.3707,0.3683,0.381,0.1133,NORMAL,0,0,Windows,malam
23:22:10.772,203.945,0.366,0.3681,0.367,0.3866,0.1133,NORMAL,0,0,Windows,malam
23:22:10.808,203.981,0.3676,0.3854,0.3765,0.3785,0.1133,NORMAL,0,0,Windows,malam
23:22:10.836,204.009,0.3676,0.3854,0.3765,0.384,0.1133,NORMAL,0,0,Windows,malam
23:22:10.866,204.039,0.3676,0.3719,0.3697,0.3867,0.1133,NORMAL,0,0,Windows,malam
23:22:10.920,204.093,0.3576,0.362,0.3598,0.3827,0.1133,NORMAL,0,0,Windows,malam
23:22:10.945,204.118,0.355,0.3854,0.3702,0.388,0.1133,NORMAL,0,0,Windows,malam
23:22:10.976,204.149,0.3576,0.3854,0.3715,0.3803,0.1067,NORMAL,0,0,Windows,malam
23:22:11.016,204.189,0.3537,0.3854,0.3695,0.3849,0.1,NORMAL,0,0,Windows,malam
23:22:11.041,204.213,0.3636,0.3854,0.3745,0.3822,0.0933,NORMAL,0,0,Windows,malam
23:22:11.071,204.244,0.3636,0.3751,0.3694,0.3772,0.0867,NORMAL,0,0,Windows,malam
23:22:11.113,204.286,0.3636,0.3751,0.3694,0.3734,0.08,NORMAL,0,0,Windows,malam
23:22:11.149,204.322,0.3636,0.3751,0.3694,0.3796,0.0733,NORMAL,0,0,Windows,malam
23:22:11.182,204.355,0.3636,0.3751,0.3694,0.3773,0.0667,NORMAL,0,0,Windows,malam
23:22:11.223,204.396,0.3636,0.3751,0.3694,0.3701,0.0667,NORMAL,0,0,Windows,malam
23:22:11.244,204.417,0.3537,0.3751,0.3644,0.3742,0.0667,NORMAL,0,0,Windows,malam
23:22:11.277,204.449,0.3537,0.3751,0.3644,0.3763,0.0667,NORMAL,0,0,Windows,malam
23:22:11.323,204.496,0.3671,0.3481,0.3576,0.3736,0.0667,NORMAL,0,0,Windows,malam
23:22:11.355,204.528,0.3671,0.3608,0.364,0.375,0.0667,NORMAL,0,0,Windows,malam
23:22:11.386,204.558,0.3789,0.3751,0.377,0.3788,0.0667,NORMAL,0,0,Windows,malam
23:22:11.415,204.588,0.3537,0.3751,0.3644,0.3796,0.0667,NORMAL,0,0,Windows,malam
23:22:11.448,204.62,0.3671,0.3739,0.3705,0.3835,0.0667,NORMAL,0,0,Windows,malam
23:22:11.479,204.651,0.3671,0.3867,0.3769,0.3938,0.0667,NORMAL,0,0,Windows,malam
23:22:11.513,204.686,0.3537,0.3751,0.3644,0.3925,0.0667,NORMAL,0,0,Windows,malam
23:22:11.542,204.714,0.3684,0.3642,0.3663,0.3837,0.0667,NORMAL,0,0,Windows,malam
23:22:11.573,204.746,0.3684,0.3642,0.3663,0.3811,0.0667,NORMAL,0,0,Windows,malam
23:22:11.624,204.797,0.3611,0.3573,0.3592,0.3914,0.0667,NORMAL,0,0,Windows,malam
23:22:11.650,204.823,0.3576,0.3608,0.3592,0.3931,0.0667,NORMAL,0,0,Windows,malam
23:22:11.682,204.854,0.3481,0.3608,0.3544,0.3883,0.0667,NORMAL,0,0,Windows,malam
23:22:11.718,204.891,0.3481,0.3653,0.3567,0.3883,0.0667,NORMAL,0,0,Windows,malam
23:22:11.743,204.916,0.3481,0.3653,0.3567,0.3931,0.0667,NORMAL,0,0,Windows,malam
23:22:11.774,204.947,0.3443,0.3653,0.3548,0.3986,0.0667,NORMAL,0,0,Windows,malam
23:22:11.815,204.988,0.3443,0.3751,0.3597,0.3957,0.0667,NORMAL,0,0,Windows,malam
23:22:11.852,205.025,0.3443,0.3751,0.3597,0.393,0.0667,NORMAL,0,0,Windows,malam
23:22:11.883,205.056,0.3576,0.3727,0.3651,0.3875,0.0667,NORMAL,0,0,Windows,malam
23:22:11.912,205.085,0.3707,0.3727,0.3717,0.3901,0.0667,NORMAL,0,0,Windows,malam
23:22:11.947,205.12,0.3825,0.3619,0.3722,0.3878,0.0667,NORMAL,0,0,Windows,malam
23:22:11.981,205.154,0.3858,0.3767,0.3813,0.3748,0.0667,NORMAL,0,0,Windows,malam
23:22:12.024,205.197,0.369,0.3767,0.3728,0.3726,0.0667,NORMAL,0,0,Windows,malam
23:22:12.058,205.231,0.3789,0.3867,0.3828,0.3755,0.0667,NORMAL,0,0,Windows,malam
23:22:12.089,205.262,0.3825,0.3704,0.3765,0.3755,0.0667,NORMAL,0,0,Windows,malam
23:22:12.124,205.297,0.3858,0.3767,0.3813,0.4005,0.0667,NORMAL,0,0,Windows,malam
23:22:12.152,205.325,0.3757,0.364,0.3698,0.4012,0.0667,NORMAL,0,0,Windows,malam
23:22:12.182,205.355,0.3768,0.3739,0.3753,0.4012,0.0667,NORMAL,0,0,Windows,malam
23:22:12.215,205.388,0.3724,0.3653,0.3689,0.4116,0.0667,NORMAL,0,0,Windows,malam
23:22:12.246,205.418,0.3739,0.3653,0.3696,0.3988,0.0667,NORMAL,0,0,Windows,malam
23:22:12.277,205.449,0.3739,0.363,0.3685,0.3945,0.0667,NORMAL,0,0,Windows,malam
23:22:12.313,205.486,0.3874,0.3751,0.3813,0.4011,0.0667,NORMAL,0,0,Windows,malam
23:22:12.340,205.513,0.3841,0.3751,0.3796,0.3914,0.0667,NORMAL,0,0,Windows,malam
23:22:12.370,205.543,0.3841,0.3653,0.3747,0.3852,0.0667,NORMAL,0,0,Windows,malam
23:22:12.423,205.596,0.3443,0.3653,0.3548,0.388,0.0667,NORMAL,0,0,Windows,malam
23:22:12.447,205.62,0.3443,0.3653,0.3548,0.3926,0.0667,NORMAL,0,0,Windows,malam
23:22:12.479,205.652,0.3574,0.3653,0.3614,0.3881,0.06,NORMAL,0,0,Windows,malam
23:22:12.519,205.692,0.3574,0.3642,0.3608,0.3765,0.0533,NORMAL,0,0,Windows,malam
23:22:12.541,205.714,0.3704,0.3642,0.3673,0.3821,0.0467,NORMAL,0,0,Windows,malam
23:22:12.573,205.746,0.3704,0.3391,0.3547,0.3821,0.04,NORMAL,0,0,Windows,malam
23:22:12.621,205.794,0.369,0.3608,0.3649,0.386,0.0333,NORMAL,0,0,Windows,malam
23:22:12.653,205.826,0.3757,0.3751,0.3754,0.3833,0.0267,NORMAL,0,0,Windows,malam
23:22:12.685,205.858,0.3724,0.3751,0.3738,0.3851,0.02,NORMAL,0,0,Windows,malam
23:22:12.713,205.885,0.3825,0.3653,0.3739,0.3792,0.0133,NORMAL,0,0,Windows,malam
23:22:12.748,205.92,0.3724,0.3653,0.3689,0.3792,0.0067,NORMAL,0,0,Windows,malam
23:22:12.777,205.95,0.369,0.3653,0.3671,0.3792,0.0,NORMAL,0,0,Windows,malam
23:22:12.823,205.996,0.369,0.3653,0.3671,0.3846,0.0,NORMAL,0,0,Windows,malam
23:22:12.857,206.03,0.369,0.3653,0.3671,0.3899,0.0,NORMAL,0,0,Windows,malam
23:22:12.888,206.061,0.3559,0.3653,0.3606,0.3899,0.0,NORMAL,0,0,Windows,malam
23:22:12.919,206.092,0.3573,0.3391,0.3482,0.3901,0.0,NORMAL,0,0,Windows,malam
23:22:12.950,206.123,0.3573,0.3391,0.3482,0.3874,0.0,NORMAL,0,0,Windows,malam
23:22:12.981,206.154,0.3608,0.3391,0.3499,0.384,0.0,NORMAL,0,0,Windows,malam
23:22:13.015,206.188,0.3608,0.356,0.3584,0.3799,0.0,NORMAL,0,0,Windows,malam
23:22:13.044,206.217,0.3643,0.362,0.3631,0.3771,0.0,NORMAL,0,0,Windows,malam
23:22:13.075,206.248,0.3643,0.362,0.3631,0.3748,0.0,NORMAL,0,0,Windows,malam
23:22:13.112,206.285,0.3515,0.362,0.3568,0.3715,0.0,NORMAL,0,0,Windows,malam
23:22:13.136,206.309,0.3443,0.362,0.3532,0.3725,0.0,NORMAL,0,0,Windows,malam
23:22:13.169,206.342,0.3443,0.3526,0.3484,0.3794,0.0,NORMAL,0,0,Windows,malam
23:22:13.227,206.4,0.3576,0.3549,0.3562,0.3908,0.0,NORMAL,0,0,Windows,malam
23:22:13.261,206.434,0.3576,0.3767,0.3671,0.3824,0.0,NORMAL,0,0,Windows,malam
23:22:13.293,206.466,0.3576,0.3642,0.3609,0.3824,0.0,NORMAL,0,0,Windows,malam
23:22:13.323,206.496,0.3576,0.3526,0.3551,0.3886,0.0,NORMAL,0,0,Windows,malam
23:22:13.355,206.528,0.3576,0.3526,0.3551,0.3887,0.0,NORMAL,0,0,Windows,malam
23:22:13.385,206.558,0.3481,0.3526,0.3503,0.3887,0.0,NORMAL,0,0,Windows,malam
23:22:13.417,206.589,0.3443,0.356,0.3501,0.3845,0.0,NORMAL,0,0,Windows,malam
23:22:13.449,206.622,0.3481,0.356,0.352,0.3875,0.0,NORMAL,0,0,Windows,malam
23:22:13.495,206.668,0.3481,0.356,0.352,0.3875,0.0,NORMAL,0,0,Windows,malam
23:22:13.528,206.701,0.3443,0.3526,0.3484,0.3943,0.0,NORMAL,0,0,Windows,malam
23:22:13.557,206.73,0.3574,0.3526,0.355,0.3858,0.0,NORMAL,0,0,Windows,malam
23:22:13.589,206.762,0.3574,0.3526,0.355,0.3818,0.0,NORMAL,0,0,Windows,malam
23:22:13.624,206.797,0.3443,0.3526,0.3484,0.3858,0.0,NORMAL,0,0,Windows,malam
23:22:13.651,206.824,0.3443,0.3391,0.3417,0.3837,0.0,NORMAL,0,0,Windows,malam
23:22:13.681,206.854,0.3443,0.3518,0.3481,0.3762,0.0,NORMAL,0,0,Windows,malam
23:22:13.721,206.894,0.3574,0.3653,0.3614,0.3822,0.0,NORMAL,0,0,Windows,malam
23:22:13.745,206.918,0.356,0.3653,0.3607,0.3956,0.0,NORMAL,0,0,Windows,malam
23:22:13.777,206.95,0.356,0.3653,0.3607,0.3956,0.0,NORMAL,0,0,Windows,malam
23:22:13.816,206.989,0.356,0.3751,0.3655,0.3943,0.0,NORMAL,0,0,Windows,malam
23:22:13.840,207.013,0.356,0.3751,0.3655,0.3921,0.0,NORMAL,0,0,Windows,malam
23:22:13.874,207.047,0.356,0.3751,0.3655,0.3941,0.0,NORMAL,0,0,Windows,malam
23:22:13.927,207.1,0.3443,0.3481,0.3462,0.3921,0.0,NORMAL,0,0,Windows,malam
23:22:13.952,207.125,0.3443,0.3585,0.3514,0.3918,0.0,NORMAL,0,0,Windows,malam
23:22:13.983,207.156,0.3537,0.3716,0.3627,0.389,0.0,NORMAL,0,0,Windows,malam
23:22:14.023,207.195,0.3443,0.3751,0.3597,0.3818,0.0,NORMAL,0,0,Windows,malam
23:22:14.045,207.218,0.3481,0.3751,0.3616,0.3835,0.0,NORMAL,0,0,Windows,malam
23:22:14.076,207.249,0.3481,0.3751,0.3616,0.3856,0.0,NORMAL,0,0,Windows,malam
23:22:14.119,207.292,0.3611,0.3716,0.3664,0.3903,0.0,NORMAL,0,0,Windows,malam
23:22:14.154,207.327,0.3724,0.3751,0.3738,0.3903,0.0,NORMAL,0,0,Windows,malam
23:22:14.183,207.356,0.3724,0.3751,0.3738,0.3974,0.0,NORMAL,0,0,Windows,malam
23:22:14.214,207.387,0.3825,0.3751,0.3788,0.3974,0.0,NORMAL,0,0,Windows,malam
23:22:14.245,207.418,0.3825,0.3751,0.3788,0.3868,0.0,NORMAL,0,0,Windows,malam
23:22:14.278,207.451,0.3825,0.3716,0.3771,0.3868,0.0,NORMAL,0,0,Windows,malam
23:22:14.328,207.5,0.3694,0.3751,0.3723,0.3885,0.0,NORMAL,0,0,Windows,malam
23:22:14.356,207.528,0.3694,0.3751,0.3723,0.3951,0.0,NORMAL,0,0,Windows,malam
23:22:14.385,207.558,0.3481,0.362,0.355,0.3993,0.0,NORMAL,0,0,Windows,malam
23:22:14.424,207.597,0.3481,0.362,0.355,0.3972,0.0,NORMAL,0,0,Windows,malam
23:22:14.448,207.62,0.3481,0.3526,0.3503,0.3972,0.0,NORMAL,0,0,Windows,malam
23:22:14.479,207.652,0.3481,0.3526,0.3503,0.3972,0.0,NORMAL,0,0,Windows,malam
23:22:14.519,207.691,0.3443,0.3526,0.3484,0.3898,0.0,NORMAL,0,0,Windows,malam
23:22:14.541,207.713,0.3481,0.3526,0.3503,0.388,0.0,NORMAL,0,0,Windows,malam
23:22:14.573,207.746,0.3515,0.3526,0.3521,0.3853,0.0,NORMAL,0,0,Windows,malam
23:22:14.616,207.789,0.3481,0.3526,0.3503,0.3812,0.0,NORMAL,0,0,Windows,malam
23:22:14.652,207.825,0.3608,0.356,0.3584,0.3812,0.0,NORMAL,0,0,Windows,malam
23:22:14.685,207.857,0.3608,0.356,0.3584,0.3812,0.0,NORMAL,0,0,Windows,malam
23:22:14.727,207.9,0.3724,0.3799,0.3762,0.3984,0.0,NORMAL,0,0,Windows,malam
23:22:14.761,207.934,0.3983,0.3674,0.3828,0.3976,0.0,NORMAL,0,0,Windows,malam
23:22:14.792,207.965,0.3959,0.3674,0.3816,0.3872,0.0,NORMAL,0,0,Windows,malam
23:22:14.823,207.996,0.3959,0.3642,0.3801,0.3985,0.0,NORMAL,0,0,Windows,malam
23:22:14.856,208.029,0.3885,0.3642,0.3764,0.3985,0.0,NORMAL,0,0,Windows,malam
23:22:14.884,208.057,0.385,0.3642,0.3746,0.3902,0.0,NORMAL,0,0,Windows,malam
23:22:14.920,208.093,0.385,0.3782,0.3816,0.3943,0.0,NORMAL,0,0,Windows,malam
23:22:14.948,208.121,0.3866,0.3782,0.3824,0.3878,0.0,NORMAL,0,0,Windows,malam
23:22:14.979,208.152,0.3866,0.3782,0.3824,0.3813,0.0,NORMAL,0,0,Windows,malam
23:22:15.016,208.189,0.3704,0.3653,0.3679,0.386,0.0,NORMAL,0,0,Windows,malam
23:22:15.043,208.215,0.3704,0.3653,0.3679,0.4002,0.0,NORMAL,0,0,Windows,malam
23:22:15.074,208.246,0.3835,0.3561,0.3698,0.3995,0.0,NORMAL,0,0,Windows,malam
23:22:15.128,208.301,0.3704,0.3653,0.3679,0.3933,0.0,NORMAL,0,0,Windows,malam
23:22:15.152,208.325,0.369,0.3653,0.3671,0.3865,0.0,NORMAL,0,0,Windows,malam
23:22:15.184,208.357,0.369,0.3653,0.3671,0.3871,0.0,NORMAL,0,0,Windows,malam
23:22:15.224,208.396,0.3673,0.3653,0.3663,0.376,0.0,NORMAL,0,0,Windows,malam
23:22:15.246,208.419,0.3559,0.3653,0.3606,0.3828,0.0,NORMAL,0,0,Windows,malam
23:22:15.277,208.45,0.356,0.3685,0.3622,0.3862,0.0,NORMAL,0,0,Windows,malam
23:22:15.320,208.493,0.3691,0.3685,0.3688,0.3862,0.0,NORMAL,0,0,Windows,malam
23:22:15.356,208.529,0.3691,0.3685,0.3688,0.3882,0.0,NORMAL,0,0,Windows,malam
23:22:15.389,208.562,0.3559,0.3685,0.3622,0.3915,0.0,NORMAL,0,0,Windows,malam
23:22:15.415,208.588,0.3573,0.3685,0.3629,0.3904,0.0,NORMAL,0,0,Windows,malam
23:22:15.450,208.623,0.3481,0.3694,0.3587,0.3874,0.0,NORMAL,0,0,Windows,malam
23:22:15.481,208.654,0.3481,0.3694,0.3587,0.3842,0.0,NORMAL,0,0,Windows,malam
23:22:15.527,208.7,0.3481,0.3694,0.3587,0.3801,0.0,NORMAL,0,0,Windows,malam
23:22:15.561,208.734,0.3481,0.3662,0.3571,0.3814,0.0,NORMAL,0,0,Windows,malam
23:22:15.591,208.764,0.3611,0.3662,0.3637,0.3814,0.0,NORMAL,0,0,Windows,malam
23:22:15.623,208.796,0.3611,0.3662,0.3637,0.3841,0.0,NORMAL,0,0,Windows,malam
23:22:15.653,208.825,0.3574,0.3694,0.3634,0.3888,0.0,NORMAL,0,0,Windows,malam
23:22:15.683,208.856,0.3574,0.3694,0.3634,0.3888,0.0,NORMAL,0,0,Windows,malam
23:22:15.719,208.892,0.3597,0.3685,0.3641,0.378,0.0,NORMAL,0,0,Windows,malam
23:22:15.747,208.92,0.3597,0.356,0.3578,0.3729,0.0,NORMAL,0,0,Windows,malam
23:22:15.779,208.951,0.3724,0.356,0.3642,0.3692,0.0,NORMAL,0,0,Windows,malam
23:22:15.831,209.004,0.3825,0.3526,0.3675,0.3818,0.0,NORMAL,0,0,Windows,malam
23:22:15.856,209.028,0.3757,0.3653,0.3705,0.3818,0.0,NORMAL,0,0,Windows,malam
23:22:15.886,209.059,0.3757,0.3653,0.3705,0.3836,0.0,NORMAL,0,0,Windows,malam
23:22:15.928,209.101,0.3502,0.3529,0.3515,0.3737,0.0,NORMAL,0,0,Windows,malam
23:22:15.965,209.138,0.3502,0.3529,0.3515,0.381,0.0,NORMAL,0,0,Windows,malam
23:22:15.995,209.168,0.3502,0.3391,0.3446,0.3772,0.0,NORMAL,0,0,Windows,malam
23:22:16.028,209.201,0.343,0.3481,0.3455,0.3763,0.0,NORMAL,0,0,Windows,malam
23:22:16.060,209.233,0.343,0.3481,0.3455,0.3852,0.0,NORMAL,0,0,Windows,malam
23:22:16.089,209.262,0.3443,0.3481,0.3462,0.3903,0.0,NORMAL,0,0,Windows,malam
23:22:16.119,209.291,0.3597,0.3739,0.3668,0.3853,0.0,NORMAL,0,0,Windows,malam
23:22:16.151,209.324,0.3597,0.3739,0.3668,0.3853,0.0,NORMAL,0,0,Windows,malam
23:22:16.183,209.356,0.3597,0.3739,0.3668,0.3853,0.0,NORMAL,0,0,Windows,malam
23:22:16.231,209.404,0.363,0.3739,0.3684,0.3881,0.0,NORMAL,0,0,Windows,malam
23:22:16.263,209.436,0.363,0.3611,0.362,0.3909,0.0,NORMAL,0,0,Windows,malam
23:22:16.293,209.466,0.3592,0.3611,0.3602,0.3891,0.0,NORMAL,0,0,Windows,malam
23:22:16.327,209.5,0.3515,0.3354,0.3435,0.3859,0.0,NORMAL,0,0,Windows,malam
23:22:16.355,209.528,0.3515,0.3425,0.347,0.3859,0.0,NORMAL,0,0,Windows,malam
23:22:16.387,209.56,0.3515,0.3391,0.3453,0.3859,0.0,NORMAL,0,0,Windows,malam
23:22:16.423,209.596,0.3515,0.3391,0.3453,0.3849,0.0,NORMAL,0,0,Windows,malam
23:22:16.449,209.622,0.3644,0.3443,0.3543,0.3876,0.0,NORMAL,0,0,Windows,malam
23:22:16.481,209.654,0.3644,0.3573,0.3609,0.3836,0.0,NORMAL,0,0,Windows,malam
23:22:16.520,209.693,0.3597,0.3573,0.3585,0.3963,0.0,NORMAL,0,0,Windows,malam
23:22:16.545,209.718,0.3724,0.3608,0.3666,0.3913,0.0,NORMAL,0,0,Windows,malam
23:22:16.576,209.749,0.3724,0.3608,0.3666,0.389,0.0,NORMAL,0,0,Windows,malam
23:22:16.631,209.804,0.3757,0.3751,0.3754,0.3862,0.0,NORMAL,0,0,Windows,malam
23:22:16.652,209.825,0.3757,0.3751,0.3754,0.3849,0.0,NORMAL,0,0,Windows,malam
23:22:16.683,209.856,0.3757,0.3739,0.3748,0.3895,0.0,NORMAL,0,0,Windows,malam
23:22:16.728,209.9,0.3737,0.3674,0.3705,0.3895,0.0,NORMAL,0,0,Windows,malam
23:22:16.761,209.934,0.3739,0.3642,0.3691,0.3928,0.0,NORMAL,0,0,Windows,malam
23:22:16.791,209.964,0.3739,0.3642,0.3691,0.3993,0.0,NORMAL,0,0,Windows,malam
23:22:16.824,209.997,0.3739,0.3642,0.3691,0.3895,0.0,NORMAL,0,0,Windows,malam
23:22:16.854,210.027,0.3771,0.3642,0.3707,0.3854,0.0,NORMAL,0,0,Windows,malam
23:22:16.888,210.061,0.3515,0.3653,0.3584,0.3874,0.0,NORMAL,0,0,Windows,malam
23:22:16.920,210.093,0.3515,0.3642,0.3579,0.3839,0.0,NORMAL,0,0,Windows,malam
23:22:16.949,210.122,0.3515,0.3642,0.3579,0.38,0.0,NORMAL,0,0,Windows,malam
23:22:16.980,210.153,0.3515,0.3739,0.3627,0.3753,0.0,NORMAL,0,0,Windows,malam
23:22:17.032,210.205,0.3644,0.3739,0.3691,0.3814,0.0,NORMAL,0,0,Windows,malam
23:22:17.057,210.23,0.3757,0.3767,0.3762,0.3825,0.0,NORMAL,0,0,Windows,malam
23:22:17.089,210.261,0.3757,0.3907,0.3832,0.3831,0.0,NORMAL,0,0,Windows,malam
23:22:17.128,210.301,0.3757,0.3907,0.3832,0.4007,0.0,NORMAL,0,0,Windows,malam
23:22:17.151,210.324,0.3757,0.3907,0.3832,0.3965,0.0,NORMAL,0,0,Windows,malam
23:22:17.183,210.356,0.3757,0.3782,0.3769,0.3965,0.0,NORMAL,0,0,Windows,malam
23:22:17.223,210.396,0.3757,0.3782,0.3769,0.3916,0.0,NORMAL,0,0,Windows,malam
23:22:17.247,210.42,0.366,0.3782,0.3721,0.3975,0.0,NORMAL,0,0,Windows,malam
23:22:17.276,210.449,0.3724,0.3782,0.3753,0.3975,0.0,NORMAL,0,0,Windows,malam
23:22:17.319,210.491,0.3724,0.3642,0.3683,0.3902,0.0,NORMAL,0,0,Windows,malam
23:22:17.357,210.53,0.3597,0.3642,0.362,0.378,0.0,NORMAL,0,0,Windows,malam
23:22:17.389,210.562,0.3597,0.3642,0.362,0.3867,0.0,NORMAL,0,0,Windows,malam
23:22:17.432,210.605,0.3597,0.3642,0.362,0.3869,0.0,NORMAL,0,0,Windows,malam
23:22:17.465,210.638,0.3611,0.3642,0.3627,0.3869,0.0,NORMAL,0,0,Windows,malam
23:22:17.497,210.67,0.3611,0.3674,0.3643,0.3853,0.0,NORMAL,0,0,Windows,malam
23:22:17.526,210.699,0.3597,0.3674,0.3636,0.3791,0.0,NORMAL,0,0,Windows,malam
23:22:17.561,210.734,0.3597,0.3674,0.3636,0.39,0.0,NORMAL,0,0,Windows,malam
23:22:17.592,210.765,0.3597,0.3674,0.3636,0.3841,0.0,NORMAL,0,0,Windows,malam
23:22:17.624,210.797,0.363,0.3642,0.3636,0.3841,0.0,NORMAL,0,0,Windows,malam
23:22:17.655,210.828,0.3722,0.3642,0.3682,0.3862,0.0,NORMAL,0,0,Windows,malam
23:22:17.685,210.858,0.3724,0.3642,0.3683,0.3862,0.0,NORMAL,0,0,Windows,malam
23:22:17.733,210.906,0.3642,0.3642,0.3642,0.3816,0.0,NORMAL,0,0,Windows,malam
23:22:17.763,210.936,0.3642,0.3674,0.3658,0.3779,0.0,NORMAL,0,0,Windows,malam
23:22:17.795,210.968,0.3771,0.3674,0.3723,0.3779,0.0,NORMAL,0,0,Windows,malam
23:22:17.831,211.004,0.3771,0.3739,0.3755,0.3738,0.0,NORMAL,0,0,Windows,malam
23:22:17.859,211.032,0.3518,0.3739,0.3628,0.3761,0.0,NORMAL,0,0,Windows,malam
23:22:17.890,211.063,0.3642,0.3642,0.3642,0.3786,0.0,NORMAL,0,0,Windows,malam
23:22:17.927,211.1,0.3644,0.3642,0.3643,0.3932,0.0,NORMAL,0,0,Windows,malam
23:22:17.951,211.124,0.371,0.3642,0.3676,0.4027,0.0,NORMAL,0,0,Windows,malam
23:22:17.981,211.154,0.356,0.3642,0.3601,0.3957,0.0,NORMAL,0,0,Windows,malam
23:22:18.025,211.197,0.3704,0.3653,0.3679,0.3903,0.0,NORMAL,0,0,Windows,malam
23:22:18.059,211.232,0.3704,0.3653,0.3679,0.3842,0.0,NORMAL,0,0,Windows,malam
23:22:18.091,211.264,0.3608,0.3653,0.3631,0.3814,0.0,NORMAL,0,0,Windows,malam
23:22:18.136,211.309,0.3707,0.364,0.3673,0.3813,0.0,NORMAL,0,0,Windows,malam
23:22:18.168,211.341,0.3608,0.3608,0.3608,0.3902,0.0,NORMAL,0,0,Windows,malam
23:22:18.201,211.374,0.3573,0.3744,0.3659,0.395,0.0,NORMAL,0,0,Windows,malam
23:22:18.249,211.422,0.3574,0.3744,0.3659,0.3894,0.0,NORMAL,0,0,Windows,malam
23:22:18.278,211.451,0.3481,0.3767,0.3624,0.3894,0.0,NORMAL,0,0,Windows,malam
23:22:18.311,211.484,0.3481,0.3767,0.3624,0.3843,0.0,NORMAL,0,0,Windows,malam
23:22:18.341,211.514,0.3724,0.3653,0.3689,0.3843,0.0,NORMAL,0,0,Windows,malam
23:22:18.371,211.544,0.3724,0.3642,0.3683,0.3823,0.0,NORMAL,0,0,Windows,malam
23:22:18.403,211.576,0.3825,0.3767,0.3796,0.3862,0.0,NORMAL,0,0,Windows,malam
23:22:18.435,211.608,0.3743,0.3642,0.3693,0.3916,0.0,NORMAL,0,0,Windows,malam
23:22:18.466,211.639,0.3644,0.3751,0.3697,0.3881,0.0,NORMAL,0,0,Windows,malam
23:22:18.496,211.669,0.3644,0.3771,0.3708,0.3846,0.0,NORMAL,0,0,Windows,malam
23:22:18.536,211.709,0.3611,0.3895,0.3753,0.3846,0.0,NORMAL,0,0,Windows,malam
23:22:18.560,211.733,0.371,0.3642,0.3676,0.3864,0.0,NORMAL,0,0,Windows,malam
23:22:18.592,211.764,0.3743,0.3642,0.3693,0.3833,0.0,NORMAL,0,0,Windows,malam
23:22:18.630,211.803,0.3771,0.3642,0.3707,0.3842,0.0,NORMAL,0,0,Windows,malam
23:22:18.654,211.827,0.3757,0.3642,0.3699,0.3864,0.0,NORMAL,0,0,Windows,malam
23:22:18.684,211.857,0.3771,0.3642,0.3707,0.3864,0.0,NORMAL,0,0,Windows,malam
23:22:18.727,211.9,0.3771,0.3642,0.3707,0.3868,0.0,NORMAL,0,0,Windows,malam
23:22:18.762,211.935,0.3644,0.3642,0.3643,0.3905,0.0,NORMAL,0,0,Windows,malam
23:22:18.793,211.966,0.3611,0.3642,0.3627,0.3815,0.0,NORMAL,0,0,Windows,malam
23:22:18.825,211.998,0.3611,0.3653,0.3632,0.3833,0.0,NORMAL,0,0,Windows,malam
23:22:18.856,212.029,0.3611,0.3653,0.3632,0.3833,0.0,NORMAL,0,0,Windows,malam
23:22:18.887,212.06,0.3611,0.3653,0.3632,0.388,0.0,NORMAL,0,0,Windows,malam
23:22:18.936,212.108,0.3574,0.3895,0.3734,0.3881,0.0,NORMAL,0,0,Windows,malam
23:22:18.965,212.138,0.371,0.3874,0.3792,0.3854,0.0,NORMAL,0,0,Windows,malam
23:22:18.995,212.168,0.371,0.3863,0.3787,0.3802,0.0,NORMAL,0,0,Windows,malam
23:22:19.031,212.204,0.3574,0.3895,0.3734,0.3824,0.0,NORMAL,0,0,Windows,malam
23:22:19.055,212.228,0.3611,0.3895,0.3753,0.3824,0.0,NORMAL,0,0,Windows,malam
23:22:19.090,212.263,0.3611,0.3895,0.3753,0.38,0.0,NORMAL,0,0,Windows,malam
23:22:19.127,212.3,0.3644,0.3799,0.3721,0.3839,0.0,NORMAL,0,0,Windows,malam
23:22:19.151,212.324,0.3606,0.3674,0.364,0.3868,0.0,NORMAL,0,0,Windows,malam
23:22:19.184,212.357,0.3606,0.3674,0.364,0.3887,0.0,NORMAL,0,0,Windows,malam
23:22:19.223,212.396,0.3737,0.3642,0.3689,0.3816,0.0,NORMAL,0,0,Windows,malam
23:22:19.244,212.417,0.3704,0.3724,0.3714,0.3852,0.0,NORMAL,0,0,Windows,malam
23:22:19.277,212.45,0.3704,0.3724,0.3714,0.3903,0.0,NORMAL,0,0,Windows,malam
23:22:19.335,212.508,0.3737,0.3724,0.373,0.389,0.0,NORMAL,0,0,Windows,malam
23:22:19.371,212.544,0.3771,0.3724,0.3748,0.3893,0.0,NORMAL,0,0,Windows,malam
23:22:19.403,212.576,0.3771,0.3724,0.3748,0.3893,0.0,NORMAL,0,0,Windows,malam
23:22:19.432,212.605,0.3743,0.3739,0.3741,0.4,0.0,NORMAL,0,0,Windows,malam
23:22:19.465,212.638,0.3739,0.3559,0.3649,0.4039,0.0,NORMAL,0,0,Windows,malam
23:22:19.494,212.667,0.3739,0.382,0.3779,0.4156,0.0,NORMAL,0,0,Windows,malam
23:22:19.528,212.701,0.3481,0.3642,0.3561,0.4041,0.0,NORMAL,0,0,Windows,malam
23:22:19.556,212.729,0.3481,0.3642,0.3561,0.4016,0.0,NORMAL,0,0,Windows,malam
23:22:19.589,212.761,0.3481,0.3767,0.3624,0.3932,0.0,NORMAL,0,0,Windows,malam
23:22:19.624,212.797,0.3611,0.3835,0.3723,0.3867,0.0,NORMAL,0,0,Windows,malam
23:22:19.652,212.825,0.3481,0.3867,0.3674,0.3821,0.0,NORMAL,0,0,Windows,malam
23:22:19.684,212.856,0.3481,0.3867,0.3674,0.3943,0.0,NORMAL,0,0,Windows,malam
23:22:19.736,212.909,0.3724,0.3739,0.3732,0.3945,0.0,NORMAL,0,0,Windows,malam
23:22:19.761,212.934,0.3858,0.3642,0.375,0.3968,0.0,NORMAL,0,0,Windows,malam
23:22:19.792,212.965,0.3825,0.3642,0.3734,0.3894,0.0,NORMAL,0,0,Windows,malam
23:22:19.831,213.004,0.3858,0.3739,0.3799,0.394,0.0,NORMAL,0,0,Windows,malam
23:22:19.856,213.029,0.3858,0.3784,0.3821,0.3938,0.0,NORMAL,0,0,Windows,malam
23:22:19.889,213.062,0.3874,0.3784,0.3829,0.4007,0.0,NORMAL,0,0,Windows,malam
23:22:19.927,213.099,0.3874,0.3751,0.3813,0.405,0.0,NORMAL,0,0,Windows,malam
23:22:19.951,213.124,0.3874,0.3653,0.3764,0.4012,0.0,NORMAL,0,0,Windows,malam
23:22:19.985,213.157,0.3743,0.3642,0.3693,0.4012,0.0,NORMAL,0,0,Windows,malam
23:22:20.023,213.196,0.3771,0.3642,0.3707,0.3937,0.0,NORMAL,0,0,Windows,malam
23:22:20.045,213.218,0.3771,0.3642,0.3707,0.3937,0.0,NORMAL,0,0,Windows,malam
23:22:20.091,213.264,0.3739,0.3642,0.3691,0.3908,0.0,NORMAL,0,0,Windows,malam
23:22:20.136,213.309,0.3739,0.3767,0.3753,0.3982,0.0,NORMAL,0,0,Windows,malam
23:22:20.172,213.345,0.3481,0.3767,0.3624,0.3959,0.0,NORMAL,0,0,Windows,malam
23:22:20.203,213.376,0.3515,0.3767,0.3641,0.4011,0.0,NORMAL,0,0,Windows,malam
23:22:20.231,213.404,0.3515,0.3767,0.3641,0.3984,0.0,NORMAL,0,0,Windows,malam
23:22:20.266,213.439,0.3771,0.3767,0.3769,0.3839,0.0,NORMAL,0,0,Windows,malam
23:22:20.298,213.471,0.3771,0.3767,0.3769,0.3839,0.0,NORMAL,0,0,Windows,malam
23:22:20.328,213.5,0.3815,0.3767,0.3791,0.3814,0.0,NORMAL,0,0,Windows,malam
23:22:20.361,213.534,0.3771,0.3653,0.3712,0.3715,0.0,NORMAL,0,0,Windows,malam
23:22:20.392,213.565,0.3771,0.3653,0.3712,0.3715,0.0,NORMAL,0,0,Windows,malam
23:22:20.438,213.611,0.3492,0.3716,0.3604,0.3814,0.0,NORMAL,0,0,Windows,malam
23:22:20.469,213.642,0.3492,0.3751,0.3621,0.3886,0.0,NORMAL,0,0,Windows,malam
23:22:20.501,213.674,0.3492,0.3751,0.3621,0.3887,0.0,NORMAL,0,0,Windows,malam
23:22:20.535,213.708,0.1692,0.1998,0.1845,0.3865,0.0067,NORMAL,1,0,Windows,malam
23:22:20.563,213.736,0.1453,0.1497,0.1475,0.3865,0.0133,NORMAL,2,0,Windows,malam
23:22:20.594,213.767,0.1532,0.1474,0.1503,0.3926,0.02,NORMAL,3,0,Windows,malam
23:22:20.635,213.808,0.2237,0.2302,0.2269,0.3989,0.0267,NORMAL,4,0,Windows,malam
23:22:20.658,213.831,0.2528,0.2801,0.2665,0.394,0.0267,NORMAL,0,0,Windows,malam
23:22:20.691,213.864,0.2802,0.2986,0.2894,0.394,0.0267,NORMAL,0,0,Windows,malam
23:22:20.732,213.905,0.3069,0.3323,0.3196,0.4011,0.0267,NORMAL,0,0,Windows,malam
23:22:20.754,213.927,0.3069,0.3281,0.3175,0.3975,0.0267,NORMAL,0,0,Windows,malam
23:22:20.786,213.958,0.3069,0.3194,0.3131,0.3922,0.0267,NORMAL,0,0,Windows,malam
23:22:20.839,214.012,0.3332,0.3454,0.3393,0.3922,0.0267,NORMAL,0,0,Windows,malam
23:22:20.863,214.036,0.3463,0.3454,0.3459,0.3881,0.0267,NORMAL,0,0,Windows,malam
23:22:20.912,214.085,0.3502,0.3435,0.3468,0.3881,0.0267,NORMAL,0,0,Windows,malam
23:22:20.944,214.117,0.3463,0.3515,0.3489,0.3882,0.0267,NORMAL,0,0,Windows,malam
23:22:20.975,214.148,0.3597,0.3481,0.3539,0.382,0.0267,NORMAL,0,0,Windows,malam
23:22:21.005,214.178,0.3597,0.3573,0.3585,0.3857,0.0267,NORMAL,0,0,Windows,malam
23:22:21.038,214.211,0.3492,0.3642,0.3567,0.3849,0.0267,NORMAL,0,0,Windows,malam
23:22:21.068,214.241,0.3527,0.3608,0.3568,0.3783,0.0267,NORMAL,0,0,Windows,malam
23:22:21.098,214.27,0.3515,0.3753,0.3634,0.3917,0.0267,NORMAL,0,0,Windows,malam
23:22:21.127,214.3,0.3611,0.3753,0.3682,0.3986,0.0267,NORMAL,0,0,Windows,malam
23:22:21.158,214.331,0.371,0.3722,0.3716,0.3885,0.0267,NORMAL,0,0,Windows,malam
23:22:21.192,214.365,0.3771,0.3881,0.3826,0.3919,0.0267,NORMAL,0,0,Windows,malam
23:22:21.240,214.413,0.3643,0.3704,0.3674,0.379,0.0267,NORMAL,0,0,Windows,malam
23:22:21.268,214.441,0.3515,0.3629,0.3572,0.3889,0.0267,NORMAL,0,0,Windows,malam
23:22:21.301,214.474,0.3527,0.3739,0.3633,0.3894,0.0267,NORMAL,0,0,Windows,malam
23:22:21.335,214.508,0.3527,0.3653,0.359,0.3934,0.0267,NORMAL,0,0,Windows,malam
23:22:21.362,214.535,0.3527,0.3653,0.359,0.3817,0.0267,NORMAL,0,0,Windows,malam
23:22:21.393,214.566,0.3515,0.3653,0.3584,0.3782,0.0267,NORMAL,0,0,Windows,malam
23:22:21.431,214.604,0.3481,0.3653,0.3567,0.3856,0.0267,NORMAL,0,0,Windows,malam
23:22:21.456,214.629,0.3611,0.3751,0.3681,0.386,0.0267,NORMAL,0,0,Windows,malam
23:22:21.486,214.659,0.3611,0.3716,0.3664,0.3894,0.0267,NORMAL,0,0,Windows,malam
23:22:21.526,214.699,0.3755,0.3716,0.3736,0.3812,0.0267,NORMAL,0,0,Windows,malam
23:22:21.550,214.723,0.3755,0.3716,0.3736,0.3828,0.0267,NORMAL,0,0,Windows,malam
23:22:21.581,214.754,0.3887,0.3716,0.3802,0.3775,0.0267,NORMAL,0,0,Windows,malam
23:22:21.613,214.785,0.3756,0.3693,0.3724,0.3827,0.0267,NORMAL,0,0,Windows,malam
23:22:21.645,214.818,0.3722,0.3642,0.3682,0.3854,0.0267,NORMAL,0,0,Windows,malam
23:22:21.674,214.847,0.3585,0.3739,0.3662,0.3854,0.0267,NORMAL,0,0,Windows,malam
23:22:21.736,214.908,0.3854,0.3704,0.3779,0.3852,0.0267,NORMAL,0,0,Windows,malam
23:22:21.773,214.946,0.3887,0.3704,0.3796,0.3817,0.0267,NORMAL,0,0,Windows,malam
23:22:21.801,214.974,0.3887,0.3704,0.3796,0.3919,0.0267,NORMAL,0,0,Windows,malam
23:22:21.831,215.004,0.3716,0.3642,0.3679,0.3804,0.0267,NORMAL,0,0,Windows,malam
23:22:21.864,215.037,0.3818,0.3642,0.373,0.3753,0.0267,NORMAL,0,0,Windows,malam
23:22:21.896,215.069,0.3854,0.3739,0.3796,0.3753,0.0267,NORMAL,0,0,Windows,malam
23:22:21.928,215.1,0.3576,0.3739,0.3657,0.3726,0.0267,NORMAL,0,0,Windows,malam
23:22:21.956,215.129,0.3576,0.3739,0.3657,0.3849,0.0267,NORMAL,0,0,Windows,malam
23:22:21.988,215.161,0.3841,0.3739,0.379,0.3888,0.0267,NORMAL,0,0,Windows,malam
23:22:22.018,215.191,0.3854,0.3608,0.3731,0.3915,0.0267,NORMAL,0,0,Windows,malam
23:22:22.050,215.223,0.3841,0.3515,0.3678,0.3851,0.0267,NORMAL,0,0,Windows,malam
23:22:22.081,215.254,0.3704,0.3642,0.3673,0.3914,0.0267,NORMAL,0,0,Windows,malam
23:22:22.135,215.308,0.3739,0.3767,0.3753,0.3776,0.0267,NORMAL,0,0,Windows,malam
23:22:22.159,215.331,0.3841,0.3867,0.3854,0.3776,0.0267,NORMAL,0,0,Windows,malam
23:22:22.205,215.378,0.3841,0.3867,0.3854,0.3715,0.0267,NORMAL,0,0,Windows,malam
23:22:22.237,215.409,0.3874,0.3767,0.3821,0.3845,0.0267,NORMAL,0,0,Windows,malam
23:22:22.269,215.442,0.3874,0.3767,0.3821,0.3922,0.0267,NORMAL,0,0,Windows,malam
23:22:22.299,215.472,0.3874,0.3515,0.3695,0.3906,0.0267,NORMAL,0,0,Windows,malam
23:22:22.328,215.501,0.3751,0.3642,0.3697,0.3851,0.0267,NORMAL,0,0,Windows,malam
23:22:22.363,215.535,0.3751,0.3642,0.3697,0.3849,0.0267,NORMAL,0,0,Windows,malam
23:22:22.393,215.566,0.3854,0.3753,0.3804,0.3849,0.0267,NORMAL,0,0,Windows,malam
23:22:22.424,215.597,0.3854,0.3753,0.3804,0.3835,0.0267,NORMAL,0,0,Windows,malam
23:22:22.455,215.628,0.4007,0.377,0.3888,0.3847,0.0267,NORMAL,0,0,Windows,malam
23:22:22.486,215.659,0.371,0.3629,0.3669,0.3885,0.0267,NORMAL,0,0,Windows,malam
23:22:22.536,215.709,0.3751,0.382,0.3785,0.4022,0.0267,NORMAL,0,0,Windows,malam
23:22:22.565,215.738,0.3874,0.3852,0.3863,0.4043,0.0267,NORMAL,0,0,Windows,malam
23:22:22.596,215.769,0.3611,0.3796,0.3704,0.4141,0.0267,NORMAL,0,0,Windows,malam
23:22:22.631,215.804,0.3743,0.3704,0.3724,0.393,0.0267,NORMAL,0,0,Windows,malam
23:22:22.660,215.833,0.3611,0.3704,0.3658,0.3924,0.0267,NORMAL,0,0,Windows,malam
23:22:22.692,215.865,0.3623,0.3704,0.3664,0.3958,0.0267,NORMAL,0,0,Windows,malam
23:22:22.743,215.916,0.3623,0.3704,0.3664,0.3983,0.0267,NORMAL,0,0,Windows,malam
23:22:22.770,215.943,0.3623,0.3573,0.3598,0.4083,0.0267,NORMAL,0,0,Windows,malam
23:22:22.801,215.973,0.3623,0.3573,0.3598,0.4076,0.0267,NORMAL,0,0,Windows,malam
23:22:22.832,216.005,0.3623,0.3608,0.3616,0.4043,0.0267,NORMAL,0,0,Windows,malam
23:22:22.861,216.034,0.3623,0.3608,0.3616,0.402,0.0267,NORMAL,0,0,Windows,malam
23:22:22.894,216.067,0.3751,0.3608,0.368,0.406,0.0267,NORMAL,0,0,Windows,malam
23:22:22.936,216.109,0.3751,0.3642,0.3697,0.3994,0.0267,NORMAL,0,0,Windows,malam
23:22:22.971,216.144,0.3739,0.3642,0.3691,0.3994,0.0267,NORMAL,0,0,Windows,malam
23:22:23.003,216.175,0.3739,0.3642,0.3691,0.4017,0.0267,NORMAL,0,0,Windows,malam
23:22:23.031,216.204,0.3739,0.3619,0.3679,0.3975,0.0267,NORMAL,0,0,Windows,malam
23:22:23.066,216.239,0.3739,0.3619,0.3679,0.3882,0.0267,NORMAL,0,0,Windows,malam
23:22:23.097,216.27,0.3739,0.3619,0.3679,0.3846,0.0267,NORMAL,0,0,Windows,malam
23:22:23.144,216.317,0.3739,0.3739,0.3739,0.3808,0.0267,NORMAL,0,0,Windows,malam
23:22:23.175,216.348,0.3771,0.377,0.3771,0.3871,0.0267,NORMAL,0,0,Windows,malam
23:22:23.206,216.379,0.3737,0.3749,0.3743,0.3871,0.0267,NORMAL,0,0,Windows,malam
23:22:23.236,216.409,0.3771,0.3715,0.3743,0.3871,0.0267,NORMAL,0,0,Windows,malam
23:22:23.270,216.442,0.3771,0.3813,0.3792,0.3824,0.0267,NORMAL,0,0,Windows,malam
23:22:23.300,216.473,0.3771,0.382,0.3796,0.3847,0.0267,NORMAL,0,0,Windows,malam
23:22:23.335,216.508,0.3642,0.3852,0.3747,0.3879,0.0267,NORMAL,0,0,Windows,malam
23:22:23.363,216.536,0.3739,0.3724,0.3732,0.3903,0.0267,NORMAL,0,0,Windows,malam
23:22:23.393,216.566,0.3739,0.3724,0.3732,0.3936,0.0267,NORMAL,0,0,Windows,malam
23:22:23.433,216.606,0.3751,0.3739,0.3745,0.3961,0.0267,NORMAL,0,0,Windows,malam
23:22:23.455,216.628,0.3585,0.3739,0.3662,0.3961,0.0267,NORMAL,0,0,Windows,malam
23:22:23.486,216.659,0.3585,0.3739,0.3662,0.3928,0.0267,NORMAL,0,0,Windows,malam
23:22:23.542,216.715,0.3585,0.369,0.3638,0.3899,0.0267,NORMAL,0,0,Windows,malam
23:22:23.563,216.735,0.3704,0.369,0.3697,0.3899,0.0267,NORMAL,0,0,Windows,malam
23:22:23.597,216.769,0.3716,0.3704,0.371,0.3941,0.0267,NORMAL,0,0,Windows,malam
23:22:23.629,216.801,0.3716,0.3704,0.371,0.3941,0.0267,NORMAL,0,0,Windows,malam
23:22:23.659,216.832,0.3883,0.3704,0.3793,0.3973,0.0267,NORMAL,0,0,Windows,malam
23:22:23.691,216.864,0.3883,0.3704,0.3793,0.3944,0.0267,NORMAL,0,0,Windows,malam
23:22:23.736,216.909,0.3883,0.3619,0.3751,0.3915,0.0267,NORMAL,0,0,Windows,malam
23:22:23.768,216.941,0.3913,0.3739,0.3826,0.3865,0.0267,NORMAL,0,0,Windows,malam
23:22:23.799,216.972,0.3913,0.3704,0.3809,0.3956,0.0267,NORMAL,0,0,Windows,malam
23:22:23.833,217.006,0.3913,0.3704,0.3809,0.3981,0.0267,NORMAL,0,0,Windows,malam
23:22:23.863,217.036,0.3913,0.3704,0.3809,0.3865,0.0267,NORMAL,0,0,Windows,malam
23:22:23.895,217.068,0.3913,0.3704,0.3809,0.3884,0.0267,NORMAL,0,0,Windows,malam
23:22:23.926,217.098,0.3913,0.3704,0.3809,0.3884,0.0267,NORMAL,0,0,Windows,malam
23:22:23.957,217.13,0.3913,0.3704,0.3809,0.3874,0.0267,NORMAL,0,0,Windows,malam
23:22:23.990,217.163,0.39,0.3715,0.3808,0.3872,0.0267,NORMAL,0,0,Windows,malam
23:22:24.018,217.191,0.3739,0.3715,0.3727,0.3897,0.0267,NORMAL,0,0,Windows,malam
23:22:24.048,217.221,0.3704,0.3715,0.371,0.3895,0.0267,NORMAL,0,0,Windows,malam
23:22:24.096,217.269,0.3704,0.3715,0.371,0.3895,0.0267,NORMAL,0,0,Windows,malam
23:22:24.135,217.308,0.3751,0.3848,0.38,0.3901,0.0267,NORMAL,0,0,Windows,malam
23:22:24.160,217.333,0.3751,0.3844,0.3797,0.3978,0.0267,NORMAL,0,0,Windows,malam
23:22:24.189,217.362,0.3784,0.3867,0.3825,0.3988,0.0267,NORMAL,0,0,Windows,malam
23:22:24.231,217.404,0.3739,0.3848,0.3793,0.3971,0.0267,NORMAL,0,0,Windows,malam
23:22:24.267,217.44,0.3739,0.3715,0.3727,0.3882,0.0267,NORMAL,0,0,Windows,malam
23:22:24.313,217.486,0.3751,0.3715,0.3733,0.3905,0.0267,NORMAL,0,0,Windows,malam
23:22:24.359,217.532,0.3061,0.294,0.3,0.3877,0.0267,NORMAL,0,0,Windows,malam
23:22:24.443,217.616,0.2237,0.2001,0.2119,0.3905,0.0333,NORMAL,1,0,Windows,malam
23:22:24.468,217.641,0.2106,0.1878,0.1992,0.3826,0.04,NORMAL,2,0,Windows,malam
23:22:24.539,217.712,0.2551,0.2256,0.2403,0.3901,0.0467,NORMAL,3,0,Windows,malam
23:22:24.563,217.736,0.2551,0.2422,0.2487,0.3856,0.0533,NORMAL,4,0,Windows,malam
23:22:24.595,217.768,0.2546,0.2422,0.2484,0.3843,0.06,NORMAL,5,0,Windows,malam
23:22:24.633,217.805,0.2941,0.2935,0.2938,0.3827,0.06,NORMAL,0,0,Windows,malam
23:22:24.655,217.828,0.3109,0.3183,0.3146,0.3718,0.06,NORMAL,0,0,Windows,malam
23:22:24.691,217.863,0.3234,0.3183,0.3209,0.3752,0.06,NORMAL,0,0,Windows,malam
23:22:24.721,217.894,0.3272,0.3443,0.3358,0.378,0.06,NORMAL,0,0,Windows,malam
23:22:24.751,217.924,0.3492,0.3455,0.3474,0.3792,0.06,NORMAL,0,0,Windows,malam
23:22:24.783,217.956,0.3492,0.343,0.3461,0.378,0.06,NORMAL,0,0,Windows,malam
23:22:24.831,218.004,0.3527,0.3573,0.355,0.3844,0.06,NORMAL,0,0,Windows,malam
23:22:24.863,218.036,0.3624,0.3573,0.3598,0.3896,0.06,NORMAL,0,0,Windows,malam
23:22:24.895,218.067,0.3624,0.3704,0.3664,0.3832,0.06,NORMAL,0,0,Windows,malam
23:22:24.934,218.107,0.3611,0.3704,0.3658,0.3906,0.06,NORMAL,0,0,Windows,malam
23:22:24.957,218.13,0.3743,0.3704,0.3724,0.3828,0.06,NORMAL,0,0,Windows,malam
23:22:24.987,218.16,0.3743,0.3739,0.3741,0.3828,0.06,NORMAL,0,0,Windows,malam
23:22:25.048,218.221,0.3644,0.3573,0.3609,0.3828,0.06,NORMAL,0,0,Windows,malam
23:22:25.083,218.255,0.3644,0.3585,0.3614,0.3788,0.06,NORMAL,0,0,Windows,malam
23:22:25.113,218.286,0.3644,0.3454,0.3549,0.3788,0.06,NORMAL,0,0,Windows,malam
23:22:25.144,218.317,0.3644,0.3454,0.3549,0.3788,0.06,NORMAL,0,0,Windows,malam
23:22:25.176,218.348,0.3644,0.3454,0.3549,0.3697,0.06,NORMAL,0,0,Windows,malam
23:22:25.211,218.383,0.3644,0.3573,0.3609,0.3757,0.06,NORMAL,0,0,Windows,malam
23:22:25.237,218.41,0.3644,0.3573,0.3609,0.3806,0.06,NORMAL,0,0,Windows,malam
23:22:25.271,218.444,0.3749,0.3704,0.3726,0.3832,0.06,NORMAL,0,0,Windows,malam
23:22:25.303,218.476,0.3716,0.3704,0.371,0.3885,0.06,NORMAL,0,0,Windows,malam
23:22:25.335,218.508,0.3585,0.3454,0.352,0.3825,0.06,NORMAL,0,0,Windows,malam
23:22:25.381,218.554,0.3492,0.3716,0.3604,0.3851,0.06,NORMAL,0,0,Windows,malam
23:22:25.414,218.587,0.3492,0.3716,0.3604,0.3899,0.06,NORMAL,0,0,Windows,malam
23:22:25.448,218.621,0.3481,0.3596,0.3539,0.3867,0.06,NORMAL,0,0,Windows,malam
23:22:25.477,218.649,0.3391,0.3596,0.3494,0.3865,0.06,NORMAL,0,0,Windows,malam
23:22:25.507,218.68,0.3515,0.3642,0.3579,0.3941,0.06,NORMAL,0,0,Windows,malam
23:22:25.540,218.713,0.3515,0.3642,0.3579,0.3941,0.06,NORMAL,0,0,Windows,malam
23:22:25.571,218.744,0.3642,0.3642,0.3642,0.3951,0.06,NORMAL,0,0,Windows,malam
23:22:25.601,218.774,0.3642,0.3642,0.3642,0.3951,0.06,NORMAL,0,0,Windows,malam
23:22:25.631,218.804,0.3642,0.3642,0.3642,0.3951,0.0533,NORMAL,0,0,Windows,malam
23:22:25.662,218.834,0.3653,0.3642,0.3648,0.4037,0.0467,NORMAL,0,0,Windows,malam
23:22:25.693,218.866,0.3653,0.3642,0.3648,0.3999,0.04,NORMAL,0,0,Windows,malam
23:22:25.736,218.909,0.3611,0.3642,0.3627,0.3973,0.0333,NORMAL,0,0,Windows,malam
23:22:25.772,218.945,0.3773,0.3642,0.3708,0.4024,0.0333,NORMAL,0,0,Windows,malam
23:22:25.802,218.975,0.3784,0.3739,0.3761,0.4024,0.0333,NORMAL,0,0,Windows,malam
23:22:25.846,219.019,0.3784,0.3751,0.3767,0.394,0.0333,NORMAL,0,0,Windows,malam
23:22:25.880,219.052,0.3784,0.3751,0.3767,0.3908,0.0333,NORMAL,0,0,Windows,malam
23:22:25.911,219.084,0.3784,0.3716,0.375,0.3884,0.0333,NORMAL,0,0,Windows,malam
23:22:25.943,219.116,0.3784,0.3716,0.375,0.3819,0.0333,NORMAL,0,0,Windows,malam
23:22:25.972,219.145,0.3515,0.3716,0.3616,0.3954,0.0333,NORMAL,0,0,Windows,malam
23:22:26.005,219.178,0.3515,0.3716,0.3616,0.381,0.0333,NORMAL,0,0,Windows,malam
23:22:26.035,219.208,0.3481,0.3716,0.3598,0.3874,0.0333,NORMAL,0,0,Windows,malam
23:22:26.065,219.238,0.362,0.3716,0.3668,0.3965,0.0333,NORMAL,0,0,Windows,malam
23:22:26.096,219.269,0.3751,0.3716,0.3734,0.3965,0.0333,NORMAL,0,0,Windows,malam
23:22:26.135,219.308,0.3751,0.3653,0.3702,0.3922,0.0333,NORMAL,0,0,Windows,malam
23:22:26.158,219.331,0.3751,0.3642,0.3697,0.382,0.0333,NORMAL,0,0,Windows,malam
23:22:26.192,219.364,0.3751,0.3642,0.3697,0.3797,0.0333,NORMAL,0,0,Windows,malam
23:22:26.221,219.394,0.3716,0.3642,0.3679,0.382,0.0333,NORMAL,0,0,Windows,malam
23:22:26.253,219.426,0.3716,0.3642,0.3679,0.3797,0.0333,NORMAL,0,0,Windows,malam
23:22:26.286,219.459,0.3749,0.3585,0.3667,0.3797,0.0333,NORMAL,0,0,Windows,malam
23:22:26.316,219.489,0.3651,0.3642,0.3647,0.3757,0.0333,NORMAL,0,0,Windows,malam
23:22:26.344,219.516,0.3653,0.3642,0.3648,0.3851,0.0333,NORMAL,0,0,Windows,malam
23:22:26.379,219.552,0.3653,0.3681,0.3667,0.3916,0.0333,NORMAL,0,0,Windows,malam
23:22:26.411,219.583,0.377,0.3739,0.3754,0.3957,0.0333,NORMAL,0,0,Windows,malam
23:22:26.443,219.616,0.377,0.3739,0.3754,0.3891,0.0333,NORMAL,0,0,Windows,malam
23:22:26.473,219.646,0.3653,0.3739,0.3696,0.3787,0.0333,NORMAL,0,0,Windows,malam
23:22:26.540,219.713,0.3518,0.3704,0.3611,0.3965,0.0333,NORMAL,0,0,Windows,malam
23:22:26.648,219.821,0.3518,0.3704,0.3611,0.3943,0.0333,NORMAL,0,0,Windows,malam
23:22:26.677,219.85,0.3611,0.3681,0.3646,0.388,0.0333,NORMAL,0,0,Windows,malam
23:22:26.708,219.881,0.3611,0.3585,0.3598,0.388,0.0333,NORMAL,0,0,Windows,malam
23:22:26.744,219.916,0.3518,0.3619,0.3569,0.3853,0.0333,NORMAL,0,0,Windows,malam
23:22:26.768,219.941,0.3685,0.3619,0.3652,0.3881,0.0333,NORMAL,0,0,Windows,malam
23:22:26.801,219.974,0.3685,0.3619,0.3652,0.3881,0.0333,NORMAL,0,0,Windows,malam
23:22:26.843,220.016,0.3728,0.3642,0.3685,0.3965,0.0333,NORMAL,0,0,Windows,malam
23:22:26.880,220.053,0.3728,0.3739,0.3733,0.3965,0.0333,NORMAL,0,0,Windows,malam
23:22:26.934,220.107,0.3828,0.3739,0.3783,0.3826,0.0333,NORMAL,0,0,Windows,malam
23:22:26.960,220.133,0.3828,0.3739,0.3783,0.39,0.0333,NORMAL,0,0,Windows,malam
23:22:26.992,220.165,0.3784,0.3704,0.3744,0.3829,0.0333,NORMAL,0,0,Windows,malam
23:22:27.020,220.193,0.3784,0.3704,0.3744,0.3829,0.0333,NORMAL,0,0,Windows,malam
23:22:27.054,220.227,0.3854,0.3619,0.3737,0.3787,0.0333,NORMAL,0,0,Windows,malam
23:22:27.085,220.258,0.3887,0.3642,0.3765,0.3833,0.0333,NORMAL,0,0,Windows,malam
23:22:27.116,220.289,0.3874,0.3998,0.3936,0.3867,0.0333,NORMAL,0,0,Windows,malam
23:22:27.150,220.323,0.3887,0.3782,0.3834,0.3782,0.0333,NORMAL,0,0,Windows,malam
23:22:27.178,220.35,0.3784,0.3907,0.3845,0.3782,0.0333,NORMAL,0,0,Windows,malam
23:22:27.209,220.382,0.3784,0.3907,0.3845,0.3846,0.0333,NORMAL,0,0,Windows,malam
23:22:27.241,220.414,0.3771,0.3782,0.3776,0.3782,0.0333,NORMAL,0,0,Windows,malam
23:22:27.272,220.445,0.3874,0.3653,0.3764,0.3819,0.0333,NORMAL,0,0,Windows,malam
23:22:27.351,220.524,0.3751,0.3653,0.3702,0.3847,0.0333,NORMAL,0,0,Windows,malam
23:22:27.384,220.557,0.3623,0.3596,0.361,0.3831,0.0333,NORMAL,0,0,Windows,malam
23:22:27.415,220.588,0.3623,0.3716,0.367,0.3785,0.0333,NORMAL,0,0,Windows,malam
23:22:27.445,220.618,0.3623,0.3716,0.367,0.3807,0.0333,NORMAL,0,0,Windows,malam
23:22:27.477,220.65,0.3623,0.3653,0.3638,0.3776,0.0333,NORMAL,0,0,Windows,malam
23:22:27.508,220.681,0.3585,0.3653,0.3619,0.3794,0.0333,NORMAL,0,0,Windows,malam
23:22:27.541,220.714,0.3585,0.3653,0.3619,0.3758,0.0333,NORMAL,0,0,Windows,malam
23:22:27.571,220.744,0.3529,0.3526,0.3527,0.3755,0.0333,NORMAL,0,0,Windows,malam
23:22:27.602,220.774,0.3642,0.3526,0.3584,0.3776,0.0333,NORMAL,0,0,Windows,malam
23:22:27.633,220.806,0.3642,0.3436,0.3539,0.3829,0.0333,NORMAL,0,0,Windows,malam
23:22:27.665,220.838,0.363,0.3728,0.3679,0.3853,0.0333,NORMAL,0,0,Windows,malam
23:22:27.696,220.869,0.377,0.3779,0.3774,0.382,0.0333,NORMAL,0,0,Windows,malam
23:22:27.753,220.926,0.3848,0.3685,0.3767,0.386,0.0333,NORMAL,0,0,Windows,malam
23:22:27.789,220.961,0.3848,0.3651,0.375,0.3791,0.0333,NORMAL,0,0,Windows,malam
23:22:27.821,220.994,0.3715,0.3716,0.3716,0.3834,0.0333,NORMAL,0,0,Windows,malam
23:22:27.851,221.024,0.3813,0.3528,0.367,0.3816,0.0333,NORMAL,0,0,Windows,malam
23:22:27.943,221.116,0.3813,0.3703,0.3758,0.3801,0.0333,NORMAL,0,0,Windows,malam
23:22:27.976,221.149,0.3976,0.3806,0.3891,0.38,0.0333,NORMAL,0,0,Windows,malam
23:22:28.006,221.179,0.3859,0.3873,0.3866,0.3798,0.0333,NORMAL,0,0,Windows,malam
23:22:28.044,221.217,0.3375,0.356,0.3467,0.3828,0.0333,NORMAL,0,0,Windows,malam
23:22:28.069,221.242,0.3237,0.3361,0.3299,0.3912,0.0333,NORMAL,0,0,Windows,malam
23:22:28.151,221.324,0.327,0.3401,0.3336,0.3796,0.0333,NORMAL,0,0,Windows,malam
23:22:28.180,221.353,0.3403,0.3274,0.3339,0.3776,0.0333,NORMAL,0,0,Windows,malam
23:22:28.211,221.384,0.327,0.3401,0.3336,0.375,0.0333,NORMAL,0,0,Windows,malam
23:22:28.244,221.417,0.3281,0.3401,0.3341,0.3712,0.0333,NORMAL,0,0,Windows,malam
23:22:28.274,221.447,0.3537,0.3454,0.3496,0.379,0.0333,NORMAL,0,0,Windows,malam
23:22:28.305,221.478,0.3537,0.3704,0.3621,0.3851,0.0333,NORMAL,0,0,Windows,malam
23:22:28.337,221.51,0.3671,0.3608,0.364,0.3851,0.0333,NORMAL,0,0,Windows,malam
23:22:28.367,221.54,0.3671,0.3642,0.3656,0.3851,0.0333,NORMAL,0,0,Windows,malam
23:22:28.399,221.571,0.3576,0.3642,0.3609,0.3932,0.0333,NORMAL,0,0,Windows,malam
23:22:28.431,221.603,0.371,0.3608,0.3659,0.3961,0.0333,NORMAL,0,0,Windows,malam
23:22:28.461,221.634,0.3825,0.3895,0.386,0.4053,0.0333,NORMAL,0,0,Windows,malam
23:22:28.492,221.664,0.3789,0.3895,0.3842,0.3964,0.0333,NORMAL,0,0,Windows,malam
23:22:28.523,221.696,0.3704,0.3895,0.38,0.3956,0.0333,NORMAL,0,0,Windows,malam
23:22:28.551,221.724,0.3976,0.3928,0.3952,0.4065,0.0333,NORMAL,0,0,Windows,malam
23:22:28.586,221.759,0.3704,0.3881,0.3792,0.4063,0.0333,NORMAL,0,0,Windows,malam
23:22:28.617,221.79,0.3874,0.3753,0.3814,0.4063,0.0333,NORMAL,0,0,Windows,malam
23:22:28.647,221.82,0.3825,0.3642,0.3734,0.3979,0.0333,NORMAL,0,0,Windows,malam
23:22:28.677,221.85,0.3739,0.3895,0.3817,0.3938,0.0333,NORMAL,0,0,Windows,malam
23:22:28.708,221.881,0.3481,0.3808,0.3644,0.3979,0.0333,NORMAL,0,0,Windows,malam
23:22:28.744,221.917,0.3724,0.3528,0.3626,0.3862,0.0333,NORMAL,0,0,Windows,malam
23:22:28.771,221.944,0.3739,0.3797,0.3768,0.3862,0.0333,NORMAL,0,0,Windows,malam
23:22:28.803,221.976,0.3739,0.3783,0.3761,0.3824,0.0333,NORMAL,0,0,Windows,malam
23:22:28.840,222.012,0.3515,0.3642,0.3579,0.3851,0.0333,NORMAL,0,0,Windows,malam
23:22:28.865,222.037,0.3576,0.3642,0.3609,0.3815,0.0333,NORMAL,0,0,Windows,malam
23:22:28.897,222.07,0.3611,0.3642,0.3627,0.3844,0.0333,NORMAL,0,0,Windows,malam
23:22:28.951,222.124,0.3704,0.3767,0.3736,0.4008,0.0333,NORMAL,0,0,Windows,malam
23:22:28.989,222.162,0.3704,0.3863,0.3784,0.3988,0.0333,NORMAL,0,0,Windows,malam
23:22:29.021,222.194,0.3704,0.3776,0.374,0.3975,0.0333,NORMAL,0,0,Windows,malam
23:22:29.052,222.224,0.3874,0.365,0.3762,0.403,0.0333,NORMAL,0,0,Windows,malam
23:22:29.084,222.257,0.3724,0.3495,0.361,0.3855,0.0333,NORMAL,0,0,Windows,malam
23:22:29.116,222.288,0.3739,0.3585,0.3662,0.3923,0.0333,NORMAL,0,0,Windows,malam
23:22:29.143,222.316,0.3739,0.355,0.3645,0.3954,0.0333,NORMAL,0,0,Windows,malam
23:22:29.176,222.349,0.3739,0.355,0.3645,0.4059,0.0333,NORMAL,0,0,Windows,malam
23:22:29.206,222.379,0.3739,0.3642,0.3691,0.4083,0.0333,NORMAL,0,0,Windows,malam
23:22:29.240,222.413,0.3724,0.3642,0.3683,0.4083,0.0333,NORMAL,0,0,Windows,malam
23:22:29.269,222.442,0.3724,0.3642,0.3683,0.4021,0.0333,NORMAL,0,0,Windows,malam
23:22:29.301,222.474,0.3724,0.3642,0.3683,0.3938,0.0333,NORMAL,0,0,Windows,malam
23:22:29.356,222.529,0.3724,0.3642,0.3683,0.3878,0.0333,NORMAL,0,0,Windows,malam
23:22:29.380,222.553,0.3739,0.3642,0.3691,0.3864,0.0333,NORMAL,0,0,Windows,malam
23:22:29.411,222.584,0.3739,0.355,0.3645,0.3906,0.0333,NORMAL,0,0,Windows,malam
23:22:29.448,222.621,0.335,0.3401,0.3376,0.3906,0.0333,NORMAL,0,0,Windows,malam
23:22:29.473,222.646,0.3224,0.3391,0.3307,0.3855,0.0333,NORMAL,0,0,Windows,malam
23:22:29.504,222.677,0.3224,0.3274,0.3249,0.3828,0.0333,NORMAL,0,0,Windows,malam
23:22:29.544,222.716,0.1278,0.1434,0.1356,0.3929,0.04,NORMAL,1,0,Windows,malam
23:22:29.569,222.742,0.1033,0.1008,0.1021,0.3891,0.0467,NORMAL,2,0,Windows,malam
23:22:29.601,222.774,0.1117,0.0984,0.105,0.3927,0.0533,NORMAL,3,0,Windows,malam
23:22:29.655,222.828,0.2356,0.1818,0.2087,0.4008,0.0533,NORMAL,4,0,Windows,malam
23:22:29.677,222.85,0.2726,0.2482,0.2604,0.3959,0.0467,NORMAL,0,0,Windows,malam
23:22:29.709,222.882,0.285,0.2707,0.2778,0.3919,0.04,NORMAL,0,0,Windows,malam
23:22:29.752,222.925,0.3323,0.3118,0.3221,0.3995,0.0333,NORMAL,0,0,Windows,malam
23:22:29.787,222.96,0.3362,0.3158,0.326,0.3996,0.0267,NORMAL,0,0,Windows,malam
23:22:29.818,222.991,0.3611,0.3274,0.3443,0.4062,0.0267,NORMAL,0,0,Windows,malam
23:22:29.847,223.02,0.3611,0.3526,0.3568,0.3853,0.0267,NORMAL,0,0,Windows,malam
23:22:29.878,223.051,0.3611,0.3526,0.3568,0.3876,0.0267,NORMAL,0,0,Windows,malam
23:22:29.911,223.084,0.3611,0.3526,0.3568,0.3916,0.0267,NORMAL,0,0,Windows,malam
23:22:29.944,223.117,0.3611,0.3526,0.3568,0.3895,0.0267,NORMAL,0,0,Windows,malam
23:22:29.973,223.146,0.3742,0.3526,0.3634,0.3775,0.0267,NORMAL,0,0,Windows,malam
23:22:30.003,223.176,0.3608,0.3526,0.3567,0.3894,0.0267,NORMAL,0,0,Windows,malam
23:22:30.055,223.228,0.3742,0.3526,0.3634,0.3935,0.0267,NORMAL,0,0,Windows,malam
23:22:30.083,223.255,0.3742,0.3653,0.3698,0.3913,0.0267,NORMAL,0,0,Windows,malam
23:22:30.114,223.287,0.3742,0.3561,0.3651,0.395,0.0267,NORMAL,0,0,Windows,malam
23:22:30.152,223.325,0.3611,0.355,0.3581,0.3813,0.0267,NORMAL,0,0,Windows,malam
23:22:30.176,223.349,0.3611,0.355,0.3581,0.375,0.0267,NORMAL,0,0,Windows,malam
23:22:30.208,223.381,0.3515,0.355,0.3533,0.3711,0.0267,NORMAL,0,0,Windows,malam
23:22:30.247,223.42,0.3771,0.3558,0.3665,0.3866,0.0267,NORMAL,0,0,Windows,malam
23:22:30.285,223.458,0.3515,0.3436,0.3476,0.3915,0.0267,NORMAL,0,0,Windows,malam
23:22:30.317,223.49,0.3611,0.3561,0.3586,0.3943,0.0267,NORMAL,0,0,Windows,malam
23:22:30.349,223.522,0.3611,0.3561,0.3586,0.4095,0.0267,NORMAL,0,0,Windows,malam
23:22:30.380,223.553,0.3596,0.355,0.3573,0.4109,0.0267,NORMAL,0,0,Windows,malam
23:22:30.411,223.584,0.3728,0.3672,0.37,0.414,0.0267,NORMAL,0,0,Windows,malam
23:22:30.456,223.628,0.3597,0.355,0.3574,0.4016,0.0267,NORMAL,0,0,Windows,malam
23:22:30.491,223.664,0.3597,0.355,0.3574,0.4186,0.0267,NORMAL,0,0,Windows,malam
23:22:30.521,223.694,0.3724,0.3642,0.3683,0.4109,0.0267,NORMAL,0,0,Windows,malam
23:22:30.551,223.724,0.3724,0.3642,0.3683,0.4109,0.0267,NORMAL,0,0,Windows,malam
23:22:30.585,223.758,0.3724,0.3642,0.3683,0.4112,0.0267,NORMAL,0,0,Windows,malam
23:22:30.615,223.788,0.3852,0.3642,0.3747,0.4112,0.0267,NORMAL,0,0,Windows,malam
23:22:30.647,223.819,0.3724,0.355,0.3637,0.3999,0.0267,NORMAL,0,0,Windows,malam
23:22:30.678,223.851,0.3757,0.3642,0.3699,0.395,0.0267,NORMAL,0,0,Windows,malam
23:22:30.710,223.883,0.3722,0.3642,0.3682,0.395,0.0267,NORMAL,0,0,Windows,malam
23:22:30.743,223.916,0.3515,0.3653,0.3584,0.4038,0.0267,NORMAL,0,0,Windows,malam
23:22:30.773,223.946,0.3771,0.3642,0.3707,0.4142,0.0267,NORMAL,0,0,Windows,malam
23:22:30.805,223.978,0.3771,0.3807,0.3789,0.412,0.0267,NORMAL,0,0,Windows,malam
23:22:30.856,224.028,0.3724,0.3672,0.3698,0.445,0.0267,NORMAL,0,0,Windows,malam
23:22:30.883,224.056,0.3757,0.3672,0.3714,0.4492,0.0267,NORMAL,0,0,Windows,malam
23:22:30.915,224.088,0.366,0.3881,0.377,0.4492,0.0267,NORMAL,0,0,Windows,malam
23:22:30.951,224.124,0.3983,0.3642,0.3812,0.4319,0.0267,NORMAL,0,0,Windows,malam
23:22:30.991,224.164,0.3852,0.3783,0.3818,0.4362,0.0267,NORMAL,0,0,Windows,malam
23:22:31.023,224.196,0.3724,0.3672,0.3698,0.4362,0.0267,NORMAL,0,0,Windows,malam
23:22:31.055,224.228,0.3724,0.3592,0.3658,0.4422,0.0267,NORMAL,0,0,Windows,malam
23:22:31.086,224.259,0.374,0.3719,0.3729,0.4306,0.0267,NORMAL,0,0,Windows,malam
23:22:31.117,224.29,0.3881,0.3851,0.3866,0.4142,0.0267,NORMAL,0,0,Windows,malam
23:22:31.148,224.321,0.4102,0.3742,0.3922,0.4287,0.0267,NORMAL,0,0,Windows,malam
23:22:31.180,224.353,0.4221,0.3826,0.4023,0.4285,0.0267,NORMAL,0,0,Windows,malam
23:22:31.210,224.383,0.4123,0.3948,0.4035,0.4262,0.0267,NORMAL,0,0,Windows,malam
23:22:31.257,224.43,0.3974,0.3901,0.3937,0.3926,0.0267,NORMAL,0,0,Windows,malam
23:22:31.286,224.459,0.4077,0.4027,0.4052,0.3909,0.0267,NORMAL,0,0,Windows,malam
23:22:31.320,224.493,0.4071,0.4128,0.4099,0.4016,0.0267,NORMAL,0,0,Windows,malam
23:22:31.351,224.524,0.3818,0.3742,0.378,0.3822,0.0267,NORMAL,0,0,Windows,malam
23:22:31.380,224.552,0.3698,0.3576,0.3637,0.3822,0.0267,NORMAL,0,0,Windows,malam
23:22:31.411,224.584,0.372,0.3415,0.3567,0.3765,0.0267,NORMAL,0,0,Windows,malam
23:22:31.448,224.621,0.3846,0.3695,0.3771,0.3914,0.0267,NORMAL,0,0,Windows,malam
23:22:31.476,224.649,0.3749,0.3643,0.3696,0.3907,0.0267,NORMAL,0,0,Windows,malam
23:22:31.505,224.678,0.3782,0.3653,0.3718,0.382,0.0267,NORMAL,0,0,Windows,malam
23:22:31.544,224.717,0.3891,0.3695,0.3793,0.384,0.0267,NORMAL,0,0,Windows,malam
23:22:31.568,224.741,0.4234,0.3599,0.3916,0.3863,0.0267,NORMAL,0,0,Windows,malam
23:22:31.601,224.774,0.4234,0.3688,0.3961,0.3808,0.0267,NORMAL,0,0,Windows,malam
23:22:31.656,224.829,0.4379,0.3842,0.411,0.423,0.0267,NORMAL,0,0,Windows,malam
23:22:31.678,224.851,0.4512,0.3865,0.4188,0.4384,0.0267,NORMAL,0,0,Windows,malam
23:22:31.706,224.879,0.4379,0.3865,0.4122,0.4458,0.0267,NORMAL,0,0,Windows,malam
23:22:31.751,224.924,0.4768,0.4004,0.4386,0.4928,0.0267,NORMAL,0,0,Windows,malam
23:22:31.789,224.961,0.4459,0.3873,0.4166,0.5043,0.0267,NORMAL,0,0,Windows,malam
23:22:31.820,224.992,0.4472,0.4004,0.4238,0.5119,0.0267,NORMAL,0,0,Windows,malam
23:22:31.848,225.021,0.5039,0.4515,0.4777,0.5377,0.0267,NORMAL,0,0,Windows,malam
23:22:31.883,225.056,0.4765,0.4323,0.4544,0.5341,0.0267,NORMAL,0,0,Windows,malam
23:22:31.913,225.086,0.4639,0.4323,0.4481,0.5321,0.0267,NORMAL,0,0,Windows,malam
23:22:31.963,225.136,0.4896,0.4398,0.4647,0.505,0.0267,NORMAL,0,0,Windows,malam
23:22:31.992,225.165,0.4752,0.4358,0.4555,0.5317,0.0267,NORMAL,0,0,Windows,malam
23:22:32.021,225.194,0.479,0.4354,0.4572,0.5454,0.0267,NORMAL,0,0,Windows,malam
23:22:32.054,225.227,0.4782,0.4189,0.4485,0.4819,0.0267,NORMAL,0,0,Windows,malam
23:22:32.085,225.258,0.4559,0.3762,0.4161,0.4993,0.0267,NORMAL,0,0,Windows,malam
23:22:32.118,225.29,0.4522,0.3698,0.411,0.4973,0.0267,NORMAL,0,0,Windows,malam
23:22:32.151,225.323,0.4681,0.383,0.4255,0.581,0.0267,NORMAL,0,0,Windows,malam
23:22:32.178,225.35,0.462,0.4027,0.4323,0.6414,0.0267,NORMAL,0,0,Windows,malam
23:22:32.209,225.381,0.4725,0.3833,0.4279,0.6527,0.0267,NORMAL,0,1,Windows,malam
23:22:32.248,225.421,0.4765,0.377,0.4267,0.6327,0.0267,NORMAL,0,0,Windows,malam
23:22:32.288,225.461,0.4708,0.3816,0.4262,0.6288,0.0267,NORMAL,0,0,Windows,malam
23:22:32.320,225.493,0.4416,0.3702,0.4059,0.6175,0.0267,NORMAL,0,0,Windows,malam
23:22:32.358,225.531,0.4935,0.3995,0.4465,0.5854,0.0267,NORMAL,0,0,Windows,malam
23:22:32.397,225.57,0.4589,0.3952,0.4271,0.5871,0.0267,NORMAL,0,0,Windows,malam
23:22:32.431,225.604,0.459,0.3952,0.4271,0.5907,0.0267,NORMAL,0,0,Windows,malam
23:22:32.461,225.634,0.4348,0.4098,0.4223,0.5868,0.0267,NORMAL,0,0,Windows,malam
23:22:32.493,225.666,0.4248,0.3808,0.4028,0.5678,0.0267,NORMAL,0,0,Windows,malam
23:22:32.523,225.696,0.4248,0.3858,0.4053,0.5688,0.0267,NORMAL,0,0,Windows,malam
23:22:32.551,225.724,0.4139,0.4054,0.4097,0.6202,0.0267,NORMAL,0,0,Windows,malam
23:22:32.572,225.745,0.4312,0.4393,0.4352,0.6495,0.0267,NORMAL,0,0,Windows,malam
23:22:32.602,225.775,0.4312,0.4145,0.4228,0.6798,0.0267,NORMAL,0,1,Windows,malam
23:22:32.647,225.82,0.4125,0.4129,0.4127,0.6432,0.0267,NORMAL,0,0,Windows,malam
23:22:32.681,225.854,0.4155,0.401,0.4083,0.6306,0.0267,NORMAL,0,0,Windows,malam
23:22:32.712,225.885,0.4183,0.4021,0.4102,0.6319,0.0267,NORMAL,0,0,Windows,malam
23:22:32.757,225.93,0.3904,0.4001,0.3953,0.5983,0.0267,NORMAL,0,0,Windows,malam
23:22:32.792,225.965,0.3927,0.3851,0.3889,0.6004,0.0267,NORMAL,0,0,Windows,malam
23:22:32.823,225.995,0.3927,0.3853,0.389,0.5857,0.0267,NORMAL,0,0,Windows,malam
23:22:32.856,226.028,0.3822,0.401,0.3916,0.5394,0.0267,NORMAL,0,0,Windows,malam
23:22:32.885,226.058,0.3959,0.4037,0.3998,0.5295,0.0267,NORMAL,0,0,Windows,malam
23:22:32.919,226.092,0.3937,0.4129,0.4033,0.5107,0.0267,NORMAL,0,0,Windows,malam
23:22:32.951,226.124,0.3727,0.3958,0.3843,0.499,0.0267,NORMAL,0,0,Windows,malam
23:22:32.980,226.153,0.4108,0.4031,0.407,0.4954,0.0267,NORMAL,0,0,Windows,malam
23:22:33.012,226.185,0.3971,0.4031,0.4001,0.487,0.0267,NORMAL,0,0,Windows,malam
23:22:33.046,226.219,0.3988,0.3874,0.3931,0.5581,0.0267,NORMAL,0,0,Windows,malam
23:22:33.075,226.248,0.3855,0.3848,0.3852,0.5619,0.0267,NORMAL,0,0,Windows,malam
23:22:33.105,226.277,0.359,0.3722,0.3656,0.557,0.0267,NORMAL,0,0,Windows,malam
23:22:33.159,226.332,0.3547,0.3575,0.3561,0.5232,0.0267,NORMAL,0,0,Windows,malam
23:22:33.183,226.356,0.3547,0.3675,0.3611,0.5016,0.0267,NORMAL,0,0,Windows,malam
23:22:33.215,226.388,0.3582,0.3802,0.3692,0.4822,0.0267,NORMAL,0,0,Windows,malam
23:22:33.255,226.428,0.3519,0.3741,0.363,0.5057,0.0267,NORMAL,0,0,Windows,malam
23:22:33.276,226.449,0.3429,0.3771,0.36,0.5376,0.0267,NORMAL,0,0,Windows,malam
23:22:33.308,226.481,0.3688,0.3644,0.3666,0.533,0.0267,NORMAL,0,0,Windows,malam
23:22:33.352,226.525,0.3417,0.3701,0.3559,0.548,0.0267,NORMAL,0,0,Windows,malam
23:22:33.384,226.557,0.334,0.3731,0.3536,0.5494,0.0267,NORMAL,0,0,Windows,malam
23:22:33.418,226.591,0.3326,0.3697,0.3512,0.5281,0.0267,NORMAL,0,0,Windows,malam
23:22:33.448,226.62,0.3514,0.3578,0.3546,0.4564,0.0267,NORMAL,0,0,Windows,malam
23:22:33.481,226.654,0.3611,0.3578,0.3595,0.4183,0.0267,NORMAL,0,0,Windows,malam
23:22:33.511,226.684,0.3691,0.3578,0.3635,0.4114,0.0267,NORMAL,0,0,Windows,malam
23:22:33.561,226.734,0.3489,0.3773,0.3631,0.4829,0.0267,NORMAL,0,0,Windows,malam
23:22:33.591,226.763,0.3478,0.3736,0.3607,0.4634,0.0267,NORMAL,0,0,Windows,malam
23:22:33.620,226.793,0.3473,0.3545,0.3509,0.4834,0.0267,NORMAL,0,0,Windows,malam
23:22:33.655,226.828,0.3507,0.3639,0.3573,0.5133,0.0267,NORMAL,0,0,Windows,malam
23:22:33.685,226.858,0.3194,0.3524,0.3359,0.5106,0.0267,NORMAL,0,0,Windows,malam
23:22:33.716,226.888,0.3282,0.3674,0.3478,0.5096,0.0267,NORMAL,0,0,Windows,malam
23:22:33.762,226.935,0.3272,0.3738,0.3505,0.5154,0.0267,NORMAL,0,0,Windows,malam
23:22:33.794,226.966,0.337,0.3714,0.3542,0.5215,0.0267,NORMAL,0,0,Windows,malam
23:22:33.826,226.999,0.337,0.3583,0.3476,0.5281,0.0267,NORMAL,0,0,Windows,malam
23:22:33.855,227.028,0.3607,0.3749,0.3678,0.5958,0.0267,NORMAL,0,0,Windows,malam
23:22:33.886,227.059,0.3607,0.3738,0.3672,0.5931,0.0267,NORMAL,0,0,Windows,malam
23:22:33.919,227.092,0.3607,0.3738,0.3672,0.5841,0.0267,NORMAL,0,0,Windows,malam
23:22:33.958,227.131,0.3478,0.3674,0.3576,0.6195,0.0267,NORMAL,0,0,Windows,malam
23:22:33.981,227.154,0.3384,0.3674,0.3529,0.6387,0.0267,NORMAL,0,0,Windows,malam
23:22:34.012,227.185,0.359,0.3674,0.3632,0.639,0.0267,NORMAL,0,0,Windows,malam
23:22:34.059,227.232,0.3462,0.345,0.3456,0.6457,0.0267,NORMAL,0,0,Windows,malam
23:22:34.090,227.262,0.3457,0.3328,0.3393,0.6346,0.0267,NORMAL,0,0,Windows,malam
23:22:34.123,227.296,0.3452,0.3537,0.3495,0.635,0.0267,NORMAL,0,0,Windows,malam
23:22:34.150,227.323,0.3555,0.3714,0.3635,0.609,0.0267,NORMAL,0,0,Windows,malam
23:22:34.183,227.356,0.3545,0.3705,0.3625,0.597,0.0267,NORMAL,0,0,Windows,malam
23:22:34.214,227.387,0.3545,0.36,0.3572,0.5969,0.0267,NORMAL,0,0,Windows,malam
23:22:34.263,227.436,0.3671,0.3711,0.3691,0.5568,0.0267,NORMAL,0,0,Windows,malam
23:22:34.291,227.464,0.3638,0.3737,0.3687,0.5374,0.0267,NORMAL,0,0,Windows,malam
23:22:34.321,227.494,0.3638,0.38,0.3719,0.5334,0.0267,NORMAL,0,0,Windows,malam
23:22:34.359,227.532,0.3782,0.3568,0.3675,0.5503,0.0267,NORMAL,0,0,Windows,malam
23:22:34.386,227.559,0.3618,0.3583,0.3601,0.5423,0.0267,NORMAL,0,0,Windows,malam
23:22:34.416,227.589,0.3397,0.3495,0.3446,0.54,0.0267,NORMAL,0,0,Windows,malam
23:22:34.455,227.628,0.3527,0.359,0.3558,0.5022,0.0267,NORMAL,0,0,Windows,malam
23:22:34.478,227.651,0.3657,0.3495,0.3576,0.464,0.0267,NORMAL,0,0,Windows,malam
23:22:34.510,227.683,0.3662,0.3449,0.3556,0.474,0.0267,NORMAL,0,0,Windows,malam
23:22:34.551,227.724,0.3653,0.3161,0.3407,0.4694,0.02,NORMAL,0,0,Windows,malam
23:22:34.573,227.746,0.3657,0.3377,0.3517,0.4339,0.0133,NORMAL,0,0,Windows,malam
23:22:34.606,227.778,0.3445,0.3279,0.3362,0.4412,0.0067,NORMAL,0,0,Windows,malam
23:22:34.664,227.837,0.3267,0.3091,0.3179,0.435,0.0,NORMAL,0,0,Windows,malam
23:22:34.699,227.872,0.3373,0.3308,0.3341,0.4392,0.0,NORMAL,0,0,Windows,malam
23:22:34.731,227.903,0.3313,0.3308,0.3311,0.4419,0.0,NORMAL,0,0,Windows,malam
23:22:34.759,227.931,0.3402,0.325,0.3326,0.4367,0.0,NORMAL,0,0,Windows,malam
23:22:34.794,227.967,0.3402,0.325,0.3326,0.4358,0.0,NORMAL,0,0,Windows,malam
23:22:34.825,227.998,0.3402,0.325,0.3326,0.4519,0.0,NORMAL,0,0,Windows,malam
23:22:34.855,228.028,0.3402,0.3002,0.3202,0.4117,0.0,NORMAL,0,0,Windows,malam
23:22:34.888,228.061,0.3272,0.2948,0.311,0.4097,0.0,NORMAL,0,0,Windows,malam
23:22:34.920,228.093,0.3142,0.2948,0.3045,0.411,0.0,NORMAL,0,0,Windows,malam
23:22:34.952,228.125,0.3142,0.2757,0.2949,0.3988,0.0,NORMAL,0,0,Windows,malam
23:22:34.981,228.154,0.3158,0.281,0.2984,0.3929,0.0,NORMAL,0,0,Windows,malam
23:22:35.013,228.186,0.3158,0.281,0.2984,0.395,0.0,NORMAL,0,0,Windows,malam
23:22:35.063,228.236,0.2786,0.2766,0.2776,0.4622,0.0,NORMAL,0,0,Windows,malam
23:22:35.092,228.264,0.3031,0.2706,0.2869,0.4946,0.0,NORMAL,0,0,Windows,malam
23:22:35.122,228.295,0.3049,0.2825,0.2937,0.4925,0.0,NORMAL,0,0,Windows,malam
23:22:35.160,228.333,0.2325,0.1881,0.2103,0.4517,0.0067,NORMAL,1,0,Windows,malam
23:22:35.186,228.359,0.2517,0.1992,0.2255,0.4458,0.0133,NORMAL,2,0,Windows,malam
23:22:35.216,228.389,0.2588,0.1999,0.2293,0.4381,0.02,NORMAL,3,0,Windows,malam
23:22:35.255,228.428,0.278,0.2536,0.2658,0.4171,0.02,NORMAL,0,0,Windows,malam
23:22:35.281,228.454,0.2774,0.2908,0.2841,0.4268,0.02,NORMAL,0,0,Windows,malam
23:22:35.314,228.487,0.3038,0.3031,0.3034,0.4343,0.02,NORMAL,0,0,Windows,malam
23:22:35.354,228.526,0.3044,0.287,0.2957,0.411,0.02,NORMAL,0,0,Windows,malam
23:22:35.376,228.549,0.3044,0.2916,0.298,0.4045,0.02,NORMAL,0,0,Windows,malam
23:22:35.407,228.58,0.2982,0.2916,0.2949,0.4037,0.02,NORMAL,0,0,Windows,malam
23:22:35.463,228.636,0.3261,0.2995,0.3128,0.4109,0.02,NORMAL,0,0,Windows,malam
23:22:35.487,228.66,0.3459,0.3126,0.3292,0.4173,0.02,NORMAL,0,0,Windows,malam
23:22:35.519,228.692,0.3276,0.3126,0.3201,0.4181,0.02,NORMAL,0,0,Windows,malam
23:22:35.559,228.732,0.3234,0.2917,0.3076,0.3823,0.02,NORMAL,0,0,Windows,malam
23:22:35.581,228.754,0.3244,0.3203,0.3224,0.3806,0.02,NORMAL,0,0,Windows,malam
23:22:35.611,228.784,0.3234,0.342,0.3327,0.3819,0.02,NORMAL,0,0,Windows,malam
23:22:35.655,228.828,0.3375,0.3378,0.3377,0.3783,0.02,NORMAL,0,0,Windows,malam
23:22:35.689,228.862,0.3494,0.3672,0.3583,0.3851,0.02,NORMAL,0,0,Windows,malam
23:22:35.720,228.892,0.3245,0.3575,0.341,0.3939,0.02,NORMAL,0,0,Windows,malam
23:22:35.752,228.925,0.439,0.4294,0.4342,0.3919,0.02,NORMAL,0,0,Windows,malam
23:22:35.781,228.954,0.4419,0.4325,0.4372,0.3883,0.02,NORMAL,0,0,Windows,malam
23:22:35.812,228.985,0.4419,0.4325,0.4372,0.3826,0.02,NORMAL,0,0,Windows,malam
23:22:35.864,229.037,0.4025,0.376,0.3892,0.3644,0.02,NORMAL,0,0,Windows,malam
23:22:35.893,229.066,0.4025,0.4,0.4012,0.3739,0.02,NORMAL,0,0,Windows,malam
23:22:35.924,229.097,0.3926,0.3891,0.3909,0.3753,0.02,NORMAL,0,0,Windows,malam
23:22:35.963,229.135,0.3809,0.368,0.3745,0.3615,0.02,NORMAL,0,0,Windows,malam
23:22:35.985,229.158,0.384,0.3909,0.3874,0.3704,0.02,NORMAL,0,0,Windows,malam
23:22:36.017,229.19,0.3861,0.3741,0.3801,0.3746,0.02,NORMAL,0,0,Windows,malam
23:22:36.055,229.228,0.3719,0.3628,0.3674,0.3552,0.02,NORMAL,0,0,Windows,malam
23:22:36.079,229.252,0.3706,0.3568,0.3637,0.3596,0.02,NORMAL,0,0,Windows,malam
23:22:36.111,229.284,0.3642,0.3568,0.3605,0.3677,0.02,NORMAL,0,0,Windows,malam
23:22:36.151,229.324,0.3596,0.3653,0.3625,0.3604,0.02,NORMAL,0,0,Windows,malam
23:22:36.173,229.345,0.3822,0.3713,0.3768,0.3689,0.02,NORMAL,0,0,Windows,malam
23:22:36.206,229.379,0.3965,0.3741,0.3853,0.3671,0.02,NORMAL,0,0,Windows,malam
23:22:36.264,229.437,0.3946,0.3693,0.382,0.3614,0.02,NORMAL,0,0,Windows,malam
23:22:36.299,229.472,0.384,0.3713,0.3777,0.3658,0.02,NORMAL,0,0,Windows,malam
23:22:36.331,229.504,0.384,0.3741,0.379,0.3658,0.02,NORMAL,0,0,Windows,malam
23:22:36.359,229.532,0.384,0.3834,0.3837,0.3677,0.02,NORMAL,0,0,Windows,malam
23:22:36.391,229.564,0.3861,0.3713,0.3787,0.3591,0.02,NORMAL,0,0,Windows,malam
23:22:36.421,229.594,0.3842,0.3713,0.3778,0.3534,0.02,NORMAL,0,0,Windows,malam
23:22:36.460,229.633,0.3842,0.3713,0.3778,0.3603,0.02,NORMAL,0,0,Windows,malam
23:22:36.483,229.655,0.3842,0.3693,0.3768,0.3603,0.02,NORMAL,0,0,Windows,malam
23:22:36.515,229.688,0.3822,0.3713,0.3768,0.3687,0.02,NORMAL,0,0,Windows,malam
23:22:36.566,229.739,0.3861,0.3713,0.3787,0.3687,0.02,NORMAL,0,0,Windows,malam
23:22:36.591,229.764,0.3966,0.3713,0.3839,0.3715,0.02,NORMAL,0,0,Windows,malam
23:22:36.624,229.797,0.3946,0.3704,0.3825,0.367,0.02,NORMAL,0,0,Windows,malam
23:22:36.664,229.836,0.3822,0.3822,0.3822,0.3696,0.02,NORMAL,0,0,Windows,malam
23:22:36.686,229.859,0.3699,0.385,0.3774,0.3749,0.02,NORMAL,0,0,Windows,malam
23:22:36.718,229.89,0.375,0.376,0.3755,0.3735,0.02,NORMAL,0,0,Windows,malam
23:22:36.758,229.931,0.3842,0.3822,0.3832,0.3714,0.02,NORMAL,0,0,Windows,malam
23:22:36.795,229.968,0.375,0.3643,0.3697,0.3745,0.02,NORMAL,0,0,Windows,malam
23:22:36.827,229.999,0.3842,0.3684,0.3763,0.3699,0.02,NORMAL,0,0,Windows,malam
23:22:36.854,230.027,0.3801,0.3684,0.3742,0.3779,0.02,NORMAL,0,0,Windows,malam
23:22:36.888,230.061,0.3801,0.3704,0.3752,0.3766,0.02,NORMAL,0,0,Windows,malam
23:22:36.922,230.095,0.373,0.3713,0.3722,0.3814,0.02,NORMAL,0,0,Windows,malam
23:22:36.965,230.138,0.373,0.3713,0.3722,0.3744,0.02,NORMAL,0,0,Windows,malam
23:22:36.999,230.172,0.373,0.3713,0.3722,0.3683,0.02,NORMAL,0,0,Windows,malam
23:22:37.030,230.203,0.3801,0.3721,0.3761,0.3706,0.02,NORMAL,0,0,Windows,malam
23:22:37.063,230.236,0.3861,0.3713,0.3787,0.365,0.02,NORMAL,0,0,Windows,malam
23:22:37.091,230.264,0.3737,0.3704,0.372,0.3634,0.02,NORMAL,0,0,Windows,malam
23:22:37.122,230.295,0.3715,0.3704,0.3709,0.3634,0.02,NORMAL,0,0,Windows,malam
23:22:37.160,230.333,0.3626,0.3833,0.3729,0.3583,0.02,NORMAL,0,0,Windows,malam
23:22:37.186,230.359,0.3626,0.3742,0.3684,0.3624,0.02,NORMAL,0,0,Windows,malam
23:22:37.217,230.39,0.3626,0.3769,0.3698,0.3647,0.02,NORMAL,0,0,Windows,malam
23:22:37.254,230.427,0.375,0.376,0.3755,0.3713,0.02,NORMAL,0,0,Windows,malam
23:22:37.277,230.45,0.375,0.385,0.38,0.3768,0.02,NORMAL,0,0,Windows,malam
23:22:37.311,230.484,0.387,0.385,0.386,0.3739,0.02,NORMAL,0,0,Windows,malam
23:22:37.367,230.54,0.3966,0.3833,0.3899,0.3713,0.02,NORMAL,0,0,Windows,malam
23:22:37.403,230.576,0.3946,0.3769,0.3858,0.3749,0.02,NORMAL,0,0,Windows,malam
23:22:37.435,230.608,0.3946,0.3751,0.3848,0.3725,0.02,NORMAL,0,0,Windows,malam
23:22:37.464,230.637,0.3737,0.3833,0.3785,0.3692,0.02,NORMAL,0,0,Windows,malam
23:22:37.496,230.669,0.3694,0.3704,0.3699,0.3639,0.02,NORMAL,0,0,Windows,malam
23:22:37.527,230.7,0.3811,0.3704,0.3758,0.3633,0.02,NORMAL,0,0,Windows,malam
23:22:37.559,230.731,0.384,0.3704,0.3772,0.3654,0.02,NORMAL,0,0,Windows,malam
23:22:37.591,230.764,0.384,0.3804,0.3822,0.3609,0.02,NORMAL,0,0,Windows,malam
23:22:37.622,230.794,0.384,0.3684,0.3762,0.3609,0.02,NORMAL,0,0,Windows,malam
23:22:37.654,230.827,0.384,0.3597,0.3719,0.3663,0.02,NORMAL,0,0,Windows,malam
23:22:37.686,230.858,0.384,0.3741,0.3791,0.3629,0.02,NORMAL,0,0,Windows,malam
23:22:37.715,230.888,0.3694,0.3751,0.3722,0.3567,0.02,NORMAL,0,0,Windows,malam
23:22:37.766,230.939,0.3819,0.3519,0.3669,0.3556,0.02,NORMAL,0,0,Windows,malam
23:22:37.793,230.966,0.384,0.3519,0.3679,0.3621,0.02,NORMAL,0,0,Windows,malam
23:22:37.825,230.998,0.3938,0.3519,0.3728,0.3722,0.02,NORMAL,0,0,Windows,malam
23:22:37.867,231.04,0.3574,0.3575,0.3574,0.3709,0.02,NORMAL,0,0,Windows,malam
23:22:37.903,231.076,0.3737,0.3575,0.3656,0.3623,0.02,NORMAL,0,0,Windows,malam
23:22:37.935,231.108,0.3737,0.3693,0.3715,0.3592,0.02,NORMAL,0,0,Windows,malam
23:22:37.965,231.137,0.3861,0.3595,0.3728,0.3585,0.02,NORMAL,0,0,Windows,malam
23:22:37.996,231.169,0.3596,0.3595,0.3595,0.3585,0.02,NORMAL,0,0,Windows,malam
23:22:38.027,231.2,0.3613,0.3713,0.3663,0.3617,0.02,NORMAL,0,0,Windows,malam
23:22:38.059,231.232,0.3613,0.3731,0.3672,0.373,0.02,NORMAL,0,0,Windows,malam
23:22:38.091,231.264,0.3737,0.3731,0.3734,0.3645,0.02,NORMAL,0,0,Windows,malam
23:22:38.121,231.294,0.3737,0.3823,0.378,0.3645,0.02,NORMAL,0,0,Windows,malam
23:22:38.172,231.345,0.3737,0.3823,0.378,0.3626,0.02,NORMAL,0,0,Windows,malam
23:22:38.201,231.374,0.3737,0.3703,0.372,0.3603,0.02,NORMAL,0,0,Windows,malam
23:22:38.223,231.396,0.3737,0.3614,0.3676,0.366,0.02,NORMAL,0,0,Windows,malam
23:22:38.262,231.435,0.3737,0.3741,0.3739,0.3657,0.02,NORMAL,0,0,Windows,malam
23:22:38.295,231.468,0.3861,0.3741,0.3801,0.3685,0.02,NORMAL,0,0,Windows,malam
23:22:38.326,231.499,0.3861,0.3858,0.386,0.3772,0.02,NORMAL,0,0,Windows,malam
23:22:38.362,231.535,0.3959,0.3803,0.3881,0.3729,0.02,NORMAL,0,0,Windows,malam
23:22:38.390,231.563,0.384,0.3941,0.3891,0.3694,0.02,NORMAL,0,0,Windows,malam
23:22:38.422,231.595,0.3861,0.3822,0.3842,0.3737,0.02,NORMAL,0,0,Windows,malam
23:22:38.454,231.627,0.3842,0.3917,0.3879,0.3769,0.02,NORMAL,0,0,Windows,malam
23:22:38.484,231.656,0.3966,0.3804,0.3885,0.3847,0.02,NORMAL,0,0,Windows,malam
23:22:38.515,231.688,0.387,0.3803,0.3836,0.3765,0.02,NORMAL,0,0,Windows,malam
23:22:38.568,231.741,0.4035,0.3758,0.3897,0.3756,0.02,NORMAL,0,0,Windows,malam
23:22:38.596,231.769,0.3964,0.3803,0.3883,0.3753,0.02,NORMAL,0,0,Windows,malam
23:22:38.626,231.799,0.3861,0.3803,0.3832,0.3716,0.02,NORMAL,0,0,Windows,malam
23:22:38.663,231.836,0.3822,0.3804,0.3813,0.3644,0.02,NORMAL,0,0,Windows,malam
23:22:38.690,231.863,0.3966,0.3822,0.3894,0.3758,0.02,NORMAL,0,0,Windows,malam
23:22:38.720,231.893,0.3985,0.376,0.3872,0.37,0.02,NORMAL,0,0,Windows,malam
23:22:38.761,231.934,0.3869,0.3822,0.3846,0.3793,0.02,NORMAL,0,0,Windows,malam
23:22:38.798,231.971,0.3888,0.3822,0.3855,0.3721,0.02,NORMAL,0,0,Windows,malam
23:22:38.830,232.003,0.3861,0.3733,0.3797,0.3795,0.02,NORMAL,0,0,Windows,malam
23:22:38.871,232.043,0.3861,0.3684,0.3772,0.3684,0.02,NORMAL,0,0,Windows,malam
23:22:38.894,232.067,0.3861,0.3672,0.3766,0.3779,0.02,NORMAL,0,0,Windows,malam
23:22:38.925,232.098,0.3861,0.3704,0.3782,0.3779,0.02,NORMAL,0,0,Windows,malam
23:22:38.968,232.14,0.3737,0.3704,0.372,0.3591,0.02,NORMAL,0,0,Windows,malam
23:22:39.002,232.175,0.3861,0.3614,0.3737,0.3643,0.02,NORMAL,0,0,Windows,malam
23:22:39.035,232.207,0.3849,0.3713,0.3781,0.3603,0.02,NORMAL,0,0,Windows,malam
23:22:39.063,232.236,0.3753,0.3731,0.3742,0.3677,0.02,NORMAL,0,0,Windows,malam
23:22:39.097,232.27,0.3889,0.3714,0.3802,0.3626,0.02,NORMAL,0,0,Windows,malam
23:22:39.129,232.302,0.3889,0.3804,0.3847,0.3721,0.02,NORMAL,0,0,Windows,malam
23:22:39.158,232.331,0.3889,0.3804,0.3847,0.3799,0.02,NORMAL,0,0,Windows,malam
23:22:39.191,232.364,0.3889,0.3733,0.3811,0.3751,0.02,NORMAL,0,0,Windows,malam
23:22:39.224,232.396,0.3889,0.3733,0.3811,0.3821,0.02,NORMAL,0,0,Windows,malam
23:22:39.271,232.444,0.3795,0.3804,0.3799,0.3792,0.02,NORMAL,0,0,Windows,malam
23:22:39.301,232.474,0.381,0.3804,0.3807,0.3792,0.02,NORMAL,0,0,Windows,malam
23:22:39.333,232.506,0.381,0.3792,0.3801,0.3792,0.02,NORMAL,0,0,Windows,malam
23:22:39.367,232.54,0.3869,0.3792,0.383,0.3835,0.02,NORMAL,0,0,Windows,malam
23:22:39.396,232.569,0.3888,0.3721,0.3805,0.3799,0.02,NORMAL,0,0,Windows,malam
23:22:39.426,232.599,0.3888,0.3721,0.3805,0.3859,0.02,NORMAL,0,0,Windows,malam
23:22:39.463,232.636,0.3869,0.3692,0.378,0.3799,0.02,NORMAL,0,0,Windows,malam
23:22:39.490,232.663,0.3869,0.3672,0.377,0.3799,0.02,NORMAL,0,0,Windows,malam
23:22:39.522,232.695,0.3747,0.3672,0.3709,0.381,0.02,NORMAL,0,0,Windows,malam
23:22:39.559,232.732,0.3861,0.381,0.3835,0.3738,0.02,NORMAL,0,0,Windows,malam
23:22:39.586,232.759,0.3877,0.3822,0.385,0.369,0.02,NORMAL,0,0,Windows,malam
23:22:39.617,232.789,0.4126,0.3803,0.3964,0.3744,0.02,NORMAL,0,0,Windows,malam
23:22:39.648,232.82,0.4126,0.3923,0.4024,0.3757,0.02,NORMAL,0,0,Windows,malam
23:22:39.679,232.852,0.3903,0.379,0.3847,0.38,0.02,NORMAL,0,0,Windows,malam
23:22:39.710,232.883,0.3883,0.3684,0.3783,0.3766,0.02,NORMAL,0,0,Windows,malam
23:22:39.767,232.94,0.398,0.379,0.3885,0.3738,0.02,NORMAL,0,0,Windows,malam
23:22:39.803,232.976,0.3877,0.379,0.3834,0.3822,0.02,NORMAL,0,0,Windows,malam
23:22:39.835,233.008,0.3877,0.381,0.3843,0.3866,0.02,NORMAL,0,0,Windows,malam
23:22:39.863,233.036,0.3782,0.3822,0.3802,0.3785,0.02,NORMAL,0,0,Windows,malam
23:22:39.897,233.07,0.3795,0.3822,0.3809,0.3766,0.02,NORMAL,0,0,Windows,malam
23:22:39.928,233.101,0.3916,0.3822,0.3869,0.3766,0.02,NORMAL,0,0,Windows,malam
23:22:39.961,233.134,0.3888,0.3792,0.384,0.3717,0.02,NORMAL,0,0,Windows,malam
23:22:39.991,233.164,0.3888,0.3792,0.384,0.3681,0.02,NORMAL,0,0,Windows,malam
23:22:40.023,233.196,0.3888,0.3792,0.384,0.3681,0.02,NORMAL,0,0,Windows,malam
23:22:40.055,233.228,0.3888,0.3884,0.3886,0.3738,0.02,NORMAL,0,0,Windows,malam
23:22:40.085,233.257,0.3889,0.3792,0.384,0.3702,0.02,NORMAL,0,0,Windows,malam
23:22:40.117,233.29,0.3889,0.3792,0.384,0.3658,0.02,NORMAL,0,0,Windows,malam
23:22:40.168,233.341,0.3767,0.3792,0.3779,0.3689,0.0133,NORMAL,0,0,Windows,malam
23:22:40.195,233.368,0.4013,0.3792,0.3902,0.3643,0.0067,NORMAL,0,0,Windows,malam
23:22:40.226,233.399,0.3869,0.3792,0.383,0.3681,0.0,NORMAL,0,0,Windows,malam
23:22:40.267,233.439,0.3869,0.3792,0.383,0.3668,0.0,NORMAL,0,0,Windows,malam
23:22:40.302,233.475,0.3747,0.3804,0.3775,0.3668,0.0,NORMAL,0,0,Windows,malam
23:22:40.335,233.508,0.3747,0.3804,0.3775,0.3686,0.0,NORMAL,0,0,Windows,malam
23:22:40.367,233.539,0.3795,0.3804,0.3799,0.3737,0.0,NORMAL,0,0,Windows,malam
23:22:40.475,233.648,0.3905,0.3684,0.3795,0.3803,0.0,NORMAL,0,0,Windows,malam
23:22:40.509,233.682,0.3905,0.3672,0.3789,0.3814,0.0,NORMAL,0,0,Windows,malam
23:22:40.568,233.741,0.3908,0.3672,0.379,0.3839,0.0,NORMAL,0,0,Windows,malam
23:22:40.602,233.775,0.4013,0.3672,0.3843,0.3883,0.0,NORMAL,0,0,Windows,malam
23:22:40.635,233.808,0.4013,0.3554,0.3783,0.3856,0.0,NORMAL,0,0,Windows,malam
23:22:40.663,233.836,0.3888,0.3554,0.3721,0.371,0.0,NORMAL,0,0,Windows,malam
23:22:40.697,233.869,0.3869,0.3554,0.3711,0.3787,0.0,NORMAL,0,0,Windows,malam
23:22:40.729,233.901,0.3985,0.3554,0.3769,0.3773,0.0,NORMAL,0,0,Windows,malam
23:22:40.758,233.931,0.3877,0.3672,0.3774,0.3799,0.0,NORMAL,0,0,Windows,malam
23:22:40.791,233.964,0.3753,0.3565,0.3659,0.3815,0.0,NORMAL,0,0,Windows,malam
23:22:40.823,233.996,0.3613,0.3652,0.3633,0.381,0.0,NORMAL,0,0,Windows,malam
23:22:40.855,234.028,0.3737,0.3672,0.3704,0.373,0.0,NORMAL,0,0,Windows,malam
23:22:40.876,234.049,0.3767,0.3672,0.3719,0.3649,0.0,NORMAL,0,0,Windows,malam
23:22:40.902,234.074,0.3767,0.3586,0.3677,0.361,0.0,NORMAL,0,0,Windows,malam
23:22:40.970,234.143,0.3606,0.3466,0.3536,0.3702,0.0,NORMAL,0,0,Windows,malam
23:22:40.995,234.168,0.3606,0.3595,0.36,0.3677,0.0,NORMAL,0,0,Windows,malam
23:22:41.027,234.2,0.3613,0.3585,0.3599,0.3751,0.0,NORMAL,0,0,Windows,malam
23:22:41.064,234.237,0.3613,0.3595,0.3604,0.3809,0.0,NORMAL,0,0,Windows,malam
23:22:41.089,234.262,0.3504,0.3595,0.3549,0.373,0.0,NORMAL,0,0,Windows,malam
23:22:41.119,234.291,0.3483,0.3585,0.3534,0.3748,0.0,NORMAL,0,0,Windows,malam
23:22:41.177,234.35,0.3747,0.3617,0.3682,0.3715,0.0,NORMAL,0,0,Windows,malam
23:22:41.211,234.384,0.3747,0.3528,0.3637,0.3689,0.0,NORMAL,0,0,Windows,malam
23:22:41.242,234.415,0.373,0.3528,0.3629,0.3736,0.0,NORMAL,0,0,Windows,malam
23:22:41.271,234.444,0.373,0.3643,0.3687,0.3769,0.0,NORMAL,0,0,Windows,malam
23:22:41.306,234.479,0.3747,0.3684,0.3715,0.3676,0.0,NORMAL,0,0,Windows,malam
23:22:41.335,234.507,0.3747,0.3704,0.3725,0.3761,0.0,NORMAL,0,0,Windows,malam
23:22:41.367,234.54,0.3715,0.3632,0.3674,0.3734,0.0,NORMAL,0,0,Windows,malam
23:22:41.400,234.573,0.3747,0.3586,0.3666,0.3717,0.0,NORMAL,0,0,Windows,malam
23:22:41.431,234.604,0.3767,0.3672,0.3719,0.3626,0.0,NORMAL,0,0,Windows,malam
23:22:41.464,234.636,0.3767,0.3672,0.3719,0.3677,0.0,NORMAL,0,0,Windows,malam
23:22:41.494,234.667,0.3737,0.3672,0.3704,0.379,0.0,NORMAL,0,0,Windows,malam
23:22:41.525,234.698,0.3753,0.3672,0.3712,0.3769,0.0,NORMAL,0,0,Windows,malam
23:22:41.576,234.749,0.3753,0.3617,0.3685,0.3714,0.0,NORMAL,0,0,Windows,malam
23:22:41.601,234.774,0.3753,0.3704,0.3728,0.3769,0.0,NORMAL,0,0,Windows,malam
23:22:41.634,234.806,0.3753,0.3822,0.3788,0.3769,0.0,NORMAL,0,0,Windows,malam
23:22:41.667,234.84,0.3877,0.3822,0.385,0.3751,0.0,NORMAL,0,0,Windows,malam
23:22:41.698,234.871,0.3888,0.3822,0.3855,0.3805,0.0,NORMAL,0,0,Windows,malam
23:22:41.725,234.898,0.3767,0.3704,0.3735,0.3772,0.0,NORMAL,0,0,Windows,malam
23:22:41.768,234.941,0.3767,0.3721,0.3744,0.3715,0.0,NORMAL,0,0,Windows,malam
23:22:41.805,234.978,0.3782,0.3746,0.3764,0.3799,0.0,NORMAL,0,0,Windows,malam
23:22:41.837,235.01,0.4025,0.379,0.3907,0.3799,0.0,NORMAL,0,0,Windows,malam
23:22:41.869,235.042,0.4006,0.3721,0.3863,0.3698,0.0,NORMAL,0,0,Windows,malam
23:22:41.977,235.149,0.3888,0.3741,0.3815,0.373,0.0,NORMAL,0,0,Windows,malam
23:22:42.006,235.179,0.3888,0.3714,0.3801,0.3756,0.0,NORMAL,0,0,Windows,malam
23:22:42.039,235.212,0.3823,0.3703,0.3763,0.3756,0.0,NORMAL,0,0,Windows,malam
23:22:42.077,235.25,0.3796,0.381,0.3803,0.3751,0.0,NORMAL,0,0,Windows,malam
23:22:42.101,235.274,0.3888,0.3721,0.3805,0.3595,0.0,NORMAL,0,0,Windows,malam
23:22:42.168,235.341,0.3838,0.3837,0.3837,0.3595,0.0,NORMAL,0,0,Windows,malam
23:22:42.195,235.368,0.4047,0.3837,0.3942,0.3694,0.0,NORMAL,0,0,Windows,malam
23:22:42.227,235.4,0.4047,0.3837,0.3942,0.3694,0.0,NORMAL,0,0,Windows,malam
23:22:42.263,235.436,0.3914,0.3721,0.3818,0.3783,0.0,NORMAL,0,0,Windows,malam
23:22:42.288,235.461,0.4009,0.3733,0.3871,0.3807,0.0,NORMAL,0,0,Windows,malam
23:22:42.319,235.492,0.3916,0.3733,0.3824,0.3852,0.0,NORMAL,0,0,Windows,malam
23:22:42.351,235.524,0.381,0.3733,0.3771,0.3911,0.0,NORMAL,0,0,Windows,malam
23:22:42.381,235.554,0.3782,0.3822,0.3802,0.3729,0.0,NORMAL,0,0,Windows,malam
23:22:42.414,235.587,0.3782,0.3804,0.3793,0.3645,0.0,NORMAL,0,0,Windows,malam
23:22:42.444,235.617,0.3782,0.3804,0.3793,0.3645,0.0,NORMAL,0,0,Windows,malam
23:22:42.476,235.649,0.3782,0.391,0.3846,0.3689,0.0,NORMAL,0,0,Windows,malam
23:22:42.508,235.681,0.3888,0.391,0.3899,0.3595,0.0,NORMAL,0,0,Windows,malam
23:22:42.567,235.74,0.4001,0.3804,0.3902,0.3653,0.0,NORMAL,0,0,Windows,malam
23:22:42.602,235.775,0.3903,0.3804,0.3854,0.3679,0.0,NORMAL,0,0,Windows,malam
23:22:42.631,235.804,0.3903,0.3804,0.3854,0.371,0.0,NORMAL,0,0,Windows,malam
23:22:42.663,235.836,0.4025,0.3822,0.3924,0.3736,0.0,NORMAL,0,0,Windows,malam
23:22:42.697,235.869,0.4009,0.3792,0.39,0.3727,0.0,NORMAL,0,0,Windows,malam
23:22:42.727,235.9,0.4009,0.3792,0.39,0.3751,0.0,NORMAL,0,0,Windows,malam
23:22:42.758,235.931,0.4009,0.3792,0.39,0.3701,0.0,NORMAL,0,0,Windows,malam
23:22:42.792,235.965,0.4009,0.3792,0.39,0.3738,0.0,NORMAL,0,0,Windows,malam
23:22:42.821,235.994,0.4009,0.3792,0.39,0.3738,0.0,NORMAL,0,0,Windows,malam
23:22:42.853,236.026,0.413,0.3929,0.4029,0.3645,0.0,NORMAL,0,0,Windows,malam
23:22:42.885,236.058,0.415,0.3936,0.4043,0.3776,0.0,NORMAL,0,0,Windows,malam
23:22:42.916,236.089,0.415,0.3936,0.4043,0.3776,0.0,NORMAL,0,0,Windows,malam
23:22:42.969,236.142,0.413,0.383,0.398,0.3776,0.0,NORMAL,0,0,Windows,malam
23:22:42.996,236.169,0.4112,0.3947,0.4029,0.3759,0.0,NORMAL,0,0,Windows,malam
23:22:43.028,236.201,0.4112,0.3947,0.4029,0.3759,0.0,NORMAL,0,0,Windows,malam
23:22:43.065,236.238,0.4112,0.3947,0.4029,0.3698,0.0,NORMAL,0,0,Windows,malam
23:22:43.091,236.264,0.4234,0.4052,0.4143,0.3746,0.0,NORMAL,0,0,Windows,malam
23:22:43.123,236.296,0.4355,0.4052,0.4204,0.3746,0.0,NORMAL,0,0,Windows,malam
23:22:43.153,236.326,0.4355,0.4035,0.4195,0.3746,0.0,NORMAL,0,0,Windows,malam
23:22:43.185,236.358,0.4355,0.4035,0.4195,0.3653,0.0,NORMAL,0,0,Windows,malam
23:22:43.217,236.39,0.4234,0.4052,0.4143,0.3672,0.0,NORMAL,0,0,Windows,malam
23:22:43.248,236.421,0.399,0.4052,0.4021,0.3689,0.0,NORMAL,0,0,Windows,malam
23:22:43.281,236.454,0.4233,0.3936,0.4084,0.3738,0.0,NORMAL,0,0,Windows,malam
23:22:43.312,236.485,0.4233,0.3936,0.4084,0.3809,0.0,NORMAL,0,0,Windows,malam
23:22:43.366,236.539,0.4251,0.3953,0.4102,0.3766,0.0,NORMAL,0,0,Windows,malam
23:22:43.389,236.562,0.4251,0.3953,0.4102,0.3718,0.0,NORMAL,0,0,Windows,malam
23:22:43.422,236.595,0.4357,0.3953,0.4155,0.3752,0.0,NORMAL,0,0,Windows,malam
23:22:43.480,236.652,0.4382,0.4047,0.4215,0.3734,0.0,NORMAL,0,0,Windows,malam
23:22:43.499,236.672,0.4251,0.403,0.414,0.3792,0.0,NORMAL,0,0,Windows,malam
23:22:43.533,236.705,0.4251,0.403,0.414,0.3792,0.0,NORMAL,0,0,Windows,malam
23:22:43.575,236.748,0.4268,0.403,0.4149,0.384,0.0,NORMAL,0,0,Windows,malam
23:22:43.610,236.783,0.4128,0.403,0.4079,0.3783,0.0,NORMAL,0,0,Windows,malam
23:22:43.642,236.815,0.4128,0.391,0.4019,0.3709,0.0,NORMAL,0,0,Windows,malam
23:22:43.671,236.844,0.4146,0.3819,0.3983,0.3756,0.0,NORMAL,0,0,Windows,malam
23:22:43.705,236.878,0.4009,0.3935,0.3972,0.3738,0.0,NORMAL,0,0,Windows,malam
23:22:43.738,236.91,0.4233,0.4075,0.4154,0.3763,0.0,NORMAL,0,0,Windows,malam
23:22:43.769,236.942,0.4233,0.4075,0.4154,0.3774,0.0,NORMAL,0,0,Windows,malam
23:22:43.799,236.972,0.4233,0.3947,0.409,0.3806,0.0,NORMAL,0,0,Windows,malam
23:22:43.833,237.006,0.413,0.406,0.4095,0.3854,0.0,NORMAL,0,0,Windows,malam
23:22:43.886,237.059,0.4047,0.3953,0.4,0.3831,0.0,NORMAL,0,0,Windows,malam
23:22:43.927,237.1,0.4173,0.3953,0.4063,0.3796,0.0,NORMAL,0,0,Windows,malam
23:22:43.970,237.143,0.4173,0.3953,0.4063,0.376,0.0,NORMAL,0,0,Windows,malam
23:22:44.001,237.174,0.4146,0.3953,0.405,0.3742,0.0,NORMAL,0,0,Windows,malam
23:22:44.074,237.247,0.4173,0.3953,0.4063,0.3799,0.0,NORMAL,0,0,Windows,malam
23:22:44.097,237.27,0.4173,0.3953,0.4063,0.3792,0.0,NORMAL,0,0,Windows,malam
23:22:44.168,237.34,0.4146,0.3953,0.405,0.3761,0.0,NORMAL,0,0,Windows,malam
23:22:44.192,237.364,0.4146,0.3953,0.405,0.3738,0.0,NORMAL,0,0,Windows,malam
23:22:44.221,237.394,0.4146,0.3936,0.4041,0.3738,0.0,NORMAL,0,0,Windows,malam
23:22:44.254,237.427,0.4146,0.3936,0.4041,0.3738,0.0,NORMAL,0,0,Windows,malam
23:22:44.286,237.459,0.4146,0.3936,0.4041,0.3738,0.0,NORMAL,0,0,Windows,malam
23:22:44.317,237.49,0.4146,0.3936,0.4041,0.3797,0.0,NORMAL,0,0,Windows,malam
23:22:44.346,237.519,0.4146,0.3936,0.4041,0.3716,0.0,NORMAL,0,0,Windows,malam
23:22:44.377,237.55,0.4146,0.3936,0.4041,0.3707,0.0,NORMAL,0,0,Windows,malam
23:22:44.411,237.583,0.4146,0.3936,0.4041,0.369,0.0,NORMAL,0,0,Windows,malam
23:22:44.441,237.614,0.413,0.3936,0.4033,0.369,0.0,NORMAL,0,0,Windows,malam
23:22:44.476,237.649,0.4146,0.3936,0.4041,0.3764,0.0,NORMAL,0,0,Windows,malam
23:22:44.503,237.676,0.4146,0.3936,0.4041,0.3731,0.0,NORMAL,0,0,Windows,malam
23:22:44.567,237.739,0.4233,0.3936,0.4084,0.3748,0.0,NORMAL,0,0,Windows,malam
23:22:44.598,237.771,0.4251,0.4148,0.42,0.387,0.0,NORMAL,0,0,Windows,malam
23:22:44.632,237.805,0.4251,0.4148,0.42,0.3915,0.0,NORMAL,0,0,Windows,malam
23:22:44.661,237.833,0.4251,0.4133,0.4192,0.389,0.0,NORMAL,0,0,Windows,malam
23:22:44.693,237.866,0.4146,0.4047,0.4097,0.3778,0.0,NORMAL,0,0,Windows,malam
23:22:44.727,237.899,0.4355,0.4148,0.4252,0.3799,0.0,NORMAL,0,0,Windows,malam
23:22:44.755,237.928,0.4032,0.3936,0.3984,0.3795,0.0,NORMAL,0,0,Windows,malam
23:22:44.786,237.959,0.4032,0.4052,0.4042,0.3825,0.0,NORMAL,0,0,Windows,malam
23:22:44.817,237.989,0.413,0.383,0.398,0.3754,0.0,NORMAL,0,0,Windows,malam
23:22:44.849,238.022,0.399,0.3948,0.3969,0.3811,0.0,NORMAL,0,0,Windows,malam
23:22:44.880,238.053,0.3877,0.381,0.3843,0.3722,0.0,NORMAL,0,0,Windows,malam
23:22:44.911,238.084,0.3985,0.3733,0.3859,0.3688,0.0,NORMAL,0,0,Windows,malam
23:22:44.966,238.139,0.2964,0.2505,0.2734,0.3719,0.0,NORMAL,0,0,Windows,malam
23:22:44.989,238.161,0.2405,0.1815,0.211,0.3675,0.0067,NORMAL,1,0,Windows,malam
23:22:45.019,238.192,0.2097,0.1651,0.1874,0.3751,0.0133,NORMAL,2,0,Windows,malam
23:22:45.051,238.224,0.1974,0.1537,0.1756,0.3707,0.02,NORMAL,3,0,Windows,malam
23:22:45.079,238.252,0.3055,0.3229,0.3142,0.3568,0.02,NORMAL,0,0,Windows,malam
23:22:45.116,238.289,0.3303,0.3174,0.3239,0.373,0.02,NORMAL,0,0,Windows,malam
23:22:45.146,238.318,0.3237,0.3261,0.3249,0.3705,0.02,NORMAL,0,0,Windows,malam
23:22:45.176,238.349,0.3584,0.3508,0.3546,0.3689,0.02,NORMAL,0,0,Windows,malam
23:22:45.207,238.38,0.3328,0.3386,0.3357,0.3654,0.02,NORMAL,0,0,Windows,malam
23:22:45.240,238.412,0.3456,0.3348,0.3402,0.3593,0.02,NORMAL,0,0,Windows,malam
23:22:45.276,238.449,0.3826,0.3683,0.3755,0.3656,0.02,NORMAL,0,0,Windows,malam
23:22:45.301,238.474,0.3584,0.3562,0.3573,0.363,0.02,NORMAL,0,0,Windows,malam
23:22:45.368,238.541,0.3736,0.3683,0.371,0.3661,0.02,NORMAL,0,0,Windows,malam
23:22:45.396,238.569,0.3736,0.3683,0.371,0.367,0.02,NORMAL,0,0,Windows,malam
23:22:45.427,238.6,0.3849,0.3691,0.377,0.3645,0.02,NORMAL,0,0,Windows,malam
23:22:45.459,238.632,0.3849,0.3793,0.3821,0.3632,0.02,NORMAL,0,0,Windows,malam
23:22:45.489,238.662,0.3835,0.3896,0.3866,0.3623,0.02,NORMAL,0,0,Windows,malam
23:22:45.520,238.693,0.3856,0.3814,0.3835,0.3609,0.02,NORMAL,0,0,Windows,malam
23:22:45.551,238.724,0.3835,0.3693,0.3764,0.3609,0.02,NORMAL,0,0,Windows,malam
23:22:45.583,238.756,0.3552,0.3575,0.3563,0.3623,0.02,NORMAL,0,0,Windows,malam
23:22:45.615,238.788,0.3445,0.3575,0.351,0.3726,0.02,NORMAL,0,0,Windows,malam
23:22:45.646,238.819,0.3445,0.3454,0.345,0.3838,0.02,NORMAL,0,0,Windows,malam
23:22:45.678,238.85,0.3552,0.3683,0.3618,0.3721,0.02,NORMAL,0,0,Windows,malam
23:22:45.709,238.882,0.3684,0.3683,0.3684,0.3654,0.02,NORMAL,0,0,Windows,malam
23:22:45.783,238.956,0.3774,0.3575,0.3674,0.3721,0.02,NORMAL,0,0,Windows,malam
23:22:45.818,238.991,0.3653,0.3663,0.3658,0.3679,0.02,NORMAL,0,0,Windows,malam
23:22:45.850,239.023,0.3766,0.3683,0.3725,0.3676,0.02,NORMAL,0,0,Windows,malam
23:22:45.878,239.051,0.3641,0.3683,0.3662,0.3676,0.02,NORMAL,0,0,Windows,malam
23:22:45.913,239.085,0.3766,0.3787,0.3776,0.3647,0.02,NORMAL,0,0,Windows,malam
23:22:45.943,239.116,0.3653,0.3663,0.3658,0.3593,0.02,NORMAL,0,0,Windows,malam
23:22:45.977,239.15,0.3653,0.3663,0.3658,0.3638,0.02,NORMAL,0,0,Windows,malam
23:22:46.007,239.18,0.3619,0.3671,0.3645,0.3576,0.02,NORMAL,0,0,Windows,malam
23:22:46.038,239.211,0.3619,0.3454,0.3537,0.3629,0.02,NORMAL,0,0,Windows,malam
23:22:46.070,239.243,0.3619,0.3575,0.3597,0.3575,0.02,NORMAL,0,0,Windows,malam
23:22:46.101,239.274,0.3393,0.354,0.3467,0.3717,0.02,NORMAL,0,0,Windows,malam
23:22:46.133,239.306,0.3608,0.3562,0.3585,0.3717,0.02,NORMAL,0,0,Windows,malam
23:22:46.183,239.356,0.3495,0.3814,0.3654,0.3716,0.02,NORMAL,0,0,Windows,malam
23:22:46.211,239.384,0.3606,0.3683,0.3645,0.3668,0.02,NORMAL,0,0,Windows,malam
23:22:46.241,239.414,0.3713,0.3575,0.3644,0.3709,0.02,NORMAL,0,0,Windows,malam
23:22:46.272,239.445,0.3713,0.3693,0.3703,0.3695,0.02,NORMAL,0,0,Windows,malam
23:22:46.301,239.474,0.3584,0.3518,0.3551,0.3674,0.02,NORMAL,0,0,Windows,malam
23:22:46.334,239.507,0.3495,0.3683,0.3589,0.3638,0.02,NORMAL,0,0,Windows,malam
23:22:46.363,239.536,0.3369,0.3448,0.3408,0.3638,0.02,NORMAL,0,0,Windows,malam
23:22:46.393,239.566,0.3393,0.3542,0.3467,0.361,0.02,NORMAL,0,0,Windows,malam
23:22:46.425,239.598,0.3629,0.3548,0.3588,0.3649,0.02,NORMAL,0,0,Windows,malam
23:22:46.455,239.628,0.3517,0.354,0.3529,0.3695,0.02,NORMAL,0,0,Windows,malam
23:22:46.487,239.659,0.3505,0.3454,0.348,0.3721,0.02,NORMAL,0,0,Windows,malam
23:22:46.518,239.691,0.3393,0.3424,0.3409,0.3686,0.02,NORMAL,0,0,Windows,malam
23:22:46.552,239.725,0.3629,0.3386,0.3507,0.3637,0.02,NORMAL,0,0,Windows,malam
23:22:46.583,239.756,0.3517,0.3518,0.3518,0.3744,0.02,NORMAL,0,0,Windows,malam
23:22:46.616,239.789,0.3619,0.3569,0.3594,0.3744,0.02,NORMAL,0,0,Windows,malam
23:22:46.643,239.816,0.3619,0.3569,0.3594,0.3761,0.02,NORMAL,0,0,Windows,malam
23:22:46.679,239.852,0.3528,0.3641,0.3584,0.3686,0.02,NORMAL,0,0,Windows,malam
23:22:46.707,239.88,0.3517,0.3641,0.3579,0.3718,0.02,NORMAL,0,0,Windows,malam
23:22:46.738,239.911,0.3517,0.3641,0.3579,0.357,0.02,NORMAL,0,0,Windows,malam
23:22:46.775,239.947,0.3552,0.3663,0.3607,0.3669,0.02,NORMAL,0,0,Windows,malam
23:22:46.801,239.974,0.3776,0.3663,0.3719,0.362,0.02,NORMAL,0,0,Windows,malam
23:22:46.831,240.004,0.3776,0.3683,0.373,0.3712,0.02,NORMAL,0,0,Windows,malam
23:22:46.871,240.044,0.3641,0.3805,0.3723,0.363,0.02,NORMAL,0,0,Windows,malam
23:22:46.892,240.065,0.389,0.3785,0.3838,0.363,0.02,NORMAL,0,0,Windows,malam
23:22:46.926,240.098,0.389,0.3651,0.3771,0.3582,0.02,NORMAL,0,0,Windows,malam
23:22:46.984,240.157,0.3898,0.3785,0.3842,0.3691,0.02,NORMAL,0,0,Windows,malam
23:22:47.019,240.192,0.3898,0.3785,0.3842,0.3665,0.02,NORMAL,0,0,Windows,malam
23:22:47.052,240.225,0.3999,0.3785,0.3892,0.3615,0.02,NORMAL,0,0,Windows,malam
23:22:47.078,240.251,0.3732,0.3564,0.3648,0.363,0.02,NORMAL,0,0,Windows,malam
23:22:47.114,240.287,0.3753,0.3663,0.3708,0.3676,0.02,NORMAL,0,0,Windows,malam
23:22:47.146,240.319,0.3753,0.3641,0.3697,0.3703,0.02,NORMAL,0,0,Windows,malam
23:22:47.175,240.347,0.3766,0.3575,0.367,0.3771,0.02,NORMAL,0,0,Windows,malam
23:22:47.208,240.381,0.3766,0.3663,0.3715,0.372,0.02,NORMAL,0,0,Windows,malam
23:22:47.240,240.413,0.3673,0.3663,0.3668,0.3706,0.02,NORMAL,0,0,Windows,malam
23:22:47.272,240.445,0.3673,0.3663,0.3668,0.3711,0.02,NORMAL,0,0,Windows,malam
23:22:47.302,240.475,0.3673,0.3565,0.3619,0.3754,0.02,NORMAL,0,0,Windows,malam
23:22:47.333,240.506,0.3774,0.3565,0.367,0.3712,0.02,NORMAL,0,0,Windows,malam
23:22:47.383,240.556,0.387,0.3565,0.3717,0.3656,0.02,NORMAL,0,0,Windows,malam
23:22:47.411,240.584,0.3898,0.3565,0.3732,0.3733,0.02,NORMAL,0,0,Windows,malam
23:22:47.442,240.615,0.389,0.3565,0.3728,0.3568,0.02,NORMAL,0,0,Windows,malam
23:22:47.479,240.652,0.3857,0.3693,0.3775,0.3646,0.02,NORMAL,0,0,Windows,malam
23:22:47.506,240.678,0.3846,0.3626,0.3736,0.3608,0.02,NORMAL,0,0,Windows,malam
23:22:47.538,240.71,0.3846,0.3713,0.378,0.3654,0.02,NORMAL,0,0,Windows,malam
23:22:47.579,240.752,0.3852,0.3848,0.385,0.3742,0.02,NORMAL,0,0,Windows,malam
23:22:47.602,240.774,0.3996,0.3758,0.3877,0.3669,0.02,NORMAL,0,0,Windows,malam
23:22:47.633,240.806,0.3901,0.3758,0.3829,0.3666,0.02,NORMAL,0,0,Windows,malam
23:22:47.672,240.845,0.381,0.3758,0.3784,0.3642,0.02,NORMAL,0,0,Windows,malam
23:22:47.695,240.868,0.381,0.3672,0.3741,0.3693,0.02,NORMAL,0,0,Windows,malam
23:22:47.726,240.899,0.3925,0.3647,0.3786,0.3626,0.02,NORMAL,0,0,Windows,malam
23:22:47.784,240.957,0.4043,0.3761,0.3902,0.3658,0.02,NORMAL,0,0,Windows,malam
23:22:47.805,240.978,0.4159,0.3965,0.4062,0.3675,0.02,NORMAL,0,0,Windows,malam
23:22:47.837,241.01,0.4124,0.3989,0.4056,0.3753,0.02,NORMAL,0,0,Windows,malam
23:22:47.879,241.052,0.3893,0.3999,0.3946,0.3635,0.02,NORMAL,0,0,Windows,malam
23:22:47.901,241.074,0.3893,0.3931,0.3912,0.3558,0.02,NORMAL,0,0,Windows,malam
23:22:47.931,241.103,0.3911,0.3999,0.3955,0.356,0.02,NORMAL,0,0,Windows,malam
23:22:47.976,241.149,0.3766,0.3742,0.3754,0.3673,0.02,NORMAL,0,0,Windows,malam
23:22:48.009,241.182,0.3528,0.3278,0.3403,0.3632,0.02,NORMAL,0,0,Windows,malam
23:22:48.041,241.214,0.3508,0.3278,0.3393,0.366,0.02,NORMAL,0,0,Windows,malam
23:22:48.087,241.26,0.3162,0.3084,0.3123,0.3657,0.02,NORMAL,0,0,Windows,malam
23:22:48.119,241.292,0.3063,0.2887,0.2975,0.3673,0.02,NORMAL,0,0,Windows,malam
23:22:48.151,241.324,0.3034,0.2815,0.2925,0.3614,0.02,NORMAL,0,0,Windows,malam
23:22:48.184,241.356,0.3303,0.3174,0.3239,0.3543,0.02,NORMAL,0,0,Windows,malam
23:22:48.212,241.385,0.3359,0.3295,0.3327,0.363,0.02,NORMAL,0,0,Windows,malam
23:22:48.245,241.418,0.3359,0.3295,0.3327,0.363,0.02,NORMAL,0,0,Windows,malam
23:22:48.279,241.452,0.3382,0.3272,0.3327,0.3686,0.02,NORMAL,0,0,Windows,malam
23:22:48.307,241.48,0.3505,0.3607,0.3556,0.3649,0.02,NORMAL,0,0,Windows,malam
23:22:48.336,241.509,0.3505,0.363,0.3567,0.3651,0.02,NORMAL,0,0,Windows,malam
23:22:48.377,241.549,0.3629,0.3562,0.3595,0.3664,0.02,NORMAL,0,0,Windows,malam
23:22:48.401,241.574,0.3753,0.3518,0.3635,0.367,0.02,NORMAL,0,0,Windows,malam
23:22:48.431,241.604,0.3753,0.3641,0.3697,0.3668,0.02,NORMAL,0,0,Windows,malam
23:22:48.492,241.665,0.3849,0.3641,0.3745,0.365,0.02,NORMAL,0,0,Windows,malam
23:22:48.527,241.7,0.371,0.3518,0.3614,0.365,0.02,NORMAL,0,0,Windows,malam
23:22:48.558,241.73,0.3732,0.3518,0.3625,0.3607,0.02,NORMAL,0,0,Windows,malam
23:22:48.588,241.761,0.3732,0.3641,0.3687,0.3681,0.02,NORMAL,0,0,Windows,malam
23:22:48.619,241.792,0.3732,0.3641,0.3687,0.3632,0.02,NORMAL,0,0,Windows,malam
23:22:48.651,241.824,0.3606,0.3641,0.3624,0.3697,0.02,NORMAL,0,0,Windows,malam
23:22:48.679,241.852,0.3584,0.3662,0.3623,0.3707,0.02,NORMAL,0,0,Windows,malam
23:22:48.715,241.888,0.3629,0.3565,0.3597,0.3725,0.02,NORMAL,0,0,Windows,malam
23:22:48.746,241.918,0.3629,0.3565,0.3597,0.3709,0.02,NORMAL,0,0,Windows,malam
23:22:48.776,241.949,0.3629,0.3565,0.3597,0.3686,0.02,NORMAL,0,0,Windows,malam
23:22:48.807,241.98,0.3629,0.3565,0.3597,0.3615,0.02,NORMAL,0,0,Windows,malam
23:22:48.841,242.014,0.3629,0.3565,0.3597,0.3615,0.02,NORMAL,0,0,Windows,malam
23:22:48.888,242.061,0.3629,0.3631,0.363,0.3534,0.02,NORMAL,0,0,Windows,malam
23:22:48.916,242.089,0.3641,0.3653,0.3647,0.36,0.02,NORMAL,0,0,Windows,malam
23:22:48.948,242.121,0.3641,0.3653,0.3647,0.3573,0.02,NORMAL,0,0,Windows,malam
23:22:48.983,242.155,0.3641,0.3619,0.363,0.3688,0.02,NORMAL,0,0,Windows,malam
23:22:49.011,242.183,0.3641,0.363,0.3636,0.3649,0.02,NORMAL,0,0,Windows,malam
23:22:49.040,242.213,0.3517,0.3734,0.3625,0.3649,0.02,NORMAL,0,0,Windows,malam
23:22:49.080,242.252,0.3517,0.3756,0.3637,0.3688,0.02,NORMAL,0,0,Windows,malam
23:22:49.104,242.277,0.3505,0.3663,0.3584,0.3707,0.02,NORMAL,0,0,Windows,malam
23:22:49.133,242.305,0.3753,0.3663,0.3708,0.3707,0.02,NORMAL,0,0,Windows,malam
23:22:49.175,242.348,0.3753,0.3785,0.3769,0.3691,0.02,NORMAL,0,0,Windows,malam
23:22:49.210,242.383,0.3753,0.3785,0.3769,0.3677,0.02,NORMAL,0,0,Windows,malam
23:22:49.241,242.414,0.3753,0.3785,0.3769,0.3676,0.02,NORMAL,0,0,Windows,malam
23:22:49.288,242.461,0.3753,0.3693,0.3723,0.3639,0.02,NORMAL,0,0,Windows,malam
23:22:49.320,242.493,0.3753,0.3684,0.3718,0.373,0.02,NORMAL,0,0,Windows,malam
23:22:49.352,242.525,0.3629,0.3684,0.3656,0.3665,0.02,NORMAL,0,0,Windows,malam
23:22:49.383,242.555,0.3629,0.3774,0.3701,0.3665,0.02,NORMAL,0,0,Windows,malam
23:22:49.415,242.588,0.3722,0.3795,0.3758,0.3593,0.02,NORMAL,0,0,Windows,malam
23:22:49.445,242.618,0.3722,0.3795,0.3758,0.3642,0.02,NORMAL,0,0,Windows,malam
23:22:49.479,242.652,0.3606,0.3774,0.369,0.3678,0.02,NORMAL,0,0,Windows,malam
23:22:49.507,242.68,0.3606,0.3774,0.369,0.3691,0.02,NORMAL,0,0,Windows,malam
23:22:49.540,242.713,0.3629,0.3774,0.3701,0.3691,0.02,NORMAL,0,0,Windows,malam
23:22:49.576,242.749,0.3629,0.3651,0.364,0.366,0.02,NORMAL,0,0,Windows,malam
23:22:49.603,242.776,0.3629,0.353,0.3579,0.3695,0.02,NORMAL,0,0,Windows,malam
23:22:49.635,242.808,0.3505,0.3619,0.3562,0.3712,0.02,NORMAL,0,0,Windows,malam
23:22:49.687,242.859,0.3517,0.354,0.3529,0.3684,0.02,NORMAL,0,0,Windows,malam
23:22:49.712,242.885,0.3606,0.3663,0.3635,0.3649,0.02,NORMAL,0,0,Windows,malam
23:22:49.744,242.917,0.3606,0.3663,0.3635,0.3686,0.02,NORMAL,0,0,Windows,malam
23:22:49.783,242.956,0.3629,0.354,0.3584,0.3731,0.02,NORMAL,0,0,Windows,malam
23:22:49.808,242.981,0.3641,0.3409,0.3525,0.3649,0.02,NORMAL,0,0,Windows,malam
23:22:49.837,243.01,0.3552,0.3562,0.3557,0.3649,0.02,NORMAL,0,0,Windows,malam
23:22:49.880,243.053,0.3495,0.3518,0.3506,0.3577,0.02,NORMAL,0,0,Windows,malam
23:22:49.901,243.074,0.3517,0.3518,0.3518,0.3571,0.02,NORMAL,0,0,Windows,malam
23:22:49.931,243.104,0.3517,0.3518,0.3518,0.3523,0.02,NORMAL,0,0,Windows,malam
23:22:49.978,243.151,0.3517,0.3575,0.3546,0.349,0.0133,NORMAL,0,0,Windows,malam
23:22:50.011,243.184,0.3641,0.3575,0.3608,0.3586,0.0067,NORMAL,0,0,Windows,malam
23:22:50.042,243.215,0.3641,0.3663,0.3652,0.3586,0.0,NORMAL,0,0,Windows,malam
23:22:50.089,243.262,0.3629,0.3663,0.3646,0.3684,0.0,NORMAL,0,0,Windows,malam
23:22:50.121,243.294,0.3629,0.3663,0.3646,0.3684,0.0,NORMAL,0,0,Windows,malam
23:22:50.151,243.324,0.3629,0.3575,0.3602,0.3658,0.0,NORMAL,0,0,Windows,malam
23:22:50.186,243.359,0.312,0.3198,0.3159,0.3576,0.0,NORMAL,0,0,Windows,malam
23:22:50.215,243.388,0.3094,0.3189,0.3142,0.3561,0.0,NORMAL,0,0,Windows,malam
23:22:50.247,243.42,0.3135,0.3068,0.3102,0.3615,0.0,NORMAL,0,0,Windows,malam
23:22:50.280,243.453,0.0802,0.0696,0.0749,0.3623,0.0067,NORMAL,1,0,Windows,malam
23:22:50.308,243.481,0.0601,0.0415,0.0508,0.3598,0.0133,NORMAL,2,0,Windows,malam
23:22:50.340,243.513,0.0504,0.0321,0.0413,0.3644,0.02,NORMAL,3,0,Windows,malam
23:22:50.392,243.565,0.2085,0.218,0.2133,0.3644,0.0267,NORMAL,4,0,Windows,malam
23:22:50.420,243.593,0.2547,0.2577,0.2562,0.3638,0.0267,NORMAL,0,0,Windows,malam
23:22:50.451,243.624,0.288,0.2863,0.2871,0.3655,0.0267,NORMAL,0,0,Windows,malam
23:22:50.488,243.661,0.3548,0.3395,0.3472,0.3737,0.0267,NORMAL,0,0,Windows,malam
23:22:50.512,243.685,0.3713,0.3418,0.3566,0.3738,0.0267,NORMAL,0,0,Windows,malam
23:22:50.543,243.716,0.3443,0.3683,0.3563,0.3721,0.0267,NORMAL,0,0,Windows,malam
23:22:50.582,243.755,0.3443,0.3552,0.3498,0.363,0.0267,NORMAL,0,0,Windows,malam
23:22:50.607,243.779,0.3505,0.3552,0.3528,0.363,0.0267,NORMAL,0,0,Windows,malam
23:22:50.638,243.811,0.355,0.3552,0.3551,0.363,0.0267,NORMAL,0,0,Windows,malam
23:22:50.682,243.855,0.3629,0.3653,0.3641,0.3626,0.0267,NORMAL,0,0,Windows,malam
23:22:50.717,243.889,0.3629,0.3564,0.3596,0.3699,0.0267,NORMAL,0,0,Windows,malam
23:22:50.746,243.919,0.3629,0.3585,0.3607,0.3699,0.0267,NORMAL,0,0,Windows,malam
23:22:50.792,243.964,0.3659,0.3585,0.3622,0.37,0.0267,NORMAL,0,0,Windows,malam
23:22:50.822,243.995,0.354,0.3585,0.3562,0.3628,0.0267,NORMAL,0,0,Windows,malam
23:22:50.856,244.028,0.354,0.3565,0.3552,0.3628,0.0267,NORMAL,0,0,Windows,malam
23:22:50.885,244.058,0.357,0.3565,0.3567,0.3645,0.0267,NORMAL,0,0,Windows,malam
23:22:50.917,244.089,0.3672,0.3585,0.3629,0.3645,0.0267,NORMAL,0,0,Windows,malam
23:22:50.949,244.122,0.3582,0.3585,0.3583,0.3702,0.0267,NORMAL,0,0,Windows,malam
23:22:50.984,244.157,0.3673,0.3564,0.3619,0.371,0.0267,NORMAL,0,0,Windows,malam
23:22:51.011,244.184,0.3661,0.3564,0.3612,0.3694,0.0267,NORMAL,0,0,Windows,malam
23:22:51.043,244.216,0.3661,0.3564,0.3612,0.369,0.0267,NORMAL,0,0,Windows,malam
23:22:51.080,244.253,0.3661,0.3564,0.3612,0.3764,0.0267,NORMAL,0,0,Windows,malam
23:22:51.108,244.281,0.3753,0.3564,0.3658,0.3691,0.0267,NORMAL,0,0,Windows,malam
23:22:51.138,244.311,0.3766,0.3564,0.3665,0.3655,0.0267,NORMAL,0,0,Windows,malam
23:22:51.192,244.365,0.3753,0.3693,0.3723,0.3639,0.0267,NORMAL,0,0,Windows,malam
23:22:51.214,244.387,0.3763,0.3565,0.3664,0.3661,0.0267,NORMAL,0,0,Windows,malam
23:22:51.247,244.42,0.373,0.3565,0.3648,0.3661,0.0267,NORMAL,0,0,Windows,malam
23:22:51.288,244.46,0.373,0.3651,0.3691,0.3611,0.0267,NORMAL,0,0,Windows,malam
23:22:51.312,244.485,0.3659,0.3651,0.3655,0.3702,0.0267,NORMAL,0,0,Windows,malam
23:22:51.339,244.512,0.3659,0.3774,0.3717,0.3684,0.0267,NORMAL,0,0,Windows,malam
23:22:51.384,244.557,0.3641,0.3774,0.3708,0.3627,0.0267,NORMAL,0,0,Windows,malam
23:22:51.416,244.589,0.3641,0.3774,0.3708,0.3721,0.0267,NORMAL,0,0,Windows,malam
23:22:51.450,244.623,0.3641,0.3562,0.3602,0.364,0.0267,NORMAL,0,0,Windows,malam
23:22:51.479,244.652,0.3744,0.3663,0.3704,0.3655,0.0267,NORMAL,0,0,Windows,malam
23:22:51.511,244.684,0.3736,0.3663,0.3699,0.3655,0.0267,NORMAL,0,0,Windows,malam
23:22:51.544,244.717,0.3608,0.3663,0.3636,0.3655,0.0267,NORMAL,0,0,Windows,malam
23:22:51.592,244.765,0.3608,0.3575,0.3591,0.3706,0.0267,NORMAL,0,0,Windows,malam
23:22:51.621,244.794,0.3641,0.3575,0.3608,0.3637,0.0267,NORMAL,0,0,Windows,malam
23:22:51.651,244.824,0.3766,0.3575,0.367,0.3621,0.0267,NORMAL,0,0,Windows,malam
23:22:51.692,244.864,0.3766,0.3544,0.3655,0.3693,0.0267,NORMAL,0,0,Windows,malam
23:22:51.715,244.888,0.3766,0.3565,0.3666,0.3656,0.0267,NORMAL,0,0,Windows,malam
23:22:51.746,244.919,0.3766,0.3564,0.3665,0.3683,0.0267,NORMAL,0,0,Windows,malam
23:22:51.785,244.958,0.3753,0.3564,0.3658,0.3681,0.0267,NORMAL,0,0,Windows,malam
23:22:51.809,244.982,0.3753,0.3684,0.3718,0.3699,0.0267,NORMAL,0,0,Windows,malam
23:22:51.841,245.014,0.3753,0.3704,0.3728,0.3625,0.0267,NORMAL,0,0,Windows,malam
23:22:51.879,245.052,0.3641,0.3585,0.3613,0.3681,0.0267,NORMAL,0,0,Windows,malam
23:22:51.904,245.076,0.3517,0.3664,0.3591,0.3693,0.0267,NORMAL,0,0,Windows,malam
23:22:51.935,245.108,0.3732,0.3695,0.3713,0.3708,0.0267,NORMAL,0,0,Windows,malam
23:22:51.995,245.168,0.3732,0.3578,0.3655,0.377,0.0267,NORMAL,0,0,Windows,malam
23:22:52.026,245.199,0.3753,0.3578,0.3665,0.3691,0.0267,NORMAL,0,0,Windows,malam
23:22:52.060,245.233,0.3753,0.3578,0.3665,0.3766,0.0267,NORMAL,0,0,Windows,malam
23:22:52.086,245.259,0.3753,0.3461,0.3607,0.3684,0.0267,NORMAL,0,0,Windows,malam
23:22:52.122,245.295,0.3753,0.3461,0.3607,0.3686,0.0267,NORMAL,0,0,Windows,malam
23:22:52.153,245.326,0.3753,0.3461,0.3607,0.3686,0.0267,NORMAL,0,0,Windows,malam
23:22:52.183,245.356,0.3762,0.3672,0.3717,0.3741,0.0267,NORMAL,0,0,Windows,malam
23:22:52.213,245.386,0.3782,0.3684,0.3733,0.3725,0.0267,NORMAL,0,0,Windows,malam
23:22:52.246,245.419,0.3917,0.3801,0.3859,0.3725,0.0267,NORMAL,0,0,Windows,malam
23:22:52.285,245.457,0.3673,0.3904,0.3789,0.3664,0.0267,NORMAL,0,0,Windows,malam
23:22:52.321,245.494,0.3661,0.391,0.3785,0.3624,0.0267,NORMAL,0,0,Windows,malam
23:22:52.356,245.529,0.3753,0.3672,0.3712,0.3574,0.0267,NORMAL,0,0,Windows,malam
23:22:52.392,245.565,0.3753,0.3554,0.3653,0.3663,0.0267,NORMAL,0,0,Windows,malam
23:22:52.417,245.59,0.3753,0.3554,0.3653,0.3705,0.0267,NORMAL,0,0,Windows,malam
23:22:52.450,245.623,0.3753,0.3653,0.3703,0.367,0.0267,NORMAL,0,0,Windows,malam
23:22:52.488,245.661,0.3661,0.3619,0.364,0.3613,0.0267,NORMAL,0,0,Windows,malam
23:22:52.511,245.684,0.3753,0.3619,0.3686,0.3649,0.0267,NORMAL,0,0,Windows,malam
23:22:52.543,245.716,0.3753,0.3544,0.3648,0.3625,0.0267,NORMAL,0,0,Windows,malam
23:22:52.588,245.761,0.3753,0.3544,0.3648,0.3706,0.0267,NORMAL,0,0,Windows,malam
23:22:52.621,245.794,0.3753,0.3544,0.3648,0.3656,0.0267,NORMAL,0,0,Windows,malam
23:22:52.651,245.824,0.3753,0.3544,0.3648,0.3706,0.0267,NORMAL,0,0,Windows,malam
23:22:52.696,245.869,0.3753,0.3653,0.3703,0.371,0.0267,NORMAL,0,0,Windows,malam
23:22:52.746,245.919,0.3753,0.353,0.3641,0.3759,0.0267,NORMAL,0,0,Windows,malam
23:22:52.776,245.948,0.3629,0.3552,0.359,0.3701,0.0267,NORMAL,0,0,Windows,malam
23:22:52.807,245.98,0.354,0.3565,0.3552,0.3612,0.0267,NORMAL,0,0,Windows,malam
23:22:52.837,246.009,0.354,0.3564,0.3552,0.3566,0.0267,NORMAL,0,0,Windows,malam
23:22:52.868,246.041,0.354,0.3564,0.3552,0.3607,0.0267,NORMAL,0,0,Windows,malam
23:22:52.900,246.073,0.354,0.3564,0.3552,0.3608,0.0267,NORMAL,0,0,Windows,malam
23:22:52.932,246.105,0.354,0.3585,0.3562,0.3608,0.0267,NORMAL,0,0,Windows,malam
23:22:52.963,246.136,0.3552,0.3466,0.3509,0.3702,0.0267,NORMAL,0,0,Windows,malam
23:22:52.995,246.168,0.3641,0.3481,0.3561,0.3625,0.0267,NORMAL,0,0,Windows,malam
23:22:53.026,246.198,0.3766,0.3575,0.367,0.368,0.0267,NORMAL,0,0,Windows,malam
23:22:53.058,246.231,0.3766,0.3575,0.367,0.3727,0.0267,NORMAL,0,0,Windows,malam
23:22:53.095,246.268,0.3919,0.3684,0.3802,0.3686,0.0267,NORMAL,0,0,Windows,malam
23:22:53.118,246.291,0.387,0.3684,0.3777,0.3651,0.0267,NORMAL,0,0,Windows,malam
23:22:53.148,246.321,0.389,0.3684,0.3787,0.3681,0.0267,NORMAL,0,0,Windows,malam
23:22:53.191,246.364,0.4015,0.3684,0.3849,0.3627,0.0267,NORMAL,0,0,Windows,malam
23:22:53.226,246.399,0.4015,0.3684,0.3849,0.3712,0.0267,NORMAL,0,0,Windows,malam
23:22:53.258,246.431,0.4015,0.3704,0.3859,0.3674,0.0267,NORMAL,0,0,Windows,malam
23:22:53.287,246.459,0.4015,0.3704,0.3859,0.363,0.0267,NORMAL,0,0,Windows,malam
23:22:53.321,246.493,0.4015,0.3704,0.3859,0.3675,0.0267,NORMAL,0,0,Windows,malam
23:22:53.353,246.525,0.4015,0.3704,0.3859,0.3599,0.0267,NORMAL,0,0,Windows,malam
23:22:53.383,246.556,0.389,0.3552,0.3721,0.3683,0.0267,NORMAL,0,0,Windows,malam
23:22:53.416,246.589,0.389,0.3554,0.3722,0.3655,0.0267,NORMAL,0,0,Windows,malam
23:22:53.448,246.621,0.389,0.3554,0.3722,0.3655,0.0267,NORMAL,0,0,Windows,malam
23:22:53.496,246.668,0.3766,0.3641,0.3703,0.3682,0.0267,NORMAL,0,0,Windows,malam
23:22:53.526,246.699,0.3766,0.3619,0.3692,0.3708,0.0267,NORMAL,0,0,Windows,malam
23:22:53.556,246.728,0.3766,0.3631,0.3699,0.3708,0.0267,NORMAL,0,0,Windows,malam
23:22:53.591,246.764,0.3766,0.3741,0.3754,0.3768,0.0267,NORMAL,0,0,Windows,malam
23:22:53.635,246.808,0.3766,0.3754,0.376,0.3768,0.0267,NORMAL,0,0,Windows,malam
23:22:53.668,246.841,0.3777,0.3754,0.3765,0.3775,0.0267,NORMAL,0,0,Windows,malam
23:22:53.699,246.872,0.3552,0.3628,0.359,0.3823,0.0267,NORMAL,0,0,Windows,malam
23:22:53.731,246.904,0.3431,0.3641,0.3536,0.3823,0.0267,NORMAL,0,0,Windows,malam
23:22:53.763,246.936,0.3552,0.3653,0.3602,0.3759,0.0267,NORMAL,0,0,Windows,malam
23:22:53.793,246.966,0.3641,0.3508,0.3575,0.367,0.0267,NORMAL,0,0,Windows,malam
23:22:53.826,246.999,0.3517,0.3754,0.3636,0.3695,0.0267,NORMAL,0,0,Windows,malam
23:22:53.854,247.027,0.3641,0.3631,0.3636,0.3698,0.0267,NORMAL,0,0,Windows,malam
23:22:53.895,247.068,0.3641,0.3741,0.3691,0.3702,0.0267,NORMAL,0,0,Windows,malam
23:22:53.916,247.089,0.3641,0.3413,0.3527,0.3692,0.0267,NORMAL,0,0,Windows,malam
23:22:53.951,247.124,0.3641,0.3664,0.3653,0.3649,0.0267,NORMAL,0,0,Windows,malam
23:22:53.991,247.164,0.3641,0.3544,0.3593,0.3643,0.0267,NORMAL,0,0,Windows,malam
23:22:54.011,247.184,0.3641,0.3774,0.3708,0.3742,0.0267,NORMAL,0,0,Windows,malam
23:22:54.045,247.218,0.3619,0.3774,0.3697,0.3796,0.0267,NORMAL,0,0,Windows,malam
23:22:54.091,247.264,0.3629,0.3567,0.3598,0.403,0.0267,NORMAL,0,0,Windows,malam
23:22:54.124,247.296,0.3631,0.3772,0.3701,0.4058,0.0267,NORMAL,0,0,Windows,malam
23:22:54.154,247.327,0.3639,0.3865,0.3752,0.3987,0.0267,NORMAL,0,0,Windows,malam
23:22:54.186,247.359,0.3386,0.3652,0.3519,0.405,0.0267,NORMAL,0,0,Windows,malam
23:22:54.217,247.39,0.3518,0.3652,0.3585,0.3989,0.0267,NORMAL,0,0,Windows,malam
23:22:54.250,247.423,0.354,0.364,0.359,0.3997,0.0267,NORMAL,0,0,Windows,malam
23:22:54.296,247.469,0.3766,0.3586,0.3676,0.3766,0.0267,NORMAL,0,0,Windows,malam
23:22:54.329,247.502,0.3766,0.3801,0.3783,0.3799,0.0267,NORMAL,0,0,Windows,malam
23:22:54.359,247.532,0.3877,0.3801,0.3839,0.378,0.0267,NORMAL,0,0,Windows,malam
23:22:54.390,247.562,0.3826,0.3573,0.3699,0.3769,0.0267,NORMAL,0,0,Windows,malam
23:22:54.423,247.596,0.3753,0.3819,0.3786,0.3739,0.0267,NORMAL,0,0,Windows,malam
23:22:54.455,247.628,0.3877,0.3554,0.3715,0.3788,0.0267,NORMAL,0,0,Windows,malam
23:22:54.488,247.661,0.4001,0.3573,0.3787,0.3704,0.0267,NORMAL,0,0,Windows,malam
23:22:54.517,247.69,0.3916,0.3921,0.3918,0.3656,0.0267,NORMAL,0,0,Windows,malam
23:22:54.549,247.721,0.3916,0.3904,0.391,0.3648,0.0267,NORMAL,0,0,Windows,malam
23:22:54.600,247.772,0.357,0.3567,0.3568,0.3621,0.0267,NORMAL,0,0,Windows,malam
23:22:54.628,247.8,0.3795,0.3554,0.3674,0.3706,0.0267,NORMAL,0,0,Windows,malam
23:22:54.659,247.832,0.3905,0.367,0.3788,0.3585,0.0267,NORMAL,0,0,Windows,malam
23:22:54.694,247.867,0.3782,0.3554,0.3668,0.3668,0.0267,NORMAL,0,0,Windows,malam
23:22:54.720,247.893,0.3767,0.3757,0.3762,0.3714,0.0267,NORMAL,0,0,Windows,malam
23:22:54.751,247.924,0.3747,0.3877,0.3812,0.3736,0.0267,NORMAL,0,0,Windows,malam
23:22:54.791,247.964,0.3782,0.3757,0.377,0.3687,0.0267,NORMAL,0,0,Windows,malam
23:22:54.814,247.987,0.3861,0.3805,0.3833,0.3683,0.0267,NORMAL,0,0,Windows,malam
23:22:54.847,248.02,0.3767,0.3787,0.3777,0.3673,0.0267,NORMAL,0,0,Windows,malam
23:22:54.888,248.061,0.3903,0.3787,0.3845,0.3673,0.0267,NORMAL,0,0,Windows,malam
23:22:54.924,248.096,0.3914,0.367,0.3792,0.371,0.0267,NORMAL,0,0,Windows,malam
23:22:54.955,248.128,0.3897,0.3877,0.3887,0.3669,0.0267,NORMAL,0,0,Windows,malam
23:22:55.001,248.173,0.4009,0.3877,0.3943,0.3729,0.0267,NORMAL,0,0,Windows,malam
23:22:55.031,248.204,0.3914,0.3771,0.3843,0.3766,0.0267,NORMAL,0,0,Windows,malam
23:22:55.063,248.236,0.3914,0.3904,0.3909,0.3863,0.0267,NORMAL,0,0,Windows,malam
23:22:55.096,248.269,0.4108,0.3877,0.3993,0.3825,0.0267,NORMAL,0,0,Windows,malam
23:22:55.128,248.301,0.3972,0.3895,0.3934,0.3835,0.0267,NORMAL,0,0,Windows,malam
23:22:55.156,248.329,0.4093,0.399,0.4042,0.3776,0.0267,NORMAL,0,0,Windows,malam
23:22:55.191,248.364,0.4009,0.4115,0.4062,0.3862,0.0267,NORMAL,0,0,Windows,malam
23:22:55.219,248.392,0.4233,0.3895,0.4064,0.3768,0.0267,NORMAL,0,0,Windows,malam
23:22:55.251,248.424,0.4108,0.4006,0.4057,0.3817,0.0267,NORMAL,0,0,Windows,malam
23:22:55.289,248.462,0.4126,0.4009,0.4067,0.3731,0.02,NORMAL,0,0,Windows,malam
23:22:55.312,248.485,0.3861,0.4006,0.3933,0.3747,0.0133,NORMAL,0,0,Windows,malam
23:22:55.346,248.519,0.4001,0.3888,0.3945,0.3805,0.0067,NORMAL,0,0,Windows,malam
23:22:55.400,248.572,0.3985,0.4006,0.3995,0.3844,0.0,NORMAL,0,0,Windows,malam
23:22:55.424,248.597,0.4126,0.4109,0.4117,0.3775,0.0,NORMAL,0,0,Windows,malam
23:22:55.456,248.629,0.4126,0.4128,0.4127,0.3754,0.0,NORMAL,0,0,Windows,malam
23:22:55.496,248.669,0.425,0.4142,0.4196,0.3818,0.0,NORMAL,0,0,Windows,malam
23:22:55.519,248.692,0.4015,0.4264,0.414,0.3807,0.0,NORMAL,0,0,Windows,malam
23:22:55.551,248.723,0.414,0.4264,0.4202,0.3711,0.0,NORMAL,0,0,Windows,malam
23:22:55.591,248.764,0.414,0.4204,0.4172,0.3774,0.0,NORMAL,0,0,Windows,malam
23:22:55.614,248.787,0.4015,0.4086,0.4051,0.3737,0.0,NORMAL,0,0,Windows,malam
23:22:55.645,248.818,0.4015,0.4097,0.4056,0.3706,0.0,NORMAL,0,0,Windows,malam
23:22:55.686,248.859,0.414,0.4142,0.4141,0.3681,0.0,NORMAL,0,0,Windows,malam
23:22:55.706,248.879,0.3753,0.3941,0.3847,0.363,0.0,NORMAL,0,0,Windows,malam
23:22:55.737,248.91,0.3753,0.3858,0.3806,0.3581,0.0,NORMAL,0,0,Windows,malam
23:22:55.800,248.973,0.3753,0.3917,0.3835,0.3757,0.0,NORMAL,0,0,Windows,malam
23:22:55.830,249.003,0.3766,0.3795,0.378,0.3673,0.0,NORMAL,0,0,Windows,malam
23:22:55.861,249.033,0.3736,0.3795,0.3765,0.3639,0.0,NORMAL,0,0,Windows,malam
23:22:55.895,249.068,0.4119,0.3927,0.4023,0.3721,0.0,NORMAL,0,0,Windows,malam
23:22:55.924,249.097,0.3854,0.4027,0.394,0.3843,0.0,NORMAL,0,0,Windows,malam
23:22:55.955,249.127,0.3854,0.3891,0.3873,0.3843,0.0,NORMAL,0,0,Windows,malam
23:22:55.992,249.165,0.3747,0.3785,0.3766,0.3796,0.0,NORMAL,0,0,Windows,malam
23:22:56.018,249.191,0.3596,0.3756,0.3676,0.3836,0.0,NORMAL,0,0,Windows,malam
23:22:56.049,249.221,0.3716,0.363,0.3673,0.3763,0.0,NORMAL,0,0,Windows,malam
23:22:56.088,249.261,0.3716,0.3756,0.3736,0.3742,0.0,NORMAL,0,0,Windows,malam
23:22:56.113,249.286,0.3716,0.3745,0.3731,0.3742,0.0,NORMAL,0,0,Windows,malam
23:22:56.145,249.317,0.3693,0.3745,0.3719,0.3742,0.0,NORMAL,0,0,Windows,malam
23:22:56.204,249.377,0.3835,0.3756,0.3796,0.3781,0.0,NORMAL,0,0,Windows,malam
23:22:56.238,249.411,0.3704,0.3756,0.373,0.3829,0.0,NORMAL,0,0,Windows,malam
23:22:56.269,249.441,0.382,0.363,0.3725,0.3835,0.0,NORMAL,0,0,Windows,malam
23:22:56.301,249.474,0.3681,0.363,0.3655,0.3768,0.0,NORMAL,0,0,Windows,malam
23:22:56.331,249.504,0.3811,0.3787,0.3799,0.3716,0.0,NORMAL,0,0,Windows,malam
23:22:56.363,249.536,0.3944,0.391,0.3927,0.3788,0.0,NORMAL,0,0,Windows,malam
23:22:56.391,249.564,0.4075,0.387,0.3972,0.3687,0.0,NORMAL,0,0,Windows,malam
23:22:56.425,249.598,0.3944,0.3785,0.3864,0.3723,0.0,NORMAL,0,0,Windows,malam
23:22:56.457,249.63,0.3957,0.3527,0.3742,0.377,0.0,NORMAL,0,0,Windows,malam
23:22:56.488,249.661,0.3854,0.354,0.3697,0.38,0.0,NORMAL,0,0,Windows,malam
23:22:56.518,249.691,0.3736,0.3548,0.3642,0.3787,0.0,NORMAL,0,0,Windows,malam
23:22:56.551,249.724,0.3517,0.3548,0.3532,0.3769,0.0,NORMAL,0,0,Windows,malam
23:22:56.598,249.771,0.3736,0.354,0.3638,0.3815,0.0,NORMAL,0,0,Windows,malam
23:22:56.628,249.8,0.3736,0.3663,0.3699,0.3747,0.0,NORMAL,0,0,Windows,malam
23:22:56.661,249.834,0.3736,0.3663,0.3699,0.3801,0.0,NORMAL,0,0,Windows,malam
23:22:56.695,249.868,0.369,0.3663,0.3676,0.3784,0.0,NORMAL,0,0,Windows,malam
23:22:56.723,249.896,0.369,0.3663,0.3676,0.3761,0.0,NORMAL,0,0,Windows,malam
23:22:56.755,249.928,0.369,0.3663,0.3676,0.381,0.0,NORMAL,0,0,Windows,malam
23:22:56.792,249.965,0.369,0.3663,0.3676,0.3864,0.0,NORMAL,0,0,Windows,malam
23:22:56.817,249.99,0.3713,0.3663,0.3688,0.3805,0.0,NORMAL,0,0,Windows,malam
23:22:56.850,250.023,0.3713,0.3663,0.3688,0.3831,0.0,NORMAL,0,0,Windows,malam
23:22:56.903,250.076,0.3736,0.3575,0.3655,0.3797,0.0,NORMAL,0,0,Windows,malam
23:22:56.928,250.101,0.3736,0.3575,0.3655,0.3816,0.0,NORMAL,0,0,Windows,malam
23:22:56.959,250.132,0.3641,0.3575,0.3608,0.3768,0.0,NORMAL,0,0,Windows,malam
23:22:56.998,250.171,0.3641,0.3553,0.3597,0.372,0.0,NORMAL,0,0,Windows,malam
23:22:57.021,250.194,0.3641,0.3553,0.3597,0.372,0.0,NORMAL,0,0,Windows,malam
23:22:57.055,250.227,0.3736,0.3734,0.3735,0.3693,0.0,NORMAL,0,0,Windows,malam
23:22:57.095,250.268,0.3828,0.3663,0.3745,0.3727,0.0,NORMAL,0,0,Windows,malam
23:22:57.115,250.288,0.3828,0.3663,0.3745,0.3746,0.0,NORMAL,0,0,Windows,malam
23:22:57.146,250.319,0.3928,0.3785,0.3857,0.3765,0.0,NORMAL,0,0,Windows,malam
23:22:57.191,250.364,0.3849,0.3787,0.3818,0.3789,0.0,NORMAL,0,0,Windows,malam
23:22:57.225,250.398,0.3828,0.3663,0.3745,0.3822,0.0,NORMAL,0,0,Windows,malam
23:22:57.256,250.429,0.3828,0.3663,0.3745,0.3848,0.0,NORMAL,0,0,Windows,malam
23:22:57.302,250.475,0.3828,0.3663,0.3745,0.3845,0.0,NORMAL,0,0,Windows,malam
23:22:57.335,250.508,0.3842,0.3881,0.3861,0.3819,0.0,NORMAL,0,0,Windows,malam
23:22:57.368,250.54,0.3745,0.3881,0.3813,0.3868,0.0,NORMAL,0,0,Windows,malam
23:22:57.399,250.572,0.3641,0.3663,0.3652,0.3743,0.0,NORMAL,0,0,Windows,malam
23:22:57.429,250.602,0.3641,0.3418,0.353,0.3713,0.0,NORMAL,0,0,Windows,malam
23:22:57.461,250.634,0.3736,0.354,0.3638,0.3764,0.0,NORMAL,0,0,Windows,malam
23:22:57.495,250.668,0.3608,0.3418,0.3513,0.3764,0.0,NORMAL,0,0,Windows,malam
23:22:57.522,250.695,0.3608,0.3418,0.3513,0.373,0.0,NORMAL,0,0,Windows,malam
23:22:57.555,250.728,0.3608,0.3418,0.3513,0.3755,0.0,NORMAL,0,0,Windows,malam
23:22:57.591,250.764,0.3608,0.3418,0.3513,0.3717,0.0,NORMAL,0,0,Windows,malam
23:22:57.616,250.789,0.3608,0.3418,0.3513,0.366,0.0,NORMAL,0,0,Windows,malam
23:22:57.650,250.823,0.3608,0.3505,0.3557,0.3675,0.0,NORMAL,0,0,Windows,malam
23:22:57.707,250.88,0.3608,0.3619,0.3614,0.386,0.0,NORMAL,0,0,Windows,malam
23:22:57.741,250.913,0.3608,0.3597,0.3603,0.3856,0.0,NORMAL,0,0,Windows,malam
23:22:57.771,250.944,0.3608,0.3619,0.3614,0.3812,0.0,NORMAL,0,0,Windows,malam
23:22:57.802,250.975,0.3608,0.3619,0.3614,0.3757,0.0,NORMAL,0,0,Windows,malam
23:22:57.833,251.006,0.3517,0.3619,0.3568,0.376,0.0,NORMAL,0,0,Windows,malam
23:22:57.866,251.039,0.3736,0.3619,0.3678,0.3793,0.0,NORMAL,0,0,Windows,malam
23:22:57.896,251.069,0.3608,0.3766,0.3687,0.3808,0.0,NORMAL,0,0,Windows,malam
23:22:57.927,251.1,0.3608,0.3766,0.3687,0.3827,0.0,NORMAL,0,0,Windows,malam
23:22:57.961,251.133,0.3585,0.3777,0.3681,0.3798,0.0,NORMAL,0,0,Windows,malam
23:22:57.991,251.164,0.3713,0.3662,0.3687,0.3785,0.0,NORMAL,0,0,Windows,malam
23:22:58.021,251.194,0.3713,0.3651,0.3682,0.3768,0.0,NORMAL,0,0,Windows,malam
23:22:58.051,251.224,0.3724,0.3651,0.3688,0.3803,0.0,NORMAL,0,0,Windows,malam
23:22:58.104,251.277,0.3736,0.3734,0.3735,0.3914,0.0,NORMAL,0,0,Windows,malam
23:22:58.132,251.305,0.3641,0.3756,0.3699,0.3975,0.0,NORMAL,0,0,Windows,malam
23:22:58.162,251.335,0.3517,0.3756,0.3637,0.4049,0.0,NORMAL,0,0,Windows,malam
23:22:58.199,251.371,0.3517,0.3756,0.3637,0.3906,0.0,NORMAL,0,0,Windows,malam
23:22:58.222,251.395,0.3517,0.3552,0.3535,0.3902,0.0,NORMAL,0,0,Windows,malam
23:22:58.257,251.429,0.3393,0.3673,0.3533,0.3902,0.0,NORMAL,0,0,Windows,malam
23:22:58.296,251.469,0.3517,0.3673,0.3595,0.4041,0.0,NORMAL,0,0,Windows,malam
23:22:58.333,251.506,0.3608,0.3673,0.3641,0.3936,0.0,NORMAL,0,0,Windows,malam
23:22:58.365,251.538,0.3608,0.3683,0.3646,0.3928,0.0,NORMAL,0,0,Windows,malam
23:22:58.396,251.569,0.3393,0.344,0.3417,0.3971,0.0,NORMAL,0,0,Windows,malam
23:22:58.427,251.6,0.3393,0.3641,0.3517,0.3946,0.0,NORMAL,0,0,Windows,malam
23:22:58.459,251.632,0.3393,0.3641,0.3517,0.3917,0.0,NORMAL,0,0,Windows,malam
23:22:58.504,251.677,0.3393,0.3641,0.3517,0.3967,0.0,NORMAL,0,0,Windows,malam
23:22:58.537,251.71,0.3481,0.3641,0.3561,0.3902,0.0,NORMAL,0,0,Windows,malam
23:22:58.568,251.741,0.3481,0.3641,0.3561,0.3971,0.0,NORMAL,0,0,Windows,malam
23:22:58.598,251.771,0.3608,0.3641,0.3625,0.3955,0.0,NORMAL,0,0,Windows,malam
23:22:58.628,251.801,0.3608,0.3875,0.3742,0.3901,0.0,NORMAL,0,0,Windows,malam
23:22:58.661,251.833,0.3608,0.3895,0.3752,0.3901,0.0,NORMAL,0,0,Windows,malam
23:22:58.696,251.869,0.3401,0.3672,0.3537,0.416,0.0,NORMAL,0,0,Windows,malam
23:22:58.725,251.898,0.3561,0.3672,0.3616,0.4201,0.0,NORMAL,0,0,Windows,malam
23:22:58.756,251.928,0.3592,0.3672,0.3632,0.4092,0.0,NORMAL,0,0,Windows,malam
23:22:58.794,251.967,0.391,0.3856,0.3883,0.4012,0.0,NORMAL,0,0,Windows,malam
23:22:58.817,251.99,0.3893,0.3762,0.3827,0.398,0.0,NORMAL,0,0,Windows,malam
23:22:58.848,252.021,0.395,0.3762,0.3856,0.3894,0.0,NORMAL,0,0,Windows,malam
23:22:58.903,252.076,0.3642,0.3741,0.3692,0.3835,0.0,NORMAL,0,0,Windows,malam
23:22:58.926,252.099,0.3674,0.3496,0.3585,0.3845,0.0,NORMAL,0,0,Windows,malam
23:22:58.958,252.131,0.3674,0.3496,0.3585,0.3858,0.0,NORMAL,0,0,Windows,malam
23:22:58.999,252.172,0.3549,0.3619,0.3584,0.3793,0.0,NORMAL,0,0,Windows,malam
23:22:59.021,252.194,0.364,0.3619,0.3629,0.3846,0.0,NORMAL,0,0,Windows,malam
23:22:59.053,252.226,0.355,0.3619,0.3585,0.3833,0.0,NORMAL,0,0,Windows,malam
23:22:59.097,252.27,0.3641,0.3727,0.3684,0.3951,0.0,NORMAL,0,0,Windows,malam
23:22:59.132,252.305,0.3766,0.3849,0.3807,0.387,0.0,NORMAL,0,0,Windows,malam
23:22:59.164,252.336,0.3766,0.3727,0.3746,0.4015,0.0,NORMAL,0,0,Windows,malam
23:22:59.207,252.38,0.3797,0.3646,0.3722,0.4039,0.0,NORMAL,0,0,Windows,malam
23:22:59.241,252.414,0.3517,0.3606,0.3562,0.4057,0.0,NORMAL,0,0,Windows,malam
23:22:59.270,252.443,0.3517,0.3619,0.3568,0.4114,0.0,NORMAL,0,0,Windows,malam
23:22:59.303,252.476,0.3505,0.3508,0.3507,0.3878,0.0,NORMAL,0,0,Windows,malam
23:22:59.334,252.507,0.3174,0.3184,0.3179,0.3859,0.0,NORMAL,0,0,Windows,malam
23:22:59.365,252.538,0.3149,0.3263,0.3206,0.3881,0.0,NORMAL,0,0,Windows,malam
23:22:59.398,252.571,0.3405,0.3651,0.3528,0.406,0.0,NORMAL,0,0,Windows,malam
23:22:59.427,252.6,0.3665,0.3917,0.3791,0.3946,0.0,NORMAL,0,0,Windows,malam
23:22:59.460,252.633,0.3653,0.3917,0.3785,0.3945,0.0,NORMAL,0,0,Windows,malam
23:22:59.495,252.668,0.3806,0.4038,0.3922,0.4035,0.0,NORMAL,0,0,Windows,malam
23:22:59.521,252.694,0.3897,0.4227,0.4062,0.4053,0.0,NORMAL,0,0,Windows,malam
23:22:59.551,252.724,0.3897,0.4141,0.4019,0.3921,0.0,NORMAL,0,0,Windows,malam
23:22:59.606,252.779,0.3913,0.4123,0.4018,0.4022,0.0,NORMAL,0,0,Windows,malam
23:22:59.628,252.801,0.3814,0.4227,0.402,0.3988,0.0,NORMAL,0,0,Windows,malam
23:22:59.661,252.834,0.3776,0.4121,0.3948,0.3945,0.0,NORMAL,0,0,Windows,malam
23:22:59.709,252.881,0.3804,0.4,0.3902,0.3917,0.0,NORMAL,0,0,Windows,malam
23:22:59.739,252.911,0.3783,0.4024,0.3903,0.3852,0.0,NORMAL,0,0,Windows,malam
23:22:59.769,252.942,0.3794,0.4123,0.3958,0.393,0.0,NORMAL,0,0,Windows,malam
23:22:59.800,252.973,0.2506,0.2282,0.2394,0.3961,0.0067,NORMAL,1,0,Windows,malam
23:22:59.833,253.006,0.1886,0.2112,0.1999,0.3997,0.0133,NORMAL,2,0,Windows,malam
23:22:59.861,253.034,0.1728,0.194,0.1834,0.3938,0.02,NORMAL,3,0,Windows,malam
23:22:59.897,253.07,0.2153,0.2236,0.2195,0.4091,0.0267,NORMAL,4,0,Windows,malam
23:22:59.923,253.096,0.2326,0.262,0.2473,0.4044,0.0333,NORMAL,5,0,Windows,malam
23:22:59.957,253.13,0.2491,0.2551,0.2521,0.4077,0.0333,NORMAL,0,0,Windows,malam
23:23:00.007,253.18,0.2684,0.2858,0.2771,0.3961,0.0333,NORMAL,0,0,Windows,malam
23:23:00.032,253.205,0.2912,0.3103,0.3008,0.3927,0.0333,NORMAL,0,0,Windows,malam
23:23:00.064,253.237,0.2942,0.3229,0.3085,0.397,0.0333,NORMAL,0,0,Windows,malam
23:23:00.103,253.276,0.3429,0.3723,0.3576,0.3947,0.0333,NORMAL,0,0,Windows,malam
23:23:00.143,253.316,0.3548,0.3583,0.3566,0.3939,0.0333,NORMAL,0,0,Windows,malam
23:23:00.173,253.346,0.3523,0.3597,0.356,0.395,0.0333,NORMAL,0,0,Windows,malam
23:23:00.205,253.378,0.3679,0.3583,0.3631,0.386,0.0333,NORMAL,0,0,Windows,malam
23:23:00.236,253.409,0.3584,0.3583,0.3583,0.3919,0.0333,NORMAL,0,0,Windows,malam
23:23:00.266,253.439,0.3456,0.3597,0.3527,0.3957,0.0333,NORMAL,0,0,Windows,malam
23:23:00.295,253.468,0.3704,0.3597,0.365,0.3978,0.0333,NORMAL,0,0,Windows,malam
23:23:00.315,253.488,0.3681,0.3619,0.365,0.3899,0.0333,NORMAL,0,0,Windows,malam
23:23:00.348,253.52,0.3585,0.3619,0.3602,0.3899,0.0333,NORMAL,0,0,Windows,malam
23:23:00.377,253.55,0.3585,0.3619,0.3602,0.3899,0.0333,NORMAL,0,0,Windows,malam
23:23:00.413,253.586,0.3481,0.3619,0.355,0.3868,0.0333,NORMAL,0,0,Windows,malam
23:23:00.442,253.614,0.3619,0.3619,0.3619,0.384,0.0333,NORMAL,0,0,Windows,malam
23:23:00.503,253.676,0.3716,0.3619,0.3668,0.384,0.0333,NORMAL,0,0,Windows,malam
23:23:00.536,253.708,0.3847,0.3849,0.3848,0.3801,0.0333,NORMAL,0,0,Windows,malam
23:23:00.566,253.739,0.3847,0.3849,0.3848,0.3817,0.0333,NORMAL,0,0,Windows,malam
23:23:00.599,253.772,0.3693,0.3597,0.3645,0.3852,0.0333,NORMAL,0,0,Windows,malam
23:23:00.629,253.802,0.3716,0.3724,0.372,0.3847,0.0333,NORMAL,0,0,Windows,malam
23:23:00.661,253.834,0.3716,0.3724,0.372,0.3806,0.0333,NORMAL,0,0,Windows,malam
23:23:00.696,253.869,0.3619,0.363,0.3625,0.3788,0.0333,NORMAL,0,0,Windows,malam
23:23:00.722,253.895,0.3619,0.3607,0.3613,0.3744,0.0333,NORMAL,0,0,Windows,malam
23:23:00.753,253.926,0.3653,0.363,0.3642,0.3825,0.0333,NORMAL,0,0,Windows,malam
23:23:00.783,253.956,0.3619,0.363,0.3625,0.3853,0.0333,NORMAL,0,0,Windows,malam
23:23:00.816,253.988,0.3596,0.354,0.3568,0.3826,0.0333,NORMAL,0,0,Windows,malam
23:23:00.845,254.018,0.3716,0.363,0.3673,0.3943,0.0333,NORMAL,0,0,Windows,malam
23:23:00.902,254.075,0.3619,0.3619,0.3619,0.397,0.0333,NORMAL,0,0,Windows,malam
23:23:00.923,254.096,0.3619,0.3619,0.3619,0.3897,0.0333,NORMAL,0,0,Windows,malam
23:23:00.955,254.128,0.3492,0.3471,0.3481,0.3845,0.0333,NORMAL,0,0,Windows,malam
23:23:01.000,254.173,0.3619,0.3471,0.3545,0.3887,0.0333,NORMAL,0,0,Windows,malam
23:23:01.036,254.209,0.3584,0.3597,0.359,0.3887,0.0333,NORMAL,0,0,Windows,malam
23:23:01.066,254.239,0.3584,0.3597,0.359,0.3999,0.0333,NORMAL,0,0,Windows,malam
23:23:01.095,254.268,0.3713,0.3723,0.3718,0.3783,0.0333,NORMAL,0,0,Windows,malam
23:23:01.129,254.302,0.3863,0.3653,0.3758,0.3766,0.0333,NORMAL,0,0,Windows,malam
23:23:01.161,254.334,0.3736,0.353,0.3633,0.3748,0.0333,NORMAL,0,0,Windows,malam
23:23:01.193,254.366,0.3736,0.3552,0.3644,0.3783,0.0333,NORMAL,0,0,Windows,malam
23:23:01.226,254.399,0.3736,0.3552,0.3644,0.3794,0.0333,NORMAL,0,0,Windows,malam
23:23:01.255,254.427,0.3736,0.3552,0.3644,0.3863,0.0333,NORMAL,0,0,Windows,malam
23:23:01.303,254.476,0.3585,0.3683,0.3634,0.3788,0.0333,NORMAL,0,0,Windows,malam
23:23:01.334,254.507,0.3456,0.3652,0.3554,0.3761,0.0333,NORMAL,0,0,Windows,malam
23:23:01.366,254.539,0.3456,0.3504,0.348,0.3754,0.0333,NORMAL,0,0,Windows,malam
23:23:01.404,254.577,0.3456,0.363,0.3543,0.361,0.0333,NORMAL,0,0,Windows,malam
23:23:01.427,254.6,0.3642,0.3777,0.371,0.3618,0.0333,NORMAL,0,0,Windows,malam
23:23:01.459,254.632,0.3739,0.3755,0.3747,0.3592,0.0333,NORMAL,0,0,Windows,malam
23:23:01.516,254.689,0.3739,0.3683,0.3711,0.3643,0.0333,NORMAL,0,0,Windows,malam
23:23:01.538,254.711,0.3704,0.3673,0.3689,0.3689,0.0333,NORMAL,0,0,Windows,malam
23:23:01.568,254.741,0.3704,0.3673,0.3689,0.3771,0.0333,NORMAL,0,0,Windows,malam
23:23:01.602,254.775,0.3867,0.3673,0.377,0.3655,0.0333,NORMAL,0,0,Windows,malam
23:23:01.632,254.804,0.3767,0.3673,0.372,0.3674,0.0333,NORMAL,0,0,Windows,malam
23:23:01.662,254.835,0.3767,0.3795,0.3781,0.3674,0.0333,NORMAL,0,0,Windows,malam
23:23:01.703,254.876,0.3767,0.3683,0.3725,0.3618,0.0333,NORMAL,0,0,Windows,malam
23:23:01.727,254.899,0.3895,0.3683,0.3789,0.3656,0.0333,NORMAL,0,0,Windows,malam
23:23:01.757,254.93,0.3895,0.3683,0.3789,0.3609,0.0333,NORMAL,0,0,Windows,malam
23:23:01.799,254.972,0.3828,0.3795,0.3811,0.3719,0.0333,NORMAL,0,0,Windows,malam
23:23:01.821,254.994,0.3828,0.3795,0.3811,0.3756,0.0333,NORMAL,0,0,Windows,malam
23:23:01.851,255.024,0.3849,0.3917,0.3883,0.3784,0.0333,NORMAL,0,0,Windows,malam
23:23:01.911,255.084,0.3849,0.3917,0.3883,0.3756,0.0333,NORMAL,0,0,Windows,malam
23:23:01.947,255.12,0.3849,0.3917,0.3883,0.3766,0.0333,NORMAL,0,0,Windows,malam
23:23:01.977,255.15,0.3828,0.3917,0.3872,0.3813,0.0333,NORMAL,0,0,Windows,malam
23:23:02.007,255.179,0.3828,0.3795,0.3811,0.3813,0.0333,NORMAL,0,0,Windows,malam
23:23:02.039,255.211,0.3849,0.3774,0.3812,0.3734,0.0333,NORMAL,0,0,Windows,malam
23:23:02.070,255.242,0.3849,0.3641,0.3745,0.3744,0.0333,NORMAL,0,0,Windows,malam
23:23:02.103,255.275,0.3849,0.371,0.3779,0.3707,0.0333,NORMAL,0,0,Windows,malam
23:23:02.133,255.305,0.3842,0.3661,0.3751,0.369,0.0333,NORMAL,0,0,Windows,malam
23:23:02.165,255.338,0.3842,0.3774,0.3808,0.3737,0.0333,NORMAL,0,0,Windows,malam
23:23:02.199,255.372,0.3766,0.3653,0.3709,0.3737,0.0333,NORMAL,0,0,Windows,malam
23:23:02.228,255.4,0.3766,0.3653,0.3709,0.375,0.0333,NORMAL,0,0,Windows,malam
23:23:02.257,255.429,0.3766,0.3653,0.3709,0.375,0.0333,NORMAL,0,0,Windows,malam
23:23:02.311,255.484,0.3766,0.3754,0.376,0.3796,0.0333,NORMAL,0,0,Windows,malam
23:23:02.336,255.509,0.3766,0.3754,0.376,0.3692,0.0333,NORMAL,0,0,Windows,malam
23:23:02.368,255.541,0.3766,0.3664,0.3715,0.374,0.0333,NORMAL,0,0,Windows,malam
23:23:02.403,255.575,0.3875,0.3664,0.377,0.374,0.0333,NORMAL,0,0,Windows,malam
23:23:02.432,255.605,0.3736,0.3532,0.3634,0.3833,0.0333,NORMAL,0,0,Windows,malam
23:23:02.464,255.636,0.3736,0.3639,0.3687,0.3719,0.0333,NORMAL,0,0,Windows,malam
23:23:02.503,255.676,0.3736,0.3651,0.3694,0.3656,0.0333,NORMAL,0,0,Windows,malam
23:23:02.526,255.699,0.3736,0.3651,0.3694,0.371,0.0333,NORMAL,0,0,Windows,malam
23:23:02.556,255.729,0.3736,0.3651,0.3694,0.371,0.0333,NORMAL,0,0,Windows,malam
23:23:02.600,255.773,0.3736,0.3631,0.3683,0.371,0.0333,NORMAL,0,0,Windows,malam
23:23:02.621,255.793,0.3736,0.3631,0.3683,0.3705,0.0333,NORMAL,0,0,Windows,malam
23:23:02.651,255.824,0.3608,0.3754,0.3681,0.3686,0.0333,NORMAL,0,0,Windows,malam
23:23:02.683,255.856,0.3608,0.3684,0.3646,0.3686,0.0333,NORMAL,0,0,Windows,malam
23:23:02.716,255.889,0.3608,0.3544,0.3576,0.3593,0.0333,NORMAL,0,0,Windows,malam
23:23:02.746,255.919,0.3608,0.3544,0.3576,0.3593,0.0333,NORMAL,0,0,Windows,malam
23:23:02.777,255.95,0.3608,0.3631,0.362,0.3723,0.0333,NORMAL,0,0,Windows,malam
23:23:02.808,255.981,0.3736,0.3619,0.3677,0.3686,0.0333,NORMAL,0,0,Windows,malam
23:23:02.840,256.013,0.3753,0.371,0.3731,0.3685,0.0333,NORMAL,0,0,Windows,malam
23:23:02.905,256.077,0.3881,0.3661,0.3771,0.3732,0.0333,NORMAL,0,0,Windows,malam
23:23:02.932,256.105,0.3881,0.3782,0.3831,0.3648,0.0333,NORMAL,0,0,Windows,malam
23:23:02.963,256.136,0.4006,0.3762,0.3884,0.3694,0.0333,NORMAL,0,0,Windows,malam
23:23:02.998,256.171,0.4081,0.3762,0.3921,0.3732,0.0333,NORMAL,0,0,Windows,malam
23:23:03.026,256.199,0.3966,0.387,0.3918,0.3714,0.0333,NORMAL,0,0,Windows,malam
23:23:03.057,256.23,0.3966,0.387,0.3918,0.3714,0.0333,NORMAL,0,0,Windows,malam
23:23:03.088,256.261,0.3944,0.387,0.3907,0.3732,0.0333,NORMAL,0,0,Windows,malam
23:23:03.120,256.292,0.3713,0.3597,0.3655,0.3727,0.0333,NORMAL,0,0,Windows,malam
23:23:03.151,256.324,0.3713,0.3597,0.3655,0.3833,0.0333,NORMAL,0,0,Windows,malam
23:23:03.183,256.356,0.3713,0.3619,0.3666,0.3909,0.0333,NORMAL,0,0,Windows,malam
23:23:03.213,256.386,0.3852,0.3762,0.3807,0.3896,0.0333,NORMAL,0,0,Windows,malam
23:23:03.243,256.416,0.3983,0.3762,0.3872,0.3951,0.0333,NORMAL,0,0,Windows,malam
23:23:03.303,256.476,0.4128,0.3762,0.3945,0.4085,0.0333,NORMAL,0,0,Windows,malam
23:23:03.339,256.511,0.3852,0.4099,0.3976,0.4049,0.0333,NORMAL,0,0,Windows,malam
23:23:03.369,256.542,0.3852,0.3957,0.3904,0.4049,0.0333,NORMAL,0,0,Windows,malam
23:23:03.399,256.572,0.3753,0.3961,0.3857,0.4188,0.0333,NORMAL,0,0,Windows,malam
23:23:03.432,256.605,0.3753,0.3996,0.3874,0.429,0.0333,NORMAL,0,0,Windows,malam
23:23:03.464,256.637,0.3753,0.3996,0.3874,0.4072,0.0333,NORMAL,0,0,Windows,malam
23:23:03.496,256.669,0.3753,0.3982,0.3867,0.4074,0.0333,NORMAL,0,0,Windows,malam
23:23:03.525,256.698,0.391,0.3762,0.3836,0.4052,0.0333,NORMAL,0,0,Windows,malam
23:23:03.558,256.731,0.3895,0.3856,0.3875,0.4127,0.0333,NORMAL,0,0,Windows,malam
23:23:03.589,256.762,0.3767,0.3877,0.3822,0.4127,0.0333,NORMAL,0,0,Windows,malam
23:23:03.621,256.794,0.3736,0.3766,0.3751,0.4058,0.0333,NORMAL,0,0,Windows,malam
23:23:03.651,256.824,0.3608,0.3744,0.3676,0.3975,0.0333,NORMAL,0,0,Windows,malam
23:23:03.703,256.876,0.3895,0.3745,0.382,0.4096,0.0333,NORMAL,0,0,Windows,malam
23:23:03.730,256.903,0.3863,0.3745,0.3804,0.417,0.0333,NORMAL,0,0,Windows,malam
23:23:03.760,256.933,0.3895,0.3745,0.382,0.4139,0.0333,NORMAL,0,0,Windows,malam
23:23:03.816,256.989,0.3642,0.365,0.3646,0.4042,0.0333,NORMAL,0,0,Windows,malam
23:23:03.837,257.01,0.3653,0.3582,0.3618,0.4042,0.0333,NORMAL,0,0,Windows,malam
23:23:03.868,257.041,0.3736,0.3463,0.3599,0.4031,0.0333,NORMAL,0,0,Windows,malam
23:23:03.903,257.075,0.3608,0.3592,0.36,0.397,0.0333,NORMAL,0,0,Windows,malam
23:23:03.931,257.104,0.3736,0.3592,0.3664,0.4015,0.0333,NORMAL,0,0,Windows,malam
23:23:03.962,257.135,0.3736,0.3582,0.3659,0.398,0.0333,NORMAL,0,0,Windows,malam
23:23:03.993,257.166,0.3736,0.3582,0.3659,0.398,0.0333,NORMAL,0,0,Windows,malam
23:23:04.026,257.198,0.3736,0.3714,0.3725,0.4128,0.0333,NORMAL,0,0,Windows,malam
23:23:04.057,257.23,0.3608,0.3714,0.3661,0.4103,0.0333,NORMAL,0,0,Windows,malam
23:23:04.103,257.276,0.3674,0.3808,0.3741,0.3907,0.0333,NORMAL,0,0,Windows,malam
23:23:04.135,257.308,0.3674,0.3808,0.3741,0.3865,0.0333,NORMAL,0,0,Windows,malam
23:23:04.167,257.34,0.3674,0.3714,0.3694,0.3924,0.0333,NORMAL,0,0,Windows,malam
23:23:04.216,257.389,0.3739,0.3592,0.3665,0.3878,0.0333,NORMAL,0,0,Windows,malam
23:23:04.245,257.418,0.3626,0.3683,0.3655,0.3809,0.0333,NORMAL,0,0,Windows,malam
23:23:04.277,257.45,0.3536,0.3504,0.352,0.3809,0.0333,NORMAL,0,0,Windows,malam
23:23:04.308,257.481,0.3536,0.3504,0.352,0.3809,0.0333,NORMAL,0,0,Windows,malam
23:23:04.340,257.513,0.3757,0.3503,0.363,0.3909,0.0333,NORMAL,0,0,Windows,malam
23:23:04.369,257.542,0.3597,0.3561,0.3579,0.3877,0.0333,NORMAL,0,0,Windows,malam
23:23:04.401,257.574,0.3694,0.3602,0.3648,0.3877,0.0333,NORMAL,0,0,Windows,malam
23:23:04.432,257.605,0.3611,0.3686,0.3648,0.3877,0.0333,NORMAL,0,0,Windows,malam
23:23:04.464,257.637,0.3739,0.3686,0.3712,0.3961,0.0333,NORMAL,0,0,Windows,malam
23:23:04.504,257.677,0.387,0.3837,0.3853,0.3923,0.0333,NORMAL,0,0,Windows,malam
23:23:04.527,257.7,0.3502,0.3582,0.3542,0.398,0.0333,NORMAL,0,0,Windows,malam
23:23:04.557,257.73,0.3595,0.3582,0.3588,0.3931,0.0333,NORMAL,0,0,Windows,malam
23:23:04.615,257.788,0.3595,0.3561,0.3578,0.3974,0.0333,NORMAL,0,0,Windows,malam
23:23:04.651,257.824,0.3595,0.3592,0.3593,0.3985,0.0333,NORMAL,0,0,Windows,malam
23:23:04.682,257.855,0.3608,0.3592,0.36,0.3953,0.0333,NORMAL,0,0,Windows,malam
23:23:04.712,257.885,0.3481,0.3592,0.3537,0.393,0.0333,NORMAL,0,0,Windows,malam
23:23:04.745,257.918,0.3629,0.3473,0.3551,0.386,0.0333,NORMAL,0,0,Windows,malam
23:23:04.776,257.949,0.366,0.3473,0.3566,0.3979,0.0333,NORMAL,0,0,Windows,malam
23:23:04.807,257.979,0.3505,0.3513,0.3509,0.394,0.0267,NORMAL,0,0,Windows,malam
23:23:04.839,258.012,0.3579,0.3473,0.3526,0.3831,0.02,NORMAL,0,0,Windows,malam
23:23:04.872,258.044,0.3453,0.3473,0.3463,0.3884,0.0133,NORMAL,0,0,Windows,malam
23:23:04.904,258.077,0.3753,0.3837,0.3795,0.3869,0.0067,NORMAL,0,0,Windows,malam
23:23:04.930,258.103,0.3649,0.3691,0.367,0.3849,0.0,NORMAL,0,0,Windows,malam
23:23:04.962,258.135,0.369,0.3691,0.369,0.3851,0.0,NORMAL,0,0,Windows,malam
23:23:04.996,258.169,0.3502,0.3691,0.3597,0.3801,0.0,NORMAL,0,0,Windows,malam
23:23:05.026,258.199,0.3518,0.3444,0.3481,0.3951,0.0,NORMAL,0,0,Windows,malam
23:23:05.057,258.23,0.3502,0.3447,0.3474,0.3942,0.0,NORMAL,0,0,Windows,malam
23:23:05.086,258.259,0.3502,0.3447,0.3474,0.395,0.0,NORMAL,0,0,Windows,malam
23:23:05.119,258.291,0.382,0.3569,0.3694,0.3812,0.0,NORMAL,0,0,Windows,malam
23:23:05.149,258.322,0.3534,0.3592,0.3563,0.3817,0.0,NORMAL,0,0,Windows,malam
23:23:05.181,258.354,0.3559,0.3477,0.3518,0.3779,0.0,NORMAL,0,0,Windows,malam
23:23:05.211,258.384,0.3505,0.3715,0.361,0.3772,0.0,NORMAL,0,0,Windows,malam
23:23:05.243,258.416,0.3704,0.3561,0.3632,0.3783,0.0,NORMAL,0,0,Windows,malam
23:23:05.303,258.475,0.3481,0.3447,0.3464,0.3869,0.0,NORMAL,0,0,Windows,malam
23:23:05.337,258.51,0.3443,0.3322,0.3383,0.3995,0.0,NORMAL,0,0,Windows,malam
23:23:05.369,258.542,0.3443,0.3322,0.3383,0.393,0.0,NORMAL,0,0,Windows,malam
23:23:05.400,258.573,0.3443,0.3322,0.3383,0.393,0.0,NORMAL,0,0,Windows,malam
23:23:05.431,258.604,0.3391,0.3501,0.3446,0.4007,0.0,NORMAL,0,0,Windows,malam
23:23:05.462,258.635,0.3443,0.3409,0.3426,0.4052,0.0,NORMAL,0,0,Windows,malam
23:23:05.494,258.667,0.3454,0.3501,0.3478,0.3995,0.0,NORMAL,0,0,Windows,malam
23:23:05.524,258.697,0.3481,0.3361,0.3421,0.3945,0.0,NORMAL,0,0,Windows,malam
23:23:05.555,258.728,0.3576,0.3361,0.3468,0.3916,0.0,NORMAL,0,0,Windows,malam
23:23:05.586,258.759,0.3313,0.3194,0.3253,0.3916,0.0,NORMAL,0,0,Windows,malam
23:23:05.618,258.791,0.3313,0.3501,0.3407,0.3885,0.0,NORMAL,0,0,Windows,malam
23:23:05.647,258.82,0.3537,0.3475,0.3506,0.3833,0.0,NORMAL,0,0,Windows,malam
23:23:05.704,258.877,0.3576,0.3501,0.3538,0.3782,0.0,NORMAL,0,0,Windows,malam
23:23:05.727,258.899,0.3611,0.3501,0.3556,0.3843,0.0,NORMAL,0,0,Windows,malam
23:23:05.757,258.93,0.3576,0.3475,0.3525,0.382,0.0,NORMAL,0,0,Windows,malam
23:23:05.788,258.961,0.3537,0.3475,0.3506,0.3757,0.0,NORMAL,0,0,Windows,malam
23:23:05.819,258.992,0.3576,0.3323,0.3449,0.387,0.0,NORMAL,0,0,Windows,malam
23:23:05.851,259.024,0.3537,0.3463,0.35,0.3921,0.0,NORMAL,0,0,Windows,malam
23:23:05.881,259.054,0.3404,0.3409,0.3406,0.388,0.0,NORMAL,0,0,Windows,malam
23:23:05.911,259.084,0.2818,0.2433,0.2626,0.4043,0.0,NORMAL,0,0,Windows,malam
23:23:05.944,259.117,0.2559,0.2241,0.24,0.4068,0.0067,NORMAL,1,0,Windows,malam
23:23:05.976,259.149,0.2623,0.2172,0.2398,0.4067,0.0133,NORMAL,2,0,Windows,malam
23:23:06.011,259.184,0.258,0.2303,0.2441,0.4047,0.02,NORMAL,3,0,Windows,malam
23:23:06.038,259.211,0.2683,0.2428,0.2556,0.4025,0.02,NORMAL,0,0,Windows,malam
23:23:06.119,259.292,0.2683,0.2631,0.2657,0.3889,0.02,NORMAL,0,0,Windows,malam
23:23:06.147,259.32,0.2683,0.2681,0.2682,0.3818,0.02,NORMAL,0,0,Windows,malam
23:23:06.178,259.351,0.2683,0.2814,0.2748,0.3818,0.02,NORMAL,0,0,Windows,malam
23:23:06.209,259.382,0.2683,0.2941,0.2812,0.3869,0.02,NORMAL,0,0,Windows,malam
23:23:06.237,259.41,0.2697,0.3246,0.2972,0.3974,0.02,NORMAL,0,0,Windows,malam
23:23:06.270,259.443,0.294,0.325,0.3095,0.4043,0.02,NORMAL,0,0,Windows,malam
23:23:06.301,259.474,0.3075,0.3159,0.3117,0.4076,0.02,NORMAL,0,0,Windows,malam
23:23:06.332,259.505,0.2948,0.3286,0.3117,0.3949,0.02,NORMAL,0,0,Windows,malam
23:23:06.381,259.554,0.3029,0.3557,0.3293,0.3917,0.02,NORMAL,0,0,Windows,malam
23:23:06.411,259.584,0.3029,0.3557,0.3293,0.3917,0.02,NORMAL,0,0,Windows,malam
23:23:06.441,259.614,0.306,0.3388,0.3224,0.3939,0.02,NORMAL,0,0,Windows,malam
23:23:06.472,259.645,0.3109,0.3465,0.3287,0.3927,0.02,NORMAL,0,0,Windows,malam
23:23:06.520,259.693,0.3213,0.325,0.3231,0.3834,0.02,NORMAL,0,0,Windows,malam
23:23:06.551,259.724,0.346,0.3374,0.3417,0.3796,0.02,NORMAL,0,0,Windows,malam
23:23:06.582,259.755,0.346,0.3499,0.348,0.3802,0.02,NORMAL,0,0,Windows,malam
23:23:06.614,259.786,0.346,0.3434,0.3447,0.3745,0.02,NORMAL,0,0,Windows,malam
23:23:06.661,259.834,0.3592,0.3512,0.3552,0.3884,0.02,NORMAL,0,0,Windows,malam
23:23:06.693,259.866,0.346,0.3296,0.3378,0.3841,0.02,NORMAL,0,0,Windows,malam
23:23:06.723,259.896,0.3439,0.3634,0.3536,0.3833,0.02,NORMAL,0,0,Windows,malam
23:23:06.809,259.982,0.3618,0.3495,0.3557,0.3838,0.02,NORMAL,0,0,Windows,malam
23:23:06.864,260.037,0.3486,0.3203,0.3345,0.3911,0.02,NORMAL,0,0,Windows,malam
23:23:06.919,260.092,0.3618,0.3495,0.3557,0.3882,0.02,NORMAL,0,0,Windows,malam
23:23:06.944,260.117,0.3692,0.3495,0.3594,0.3857,0.02,NORMAL,0,0,Windows,malam
23:23:06.976,260.148,0.3692,0.3495,0.3594,0.3911,0.02,NORMAL,0,0,Windows,malam
23:23:07.007,260.18,0.3692,0.3495,0.3594,0.3928,0.02,NORMAL,0,0,Windows,malam
23:23:07.038,260.211,0.346,0.3634,0.3547,0.3906,0.02,NORMAL,0,0,Windows,malam
23:23:07.068,260.241,0.346,0.3375,0.3418,0.383,0.02,NORMAL,0,0,Windows,malam
23:23:07.100,260.273,0.346,0.3253,0.3357,0.3876,0.02,NORMAL,0,0,Windows,malam
23:23:07.130,260.303,0.3595,0.3514,0.3555,0.375,0.02,NORMAL,0,0,Windows,malam
23:23:07.161,260.334,0.3595,0.3634,0.3615,0.3715,0.02,NORMAL,0,0,Windows,malam
23:23:07.194,260.367,0.3595,0.3385,0.349,0.3718,0.02,NORMAL,0,0,Windows,malam
23:23:07.224,260.397,0.3609,0.3538,0.3574,0.3765,0.02,NORMAL,0,0,Windows,malam
23:23:07.255,260.428,0.3572,0.3495,0.3534,0.3696,0.02,NORMAL,0,0,Windows,malam
23:23:07.286,260.459,0.3594,0.3495,0.3545,0.3771,0.02,NORMAL,0,0,Windows,malam
23:23:07.320,260.492,0.3502,0.3495,0.3499,0.3792,0.02,NORMAL,0,0,Windows,malam
23:23:07.349,260.522,0.3618,0.3538,0.3578,0.3773,0.02,NORMAL,0,0,Windows,malam
23:23:07.381,260.554,0.3618,0.3538,0.3578,0.3773,0.02,NORMAL,0,0,Windows,malam
23:23:07.415,260.588,0.3464,0.3508,0.3486,0.3936,0.02,NORMAL,0,0,Windows,malam
23:23:07.442,260.615,0.3486,0.3521,0.3504,0.3769,0.02,NORMAL,0,0,Windows,malam
23:23:07.473,260.645,0.3354,0.3249,0.3302,0.3886,0.02,NORMAL,0,0,Windows,malam
23:23:07.512,260.684,0.326,0.339,0.3325,0.3965,0.02,NORMAL,0,0,Windows,malam
23:23:07.535,260.708,0.3129,0.318,0.3155,0.385,0.02,NORMAL,0,0,Windows,malam
23:23:07.565,260.738,0.3129,0.318,0.3155,0.3891,0.02,NORMAL,0,0,Windows,malam
23:23:07.607,260.78,0.3404,0.3496,0.345,0.3816,0.02,NORMAL,0,0,Windows,malam
23:23:07.630,260.803,0.3303,0.3453,0.3378,0.391,0.02,NORMAL,0,0,Windows,malam
23:23:07.662,260.835,0.3649,0.3375,0.3512,0.3847,0.02,NORMAL,0,0,Windows,malam
23:23:07.719,260.891,0.3781,0.3846,0.3813,0.3822,0.02,NORMAL,0,0,Windows,malam
23:23:07.755,260.928,0.3768,0.3848,0.3808,0.3801,0.02,NORMAL,0,0,Windows,malam
23:23:07.786,260.959,0.3768,0.391,0.3839,0.3691,0.02,NORMAL,0,0,Windows,malam
23:23:07.815,260.988,0.2962,0.3303,0.3132,0.3823,0.02,NORMAL,0,0,Windows,malam
23:23:07.847,261.02,0.2991,0.3211,0.3101,0.3843,0.02,NORMAL,0,0,Windows,malam
23:23:07.879,261.052,0.3025,0.3211,0.3118,0.3891,0.02,NORMAL,0,0,Windows,malam
23:23:07.911,261.084,0.2114,0.1989,0.2052,0.3854,0.0267,NORMAL,1,0,Windows,malam
23:23:07.942,261.115,0.2036,0.1917,0.1976,0.3831,0.0333,NORMAL,2,0,Windows,malam
23:23:07.973,261.146,0.2036,0.1917,0.1976,0.3851,0.04,NORMAL,3,0,Windows,malam
23:23:08.007,261.18,0.1406,0.124,0.1323,0.4357,0.0467,NORMAL,4,0,Windows,malam
23:23:08.037,261.209,0.1536,0.1406,0.1471,0.4127,0.0533,NORMAL,5,0,Windows,malam
23:23:08.070,261.243,0.16,0.16,0.16,0.428,0.06,NORMAL,6,0,Windows,malam
23:23:08.119,261.292,0.1699,0.1447,0.1573,0.4609,0.0667,NORMAL,7,0,Windows,malam
23:23:08.147,261.319,0.2033,0.1921,0.1977,0.4595,0.0733,NORMAL,8,0,Windows,malam
23:23:08.178,261.351,0.19,0.1727,0.1813,0.4675,0.08,NORMAL,9,0,Windows,malam
23:23:08.214,261.387,0.2174,0.2075,0.2125,0.4296,0.0867,WARNING,10,0,Windows,malam
23:23:08.237,261.41,0.2457,0.2223,0.234,0.4488,0.0933,WARNING,11,0,Windows,malam
23:23:08.269,261.442,0.2291,0.2086,0.2189,0.4505,0.1,WARNING,12,0,Windows,malam
23:23:08.311,261.484,0.3307,0.2904,0.3105,0.4595,0.1,NORMAL,0,0,Windows,malam
23:23:08.331,261.504,0.315,0.2875,0.3012,0.4495,0.1,NORMAL,0,0,Windows,malam
23:23:08.363,261.536,0.3418,0.2963,0.319,0.4562,0.1,NORMAL,0,0,Windows,malam
23:23:08.423,261.596,0.3571,0.3378,0.3475,0.4565,0.1,NORMAL,0,0,Windows,malam
23:23:08.457,261.63,0.348,0.3439,0.346,0.4595,0.1,NORMAL,0,0,Windows,malam
23:23:08.488,261.661,0.3477,0.3316,0.3396,0.4595,0.1,NORMAL,0,0,Windows,malam
23:23:08.525,261.698,0.3714,0.3601,0.3657,0.4649,0.1,NORMAL,0,0,Windows,malam
23:23:08.551,261.724,0.3857,0.3683,0.377,0.4631,0.1,NORMAL,0,0,Windows,malam
23:23:08.583,261.756,0.3954,0.3727,0.3841,0.4716,0.1,NORMAL,0,0,Windows,malam
23:23:08.615,261.788,0.4093,0.3323,0.3708,0.4327,0.1,NORMAL,0,0,Windows,malam
23:23:08.646,261.819,0.4301,0.3323,0.3812,0.4027,0.1,NORMAL,0,0,Windows,malam
23:23:08.677,261.85,0.4811,0.3378,0.4094,0.4067,0.1,NORMAL,0,0,Windows,malam
23:23:08.715,261.887,0.4319,0.3902,0.4111,0.4188,0.1,NORMAL,0,0,Windows,malam
23:23:08.738,261.911,0.4231,0.3698,0.3964,0.4237,0.1,NORMAL,0,0,Windows,malam
23:23:08.770,261.943,0.3954,0.3698,0.3826,0.4152,0.1,NORMAL,0,0,Windows,malam
23:23:08.828,262.001,0.3831,0.3973,0.3902,0.4675,0.1,NORMAL,0,0,Windows,malam
23:23:08.863,262.035,0.3904,0.3973,0.3938,0.4716,0.1,NORMAL,0,0,Windows,malam
23:23:08.896,262.069,0.3904,0.3973,0.3938,0.4694,0.1,NORMAL,0,0,Windows,malam
23:23:08.925,262.098,0.3781,0.3664,0.3723,0.4268,0.1,NORMAL,0,0,Windows,malam
23:23:08.957,262.13,0.3704,0.3837,0.3771,0.4252,0.1,NORMAL,0,0,Windows,malam
23:23:08.989,262.162,0.3563,0.3715,0.3639,0.4405,0.1,NORMAL,0,0,Windows,malam
23:23:09.015,262.188,0.3105,0.37,0.3402,0.413,0.1,NORMAL,0,0,Windows,malam
23:23:09.049,262.221,0.3055,0.3539,0.3297,0.4154,0.1,NORMAL,0,0,Windows,malam
23:23:09.081,262.254,0.2987,0.3579,0.3283,0.4206,0.1,NORMAL,0,0,Windows,malam
23:23:09.111,262.284,0.3085,0.3873,0.3479,0.4309,0.1,NORMAL,0,0,Windows,malam
23:23:09.143,262.316,0.3238,0.4087,0.3663,0.4225,0.1,NORMAL,0,0,Windows,malam
23:23:09.176,262.349,0.339,0.3917,0.3653,0.4443,0.1,NORMAL,0,0,Windows,malam
23:23:09.222,262.395,0.3595,0.4253,0.3924,0.3795,0.1,NORMAL,0,0,Windows,malam
23:23:09.251,262.424,0.3496,0.4253,0.3875,0.3836,0.1,NORMAL,0,0,Windows,malam
23:23:09.284,262.457,0.3485,0.4253,0.3869,0.3831,0.1,NORMAL,0,0,Windows,malam
23:23:09.319,262.492,0.2879,0.2599,0.2739,0.3911,0.1,NORMAL,0,0,Windows,malam
23:23:09.346,262.519,0.2544,0.216,0.2352,0.3889,0.1067,NORMAL,1,0,Windows,malam
23:23:09.377,262.55,0.2555,0.2336,0.2445,0.3906,0.1133,NORMAL,2,0,Windows,malam
23:23:09.415,262.588,0.1478,0.1405,0.1442,0.4062,0.12,NORMAL,3,0,Windows,malam
23:23:09.441,262.614,0.1286,0.103,0.1158,0.3856,0.1267,NORMAL,4,0,Windows,malam
23:23:09.470,262.643,0.1286,0.1374,0.133,0.3819,0.1333,NORMAL,5,0,Windows,malam
23:23:09.511,262.684,0.104,0.0859,0.0949,0.491,0.14,NORMAL,6,0,Windows,malam
23:23:09.533,262.706,0.1216,0.1105,0.116,0.4583,0.1467,NORMAL,7,0,Windows,malam
23:23:09.566,262.739,0.1148,0.1105,0.1126,0.4628,0.1533,NORMAL,8,0,Windows,malam
23:23:09.623,262.796,0.142,0.1486,0.1453,0.4065,0.16,NORMAL,9,0,Windows,malam
23:23:09.656,262.828,0.1266,0.14,0.1333,0.3989,0.1667,WARNING,10,0,Windows,malam
23:23:09.687,262.86,0.1266,0.1415,0.134,0.394,0.1733,WARNING,11,0,Windows,malam
23:23:09.718,262.891,0.1136,0.0967,0.1052,0.3559,0.18,WARNING,12,0,Windows,malam
23:23:09.750,262.923,0.1205,0.1312,0.1258,0.369,0.1867,WARNING,13,0,Windows,malam
23:23:09.781,262.954,0.1173,0.1499,0.1336,0.3637,0.1933,WARNING,14,0,Windows,malam
23:23:09.816,262.989,0.1262,0.1298,0.128,0.3518,0.2,WARNING,15,0,Windows,malam
23:23:09.842,263.015,0.0816,0.1037,0.0927,0.3433,0.2067,WARNING,16,0,Windows,malam
23:23:09.872,263.045,0.0984,0.1316,0.115,0.349,0.2133,WARNING,17,0,Windows,malam
23:23:09.911,263.084,0.0817,0.0883,0.085,0.3523,0.22,WARNING,18,0,Windows,malam
23:23:09.937,263.11,0.0803,0.0703,0.0753,0.3509,0.2267,WARNING,19,0,Windows,malam
23:23:09.965,263.137,0.07,0.0434,0.0567,0.335,0.2333,DROWSY,20,0,Windows,malam
23:23:10.022,263.195,0.1327,0.1375,0.1351,0.3565,0.24,DROWSY,21,0,Windows,malam
23:23:10.044,263.217,0.1371,0.1547,0.1459,0.3499,0.2467,DROWSY,22,0,Windows,malam
23:23:10.076,263.249,0.1465,0.1335,0.14,0.3529,0.2533,DROWSY,23,0,Windows,malam
23:23:10.118,263.291,0.087,0.1116,0.0993,0.3696,0.26,DROWSY,24,0,Windows,malam
23:23:10.155,263.328,0.0683,0.1129,0.0906,0.3752,0.2667,DROWSY,25,0,Windows,malam
23:23:10.186,263.359,0.0683,0.0787,0.0735,0.3784,0.2733,DROWSY,26,0,Windows,malam
23:23:10.215,263.388,0.0818,0.1162,0.099,0.3719,0.28,DROWSY,27,0,Windows,malam
23:23:10.247,263.419,0.0958,0.1322,0.114,0.3693,0.2867,DROWSY,28,0,Windows,malam
23:23:10.278,263.45,0.0818,0.1363,0.109,0.3698,0.2933,DROWSY,29,0,Windows,malam
23:23:10.312,263.485,0.0843,0.12,0.1022,0.3568,0.3,DROWSY,30,0,Windows,malam
23:23:10.340,263.513,0.0817,0.1578,0.1197,0.3487,0.3067,DROWSY,31,0,Windows,malam
23:23:10.371,263.543,0.0992,0.1391,0.1191,0.3395,0.3133,DROWSY,32,0,Windows,malam
23:23:10.423,263.596,0.1274,0.133,0.1302,0.3426,0.32,DROWSY,33,0,Windows,malam
23:23:10.450,263.623,0.1599,0.1766,0.1683,0.3484,0.3267,DROWSY,34,0,Windows,malam
23:23:10.479,263.652,0.1752,0.2481,0.2116,0.3484,0.3333,DROWSY,35,0,Windows,malam
23:23:10.520,263.693,0.2237,0.2651,0.2444,0.339,0.34,DROWSY,36,0,Windows,malam
23:23:10.558,263.731,0.1946,0.2358,0.2152,0.3436,0.3467,DROWSY,37,0,Windows,malam
23:23:10.588,263.761,0.2023,0.2317,0.217,0.3409,0.3533,DROWSY,38,0,Windows,malam
23:23:10.624,263.797,0.2823,0.3241,0.3032,0.3905,0.3533,DROWSY,0,0,Windows,malam
23:23:10.651,263.824,0.3046,0.3433,0.3239,0.4011,0.3533,DROWSY,0,0,Windows,malam
23:23:10.683,263.856,0.2885,0.3378,0.3132,0.3984,0.3533,DROWSY,0,0,Windows,malam
23:23:10.727,263.9,0.295,0.348,0.3215,0.3631,0.3533,DROWSY,0,0,Windows,malam
23:23:10.761,263.934,0.3046,0.3241,0.3144,0.3629,0.3533,DROWSY,0,0,Windows,malam
23:23:10.793,263.966,0.295,0.322,0.3085,0.3552,0.3533,DROWSY,0,0,Windows,malam
23:23:10.823,263.996,0.2992,0.2968,0.298,0.3657,0.3533,DROWSY,0,0,Windows,malam
23:23:10.855,264.028,0.2804,0.2711,0.2758,0.3658,0.3533,DROWSY,0,0,Windows,malam
23:23:10.887,264.06,0.2852,0.2774,0.2813,0.3683,0.3533,DROWSY,0,0,Windows,malam
23:23:10.926,264.099,0.2725,0.276,0.2742,0.3918,0.3533,DROWSY,0,0,Windows,malam
23:23:10.952,264.125,0.2694,0.2601,0.2648,0.4071,0.3533,DROWSY,0,0,Windows,malam
23:23:10.982,264.155,0.2535,0.267,0.2602,0.3981,0.3533,DROWSY,0,0,Windows,malam
23:23:11.015,264.188,0.2535,0.2248,0.2391,0.3891,0.36,DROWSY,1,0,Windows,malam
23:23:11.041,264.214,0.2484,0.2213,0.2348,0.4006,0.36,DROWSY,2,0,Windows,malam
23:23:11.073,264.246,0.2484,0.2176,0.233,0.402,0.36,DROWSY,3,0,Windows,malam
23:23:11.133,264.306,0.2493,0.2329,0.2411,0.4006,0.36,DROWSY,4,0,Windows,malam
23:23:11.167,264.34,0.2304,0.2184,0.2244,0.4066,0.3667,DROWSY,5,0,Windows,malam
23:23:11.213,264.386,0.1992,0.2031,0.2011,0.4119,0.3733,DROWSY,6,0,Windows,malam
23:23:11.244,264.417,0.2031,0.2031,0.2031,0.4004,0.38,DROWSY,7,0,Windows,malam
23:23:11.273,264.446,0.2145,0.2032,0.2089,0.3981,0.3867,DROWSY,8,0,Windows,malam
23:23:11.307,264.48,0.2031,0.2032,0.2032,0.3955,0.3933,DROWSY,9,0,Windows,malam
23:23:11.354,264.526,0.2338,0.2265,0.2301,0.3793,0.4,DROWSY,10,0,Windows,malam
23:23:11.382,264.555,0.2304,0.1968,0.2136,0.3738,0.4067,DROWSY,11,0,Windows,malam
23:23:11.430,264.603,0.2735,0.2648,0.2691,0.4062,0.4067,DROWSY,0,0,Windows,malam
23:23:11.527,264.7,0.295,0.2717,0.2833,0.3931,0.4067,DROWSY,0,0,Windows,malam
23:23:11.556,264.729,0.2648,0.2804,0.2726,0.4025,0.4067,DROWSY,0,0,Windows,malam
23:23:11.585,264.758,0.2638,0.2763,0.2701,0.3919,0.4067,DROWSY,0,0,Windows,malam
23:23:11.626,264.799,0.2566,0.2618,0.2592,0.3885,0.4067,DROWSY,0,0,Windows,malam
23:23:11.650,264.823,0.2484,0.2702,0.2593,0.3831,0.4067,DROWSY,0,0,Windows,malam
23:23:11.681,264.854,0.2484,0.2696,0.259,0.383,0.4067,DROWSY,0,0,Windows,malam
23:23:11.723,264.896,0.2579,0.2499,0.2539,0.3817,0.4067,DROWSY,0,0,Windows,malam
23:23:11.745,264.917,0.245,0.2323,0.2387,0.3817,0.4133,DROWSY,1,0,Windows,malam
23:23:11.777,264.95,0.245,0.2323,0.2387,0.3746,0.42,DROWSY,2,0,Windows,malam
23:23:11.816,264.989,0.1337,0.1513,0.1425,0.3834,0.4267,DROWSY,3,0,Windows,malam
23:23:11.840,265.013,0.1631,0.1491,0.1561,0.3731,0.4333,DROWSY,4,0,Windows,malam
23:23:11.871,265.044,0.1483,0.1629,0.1556,0.3772,0.44,DROWSY,5,0,Windows,malam
23:23:11.927,265.1,0.1174,0.0878,0.1026,0.3365,0.4467,DROWSY,6,0,Windows,malam
23:23:11.951,265.124,0.0928,0.1152,0.104,0.3546,0.4533,DROWSY,7,0,Windows,malam
23:23:11.982,265.155,0.0994,0.1313,0.1153,0.342,0.46,DROWSY,8,0,Windows,malam
23:23:12.022,265.195,0.1259,0.1215,0.1237,0.3619,0.4667,DROWSY,9,0,Windows,malam
23:23:12.043,265.216,0.1262,0.1125,0.1193,0.3523,0.4733,DROWSY,10,0,Windows,malam
23:23:12.076,265.248,0.1223,0.1158,0.1191,0.3616,0.48,DROWSY,11,0,Windows,malam
23:23:12.118,265.291,0.1059,0.1012,0.1035,0.3902,0.4867,DROWSY,12,0,Windows,malam
23:23:12.154,265.327,0.0859,0.1087,0.0973,0.3754,0.4933,DROWSY,13,0,Windows,malam
23:23:12.186,265.359,0.1059,0.081,0.0934,0.3643,0.5,DROWSY,14,0,Windows,malam
23:23:12.215,265.388,0.0624,0.0718,0.0671,0.386,0.5067,DROWSY,15,0,Windows,malam
23:23:12.247,265.42,0.0744,0.0469,0.0607,0.3829,0.5133,DROWSY,16,0,Windows,malam
23:23:12.276,265.449,0.0744,0.0605,0.0675,0.3906,0.52,DROWSY,17,0,Windows,malam
23:23:12.326,265.499,0.0794,0.0715,0.0754,0.377,0.5267,DROWSY,18,0,Windows,malam
23:23:12.357,265.53,0.0743,0.1118,0.0931,0.3671,0.5333,DROWSY,19,0,Windows,malam
23:23:12.385,265.558,0.0742,0.1118,0.093,0.3545,0.54,DROWSY,20,0,Windows,malam
23:23:12.423,265.596,0.0902,0.1154,0.1028,0.3575,0.5467,DROWSY,21,0,Windows,malam
23:23:12.447,265.62,0.09,0.093,0.0915,0.3511,0.5533,DROWSY,22,0,Windows,malam
