timestamp,elapsed_sec,ear_left,ear_right,ear_avg,mar,perclos,status,ear_counter,mar_counter,platform,lighting_condition
22:49:14.096,2.625,0.2848,0.2443,0.2645,0.3992,0.0,NORMAL,0,0,Windows,unspecified
22:49:14.126,2.654,0.2312,0.2124,0.2218,0.3956,0.5,DROWSY,1,0,Windows,unspecified
22:49:14.186,2.714,0.2655,0.2329,0.2492,0.3425,0.6667,DROWSY,2,0,Windows,unspecified
22:49:14.795,3.324,0.3592,0.3776,0.3684,0.3085,0.5,DROWSY,0,0,Windows,unspecified
22:49:14.829,3.358,0.3314,0.3667,0.349,0.3266,0.4,DROWSY,0,0,Windows,unspecified
22:49:14.855,3.383,0.3423,0.3852,0.3637,0.3223,0.3333,NORMAL,0,0,Windows,unspecified
22:49:14.890,3.419,0.3372,0.3667,0.3519,0.3238,0.2857,NORMAL,0,0,Windows,unspecified
22:49:14.921,3.45,0.3423,0.3969,0.3696,0.3401,0.25,NORMAL,0,0,Windows,unspecified
22:49:14.954,3.483,0.3423,0.3736,0.3579,0.3462,0.2222,NORMAL,0,0,Windows,unspecified
22:49:14.990,3.518,0.3372,0.3989,0.368,0.3355,0.2,NORMAL,0,0,Windows,unspecified
22:49:15.017,3.546,0.334,0.3754,0.3547,0.3462,0.1818,NORMAL,0,0,Windows,unspecified
22:49:15.065,3.594,0.3417,0.3989,0.3703,0.3514,0.1667,NORMAL,0,0,Windows,unspecified
22:49:15.094,3.623,0.3372,0.3969,0.367,0.34,0.1538,NORMAL,0,0,Windows,unspecified
22:49:15.129,3.657,0.3719,0.3781,0.375,0.3338,0.1429,NORMAL,0,0,Windows,unspecified
22:49:15.157,3.686,0.3592,0.3843,0.3717,0.3395,0.1333,NORMAL,0,0,Windows,unspecified
22:49:15.195,3.723,0.3632,0.4177,0.3905,0.3475,0.125,NORMAL,0,0,Windows,unspecified
22:49:15.218,3.746,0.3472,0.3992,0.3732,0.3479,0.1176,NORMAL,0,0,Windows,unspecified
22:49:15.688,4.217,0.3226,0.34,0.3313,0.3518,0.1111,NORMAL,0,0,Windows,unspecified
22:49:15.718,4.247,0.3275,0.3034,0.3155,0.3596,0.1053,NORMAL,0,0,Windows,unspecified
22:49:15.748,4.277,0.2912,0.2867,0.289,0.3476,0.1,NORMAL,0,0,Windows,unspecified
22:49:15.782,4.311,0.2912,0.3034,0.2973,0.3454,0.0952,NORMAL,0,0,Windows,unspecified
22:49:15.813,4.341,0.2966,0.3101,0.3033,0.3533,0.0909,NORMAL,0,0,Windows,unspecified
22:49:15.844,4.372,0.2742,0.3162,0.2952,0.3525,0.087,NORMAL,0,0,Windows,unspecified
22:49:15.876,4.404,0.2641,0.2373,0.2507,0.3635,0.0833,NORMAL,0,0,Windows,unspecified
22:49:15.906,4.435,0.2378,0.2504,0.2441,0.3582,0.12,NORMAL,1,0,Windows,unspecified
22:49:15.937,4.466,0.2433,0.2504,0.2469,0.3525,0.1538,NORMAL,2,0,Windows,unspecified
22:49:15.966,4.495,0.2448,0.2468,0.2458,0.3634,0.1852,NORMAL,3,0,Windows,unspecified
22:49:16.001,4.53,0.2433,0.2497,0.2465,0.359,0.2143,NORMAL,4,0,Windows,unspecified
22:49:16.032,4.561,0.2448,0.2555,0.2501,0.3668,0.2069,NORMAL,0,0,Windows,unspecified
22:49:16.063,4.592,0.2537,0.2504,0.2521,0.359,0.2,NORMAL,0,0,Windows,unspecified
22:49:16.093,4.622,0.2811,0.2421,0.2616,0.3595,0.1935,NORMAL,0,0,Windows,unspecified
22:49:16.125,4.654,0.2641,0.2639,0.264,0.3668,0.1875,NORMAL,0,0,Windows,unspecified
22:49:16.156,4.685,0.2641,0.2819,0.273,0.3687,0.1818,NORMAL,0,0,Windows,unspecified
22:49:16.187,4.715,0.2829,0.2872,0.285,0.3564,0.1765,NORMAL,0,0,Windows,unspecified
22:49:16.216,4.745,0.3127,0.2938,0.3032,0.3658,0.1714,NORMAL,0,0,Windows,unspecified
22:49:16.266,4.794,0.2902,0.2728,0.2815,0.3687,0.1667,NORMAL,0,0,Windows,unspecified
22:49:16.292,4.82,0.2688,0.2671,0.2679,0.3688,0.1622,NORMAL,0,0,Windows,unspecified
22:49:16.332,4.861,0.2931,0.2837,0.2884,0.3736,0.1579,NORMAL,0,0,Windows,unspecified
22:49:16.356,4.885,0.3162,0.305,0.3106,0.3678,0.1538,NORMAL,0,0,Windows,unspecified
22:49:16.392,4.92,0.2937,0.3245,0.3091,0.3793,0.15,NORMAL,0,0,Windows,unspecified
22:49:16.418,4.946,0.3184,0.2896,0.304,0.3831,0.1463,NORMAL,0,0,Windows,unspecified
22:49:16.458,4.987,0.2984,0.2863,0.2923,0.3814,0.1429,NORMAL,0,0,Windows,unspecified
22:49:16.496,5.025,0.3046,0.2872,0.2959,0.3865,0.1395,NORMAL,0,0,Windows,unspecified
22:49:16.528,5.056,0.3041,0.2968,0.3004,0.3725,0.1364,NORMAL,0,0,Windows,unspecified
22:49:16.560,5.089,0.3162,0.2968,0.3065,0.3725,0.1333,NORMAL,0,0,Windows,unspecified
22:49:16.590,5.118,0.3041,0.3002,0.3021,0.3704,0.1304,NORMAL,0,0,Windows,unspecified
22:49:16.623,5.152,0.317,0.2968,0.3069,0.3699,0.1277,NORMAL,0,0,Windows,unspecified
22:49:16.665,5.194,0.3098,0.3192,0.3145,0.3676,0.125,NORMAL,0,0,Windows,unspecified
22:49:16.703,5.231,0.3105,0.3002,0.3053,0.3719,0.1224,NORMAL,0,0,Windows,unspecified
22:49:16.734,5.262,0.3407,0.3181,0.3294,0.3659,0.12,NORMAL,0,0,Windows,unspecified
22:49:16.765,5.293,0.3041,0.3151,0.3096,0.3775,0.1176,NORMAL,0,0,Windows,unspecified
22:49:16.796,5.324,0.3347,0.2968,0.3158,0.3698,0.1154,NORMAL,0,0,Windows,unspecified
22:49:16.827,5.355,0.297,0.3035,0.3003,0.3709,0.1132,NORMAL,0,0,Windows,unspecified
22:49:16.860,5.389,0.2922,0.2928,0.2925,0.3571,0.1111,NORMAL,0,0,Windows,unspecified
22:49:16.889,5.418,0.3156,0.2896,0.3026,0.3539,0.1091,NORMAL,0,0,Windows,unspecified
22:49:16.923,5.452,0.3098,0.3035,0.3067,0.3553,0.1071,NORMAL,0,0,Windows,unspecified
22:49:16.949,5.477,0.3264,0.3337,0.3301,0.3592,0.1053,NORMAL,0,0,Windows,unspecified
22:49:16.985,5.513,0.3219,0.3302,0.326,0.352,0.1034,NORMAL,0,0,Windows,unspecified
22:49:17.011,5.54,0.3347,0.3314,0.333,0.3539,0.1017,NORMAL,0,0,Windows,unspecified
22:49:17.064,5.593,0.3095,0.3643,0.3369,0.3658,0.1,NORMAL,0,0,Windows,unspecified
22:49:17.089,5.618,0.3288,0.3504,0.3396,0.3658,0.0984,NORMAL,0,0,Windows,unspecified
22:49:17.134,5.663,0.3151,0.3375,0.3263,0.3592,0.0968,NORMAL,0,0,Windows,unspecified
22:49:17.168,5.697,0.3046,0.3375,0.321,0.3614,0.0952,NORMAL,0,0,Windows,unspecified
22:49:17.201,5.73,0.3012,0.3375,0.3193,0.3637,0.0938,NORMAL,0,0,Windows,unspecified
22:49:17.230,5.759,0.3012,0.3405,0.3209,0.3635,0.0923,NORMAL,0,0,Windows,unspecified
22:49:17.263,5.791,0.3046,0.3284,0.3165,0.3589,0.0909,NORMAL,0,0,Windows,unspecified
22:49:17.292,5.82,0.3046,0.3082,0.3064,0.3632,0.0896,NORMAL,0,0,Windows,unspecified
22:49:17.326,5.854,0.3046,0.3111,0.3078,0.3703,0.0882,NORMAL,0,0,Windows,unspecified
22:49:17.356,5.885,0.3046,0.3111,0.3078,0.357,0.087,NORMAL,0,0,Windows,unspecified
22:49:17.386,5.914,0.3046,0.3284,0.3165,0.3532,0.0857,NORMAL,0,0,Windows,unspecified
22:49:17.420,5.948,0.3035,0.3284,0.316,0.3567,0.0845,NORMAL,0,0,Windows,unspecified
22:49:17.465,5.993,0.3035,0.3284,0.316,0.3585,0.0833,NORMAL,0,0,Windows,unspecified
22:49:17.496,6.024,0.3035,0.3284,0.316,0.3653,0.0822,NORMAL,0,0,Windows,unspecified
22:49:17.529,6.058,0.268,0.2598,0.2639,0.3653,0.0811,NORMAL,0,0,Windows,unspecified
22:49:17.555,6.084,0.2065,0.2257,0.2161,0.3708,0.0933,NORMAL,1,0,Windows,unspecified
22:49:17.591,6.12,0.1467,0.1302,0.1384,0.3758,0.1053,NORMAL,2,0,Windows,unspecified
22:49:17.622,6.15,0.1485,0.1486,0.1486,0.3764,0.1169,NORMAL,3,0,Windows,unspecified
22:49:17.656,6.185,0.2015,0.1485,0.175,0.3811,0.1282,NORMAL,4,0,Windows,unspecified
22:49:17.685,6.214,0.2195,0.1652,0.1923,0.3746,0.1392,NORMAL,5,0,Windows,unspecified
22:49:17.724,6.252,0.2528,0.2204,0.2366,0.372,0.15,NORMAL,6,0,Windows,unspecified
22:49:17.746,6.275,0.2379,0.2384,0.2382,0.3746,0.1605,NORMAL,7,0,Windows,unspecified
22:49:17.788,6.317,0.2752,0.2479,0.2615,0.3714,0.1585,NORMAL,0,0,Windows,unspecified
22:49:17.809,6.338,0.265,0.2656,0.2653,0.3623,0.1566,NORMAL,0,0,Windows,unspecified
22:49:17.870,6.399,0.265,0.2656,0.2653,0.3623,0.1548,NORMAL,0,0,Windows,unspecified
22:49:17.903,6.431,0.265,0.2656,0.2653,0.3623,0.1529,NORMAL,0,0,Windows,unspecified
22:49:17.936,6.465,0.2689,0.2598,0.2644,0.3645,0.1512,NORMAL,0,0,Windows,unspecified
22:49:17.966,6.495,0.2512,0.2598,0.2555,0.3711,0.1494,NORMAL,0,0,Windows,unspecified
22:49:17.998,6.527,0.2291,0.2512,0.2402,0.3729,0.1591,NORMAL,1,0,Windows,unspecified
22:49:18.029,6.557,0.2782,0.2512,0.2647,0.3653,0.1573,NORMAL,0,0,Windows,unspecified
22:49:18.062,6.591,0.2425,0.2122,0.2274,0.3789,0.1667,NORMAL,1,0,Windows,unspecified
22:49:18.094,6.623,0.2468,0.2379,0.2423,0.3616,0.1758,NORMAL,2,0,Windows,unspecified
22:49:18.124,6.653,0.1298,0.0904,0.1101,0.3823,0.1848,NORMAL,3,0,Windows,unspecified
22:49:18.157,6.685,0.106,0.0756,0.0908,0.3743,0.1935,NORMAL,4,0,Windows,unspecified
22:49:18.188,6.717,0.0929,0.1209,0.1069,0.388,0.2021,NORMAL,5,0,Windows,unspecified
22:49:18.219,6.747,0.0873,0.1442,0.1157,0.3844,0.2105,NORMAL,6,0,Windows,unspecified
22:49:18.268,6.797,0.1474,0.1166,0.132,0.3788,0.2188,NORMAL,7,0,Windows,unspecified
22:49:18.296,6.824,0.1478,0.1127,0.1302,0.3824,0.2268,NORMAL,8,0,Windows,unspecified
22:49:18.329,6.857,0.1164,0.1127,0.1145,0.3701,0.2347,NORMAL,9,0,Windows,unspecified
22:49:18.358,6.886,0.0729,0.1362,0.1046,0.3679,0.2424,WARNING,10,0,Windows,unspecified
22:49:18.403,6.931,0.1025,0.1088,0.1056,0.3616,0.13,WARNING,11,0,Windows,unspecified
22:49:18.436,6.965,0.0706,0.0871,0.0788,0.3638,0.1386,WARNING,12,0,Windows,unspecified
22:49:18.468,6.997,0.1065,0.1276,0.117,0.3556,0.1471,WARNING,13,0,Windows,unspecified
22:49:18.498,7.027,0.1065,0.1397,0.1231,0.3581,0.1553,WARNING,14,0,Windows,unspecified
22:49:18.549,7.077,0.1911,0.1893,0.1902,0.3794,0.1635,NORMAL,1,0,Windows,unspecified
22:49:18.586,7.115,0.1202,0.138,0.1291,0.3723,0.1714,NORMAL,2,0,Windows,unspecified
22:49:18.608,7.137,0.109,0.115,0.112,0.3488,0.1792,NORMAL,3,0,Windows,unspecified
22:49:19.788,8.317,0.1714,0.1646,0.168,0.3578,0.1869,NORMAL,1,0,Windows,unspecified
22:49:19.815,8.344,0.1408,0.1304,0.1356,0.3522,0.1944,NORMAL,2,0,Windows,unspecified
22:49:19.865,8.393,0.1473,0.1526,0.1499,0.3399,0.2018,NORMAL,3,0,Windows,unspecified
22:49:19.893,8.422,0.1646,0.1498,0.1572,0.3476,0.2091,NORMAL,4,0,Windows,unspecified
22:49:19.954,8.483,0.1399,0.2213,0.1806,0.3532,0.2162,NORMAL,1,0,Windows,unspecified
22:49:19.995,8.524,0.1109,0.1887,0.1498,0.3775,0.2232,NORMAL,2,0,Windows,unspecified
22:49:20.191,8.719,0.272,0.2389,0.2554,0.422,0.2212,NORMAL,0,0,Windows,unspecified
22:49:20.220,8.748,0.2089,0.2143,0.2116,0.3761,0.2193,NORMAL,0,0,Windows,unspecified
22:49:20.269,8.798,0.1691,0.1723,0.1707,0.3485,0.2261,NORMAL,1,0,Windows,unspecified
22:49:20.296,8.824,0.1779,0.1942,0.1861,0.362,0.2328,NORMAL,2,0,Windows,unspecified
22:49:20.328,8.857,0.1327,0.1474,0.14,0.3507,0.2393,NORMAL,3,0,Windows,unspecified
22:49:20.359,8.887,0.1357,0.1478,0.1418,0.3547,0.2458,NORMAL,4,0,Windows,unspecified
22:49:20.396,8.925,0.1153,0.0607,0.088,0.3516,0.2521,NORMAL,5,0,Windows,unspecified
22:49:20.423,8.951,0.0989,0.0813,0.0901,0.3551,0.2583,NORMAL,6,0,Windows,unspecified
22:49:20.461,8.989,0.1208,0.0769,0.0989,0.3625,0.2645,NORMAL,7,0,Windows,unspecified
22:49:20.485,9.013,0.1045,0.0769,0.0907,0.3618,0.2705,NORMAL,8,0,Windows,unspecified
22:49:20.521,9.05,0.0412,0.0842,0.0627,0.3689,0.2764,NORMAL,9,0,Windows,unspecified
22:49:20.550,9.078,0.0586,0.1127,0.0856,0.374,0.2823,WARNING,10,0,Windows,unspecified
22:49:20.584,9.113,0.132,0.0608,0.0964,0.3675,0.288,WARNING,11,0,Windows,unspecified
22:49:20.614,9.142,0.1057,0.0558,0.0807,0.377,0.2937,WARNING,12,0,Windows,unspecified
22:49:20.669,9.198,0.1414,0.0942,0.1178,0.365,0.2992,WARNING,13,0,Windows,unspecified
22:49:20.691,9.22,0.1237,0.1148,0.1192,0.3773,0.3047,WARNING,14,0,Windows,unspecified
22:49:20.734,9.263,0.1064,0.1243,0.1153,0.3682,0.3101,WARNING,15,0,Windows,unspecified
22:49:20.770,9.299,0.1064,0.1208,0.1136,0.3609,0.3154,WARNING,16,0,Windows,unspecified
22:49:20.801,9.33,0.1057,0.0629,0.0843,0.3652,0.3206,WARNING,17,0,Windows,unspecified
22:49:20.834,9.362,0.1368,0.1166,0.1267,0.3665,0.3258,WARNING,18,0,Windows,unspecified
22:49:20.861,9.39,0.1057,0.0904,0.098,0.3649,0.3308,WARNING,19,0,Windows,unspecified
22:49:20.896,9.425,0.1253,0.0904,0.1078,0.3721,0.3358,DROWSY,20,0,Windows,unspecified
22:49:20.927,9.455,0.104,0.0997,0.1019,0.3699,0.3407,DROWSY,21,0,Windows,unspecified
22:49:20.958,9.487,0.0767,0.0826,0.0796,0.3827,0.3456,DROWSY,22,0,Windows,unspecified
22:49:20.988,9.517,0.1057,0.065,0.0854,0.3746,0.3504,DROWSY,23,0,Windows,unspecified
22:49:21.020,9.549,0.1085,0.0557,0.0821,0.3862,0.3551,DROWSY,24,0,Windows,unspecified
22:49:21.068,9.597,0.1049,0.0869,0.0959,0.3946,0.3597,DROWSY,25,0,Windows,unspecified
22:49:21.098,9.626,0.1049,0.0648,0.0848,0.3864,0.3643,DROWSY,26,0,Windows,unspecified
22:49:21.130,9.659,0.1088,0.0994,0.1041,0.3844,0.3688,DROWSY,27,0,Windows,unspecified
22:49:21.160,9.689,0.1164,0.0959,0.1061,0.374,0.3732,DROWSY,28,0,Windows,unspecified
22:49:21.193,9.721,0.1212,0.1298,0.1255,0.393,0.3776,DROWSY,29,0,Windows,unspecified
22:49:21.224,9.753,0.1049,0.1123,0.1086,0.393,0.3819,DROWSY,30,0,Windows,unspecified
22:49:21.257,9.786,0.0995,0.1123,0.1059,0.4176,0.3862,DROWSY,31,0,Windows,unspecified
22:49:21.286,9.815,0.0998,0.0959,0.0978,0.3999,0.3904,DROWSY,32,0,Windows,unspecified
22:49:21.324,9.852,0.1222,0.1168,0.1195,0.3955,0.3946,DROWSY,33,0,Windows,unspecified
22:49:21.351,9.88,0.1098,0.1123,0.111,0.3885,0.3986,DROWSY,34,0,Windows,unspecified
22:49:21.384,9.913,0.1098,0.1085,0.1091,0.4036,0.4027,DROWSY,35,0,Windows,unspecified
22:49:21.414,9.942,0.106,0.1088,0.1074,0.3988,0.4067,DROWSY,36,0,Windows,unspecified
22:49:21.469,9.998,0.1298,0.1405,0.1351,0.401,0.4133,DROWSY,37,0,Windows,unspecified
22:49:21.506,10.035,0.1315,0.1646,0.1481,0.4033,0.42,DROWSY,38,0,Windows,unspecified
22:49:21.537,10.066,0.1703,0.1587,0.1645,0.4055,0.4267,DROWSY,39,0,Windows,unspecified
22:49:21.569,10.097,0.1768,0.1703,0.1735,0.4125,0.4333,DROWSY,40,0,Windows,unspecified
22:49:21.599,10.127,0.201,0.1697,0.1854,0.4071,0.44,DROWSY,41,0,Windows,unspecified
22:49:21.632,10.161,0.1883,0.1759,0.1821,0.3982,0.4467,DROWSY,42,0,Windows,unspecified
22:49:21.668,10.197,0.2752,0.2428,0.259,0.3866,0.4467,DROWSY,0,0,Windows,unspecified
22:49:21.695,10.223,0.2742,0.2598,0.267,0.3901,0.4467,DROWSY,0,0,Windows,unspecified
22:49:21.726,10.254,0.2792,0.2893,0.2842,0.3878,0.4467,DROWSY,0,0,Windows,unspecified
22:49:21.758,10.287,0.2964,0.2766,0.2865,0.3686,0.4467,DROWSY,0,0,Windows,unspecified
22:49:21.789,10.317,0.2746,0.2722,0.2734,0.3758,0.4467,DROWSY,0,0,Windows,unspecified
22:49:21.819,10.348,0.2846,0.2766,0.2806,0.3653,0.4467,DROWSY,0,0,Windows,unspecified
22:49:21.864,10.393,0.2752,0.2751,0.2751,0.3634,0.4467,DROWSY,0,0,Windows,unspecified
22:49:21.896,10.424,0.2609,0.2689,0.2649,0.3577,0.4467,DROWSY,0,0,Windows,unspecified
22:49:21.930,10.459,0.2846,0.2858,0.2852,0.3634,0.4467,DROWSY,0,0,Windows,unspecified
22:49:21.959,10.488,0.2856,0.3162,0.3009,0.3728,0.4467,DROWSY,0,0,Windows,unspecified
22:49:21.996,10.525,0.2922,0.2938,0.293,0.372,0.4467,DROWSY,0,0,Windows,unspecified
22:49:22.024,10.553,0.309,0.2928,0.3009,0.3628,0.4467,DROWSY,0,0,Windows,unspecified
22:49:22.061,10.589,0.2966,0.3394,0.318,0.3716,0.4467,DROWSY,0,0,Windows,unspecified
22:49:22.083,10.612,0.285,0.3199,0.3025,0.3709,0.4467,DROWSY,0,0,Windows,unspecified
22:49:22.120,10.648,0.3151,0.3215,0.3183,0.3671,0.4467,DROWSY,0,0,Windows,unspecified
22:49:22.147,10.675,0.2987,0.3394,0.3191,0.3621,0.4467,DROWSY,0,0,Windows,unspecified
22:49:22.186,10.714,0.3348,0.326,0.3304,0.372,0.4467,DROWSY,0,0,Windows,unspecified
22:49:22.210,10.738,0.3378,0.326,0.3319,0.372,0.4467,DROWSY,0,0,Windows,unspecified
22:49:22.264,10.793,0.3076,0.326,0.3168,0.366,0.4467,DROWSY,0,0,Windows,unspecified
22:49:22.287,10.815,0.3076,0.3088,0.3082,0.365,0.4467,DROWSY,0,0,Windows,unspecified
22:49:22.330,10.859,0.3076,0.2928,0.3002,0.3612,0.4467,DROWSY,0,0,Windows,unspecified
22:49:22.368,10.897,0.3076,0.309,0.3083,0.3526,0.4467,DROWSY,0,0,Windows,unspecified
22:49:22.395,10.924,0.3021,0.3034,0.3028,0.3453,0.4467,DROWSY,0,0,Windows,unspecified
22:49:22.425,10.954,0.3076,0.2981,0.3028,0.3557,0.4467,DROWSY,0,0,Windows,unspecified
22:49:22.460,10.989,0.2966,0.3035,0.3001,0.3475,0.4467,DROWSY,0,0,Windows,unspecified
22:49:22.488,11.017,0.3087,0.3145,0.3116,0.3518,0.4467,DROWSY,0,0,Windows,unspecified
22:49:22.523,11.052,0.2928,0.3151,0.304,0.363,0.4467,DROWSY,0,0,Windows,unspecified
22:49:22.550,11.079,0.3035,0.3135,0.3085,0.3667,0.4467,DROWSY,0,0,Windows,unspecified
22:49:22.587,11.116,0.3161,0.3642,0.3401,0.3603,0.4467,DROWSY,0,0,Windows,unspecified
22:49:22.613,11.142,0.3201,0.3606,0.3404,0.3541,0.4467,DROWSY,0,0,Windows,unspecified
22:49:22.669,11.197,0.3164,0.3425,0.3294,0.345,0.4467,DROWSY,0,0,Windows,unspecified
22:49:22.692,11.221,0.3201,0.3389,0.3295,0.3492,0.4467,DROWSY,0,0,Windows,unspecified
22:49:22.732,11.261,0.3044,0.3393,0.3218,0.3459,0.4467,DROWSY,0,0,Windows,unspecified
22:49:22.768,11.297,0.2878,0.3298,0.3088,0.3524,0.4467,DROWSY,0,0,Windows,unspecified
22:49:22.798,11.327,0.3065,0.3242,0.3154,0.3498,0.4467,DROWSY,0,0,Windows,unspecified
22:49:22.833,11.362,0.3065,0.3382,0.3223,0.3503,0.4467,DROWSY,0,0,Windows,unspecified
22:49:22.863,11.392,0.3553,0.3639,0.3596,0.3538,0.4467,DROWSY,0,0,Windows,unspecified
22:49:22.893,11.421,0.3388,0.3611,0.3499,0.3678,0.4467,DROWSY,0,0,Windows,unspecified
22:49:22.922,11.45,0.3547,0.3687,0.3617,0.36,0.4467,DROWSY,0,0,Windows,unspecified
22:49:22.954,11.483,0.3388,0.3794,0.3591,0.3606,0.4467,DROWSY,0,0,Windows,unspecified
22:49:22.986,11.515,0.3444,0.3794,0.3619,0.348,0.4467,DROWSY,0,0,Windows,unspecified
22:49:23.016,11.544,0.3504,0.3636,0.357,0.3467,0.4467,DROWSY,0,0,Windows,unspecified
22:49:23.069,11.597,0.3212,0.3667,0.3439,0.3647,0.4467,DROWSY,0,0,Windows,unspecified
22:49:23.093,11.622,0.338,0.3667,0.3523,0.3536,0.4467,DROWSY,0,0,Windows,unspecified
22:49:23.129,11.657,0.3254,0.3667,0.346,0.3592,0.4467,DROWSY,0,0,Windows,unspecified
22:49:23.156,11.684,0.3201,0.3482,0.3342,0.3525,0.4467,DROWSY,0,0,Windows,unspecified
22:49:23.197,11.726,0.3092,0.3482,0.3287,0.3525,0.4467,DROWSY,0,0,Windows,unspecified
22:49:23.218,11.747,0.3264,0.3482,0.3373,0.3555,0.4467,DROWSY,0,0,Windows,unspecified
22:49:23.256,11.785,0.3264,0.3482,0.3373,0.3555,0.4467,DROWSY,0,0,Windows,unspecified
22:49:23.282,11.811,0.3264,0.3482,0.3373,0.3568,0.4467,DROWSY,0,0,Windows,unspecified
22:49:23.321,11.849,0.338,0.3482,0.3431,0.3568,0.4467,DROWSY,0,0,Windows,unspecified
22:49:23.344,11.873,0.3538,0.3505,0.3521,0.3568,0.4467,DROWSY,0,0,Windows,unspecified
22:49:23.386,11.914,0.338,0.3505,0.3442,0.3525,0.4467,DROWSY,0,0,Windows,unspecified
22:49:23.422,11.951,0.3332,0.3609,0.3471,0.356,0.4467,DROWSY,0,0,Windows,unspecified
22:49:23.468,11.997,0.3149,0.3505,0.3327,0.3551,0.4467,DROWSY,0,0,Windows,unspecified
22:49:23.502,12.031,0.3159,0.3474,0.3316,0.3588,0.4467,DROWSY,0,0,Windows,unspecified
22:49:23.536,12.065,0.3321,0.3389,0.3355,0.3464,0.4467,DROWSY,0,0,Windows,unspecified
22:49:23.565,12.093,0.3321,0.3298,0.331,0.3514,0.4467,DROWSY,0,0,Windows,unspecified
22:49:23.596,12.125,0.3413,0.3474,0.3443,0.3653,0.4467,DROWSY,0,0,Windows,unspecified
22:49:23.624,12.153,0.3035,0.3509,0.3272,0.3642,0.4467,DROWSY,0,0,Windows,unspecified
22:49:23.660,12.188,0.3274,0.3557,0.3415,0.3576,0.4467,DROWSY,0,0,Windows,unspecified
22:49:23.689,12.218,0.3274,0.3557,0.3415,0.3546,0.4467,DROWSY,0,0,Windows,unspecified
22:49:23.723,12.252,0.3491,0.3557,0.3524,0.3528,0.4467,DROWSY,0,0,Windows,unspecified
22:49:23.751,12.279,0.3491,0.3736,0.3613,0.3529,0.4467,DROWSY,0,0,Windows,unspecified
22:49:23.789,12.317,0.3448,0.3736,0.3592,0.3576,0.4467,DROWSY,0,0,Windows,unspecified
22:49:23.814,12.342,0.3491,0.3736,0.3613,0.3513,0.4467,DROWSY,0,0,Windows,unspecified
22:49:23.870,12.398,0.3448,0.3378,0.3413,0.3537,0.4467,DROWSY,0,0,Windows,unspecified
22:49:23.908,12.437,0.3274,0.3378,0.3326,0.3602,0.4467,DROWSY,0,0,Windows,unspecified
22:49:23.938,12.467,0.3394,0.3378,0.3386,0.3499,0.4467,DROWSY,0,0,Windows,unspecified
22:49:23.968,12.497,0.3394,0.3378,0.3386,0.361,0.44,DROWSY,0,0,Windows,unspecified
22:49:24.001,12.53,0.3162,0.3378,0.327,0.3483,0.4333,DROWSY,0,0,Windows,unspecified
22:49:24.032,12.561,0.3321,0.3378,0.335,0.357,0.4267,DROWSY,0,0,Windows,unspecified
22:49:24.060,12.589,0.3321,0.3781,0.3551,0.36,0.42,DROWSY,0,0,Windows,unspecified
22:49:24.091,12.619,0.3208,0.348,0.3344,0.3639,0.42,DROWSY,0,0,Windows,unspecified
22:49:24.126,12.654,0.3292,0.3427,0.336,0.3529,0.42,DROWSY,0,0,Windows,unspecified
22:49:24.156,12.685,0.3055,0.3601,0.3328,0.3529,0.42,DROWSY,0,0,Windows,unspecified
22:49:24.184,12.713,0.3166,0.3199,0.3183,0.3583,0.42,DROWSY,0,0,Windows,unspecified
22:49:24.217,12.746,0.3166,0.3394,0.328,0.3493,0.42,DROWSY,0,0,Windows,unspecified
22:49:24.267,12.796,0.2968,0.3378,0.3173,0.3519,0.42,DROWSY,0,0,Windows,unspecified
22:49:24.296,12.825,0.2915,0.3378,0.3147,0.364,0.42,DROWSY,0,0,Windows,unspecified
22:49:24.334,12.863,0.2817,0.326,0.3038,0.3556,0.42,DROWSY,0,0,Windows,unspecified
22:49:24.358,12.887,0.2817,0.3307,0.3062,0.3411,0.42,DROWSY,0,0,Windows,unspecified
22:49:24.395,12.923,0.3245,0.3525,0.3385,0.3405,0.42,DROWSY,0,0,Windows,unspecified
22:49:24.421,12.95,0.3245,0.3664,0.3455,0.3507,0.42,DROWSY,0,0,Windows,unspecified
22:49:24.461,12.989,0.3364,0.3392,0.3378,0.3583,0.42,DROWSY,0,0,Windows,unspecified
22:49:24.484,13.013,0.3333,0.3172,0.3252,0.3624,0.4133,DROWSY,0,0,Windows,unspecified
22:49:24.521,13.05,0.2968,0.2995,0.2982,0.3643,0.4067,DROWSY,0,0,Windows,unspecified
22:49:24.545,13.074,0.2968,0.2981,0.2974,0.3567,0.4,DROWSY,0,0,Windows,unspecified
22:49:24.585,13.114,0.2891,0.2905,0.2898,0.3699,0.3933,DROWSY,0,0,Windows,unspecified
22:49:24.610,13.139,0.2812,0.2675,0.2744,0.3633,0.3867,DROWSY,0,0,Windows,unspecified
22:49:24.664,13.193,0.308,0.2639,0.286,0.3642,0.38,DROWSY,0,0,Windows,unspecified
22:49:24.686,13.215,0.3002,0.2743,0.2872,0.3546,0.3733,DROWSY,0,0,Windows,unspecified
22:49:24.733,13.261,0.3104,0.2973,0.3038,0.3553,0.3667,DROWSY,0,0,Windows,unspecified
22:49:24.766,13.295,0.308,0.2743,0.2912,0.3548,0.36,DROWSY,0,0,Windows,unspecified
22:49:24.796,13.325,0.3364,0.3162,0.3263,0.365,0.3533,DROWSY,0,0,Windows,unspecified
22:49:24.828,13.357,0.346,0.3172,0.3316,0.3623,0.3467,NORMAL,0,0,Windows,unspecified
22:49:24.861,13.39,0.308,0.3226,0.3153,0.3731,0.34,NORMAL,0,0,Windows,unspecified
22:49:24.891,13.42,0.3092,0.3226,0.3159,0.3536,0.3333,NORMAL,0,0,Windows,unspecified
22:49:24.921,13.45,0.2919,0.3216,0.3067,0.349,0.3267,NORMAL,0,0,Windows,unspecified
22:49:24.954,13.483,0.2968,0.2863,0.2915,0.3439,0.32,NORMAL,0,0,Windows,unspecified
22:49:24.988,13.517,0.2872,0.2797,0.2834,0.3489,0.3133,NORMAL,0,0,Windows,unspecified
22:49:25.015,13.544,0.2696,0.2664,0.268,0.3546,0.3067,NORMAL,0,0,Windows,unspecified
22:49:25.069,13.597,0.2519,0.2461,0.249,0.3674,0.3,NORMAL,0,0,Windows,unspecified
22:49:25.092,13.621,0.2544,0.2461,0.2502,0.3532,0.2933,NORMAL,0,0,Windows,unspecified
22:49:25.132,13.661,0.2544,0.2461,0.2502,0.3531,0.2867,NORMAL,0,0,Windows,unspecified
22:49:25.167,13.696,0.2637,0.2511,0.2574,0.3552,0.28,NORMAL,0,0,Windows,unspecified
22:49:25.201,13.729,0.2544,0.2468,0.2506,0.3552,0.28,NORMAL,0,0,Windows,unspecified
22:49:25.231,13.76,0.2506,0.2134,0.232,0.3605,0.28,NORMAL,0,0,Windows,unspecified
22:49:25.263,13.792,0.2506,0.2413,0.246,0.359,0.2733,NORMAL,0,0,Windows,unspecified
22:49:25.293,13.821,0.2506,0.2449,0.2478,0.3623,0.2667,NORMAL,0,0,Windows,unspecified
22:49:25.325,13.853,0.2795,0.2536,0.2665,0.362,0.26,NORMAL,0,0,Windows,unspecified
22:49:25.357,13.886,0.2978,0.2536,0.2757,0.3549,0.2533,NORMAL,0,0,Windows,unspecified
22:49:25.389,13.918,0.2863,0.2461,0.2662,0.3518,0.2467,NORMAL,0,0,Windows,unspecified
22:49:25.420,13.949,0.2687,0.2461,0.2574,0.3518,0.24,NORMAL,0,0,Windows,unspecified
22:49:25.468,13.996,0.265,0.2461,0.2556,0.3526,0.2333,NORMAL,0,0,Windows,unspecified
22:49:25.495,14.024,0.265,0.2461,0.2556,0.3525,0.2267,NORMAL,0,0,Windows,unspecified
22:49:25.531,14.059,0.265,0.2461,0.2556,0.3598,0.22,NORMAL,0,0,Windows,unspecified
22:49:25.561,14.089,0.2474,0.2548,0.2511,0.3557,0.2133,NORMAL,0,0,Windows,unspecified
22:49:25.595,14.124,0.2434,0.221,0.2322,0.3532,0.2067,NORMAL,0,0,Windows,unspecified
22:49:25.622,14.151,0.2479,0.221,0.2344,0.3648,0.2,NORMAL,0,0,Windows,unspecified
22:49:25.660,14.189,0.2473,0.2468,0.2471,0.3676,0.1933,NORMAL,0,0,Windows,unspecified
22:49:25.685,14.213,0.2458,0.2468,0.2463,0.3614,0.1867,NORMAL,0,0,Windows,unspecified
22:49:25.723,14.252,0.265,0.2885,0.2767,0.3656,0.18,NORMAL,0,0,Windows,unspecified
22:49:25.748,14.277,0.2758,0.2896,0.2827,0.3635,0.1733,NORMAL,0,0,Windows,unspecified
22:49:25.790,14.318,0.2942,0.2896,0.2919,0.351,0.1667,NORMAL,0,0,Windows,unspecified
22:49:25.823,14.351,0.3127,0.2896,0.3011,0.351,0.16,NORMAL,0,0,Windows,unspecified
22:49:25.868,14.397,0.3116,0.2896,0.3006,0.3552,0.1533,NORMAL,0,0,Windows,unspecified
22:49:25.903,14.432,0.2937,0.2896,0.2916,0.3651,0.1467,NORMAL,0,0,Windows,unspecified
22:49:25.934,14.463,0.2829,0.2905,0.2867,0.3594,0.14,NORMAL,0,0,Windows,unspecified
22:49:25.964,14.493,0.265,0.2905,0.2778,0.3606,0.1333,NORMAL,0,0,Windows,unspecified
22:49:25.996,14.525,0.265,0.2519,0.2585,0.3755,0.1267,NORMAL,0,0,Windows,unspecified
22:49:26.028,14.557,0.2641,0.272,0.2681,0.3764,0.12,NORMAL,0,0,Windows,unspecified
22:49:26.061,14.59,0.3116,0.2905,0.301,0.3784,0.1133,NORMAL,0,0,Windows,unspecified
22:49:26.088,14.617,0.2856,0.3215,0.3035,0.3811,0.1067,NORMAL,0,0,Windows,unspecified
22:49:26.124,14.653,0.2867,0.2938,0.2902,0.3765,0.1,NORMAL,0,0,Windows,unspecified
22:49:26.152,14.681,0.2867,0.3111,0.2989,0.3784,0.0933,NORMAL,0,0,Windows,unspecified
22:49:26.185,14.714,0.2937,0.3035,0.2986,0.3784,0.0867,NORMAL,0,0,Windows,unspecified
22:49:26.216,14.745,0.2926,0.3215,0.307,0.3764,0.08,NORMAL,0,0,Windows,unspecified
22:49:26.271,14.799,0.3127,0.2896,0.3011,0.3635,0.0733,NORMAL,0,0,Windows,unspecified
22:49:26.307,14.835,0.3127,0.2896,0.3011,0.3635,0.0667,NORMAL,0,0,Windows,unspecified
22:49:26.338,14.866,0.2942,0.3035,0.2989,0.3621,0.06,NORMAL,0,0,Windows,unspecified
22:49:26.371,14.899,0.2942,0.3215,0.3078,0.3738,0.0533,NORMAL,0,0,Windows,unspecified
22:49:26.400,14.929,0.3127,0.3035,0.3081,0.3738,0.0467,NORMAL,0,0,Windows,unspecified
22:49:26.433,14.962,0.3127,0.3046,0.3086,0.3738,0.04,NORMAL,0,0,Windows,unspecified
22:49:26.464,14.993,0.285,0.2928,0.2889,0.3819,0.0333,NORMAL,0,0,Windows,unspecified
22:49:26.496,15.025,0.2379,0.2928,0.2654,0.3769,0.0267,NORMAL,0,0,Windows,unspecified
22:49:26.523,15.052,0.2379,0.2938,0.2658,0.3805,0.02,NORMAL,0,0,Windows,unspecified
22:49:26.557,15.086,0.2861,0.2795,0.2828,0.3785,0.0133,NORMAL,0,0,Windows,unspecified
22:49:26.591,15.119,0.2379,0.2867,0.2623,0.3785,0.0067,NORMAL,0,0,Windows,unspecified
22:49:26.620,15.149,0.2568,0.2867,0.2718,0.3678,0.0,NORMAL,0,0,Windows,unspecified
22:49:26.670,15.198,0.2942,0.2766,0.2854,0.3658,0.0,NORMAL,0,0,Windows,unspecified
22:49:26.698,15.227,0.2937,0.2781,0.2859,0.3716,0.0,NORMAL,0,0,Windows,unspecified
22:49:26.732,15.261,0.2891,0.2867,0.2879,0.3747,0.0,NORMAL,0,0,Windows,unspecified
22:49:26.762,15.291,0.2926,0.3035,0.2981,0.3726,0.0,NORMAL,0,0,Windows,unspecified
22:49:26.797,15.325,0.2926,0.2928,0.2927,0.3728,0.0,NORMAL,0,0,Windows,unspecified
22:49:26.823,15.352,0.2931,0.2928,0.293,0.3728,0.0,NORMAL,0,0,Windows,unspecified
22:49:26.858,15.387,0.2891,0.2928,0.291,0.376,0.0,NORMAL,0,0,Windows,unspecified
22:49:26.886,15.414,0.2902,0.2928,0.2915,0.376,0.0,NORMAL,0,0,Windows,unspecified
22:49:26.920,15.449,0.2937,0.3035,0.2986,0.3738,0.0,NORMAL,0,0,Windows,unspecified
22:49:26.949,15.478,0.3046,0.2928,0.2987,0.3738,0.0,NORMAL,0,0,Windows,unspecified
22:49:26.985,15.514,0.3046,0.2928,0.2987,0.3612,0.0,NORMAL,0,0,Windows,unspecified
22:49:27.011,15.54,0.3046,0.2928,0.2987,0.36,0.0,NORMAL,0,0,Windows,unspecified
22:49:27.065,15.594,0.3046,0.3068,0.3057,0.3667,0.0,NORMAL,0,0,Windows,unspecified
22:49:27.104,15.633,0.3046,0.3068,0.3057,0.36,0.0,NORMAL,0,0,Windows,unspecified
22:49:27.134,15.662,0.2819,0.3068,0.2944,0.3667,0.0,NORMAL,0,0,Windows,unspecified
22:49:27.165,15.694,0.2819,0.3068,0.2944,0.3688,0.0,NORMAL,0,0,Windows,unspecified
22:49:27.195,15.723,0.2742,0.2858,0.28,0.3798,0.0,NORMAL,0,0,Windows,unspecified
22:49:27.228,15.757,0.237,0.2641,0.2506,0.3766,0.0,NORMAL,0,0,Windows,unspecified
22:49:27.262,15.791,0.1485,0.1527,0.1506,0.3657,0.0067,NORMAL,1,0,Windows,unspecified
22:49:27.292,15.821,0.1129,0.13,0.1214,0.3854,0.0133,NORMAL,2,0,Windows,unspecified
22:49:27.324,15.853,0.0963,0.1166,0.1065,0.3886,0.02,NORMAL,3,0,Windows,unspecified
22:49:27.355,15.883,0.1205,0.1166,0.1186,0.3869,0.0267,NORMAL,4,0,Windows,unspecified
22:49:27.388,15.917,0.1587,0.1803,0.1695,0.378,0.0333,NORMAL,5,0,Windows,unspecified
22:49:27.416,15.944,0.143,0.2065,0.1748,0.3651,0.04,NORMAL,6,0,Windows,unspecified
22:49:27.466,15.995,0.1648,0.2239,0.1944,0.3808,0.0467,NORMAL,7,0,Windows,unspecified
22:49:27.494,16.023,0.1648,0.2239,0.1944,0.3742,0.0533,NORMAL,8,0,Windows,unspecified
22:49:27.532,16.061,0.1835,0.2459,0.2147,0.3769,0.0533,NORMAL,0,0,Windows,unspecified
22:49:27.558,16.086,0.201,0.2504,0.2257,0.3704,0.0533,NORMAL,0,0,Windows,unspecified
22:49:27.595,16.123,0.201,0.268,0.2345,0.3614,0.0533,NORMAL,0,0,Windows,unspecified
22:49:27.619,16.148,0.237,0.2504,0.2437,0.367,0.0533,NORMAL,0,0,Windows,unspecified
22:49:27.656,16.184,0.2416,0.268,0.2548,0.3658,0.0533,NORMAL,0,0,Windows,unspecified
22:49:27.683,16.212,0.2782,0.268,0.2731,0.3682,0.0533,NORMAL,0,0,Windows,unspecified
22:49:27.723,16.251,0.2782,0.268,0.2731,0.3682,0.0533,NORMAL,0,0,Windows,unspecified
22:49:27.742,16.271,0.2792,0.2858,0.2825,0.3682,0.0533,NORMAL,0,0,Windows,unspecified
22:49:27.785,16.313,0.2792,0.268,0.2736,0.3607,0.0533,NORMAL,0,0,Windows,unspecified
22:49:27.821,16.349,0.2792,0.268,0.2736,0.3656,0.0533,NORMAL,0,0,Windows,unspecified
22:49:27.867,16.396,0.2792,0.268,0.2736,0.3634,0.0533,NORMAL,0,0,Windows,unspecified
22:49:27.898,16.427,0.2792,0.2858,0.2825,0.3591,0.0533,NORMAL,0,0,Windows,unspecified
22:49:27.931,16.46,0.2782,0.2858,0.282,0.36,0.0533,NORMAL,0,0,Windows,unspecified
22:49:27.960,16.489,0.2846,0.2757,0.2801,0.3608,0.0533,NORMAL,0,0,Windows,unspecified
22:49:27.996,16.525,0.2846,0.268,0.2763,0.3738,0.0533,NORMAL,0,0,Windows,unspecified
22:49:28.025,16.553,0.2782,0.268,0.2731,0.3735,0.0533,NORMAL,0,0,Windows,unspecified
22:49:28.060,16.589,0.2609,0.3046,0.2827,0.3811,0.0533,NORMAL,0,0,Windows,unspecified
22:49:28.087,16.616,0.2994,0.3046,0.302,0.3811,0.0533,NORMAL,0,0,Windows,unspecified
22:49:28.124,16.652,0.265,0.2867,0.2759,0.3811,0.0533,NORMAL,0,0,Windows,unspecified
22:49:28.148,16.676,0.2468,0.2689,0.2578,0.3747,0.0533,NORMAL,0,0,Windows,unspecified
22:49:28.189,16.718,0.2468,0.2585,0.2527,0.369,0.0533,NORMAL,0,0,Windows,unspecified
22:49:28.226,16.755,0.2562,0.2645,0.2604,0.3682,0.0533,NORMAL,0,0,Windows,unspecified
22:49:28.267,16.796,0.2673,0.2689,0.2681,0.3671,0.0533,NORMAL,0,0,Windows,unspecified
22:49:28.304,16.833,0.2673,0.2867,0.277,0.3671,0.0533,NORMAL,0,0,Windows,unspecified
22:49:28.334,16.862,0.2846,0.3035,0.2941,0.3726,0.0533,NORMAL,0,0,Windows,unspecified
22:49:28.366,16.894,0.2609,0.3035,0.2822,0.3726,0.0533,NORMAL,0,0,Windows,unspecified
22:49:28.396,16.924,0.2673,0.2585,0.2629,0.3726,0.0533,NORMAL,0,0,Windows,unspecified
22:49:28.428,16.956,0.2609,0.2585,0.2597,0.3631,0.0533,NORMAL,0,0,Windows,unspecified
22:49:28.457,16.985,0.2977,0.2585,0.2781,0.3706,0.0533,NORMAL,0,0,Windows,unspecified
22:49:28.490,17.019,0.2977,0.2608,0.2792,0.3649,0.0533,NORMAL,0,0,Windows,unspecified
22:49:28.524,17.052,0.2792,0.2879,0.2836,0.3573,0.0533,NORMAL,0,0,Windows,unspecified
22:49:28.555,17.084,0.2742,0.2562,0.2652,0.3573,0.0533,NORMAL,0,0,Windows,unspecified
22:49:28.584,17.113,0.2703,0.2562,0.2633,0.3573,0.0533,NORMAL,0,0,Windows,unspecified
22:49:28.616,17.145,0.2712,0.272,0.2716,0.3639,0.0533,NORMAL,0,0,Windows,unspecified
22:49:28.668,17.197,0.2712,0.2562,0.2637,0.3614,0.0533,NORMAL,0,0,Windows,unspecified
22:49:28.694,17.223,0.265,0.2562,0.2606,0.3631,0.0533,NORMAL,0,0,Windows,unspecified
22:49:28.731,17.26,0.268,0.2562,0.2621,0.3711,0.0533,NORMAL,0,0,Windows,unspecified
22:49:28.758,17.287,0.2459,0.2562,0.2511,0.3661,0.0533,NORMAL,0,0,Windows,unspecified
22:49:28.796,17.324,0.2459,0.2562,0.2511,0.3738,0.0533,NORMAL,0,0,Windows,unspecified
22:49:28.821,17.35,0.2703,0.2562,0.2633,0.3672,0.0533,NORMAL,0,0,Windows,unspecified
22:49:28.861,17.389,0.2504,0.2562,0.2533,0.3623,0.0533,NORMAL,0,0,Windows,unspecified
22:49:28.897,17.426,0.2504,0.2562,0.2533,0.3701,0.0533,NORMAL,0,0,Windows,unspecified
22:49:28.927,17.455,0.2504,0.2555,0.2529,0.3649,0.0533,NORMAL,0,0,Windows,unspecified
22:49:28.960,17.489,0.2504,0.2497,0.2501,0.3571,0.0533,NORMAL,0,0,Windows,unspecified
22:49:28.990,17.518,0.2521,0.2645,0.2583,0.3644,0.0533,NORMAL,0,0,Windows,unspecified
22:49:29.022,17.55,0.2566,0.2653,0.2609,0.3595,0.0533,NORMAL,0,0,Windows,unspecified
22:49:29.071,17.599,0.2407,0.2645,0.2526,0.3656,0.0533,NORMAL,0,0,Windows,unspecified
22:49:29.098,17.626,0.2407,0.2645,0.2526,0.3656,0.0533,NORMAL,0,0,Windows,unspecified
22:49:29.133,17.661,0.2291,0.2585,0.2438,0.3766,0.0533,NORMAL,0,0,Windows,unspecified
22:49:29.163,17.692,0.2291,0.2416,0.2353,0.3784,0.0533,NORMAL,0,0,Windows,unspecified
22:49:29.196,17.725,0.2362,0.268,0.2521,0.3623,0.0533,NORMAL,0,0,Windows,unspecified
22:49:29.225,17.754,0.2362,0.2504,0.2433,0.3634,0.0533,NORMAL,0,0,Windows,unspecified
22:49:29.260,17.789,0.2181,0.1816,0.1998,0.3634,0.06,NORMAL,1,0,Windows,unspecified
22:49:29.287,17.816,0.1591,0.1298,0.1444,0.3856,0.0667,NORMAL,2,0,Windows,unspecified
22:49:29.322,17.851,0.1035,0.1208,0.1121,0.385,0.0733,NORMAL,3,0,Windows,unspecified
22:49:29.349,17.878,0.0969,0.1531,0.125,0.3854,0.08,NORMAL,4,0,Windows,unspecified
22:49:29.388,17.917,0.117,0.1362,0.1266,0.3788,0.0867,NORMAL,5,0,Windows,unspecified
22:49:29.412,17.94,0.0997,0.1534,0.1265,0.3762,0.0933,NORMAL,6,0,Windows,unspecified
22:49:29.465,17.993,0.141,0.1478,0.1444,0.3878,0.1,NORMAL,7,0,Windows,unspecified
22:49:29.489,18.018,0.1587,0.1487,0.1537,0.3842,0.1067,NORMAL,8,0,Windows,unspecified
22:49:29.532,18.061,0.1936,0.1918,0.1927,0.3764,0.1133,NORMAL,9,0,Windows,unspecified
22:49:29.570,18.098,0.2071,0.1989,0.203,0.3697,0.12,WARNING,10,0,Windows,unspecified
22:49:29.600,18.128,0.2319,0.2336,0.2327,0.3644,0.12,NORMAL,0,0,Windows,unspecified
22:49:29.632,18.161,0.2425,0.2407,0.2416,0.366,0.12,NORMAL,0,0,Windows,unspecified
22:49:29.661,18.189,0.2663,0.2407,0.2535,0.3682,0.12,NORMAL,0,0,Windows,unspecified
22:49:29.693,18.222,0.249,0.2407,0.2448,0.3682,0.12,NORMAL,0,0,Windows,unspecified
22:49:29.726,18.254,0.249,0.2645,0.2567,0.376,0.12,NORMAL,0,0,Windows,unspecified
22:49:29.755,18.284,0.249,0.2585,0.2538,0.3744,0.12,NORMAL,0,0,Windows,unspecified
22:49:29.788,18.316,0.249,0.2483,0.2486,0.3644,0.12,NORMAL,0,0,Windows,unspecified
22:49:29.818,18.347,0.249,0.2321,0.2406,0.366,0.12,NORMAL,0,0,Windows,unspecified
22:49:29.869,18.397,0.2354,0.2246,0.23,0.371,0.12,NORMAL,0,0,Windows,unspecified
22:49:29.896,18.424,0.2354,0.2246,0.23,0.3709,0.12,NORMAL,0,0,Windows,unspecified
22:49:29.933,18.461,0.2284,0.2336,0.231,0.3594,0.12,NORMAL,0,0,Windows,unspecified
22:49:29.958,18.487,0.2284,0.2336,0.231,0.3661,0.12,NORMAL,0,0,Windows,unspecified
22:49:29.998,18.527,0.2284,0.2504,0.2394,0.371,0.12,NORMAL,0,0,Windows,unspecified
22:49:30.022,18.551,0.2182,0.2504,0.2343,0.364,0.12,NORMAL,0,0,Windows,unspecified
22:49:30.056,18.585,0.2182,0.2246,0.2214,0.3659,0.12,NORMAL,0,0,Windows,unspecified
22:49:30.085,18.613,0.2139,0.2336,0.2237,0.366,0.12,NORMAL,0,0,Windows,unspecified
22:49:30.126,18.654,0.2182,0.2407,0.2295,0.366,0.12,NORMAL,0,0,Windows,unspecified
22:49:30.160,18.689,0.2325,0.2336,0.2331,0.3682,0.12,NORMAL,0,0,Windows,unspecified
22:49:30.191,18.719,0.2425,0.2599,0.2512,0.3587,0.12,NORMAL,0,0,Windows,unspecified
22:49:30.223,18.752,0.2425,0.2599,0.2512,0.3587,0.12,NORMAL,0,0,Windows,unspecified
22:49:30.264,18.793,0.2522,0.2609,0.2565,0.3661,0.12,NORMAL,0,0,Windows,unspecified
22:49:30.285,18.814,0.2499,0.2562,0.2531,0.3637,0.12,NORMAL,0,0,Windows,unspecified
22:49:30.334,18.863,0.2379,0.2425,0.2402,0.3682,0.12,NORMAL,0,0,Windows,unspecified
22:49:30.364,18.893,0.2407,0.2291,0.2349,0.36,0.12,NORMAL,0,0,Windows,unspecified
22:49:30.396,18.924,0.2336,0.2182,0.2259,0.3567,0.12,NORMAL,0,0,Windows,unspecified
22:49:30.427,18.956,0.2253,0.2182,0.2218,0.3568,0.12,NORMAL,0,0,Windows,unspecified
22:49:30.461,18.99,0.2499,0.219,0.2345,0.381,0.12,NORMAL,0,0,Windows,unspecified
22:49:30.486,19.015,0.225,0.2334,0.2292,0.3664,0.12,NORMAL,0,0,Windows,unspecified
22:49:30.519,19.048,0.2233,0.2268,0.2251,0.3577,0.12,NORMAL,0,0,Windows,unspecified
22:49:30.551,19.08,0.2071,0.2182,0.2127,0.3713,0.12,NORMAL,0,0,Windows,unspecified
22:49:30.584,19.112,0.2169,0.2268,0.2219,0.3739,0.12,NORMAL,0,0,Windows,unspecified
22:49:30.626,19.155,0.2126,0.222,0.2173,0.38,0.12,NORMAL,0,0,Windows,unspecified
22:49:30.667,19.196,0.1639,0.1762,0.1701,0.382,0.1267,NORMAL,1,0,Windows,unspecified
22:49:30.688,19.216,0.1481,0.1888,0.1685,0.3745,0.1333,NORMAL,2,0,Windows,unspecified
22:49:30.728,19.257,0.2084,0.2182,0.2133,0.3649,0.1333,NORMAL,0,0,Windows,unspecified
22:49:30.754,19.282,0.2084,0.2103,0.2093,0.3597,0.1333,NORMAL,0,0,Windows,unspecified
22:49:30.794,19.323,0.2326,0.2182,0.2254,0.3658,0.1333,NORMAL,0,0,Windows,unspecified
22:49:30.817,19.346,0.232,0.2268,0.2294,0.3704,0.1333,NORMAL,0,0,Windows,unspecified
22:49:30.857,19.386,0.2326,0.2325,0.2326,0.3624,0.1333,NORMAL,0,0,Windows,unspecified
22:49:30.894,19.423,0.2589,0.266,0.2624,0.3601,0.1333,NORMAL,0,0,Windows,unspecified
22:49:30.925,19.454,0.2651,0.2403,0.2527,0.3589,0.1333,NORMAL,0,0,Windows,unspecified
22:49:30.957,19.486,0.2589,0.2612,0.26,0.349,0.1333,NORMAL,0,0,Windows,unspecified
22:49:30.991,19.519,0.239,0.2598,0.2494,0.3504,0.1333,NORMAL,0,0,Windows,unspecified
22:49:31.018,19.547,0.2253,0.2358,0.2306,0.3636,0.1333,NORMAL,0,0,Windows,unspecified
22:49:31.071,19.599,0.2407,0.2312,0.236,0.371,0.1333,NORMAL,0,0,Windows,unspecified
22:49:31.097,19.626,0.2412,0.2559,0.2485,0.3677,0.1333,NORMAL,0,0,Windows,unspecified
22:49:31.133,19.662,0.2407,0.266,0.2533,0.3602,0.1333,NORMAL,0,0,Windows,unspecified
22:49:31.159,19.688,0.2512,0.266,0.2586,0.3602,0.1333,NORMAL,0,0,Windows,unspecified
22:49:31.196,19.725,0.2423,0.266,0.2542,0.3665,0.1333,NORMAL,0,0,Windows,unspecified
22:49:31.222,19.751,0.2423,0.2464,0.2444,0.3654,0.1333,NORMAL,0,0,Windows,unspecified
22:49:31.260,19.789,0.2574,0.2404,0.2489,0.3665,0.1333,NORMAL,0,0,Windows,unspecified
22:49:31.286,19.815,0.2574,0.2358,0.2466,0.37,0.1333,NORMAL,0,0,Windows,unspecified
22:49:31.326,19.854,0.2147,0.2321,0.2234,0.3765,0.1333,NORMAL,0,0,Windows,unspecified
22:49:31.364,19.893,0.2101,0.2002,0.2051,0.3632,0.14,NORMAL,1,0,Windows,unspecified
22:49:31.393,19.922,0.1938,0.1951,0.1944,0.3754,0.1467,NORMAL,2,0,Windows,unspecified
22:49:31.426,19.955,0.1994,0.2003,0.1999,0.3661,0.1533,NORMAL,3,0,Windows,unspecified
22:49:31.468,19.996,0.192,0.2014,0.1967,0.3719,0.16,NORMAL,4,0,Windows,unspecified
22:49:31.504,20.033,0.2125,0.2095,0.211,0.3591,0.16,NORMAL,0,0,Windows,unspecified
22:49:31.535,20.064,0.218,0.1922,0.2051,0.3754,0.1667,NORMAL,1,0,Windows,unspecified
22:49:31.566,20.095,0.218,0.2095,0.2137,0.3668,0.1667,NORMAL,0,0,Windows,unspecified
22:49:31.598,20.126,0.2192,0.1808,0.2,0.3801,0.1733,NORMAL,1,0,Windows,unspecified
22:49:31.628,20.156,0.2208,0.1808,0.2008,0.3535,0.18,NORMAL,2,0,Windows,unspecified
22:49:31.659,20.188,0.211,0.1808,0.1959,0.3535,0.1867,NORMAL,3,0,Windows,unspecified
22:49:31.690,20.219,0.2125,0.1808,0.1966,0.366,0.1933,NORMAL,4,0,Windows,unspecified
22:49:31.720,20.249,0.2358,0.1432,0.1895,0.3658,0.2,NORMAL,5,0,Windows,unspecified
22:49:31.753,20.282,0.2273,0.1856,0.2064,0.3725,0.2067,NORMAL,6,0,Windows,unspecified
22:49:31.786,20.315,0.2273,0.2018,0.2145,0.3791,0.2067,NORMAL,0,0,Windows,unspecified
22:49:31.814,20.343,0.2358,0.209,0.2224,0.3582,0.2067,NORMAL,0,0,Windows,unspecified
22:49:31.868,20.397,0.2182,0.2428,0.2305,0.3726,0.2067,NORMAL,0,0,Windows,unspecified
22:49:31.909,20.437,0.2268,0.2428,0.2348,0.3601,0.2067,NORMAL,0,0,Windows,unspecified
22:49:31.940,20.469,0.2312,0.2733,0.2523,0.3624,0.2067,NORMAL,0,0,Windows,unspecified
22:49:31.970,20.499,0.2358,0.2567,0.2463,0.3757,0.2067,NORMAL,0,0,Windows,unspecified
22:49:32.002,20.531,0.2358,0.2728,0.2543,0.367,0.2067,NORMAL,0,0,Windows,unspecified
22:49:32.034,20.563,0.2767,0.2728,0.2748,0.37,0.2067,NORMAL,0,0,Windows,unspecified
22:49:32.065,20.594,0.25,0.2878,0.2689,0.3676,0.2067,NORMAL,0,0,Windows,unspecified
22:49:32.096,20.624,0.2702,0.2718,0.271,0.3743,0.2067,NORMAL,0,0,Windows,unspecified
22:49:32.128,20.657,0.254,0.2878,0.2709,0.3679,0.2067,NORMAL,0,0,Windows,unspecified
22:49:32.159,20.688,0.2728,0.3044,0.2886,0.3742,0.2067,NORMAL,0,0,Windows,unspecified
22:49:32.188,20.717,0.2911,0.3044,0.2978,0.3698,0.2067,NORMAL,0,0,Windows,unspecified
22:49:32.220,20.748,0.2876,0.3044,0.296,0.3798,0.2067,NORMAL,0,0,Windows,unspecified
22:49:32.269,20.798,0.285,0.2653,0.2752,0.3726,0.2,NORMAL,0,0,Windows,unspecified
22:49:32.296,20.825,0.2553,0.2878,0.2716,0.3758,0.1933,NORMAL,0,0,Windows,unspecified
22:49:32.333,20.861,0.2911,0.2824,0.2868,0.356,0.1867,NORMAL,0,0,Windows,unspecified
22:49:32.360,20.889,0.2742,0.2938,0.284,0.3695,0.18,NORMAL,0,0,Windows,unspecified
22:49:32.396,20.924,0.2742,0.3049,0.2896,0.3674,0.1733,NORMAL,0,0,Windows,unspecified
22:49:32.424,20.953,0.2742,0.3044,0.2893,0.3803,0.1667,NORMAL,0,0,Windows,unspecified
22:49:32.459,20.988,0.2599,0.2922,0.2761,0.3755,0.16,NORMAL,0,0,Windows,unspecified
22:49:32.486,21.015,0.2687,0.2856,0.2771,0.3639,0.1533,NORMAL,0,0,Windows,unspecified
22:49:32.521,21.05,0.2453,0.2984,0.2718,0.3774,0.1533,NORMAL,0,0,Windows,unspecified
22:49:32.547,21.075,0.2609,0.2991,0.28,0.3835,0.1533,NORMAL,0,0,Windows,unspecified
22:49:32.588,21.116,0.268,0.2766,0.2723,0.3802,0.1533,NORMAL,0,0,Windows,unspecified
22:49:32.626,21.155,0.2416,0.2757,0.2587,0.3848,0.1533,NORMAL,0,0,Windows,unspecified
22:49:32.664,21.192,0.2256,0.2336,0.2296,0.3757,0.1533,NORMAL,0,0,Windows,unspecified
22:49:32.690,21.219,0.2425,0.239,0.2408,0.3878,0.1533,NORMAL,0,0,Windows,unspecified
22:49:32.730,21.259,0.2336,0.2575,0.2455,0.4117,0.1533,NORMAL,0,0,Windows,unspecified
22:49:32.765,21.294,0.2167,0.2257,0.2212,0.4076,0.1533,NORMAL,0,0,Windows,unspecified
22:49:32.797,21.325,0.2782,0.2751,0.2766,0.4047,0.1533,NORMAL,0,0,Windows,unspecified
22:49:32.828,21.357,0.2891,0.2574,0.2733,0.4207,0.1533,NORMAL,0,0,Windows,unspecified
22:49:32.861,21.39,0.2425,0.2336,0.2381,0.4052,0.1533,NORMAL,0,0,Windows,unspecified
22:49:32.890,21.418,0.2399,0.2407,0.2403,0.4207,0.1533,NORMAL,0,0,Windows,unspecified
22:49:32.924,21.452,0.2645,0.2423,0.2534,0.401,0.1533,NORMAL,0,0,Windows,unspecified
22:49:32.952,21.481,0.2478,0.2645,0.2562,0.3941,0.1533,NORMAL,0,0,Windows,unspecified
22:49:32.991,21.52,0.2585,0.2478,0.2531,0.39,0.1533,NORMAL,0,0,Windows,unspecified
22:49:33.018,21.546,0.2636,0.2551,0.2594,0.3933,0.1533,NORMAL,0,0,Windows,unspecified
22:49:33.067,21.595,0.2742,0.2423,0.2582,0.4096,0.1533,NORMAL,0,0,Windows,unspecified
22:49:33.096,21.625,0.281,0.2819,0.2814,0.4082,0.1533,NORMAL,0,0,Windows,unspecified
22:49:33.133,21.661,0.281,0.2878,0.2844,0.3958,0.1533,NORMAL,0,0,Windows,unspecified
22:49:33.158,21.686,0.2757,0.278,0.2768,0.4078,0.1533,NORMAL,0,0,Windows,unspecified
22:49:33.196,21.725,0.2714,0.2722,0.2718,0.3943,0.1533,NORMAL,0,0,Windows,unspecified
22:49:33.218,21.747,0.2714,0.2785,0.2749,0.3998,0.1533,NORMAL,0,0,Windows,unspecified
22:49:33.260,21.788,0.2931,0.2758,0.2845,0.4,0.1533,NORMAL,0,0,Windows,unspecified
22:49:33.296,21.824,0.2784,0.2687,0.2736,0.4,0.1533,NORMAL,0,0,Windows,unspecified
22:49:33.329,21.857,0.2632,0.2601,0.2616,0.4057,0.1533,NORMAL,0,0,Windows,unspecified
22:49:33.358,21.886,0.2691,0.2902,0.2796,0.3976,0.1533,NORMAL,0,0,Windows,unspecified
22:49:33.389,21.917,0.2834,0.2582,0.2708,0.4146,0.1533,NORMAL,0,0,Windows,unspecified
22:49:33.421,21.949,0.2834,0.252,0.2677,0.4191,0.1533,NORMAL,0,0,Windows,unspecified
22:49:33.465,21.994,0.2687,0.2375,0.2531,0.4085,0.1533,NORMAL,0,0,Windows,unspecified
22:49:33.499,22.028,0.2547,0.2375,0.2461,0.4063,0.1533,NORMAL,0,0,Windows,unspecified
22:49:33.533,22.061,0.2523,0.252,0.2522,0.406,0.1533,NORMAL,0,0,Windows,unspecified
22:49:33.562,22.091,0.2665,0.2372,0.2519,0.4109,0.1533,NORMAL,0,0,Windows,unspecified
22:49:33.593,22.122,0.2601,0.2438,0.2519,0.4085,0.1533,NORMAL,0,0,Windows,unspecified
22:49:33.624,22.152,0.29,0.2567,0.2734,0.406,0.1533,NORMAL,0,0,Windows,unspecified
22:49:33.660,22.189,0.2533,0.2375,0.2454,0.4094,0.1533,NORMAL,0,0,Windows,unspecified
22:49:33.685,22.214,0.2452,0.232,0.2386,0.4081,0.1533,NORMAL,0,0,Windows,unspecified
22:49:33.724,22.253,0.2477,0.252,0.2499,0.4045,0.1533,NORMAL,0,0,Windows,unspecified
22:49:33.765,22.294,0.247,0.2576,0.2523,0.4084,0.1533,NORMAL,0,0,Windows,unspecified
22:49:33.794,22.323,0.2244,0.2108,0.2176,0.4026,0.1533,NORMAL,0,0,Windows,unspecified
22:49:33.825,22.354,0.2477,0.2234,0.2355,0.4048,0.1533,NORMAL,0,0,Windows,unspecified
22:49:33.870,22.398,0.2318,0.2035,0.2177,0.4083,0.1533,NORMAL,0,0,Windows,unspecified
22:49:33.905,22.434,0.2392,0.2303,0.2348,0.4089,0.1533,NORMAL,0,0,Windows,unspecified
22:49:33.935,22.464,0.2477,0.1971,0.2224,0.4088,0.1533,NORMAL,0,0,Windows,unspecified
22:49:33.967,22.495,0.2477,0.1955,0.2216,0.4109,0.1533,NORMAL,0,0,Windows,unspecified
22:49:33.999,22.528,0.2533,0.2029,0.2281,0.4124,0.1533,NORMAL,0,0,Windows,unspecified
22:49:34.026,22.554,0.2452,0.2108,0.228,0.4109,0.1533,NORMAL,0,0,Windows,unspecified
22:49:34.055,22.584,0.2391,0.2043,0.2217,0.4008,0.1533,NORMAL,0,0,Windows,unspecified
22:49:34.090,22.619,0.2027,0.2168,0.2098,0.3977,0.1533,NORMAL,0,0,Windows,unspecified
22:49:34.125,22.653,0.2027,0.2175,0.2101,0.3951,0.1533,NORMAL,0,0,Windows,unspecified
22:49:34.154,22.683,0.1875,0.2497,0.2186,0.3898,0.1533,NORMAL,0,0,Windows,unspecified
22:49:34.185,22.714,0.2169,0.2302,0.2235,0.3782,0.1533,NORMAL,0,0,Windows,unspecified
22:49:34.217,22.745,0.2161,0.2426,0.2293,0.3736,0.1533,NORMAL,0,0,Windows,unspecified
22:49:34.268,22.796,0.2221,0.2494,0.2358,0.371,0.1467,NORMAL,0,0,Windows,unspecified
22:49:34.292,22.821,0.231,0.2494,0.2402,0.3719,0.14,NORMAL,0,0,Windows,unspecified
22:49:34.332,22.861,0.2221,0.2782,0.2501,0.3854,0.1333,NORMAL,0,0,Windows,unspecified
22:49:34.373,22.901,0.2085,0.2578,0.2332,0.3819,0.1267,NORMAL,0,0,Windows,unspecified
22:49:34.402,22.931,0.1822,0.2305,0.2063,0.3993,0.1267,NORMAL,1,0,Windows,unspecified
22:49:34.434,22.963,0.1536,0.1861,0.1698,0.393,0.1267,NORMAL,2,0,Windows,unspecified
22:49:34.464,22.993,0.1725,0.1784,0.1755,0.3963,0.1267,NORMAL,3,0,Windows,unspecified
22:49:34.496,23.025,0.1724,0.1525,0.1624,0.4037,0.1267,NORMAL,4,0,Windows,unspecified
22:49:34.527,23.055,0.1208,0.1481,0.1345,0.4231,0.1267,NORMAL,5,0,Windows,unspecified
22:49:34.558,23.087,0.1398,0.1649,0.1523,0.4191,0.1267,NORMAL,6,0,Windows,unspecified
22:49:34.588,23.117,0.1263,0.1997,0.163,0.4263,0.1333,NORMAL,7,0,Windows,unspecified
22:49:34.623,23.151,0.1263,0.1721,0.1492,0.438,0.14,NORMAL,8,0,Windows,unspecified
22:49:34.666,23.194,0.1228,0.1721,0.1475,0.4313,0.1467,NORMAL,9,0,Windows,unspecified
22:49:34.699,23.228,0.1497,0.1721,0.1609,0.4332,0.1533,WARNING,10,0,Windows,unspecified
22:49:34.733,23.262,0.1906,0.1943,0.1924,0.4229,0.16,WARNING,11,0,Windows,unspecified
22:49:34.762,23.291,0.211,0.2079,0.2094,0.4201,0.16,NORMAL,0,0,Windows,unspecified
22:49:34.794,23.322,0.1679,0.2057,0.1868,0.4047,0.1667,NORMAL,1,0,Windows,unspecified
22:49:34.824,23.353,0.1541,0.1862,0.1701,0.4222,0.1733,NORMAL,2,0,Windows,unspecified
22:49:34.927,23.456,0.1633,0.1773,0.1703,0.3921,0.18,NORMAL,1,0,Windows,unspecified
22:49:34.950,23.479,0.1684,0.1773,0.1729,0.3848,0.1867,NORMAL,2,0,Windows,unspecified
22:49:34.986,23.515,0.1343,0.1632,0.1487,0.3987,0.1933,NORMAL,3,0,Windows,unspecified
22:49:35.013,23.542,0.169,0.1753,0.1721,0.4006,0.2,NORMAL,4,0,Windows,unspecified
22:49:35.064,23.592,0.1533,0.1683,0.1608,0.3963,0.2067,NORMAL,5,0,Windows,unspecified
22:49:35.088,23.617,0.153,0.1683,0.1607,0.3844,0.2133,NORMAL,6,0,Windows,unspecified
22:49:35.132,23.661,0.2318,0.2177,0.2248,0.3846,0.2133,NORMAL,0,0,Windows,unspecified
22:49:35.169,23.697,0.247,0.2102,0.2286,0.3863,0.2133,NORMAL,0,0,Windows,unspecified
22:49:35.199,23.728,0.2104,0.2036,0.207,0.3944,0.22,NORMAL,1,0,Windows,unspecified
22:49:35.228,23.757,0.2242,0.2327,0.2285,0.3864,0.22,NORMAL,0,0,Windows,unspecified
22:49:35.260,23.789,0.2176,0.2019,0.2097,0.3972,0.22,NORMAL,0,0,Windows,unspecified
22:49:35.291,23.82,0.2138,0.17,0.1919,0.3886,0.2267,NORMAL,1,0,Windows,unspecified
22:49:35.320,23.848,0.2303,0.218,0.2241,0.3862,0.2267,NORMAL,0,0,Windows,unspecified
22:49:35.353,23.882,0.2344,0.197,0.2157,0.3944,0.2267,NORMAL,0,0,Windows,unspecified
22:49:35.389,23.918,0.2561,0.2346,0.2453,0.3985,0.2267,NORMAL,0,0,Windows,unspecified
22:49:35.418,23.947,0.2561,0.2429,0.2495,0.3919,0.2267,NORMAL,0,0,Windows,unspecified
22:49:35.468,23.997,0.2512,0.2429,0.2471,0.3855,0.2267,NORMAL,0,0,Windows,unspecified
22:49:35.496,24.025,0.2552,0.2386,0.2469,0.3899,0.2267,NORMAL,0,0,Windows,unspecified
22:49:35.528,24.057,0.2561,0.2385,0.2473,0.3802,0.2267,NORMAL,0,0,Windows,unspecified
22:49:35.556,24.085,0.238,0.2429,0.2405,0.3851,0.2267,NORMAL,0,0,Windows,unspecified
22:49:35.592,24.121,0.2386,0.2429,0.2408,0.3928,0.2267,NORMAL,0,0,Windows,unspecified
22:49:35.620,24.148,0.2298,0.251,0.2404,0.3949,0.2267,NORMAL,0,0,Windows,unspecified
22:49:35.660,24.189,0.2167,0.1808,0.1987,0.397,0.2333,NORMAL,1,0,Windows,unspecified
22:49:35.684,24.213,0.2122,0.1922,0.2022,0.3904,0.24,NORMAL,2,0,Windows,unspecified
22:49:35.724,24.253,0.1335,0.1166,0.1251,0.3876,0.24,NORMAL,3,0,Windows,unspecified
22:49:35.761,24.29,0.1208,0.1346,0.1277,0.3934,0.24,NORMAL,4,0,Windows,unspecified
22:49:35.805,24.333,0.1109,0.1201,0.1155,0.4001,0.2467,NORMAL,5,0,Windows,unspecified
22:49:35.839,24.367,0.1208,0.1072,0.114,0.4052,0.2533,NORMAL,6,0,Windows,unspecified
22:49:35.870,24.399,0.1656,0.1316,0.1486,0.4033,0.26,NORMAL,7,0,Windows,unspecified
22:49:35.902,24.43,0.1527,0.176,0.1644,0.3904,0.2667,NORMAL,8,0,Windows,unspecified
22:49:35.932,24.461,0.1167,0.1127,0.1147,0.4111,0.2733,NORMAL,9,0,Windows,unspecified
22:49:35.965,24.493,0.1166,0.1442,0.1304,0.4026,0.28,WARNING,10,0,Windows,unspecified
22:49:35.996,24.524,0.1033,0.1127,0.108,0.3978,0.2867,WARNING,11,0,Windows,unspecified
22:49:36.026,24.555,0.1149,0.1007,0.1078,0.394,0.2933,WARNING,12,0,Windows,unspecified
22:49:36.058,24.586,0.1534,0.1007,0.1271,0.3963,0.3,WARNING,13,0,Windows,unspecified
22:49:36.088,24.617,0.1597,0.1214,0.1406,0.3882,0.3067,WARNING,14,0,Windows,unspecified
22:49:36.122,24.651,0.184,0.1639,0.174,0.3934,0.3133,WARNING,15,0,Windows,unspecified
22:49:36.152,24.681,0.1697,0.1481,0.1589,0.3901,0.32,WARNING,16,0,Windows,unspecified
22:49:36.202,24.731,0.1759,0.197,0.1864,0.4017,0.3267,WARNING,17,0,Windows,unspecified
22:49:36.230,24.758,0.1923,0.1808,0.1865,0.3979,0.3333,WARNING,18,0,Windows,unspecified
22:49:36.264,24.793,0.2122,0.2181,0.2152,0.397,0.3333,NORMAL,0,0,Windows,unspecified
22:49:36.291,24.819,0.2296,0.2247,0.2272,0.3911,0.3333,NORMAL,0,0,Windows,unspecified
22:49:36.333,24.862,0.2296,0.2108,0.2202,0.4009,0.3333,NORMAL,0,0,Windows,unspecified
22:49:36.370,24.898,0.2428,0.204,0.2234,0.4016,0.3333,NORMAL,0,0,Windows,unspecified
22:49:36.401,24.93,0.2656,0.2085,0.237,0.3994,0.3333,NORMAL,0,0,Windows,unspecified
22:49:36.435,24.963,0.2431,0.2259,0.2345,0.3928,0.3267,NORMAL,0,0,Windows,unspecified
22:49:36.466,24.994,0.2574,0.2582,0.2578,0.4016,0.32,NORMAL,0,0,Windows,unspecified
22:49:36.495,25.024,0.2656,0.2428,0.2542,0.3974,0.3133,NORMAL,0,0,Windows,unspecified
22:49:36.526,25.055,0.2656,0.2423,0.254,0.3994,0.3067,NORMAL,0,0,Windows,unspecified
22:49:36.557,25.086,0.2428,0.2176,0.2302,0.415,0.3067,NORMAL,0,0,Windows,unspecified
22:49:36.603,25.131,0.2519,0.2346,0.2433,0.3971,0.3,NORMAL,0,0,Windows,unspecified
22:49:36.636,25.165,0.2519,0.2509,0.2514,0.3801,0.3,NORMAL,0,0,Windows,unspecified
22:49:36.668,25.196,0.2598,0.2727,0.2663,0.3927,0.2933,NORMAL,0,0,Windows,unspecified
22:49:36.697,25.225,0.2512,0.2504,0.2508,0.3831,0.2867,NORMAL,0,0,Windows,unspecified
22:49:36.732,25.261,0.2598,0.2509,0.2554,0.3859,0.28,NORMAL,0,0,Windows,unspecified
22:49:36.763,25.292,0.2423,0.2303,0.2363,0.3961,0.2733,NORMAL,0,0,Windows,unspecified
22:49:36.792,25.321,0.2593,0.2344,0.2469,0.3892,0.2667,NORMAL,0,0,Windows,unspecified
22:49:36.824,25.353,0.2428,0.2108,0.2268,0.383,0.26,NORMAL,0,0,Windows,unspecified
22:49:36.860,25.389,0.2694,0.2214,0.2454,0.3977,0.26,NORMAL,0,0,Windows,unspecified
22:49:36.886,25.415,0.2512,0.2509,0.2511,0.3922,0.26,NORMAL,0,0,Windows,unspecified
22:49:36.922,25.451,0.2593,0.2475,0.2534,0.3927,0.26,NORMAL,0,0,Windows,unspecified
22:49:36.947,25.476,0.2824,0.2263,0.2543,0.3863,0.26,NORMAL,0,0,Windows,unspecified
22:49:37.001,25.53,0.2429,0.2298,0.2364,0.3861,0.26,NORMAL,0,0,Windows,unspecified
22:49:37.024,25.553,0.2563,0.234,0.2451,0.3831,0.26,NORMAL,0,0,Windows,unspecified
22:49:37.065,25.594,0.2771,0.2423,0.2597,0.378,0.26,NORMAL,0,0,Windows,unspecified
22:49:37.088,25.616,0.2733,0.2465,0.2599,0.3872,0.26,NORMAL,0,0,Windows,unspecified
22:49:37.132,25.661,0.2404,0.2433,0.2418,0.3968,0.26,NORMAL,0,0,Windows,unspecified
22:49:37.164,25.692,0.266,0.2639,0.2649,0.3927,0.26,NORMAL,0,0,Windows,unspecified
22:49:37.199,25.727,0.2824,0.2468,0.2646,0.3843,0.26,NORMAL,0,0,Windows,unspecified
22:49:37.230,25.758,0.2598,0.2465,0.2532,0.3799,0.26,NORMAL,0,0,Windows,unspecified
22:49:37.258,25.787,0.2267,0.2356,0.2312,0.3918,0.26,NORMAL,0,0,Windows,unspecified
22:49:37.292,25.821,0.1952,0.2437,0.2194,0.3879,0.26,NORMAL,0,0,Windows,unspecified
22:49:37.322,25.85,0.1639,0.2068,0.1854,0.3935,0.2667,NORMAL,1,0,Windows,unspecified
22:49:37.354,25.883,0.1871,0.2344,0.2108,0.3881,0.2667,NORMAL,0,0,Windows,unspecified
22:49:37.401,25.93,0.2048,0.2257,0.2153,0.3943,0.2667,NORMAL,0,0,Windows,unspecified
22:49:37.430,25.959,0.1997,0.2428,0.2212,0.3908,0.2667,NORMAL,0,0,Windows,unspecified
22:49:37.464,25.992,0.1997,0.2347,0.2172,0.3906,0.2667,NORMAL,0,0,Windows,unspecified
22:49:37.491,26.02,0.2091,0.2524,0.2307,0.3787,0.2667,NORMAL,0,0,Windows,unspecified
22:49:37.529,26.058,0.2346,0.2561,0.2453,0.3862,0.2667,NORMAL,0,0,Windows,unspecified
22:49:37.556,26.084,0.2598,0.2509,0.2554,0.3687,0.2667,NORMAL,0,0,Windows,unspecified
22:49:37.592,26.12,0.1968,0.2251,0.211,0.3939,0.2667,NORMAL,0,0,Windows,unspecified
22:49:37.621,26.149,0.1923,0.209,0.2006,0.3934,0.2733,NORMAL,1,0,Windows,unspecified
22:49:37.659,26.188,0.1422,0.1707,0.1564,0.3964,0.28,NORMAL,2,0,Windows,unspecified
22:49:37.681,26.209,0.0873,0.1062,0.0968,0.3932,0.2867,NORMAL,3,0,Windows,unspecified
22:49:37.724,26.253,0.1256,0.1208,0.1232,0.3819,0.2933,NORMAL,4,0,Windows,unspecified
22:49:37.759,26.288,0.1422,0.1129,0.1275,0.388,0.3,NORMAL,5,0,Windows,unspecified
22:49:37.801,26.329,0.1473,0.1708,0.159,0.3861,0.3067,NORMAL,6,0,Windows,unspecified
22:49:37.838,26.367,0.1597,0.2015,0.1806,0.3698,0.3133,NORMAL,7,0,Windows,unspecified
22:49:37.870,26.399,0.1698,0.1995,0.1846,0.3992,0.32,NORMAL,8,0,Windows,unspecified
22:49:37.900,26.429,0.1647,0.2124,0.1885,0.3823,0.3267,NORMAL,9,0,Windows,unspecified
22:49:37.933,26.462,0.1961,0.1961,0.1961,0.3936,0.3333,WARNING,10,0,Windows,unspecified
22:49:37.963,26.491,0.2197,0.2294,0.2245,0.3882,0.3333,NORMAL,0,0,Windows,unspecified
22:49:37.995,26.524,0.1997,0.2197,0.2097,0.3799,0.3333,NORMAL,0,0,Windows,unspecified
22:49:38.025,26.554,0.1821,0.2205,0.2013,0.3741,0.34,NORMAL,1,0,Windows,unspecified
22:49:38.062,26.59,0.1889,0.2294,0.2091,0.3825,0.34,NORMAL,0,0,Windows,unspecified
22:49:38.088,26.616,0.2069,0.2197,0.2133,0.3913,0.34,NORMAL,0,0,Windows,unspecified
22:49:38.124,26.652,0.194,0.2338,0.2139,0.3869,0.34,NORMAL,0,0,Windows,unspecified
22:49:38.148,26.677,0.2114,0.2384,0.2249,0.3869,0.34,NORMAL,0,0,Windows,unspecified
22:49:38.202,26.73,0.176,0.2431,0.2095,0.3859,0.34,NORMAL,0,0,Windows,unspecified
22:49:38.227,26.755,0.1684,0.2431,0.2058,0.3901,0.3467,NORMAL,1,0,Windows,unspecified
22:49:38.269,26.797,0.2065,0.2038,0.2052,0.3846,0.3533,DROWSY,2,0,Windows,unspecified
22:49:38.306,26.834,0.2069,0.2149,0.2109,0.3758,0.3533,DROWSY,0,0,Windows,unspecified
22:49:38.338,26.866,0.2221,0.2481,0.2351,0.3822,0.3533,DROWSY,0,0,Windows,unspecified
22:49:38.369,26.897,0.2221,0.234,0.228,0.4142,0.3533,DROWSY,0,0,Windows,unspecified
22:49:38.399,26.928,0.253,0.253,0.253,0.3958,0.3533,DROWSY,0,0,Windows,unspecified
22:49:38.431,26.96,0.2436,0.253,0.2483,0.3751,0.3533,DROWSY,0,0,Windows,unspecified
22:49:38.461,26.99,0.2436,0.2631,0.2533,0.3872,0.3533,DROWSY,0,0,Windows,unspecified
22:49:38.494,27.022,0.2349,0.2673,0.2511,0.3928,0.3533,DROWSY,0,0,Windows,unspecified
22:49:38.524,27.053,0.2436,0.2616,0.2526,0.3892,0.3533,DROWSY,0,0,Windows,unspecified
22:49:38.555,27.084,0.2436,0.2616,0.2526,0.3779,0.3533,DROWSY,0,0,Windows,unspecified
22:49:38.602,27.131,0.2436,0.2673,0.2554,0.3872,0.3533,DROWSY,0,0,Windows,unspecified
22:49:38.632,27.16,0.2528,0.28,0.2664,0.3889,0.3533,DROWSY,0,0,Windows,unspecified
22:49:38.666,27.195,0.2618,0.2721,0.2669,0.3952,0.3533,DROWSY,0,0,Windows,unspecified
22:49:38.694,27.223,0.2718,0.2629,0.2673,0.3952,0.3533,DROWSY,0,0,Windows,unspecified
22:49:38.734,27.263,0.2524,0.2574,0.2549,0.3864,0.3533,DROWSY,0,0,Windows,unspecified
22:49:38.758,27.286,0.2701,0.2758,0.2729,0.3759,0.3533,DROWSY,0,0,Windows,unspecified
22:49:38.795,27.324,0.1968,0.2197,0.2083,0.3839,0.3533,DROWSY,0,0,Windows,unspecified
22:49:38.819,27.348,0.1421,0.1586,0.1503,0.3881,0.36,DROWSY,1,0,Windows,unspecified
22:49:38.856,27.385,0.1422,0.1414,0.1418,0.3977,0.3667,DROWSY,2,0,Windows,unspecified
22:49:38.885,27.413,0.1535,0.1495,0.1515,0.4015,0.3733,DROWSY,3,0,Windows,unspecified
22:49:38.923,27.452,0.1591,0.1413,0.1502,0.393,0.38,DROWSY,4,0,Windows,unspecified
22:49:38.961,27.49,0.1652,0.1468,0.156,0.393,0.3867,DROWSY,5,0,Windows,unspecified
22:49:38.994,27.523,0.1591,0.1653,0.1622,0.3932,0.3933,DROWSY,6,0,Windows,unspecified
22:49:39.025,27.553,0.19,0.1971,0.1936,0.4021,0.4,DROWSY,7,0,Windows,unspecified
22:49:39.069,27.597,0.225,0.1825,0.2038,0.3894,0.4067,DROWSY,8,0,Windows,unspecified
22:49:39.103,27.631,0.2071,0.1942,0.2006,0.3871,0.4133,DROWSY,9,0,Windows,unspecified
22:49:39.130,27.659,0.2384,0.2091,0.2238,0.4023,0.4133,DROWSY,0,0,Windows,unspecified
22:49:39.164,27.692,0.2384,0.2259,0.2322,0.3989,0.4133,DROWSY,0,0,Windows,unspecified
22:49:39.193,27.721,0.2614,0.2344,0.2479,0.41,0.4133,DROWSY,0,0,Windows,unspecified
22:49:39.226,27.754,0.2522,0.204,0.2281,0.4076,0.4133,DROWSY,0,0,Windows,unspecified
22:49:39.256,27.784,0.2425,0.2412,0.2419,0.4154,0.4133,DROWSY,0,0,Windows,unspecified
22:49:39.288,27.816,0.267,0.241,0.254,0.4212,0.4133,DROWSY,0,0,Windows,unspecified
22:49:39.319,27.848,0.2868,0.2509,0.2688,0.3929,0.4133,DROWSY,0,0,Windows,unspecified
22:49:39.352,27.881,0.2614,0.2402,0.2508,0.4034,0.4133,DROWSY,0,0,Windows,unspecified
22:49:39.382,27.91,0.2568,0.2344,0.2456,0.4098,0.4133,DROWSY,0,0,Windows,unspecified
22:49:39.414,27.943,0.2942,0.2735,0.2838,0.4061,0.4133,DROWSY,0,0,Windows,unspecified
22:49:39.465,27.994,0.327,0.2938,0.3104,0.421,0.4067,DROWSY,0,0,Windows,unspecified
22:49:39.492,28.021,0.3127,0.3004,0.3066,0.4028,0.4,DROWSY,0,0,Windows,unspecified
22:49:39.532,28.061,0.3353,0.3055,0.3204,0.4089,0.3933,DROWSY,0,0,Windows,unspecified
22:49:39.555,28.084,0.3116,0.305,0.3083,0.4021,0.3867,DROWSY,0,0,Windows,unspecified
22:49:39.592,28.121,0.3371,0.3218,0.3294,0.4178,0.38,DROWSY,0,0,Windows,unspecified
22:49:39.620,28.148,0.3877,0.3392,0.3634,0.4146,0.3733,DROWSY,0,0,Windows,unspecified
22:49:39.662,28.191,0.3523,0.3101,0.3312,0.3946,0.3667,DROWSY,0,0,Windows,unspecified
22:49:39.696,28.225,0.3371,0.3417,0.3394,0.3832,0.36,DROWSY,0,0,Windows,unspecified
22:49:39.726,28.254,0.3556,0.326,0.3408,0.41,0.3533,DROWSY,0,0,Windows,unspecified
22:49:39.759,28.288,0.3574,0.345,0.3512,0.4082,0.3467,NORMAL,0,0,Windows,unspecified
22:49:39.793,28.321,0.3574,0.3767,0.3671,0.4082,0.34,NORMAL,0,0,Windows,unspecified
22:49:39.823,28.351,0.3601,0.3315,0.3458,0.3997,0.34,NORMAL,0,0,Windows,unspecified
22:49:39.866,28.395,0.348,0.3463,0.3471,0.3969,0.3333,NORMAL,0,0,Windows,unspecified
22:49:39.900,28.429,0.3476,0.3305,0.339,0.3846,0.3267,NORMAL,0,0,Windows,unspecified
22:49:39.932,28.461,0.3523,0.3564,0.3544,0.4013,0.32,NORMAL,0,0,Windows,unspecified
22:49:39.962,28.491,0.3523,0.3677,0.36,0.4075,0.3133,NORMAL,0,0,Windows,unspecified
22:49:39.996,28.525,0.3523,0.3276,0.3399,0.3956,0.3067,NORMAL,0,0,Windows,unspecified
22:49:40.025,28.554,0.3691,0.3414,0.3553,0.4013,0.3,NORMAL,0,0,Windows,unspecified
22:49:40.059,28.587,0.3433,0.356,0.3496,0.4116,0.2933,NORMAL,0,0,Windows,unspecified
22:49:40.088,28.617,0.3585,0.3555,0.357,0.3938,0.2867,NORMAL,0,0,Windows,unspecified
22:49:40.126,28.654,0.3224,0.3405,0.3314,0.3931,0.2867,NORMAL,0,0,Windows,unspecified
22:49:40.151,28.679,0.3288,0.3555,0.3422,0.3932,0.2867,NORMAL,0,0,Windows,unspecified
22:49:40.182,28.711,0.3178,0.3445,0.3312,0.3783,0.28,NORMAL,0,0,Windows,unspecified
22:49:40.212,28.74,0.3548,0.33,0.3424,0.3733,0.28,NORMAL,0,0,Windows,unspecified
22:49:40.266,28.795,0.3711,0.33,0.3505,0.3865,0.28,NORMAL,0,0,Windows,unspecified
22:49:40.292,28.821,0.3507,0.3308,0.3407,0.387,0.2733,NORMAL,0,0,Windows,unspecified
22:49:40.328,28.857,0.3485,0.3208,0.3346,0.389,0.2733,NORMAL,0,0,Windows,unspecified
22:49:40.354,28.883,0.3485,0.331,0.3397,0.3844,0.2733,NORMAL,0,0,Windows,unspecified
22:49:40.394,28.923,0.3178,0.3208,0.3193,0.3912,0.2733,NORMAL,0,0,Windows,unspecified
22:49:40.430,28.959,0.3075,0.3072,0.3074,0.3831,0.2733,NORMAL,0,0,Windows,unspecified
22:49:40.463,28.992,0.3232,0.3208,0.322,0.3778,0.2733,NORMAL,0,0,Windows,unspecified
22:49:40.492,29.021,0.3101,0.3064,0.3083,0.3802,0.2733,NORMAL,0,0,Windows,unspecified
22:49:40.526,29.054,0.3006,0.3072,0.3039,0.3839,0.2733,NORMAL,0,0,Windows,unspecified
22:49:40.556,29.085,0.3006,0.3072,0.3039,0.3865,0.2733,NORMAL,0,0,Windows,unspecified
22:49:40.587,29.116,0.316,0.3072,0.3116,0.3865,0.2733,NORMAL,0,0,Windows,unspecified
22:49:40.618,29.147,0.3285,0.2931,0.3108,0.3768,0.2733,NORMAL,0,0,Windows,unspecified
22:49:40.665,29.193,0.3075,0.3064,0.307,0.3766,0.2667,NORMAL,0,0,Windows,unspecified
22:49:40.696,29.225,0.3179,0.3064,0.3122,0.3781,0.26,NORMAL,0,0,Windows,unspecified
22:49:40.728,29.257,0.3386,0.3008,0.3197,0.3757,0.2533,NORMAL,0,0,Windows,unspecified
22:49:40.759,29.287,0.3224,0.3017,0.312,0.3715,0.2467,NORMAL,0,0,Windows,unspecified
22:49:40.795,29.324,0.3224,0.2861,0.3043,0.3804,0.24,NORMAL,0,0,Windows,unspecified
22:49:40.820,29.348,0.3224,0.3008,0.3116,0.3831,0.2333,NORMAL,0,0,Windows,unspecified
22:49:40.861,29.389,0.324,0.3234,0.3237,0.3717,0.2267,NORMAL,0,0,Windows,unspecified
22:49:40.880,29.409,0.3285,0.3064,0.3175,0.3702,0.22,NORMAL,0,0,Windows,unspecified
22:49:40.919,29.448,0.3285,0.3208,0.3246,0.3768,0.2133,NORMAL,0,0,Windows,unspecified
22:49:40.943,29.472,0.3224,0.3208,0.3216,0.3831,0.2067,NORMAL,0,0,Windows,unspecified
22:49:40.976,29.505,0.3119,0.3208,0.3163,0.3831,0.2,NORMAL,0,0,Windows,unspecified
22:49:41.007,29.536,0.333,0.3064,0.3197,0.3781,0.1933,NORMAL,0,0,Windows,unspecified
22:49:41.064,29.593,0.333,0.2998,0.3164,0.3727,0.1867,NORMAL,0,0,Windows,unspecified
22:49:41.100,29.628,0.333,0.2998,0.3164,0.3727,0.18,NORMAL,0,0,Windows,unspecified
22:49:41.132,29.661,0.3224,0.2998,0.3111,0.3692,0.1733,NORMAL,0,0,Windows,unspecified
22:49:41.163,29.691,0.3257,0.3054,0.3155,0.3714,0.1667,NORMAL,0,0,Windows,unspecified
22:49:41.192,29.721,0.346,0.3215,0.3337,0.3652,0.16,NORMAL,0,0,Windows,unspecified
22:49:41.223,29.751,0.3224,0.3289,0.3256,0.3691,0.1533,NORMAL,0,0,Windows,unspecified
22:49:41.256,29.785,0.3285,0.3208,0.3246,0.3764,0.1533,NORMAL,0,0,Windows,unspecified
22:49:41.286,29.815,0.3079,0.3415,0.3247,0.3765,0.1533,NORMAL,0,0,Windows,unspecified
22:49:41.321,29.85,0.3347,0.324,0.3293,0.3813,0.1533,NORMAL,0,0,Windows,unspecified
22:49:41.350,29.879,0.3347,0.319,0.3268,0.3813,0.1533,NORMAL,0,0,Windows,unspecified
22:49:41.380,29.908,0.3347,0.324,0.3293,0.3751,0.1533,NORMAL,0,0,Windows,unspecified
22:49:41.412,29.941,0.3352,0.324,0.3296,0.3702,0.1533,NORMAL,0,0,Windows,unspecified
22:49:41.465,29.994,0.333,0.325,0.329,0.3717,0.1533,NORMAL,0,0,Windows,unspecified
22:49:41.492,30.021,0.3487,0.325,0.3369,0.3691,0.1533,NORMAL,0,0,Windows,unspecified
22:49:41.530,30.059,0.333,0.3201,0.3265,0.3688,0.1533,NORMAL,0,0,Windows,unspecified
22:49:41.554,30.083,0.333,0.3496,0.3413,0.3712,0.1533,NORMAL,0,0,Windows,unspecified
22:49:41.595,30.124,0.3276,0.3351,0.3314,0.3639,0.1533,NORMAL,0,0,Windows,unspecified
22:49:41.618,30.146,0.3276,0.3351,0.3314,0.3732,0.1533,NORMAL,0,0,Windows,unspecified
22:49:41.657,30.185,0.3433,0.3351,0.3392,0.3805,0.1533,NORMAL,0,0,Windows,unspecified
22:49:41.680,30.209,0.3325,0.324,0.3282,0.3818,0.1533,NORMAL,0,0,Windows,unspecified
22:49:41.725,30.254,0.3487,0.3391,0.3439,0.3813,0.1533,NORMAL,0,0,Windows,unspecified
22:49:41.758,30.287,0.3413,0.3391,0.3402,0.3813,0.1533,NORMAL,0,0,Windows,unspecified
22:49:41.793,30.322,0.3466,0.3391,0.3429,0.3771,0.1533,NORMAL,0,0,Windows,unspecified
22:49:41.823,30.351,0.3411,0.3391,0.3401,0.3771,0.1533,NORMAL,0,0,Windows,unspecified
22:49:41.869,30.397,0.333,0.3415,0.3373,0.3725,0.1533,NORMAL,0,0,Windows,unspecified
22:49:41.900,30.428,0.3179,0.3415,0.3297,0.3713,0.1533,NORMAL,0,0,Windows,unspecified
22:49:41.932,30.461,0.3079,0.3351,0.3215,0.3787,0.1533,NORMAL,0,0,Windows,unspecified
22:49:41.961,30.49,0.3079,0.3351,0.3215,0.3739,0.1533,NORMAL,0,0,Windows,unspecified
22:49:41.995,30.524,0.3179,0.3351,0.3265,0.374,0.1533,NORMAL,0,0,Windows,unspecified
22:49:42.026,30.554,0.3179,0.3248,0.3214,0.3788,0.1533,NORMAL,0,0,Windows,unspecified
22:49:42.060,30.589,0.333,0.33,0.3315,0.374,0.1533,NORMAL,0,0,Windows,unspecified
22:49:42.088,30.616,0.333,0.3449,0.339,0.374,0.1533,NORMAL,0,0,Windows,unspecified
22:49:42.123,30.652,0.333,0.33,0.3315,0.374,0.1533,NORMAL,0,0,Windows,unspecified
22:49:42.150,30.679,0.3433,0.3351,0.3392,0.3691,0.1533,NORMAL,0,0,Windows,unspecified
22:49:42.184,30.712,0.3276,0.3351,0.3314,0.3691,0.1533,NORMAL,0,0,Windows,unspecified
22:49:42.214,30.743,0.3276,0.3201,0.3238,0.359,0.1533,NORMAL,0,0,Windows,unspecified
22:49:42.269,30.797,0.3276,0.3201,0.3238,0.3617,0.1533,NORMAL,0,0,Windows,unspecified
22:49:42.291,30.82,0.3257,0.319,0.3224,0.3617,0.1533,NORMAL,0,0,Windows,unspecified
22:49:42.331,30.86,0.3257,0.3381,0.3319,0.374,0.1467,NORMAL,0,0,Windows,unspecified
22:49:42.371,30.899,0.3119,0.3381,0.325,0.3661,0.1467,NORMAL,0,0,Windows,unspecified
22:49:42.401,30.93,0.3119,0.3485,0.3302,0.3649,0.1467,NORMAL,0,0,Windows,unspecified
22:49:42.434,30.963,0.3179,0.3485,0.3332,0.3649,0.1467,NORMAL,0,0,Windows,unspecified
22:49:42.464,30.993,0.3101,0.334,0.322,0.3638,0.1467,NORMAL,0,0,Windows,unspecified
22:49:42.496,31.025,0.3101,0.334,0.322,0.359,0.1467,NORMAL,0,0,Windows,unspecified
22:49:42.527,31.055,0.316,0.3302,0.3231,0.3641,0.1467,NORMAL,0,0,Windows,unspecified
22:49:42.558,31.087,0.3311,0.3302,0.3306,0.3641,0.1467,NORMAL,0,0,Windows,unspecified
22:49:42.589,31.117,0.3311,0.324,0.3275,0.3641,0.1467,NORMAL,0,0,Windows,unspecified
22:49:42.620,31.149,0.3311,0.3381,0.3346,0.3818,0.14,NORMAL,0,0,Windows,unspecified
22:49:42.667,31.196,0.333,0.3381,0.3355,0.3713,0.1333,NORMAL,0,0,Windows,unspecified
22:49:42.698,31.227,0.3347,0.3381,0.3364,0.3788,0.1267,NORMAL,0,0,Windows,unspecified
22:49:42.732,31.261,0.3504,0.324,0.3372,0.3772,0.12,NORMAL,0,0,Windows,unspecified
22:49:42.761,31.29,0.3347,0.325,0.3298,0.3797,0.1133,NORMAL,0,0,Windows,unspecified
22:49:42.797,31.325,0.3347,0.3201,0.3274,0.3771,0.1067,NORMAL,0,0,Windows,unspecified
22:49:42.822,31.35,0.3292,0.3057,0.3174,0.3726,0.1,NORMAL,0,0,Windows,unspecified
22:49:42.858,31.387,0.3292,0.3201,0.3246,0.3808,0.0933,NORMAL,0,0,Windows,unspecified
22:49:42.885,31.414,0.334,0.3248,0.3294,0.3726,0.0867,NORMAL,0,0,Windows,unspecified
22:49:42.921,31.45,0.334,0.3351,0.3346,0.3834,0.08,NORMAL,0,0,Windows,unspecified
22:49:42.945,31.474,0.3232,0.3351,0.3292,0.3808,0.08,NORMAL,0,0,Windows,unspecified
22:49:42.979,31.507,0.3276,0.3351,0.3314,0.3697,0.08,NORMAL,0,0,Windows,unspecified
22:49:43.008,31.536,0.3075,0.3156,0.3116,0.3771,0.0733,NORMAL,0,0,Windows,unspecified
22:49:43.065,31.594,0.3292,0.3208,0.325,0.3771,0.0733,NORMAL,0,0,Windows,unspecified
22:49:43.103,31.632,0.3292,0.3111,0.3202,0.3757,0.0733,NORMAL,0,0,Windows,unspecified
22:49:43.134,31.663,0.3403,0.3208,0.3306,0.3782,0.0733,NORMAL,0,0,Windows,unspecified
22:49:43.164,31.693,0.3403,0.3208,0.3306,0.3758,0.0733,NORMAL,0,0,Windows,unspecified
22:49:43.196,31.725,0.3403,0.3208,0.3306,0.3759,0.0733,NORMAL,0,0,Windows,unspecified
22:49:43.226,31.755,0.3403,0.3156,0.328,0.3759,0.0667,NORMAL,0,0,Windows,unspecified
22:49:43.259,31.788,0.3403,0.2963,0.3183,0.3759,0.06,NORMAL,0,0,Windows,unspecified
22:49:43.290,31.819,0.3347,0.3054,0.32,0.3666,0.06,NORMAL,0,0,Windows,unspecified
22:49:43.320,31.849,0.3224,0.3054,0.3139,0.3666,0.06,NORMAL,0,0,Windows,unspecified
22:49:43.353,31.881,0.3224,0.3064,0.3144,0.3638,0.06,NORMAL,0,0,Windows,unspecified
22:49:43.382,31.911,0.3224,0.3064,0.3144,0.3638,0.06,NORMAL,0,0,Windows,unspecified
22:49:43.414,31.942,0.3224,0.3208,0.3216,0.3638,0.06,NORMAL,0,0,Windows,unspecified
22:49:43.465,31.994,0.3224,0.3208,0.3216,0.3628,0.06,NORMAL,0,0,Windows,unspecified
22:49:43.494,32.022,0.3224,0.3064,0.3144,0.3653,0.06,NORMAL,0,0,Windows,unspecified
22:49:43.532,32.061,0.2919,0.2924,0.2921,0.3653,0.06,NORMAL,0,0,Windows,unspecified
22:49:43.571,32.1,0.2919,0.2924,0.2921,0.3653,0.06,NORMAL,0,0,Windows,unspecified
22:49:43.604,32.132,0.2919,0.3017,0.2968,0.375,0.06,NORMAL,0,0,Windows,unspecified
22:49:43.632,32.161,0.2987,0.3017,0.3002,0.3737,0.06,NORMAL,0,0,Windows,unspecified
22:49:43.660,32.189,0.2987,0.2953,0.297,0.375,0.06,NORMAL,0,0,Windows,unspecified
22:49:43.696,32.225,0.2987,0.3017,0.3002,0.3773,0.06,NORMAL,0,0,Windows,unspecified
22:49:43.726,32.255,0.3039,0.3006,0.3023,0.375,0.06,NORMAL,0,0,Windows,unspecified
22:49:43.758,32.286,0.3022,0.2862,0.2942,0.375,0.06,NORMAL,0,0,Windows,unspecified
22:49:43.789,32.318,0.3074,0.2953,0.3014,0.3775,0.06,NORMAL,0,0,Windows,unspecified
22:49:43.822,32.351,0.3074,0.3006,0.304,0.382,0.0533,NORMAL,0,0,Windows,unspecified
22:49:43.866,32.394,0.1618,0.1559,0.1589,0.3916,0.0533,NORMAL,1,0,Windows,unspecified
22:49:43.901,32.43,0.1449,0.1262,0.1355,0.4,0.0533,NORMAL,2,0,Windows,unspecified
22:49:43.932,32.46,0.1357,0.1262,0.1309,0.3949,0.0533,NORMAL,3,0,Windows,unspecified
22:49:43.961,32.49,0.1118,0.1223,0.1171,0.3866,0.0533,NORMAL,4,0,Windows,unspecified
22:49:43.997,32.525,0.1474,0.106,0.1267,0.3801,0.0533,NORMAL,5,0,Windows,unspecified
22:49:44.025,32.553,0.1648,0.1247,0.1448,0.3941,0.0533,NORMAL,6,0,Windows,unspecified
22:49:44.059,32.587,0.2146,0.1766,0.1956,0.3975,0.0533,NORMAL,7,0,Windows,unspecified
22:49:44.085,32.614,0.2006,0.2108,0.2057,0.3975,0.0533,NORMAL,8,0,Windows,unspecified
22:49:44.122,32.65,0.2155,0.2108,0.2131,0.3928,0.0533,NORMAL,0,0,Windows,unspecified
22:49:44.150,32.678,0.2297,0.2374,0.2336,0.3864,0.0533,NORMAL,0,0,Windows,unspecified
22:49:44.181,32.709,0.262,0.2374,0.2497,0.3944,0.0533,NORMAL,0,0,Windows,unspecified
22:49:44.211,32.739,0.2366,0.2442,0.2404,0.388,0.0533,NORMAL,0,0,Windows,unspecified
22:49:44.264,32.793,0.2664,0.2381,0.2522,0.3912,0.0533,NORMAL,0,0,Windows,unspecified
22:49:44.305,32.833,0.2522,0.252,0.2521,0.385,0.0533,NORMAL,0,0,Windows,unspecified
22:49:44.335,32.864,0.2588,0.2439,0.2513,0.3866,0.0533,NORMAL,0,0,Windows,unspecified
22:49:44.368,32.897,0.2588,0.2439,0.2513,0.3929,0.0533,NORMAL,0,0,Windows,unspecified
22:49:44.398,32.927,0.262,0.2382,0.2501,0.3801,0.0533,NORMAL,0,0,Windows,unspecified
22:49:44.430,32.958,0.2516,0.231,0.2413,0.3848,0.0533,NORMAL,0,0,Windows,unspecified
22:49:44.460,32.988,0.2746,0.2652,0.2699,0.3865,0.0533,NORMAL,0,0,Windows,unspecified
22:49:44.508,33.036,0.2489,0.2515,0.2502,0.3993,0.0533,NORMAL,0,0,Windows,unspecified
22:49:44.539,33.067,0.2434,0.2515,0.2474,0.3873,0.0533,NORMAL,0,0,Windows,unspecified
22:49:44.570,33.099,0.2531,0.279,0.266,0.388,0.0533,NORMAL,0,0,Windows,unspecified
22:49:44.600,33.128,0.2689,0.2727,0.2708,0.397,0.0533,NORMAL,0,0,Windows,unspecified
22:49:44.632,33.16,0.2689,0.2652,0.267,0.3882,0.0533,NORMAL,0,0,Windows,unspecified
22:49:44.671,33.199,0.276,0.2737,0.2749,0.3842,0.0533,NORMAL,0,0,Windows,unspecified
22:49:44.696,33.224,0.2782,0.2607,0.2694,0.3808,0.0533,NORMAL,0,0,Windows,unspecified
22:49:44.733,33.262,0.276,0.2523,0.2642,0.3801,0.0533,NORMAL,0,0,Windows,unspecified
22:49:44.758,33.287,0.2746,0.2523,0.2635,0.3991,0.0533,NORMAL,0,0,Windows,unspecified
22:49:44.795,33.324,0.2516,0.26,0.2558,0.3838,0.0533,NORMAL,0,0,Windows,unspecified
22:49:44.821,33.349,0.276,0.2754,0.2757,0.3828,0.0533,NORMAL,0,0,Windows,unspecified
22:49:44.861,33.389,0.2714,0.2526,0.262,0.3826,0.0533,NORMAL,0,0,Windows,unspecified
22:49:44.899,33.427,0.2722,0.2601,0.2661,0.3912,0.0533,NORMAL,0,0,Windows,unspecified
22:49:44.931,33.459,0.2823,0.2601,0.2712,0.3716,0.0533,NORMAL,0,0,Windows,unspecified
22:49:44.958,33.487,0.2781,0.2895,0.2838,0.3776,0.0533,NORMAL,0,0,Windows,unspecified
22:49:44.991,33.519,0.2784,0.2902,0.2843,0.381,0.0533,NORMAL,0,0,Windows,unspecified
22:49:45.020,33.549,0.2714,0.2537,0.2625,0.3787,0.0533,NORMAL,0,0,Windows,unspecified
22:49:45.068,33.597,0.2714,0.2537,0.2625,0.3928,0.0533,NORMAL,0,0,Windows,unspecified
22:49:45.099,33.627,0.2628,0.2533,0.2581,0.4033,0.0533,NORMAL,0,0,Windows,unspecified
22:49:45.129,33.658,0.2714,0.2702,0.2708,0.4027,0.0533,NORMAL,0,0,Windows,unspecified
22:49:45.162,33.691,0.2714,0.2582,0.2648,0.3892,0.0533,NORMAL,0,0,Windows,unspecified
22:49:45.197,33.726,0.2645,0.2547,0.2596,0.3896,0.0533,NORMAL,0,0,Windows,unspecified
22:49:45.223,33.752,0.2555,0.2842,0.2698,0.3895,0.0533,NORMAL,0,0,Windows,unspecified
22:49:45.261,33.789,0.2585,0.2477,0.2531,0.3926,0.0533,NORMAL,0,0,Windows,unspecified
22:49:45.285,33.814,0.2475,0.2636,0.2556,0.3943,0.0533,NORMAL,0,0,Windows,unspecified
22:49:45.320,33.849,0.2475,0.2477,0.2476,0.3868,0.0533,NORMAL,0,0,Windows,unspecified
22:49:45.350,33.878,0.264,0.2468,0.2554,0.3808,0.0533,NORMAL,0,0,Windows,unspecified
22:49:45.380,33.909,0.2645,0.2402,0.2523,0.3939,0.0533,NORMAL,0,0,Windows,unspecified
22:49:45.408,33.937,0.244,0.2313,0.2377,0.389,0.0533,NORMAL,0,0,Windows,unspecified
22:49:45.465,33.993,0.2278,0.2247,0.2263,0.4013,0.0533,NORMAL,0,0,Windows,unspecified
22:49:45.487,34.016,0.253,0.272,0.2625,0.4094,0.0533,NORMAL,0,0,Windows,unspecified
22:49:45.529,34.058,0.249,0.209,0.229,0.3925,0.0533,NORMAL,0,0,Windows,unspecified
22:49:45.553,34.082,0.2499,0.2326,0.2412,0.3872,0.0533,NORMAL,0,0,Windows,unspecified
22:49:45.597,34.126,0.268,0.2344,0.2512,0.3877,0.0533,NORMAL,0,0,Windows,unspecified
22:49:45.633,34.162,0.2512,0.2567,0.254,0.3871,0.0533,NORMAL,0,0,Windows,unspecified
22:49:45.662,34.191,0.2341,0.216,0.225,0.3957,0.0533,NORMAL,0,0,Windows,unspecified
22:49:45.694,34.223,0.2341,0.2498,0.2419,0.399,0.0533,NORMAL,0,0,Windows,unspecified
22:49:45.724,34.253,0.2167,0.2077,0.2122,0.3996,0.0533,NORMAL,0,0,Windows,unspecified
22:49:45.757,34.285,0.194,0.2187,0.2063,0.3893,0.06,NORMAL,1,0,Windows,unspecified
22:49:45.786,34.315,0.2122,0.224,0.2181,0.3778,0.06,NORMAL,0,0,Windows,unspecified
22:49:45.819,34.348,0.2015,0.2091,0.2053,0.3967,0.0667,NORMAL,1,0,Windows,unspecified
22:49:45.865,34.394,0.249,0.2512,0.2501,0.4088,0.0667,NORMAL,0,0,Windows,unspecified
22:49:45.896,34.425,0.2654,0.2694,0.2674,0.4048,0.0667,NORMAL,0,0,Windows,unspecified
22:49:45.933,34.461,0.2664,0.259,0.2627,0.4071,0.0667,NORMAL,0,0,Windows,unspecified
22:49:45.957,34.485,0.2825,0.259,0.2707,0.3932,0.0667,NORMAL,0,0,Windows,unspecified
22:49:45.995,34.524,0.3031,0.2413,0.2722,0.4086,0.0667,NORMAL,0,0,Windows,unspecified
22:49:46.022,34.551,0.2935,0.2519,0.2727,0.3898,0.0667,NORMAL,0,0,Windows,unspecified
22:49:46.058,34.587,0.267,0.2681,0.2676,0.3915,0.0667,NORMAL,0,0,Windows,unspecified
22:49:46.082,34.611,0.2664,0.2679,0.2671,0.3845,0.0667,NORMAL,0,0,Windows,unspecified
22:49:46.121,34.649,0.2903,0.269,0.2796,0.398,0.0667,NORMAL,0,0,Windows,unspecified
22:49:46.146,34.674,0.2832,0.2431,0.2631,0.3796,0.0667,NORMAL,0,0,Windows,unspecified
22:49:46.176,34.705,0.2832,0.2431,0.2631,0.3933,0.0667,NORMAL,0,0,Windows,unspecified
22:49:46.209,34.738,0.2782,0.2431,0.2606,0.3841,0.0667,NORMAL,0,0,Windows,unspecified
22:49:46.264,34.793,0.2738,0.2609,0.2673,0.3999,0.0667,NORMAL,0,0,Windows,unspecified
22:49:46.291,34.82,0.2902,0.2614,0.2758,0.4024,0.0667,NORMAL,0,0,Windows,unspecified
22:49:46.328,34.857,0.2782,0.2518,0.265,0.3954,0.0667,NORMAL,0,0,Windows,unspecified
22:49:46.353,34.882,0.2782,0.2609,0.2695,0.3954,0.0667,NORMAL,0,0,Windows,unspecified
22:49:46.393,34.922,0.2825,0.2614,0.2719,0.4107,0.0667,NORMAL,0,0,Windows,unspecified
22:49:46.415,34.943,0.2774,0.2679,0.2727,0.4107,0.0667,NORMAL,0,0,Windows,unspecified
22:49:46.456,34.985,0.2944,0.2614,0.2779,0.412,0.0667,NORMAL,0,0,Windows,unspecified
22:49:46.493,35.022,0.3108,0.2614,0.2861,0.4049,0.0667,NORMAL,0,0,Windows,unspecified
22:49:46.525,35.054,0.298,0.2712,0.2846,0.4075,0.0667,NORMAL,0,0,Windows,unspecified
22:49:46.554,35.083,0.2825,0.2712,0.2768,0.4075,0.0667,NORMAL,0,0,Windows,unspecified
22:49:46.586,35.115,0.2576,0.2528,0.2552,0.398,0.0667,NORMAL,0,0,Windows,unspecified
22:49:46.618,35.147,0.2687,0.2719,0.2703,0.3997,0.0667,NORMAL,0,0,Windows,unspecified
22:49:46.668,35.197,0.2635,0.2782,0.2708,0.4026,0.0667,NORMAL,0,0,Windows,unspecified
22:49:46.694,35.222,0.2687,0.2719,0.2703,0.4154,0.0667,NORMAL,0,0,Windows,unspecified
22:49:46.729,35.257,0.2739,0.2528,0.2634,0.4098,0.0667,NORMAL,0,0,Windows,unspecified
22:49:46.760,35.289,0.2739,0.225,0.2495,0.4027,0.0667,NORMAL,0,0,Windows,unspecified
22:49:46.796,35.324,0.3023,0.2384,0.2704,0.4072,0.0667,NORMAL,0,0,Windows,unspecified
22:49:46.820,35.349,0.2825,0.2468,0.2646,0.412,0.0667,NORMAL,0,0,Windows,unspecified
22:49:46.859,35.387,0.2936,0.2431,0.2683,0.4122,0.0667,NORMAL,0,0,Windows,unspecified
22:49:46.885,35.414,0.298,0.2677,0.2828,0.4223,0.0667,NORMAL,0,0,Windows,unspecified
22:49:46.919,35.448,0.2894,0.2609,0.2751,0.4203,0.0667,NORMAL,0,0,Windows,unspecified
22:49:46.946,35.475,0.2849,0.2609,0.2729,0.4132,0.0667,NORMAL,0,0,Windows,unspecified
22:49:46.980,35.509,0.2849,0.2562,0.2705,0.4249,0.0667,NORMAL,0,0,Windows,unspecified
22:49:47.012,35.541,0.2687,0.2384,0.2536,0.4181,0.0667,NORMAL,0,0,Windows,unspecified
22:49:47.070,35.599,0.3162,0.2528,0.2845,0.4287,0.0667,NORMAL,0,0,Windows,unspecified
22:49:47.106,35.635,0.2894,0.2798,0.2846,0.4308,0.0667,NORMAL,0,0,Windows,unspecified
22:49:47.139,35.667,0.3071,0.2629,0.285,0.4347,0.0667,NORMAL,0,0,Windows,unspecified
22:49:47.171,35.699,0.3332,0.2622,0.2977,0.4316,0.0667,NORMAL,0,0,Windows,unspecified
22:49:47.204,35.733,0.3023,0.2792,0.2907,0.4182,0.0667,NORMAL,0,0,Windows,unspecified
22:49:47.235,35.763,0.3153,0.2792,0.2973,0.4217,0.0667,NORMAL,0,0,Windows,unspecified
22:49:47.266,35.795,0.2727,0.2609,0.2668,0.4071,0.0667,NORMAL,0,0,Windows,unspecified
22:49:47.296,35.825,0.2687,0.2609,0.2648,0.389,0.0667,NORMAL,0,0,Windows,unspecified
22:49:47.328,35.857,0.2626,0.2868,0.2747,0.3999,0.0667,NORMAL,0,0,Windows,unspecified
22:49:47.358,35.887,0.2825,0.2868,0.2846,0.4059,0.0667,NORMAL,0,0,Windows,unspecified
22:49:47.390,35.919,0.3023,0.2868,0.2945,0.4059,0.0667,NORMAL,0,0,Windows,unspecified
22:49:47.420,35.949,0.2825,0.291,0.2867,0.4257,0.0667,NORMAL,0,0,Windows,unspecified
22:49:47.468,35.996,0.2825,0.2758,0.2791,0.4108,0.0667,NORMAL,0,0,Windows,unspecified
22:49:47.497,36.026,0.2774,0.2758,0.2766,0.4108,0.0667,NORMAL,0,0,Windows,unspecified
22:49:47.531,36.06,0.2851,0.2614,0.2733,0.394,0.0667,NORMAL,0,0,Windows,unspecified
22:49:47.561,36.09,0.2832,0.291,0.2871,0.3871,0.0667,NORMAL,0,0,Windows,unspecified
22:49:47.596,36.124,0.2782,0.2379,0.258,0.3887,0.0667,NORMAL,0,0,Windows,unspecified
22:49:47.624,36.153,0.2633,0.2425,0.2529,0.3797,0.0667,NORMAL,0,0,Windows,unspecified
22:49:47.660,36.189,0.2832,0.2522,0.2677,0.3876,0.0667,NORMAL,0,0,Windows,unspecified
22:49:47.688,36.217,0.2832,0.2769,0.2801,0.3994,0.0667,NORMAL,0,0,Windows,unspecified
22:49:47.724,36.253,0.2747,0.2362,0.2554,0.4007,0.0667,NORMAL,0,0,Windows,unspecified
22:49:47.748,36.277,0.2782,0.2565,0.2673,0.4007,0.0667,NORMAL,0,0,Windows,unspecified
22:49:47.781,36.309,0.2583,0.2739,0.2661,0.3981,0.0667,NORMAL,0,0,Windows,unspecified
22:49:47.814,36.343,0.2832,0.2626,0.2729,0.3986,0.0667,NORMAL,0,0,Windows,unspecified
22:49:47.869,36.398,0.2782,0.2615,0.2698,0.3962,0.0667,NORMAL,0,0,Windows,unspecified
22:49:47.892,36.421,0.2782,0.2769,0.2775,0.3935,0.0667,NORMAL,0,0,Windows,unspecified
22:49:47.932,36.461,0.2576,0.2526,0.2551,0.3902,0.0667,NORMAL,0,0,Windows,unspecified
22:49:47.955,36.484,0.2626,0.2565,0.2596,0.3796,0.0667,NORMAL,0,0,Windows,unspecified
22:49:47.996,36.525,0.2425,0.2576,0.2501,0.3894,0.0667,NORMAL,0,0,Windows,unspecified
22:49:48.035,36.564,0.2532,0.2774,0.2653,0.386,0.0667,NORMAL,0,0,Windows,unspecified
22:49:48.066,36.594,0.2825,0.298,0.2902,0.3874,0.0667,NORMAL,0,0,Windows,unspecified
22:49:48.097,36.626,0.3023,0.2654,0.2838,0.3989,0.0667,NORMAL,0,0,Windows,unspecified
22:49:48.128,36.656,0.2522,0.2474,0.2498,0.3709,0.0667,NORMAL,0,0,Windows,unspecified
22:49:48.158,36.686,0.2712,0.2622,0.2667,0.3768,0.0667,NORMAL,0,0,Windows,unspecified
22:49:48.190,36.718,0.2712,0.2622,0.2667,0.3768,0.0667,NORMAL,0,0,Windows,unspecified
22:49:48.219,36.748,0.2583,0.2425,0.2504,0.3925,0.0667,NORMAL,0,0,Windows,unspecified
22:49:48.268,36.797,0.298,0.2677,0.2828,0.3994,0.0667,NORMAL,0,0,Windows,unspecified
22:49:48.297,36.826,0.298,0.2868,0.2924,0.3948,0.0667,NORMAL,0,0,Windows,unspecified
22:49:48.331,36.86,0.2626,0.2479,0.2553,0.405,0.0667,NORMAL,0,0,Windows,unspecified
22:49:48.363,36.892,0.2425,0.2481,0.2453,0.4062,0.0667,NORMAL,0,0,Windows,unspecified
22:49:48.395,36.924,0.2782,0.2252,0.2517,0.4012,0.0667,NORMAL,0,0,Windows,unspecified
22:49:48.423,36.951,0.2826,0.2433,0.2629,0.3997,0.0667,NORMAL,0,0,Windows,unspecified
22:49:48.459,36.988,0.2583,0.2342,0.2462,0.3981,0.0667,NORMAL,0,0,Windows,unspecified
22:49:48.487,37.015,0.2576,0.197,0.2273,0.4023,0.0667,NORMAL,0,0,Windows,unspecified
22:49:48.521,37.049,0.2235,0.2071,0.2153,0.4153,0.0667,NORMAL,0,0,Windows,unspecified
22:49:48.550,37.078,0.2622,0.2252,0.2437,0.4061,0.0667,NORMAL,0,0,Windows,unspecified
22:49:48.579,37.107,0.2583,0.2252,0.2417,0.4046,0.0667,NORMAL,0,0,Windows,unspecified
22:49:48.612,37.141,0.2633,0.2342,0.2488,0.3924,0.0667,NORMAL,0,0,Windows,unspecified
22:49:48.665,37.193,0.2633,0.2251,0.2442,0.4055,0.0667,NORMAL,0,0,Windows,unspecified
22:49:48.702,37.231,0.2576,0.2518,0.2547,0.4037,0.0667,NORMAL,0,0,Windows,unspecified
22:49:48.733,37.262,0.2861,0.2984,0.2922,0.3926,0.0667,NORMAL,0,0,Windows,unspecified
22:49:48.766,37.295,0.3054,0.2873,0.2963,0.3957,0.0667,NORMAL,0,0,Windows,unspecified
22:49:48.796,37.325,0.327,0.3232,0.3251,0.3894,0.0667,NORMAL,0,0,Windows,unspecified
22:49:48.830,37.359,0.327,0.3202,0.3236,0.3894,0.0667,NORMAL,0,0,Windows,unspecified
22:49:48.862,37.39,0.3482,0.3504,0.3493,0.404,0.06,NORMAL,0,0,Windows,unspecified
22:49:48.894,37.423,0.3302,0.3412,0.3357,0.4135,0.0533,NORMAL,0,0,Windows,unspecified
22:49:48.926,37.454,0.3302,0.3405,0.3353,0.4034,0.0467,NORMAL,0,0,Windows,unspecified
22:49:48.957,37.486,0.3282,0.3405,0.3344,0.3943,0.04,NORMAL,0,0,Windows,unspecified
22:49:48.988,37.517,0.3282,0.3405,0.3344,0.3807,0.0333,NORMAL,0,0,Windows,unspecified
22:49:49.020,37.549,0.3504,0.3488,0.3496,0.4011,0.0267,NORMAL,0,0,Windows,unspecified
22:49:49.064,37.592,0.3116,0.3491,0.3303,0.3857,0.02,NORMAL,0,0,Windows,unspecified
22:49:49.096,37.625,0.3251,0.3302,0.3276,0.3809,0.0133,NORMAL,0,0,Windows,unspecified
22:49:49.132,37.66,0.3162,0.3302,0.3232,0.3885,0.0133,NORMAL,0,0,Windows,unspecified
22:49:49.157,37.686,0.3095,0.3116,0.3105,0.3858,0.0133,NORMAL,0,0,Windows,unspecified
22:49:49.195,37.723,0.3288,0.3035,0.3162,0.3942,0.0133,NORMAL,0,0,Windows,unspecified
22:49:49.220,37.748,0.3054,0.3092,0.3073,0.3897,0.0133,NORMAL,0,0,Windows,unspecified
22:49:49.260,37.789,0.3054,0.3012,0.3033,0.3947,0.0133,NORMAL,0,0,Windows,unspecified
22:49:49.284,37.813,0.3251,0.3012,0.3132,0.3979,0.0133,NORMAL,0,0,Windows,unspecified
22:49:49.320,37.849,0.2937,0.2938,0.2937,0.4081,0.0133,NORMAL,0,0,Windows,unspecified
22:49:49.348,37.877,0.3116,0.2867,0.2991,0.3995,0.0133,NORMAL,0,0,Windows,unspecified
22:49:49.378,37.906,0.3275,0.2728,0.3002,0.3926,0.0133,NORMAL,0,0,Windows,unspecified
22:49:49.409,37.937,0.2902,0.2423,0.2662,0.3932,0.0133,NORMAL,0,0,Windows,unspecified
22:49:49.465,37.994,0.2562,0.2326,0.2444,0.4151,0.0133,NORMAL,0,0,Windows,unspecified
22:49:49.503,38.032,0.2379,0.2114,0.2247,0.3996,0.0133,NORMAL,0,0,Windows,unspecified
22:49:49.532,38.061,0.2379,0.2035,0.2207,0.4054,0.0133,NORMAL,0,0,Windows,unspecified
22:49:49.564,38.093,0.2758,0.221,0.2484,0.4124,0.0133,NORMAL,0,0,Windows,unspecified
22:49:49.596,38.125,0.2679,0.2283,0.2481,0.4146,0.0133,NORMAL,0,0,Windows,unspecified
22:49:49.626,38.155,0.2384,0.2257,0.2321,0.4169,0.0133,NORMAL,0,0,Windows,unspecified
22:49:49.655,38.184,0.2568,0.2509,0.2538,0.4079,0.0133,NORMAL,0,0,Windows,unspecified
22:49:49.687,38.216,0.2562,0.2303,0.2432,0.4,0.0133,NORMAL,0,0,Windows,unspecified
22:49:49.721,38.25,0.2512,0.2253,0.2383,0.4079,0.0133,NORMAL,0,0,Windows,unspecified
22:49:49.750,38.279,0.2689,0.2298,0.2494,0.4027,0.0133,NORMAL,0,0,Windows,unspecified
22:49:49.780,38.309,0.2752,0.2262,0.2507,0.3956,0.0133,NORMAL,0,0,Windows,unspecified
22:49:49.813,38.342,0.2689,0.2318,0.2504,0.4022,0.0133,NORMAL,0,0,Windows,unspecified
22:49:49.866,38.394,0.265,0.2402,0.2526,0.4095,0.0133,NORMAL,0,0,Windows,unspecified
22:49:49.908,38.437,0.2562,0.2242,0.2402,0.4084,0.0133,NORMAL,0,0,Windows,unspecified
22:49:49.939,38.468,0.265,0.234,0.2495,0.4022,0.0133,NORMAL,0,0,Windows,unspecified
22:49:49.969,38.497,0.2689,0.2298,0.2494,0.4022,0.0133,NORMAL,0,0,Windows,unspecified
22:49:50.000,38.529,0.2653,0.2344,0.2499,0.3937,0.0133,NORMAL,0,0,Windows,unspecified
22:49:50.032,38.56,0.2694,0.2402,0.2548,0.3899,0.0133,NORMAL,0,0,Windows,unspecified
22:49:50.062,38.59,0.2512,0.2398,0.2455,0.3989,0.0133,NORMAL,0,0,Windows,unspecified
22:49:50.096,38.625,0.2336,0.2298,0.2317,0.394,0.0133,NORMAL,0,0,Windows,unspecified
22:49:50.125,38.654,0.2656,0.2298,0.2477,0.3967,0.0133,NORMAL,0,0,Windows,unspecified
22:49:50.158,38.687,0.2473,0.2298,0.2386,0.4021,0.0133,NORMAL,0,0,Windows,unspecified
22:49:50.191,38.72,0.2627,0.2298,0.2463,0.4022,0.0133,NORMAL,0,0,Windows,unspecified
22:49:50.218,38.747,0.2291,0.2303,0.2297,0.4079,0.0133,NORMAL,0,0,Windows,unspecified
22:49:50.263,38.792,0.2473,0.221,0.2341,0.408,0.0133,NORMAL,0,0,Windows,unspecified
22:49:50.296,38.825,0.2512,0.2283,0.2398,0.4022,0.0133,NORMAL,0,0,Windows,unspecified
22:49:50.331,38.86,0.2336,0.2246,0.2291,0.3959,0.0133,NORMAL,0,0,Windows,unspecified
22:49:50.359,38.887,0.2336,0.2344,0.234,0.3932,0.0133,NORMAL,0,0,Windows,unspecified
22:49:50.395,38.923,0.2336,0.2428,0.2382,0.3982,0.0133,NORMAL,0,0,Windows,unspecified
22:49:50.424,38.952,0.2336,0.2242,0.2289,0.395,0.0133,NORMAL,0,0,Windows,unspecified
22:49:50.461,38.989,0.2689,0.2176,0.2432,0.3921,0.0133,NORMAL,0,0,Windows,unspecified
22:49:50.486,39.015,0.2504,0.2468,0.2486,0.3927,0.0133,NORMAL,0,0,Windows,unspecified
22:49:50.520,39.049,0.2504,0.2468,0.2486,0.3896,0.0133,NORMAL,0,0,Windows,unspecified
22:49:50.551,39.079,0.2504,0.234,0.2422,0.3896,0.0133,NORMAL,0,0,Windows,unspecified
22:49:50.582,39.111,0.2504,0.234,0.2422,0.3958,0.0133,NORMAL,0,0,Windows,unspecified
22:49:50.612,39.141,0.2504,0.234,0.2422,0.3929,0.0133,NORMAL,0,0,Windows,unspecified
22:49:50.668,39.196,0.2163,0.2176,0.2169,0.3982,0.0133,NORMAL,0,0,Windows,unspecified
22:49:50.706,39.235,0.2336,0.2176,0.2256,0.3982,0.0133,NORMAL,0,0,Windows,unspecified
22:49:50.735,39.264,0.2336,0.2242,0.2289,0.3886,0.0133,NORMAL,0,0,Windows,unspecified
22:49:50.769,39.298,0.2291,0.2242,0.2267,0.3886,0.0067,NORMAL,0,0,Windows,unspecified
22:49:50.798,39.327,0.211,0.208,0.2095,0.3868,0.0067,NORMAL,0,0,Windows,unspecified
22:49:50.831,39.36,0.221,0.2176,0.2193,0.3979,0.0,NORMAL,0,0,Windows,unspecified
22:49:50.862,39.39,0.2247,0.2039,0.2143,0.3981,0.0,NORMAL,0,0,Windows,unspecified
22:49:50.892,39.421,0.2247,0.2176,0.2211,0.399,0.0,NORMAL,0,0,Windows,unspecified
22:49:50.919,39.448,0.221,0.209,0.215,0.385,0.0,NORMAL,0,0,Windows,unspecified
22:49:50.955,39.483,0.2155,0.2169,0.2162,0.3952,0.0,NORMAL,0,0,Windows,unspecified
22:49:50.989,39.518,0.2103,0.218,0.2141,0.4006,0.0,NORMAL,0,0,Windows,unspecified
22:49:51.017,39.545,0.2182,0.2341,0.2262,0.3916,0.0,NORMAL,0,0,Windows,unspecified
22:49:51.064,39.593,0.2421,0.2519,0.247,0.3908,0.0,NORMAL,0,0,Windows,unspecified
22:49:51.096,39.624,0.2513,0.2214,0.2364,0.3807,0.0,NORMAL,0,0,Windows,unspecified
22:49:51.132,39.661,0.2394,0.26,0.2497,0.3868,0.0,NORMAL,0,0,Windows,unspecified
22:49:51.156,39.684,0.2421,0.2519,0.247,0.3868,0.0,NORMAL,0,0,Windows,unspecified
22:49:51.194,39.723,0.2487,0.2518,0.2502,0.3923,0.0,NORMAL,0,0,Windows,unspecified
22:49:51.220,39.748,0.2497,0.2689,0.2593,0.3945,0.0,NORMAL,0,0,Windows,unspecified
22:49:51.258,39.786,0.2421,0.2689,0.2555,0.3926,0.0,NORMAL,0,0,Windows,unspecified
22:49:51.283,39.812,0.2393,0.2278,0.2335,0.3893,0.0,NORMAL,0,0,Windows,unspecified
22:49:51.323,39.851,0.2406,0.2283,0.2344,0.3947,0.0,NORMAL,0,0,Windows,unspecified
22:49:51.342,39.871,0.2513,0.2512,0.2513,0.3926,0.0,NORMAL,0,0,Windows,unspecified
22:49:51.374,39.903,0.2421,0.238,0.2401,0.3842,0.0,NORMAL,0,0,Windows,unspecified
22:49:51.408,39.937,0.2497,0.2568,0.2532,0.3916,0.0,NORMAL,0,0,Windows,unspecified
22:49:51.469,39.997,0.2513,0.2278,0.2396,0.3976,0.0,NORMAL,0,0,Windows,unspecified
22:49:51.498,40.027,0.2513,0.2257,0.2385,0.3942,0.0,NORMAL,0,0,Windows,unspecified
22:49:51.532,40.061,0.2406,0.2518,0.2462,0.403,0.0,NORMAL,0,0,Windows,unspecified
22:49:51.562,40.09,0.2406,0.2561,0.2483,0.4064,0.0,NORMAL,0,0,Windows,unspecified
22:49:51.594,40.123,0.2522,0.2171,0.2347,0.4039,0.0,NORMAL,0,0,Windows,unspecified
22:49:51.625,40.154,0.2434,0.2519,0.2477,0.405,0.0,NORMAL,0,0,Windows,unspecified
22:49:51.662,40.191,0.2384,0.2436,0.241,0.3974,0.0,NORMAL,0,0,Windows,unspecified
22:49:51.688,40.216,0.2568,0.2349,0.2458,0.3962,0.0,NORMAL,0,0,Windows,unspecified
22:49:51.720,40.249,0.253,0.2349,0.2439,0.392,0.0,NORMAL,0,0,Windows,unspecified
22:49:51.750,40.278,0.2514,0.2481,0.2497,0.3985,0.0,NORMAL,0,0,Windows,unspecified
22:49:51.781,40.31,0.2419,0.2429,0.2424,0.3919,0.0,NORMAL,0,0,Windows,unspecified
22:49:51.812,40.34,0.2568,0.2296,0.2432,0.4055,0.0,NORMAL,0,0,Windows,unspecified
22:49:51.869,40.398,0.2436,0.2171,0.2303,0.3941,0.0,NORMAL,0,0,Windows,unspecified
22:49:51.905,40.433,0.2324,0.2171,0.2247,0.3897,0.0,NORMAL,0,0,Windows,unspecified
22:49:51.936,40.465,0.2386,0.2069,0.2228,0.3941,0.0,NORMAL,0,0,Windows,unspecified
22:49:51.968,40.497,0.2568,0.2114,0.2341,0.3964,0.0,NORMAL,0,0,Windows,unspecified
22:49:51.997,40.526,0.1941,0.2149,0.2045,0.4055,0.0067,NORMAL,1,0,Windows,unspecified
22:49:52.026,40.555,0.2197,0.1942,0.2069,0.4088,0.0133,NORMAL,2,0,Windows,unspecified
22:49:52.060,40.589,0.213,0.2016,0.2073,0.3981,0.02,NORMAL,3,0,Windows,unspecified
22:49:52.089,40.618,0.2195,0.207,0.2132,0.4034,0.02,NORMAL,0,0,Windows,unspecified
22:49:52.121,40.649,0.2317,0.2235,0.2276,0.401,0.02,NORMAL,0,0,Windows,unspecified
22:49:52.154,40.683,0.2425,0.2235,0.233,0.3914,0.02,NORMAL,0,0,Windows,unspecified
22:49:52.185,40.714,0.2425,0.2235,0.233,0.397,0.02,NORMAL,0,0,Windows,unspecified
22:49:52.218,40.746,0.2416,0.2431,0.2423,0.4044,0.02,NORMAL,0,0,Windows,unspecified
22:49:52.268,40.797,0.2383,0.2431,0.2407,0.4039,0.02,NORMAL,0,0,Windows,unspecified
22:49:52.298,40.826,0.2416,0.2528,0.2472,0.3995,0.02,NORMAL,0,0,Windows,unspecified
22:49:52.328,40.857,0.2581,0.2528,0.2555,0.3949,0.02,NORMAL,0,0,Windows,unspecified
22:49:52.358,40.887,0.2581,0.2479,0.253,0.3897,0.02,NORMAL,0,0,Windows,unspecified
22:49:52.397,40.925,0.2606,0.2479,0.2543,0.3948,0.02,NORMAL,0,0,Windows,unspecified
22:49:52.420,40.949,0.2699,0.2479,0.2589,0.393,0.02,NORMAL,0,0,Windows,unspecified
22:49:52.460,40.989,0.2592,0.2426,0.2509,0.3969,0.02,NORMAL,0,0,Windows,unspecified
22:49:52.497,41.026,0.2622,0.2528,0.2575,0.4026,0.02,NORMAL,0,0,Windows,unspecified
22:49:52.528,41.057,0.2622,0.2479,0.2551,0.4026,0.02,NORMAL,0,0,Windows,unspecified
22:49:52.558,41.086,0.2622,0.2431,0.2527,0.3967,0.02,NORMAL,0,0,Windows,unspecified
22:49:52.596,41.125,0.2714,0.2479,0.2597,0.4076,0.02,NORMAL,0,0,Windows,unspecified
22:49:52.623,41.152,0.1229,0.1168,0.1198,0.4168,0.0267,NORMAL,1,0,Windows,unspecified
22:49:52.669,41.198,0.0859,0.0953,0.0906,0.4213,0.0333,NORMAL,2,0,Windows,unspecified
22:49:52.702,41.231,0.0701,0.0823,0.0762,0.4182,0.04,NORMAL,3,0,Windows,unspecified
22:49:52.732,41.261,0.1375,0.1298,0.1336,0.4205,0.0467,NORMAL,4,0,Windows,unspecified
22:49:52.764,41.293,0.0894,0.0857,0.0876,0.4098,0.0533,NORMAL,5,0,Windows,unspecified
22:49:52.793,41.322,0.1316,0.1215,0.1266,0.4277,0.06,NORMAL,6,0,Windows,unspecified
22:49:52.827,41.356,0.1316,0.1526,0.1421,0.4182,0.0667,NORMAL,7,0,Windows,unspecified
22:49:52.861,41.39,0.1716,0.1585,0.1651,0.4163,0.0733,NORMAL,8,0,Windows,unspecified
22:49:52.888,41.416,0.1316,0.1652,0.1484,0.4269,0.08,NORMAL,9,0,Windows,unspecified
22:49:52.924,41.453,0.2123,0.1585,0.1854,0.4161,0.0867,WARNING,10,0,Windows,unspecified
22:49:52.951,41.48,0.2117,0.2097,0.2107,0.4161,0.0867,NORMAL,0,0,Windows,unspecified
22:49:52.981,41.509,0.2117,0.2154,0.2136,0.4233,0.0867,NORMAL,0,0,Windows,unspecified
22:49:53.013,41.541,0.2182,0.2235,0.2208,0.4161,0.0867,NORMAL,0,0,Windows,unspecified
22:49:53.066,41.594,0.2123,0.2252,0.2187,0.4233,0.0867,NORMAL,0,0,Windows,unspecified
22:49:53.091,41.619,0.2123,0.215,0.2137,0.4249,0.0867,NORMAL,0,0,Windows,unspecified
22:49:53.132,41.661,0.2431,0.2115,0.2273,0.4161,0.0867,NORMAL,0,0,Windows,unspecified
22:49:53.171,41.7,0.2415,0.2195,0.2305,0.4199,0.0867,NORMAL,0,0,Windows,unspecified
22:49:53.200,41.728,0.2378,0.2294,0.2336,0.4193,0.0867,NORMAL,0,0,Windows,unspecified
22:49:53.231,41.76,0.2378,0.2386,0.2382,0.4304,0.0867,NORMAL,0,0,Windows,unspecified
22:49:53.260,41.789,0.238,0.2015,0.2197,0.4108,0.0867,NORMAL,0,0,Windows,unspecified
22:49:53.291,41.82,0.2328,0.2322,0.2325,0.4185,0.0867,NORMAL,0,0,Windows,unspecified
22:49:53.327,41.855,0.2184,0.2384,0.2284,0.397,0.0867,NORMAL,0,0,Windows,unspecified
22:49:53.356,41.884,0.244,0.2149,0.2294,0.406,0.0867,NORMAL,0,0,Windows,unspecified
22:49:53.389,41.918,0.2481,0.2149,0.2315,0.406,0.0867,NORMAL,0,0,Windows,unspecified
22:49:53.420,41.949,0.2534,0.2195,0.2365,0.3991,0.0867,NORMAL,0,0,Windows,unspecified
22:49:53.467,41.996,0.2378,0.2015,0.2196,0.3924,0.0867,NORMAL,0,0,Windows,unspecified
22:49:53.499,42.028,0.2235,0.194,0.2087,0.4045,0.0867,NORMAL,0,0,Windows,unspecified
22:49:53.528,42.057,0.2532,0.207,0.2301,0.3994,0.0867,NORMAL,0,0,Windows,unspecified
22:49:53.558,42.087,0.2283,0.2338,0.231,0.3989,0.0867,NORMAL,0,0,Windows,unspecified
22:49:53.594,42.123,0.2474,0.2149,0.2311,0.3853,0.0867,NORMAL,0,0,Windows,unspecified
22:49:53.624,42.152,0.2283,0.194,0.2112,0.3984,0.0867,NORMAL,0,0,Windows,unspecified
22:49:53.667,42.195,0.2479,0.2114,0.2297,0.3955,0.0867,NORMAL,0,0,Windows,unspecified
22:49:53.706,42.234,0.2235,0.2204,0.2219,0.3978,0.0867,NORMAL,0,0,Windows,unspecified
22:49:53.732,42.261,0.2479,0.201,0.2245,0.4015,0.0867,NORMAL,0,0,Windows,unspecified
22:49:53.765,42.293,0.2229,0.211,0.2169,0.3911,0.0867,NORMAL,0,0,Windows,unspecified
22:49:53.795,42.324,0.2235,0.2114,0.2174,0.3911,0.0867,NORMAL,0,0,Windows,unspecified
22:49:53.824,42.353,0.2038,0.1883,0.1961,0.3789,0.0933,NORMAL,1,0,Windows,unspecified
22:49:53.868,42.396,0.2474,0.2379,0.2426,0.3994,0.0933,NORMAL,0,0,Windows,unspecified
22:49:53.904,42.432,0.2338,0.2015,0.2176,0.3924,0.0933,NORMAL,0,0,Windows,unspecified
22:49:53.937,42.465,0.2526,0.234,0.2433,0.3968,0.0933,NORMAL,0,0,Windows,unspecified
22:49:53.968,42.496,0.234,0.2095,0.2218,0.4011,0.0933,NORMAL,0,0,Windows,unspecified
22:49:53.998,42.526,0.2235,0.2071,0.2153,0.3865,0.0933,NORMAL,0,0,Windows,unspecified
22:49:54.029,42.558,0.2292,0.2016,0.2154,0.3896,0.0933,NORMAL,0,0,Windows,unspecified
22:49:54.062,42.591,0.2425,0.176,0.2092,0.3966,0.0933,NORMAL,0,0,Windows,unspecified
22:49:54.094,42.622,0.2095,0.1761,0.1928,0.4177,0.1,NORMAL,1,0,Windows,unspecified
22:49:54.122,42.651,0.2229,0.1829,0.2029,0.409,0.1067,NORMAL,2,0,Windows,unspecified
22:49:54.151,42.68,0.2474,0.2071,0.2272,0.3951,0.1067,NORMAL,0,0,Windows,unspecified
22:49:54.185,42.714,0.2379,0.2071,0.2225,0.3825,0.1067,NORMAL,0,0,Windows,unspecified
22:49:54.213,42.742,0.2277,0.225,0.2264,0.3799,0.1067,NORMAL,0,0,Windows,unspecified
22:49:54.268,42.797,0.2229,0.2205,0.2217,0.3951,0.1067,NORMAL,0,0,Windows,unspecified
22:49:54.295,42.823,0.2622,0.2252,0.2437,0.3926,0.1067,NORMAL,0,0,Windows,unspecified
22:49:54.328,42.857,0.2522,0.2506,0.2514,0.4008,0.1067,NORMAL,0,0,Windows,unspecified
22:49:54.355,42.884,0.2609,0.2124,0.2366,0.4008,0.1067,NORMAL,0,0,Windows,unspecified
22:49:54.394,42.923,0.2474,0.2431,0.2452,0.4089,0.1067,NORMAL,0,0,Windows,unspecified
22:49:54.419,42.947,0.2474,0.2168,0.2321,0.4081,0.1067,NORMAL,0,0,Windows,unspecified
22:49:54.459,42.988,0.2235,0.2298,0.2266,0.4035,0.1067,NORMAL,0,0,Windows,unspecified
22:49:54.495,43.023,0.2235,0.2124,0.2179,0.4053,0.1067,NORMAL,0,0,Windows,unspecified
22:49:54.528,43.056,0.2474,0.2114,0.2294,0.4081,0.1067,NORMAL,0,0,Windows,unspecified
22:49:54.558,43.087,0.2526,0.2205,0.2366,0.4053,0.1067,NORMAL,0,0,Windows,unspecified
22:49:54.592,43.121,0.2474,0.2115,0.2295,0.4028,0.1067,NORMAL,0,0,Windows,unspecified
22:49:54.620,43.148,0.2235,0.2298,0.2266,0.4036,0.1067,NORMAL,0,0,Windows,unspecified
22:49:54.668,43.196,0.2235,0.2322,0.2278,0.4259,0.1067,NORMAL,0,0,Windows,unspecified
22:49:54.696,43.225,0.2378,0.2195,0.2287,0.422,0.1067,NORMAL,0,0,Windows,unspecified
22:49:54.732,43.261,0.2431,0.2149,0.229,0.42,0.1067,NORMAL,0,0,Windows,unspecified
22:49:54.761,43.29,0.2532,0.2114,0.2323,0.4321,0.1067,NORMAL,0,0,Windows,unspecified
22:49:54.795,43.324,0.2631,0.234,0.2485,0.4157,0.1067,NORMAL,0,0,Windows,unspecified
22:49:54.825,43.353,0.2235,0.2253,0.2244,0.4188,0.1067,NORMAL,0,0,Windows,unspecified
22:49:54.858,43.387,0.2532,0.234,0.2436,0.417,0.1067,NORMAL,0,0,Windows,unspecified
22:49:54.885,43.413,0.2534,0.253,0.2532,0.4077,0.1067,NORMAL,0,0,Windows,unspecified
22:49:54.919,43.448,0.2235,0.234,0.2287,0.4196,0.1067,NORMAL,0,0,Windows,unspecified
22:49:54.946,43.475,0.2283,0.234,0.2311,0.4196,0.1067,NORMAL,0,0,Windows,unspecified
22:49:54.979,43.507,0.225,0.2481,0.2366,0.4125,0.1067,NORMAL,0,0,Windows,unspecified
22:49:55.011,43.54,0.2283,0.2433,0.2358,0.4011,0.1067,NORMAL,0,0,Windows,unspecified
22:49:55.068,43.596,0.2433,0.2433,0.2433,0.4019,0.1067,NORMAL,0,0,Windows,unspecified
22:49:55.104,43.633,0.2149,0.2433,0.2291,0.4087,0.1067,NORMAL,0,0,Windows,unspecified
22:49:55.136,43.665,0.2338,0.2386,0.2362,0.417,0.1067,NORMAL,0,0,Windows,unspecified
22:49:55.168,43.696,0.2235,0.2433,0.2334,0.4244,0.1067,NORMAL,0,0,Windows,unspecified
22:49:55.196,43.725,0.2215,0.2433,0.2324,0.4073,0.1067,NORMAL,0,0,Windows,unspecified
22:49:55.229,43.758,0.2235,0.2386,0.231,0.417,0.1067,NORMAL,0,0,Windows,unspecified
22:49:55.261,43.789,0.2235,0.2235,0.2235,0.4106,0.1067,NORMAL,0,0,Windows,unspecified
22:49:55.292,43.821,0.234,0.2195,0.2268,0.4031,0.1067,NORMAL,0,0,Windows,unspecified
22:49:55.320,43.848,0.2235,0.2235,0.2235,0.4078,0.1067,NORMAL,0,0,Windows,unspecified
22:49:55.354,43.882,0.2468,0.2433,0.2451,0.402,0.1067,NORMAL,0,0,Windows,unspecified
22:49:55.386,43.915,0.2468,0.204,0.2254,0.402,0.1067,NORMAL,0,0,Windows,unspecified
22:49:55.417,43.946,0.2426,0.2328,0.2377,0.4078,0.1067,NORMAL,0,0,Windows,unspecified
22:49:55.465,43.994,0.2622,0.2433,0.2528,0.3973,0.1067,NORMAL,0,0,Windows,unspecified
22:49:55.495,44.024,0.2622,0.2673,0.2647,0.402,0.1067,NORMAL,0,0,Windows,unspecified
22:49:55.528,44.057,0.2506,0.2197,0.2352,0.3933,0.1067,NORMAL,0,0,Windows,unspecified
22:49:55.559,44.088,0.2805,0.225,0.2528,0.3941,0.1067,NORMAL,0,0,Windows,unspecified
22:49:55.592,44.121,0.2629,0.2195,0.2412,0.402,0.1067,NORMAL,0,0,Windows,unspecified
22:49:55.622,44.15,0.2528,0.2195,0.2361,0.3885,0.1067,NORMAL,0,0,Windows,unspecified
22:49:55.660,44.189,0.2718,0.2386,0.2552,0.4014,0.1067,NORMAL,0,0,Windows,unspecified
22:49:55.697,44.226,0.2622,0.234,0.2481,0.3972,0.1067,NORMAL,0,0,Windows,unspecified
22:49:55.728,44.256,0.2629,0.2386,0.2507,0.3884,0.1067,NORMAL,0,0,Windows,unspecified
22:49:55.761,44.29,0.2629,0.2519,0.2574,0.398,0.1067,NORMAL,0,0,Windows,unspecified
22:49:55.793,44.322,0.2629,0.2475,0.2552,0.398,0.1067,NORMAL,0,0,Windows,unspecified
22:49:55.823,44.352,0.2819,0.276,0.279,0.4058,0.1067,NORMAL,0,0,Windows,unspecified
22:49:55.864,44.393,0.2868,0.2576,0.2722,0.397,0.1067,NORMAL,0,0,Windows,unspecified
22:49:55.889,44.417,0.2819,0.257,0.2695,0.3755,0.1067,NORMAL,0,0,Windows,unspecified
22:49:55.933,44.461,0.2622,0.257,0.2596,0.3755,0.1067,NORMAL,0,0,Windows,unspecified
22:49:55.965,44.494,0.2532,0.2568,0.255,0.3884,0.1067,NORMAL,0,0,Windows,unspecified
22:49:55.998,44.526,0.2425,0.2195,0.231,0.3936,0.1067,NORMAL,0,0,Windows,unspecified
22:49:56.029,44.558,0.2474,0.2433,0.2453,0.3856,0.1067,NORMAL,0,0,Windows,unspecified
22:49:56.055,44.584,0.2474,0.2481,0.2478,0.397,0.1067,NORMAL,0,0,Windows,unspecified
22:49:56.090,44.618,0.2479,0.2481,0.248,0.3943,0.1067,NORMAL,0,0,Windows,unspecified
22:49:56.119,44.648,0.2468,0.2283,0.2375,0.3955,0.1067,NORMAL,0,0,Windows,unspecified
22:49:56.150,44.678,0.2425,0.2481,0.2453,0.3999,0.1067,NORMAL,0,0,Windows,unspecified
22:49:56.184,44.712,0.2431,0.2481,0.2456,0.3999,0.1067,NORMAL,0,0,Windows,unspecified
22:49:56.215,44.744,0.2431,0.2479,0.2455,0.3955,0.1067,NORMAL,0,0,Windows,unspecified
22:49:56.265,44.793,0.209,0.2016,0.2053,0.3989,0.1133,NORMAL,1,0,Windows,unspecified
22:49:56.291,44.82,0.209,0.1841,0.1965,0.3842,0.12,NORMAL,2,0,Windows,unspecified
22:49:56.332,44.861,0.1787,0.1496,0.1642,0.3944,0.1267,NORMAL,3,0,Windows,unspecified
22:49:56.369,44.898,0.1783,0.1321,0.1552,0.3936,0.1333,NORMAL,4,0,Windows,unspecified
22:49:56.400,44.929,0.1587,0.1442,0.1515,0.3811,0.14,NORMAL,5,0,Windows,unspecified
22:49:56.434,44.963,0.1469,0.1209,0.1339,0.396,0.1467,NORMAL,6,0,Windows,unspecified
22:49:56.465,44.994,0.1469,0.1069,0.1269,0.3928,0.1533,NORMAL,7,0,Windows,unspecified
22:49:56.496,45.024,0.1332,0.1149,0.124,0.4028,0.16,NORMAL,8,0,Windows,unspecified
22:49:56.529,45.058,0.1205,0.107,0.1138,0.3843,0.1667,NORMAL,9,0,Windows,unspecified
22:49:56.559,45.088,0.1582,0.1321,0.1452,0.3859,0.1733,WARNING,10,0,Windows,unspecified
22:49:56.589,45.118,0.1652,0.1288,0.147,0.3898,0.18,WARNING,11,0,Windows,unspecified
22:49:56.619,45.148,0.1464,0.1167,0.1316,0.3785,0.1867,WARNING,12,0,Windows,unspecified
22:49:56.669,45.198,0.1161,0.0975,0.1068,0.3976,0.1933,WARNING,13,0,Windows,unspecified
22:49:56.695,45.224,0.1164,0.0844,0.1004,0.3845,0.2,WARNING,14,0,Windows,unspecified
22:49:56.731,45.26,0.1414,0.0975,0.1194,0.3809,0.2067,WARNING,15,0,Windows,unspecified
22:49:56.758,45.287,0.1474,0.1167,0.132,0.3889,0.2133,WARNING,16,0,Windows,unspecified
22:49:56.796,45.325,0.1294,0.0904,0.1099,0.3865,0.22,WARNING,17,0,Windows,unspecified
22:49:56.824,45.352,0.1325,0.1243,0.1284,0.3809,0.2267,WARNING,18,0,Windows,unspecified
22:49:56.858,45.387,0.0922,0.0629,0.0776,0.3836,0.2333,WARNING,19,0,Windows,unspecified
22:49:56.886,45.414,0.0767,0.0798,0.0783,0.3816,0.24,DROWSY,20,0,Windows,unspecified
22:49:56.921,45.45,0.07,0.0629,0.0664,0.3767,0.2467,DROWSY,21,0,Windows,unspecified
22:49:56.948,45.477,0.0712,0.0771,0.0741,0.3893,0.2533,DROWSY,22,0,Windows,unspecified
22:49:56.980,45.508,0.0675,0.0873,0.0774,0.3963,0.2533,DROWSY,23,0,Windows,unspecified
22:49:57.012,45.54,0.1007,0.0996,0.1002,0.3865,0.2533,DROWSY,24,0,Windows,unspecified
22:49:57.064,45.593,0.0872,0.0828,0.085,0.3816,0.2533,DROWSY,25,0,Windows,unspecified
22:49:57.087,45.616,0.106,0.0871,0.0966,0.3816,0.26,DROWSY,26,0,Windows,unspecified
22:49:57.132,45.661,0.085,0.0767,0.0808,0.3857,0.2667,DROWSY,27,0,Windows,unspecified
22:49:57.166,45.695,0.119,0.1142,0.1166,0.3798,0.2733,DROWSY,28,0,Windows,unspecified
22:49:57.196,45.724,0.087,0.0928,0.0899,0.3833,0.28,DROWSY,29,0,Windows,unspecified
22:49:57.228,45.757,0.1086,0.0895,0.0991,0.3844,0.2867,DROWSY,30,0,Windows,unspecified
22:49:57.259,45.787,0.1048,0.0745,0.0896,0.3805,0.2933,DROWSY,31,0,Windows,unspecified
22:49:57.291,45.819,0.1111,0.089,0.1001,0.3754,0.3,DROWSY,32,0,Windows,unspecified
22:49:57.320,45.849,0.1584,0.1521,0.1553,0.3761,0.3067,DROWSY,33,0,Windows,unspecified
22:49:57.352,45.881,0.1591,0.1232,0.1411,0.3829,0.3133,DROWSY,34,0,Windows,unspecified
22:49:57.385,45.913,0.161,0.1225,0.1417,0.3829,0.32,DROWSY,35,0,Windows,unspecified
22:49:57.415,45.944,0.1445,0.1462,0.1454,0.3715,0.3267,DROWSY,36,0,Windows,unspecified
22:49:57.465,45.993,0.1964,0.15,0.1732,0.3772,0.3333,DROWSY,37,0,Windows,unspecified
22:49:57.492,46.021,0.218,0.1725,0.1952,0.3738,0.34,DROWSY,38,0,Windows,unspecified
22:49:57.538,46.066,0.293,0.2417,0.2674,0.3737,0.34,NORMAL,0,0,Windows,unspecified
22:49:57.569,46.097,0.3001,0.255,0.2775,0.3714,0.34,NORMAL,0,0,Windows,unspecified
22:49:57.601,46.129,0.2952,0.2959,0.2956,0.3723,0.34,NORMAL,0,0,Windows,unspecified
22:49:57.632,46.161,0.2906,0.2866,0.2886,0.3805,0.3333,NORMAL,0,0,Windows,unspecified
22:49:57.664,46.192,0.3114,0.2963,0.3038,0.3851,0.3267,NORMAL,0,0,Windows,unspecified
22:49:57.695,46.223,0.3248,0.2975,0.3111,0.3949,0.32,NORMAL,0,0,Windows,unspecified
22:49:57.724,46.253,0.3073,0.3103,0.3088,0.3815,0.3133,NORMAL,0,0,Windows,unspecified
22:49:57.758,46.287,0.3211,0.2995,0.3103,0.3879,0.3067,NORMAL,0,0,Windows,unspecified
22:49:57.789,46.317,0.3107,0.2898,0.3002,0.3738,0.3,NORMAL,0,0,Windows,unspecified
22:49:57.821,46.35,0.3068,0.2981,0.3025,0.3853,0.2933,NORMAL,0,0,Windows,unspecified
22:49:57.868,46.397,0.3037,0.2971,0.3004,0.3959,0.2867,NORMAL,0,0,Windows,unspecified
22:49:57.895,46.424,0.3166,0.2963,0.3064,0.3893,0.28,NORMAL,0,0,Windows,unspecified
22:49:57.928,46.456,0.3245,0.3215,0.323,0.3885,0.2733,NORMAL,0,0,Windows,unspecified
22:49:57.960,46.489,0.3424,0.313,0.3277,0.3831,0.2733,NORMAL,0,0,Windows,unspecified
22:49:57.996,46.525,0.3382,0.305,0.3216,0.382,0.2733,NORMAL,0,0,Windows,unspecified
22:49:58.020,46.549,0.3305,0.3264,0.3284,0.3841,0.2733,NORMAL,0,0,Windows,unspecified
22:49:58.056,46.585,0.3003,0.3187,0.3095,0.3523,0.2733,NORMAL,0,0,Windows,unspecified
22:49:58.086,46.615,0.3199,0.3307,0.3253,0.3552,0.2733,NORMAL,0,0,Windows,unspecified
22:49:58.122,46.65,0.2878,0.3257,0.3068,0.3681,0.2733,NORMAL,0,0,Windows,unspecified
22:49:58.148,46.676,0.3004,0.3208,0.3106,0.3701,0.2733,NORMAL,0,0,Windows,unspecified
22:49:58.179,46.708,0.2942,0.3257,0.3099,0.369,0.2733,NORMAL,0,0,Windows,unspecified
22:49:58.209,46.738,0.2704,0.3094,0.2899,0.3664,0.2733,NORMAL,0,0,Windows,unspecified
22:49:58.268,46.797,0.232,0.3242,0.2781,0.3638,0.2733,NORMAL,0,0,Windows,unspecified
22:49:58.302,46.831,0.2612,0.3128,0.287,0.3787,0.2733,NORMAL,0,0,Windows,unspecified
22:49:58.331,46.86,0.2235,0.275,0.2493,0.373,0.2733,NORMAL,0,0,Windows,unspecified
22:49:58.364,46.893,0.2702,0.3028,0.2865,0.3642,0.2733,NORMAL,0,0,Windows,unspecified
22:49:58.395,46.923,0.2914,0.2854,0.2884,0.375,0.2733,NORMAL,0,0,Windows,unspecified
22:49:58.426,46.955,0.2914,0.318,0.3047,0.3813,0.2733,NORMAL,0,0,Windows,unspecified
22:49:58.459,46.987,0.2702,0.282,0.2761,0.3929,0.2733,NORMAL,0,0,Windows,unspecified
22:49:58.489,47.017,0.3015,0.3296,0.3155,0.3785,0.2733,NORMAL,0,0,Windows,unspecified
22:49:58.520,47.048,0.276,0.3265,0.3013,0.373,0.2733,NORMAL,0,0,Windows,unspecified
22:49:58.550,47.079,0.2848,0.3363,0.3105,0.3711,0.2733,NORMAL,0,0,Windows,unspecified
22:49:58.581,47.11,0.2848,0.3542,0.3195,0.3661,0.2733,NORMAL,0,0,Windows,unspecified
22:49:58.613,47.142,0.2703,0.3425,0.3064,0.389,0.2733,NORMAL,0,0,Windows,unspecified
22:49:58.669,47.197,0.2687,0.3421,0.3054,0.3677,0.2733,NORMAL,0,0,Windows,unspecified
22:49:58.692,47.221,0.276,0.3155,0.2957,0.3812,0.2733,NORMAL,0,0,Windows,unspecified
22:49:58.729,47.258,0.2613,0.3084,0.2848,0.384,0.2733,NORMAL,0,0,Windows,unspecified
22:49:58.755,47.283,0.231,0.3234,0.2772,0.3729,0.2733,NORMAL,0,0,Windows,unspecified
22:49:58.796,47.324,0.2455,0.3299,0.2877,0.3843,0.2733,NORMAL,0,0,Windows,unspecified
22:49:58.831,47.359,0.2692,0.3299,0.2995,0.3774,0.2667,NORMAL,0,0,Windows,unspecified
22:49:58.865,47.393,0.2758,0.3421,0.309,0.3783,0.2667,NORMAL,0,0,Windows,unspecified
22:49:58.893,47.422,0.2946,0.3421,0.3184,0.3789,0.2667,NORMAL,0,0,Windows,unspecified
22:49:58.926,47.455,0.3332,0.361,0.3471,0.37,0.2667,NORMAL,0,0,Windows,unspecified
22:49:58.956,47.485,0.3013,0.3655,0.3334,0.38,0.2667,NORMAL,0,0,Windows,unspecified
22:49:58.989,47.517,0.3169,0.3474,0.3321,0.3797,0.2667,NORMAL,0,0,Windows,unspecified
22:49:59.020,47.548,0.2846,0.3146,0.2996,0.3685,0.2667,NORMAL,0,0,Windows,unspecified
22:49:59.065,47.594,0.2687,0.3003,0.2845,0.3739,0.2667,NORMAL,0,0,Windows,unspecified
22:49:59.098,47.626,0.2687,0.3157,0.2922,0.3665,0.26,NORMAL,0,0,Windows,unspecified
22:49:59.132,47.661,0.3218,0.3324,0.3271,0.3587,0.2533,NORMAL,0,0,Windows,unspecified
22:49:59.160,47.689,0.305,0.3616,0.3333,0.3685,0.2533,NORMAL,0,0,Windows,unspecified
22:49:59.195,47.724,0.2848,0.3451,0.315,0.3712,0.2533,NORMAL,0,0,Windows,unspecified
22:49:59.222,47.751,0.2819,0.3424,0.3121,0.3806,0.2533,NORMAL,0,0,Windows,unspecified
22:49:59.260,47.789,0.3044,0.3273,0.3158,0.3632,0.2533,NORMAL,0,0,Windows,unspecified
22:49:59.284,47.812,0.2562,0.3424,0.2993,0.3666,0.2533,NORMAL,0,0,Windows,unspecified
22:49:59.338,47.867,0.2722,0.3136,0.2929,0.3717,0.2533,NORMAL,0,0,Windows,unspecified
22:49:59.362,47.89,0.2878,0.318,0.3029,0.3664,0.2533,NORMAL,0,0,Windows,unspecified
22:49:59.395,47.924,0.3046,0.3157,0.3102,0.3701,0.2533,NORMAL,0,0,Windows,unspecified
22:49:59.424,47.953,0.2878,0.3076,0.2977,0.3904,0.2533,NORMAL,0,0,Windows,unspecified
22:49:59.467,47.995,0.2869,0.309,0.298,0.3733,0.2533,NORMAL,0,0,Windows,unspecified
22:49:59.501,48.029,0.2869,0.2889,0.2879,0.3816,0.2533,NORMAL,0,0,Windows,unspecified
22:49:59.533,48.061,0.3135,0.2774,0.2954,0.3886,0.2533,NORMAL,0,0,Windows,unspecified
22:49:59.564,48.093,0.3135,0.2868,0.3001,0.3886,0.2533,NORMAL,0,0,Windows,unspecified
22:49:59.593,48.121,0.332,0.3147,0.3233,0.3961,0.2533,NORMAL,0,0,Windows,unspecified
22:49:59.626,48.155,0.3298,0.3046,0.3172,0.3966,0.2533,NORMAL,0,0,Windows,unspecified
22:49:59.656,48.184,0.3187,0.3012,0.31,0.3907,0.2533,NORMAL,0,0,Windows,unspecified
22:49:59.691,48.22,0.3264,0.284,0.3052,0.4027,0.2533,NORMAL,0,0,Windows,unspecified
22:49:59.741,48.27,0.3135,0.3241,0.3188,0.3852,0.2533,NORMAL,0,0,Windows,unspecified
22:49:59.768,48.297,0.3076,0.3224,0.315,0.3882,0.2533,NORMAL,0,0,Windows,unspecified
22:49:59.800,48.329,0.3076,0.3064,0.307,0.3882,0.2533,NORMAL,0,0,Windows,unspecified
22:49:59.830,48.359,0.3145,0.3064,0.3104,0.3862,0.2533,NORMAL,0,0,Windows,unspecified
22:49:59.866,48.395,0.3101,0.3406,0.3254,0.3771,0.2533,NORMAL,0,0,Windows,unspecified
22:49:59.892,48.42,0.3349,0.3041,0.3195,0.3659,0.2533,NORMAL,0,0,Windows,unspecified
22:49:59.933,48.462,0.3151,0.318,0.3166,0.3803,0.2533,NORMAL,0,0,Windows,unspecified
22:49:59.954,48.482,0.3337,0.3157,0.3247,0.3737,0.2533,NORMAL,0,0,Windows,unspecified
22:49:59.996,48.525,0.2757,0.288,0.2818,0.3671,0.2533,NORMAL,0,0,Windows,unspecified
22:50:00.030,48.558,0.2858,0.2981,0.292,0.3854,0.2533,NORMAL,0,0,Windows,unspecified
22:50:00.062,48.59,0.3154,0.3157,0.3156,0.371,0.2533,NORMAL,0,0,Windows,unspecified
22:50:00.094,48.623,0.309,0.3241,0.3166,0.3855,0.2533,NORMAL,0,0,Windows,unspecified
22:50:00.135,48.663,0.3159,0.3304,0.3231,0.3726,0.2533,NORMAL,0,0,Windows,unspecified
22:50:00.172,48.701,0.3212,0.3333,0.3272,0.3665,0.2533,NORMAL,0,0,Windows,unspecified
22:50:00.206,48.735,0.3159,0.3021,0.309,0.3665,0.2533,NORMAL,0,0,Windows,unspecified
22:50:00.237,48.765,0.3154,0.3157,0.3156,0.3793,0.2533,NORMAL,0,0,Windows,unspecified
22:50:00.269,48.798,0.281,0.318,0.2995,0.3759,0.2533,NORMAL,0,0,Windows,unspecified
22:50:00.299,48.827,0.309,0.3038,0.3064,0.3715,0.2533,NORMAL,0,0,Windows,unspecified
22:50:00.328,48.856,0.3298,0.293,0.3114,0.3778,0.2533,NORMAL,0,0,Windows,unspecified
22:50:00.362,48.891,0.3235,0.2823,0.3029,0.3799,0.2533,NORMAL,0,0,Windows,unspecified
22:50:00.397,48.925,0.3455,0.3057,0.3256,0.3921,0.2533,NORMAL,0,0,Windows,unspecified
22:50:00.423,48.952,0.318,0.3012,0.3096,0.3851,0.2533,NORMAL,0,0,Windows,unspecified
22:50:00.456,48.984,0.3363,0.3057,0.321,0.3978,0.2533,NORMAL,0,0,Windows,unspecified
22:50:00.485,49.014,0.3554,0.2879,0.3217,0.3978,0.2533,NORMAL,0,0,Windows,unspecified
22:50:00.537,49.066,0.352,0.3326,0.3423,0.4022,0.2533,NORMAL,0,0,Windows,unspecified
22:50:00.566,49.094,0.3328,0.3215,0.3272,0.4121,0.2533,NORMAL,0,0,Windows,unspecified
22:50:00.596,49.125,0.3328,0.3215,0.3272,0.4175,0.2533,NORMAL,0,0,Windows,unspecified
22:50:00.628,49.157,0.3056,0.3065,0.306,0.4029,0.2533,NORMAL,0,0,Windows,unspecified
22:50:00.668,49.197,0.3207,0.3021,0.3114,0.4101,0.2533,NORMAL,0,0,Windows,unspecified
22:50:00.704,49.233,0.3172,0.3101,0.3137,0.4129,0.2533,NORMAL,0,0,Windows,unspecified
22:50:00.738,49.266,0.3238,0.3264,0.3251,0.4019,0.2533,NORMAL,0,0,Windows,unspecified
22:50:00.768,49.296,0.3394,0.3218,0.3306,0.4219,0.2533,NORMAL,0,0,Windows,unspecified
22:50:00.800,49.329,0.3424,0.3264,0.3344,0.4016,0.2533,NORMAL,0,0,Windows,unspecified
22:50:00.830,49.358,0.3361,0.2888,0.3124,0.4022,0.2533,NORMAL,0,0,Windows,unspecified
22:50:00.861,49.389,0.3233,0.3111,0.3172,0.4216,0.2533,NORMAL,0,0,Windows,unspecified
22:50:00.890,49.418,0.3298,0.3059,0.3179,0.4232,0.2533,NORMAL,0,0,Windows,unspecified
22:50:00.936,49.464,0.3482,0.3101,0.3292,0.419,0.2533,NORMAL,0,0,Windows,unspecified
22:50:00.969,49.498,0.3298,0.3046,0.3172,0.4146,0.2533,NORMAL,0,0,Windows,unspecified
22:50:01.000,49.529,0.3298,0.3046,0.3172,0.4145,0.2533,NORMAL,0,0,Windows,unspecified
22:50:01.031,49.56,0.332,0.2946,0.3133,0.4177,0.2533,NORMAL,0,0,Windows,unspecified
22:50:01.066,49.595,0.3116,0.2897,0.3006,0.4063,0.2533,NORMAL,0,0,Windows,unspecified
22:50:01.094,49.623,0.3521,0.2983,0.3252,0.4033,0.2533,NORMAL,0,0,Windows,unspecified
22:50:01.128,49.657,0.3334,0.2817,0.3075,0.4231,0.2533,NORMAL,0,0,Windows,unspecified
22:50:01.155,49.684,0.3485,0.3178,0.3332,0.4282,0.2533,NORMAL,0,0,Windows,unspecified
22:50:01.197,49.726,0.3316,0.2854,0.3085,0.4091,0.2533,NORMAL,0,0,Windows,unspecified
22:50:01.233,49.762,0.3199,0.2871,0.3035,0.4198,0.2533,NORMAL,0,0,Windows,unspecified
22:50:01.265,49.793,0.111,0.0762,0.0936,0.4288,0.2533,NORMAL,1,0,Windows,unspecified
22:50:01.294,49.822,0.1424,0.1021,0.1223,0.421,0.2533,NORMAL,2,0,Windows,unspecified
22:50:01.336,49.864,0.0816,0.0777,0.0797,0.4085,0.2533,NORMAL,3,0,Windows,unspecified
22:50:01.357,49.885,0.1263,0.0989,0.1126,0.4091,0.2533,NORMAL,4,0,Windows,unspecified
22:50:01.388,49.917,0.1513,0.0961,0.1237,0.4073,0.2533,NORMAL,5,0,Windows,unspecified
22:50:01.420,49.949,0.1333,0.0843,0.1088,0.3979,0.2533,NORMAL,6,0,Windows,unspecified
22:50:01.464,49.993,0.1487,0.0608,0.1048,0.4084,0.2533,NORMAL,7,0,Windows,unspecified
22:50:01.498,50.027,0.2126,0.0826,0.1476,0.4283,0.2533,NORMAL,8,0,Windows,unspecified
22:50:01.532,50.061,0.2118,0.0888,0.1503,0.4292,0.2533,NORMAL,9,0,Windows,unspecified
22:50:01.560,50.089,0.2885,0.1144,0.2015,0.4451,0.2533,WARNING,10,0,Windows,unspecified
22:50:01.596,50.125,0.3019,0.1031,0.2025,0.4521,0.2533,WARNING,11,0,Windows,unspecified
22:50:01.623,50.151,0.3619,0.1202,0.241,0.4645,0.2467,NORMAL,0,0,Windows,unspecified
22:50:01.659,50.187,0.3632,0.1697,0.2665,0.4823,0.24,NORMAL,0,0,Windows,unspecified
22:50:01.685,50.214,0.301,0.1271,0.214,0.5151,0.2333,NORMAL,0,0,Windows,unspecified
22:50:01.739,50.267,0.2292,0.0928,0.161,0.4816,0.2333,NORMAL,1,0,Windows,unspecified
22:50:01.765,50.293,0.2774,0.1097,0.1935,0.4569,0.2333,NORMAL,2,0,Windows,unspecified
22:50:01.795,50.324,0.3019,0.0963,0.1991,0.4606,0.2333,NORMAL,3,0,Windows,unspecified
22:50:01.826,50.355,0.2292,0.1322,0.1807,0.4182,0.2333,NORMAL,4,0,Windows,unspecified
22:50:01.868,50.397,0.3663,0.141,0.2537,0.3795,0.2267,NORMAL,0,0,Windows,unspecified
22:50:01.906,50.435,0.2176,0.1274,0.1725,0.3883,0.2267,NORMAL,1,0,Windows,unspecified
22:50:01.937,50.466,0.1843,0.1442,0.1642,0.3925,0.2267,NORMAL,2,0,Windows,unspecified
22:50:01.968,50.497,0.1737,0.1354,0.1546,0.4084,0.2267,NORMAL,3,0,Windows,unspecified
22:50:01.997,50.526,0.2578,0.2486,0.2532,0.4045,0.22,NORMAL,0,0,Windows,unspecified
22:50:02.030,50.559,0.2669,0.2108,0.2388,0.4246,0.2133,NORMAL,0,0,Windows,unspecified
22:50:02.063,50.592,0.2448,0.2438,0.2443,0.4058,0.2067,NORMAL,0,0,Windows,unspecified
22:50:02.092,50.62,0.2519,0.2124,0.2322,0.4301,0.2,NORMAL,0,0,Windows,unspecified
22:50:02.135,50.664,0.3013,0.2497,0.2755,0.4078,0.1933,NORMAL,0,0,Windows,unspecified
22:50:02.172,50.701,0.3013,0.2506,0.2759,0.4121,0.1867,NORMAL,0,0,Windows,unspecified
22:50:02.201,50.73,0.2927,0.2416,0.2671,0.4163,0.18,NORMAL,0,0,Windows,unspecified
22:50:02.234,50.763,0.2978,0.2354,0.2666,0.3968,0.1733,NORMAL,0,0,Windows,unspecified
22:50:02.269,50.797,0.2759,0.2523,0.2641,0.3932,0.1667,NORMAL,0,0,Windows,unspecified
22:50:02.298,50.827,0.2676,0.2531,0.2604,0.3958,0.16,NORMAL,0,0,Windows,unspecified
22:50:02.328,50.857,0.2583,0.2531,0.2557,0.3781,0.1533,NORMAL,0,0,Windows,unspecified
22:50:02.360,50.889,0.2833,0.2531,0.2682,0.3843,0.1467,NORMAL,0,0,Windows,unspecified
22:50:02.394,50.923,0.2784,0.2588,0.2686,0.3879,0.14,NORMAL,0,0,Windows,unspecified
22:50:02.424,50.952,0.291,0.2619,0.2764,0.3976,0.1333,NORMAL,0,0,Windows,unspecified
22:50:02.458,50.987,0.2645,0.2619,0.2632,0.395,0.1267,NORMAL,0,0,Windows,unspecified
22:50:02.488,51.016,0.2746,0.2531,0.2639,0.3916,0.12,NORMAL,0,0,Windows,unspecified
22:50:02.518,51.046,0.2895,0.2588,0.2742,0.3897,0.12,NORMAL,0,0,Windows,unspecified
22:50:02.550,51.078,0.2984,0.2678,0.2831,0.3828,0.12,NORMAL,0,0,Windows,unspecified
22:50:02.580,51.109,0.2824,0.2841,0.2832,0.3677,0.12,NORMAL,0,0,Windows,unspecified
22:50:02.613,51.141,0.2856,0.2788,0.2822,0.3911,0.12,NORMAL,0,0,Windows,unspecified
22:50:02.664,51.192,0.3087,0.2788,0.2938,0.3762,0.12,NORMAL,0,0,Windows,unspecified
22:50:02.688,51.216,0.3098,0.2853,0.2976,0.3879,0.12,NORMAL,0,0,Windows,unspecified
22:50:02.730,51.259,0.2751,0.2853,0.2802,0.3746,0.12,NORMAL,0,0,Windows,unspecified
22:50:02.754,51.282,0.2921,0.2919,0.292,0.3677,0.12,NORMAL,0,0,Windows,unspecified
22:50:02.793,51.322,0.2984,0.2919,0.2951,0.3792,0.12,NORMAL,0,0,Windows,unspecified
22:50:02.819,51.347,0.2751,0.276,0.2755,0.3839,0.12,NORMAL,0,0,Windows,unspecified
22:50:02.856,51.385,0.2912,0.2952,0.2932,0.3827,0.12,NORMAL,0,0,Windows,unspecified
22:50:02.880,51.408,0.3087,0.2952,0.3019,0.376,0.12,NORMAL,0,0,Windows,unspecified
22:50:02.912,51.441,0.3087,0.2853,0.297,0.3851,0.12,NORMAL,0,0,Windows,unspecified
22:50:02.942,51.47,0.3145,0.2853,0.2999,0.3844,0.12,NORMAL,0,0,Windows,unspecified
22:50:02.974,51.502,0.3046,0.3034,0.304,0.3778,0.12,NORMAL,0,0,Windows,unspecified
22:50:03.005,51.534,0.2929,0.307,0.3,0.3794,0.12,NORMAL,0,0,Windows,unspecified
22:50:03.065,51.594,0.3098,0.2952,0.3025,0.3844,0.12,NORMAL,0,0,Windows,unspecified
22:50:03.095,51.624,0.3041,0.2899,0.297,0.3791,0.12,NORMAL,0,0,Windows,unspecified
22:50:03.132,51.66,0.3098,0.2797,0.2948,0.384,0.12,NORMAL,0,0,Windows,unspecified
22:50:03.159,51.688,0.3098,0.2844,0.2971,0.3791,0.12,NORMAL,0,0,Windows,unspecified
22:50:03.193,51.722,0.3098,0.2844,0.2971,0.3794,0.12,NORMAL,0,0,Windows,unspecified
22:50:03.224,51.752,0.3034,0.2899,0.2966,0.3814,0.12,NORMAL,0,0,Windows,unspecified
22:50:03.256,51.784,0.3046,0.2745,0.2895,0.3765,0.12,NORMAL,0,0,Windows,unspecified
22:50:03.285,51.814,0.333,0.2797,0.3064,0.381,0.12,NORMAL,0,0,Windows,unspecified
22:50:03.316,51.845,0.3457,0.2899,0.3178,0.3891,0.12,NORMAL,0,0,Windows,unspecified
22:50:03.348,51.876,0.309,0.2804,0.2947,0.3812,0.12,NORMAL,0,0,Windows,unspecified
22:50:03.378,51.907,0.2974,0.2797,0.2886,0.3732,0.12,NORMAL,0,0,Windows,unspecified
22:50:03.406,51.935,0.2912,0.3035,0.2974,0.3876,0.12,NORMAL,0,0,Windows,unspecified
22:50:03.468,51.997,0.3151,0.2844,0.2997,0.3743,0.12,NORMAL,0,0,Windows,unspecified
22:50:03.504,52.032,0.3151,0.2667,0.2909,0.3876,0.12,NORMAL,0,0,Windows,unspecified
22:50:03.535,52.064,0.3023,0.2633,0.2828,0.3781,0.12,NORMAL,0,0,Windows,unspecified
22:50:03.566,52.095,0.2966,0.2667,0.2817,0.3846,0.12,NORMAL,0,0,Windows,unspecified
22:50:03.596,52.125,0.309,0.2693,0.2891,0.3829,0.12,NORMAL,0,0,Windows,unspecified
22:50:03.628,52.157,0.3151,0.2633,0.2892,0.3829,0.12,NORMAL,0,0,Windows,unspecified
22:50:03.662,52.19,0.3135,0.309,0.3113,0.391,0.12,NORMAL,0,0,Windows,unspecified
22:50:03.691,52.219,0.3116,0.309,0.3103,0.391,0.12,NORMAL,0,0,Windows,unspecified
22:50:03.722,52.251,0.3151,0.309,0.312,0.3861,0.12,NORMAL,0,0,Windows,unspecified
22:50:03.755,52.283,0.3135,0.2633,0.2884,0.3898,0.12,NORMAL,0,0,Windows,unspecified
22:50:03.786,52.315,0.3116,0.2981,0.3048,0.3872,0.12,NORMAL,0,0,Windows,unspecified
22:50:03.818,52.346,0.3002,0.3034,0.3018,0.3823,0.12,NORMAL,0,0,Windows,unspecified
22:50:03.865,52.393,0.3035,0.2981,0.3008,0.3875,0.12,NORMAL,0,0,Windows,unspecified
22:50:03.895,52.423,0.2867,0.2689,0.2778,0.4007,0.12,NORMAL,0,0,Windows,unspecified
22:50:03.932,52.461,0.2689,0.2694,0.2692,0.4016,0.12,NORMAL,0,0,Windows,unspecified
22:50:03.957,52.486,0.3116,0.2752,0.2934,0.4074,0.12,NORMAL,0,0,Windows,unspecified
22:50:03.995,52.524,0.2966,0.2867,0.2917,0.4126,0.12,NORMAL,0,0,Windows,unspecified
22:50:04.018,52.546,0.2712,0.2689,0.27,0.4024,0.12,NORMAL,0,0,Windows,unspecified
22:50:04.056,52.585,0.2792,0.2512,0.2652,0.3935,0.12,NORMAL,0,0,Windows,unspecified
22:50:04.082,52.611,0.2966,0.2689,0.2828,0.3882,0.12,NORMAL,0,0,Windows,unspecified
22:50:04.115,52.644,0.2742,0.2752,0.2747,0.3851,0.12,NORMAL,0,0,Windows,unspecified
22:50:04.145,52.674,0.2609,0.2752,0.268,0.3904,0.12,NORMAL,0,0,Windows,unspecified
22:50:04.178,52.706,0.2792,0.2792,0.2792,0.376,0.12,NORMAL,0,0,Windows,unspecified
22:50:04.208,52.737,0.2867,0.2926,0.2897,0.3817,0.12,NORMAL,0,0,Windows,unspecified
22:50:04.264,52.793,0.2562,0.2603,0.2583,0.3896,0.12,NORMAL,0,0,Windows,unspecified
22:50:04.302,52.83,0.2752,0.2712,0.2732,0.3992,0.12,NORMAL,0,0,Windows,unspecified
22:50:04.335,52.864,0.291,0.2742,0.2826,0.3852,0.12,NORMAL,0,0,Windows,unspecified
22:50:04.365,52.894,0.2431,0.2819,0.2625,0.3725,0.12,NORMAL,0,0,Windows,unspecified
22:50:04.393,52.922,0.2568,0.2926,0.2747,0.3947,0.12,NORMAL,0,0,Windows,unspecified
22:50:04.426,52.955,0.2752,0.2742,0.2747,0.3929,0.12,NORMAL,0,0,Windows,unspecified
22:50:04.455,52.984,0.2868,0.2937,0.2902,0.3954,0.12,NORMAL,0,0,Windows,unspecified
22:50:04.490,53.019,0.3061,0.2926,0.2994,0.3906,0.12,NORMAL,0,0,Windows,unspecified
22:50:04.518,53.047,0.3054,0.2926,0.299,0.3836,0.12,NORMAL,0,0,Windows,unspecified
22:50:04.551,53.08,0.267,0.2702,0.2686,0.4004,0.12,NORMAL,0,0,Windows,unspecified
22:50:04.580,53.109,0.2629,0.2752,0.269,0.3894,0.12,NORMAL,0,0,Windows,unspecified
22:50:04.614,53.142,0.2629,0.2809,0.2719,0.3999,0.12,NORMAL,0,0,Windows,unspecified
22:50:04.667,53.196,0.2782,0.2819,0.28,0.4212,0.12,NORMAL,0,0,Windows,unspecified
22:50:04.692,53.22,0.2903,0.2752,0.2827,0.4246,0.12,NORMAL,0,0,Windows,unspecified
22:50:04.733,53.261,0.2719,0.2752,0.2735,0.434,0.12,NORMAL,0,0,Windows,unspecified
22:50:04.768,53.296,0.2832,0.2742,0.2787,0.4333,0.12,NORMAL,0,0,Windows,unspecified
22:50:04.799,53.328,0.2784,0.2324,0.2554,0.4414,0.12,NORMAL,0,0,Windows,unspecified
22:50:04.831,53.36,0.2583,0.2324,0.2453,0.4451,0.12,NORMAL,0,0,Windows,unspecified
22:50:04.862,53.39,0.2328,0.2333,0.233,0.4456,0.12,NORMAL,0,0,Windows,unspecified
22:50:04.894,53.422,0.2431,0.2425,0.2428,0.4571,0.12,NORMAL,0,0,Windows,unspecified
22:50:04.927,53.456,0.2431,0.2425,0.2428,0.4637,0.12,NORMAL,0,0,Windows,unspecified
22:50:04.955,53.483,0.2583,0.2431,0.2507,0.4383,0.12,NORMAL,0,0,Windows,unspecified
22:50:04.984,53.513,0.2642,0.2333,0.2487,0.4251,0.12,NORMAL,0,0,Windows,unspecified
22:50:05.016,53.545,0.2857,0.2384,0.2621,0.4094,0.12,NORMAL,0,0,Windows,unspecified
22:50:05.068,53.597,0.2532,0.2468,0.25,0.3908,0.12,NORMAL,0,0,Windows,unspecified
22:50:05.096,53.625,0.2774,0.2568,0.2671,0.3929,0.12,NORMAL,0,0,Windows,unspecified
22:50:05.133,53.661,0.2936,0.2937,0.2937,0.3931,0.12,NORMAL,0,0,Windows,unspecified
22:50:05.159,53.687,0.2936,0.2937,0.2937,0.3977,0.12,NORMAL,0,0,Windows,unspecified
22:50:05.196,53.724,0.3348,0.3012,0.318,0.3907,0.12,NORMAL,0,0,Windows,unspecified
22:50:05.220,53.748,0.3215,0.3127,0.3171,0.3978,0.12,NORMAL,0,0,Windows,unspecified
22:50:05.256,53.784,0.3333,0.3226,0.3279,0.3978,0.12,NORMAL,0,0,Windows,unspecified
22:50:05.280,53.808,0.3573,0.3127,0.335,0.4055,0.12,NORMAL,0,0,Windows,unspecified
22:50:05.313,53.841,0.3573,0.3092,0.3332,0.3965,0.12,NORMAL,0,0,Windows,unspecified
22:50:05.343,53.871,0.3539,0.2978,0.3258,0.382,0.12,NORMAL,0,0,Windows,unspecified
22:50:05.374,53.903,0.3399,0.3375,0.3387,0.3907,0.12,NORMAL,0,0,Windows,unspecified
22:50:05.404,53.933,0.3588,0.3127,0.3357,0.3881,0.12,NORMAL,0,0,Windows,unspecified
22:50:05.464,53.992,0.3643,0.3405,0.3524,0.3926,0.12,NORMAL,0,0,Windows,unspecified
22:50:05.500,54.029,0.3633,0.3215,0.3424,0.4009,0.12,NORMAL,0,0,Windows,unspecified
22:50:05.532,54.061,0.3794,0.3092,0.3443,0.3856,0.12,NORMAL,0,0,Windows,unspecified
22:50:05.564,54.092,0.3449,0.3405,0.3427,0.3947,0.12,NORMAL,0,0,Windows,unspecified
22:50:05.598,54.127,0.3573,0.3473,0.3523,0.3916,0.12,NORMAL,0,0,Windows,unspecified
22:50:05.626,54.154,0.3436,0.3215,0.3325,0.3897,0.12,NORMAL,0,0,Windows,unspecified
22:50:05.655,54.183,0.3432,0.3282,0.3357,0.3947,0.12,NORMAL,0,0,Windows,unspecified
22:50:05.689,54.218,0.3629,0.3151,0.339,0.3856,0.12,NORMAL,0,0,Windows,unspecified
22:50:05.718,54.247,0.3611,0.3215,0.3413,0.3856,0.12,NORMAL,0,0,Windows,unspecified
22:50:05.750,54.279,0.3432,0.3052,0.3242,0.3857,0.12,NORMAL,0,0,Windows,unspecified
22:50:05.782,54.311,0.3349,0.3504,0.3426,0.3765,0.12,NORMAL,0,0,Windows,unspecified
22:50:05.813,54.341,0.3662,0.3226,0.3444,0.3857,0.12,NORMAL,0,0,Windows,unspecified
22:50:05.864,54.393,0.3539,0.3586,0.3562,0.3926,0.12,NORMAL,0,0,Windows,unspecified
22:50:05.890,54.419,0.3596,0.3473,0.3534,0.4018,0.12,NORMAL,0,0,Windows,unspecified
22:50:05.933,54.462,0.3778,0.3556,0.3667,0.3973,0.12,NORMAL,0,0,Windows,unspecified
22:50:05.967,54.496,0.3611,0.3586,0.3598,0.3973,0.12,NORMAL,0,0,Windows,unspecified
22:50:06.000,54.529,0.3809,0.3556,0.3682,0.3979,0.12,NORMAL,0,0,Windows,unspecified
22:50:06.031,54.559,0.3809,0.3516,0.3663,0.3925,0.12,NORMAL,0,0,Windows,unspecified
22:50:06.060,54.589,0.405,0.3403,0.3727,0.394,0.12,NORMAL,0,0,Windows,unspecified
22:50:06.092,54.62,0.4066,0.3403,0.3735,0.3934,0.12,NORMAL,0,0,Windows,unspecified
22:50:06.123,54.652,0.3911,0.358,0.3745,0.3994,0.12,NORMAL,0,0,Windows,unspecified
22:50:06.155,54.684,0.3882,0.3607,0.3744,0.3969,0.12,NORMAL,0,0,Windows,unspecified
22:50:06.185,54.714,0.3854,0.3784,0.3819,0.4016,0.12,NORMAL,0,0,Windows,unspecified
22:50:06.218,54.746,0.3911,0.3757,0.3834,0.3957,0.12,NORMAL,0,0,Windows,unspecified
22:50:06.264,54.793,0.3663,0.3587,0.3625,0.3886,0.1133,NORMAL,0,0,Windows,unspecified
22:50:06.296,54.825,0.3739,0.3607,0.3673,0.3919,0.1067,NORMAL,0,0,Windows,unspecified
22:50:06.330,54.858,0.3663,0.3959,0.3811,0.4074,0.1,NORMAL,0,0,Windows,unspecified
22:50:06.357,54.886,0.3907,0.3983,0.3945,0.3912,0.0933,NORMAL,0,0,Windows,unspecified
22:50:06.396,54.924,0.3586,0.3641,0.3613,0.389,0.0867,NORMAL,0,0,Windows,unspecified
22:50:06.420,54.948,0.3767,0.3823,0.3795,0.4018,0.08,NORMAL,0,0,Windows,unspecified
22:50:06.457,54.985,0.3226,0.3432,0.3329,0.4037,0.0733,NORMAL,0,0,Windows,unspecified
22:50:06.483,55.012,0.3226,0.3419,0.3322,0.3926,0.0667,NORMAL,0,0,Windows,unspecified
22:50:06.514,55.043,0.3226,0.3245,0.3235,0.3926,0.06,NORMAL,0,0,Windows,unspecified
22:50:06.546,55.074,0.3405,0.3595,0.35,0.3917,0.0533,NORMAL,0,0,Windows,unspecified
22:50:06.576,55.105,0.3754,0.3946,0.385,0.3926,0.0467,NORMAL,0,0,Windows,unspecified
22:50:06.609,55.137,0.3574,0.3626,0.36,0.3803,0.0467,NORMAL,0,0,Windows,unspecified
22:50:06.668,55.197,0.4084,0.3835,0.3959,0.3852,0.0467,NORMAL,0,0,Windows,unspecified
22:50:06.702,55.231,0.3957,0.3905,0.3931,0.3953,0.0467,NORMAL,0,0,Windows,unspecified
22:50:06.734,55.263,0.4156,0.3731,0.3943,0.3921,0.04,NORMAL,0,0,Windows,unspecified
22:50:06.765,55.293,0.3935,0.3745,0.384,0.3921,0.0333,NORMAL,0,0,Windows,unspecified
22:50:06.797,55.326,0.3916,0.3731,0.3823,0.3891,0.0267,NORMAL,0,0,Windows,unspecified
22:50:06.826,55.354,0.3916,0.3905,0.3911,0.3783,0.02,NORMAL,0,0,Windows,unspecified
22:50:06.857,55.385,0.3916,0.3731,0.3823,0.3891,0.02,NORMAL,0,0,Windows,unspecified
22:50:06.891,55.419,0.3916,0.3731,0.3823,0.3921,0.0133,NORMAL,0,0,Windows,unspecified
22:50:06.920,55.449,0.3916,0.3731,0.3823,0.3921,0.0067,NORMAL,0,0,Windows,unspecified
22:50:06.952,55.481,0.3935,0.3731,0.3833,0.3831,0.0,NORMAL,0,0,Windows,unspecified
22:50:06.984,55.513,0.3916,0.3731,0.3823,0.3803,0.0,NORMAL,0,0,Windows,unspecified
22:50:07.014,55.543,0.4137,0.3905,0.4021,0.3831,0.0,NORMAL,0,0,Windows,unspecified
22:50:07.066,55.595,0.4156,0.3905,0.4031,0.3897,0.0,NORMAL,0,0,Windows,unspecified
22:50:07.093,55.622,0.3799,0.3582,0.369,0.394,0.0,NORMAL,0,0,Windows,unspecified
22:50:07.131,55.66,0.3935,0.3731,0.3833,0.3873,0.0,NORMAL,0,0,Windows,unspecified
22:50:07.152,55.681,0.3796,0.3694,0.3745,0.3873,0.0,NORMAL,0,0,Windows,unspecified
22:50:07.194,55.723,0.3621,0.3694,0.3658,0.3873,0.0,NORMAL,0,0,Windows,unspecified
22:50:07.231,55.759,0.3621,0.3694,0.3658,0.3792,0.0,NORMAL,0,0,Windows,unspecified
22:50:07.263,55.791,0.3822,0.3515,0.3668,0.3719,0.0,NORMAL,0,0,Windows,unspecified
22:50:07.293,55.822,0.3664,0.3799,0.3732,0.3769,0.0,NORMAL,0,0,Windows,unspecified
22:50:07.324,55.853,0.3664,0.3799,0.3732,0.3769,0.0,NORMAL,0,0,Windows,unspecified
22:50:07.355,55.883,0.3664,0.3799,0.3732,0.3855,0.0,NORMAL,0,0,Windows,unspecified
22:50:07.388,55.916,0.3664,0.38,0.3732,0.3888,0.0,NORMAL,0,0,Windows,unspecified
22:50:07.418,55.946,0.3878,0.3944,0.3911,0.3762,0.0,NORMAL,0,0,Windows,unspecified
22:50:07.464,55.993,0.3843,0.3967,0.3905,0.3746,0.0,NORMAL,0,0,Windows,unspecified
22:50:07.497,56.025,0.3799,0.3967,0.3883,0.3836,0.0,NORMAL,0,0,Windows,unspecified
22:50:07.528,56.057,0.3799,0.3484,0.3641,0.3863,0.0,NORMAL,0,0,Windows,unspecified
22:50:07.558,56.087,0.3896,0.3484,0.369,0.3751,0.0,NORMAL,0,0,Windows,unspecified
22:50:07.595,56.124,0.3691,0.326,0.3475,0.3796,0.0,NORMAL,0,0,Windows,unspecified
22:50:07.620,56.148,0.3736,0.3648,0.3692,0.3826,0.0,NORMAL,0,0,Windows,unspecified
22:50:07.656,56.184,0.3957,0.3566,0.3762,0.3839,0.0,NORMAL,0,0,Windows,unspecified
22:50:07.683,56.212,0.4177,0.3731,0.3954,0.3855,0.0,NORMAL,0,0,Windows,unspecified
22:50:07.714,56.243,0.4192,0.3749,0.3971,0.3778,0.0,NORMAL,0,0,Windows,unspecified
22:50:07.743,56.272,0.4207,0.3781,0.3994,0.3824,0.0,NORMAL,0,0,Windows,unspecified
22:50:07.776,56.304,0.4207,0.3927,0.4067,0.3764,0.0,NORMAL,0,0,Windows,unspecified
22:50:07.808,56.337,0.4207,0.3749,0.3978,0.3963,0.0,NORMAL,0,0,Windows,unspecified
22:50:07.868,56.397,0.4009,0.3749,0.3879,0.3981,0.0,NORMAL,0,0,Windows,unspecified
22:50:07.903,56.432,0.4009,0.3749,0.3879,0.3886,0.0,NORMAL,0,0,Windows,unspecified
22:50:07.931,56.46,0.4009,0.3749,0.3879,0.3774,0.0,NORMAL,0,0,Windows,unspecified
22:50:07.964,56.493,0.4152,0.3749,0.3951,0.3774,0.0,NORMAL,0,0,Windows,unspecified
22:50:07.995,56.523,0.4152,0.3749,0.3951,0.3774,0.0,NORMAL,0,0,Windows,unspecified
22:50:08.026,56.555,0.4001,0.3712,0.3857,0.3774,0.0,NORMAL,0,0,Windows,unspecified
22:50:08.055,56.584,0.4001,0.3712,0.3857,0.3774,0.0,NORMAL,0,0,Windows,unspecified
22:50:08.090,56.618,0.3861,0.3712,0.3787,0.3774,0.0,NORMAL,0,0,Windows,unspecified
22:50:08.121,56.65,0.3861,0.3712,0.3787,0.3717,0.0,NORMAL,0,0,Windows,unspecified
22:50:08.153,56.682,0.4009,0.3712,0.3861,0.3834,0.0,NORMAL,0,0,Windows,unspecified
22:50:08.185,56.713,0.4009,0.3712,0.3861,0.3793,0.0,NORMAL,0,0,Windows,unspecified
22:50:08.215,56.744,0.4009,0.3712,0.3861,0.3886,0.0,NORMAL,0,0,Windows,unspecified
22:50:08.264,56.793,0.3825,0.3712,0.3769,0.3944,0.0,NORMAL,0,0,Windows,unspecified
22:50:08.294,56.823,0.3825,0.3712,0.3769,0.3853,0.0,NORMAL,0,0,Windows,unspecified
22:50:08.334,56.862,0.1521,0.1067,0.1294,0.3985,0.0067,NORMAL,1,0,Windows,unspecified
22:50:08.369,56.898,0.1036,0.0566,0.0801,0.4022,0.0133,NORMAL,2,0,Windows,unspecified
22:50:08.403,56.931,0.0502,0.0538,0.052,0.4073,0.02,NORMAL,3,0,Windows,unspecified
22:50:08.432,56.961,0.0575,0.0628,0.0601,0.4073,0.0267,NORMAL,4,0,Windows,unspecified
22:50:08.465,56.994,0.0823,0.0769,0.0796,0.3926,0.0333,NORMAL,5,0,Windows,unspecified
22:50:08.494,57.023,0.1229,0.1205,0.1217,0.3946,0.04,NORMAL,6,0,Windows,unspecified
22:50:08.528,57.057,0.1229,0.1377,0.1303,0.3886,0.0467,NORMAL,7,0,Windows,unspecified
22:50:08.559,57.087,0.0823,0.0797,0.081,0.3946,0.0533,NORMAL,8,0,Windows,unspecified
22:50:08.590,57.119,0.0674,0.0557,0.0615,0.3916,0.06,NORMAL,9,0,Windows,unspecified
22:50:08.622,57.151,0.0674,0.0628,0.0651,0.4012,0.0667,WARNING,10,0,Windows,unspecified
22:50:08.668,57.197,0.1883,0.1439,0.1661,0.4093,0.0733,WARNING,11,0,Windows,unspecified
22:50:08.699,57.228,0.1957,0.2035,0.1996,0.4093,0.08,WARNING,12,0,Windows,unspecified
22:50:08.729,57.258,0.2599,0.2804,0.2702,0.4055,0.08,NORMAL,0,0,Windows,unspecified
22:50:08.760,57.289,0.2966,0.2968,0.2967,0.4025,0.08,NORMAL,0,0,Windows,unspecified
22:50:08.796,57.325,0.3135,0.3307,0.3221,0.3929,0.08,NORMAL,0,0,Windows,unspecified
22:50:08.823,57.352,0.332,0.3307,0.3313,0.3857,0.08,NORMAL,0,0,Windows,unspecified
22:50:08.856,57.385,0.3556,0.3335,0.3445,0.3857,0.08,NORMAL,0,0,Windows,unspecified
22:50:08.887,57.416,0.3788,0.3671,0.3729,0.3917,0.08,NORMAL,0,0,Windows,unspecified
22:50:08.917,57.446,0.3788,0.3548,0.3668,0.3858,0.08,NORMAL,0,0,Windows,unspecified
22:50:08.950,57.479,0.3969,0.3671,0.382,0.3858,0.08,NORMAL,0,0,Windows,unspecified
22:50:08.981,57.509,0.4152,0.3671,0.3911,0.3858,0.08,NORMAL,0,0,Windows,unspecified
22:50:09.012,57.541,0.3969,0.3671,0.382,0.3769,0.08,NORMAL,0,0,Windows,unspecified
22:50:09.064,57.593,0.3943,0.4009,0.3976,0.3829,0.08,NORMAL,0,0,Windows,unspecified
22:50:09.092,57.62,0.3943,0.4009,0.3976,0.3844,0.08,NORMAL,0,0,Windows,unspecified
22:50:09.128,57.656,0.3943,0.3874,0.3909,0.3788,0.08,NORMAL,0,0,Windows,unspecified
22:50:09.151,57.68,0.3943,0.3837,0.389,0.3788,0.08,NORMAL,0,0,Windows,unspecified
22:50:09.194,57.722,0.3943,0.3837,0.389,0.38,0.08,NORMAL,0,0,Windows,unspecified
22:50:09.230,57.759,0.3943,0.3837,0.389,0.38,0.08,NORMAL,0,0,Windows,unspecified
22:50:09.263,57.791,0.3943,0.3507,0.3725,0.38,0.08,NORMAL,0,0,Windows,unspecified
22:50:09.290,57.819,0.3943,0.3507,0.3725,0.3857,0.08,NORMAL,0,0,Windows,unspecified
22:50:09.324,57.852,0.3943,0.3507,0.3725,0.3857,0.08,NORMAL,0,0,Windows,unspecified
22:50:09.352,57.881,0.1821,0.134,0.1581,0.3816,0.0867,NORMAL,1,0,Windows,unspecified
22:50:09.385,57.914,0.1,0.0785,0.0892,0.3931,0.0933,NORMAL,2,0,Windows,unspecified
22:50:09.416,57.944,0.043,0.0663,0.0547,0.3913,0.1,NORMAL,3,0,Windows,unspecified
22:50:09.469,57.997,0.0756,0.0726,0.0741,0.4011,0.1067,NORMAL,4,0,Windows,unspecified
22:50:09.494,58.022,0.0826,0.0794,0.081,0.3931,0.1133,NORMAL,5,0,Windows,unspecified
22:50:09.531,58.06,0.1582,0.1641,0.1612,0.3931,0.12,NORMAL,6,0,Windows,unspecified
22:50:09.557,58.085,0.2193,0.2136,0.2164,0.3908,0.12,NORMAL,0,0,Windows,unspecified
22:50:09.596,58.124,0.1434,0.0842,0.1138,0.3956,0.1267,NORMAL,1,0,Windows,unspecified
22:50:09.617,58.146,0.0871,0.0483,0.0677,0.3956,0.1333,NORMAL,2,0,Windows,unspecified
22:50:09.656,58.185,0.073,0.0538,0.0634,0.3994,0.14,NORMAL,3,0,Windows,unspecified
22:50:09.681,58.21,0.0755,0.0557,0.0656,0.4046,0.1467,NORMAL,4,0,Windows,unspecified
22:50:09.712,58.241,0.0755,0.0557,0.0656,0.4046,0.1533,NORMAL,5,0,Windows,unspecified
22:50:09.744,58.272,0.0782,0.0557,0.0669,0.395,0.16,NORMAL,6,0,Windows,unspecified
22:50:09.774,58.303,0.078,0.0628,0.0704,0.3916,0.1667,NORMAL,7,0,Windows,unspecified
22:50:09.806,58.335,0.0932,0.0587,0.076,0.3946,0.1733,NORMAL,8,0,Windows,unspecified
22:50:09.864,58.393,0.0674,0.0499,0.0587,0.398,0.18,NORMAL,9,0,Windows,unspecified
22:50:09.897,58.426,0.0608,0.0333,0.047,0.398,0.1867,WARNING,10,0,Windows,unspecified
22:50:09.933,58.462,0.0608,0.0587,0.0598,0.395,0.1933,WARNING,11,0,Windows,unspecified
22:50:09.964,58.492,0.0608,0.0587,0.0598,0.395,0.2,WARNING,12,0,Windows,unspecified
22:50:09.997,58.525,0.0797,0.0587,0.0692,0.3916,0.2067,WARNING,13,0,Windows,unspecified
22:50:10.025,58.554,0.0794,0.0499,0.0646,0.3916,0.2133,WARNING,14,0,Windows,unspecified
22:50:10.056,58.584,0.0794,0.0586,0.069,0.398,0.22,WARNING,15,0,Windows,unspecified
22:50:10.086,58.615,0.0902,0.0626,0.0764,0.3926,0.2267,WARNING,16,0,Windows,unspecified
22:50:10.118,58.647,0.0794,0.0729,0.0761,0.3926,0.2333,WARNING,17,0,Windows,unspecified
22:50:10.146,58.675,0.0794,0.0729,0.0761,0.3926,0.24,WARNING,18,0,Windows,unspecified
22:50:10.180,58.709,0.0794,0.0704,0.0749,0.3926,0.2467,WARNING,19,0,Windows,unspecified
22:50:10.213,58.742,0.0794,0.0759,0.0777,0.3937,0.2533,DROWSY,20,0,Windows,unspecified
22:50:10.268,58.797,0.0899,0.0734,0.0817,0.3937,0.26,DROWSY,21,0,Windows,unspecified
22:50:10.294,58.823,0.0794,0.0871,0.0832,0.3937,0.2667,DROWSY,22,0,Windows,unspecified
22:50:10.328,58.857,0.0648,0.0704,0.0676,0.4013,0.2733,DROWSY,23,0,Windows,unspecified
22:50:10.355,58.884,0.0899,0.055,0.0724,0.4013,0.28,DROWSY,24,0,Windows,unspecified
22:50:10.397,58.926,0.0899,0.0483,0.0691,0.4111,0.2867,DROWSY,25,0,Windows,unspecified
22:50:10.417,58.946,0.1064,0.0586,0.0825,0.3989,0.2933,DROWSY,26,0,Windows,unspecified
22:50:10.455,58.984,0.0797,0.0718,0.0757,0.3875,0.3,DROWSY,27,0,Windows,unspecified
22:50:10.479,59.007,0.0797,0.0715,0.0756,0.3846,0.3067,DROWSY,28,0,Windows,unspecified
22:50:10.513,59.041,0.0871,0.0718,0.0795,0.3782,0.3133,DROWSY,29,0,Windows,unspecified
22:50:10.544,59.072,0.0871,0.068,0.0776,0.4012,0.32,DROWSY,30,0,Windows,unspecified
22:50:10.575,59.104,0.0871,0.0548,0.071,0.4012,0.3267,DROWSY,31,0,Windows,unspecified
22:50:10.605,59.134,0.0729,0.0483,0.0606,0.3916,0.3333,DROWSY,32,0,Windows,unspecified
22:50:10.669,59.198,0.0608,0.0499,0.0554,0.395,0.34,DROWSY,33,0,Windows,unspecified
22:50:10.699,59.228,0.0797,0.0568,0.0682,0.4073,0.3467,DROWSY,34,0,Windows,unspecified
22:50:10.732,59.261,0.0932,0.0726,0.0829,0.3976,0.3533,DROWSY,35,0,Windows,unspecified
22:50:10.762,59.29,0.1045,0.0586,0.0815,0.395,0.36,DROWSY,36,0,Windows,unspecified
22:50:10.794,59.323,0.0823,0.0568,0.0695,0.395,0.3667,DROWSY,37,0,Windows,unspecified
22:50:10.826,59.355,0.0935,0.0568,0.0752,0.3875,0.3733,DROWSY,38,0,Windows,unspecified
22:50:10.861,59.39,0.1487,0.1646,0.1567,0.3875,0.38,DROWSY,39,0,Windows,unspecified
22:50:10.886,59.414,0.2058,0.188,0.1969,0.3841,0.3867,DROWSY,40,0,Windows,unspecified
22:50:10.918,59.446,0.2058,0.188,0.1969,0.3934,0.3933,DROWSY,41,0,Windows,unspecified
22:50:10.954,59.483,0.2132,0.2165,0.2148,0.3873,0.3933,DROWSY,0,0,Windows,unspecified
22:50:10.983,59.512,0.2132,0.2165,0.2148,0.3906,0.3933,DROWSY,0,0,Windows,unspecified
22:50:11.016,59.544,0.2217,0.226,0.2238,0.3813,0.3933,DROWSY,0,0,Windows,unspecified
22:50:11.064,59.592,0.231,0.2301,0.2306,0.3847,0.3933,DROWSY,0,0,Windows,unspecified
22:50:11.092,59.621,0.231,0.2226,0.2268,0.3784,0.3933,DROWSY,0,0,Windows,unspecified
22:50:11.130,59.659,0.1702,0.1346,0.1524,0.3877,0.4,DROWSY,1,0,Windows,unspecified
22:50:11.154,59.683,0.1387,0.134,0.1363,0.3803,0.4067,DROWSY,2,0,Windows,unspecified
22:50:11.196,59.724,0.107,0.1196,0.1133,0.3803,0.4133,DROWSY,3,0,Windows,unspecified
22:50:11.229,59.758,0.1041,0.1192,0.1117,0.3898,0.42,DROWSY,4,0,Windows,unspecified
22:50:11.264,59.793,0.128,0.1192,0.1236,0.3864,0.4267,DROWSY,5,0,Windows,unspecified
22:50:11.295,59.823,0.1142,0.103,0.1086,0.3864,0.4333,DROWSY,6,0,Windows,unspecified
22:50:11.328,59.857,0.1142,0.103,0.1086,0.3942,0.44,DROWSY,7,0,Windows,unspecified
22:50:11.354,59.883,0.1444,0.124,0.1342,0.3843,0.4467,DROWSY,8,0,Windows,unspecified
22:50:11.388,59.917,0.1674,0.1495,0.1585,0.3843,0.4533,DROWSY,9,0,Windows,unspecified
22:50:11.417,59.946,0.1915,0.1495,0.1705,0.3716,0.46,DROWSY,10,0,Windows,unspecified
22:50:11.464,59.993,0.2136,0.1844,0.199,0.3803,0.4667,DROWSY,11,0,Windows,unspecified
22:50:11.496,60.025,0.2283,0.1844,0.2064,0.3744,0.4733,DROWSY,12,0,Windows,unspecified
22:50:11.531,60.06,0.2443,0.2158,0.2301,0.3744,0.4733,DROWSY,0,0,Windows,unspecified
22:50:11.558,60.086,0.2443,0.2158,0.2301,0.3877,0.4733,DROWSY,0,0,Windows,unspecified
22:50:11.596,60.125,0.2608,0.2226,0.2417,0.3744,0.4733,DROWSY,0,0,Windows,unspecified
22:50:11.621,60.149,0.28,0.2382,0.2591,0.3744,0.4733,DROWSY,0,0,Windows,unspecified
22:50:11.656,60.185,0.2961,0.2693,0.2827,0.3744,0.4733,DROWSY,0,0,Windows,unspecified
22:50:11.682,60.211,0.3136,0.2693,0.2914,0.3775,0.4733,DROWSY,0,0,Windows,unspecified
22:50:11.715,60.244,0.3481,0.3021,0.3251,0.3774,0.4733,DROWSY,0,0,Windows,unspecified
22:50:11.744,60.272,0.3356,0.3021,0.3188,0.3775,0.4733,DROWSY,0,0,Windows,unspecified
22:50:11.775,60.304,0.3283,0.3021,0.3152,0.3775,0.4733,DROWSY,0,0,Windows,unspecified
22:50:11.808,60.336,0.3455,0.2919,0.3187,0.3849,0.4733,DROWSY,0,0,Windows,unspecified
22:50:11.868,60.397,0.3455,0.2919,0.3187,0.3849,0.4733,DROWSY,0,0,Windows,unspecified
22:50:11.898,60.426,0.3455,0.2919,0.3187,0.3849,0.4733,DROWSY,0,0,Windows,unspecified
22:50:11.927,60.456,0.3455,0.2919,0.3187,0.3775,0.4733,DROWSY,0,0,Windows,unspecified
22:50:11.962,60.491,0.3455,0.3021,0.3238,0.3797,0.4733,DROWSY,0,0,Windows,unspecified
22:50:11.992,60.521,0.3455,0.3021,0.3238,0.374,0.4733,DROWSY,0,0,Windows,unspecified
22:50:12.025,60.554,0.3521,0.2919,0.322,0.374,0.4733,DROWSY,0,0,Windows,unspecified
22:50:12.057,60.585,0.3455,0.2919,0.3187,0.3744,0.4733,DROWSY,0,0,Windows,unspecified
22:50:12.087,60.615,0.3455,0.2919,0.3187,0.3744,0.4733,DROWSY,0,0,Windows,unspecified
22:50:12.120,60.648,0.3455,0.2919,0.3187,0.3744,0.4733,DROWSY,0,0,Windows,unspecified
22:50:12.147,60.676,0.343,0.2919,0.3174,0.3744,0.4733,DROWSY,0,0,Windows,unspecified
22:50:12.178,60.707,0.343,0.308,0.3255,0.3744,0.4733,DROWSY,0,0,Windows,unspecified
22:50:12.212,60.74,0.3382,0.3241,0.3311,0.3744,0.4733,DROWSY,0,0,Windows,unspecified
22:50:12.266,60.794,0.3382,0.3403,0.3393,0.3818,0.4733,DROWSY,0,0,Windows,unspecified
22:50:12.307,60.835,0.3382,0.3403,0.3393,0.3803,0.4733,DROWSY,0,0,Windows,unspecified
22:50:12.335,60.864,0.3406,0.308,0.3243,0.3803,0.4733,DROWSY,0,0,Windows,unspecified
22:50:12.367,60.895,0.3406,0.308,0.3243,0.3803,0.4733,DROWSY,0,0,Windows,unspecified
22:50:12.397,60.926,0.3406,0.308,0.3243,0.3803,0.4733,DROWSY,0,0,Windows,unspecified
22:50:12.428,60.957,0.3455,0.308,0.3267,0.3772,0.4733,DROWSY,0,0,Windows,unspecified
22:50:12.455,60.984,0.3455,0.308,0.3267,0.3772,0.4733,DROWSY,0,0,Windows,unspecified
22:50:12.488,61.017,0.3455,0.3242,0.3349,0.3772,0.4733,DROWSY,0,0,Windows,unspecified
22:50:12.520,61.048,0.3455,0.3242,0.3349,0.3684,0.4733,DROWSY,0,0,Windows,unspecified
22:50:12.552,61.081,0.3455,0.3242,0.3349,0.3684,0.4733,DROWSY,0,0,Windows,unspecified
22:50:12.585,61.113,0.3521,0.3242,0.3382,0.3684,0.4733,DROWSY,0,0,Windows,unspecified
22:50:12.614,61.143,0.3521,0.3242,0.3382,0.3684,0.4733,DROWSY,0,0,Windows,unspecified
22:50:12.668,61.196,0.3521,0.3242,0.3382,0.3696,0.4733,DROWSY,0,0,Windows,unspecified
22:50:12.692,61.221,0.3521,0.3226,0.3373,0.3623,0.4733,DROWSY,0,0,Windows,unspecified
22:50:12.729,61.258,0.3521,0.3226,0.3373,0.3711,0.4733,DROWSY,0,0,Windows,unspecified
22:50:12.755,61.284,0.3521,0.3567,0.3544,0.3746,0.4733,DROWSY,0,0,Windows,unspecified
22:50:12.793,61.322,0.3495,0.324,0.3368,0.3746,0.4733,DROWSY,0,0,Windows,unspecified
22:50:12.814,61.342,0.3495,0.3132,0.3313,0.3778,0.4733,DROWSY,0,0,Windows,unspecified
22:50:12.856,61.385,0.3376,0.3347,0.3361,0.3685,0.4733,DROWSY,0,0,Windows,unspecified
22:50:12.879,61.407,0.3376,0.3347,0.3361,0.3685,0.4733,DROWSY,0,0,Windows,unspecified
22:50:12.912,61.441,0.3218,0.3285,0.3252,0.3685,0.4733,DROWSY,0,0,Windows,unspecified
22:50:12.942,61.471,0.3376,0.3285,0.3331,0.3744,0.4733,DROWSY,0,0,Windows,unspecified
22:50:12.971,61.499,0.3376,0.3285,0.3331,0.3744,0.4733,DROWSY,0,0,Windows,unspecified
22:50:13.004,61.533,0.3313,0.3285,0.3299,0.3757,0.4733,DROWSY,0,0,Windows,unspecified
22:50:13.067,61.595,0.343,0.3285,0.3358,0.3868,0.4733,DROWSY,0,0,Windows,unspecified
22:50:13.098,61.627,0.326,0.3179,0.3219,0.3797,0.4733,DROWSY,0,0,Windows,unspecified
22:50:13.131,61.659,0.326,0.3179,0.3219,0.3797,0.4733,DROWSY,0,0,Windows,unspecified
22:50:13.161,61.689,0.3211,0.3179,0.3195,0.3797,0.4733,DROWSY,0,0,Windows,unspecified
22:50:13.195,61.723,0.326,0.3285,0.3272,0.3797,0.4733,DROWSY,0,0,Windows,unspecified
22:50:13.222,61.751,0.326,0.3285,0.3272,0.3797,0.4733,DROWSY,0,0,Windows,unspecified
22:50:13.259,61.787,0.3332,0.3302,0.3317,0.3641,0.4733,DROWSY,0,0,Windows,unspecified
22:50:13.289,61.817,0.3332,0.3364,0.3348,0.3728,0.4733,DROWSY,0,0,Windows,unspecified
22:50:13.318,61.847,0.3332,0.3364,0.3348,0.3728,0.4667,DROWSY,0,0,Windows,unspecified
22:50:13.349,61.878,0.3376,0.3347,0.3361,0.3727,0.46,DROWSY,0,0,Windows,unspecified
22:50:13.380,61.909,0.3495,0.3347,0.3421,0.3727,0.4533,DROWSY,0,0,Windows,unspecified
22:50:13.412,61.94,0.3376,0.3347,0.3361,0.3727,0.4467,DROWSY,0,0,Windows,unspecified
22:50:13.468,61.996,0.3495,0.3347,0.3421,0.3728,0.44,DROWSY,0,0,Windows,unspecified
22:50:13.504,62.032,0.3495,0.3347,0.3421,0.3681,0.4333,DROWSY,0,0,Windows,unspecified
22:50:13.535,62.063,0.3495,0.3347,0.3421,0.3681,0.4267,DROWSY,0,0,Windows,unspecified
22:50:13.566,62.095,0.3376,0.3347,0.3361,0.3681,0.42,DROWSY,0,0,Windows,unspecified
22:50:13.599,62.127,0.3376,0.3364,0.337,0.3771,0.4133,DROWSY,0,0,Windows,unspecified
22:50:13.630,62.159,0.3495,0.3364,0.343,0.3771,0.4067,DROWSY,0,0,Windows,unspecified
22:50:13.659,62.188,0.3495,0.3364,0.343,0.3697,0.4,DROWSY,0,0,Windows,unspecified
22:50:13.692,62.22,0.3332,0.3364,0.3348,0.3697,0.3933,DROWSY,0,0,Windows,unspecified
22:50:13.722,62.25,0.3332,0.3364,0.3348,0.3697,0.3933,DROWSY,0,0,Windows,unspecified
22:50:13.753,62.282,0.3332,0.3302,0.3317,0.3715,0.3933,DROWSY,0,0,Windows,unspecified
22:50:13.786,62.314,0.3495,0.3418,0.3457,0.3745,0.3933,DROWSY,0,0,Windows,unspecified
22:50:13.818,62.346,0.3495,0.3399,0.3447,0.3804,0.3933,DROWSY,0,0,Windows,unspecified
22:50:13.868,62.396,0.3495,0.3399,0.3447,0.3713,0.3933,DROWSY,0,0,Windows,unspecified
22:50:13.896,62.425,0.3495,0.3399,0.3447,0.3786,0.3933,DROWSY,0,0,Windows,unspecified
22:50:13.932,62.461,0.326,0.3224,0.3242,0.3771,0.3933,DROWSY,0,0,Windows,unspecified
22:50:13.958,62.486,0.3325,0.3224,0.3274,0.3771,0.3933,DROWSY,0,0,Windows,unspecified
22:50:13.993,62.522,0.3161,0.3285,0.3223,0.3767,0.3933,DROWSY,0,0,Windows,unspecified
22:50:14.022,62.55,0.3161,0.3125,0.3143,0.3767,0.3933,DROWSY,0,0,Windows,unspecified
22:50:14.056,62.585,0.3148,0.2987,0.3068,0.3767,0.3933,DROWSY,0,0,Windows,unspecified
22:50:14.081,62.61,0.3148,0.2987,0.3068,0.3767,0.3933,DROWSY,0,0,Windows,unspecified
22:50:14.116,62.644,0.3313,0.2987,0.315,0.3771,0.3933,DROWSY,0,0,Windows,unspecified
22:50:14.146,62.675,0.3335,0.2987,0.3161,0.3771,0.3933,DROWSY,0,0,Windows,unspecified
22:50:14.176,62.704,0.3335,0.2987,0.3161,0.3715,0.3933,DROWSY,0,0,Windows,unspecified
22:50:14.208,62.736,0.3335,0.2987,0.3161,0.3715,0.3933,DROWSY,0,0,Windows,unspecified
22:50:14.264,62.793,0.3313,0.3141,0.3227,0.3771,0.3933,DROWSY,0,0,Windows,unspecified
22:50:14.303,62.831,0.3313,0.3141,0.3227,0.3797,0.3933,DROWSY,0,0,Windows,unspecified
22:50:14.335,62.863,0.3313,0.308,0.3196,0.3797,0.3933,DROWSY,0,0,Windows,unspecified
22:50:14.368,62.897,0.3335,0.308,0.3208,0.3851,0.3867,DROWSY,0,0,Windows,unspecified
22:50:14.400,62.929,0.3335,0.3241,0.3288,0.3671,0.38,DROWSY,0,0,Windows,unspecified
22:50:14.430,62.959,0.3335,0.3241,0.3288,0.3812,0.3733,DROWSY,0,0,Windows,unspecified
22:50:14.462,62.99,0.3455,0.3241,0.3348,0.3812,0.3667,DROWSY,0,0,Windows,unspecified
22:50:14.494,63.023,0.3455,0.3224,0.3339,0.3812,0.36,DROWSY,0,0,Windows,unspecified
22:50:14.523,63.052,0.3455,0.3224,0.3339,0.3812,0.3533,DROWSY,0,0,Windows,unspecified
22:50:14.555,63.084,0.3455,0.3224,0.3339,0.3827,0.3533,DROWSY,0,0,Windows,unspecified
22:50:14.584,63.113,0.3455,0.3224,0.3339,0.3753,0.3467,NORMAL,0,0,Windows,unspecified
22:50:14.617,63.146,0.3455,0.3224,0.3339,0.3829,0.34,NORMAL,0,0,Windows,unspecified
22:50:14.664,63.193,0.3455,0.3224,0.3339,0.3829,0.3333,NORMAL,0,0,Windows,unspecified
22:50:14.695,63.224,0.3235,0.3224,0.3229,0.3829,0.3267,NORMAL,0,0,Windows,unspecified
22:50:14.735,63.263,0.3035,0.3132,0.3083,0.3753,0.32,NORMAL,0,0,Windows,unspecified
22:50:14.774,63.302,0.326,0.324,0.325,0.3753,0.3133,NORMAL,0,0,Windows,unspecified
22:50:14.805,63.334,0.326,0.3258,0.3259,0.3727,0.3067,NORMAL,0,0,Windows,unspecified
22:50:14.837,63.366,0.3455,0.3092,0.3273,0.3727,0.3,NORMAL,0,0,Windows,unspecified
22:50:14.867,63.396,0.3283,0.3288,0.3286,0.3784,0.2933,NORMAL,0,0,Windows,unspecified
22:50:14.900,63.428,0.3246,0.3307,0.3277,0.3902,0.2867,NORMAL,0,0,Windows,unspecified
22:50:14.930,63.459,0.3191,0.314,0.3166,0.3813,0.28,NORMAL,0,0,Windows,unspecified
22:50:14.960,63.488,0.3427,0.3476,0.3451,0.3841,0.2733,NORMAL,0,0,Windows,unspecified
22:50:14.991,63.52,0.3076,0.313,0.3103,0.385,0.2667,NORMAL,0,0,Windows,unspecified
22:50:15.020,63.549,0.3406,0.3455,0.3431,0.3796,0.26,NORMAL,0,0,Windows,unspecified
22:50:15.064,63.593,0.3556,0.3241,0.3398,0.3819,0.2533,NORMAL,0,0,Windows,unspecified
22:50:15.102,63.631,0.3135,0.326,0.3197,0.3851,0.2467,NORMAL,0,0,Windows,unspecified
22:50:15.132,63.661,0.3505,0.326,0.3382,0.3898,0.24,NORMAL,0,0,Windows,unspecified
22:50:15.163,63.692,0.3298,0.3378,0.3338,0.3841,0.2333,NORMAL,0,0,Windows,unspecified
22:50:15.194,63.723,0.3135,0.3215,0.3175,0.3816,0.2267,NORMAL,0,0,Windows,unspecified
22:50:15.229,63.758,0.332,0.309,0.3205,0.3816,0.22,NORMAL,0,0,Windows,unspecified
22:50:15.256,63.785,0.3371,0.3248,0.3309,0.3788,0.2133,NORMAL,0,0,Windows,unspecified
22:50:15.291,63.82,0.3191,0.3248,0.322,0.3789,0.2067,NORMAL,0,0,Windows,unspecified
22:50:15.324,63.852,0.3191,0.3248,0.322,0.3857,0.2,NORMAL,0,0,Windows,unspecified
22:50:15.355,63.883,0.3371,0.3076,0.3223,0.3788,0.1933,NORMAL,0,0,Windows,unspecified
22:50:15.385,63.914,0.3187,0.3042,0.3114,0.3788,0.1867,NORMAL,0,0,Windows,unspecified
22:50:15.419,63.947,0.3203,0.3056,0.313,0.3816,0.18,NORMAL,0,0,Windows,unspecified
22:50:15.465,63.993,0.3156,0.2797,0.2977,0.3733,0.1733,NORMAL,0,0,Windows,unspecified
22:50:15.495,64.023,0.3135,0.2844,0.2989,0.3708,0.1667,NORMAL,0,0,Windows,unspecified
22:50:15.530,64.058,0.3151,0.3021,0.3086,0.3679,0.16,NORMAL,0,0,Windows,unspecified
22:50:15.560,64.088,0.3116,0.2844,0.298,0.3762,0.1533,NORMAL,0,0,Windows,unspecified
22:50:15.595,64.124,0.2984,0.2911,0.2948,0.3785,0.1467,NORMAL,0,0,Windows,unspecified
22:50:15.620,64.149,0.2673,0.2951,0.2812,0.3648,0.14,NORMAL,0,0,Windows,unspecified
22:50:15.656,64.185,0.2922,0.2897,0.291,0.3711,0.1333,NORMAL,0,0,Windows,unspecified
22:50:15.683,64.212,0.2751,0.2858,0.2804,0.3768,0.1267,NORMAL,0,0,Windows,unspecified
22:50:15.717,64.245,0.2984,0.2897,0.2941,0.3681,0.12,NORMAL,0,0,Windows,unspecified
22:50:15.745,64.273,0.2757,0.3009,0.2883,0.3745,0.1133,NORMAL,0,0,Windows,unspecified
22:50:15.776,64.305,0.2751,0.2932,0.2842,0.3761,0.1067,NORMAL,0,0,Windows,unspecified
22:50:15.809,64.337,0.2598,0.2814,0.2706,0.3644,0.1,NORMAL,0,0,Windows,unspecified
22:50:15.865,64.394,0.2757,0.2814,0.2786,0.3648,0.0933,NORMAL,0,0,Windows,unspecified
22:50:15.902,64.431,0.2488,0.3009,0.2748,0.3712,0.0867,NORMAL,0,0,Windows,unspecified
22:50:15.933,64.461,0.2645,0.2791,0.2718,0.3635,0.08,NORMAL,0,0,Windows,unspecified
22:50:15.963,64.492,0.2574,0.2791,0.2683,0.3546,0.08,NORMAL,0,0,Windows,unspecified
22:50:15.992,64.52,0.2757,0.3101,0.2929,0.3625,0.08,NORMAL,0,0,Windows,unspecified
22:50:16.027,64.556,0.2658,0.3009,0.2834,0.3775,0.08,NORMAL,0,0,Windows,unspecified
22:50:16.055,64.584,0.2321,0.2791,0.2556,0.3751,0.08,NORMAL,0,0,Windows,unspecified
22:50:16.088,64.616,0.2412,0.2791,0.2601,0.3775,0.08,NORMAL,0,0,Windows,unspecified
22:50:16.119,64.647,0.258,0.2984,0.2782,0.3775,0.0733,NORMAL,0,0,Windows,unspecified
22:50:16.153,64.681,0.2321,0.2875,0.2598,0.3633,0.0667,NORMAL,0,0,Windows,unspecified
22:50:16.182,64.71,0.2253,0.2909,0.2581,0.345,0.06,NORMAL,0,0,Windows,unspecified
22:50:16.214,64.743,0.2253,0.2668,0.2461,0.3569,0.0533,NORMAL,0,0,Windows,unspecified
22:50:16.263,64.792,0.2488,0.2855,0.2672,0.3625,0.0467,NORMAL,0,0,Windows,unspecified
22:50:16.294,64.823,0.2718,0.2855,0.2787,0.3648,0.04,NORMAL,0,0,Windows,unspecified
22:50:16.333,64.861,0.2556,0.2855,0.2706,0.3577,0.0333,NORMAL,0,0,Windows,unspecified
22:50:16.355,64.883,0.2488,0.2814,0.2651,0.3602,0.0267,NORMAL,0,0,Windows,unspecified
22:50:16.394,64.922,0.2488,0.2814,0.2651,0.3559,0.02,NORMAL,0,0,Windows,unspecified
22:50:16.420,64.948,0.2488,0.2855,0.2672,0.3559,0.0133,NORMAL,0,0,Windows,unspecified
22:50:16.455,64.984,0.1392,0.1451,0.1421,0.3648,0.0133,NORMAL,1,0,Windows,unspecified
22:50:16.482,65.01,0.0931,0.0968,0.0949,0.3648,0.0133,NORMAL,2,0,Windows,unspecified
22:50:16.514,65.042,0.1007,0.1144,0.1076,0.3656,0.02,NORMAL,3,0,Windows,unspecified
22:50:16.546,65.074,0.1054,0.1075,0.1065,0.3684,0.0267,NORMAL,4,0,Windows,unspecified
22:50:16.579,65.107,0.1202,0.1103,0.1152,0.3679,0.0333,NORMAL,5,0,Windows,unspecified
22:50:16.608,65.137,0.1109,0.1327,0.1218,0.3777,0.04,NORMAL,6,0,Windows,unspecified
22:50:16.665,65.194,0.2,0.1378,0.1689,0.3794,0.0467,NORMAL,7,0,Windows,unspecified
22:50:16.689,65.218,0.2321,0.181,0.2065,0.3781,0.0533,NORMAL,8,0,Windows,unspecified
22:50:16.732,65.261,0.2672,0.2132,0.2402,0.3904,0.0533,NORMAL,0,0,Windows,unspecified
22:50:16.763,65.291,0.2469,0.2217,0.2343,0.3797,0.0533,NORMAL,0,0,Windows,unspecified
22:50:16.795,65.324,0.2469,0.2477,0.2473,0.3677,0.0533,NORMAL,0,0,Windows,unspecified
22:50:16.826,65.354,0.2416,0.2458,0.2437,0.3817,0.0533,NORMAL,0,0,Windows,unspecified
22:50:16.858,65.387,0.249,0.265,0.257,0.3849,0.0533,NORMAL,0,0,Windows,unspecified
22:50:16.890,65.418,0.2663,0.2729,0.2696,0.3913,0.0533,NORMAL,0,0,Windows,unspecified
22:50:16.921,65.45,0.2663,0.2667,0.2665,0.3891,0.0533,NORMAL,0,0,Windows,unspecified
22:50:16.951,65.479,0.2958,0.2895,0.2927,0.3714,0.0533,NORMAL,0,0,Windows,unspecified
22:50:16.983,65.512,0.2846,0.2895,0.287,0.3766,0.0533,NORMAL,0,0,Windows,unspecified
22:50:17.011,65.54,0.2958,0.279,0.2874,0.3714,0.0533,NORMAL,0,0,Windows,unspecified
22:50:17.063,65.592,0.265,0.279,0.272,0.3857,0.0533,NORMAL,0,0,Windows,unspecified
22:50:17.088,65.617,0.2477,0.279,0.2634,0.3824,0.0533,NORMAL,0,0,Windows,unspecified
22:50:17.134,65.662,0.2477,0.2667,0.2572,0.368,0.0533,NORMAL,0,0,Windows,unspecified
22:50:17.167,65.696,0.2477,0.2667,0.2572,0.3737,0.0533,NORMAL,0,0,Windows,unspecified
22:50:17.200,65.728,0.265,0.2729,0.2689,0.391,0.0533,NORMAL,0,0,Windows,unspecified
22:50:17.229,65.758,0.2831,0.2831,0.2831,0.3854,0.0533,NORMAL,0,0,Windows,unspecified
22:50:17.262,65.791,0.2831,0.3171,0.3001,0.3824,0.0533,NORMAL,0,0,Windows,unspecified
22:50:17.294,65.823,0.2767,0.3248,0.3008,0.3697,0.0533,NORMAL,0,0,Windows,unspecified
22:50:17.326,65.855,0.2875,0.3248,0.3062,0.3623,0.0533,NORMAL,0,0,Windows,unspecified
22:50:17.357,65.886,0.3066,0.3264,0.3165,0.3767,0.0533,NORMAL,0,0,Windows,unspecified
22:50:17.390,65.919,0.3257,0.3248,0.3253,0.3813,0.0533,NORMAL,0,0,Windows,unspecified
22:50:17.422,65.95,0.3257,0.2846,0.3051,0.3654,0.0533,NORMAL,0,0,Windows,unspecified
22:50:17.464,65.992,0.2966,0.268,0.2823,0.3747,0.0533,NORMAL,0,0,Windows,unspecified
22:50:17.501,66.03,0.3264,0.3008,0.3136,0.3733,0.0533,NORMAL,0,0,Windows,unspecified
22:50:17.528,66.057,0.315,0.3135,0.3142,0.3795,0.0533,NORMAL,0,0,Windows,unspecified
22:50:17.562,66.091,0.3151,0.2951,0.3051,0.378,0.0533,NORMAL,0,0,Windows,unspecified
22:50:17.599,66.127,0.3337,0.3257,0.3297,0.3801,0.0533,NORMAL,0,0,Windows,unspecified
22:50:17.624,66.152,0.3337,0.3425,0.3381,0.3789,0.0533,NORMAL,0,0,Windows,unspecified
22:50:17.656,66.185,0.3521,0.3257,0.3389,0.3821,0.0533,NORMAL,0,0,Windows,unspecified
22:50:17.688,66.217,0.3574,0.303,0.3302,0.3643,0.0533,NORMAL,0,0,Windows,unspecified
22:50:17.718,66.247,0.3514,0.3191,0.3352,0.3607,0.0533,NORMAL,0,0,Windows,unspecified
22:50:17.749,66.278,0.0975,0.0968,0.0971,0.3794,0.06,NORMAL,1,0,Windows,unspecified
22:50:17.782,66.31,0.0942,0.0932,0.0937,0.3739,0.0667,NORMAL,2,0,Windows,unspecified
22:50:17.812,66.341,0.0745,0.0883,0.0814,0.3566,0.0733,NORMAL,3,0,Windows,unspecified
22:50:17.868,66.397,0.0608,0.0912,0.076,0.3561,0.08,NORMAL,4,0,Windows,unspecified
22:50:17.889,66.418,0.0797,0.075,0.0773,0.3565,0.0867,NORMAL,5,0,Windows,unspecified
22:50:17.932,66.46,0.0769,0.0782,0.0776,0.3723,0.0933,NORMAL,6,0,Windows,unspecified
22:50:17.967,66.496,0.0871,0.1041,0.0956,0.3723,0.1,NORMAL,7,0,Windows,unspecified
22:50:18.001,66.529,0.0962,0.1283,0.1122,0.3791,0.1067,NORMAL,8,0,Windows,unspecified
22:50:18.032,66.561,0.1067,0.1283,0.1175,0.367,0.1133,NORMAL,9,0,Windows,unspecified
22:50:18.062,66.59,0.0755,0.1207,0.0981,0.3691,0.12,WARNING,10,0,Windows,unspecified
22:50:18.093,66.622,0.0755,0.1225,0.099,0.362,0.1267,WARNING,11,0,Windows,unspecified
22:50:18.123,66.652,0.0797,0.1171,0.0984,0.3634,0.1333,WARNING,12,0,Windows,unspecified
22:50:18.154,66.682,0.0862,0.135,0.1106,0.3593,0.14,WARNING,13,0,Windows,unspecified
22:50:18.185,66.713,0.0756,0.1388,0.1072,0.3593,0.1467,WARNING,14,0,Windows,unspecified
22:50:18.216,66.745,0.073,0.1122,0.0926,0.3612,0.1533,WARNING,15,0,Windows,unspecified
22:50:18.268,66.796,0.0416,0.0904,0.066,0.359,0.16,WARNING,16,0,Windows,unspecified
22:50:18.296,66.825,0.0629,0.0738,0.0683,0.3562,0.1667,WARNING,17,0,Windows,unspecified
22:50:18.330,66.858,0.101,0.0976,0.0993,0.3663,0.1733,WARNING,18,0,Windows,unspecified
22:50:18.356,66.885,0.1288,0.1223,0.1256,0.3653,0.18,WARNING,19,0,Windows,unspecified
22:50:18.396,66.925,0.1334,0.0985,0.116,0.3832,0.1867,DROWSY,20,0,Windows,unspecified
22:50:18.435,66.963,0.1188,0.1018,0.1103,0.3753,0.1933,DROWSY,21,0,Windows,unspecified
22:50:18.466,66.995,0.1097,0.0954,0.1026,0.3885,0.2,DROWSY,22,0,Windows,unspecified
22:50:18.499,67.028,0.1075,0.1118,0.1097,0.3857,0.2067,DROWSY,23,0,Windows,unspecified
22:50:18.528,67.057,0.0968,0.1118,0.1043,0.3921,0.2133,DROWSY,24,0,Windows,unspecified
22:50:18.559,67.088,0.129,0.0742,0.1016,0.4192,0.22,DROWSY,25,0,Windows,unspecified
22:50:18.590,67.118,0.1312,0.0969,0.1141,0.3916,0.2267,DROWSY,26,0,Windows,unspecified
22:50:18.619,67.148,0.1426,0.0842,0.1134,0.3983,0.2333,DROWSY,27,0,Windows,unspecified
22:50:18.664,67.193,0.179,0.103,0.141,0.4114,0.24,DROWSY,28,0,Windows,unspecified
22:50:18.698,67.226,0.179,0.0797,0.1293,0.4086,0.2467,DROWSY,29,0,Windows,unspecified
22:50:18.732,67.261,0.1505,0.0933,0.1219,0.4077,0.2533,DROWSY,30,0,Windows,unspecified
22:50:18.764,67.292,0.1687,0.065,0.1168,0.3996,0.26,DROWSY,31,0,Windows,unspecified
22:50:18.795,67.324,0.1728,0.0962,0.1345,0.3997,0.2667,DROWSY,32,0,Windows,unspecified
22:50:18.826,67.355,0.1889,0.1146,0.1518,0.3755,0.2733,DROWSY,33,0,Windows,unspecified
22:50:18.855,67.384,0.1598,0.0628,0.1113,0.3916,0.28,DROWSY,34,0,Windows,unspecified
22:50:18.890,67.419,0.1871,0.0929,0.14,0.3915,0.2867,DROWSY,35,0,Windows,unspecified
22:50:18.919,67.448,0.2,0.1142,0.1571,0.4013,0.2933,DROWSY,36,0,Windows,unspecified
22:50:18.951,67.48,0.2042,0.148,0.1761,0.3885,0.3,DROWSY,37,0,Windows,unspecified
22:50:18.983,67.512,0.1967,0.148,0.1723,0.4004,0.3067,DROWSY,38,0,Windows,unspecified
22:50:19.014,67.543,0.1802,0.1196,0.1499,0.4074,0.3133,DROWSY,39,0,Windows,unspecified
22:50:19.073,67.602,0.2065,0.2106,0.2086,0.3876,0.3133,NORMAL,0,0,Windows,unspecified
22:50:19.094,67.622,0.2329,0.1993,0.2161,0.3919,0.3133,NORMAL,0,0,Windows,unspecified
22:50:19.130,67.658,0.2588,0.2055,0.2321,0.3803,0.3133,NORMAL,0,0,Windows,unspecified
22:50:19.158,67.686,0.2334,0.2143,0.2239,0.403,0.3133,NORMAL,0,0,Windows,unspecified
22:50:19.195,67.724,0.297,0.2354,0.2662,0.3922,0.3133,NORMAL,0,0,Windows,unspecified
22:50:19.219,67.748,0.297,0.2645,0.2807,0.3892,0.3133,NORMAL,0,0,Windows,unspecified
22:50:19.258,67.787,0.2694,0.2682,0.2688,0.3803,0.3133,NORMAL,0,0,Windows,unspecified
22:50:19.282,67.811,0.2671,0.2846,0.2758,0.3922,0.3133,NORMAL,0,0,Windows,unspecified
22:50:19.314,67.842,0.2671,0.2856,0.2763,0.389,0.3133,NORMAL,0,0,Windows,unspecified
22:50:19.343,67.872,0.2275,0.2152,0.2214,0.3962,0.3133,NORMAL,0,0,Windows,unspecified
22:50:19.375,67.904,0.2543,0.2102,0.2323,0.3952,0.3133,NORMAL,0,0,Windows,unspecified
22:50:19.406,67.935,0.2891,0.2798,0.2845,0.394,0.3133,NORMAL,0,0,Windows,unspecified
22:50:19.467,67.995,0.2808,0.2694,0.2751,0.3798,0.3133,NORMAL,0,0,Windows,unspecified
22:50:19.500,68.029,0.285,0.2751,0.28,0.387,0.3133,NORMAL,0,0,Windows,unspecified
22:50:19.532,68.061,0.285,0.2792,0.2821,0.392,0.3133,NORMAL,0,0,Windows,unspecified
22:50:19.561,68.09,0.285,0.2873,0.2862,0.3946,0.3133,NORMAL,0,0,Windows,unspecified
22:50:19.595,68.124,0.285,0.258,0.2715,0.3755,0.3133,NORMAL,0,0,Windows,unspecified
22:50:19.623,68.152,0.285,0.258,0.2715,0.3813,0.3133,NORMAL,0,0,Windows,unspecified
22:50:19.656,68.185,0.285,0.2689,0.2769,0.4081,0.3133,NORMAL,0,0,Windows,unspecified
22:50:19.683,68.212,0.2416,0.2473,0.2444,0.4049,0.3133,NORMAL,0,0,Windows,unspecified
22:50:19.714,68.243,0.2967,0.2518,0.2742,0.4139,0.3133,NORMAL,0,0,Windows,unspecified
22:50:19.746,68.275,0.255,0.2328,0.2439,0.4027,0.3133,NORMAL,0,0,Windows,unspecified
22:50:19.779,68.308,0.2599,0.2682,0.2641,0.3995,0.3133,NORMAL,0,0,Windows,unspecified
22:50:19.810,68.339,0.2875,0.2846,0.2861,0.4066,0.3133,NORMAL,0,0,Windows,unspecified
22:50:19.863,68.392,0.2949,0.2663,0.2806,0.3894,0.3133,NORMAL,0,0,Windows,unspecified
22:50:19.885,68.413,0.2753,0.2891,0.2822,0.3869,0.3133,NORMAL,0,0,Windows,unspecified
22:50:19.930,68.459,0.255,0.2065,0.2307,0.4112,0.3133,NORMAL,0,0,Windows,unspecified
22:50:19.965,68.494,0.2071,0.1587,0.1829,0.4056,0.32,NORMAL,1,0,Windows,unspecified
22:50:19.998,68.527,0.1707,0.1609,0.1658,0.4177,0.3267,NORMAL,2,0,Windows,unspecified
22:50:20.026,68.555,0.1399,0.1449,0.1424,0.4146,0.3333,NORMAL,3,0,Windows,unspecified
22:50:20.055,68.584,0.1349,0.1334,0.1342,0.4057,0.34,NORMAL,4,0,Windows,unspecified
22:50:20.089,68.618,0.1522,0.1301,0.1411,0.4082,0.3467,NORMAL,5,0,Windows,unspecified
22:50:20.118,68.646,0.1783,0.1301,0.1542,0.4,0.3533,DROWSY,6,0,Windows,unspecified
22:50:20.151,68.679,0.1405,0.1149,0.1277,0.3951,0.36,DROWSY,7,0,Windows,unspecified
22:50:20.183,68.712,0.1497,0.1298,0.1397,0.4028,0.3667,DROWSY,8,0,Windows,unspecified
22:50:20.216,68.744,0.1409,0.1298,0.1353,0.4036,0.3733,DROWSY,9,0,Windows,unspecified
22:50:20.264,68.793,0.1172,0.1627,0.14,0.4037,0.38,DROWSY,10,0,Windows,unspecified
22:50:20.292,68.821,0.1216,0.1565,0.139,0.3953,0.3867,DROWSY,11,0,Windows,unspecified
22:50:20.332,68.86,0.1174,0.1286,0.123,0.4037,0.3933,DROWSY,12,0,Windows,unspecified
22:50:20.355,68.884,0.1213,0.1286,0.1249,0.3896,0.4,DROWSY,13,0,Windows,unspecified
22:50:20.395,68.924,0.101,0.1287,0.1148,0.403,0.4067,DROWSY,14,0,Windows,unspecified
22:50:20.415,68.944,0.1128,0.0974,0.1051,0.3902,0.4133,DROWSY,15,0,Windows,unspecified
22:50:20.456,68.984,0.101,0.0974,0.0992,0.3962,0.42,DROWSY,16,0,Windows,unspecified
22:50:20.479,69.008,0.1051,0.1442,0.1247,0.4041,0.4267,DROWSY,17,0,Windows,unspecified
22:50:20.510,69.038,0.1051,0.148,0.1266,0.4041,0.4333,DROWSY,18,0,Windows,unspecified
22:50:20.540,69.068,0.1128,0.1286,0.1207,0.3918,0.44,DROWSY,19,0,Windows,unspecified
22:50:20.575,69.103,0.1128,0.0974,0.1051,0.3982,0.4467,DROWSY,20,0,Windows,unspecified
22:50:20.605,69.134,0.1047,0.1287,0.1167,0.3902,0.4533,DROWSY,21,0,Windows,unspecified
22:50:20.664,69.193,0.1128,0.1236,0.1182,0.3864,0.46,DROWSY,22,0,Windows,unspecified
22:50:20.700,69.229,0.1283,0.1237,0.126,0.3962,0.4667,DROWSY,23,0,Windows,unspecified
22:50:20.734,69.263,0.1128,0.0973,0.105,0.3765,0.4733,DROWSY,24,0,Windows,unspecified
22:50:20.762,69.29,0.1128,0.1012,0.107,0.3884,0.48,DROWSY,25,0,Windows,unspecified
22:50:20.796,69.324,0.1128,0.1236,0.1182,0.3835,0.4867,DROWSY,26,0,Windows,unspecified
22:50:20.822,69.35,0.101,0.1087,0.1048,0.3912,0.4933,DROWSY,27,0,Windows,unspecified
22:50:20.856,69.384,0.101,0.1236,0.1123,0.4037,0.5,DROWSY,28,0,Windows,unspecified
22:50:20.886,69.414,0.101,0.1386,0.1198,0.3976,0.5067,DROWSY,29,0,Windows,unspecified
22:50:20.914,69.442,0.1213,0.1354,0.1283,0.3976,0.5133,DROWSY,30,0,Windows,unspecified
22:50:20.948,69.477,0.1128,0.1012,0.107,0.3918,0.52,DROWSY,31,0,Windows,unspecified
22:50:20.978,69.506,0.0813,0.0973,0.0893,0.3883,0.5267,DROWSY,32,0,Windows,unspecified
22:50:21.009,69.538,0.1123,0.1352,0.1238,0.3909,0.5333,DROWSY,33,0,Windows,unspecified
22:50:21.065,69.594,0.1006,0.1386,0.1196,0.4023,0.54,DROWSY,34,0,Windows,unspecified
22:50:21.104,69.633,0.1283,0.0892,0.1087,0.4006,0.5467,DROWSY,35,0,Windows,unspecified
22:50:21.132,69.661,0.145,0.1675,0.1562,0.386,0.5533,DROWSY,36,0,Windows,unspecified
22:50:21.165,69.694,0.1344,0.1449,0.1397,0.3841,0.56,DROWSY,37,0,Windows,unspecified
22:50:21.194,69.723,0.1278,0.1188,0.1233,0.396,0.5667,DROWSY,38,0,Windows,unspecified
22:50:21.228,69.757,0.0854,0.0935,0.0895,0.3813,0.5733,DROWSY,39,0,Windows,unspecified
22:50:21.260,69.789,0.1116,0.0971,0.1044,0.3984,0.58,DROWSY,40,0,Windows,unspecified
22:50:21.291,69.82,0.1293,0.0826,0.1059,0.3916,0.5867,DROWSY,41,0,Windows,unspecified
22:50:21.325,69.853,0.1116,0.0826,0.0971,0.3916,0.5933,DROWSY,42,0,Windows,unspecified
22:50:21.356,69.885,0.1081,0.0997,0.1039,0.3972,0.6,DROWSY,43,0,Windows,unspecified
22:50:21.390,69.918,0.1144,0.1148,0.1146,0.3916,0.6067,DROWSY,44,0,Windows,unspecified
22:50:21.419,69.948,0.1123,0.1236,0.118,0.3974,0.6133,DROWSY,45,0,Windows,unspecified
22:50:21.467,69.996,0.0968,0.0785,0.0876,0.3972,0.6133,DROWSY,46,0,Windows,unspecified
22:50:21.498,70.027,0.0854,0.0785,0.082,0.3873,0.6133,DROWSY,47,0,Windows,unspecified
22:50:21.531,70.06,0.0968,0.0847,0.0907,0.3927,0.6133,DROWSY,48,0,Windows,unspecified
22:50:21.561,70.089,0.1229,0.1106,0.1168,0.3902,0.6133,DROWSY,49,0,Windows,unspecified
22:50:21.596,70.124,0.1278,0.1067,0.1172,0.39,0.6133,DROWSY,50,0,Windows,unspecified
22:50:21.624,70.153,0.1006,0.0904,0.0955,0.39,0.6133,DROWSY,51,0,Windows,unspecified
22:50:21.658,70.186,0.0888,0.0785,0.0837,0.3859,0.6133,DROWSY,52,0,Windows,unspecified
22:50:21.688,70.217,0.0888,0.0826,0.0857,0.3936,0.6133,DROWSY,53,0,Windows,unspecified
22:50:21.717,70.246,0.0888,0.0997,0.0943,0.3877,0.62,DROWSY,54,0,Windows,unspecified
22:50:21.749,70.278,0.0854,0.0997,0.0926,0.39,0.6267,DROWSY,55,0,Windows,unspecified
22:50:21.778,70.307,0.0854,0.0997,0.0926,0.39,0.6333,DROWSY,56,0,Windows,unspecified
22:50:21.810,70.338,0.0968,0.0971,0.0969,0.39,0.64,DROWSY,57,0,Windows,unspecified
22:50:21.864,70.393,0.1072,0.0935,0.1004,0.3959,0.6467,DROWSY,58,0,Windows,unspecified
22:50:21.904,70.432,0.0888,0.0935,0.0912,0.386,0.6533,DROWSY,59,0,Windows,unspecified
22:50:21.935,70.464,0.0697,0.0826,0.0762,0.386,0.66,DROWSY,60,0,Windows,unspecified
22:50:21.969,70.498,0.0697,0.0815,0.0756,0.3861,0.6667,DROWSY,61,0,Windows,unspecified
22:50:21.999,70.528,0.0854,0.0962,0.0908,0.3877,0.6733,DROWSY,62,0,Windows,unspecified
22:50:22.031,70.559,0.0968,0.0902,0.0935,0.38,0.68,DROWSY,63,0,Windows,unspecified
22:50:22.062,70.591,0.1383,0.1116,0.1249,0.3936,0.6867,DROWSY,64,0,Windows,unspecified
22:50:22.094,70.622,0.1278,0.101,0.1144,0.3998,0.6933,DROWSY,65,0,Windows,unspecified
22:50:22.128,70.656,0.119,0.0845,0.1017,0.3913,0.7,DROWSY,66,0,Windows,unspecified
22:50:22.159,70.687,0.1087,0.1012,0.105,0.3943,0.7067,DROWSY,67,0,Windows,unspecified
22:50:22.186,70.715,0.0971,0.101,0.099,0.4027,0.7133,DROWSY,68,0,Windows,unspecified
22:50:22.220,70.749,0.1908,0.1707,0.1807,0.3919,0.72,DROWSY,69,0,Windows,unspecified
22:50:22.275,70.803,0.2774,0.2967,0.2871,0.3959,0.72,DROWSY,0,0,Windows,unspecified
22:50:22.298,70.827,0.2903,0.2782,0.2842,0.4005,0.72,DROWSY,0,0,Windows,unspecified
22:50:22.332,70.86,0.298,0.285,0.2915,0.4005,0.72,DROWSY,0,0,Windows,unspecified
22:50:22.362,70.89,0.2861,0.3162,0.3012,0.4016,0.72,DROWSY,0,0,Windows,unspecified
22:50:22.394,70.923,0.3095,0.3116,0.3105,0.395,0.72,DROWSY,0,0,Windows,unspecified
22:50:22.423,70.951,0.3347,0.3002,0.3174,0.3896,0.72,DROWSY,0,0,Windows,unspecified
22:50:22.457,70.985,0.3054,0.308,0.3067,0.3956,0.72,DROWSY,0,0,Windows,unspecified
22:50:22.487,71.016,0.3162,0.308,0.3121,0.3911,0.72,DROWSY,0,0,Windows,unspecified
22:50:22.516,71.044,0.3155,0.3065,0.311,0.3942,0.72,DROWSY,0,0,Windows,unspecified
22:50:22.548,71.077,0.3288,0.3151,0.3219,0.3826,0.72,DROWSY,0,0,Windows,unspecified
22:50:22.580,71.109,0.3347,0.3166,0.3257,0.3905,0.72,DROWSY,0,0,Windows,unspecified
22:50:22.611,71.139,0.3232,0.2987,0.311,0.3885,0.72,DROWSY,0,0,Windows,unspecified
22:50:22.664,71.193,0.3232,0.308,0.3156,0.3821,0.72,DROWSY,0,0,Windows,unspecified
22:50:22.690,71.219,0.3103,0.3065,0.3084,0.3865,0.72,DROWSY,0,0,Windows,unspecified
22:50:22.728,71.257,0.3162,0.3124,0.3143,0.3977,0.72,DROWSY,0,0,Windows,unspecified
22:50:22.767,71.296,0.3162,0.2954,0.3058,0.3914,0.7133,DROWSY,0,0,Windows,unspecified
22:50:22.796,71.325,0.3031,0.3065,0.3048,0.4015,0.7067,DROWSY,0,0,Windows,unspecified
22:50:22.830,71.358,0.3031,0.3065,0.3048,0.4044,0.7,DROWSY,0,0,Windows,unspecified
22:50:22.875,71.404,0.2912,0.285,0.2881,0.4177,0.6933,DROWSY,0,0,Windows,unspecified
22:50:22.908,71.436,0.3101,0.2742,0.2921,0.4032,0.6867,DROWSY,0,0,Windows,unspecified
22:50:22.936,71.465,0.2987,0.2891,0.2939,0.4054,0.68,DROWSY,0,0,Windows,unspecified
22:50:22.969,71.498,0.2633,0.2324,0.2479,0.4087,0.6733,DROWSY,0,0,Windows,unspecified
22:50:23.000,71.528,0.2387,0.1948,0.2168,0.4154,0.6667,DROWSY,0,0,Windows,unspecified
22:50:23.032,71.561,0.1763,0.1581,0.1672,0.3977,0.6667,DROWSY,1,0,Windows,unspecified
22:50:23.064,71.592,0.1867,0.1831,0.1849,0.4114,0.6667,DROWSY,2,0,Windows,unspecified
22:50:23.094,71.623,0.1516,0.1637,0.1577,0.4114,0.6667,DROWSY,3,0,Windows,unspecified
22:50:23.130,71.658,0.1609,0.1707,0.1658,0.4191,0.6667,DROWSY,4,0,Windows,unspecified
22:50:23.157,71.686,0.1409,0.1888,0.1648,0.4114,0.6667,DROWSY,5,0,Windows,unspecified
22:50:23.194,71.723,0.1216,0.1522,0.1369,0.4118,0.6667,DROWSY,6,0,Windows,unspecified
22:50:23.218,71.747,0.1269,0.1349,0.1309,0.416,0.6667,DROWSY,7,0,Windows,unspecified
22:50:23.274,71.803,0.1216,0.149,0.1353,0.4064,0.6667,DROWSY,8,0,Windows,unspecified
22:50:23.312,71.841,0.1216,0.149,0.1353,0.403,0.6667,DROWSY,9,0,Windows,unspecified
22:50:23.344,71.873,0.1216,0.149,0.1353,0.403,0.6667,DROWSY,10,0,Windows,unspecified
22:50:23.376,71.905,0.1589,0.149,0.1539,0.4051,0.6667,DROWSY,11,0,Windows,unspecified
22:50:23.405,71.933,0.1716,0.1689,0.1703,0.4079,0.6667,DROWSY,12,0,Windows,unspecified
22:50:23.435,71.963,0.1716,0.1644,0.168,0.4079,0.6667,DROWSY,13,0,Windows,unspecified
22:50:23.468,71.997,0.1679,0.1644,0.1661,0.4079,0.6667,DROWSY,14,0,Windows,unspecified
22:50:23.499,72.027,0.1679,0.1689,0.1684,0.4029,0.6667,DROWSY,15,0,Windows,unspecified
22:50:23.528,72.056,0.141,0.1352,0.1381,0.3928,0.6667,DROWSY,16,0,Windows,unspecified
22:50:23.561,72.09,0.141,0.1349,0.138,0.3912,0.6667,DROWSY,17,0,Windows,unspecified
22:50:23.598,72.127,0.141,0.1349,0.138,0.3912,0.6667,DROWSY,18,0,Windows,unspecified
22:50:23.625,72.154,0.141,0.1349,0.138,0.3916,0.6667,DROWSY,19,0,Windows,unspecified
22:50:23.676,72.205,0.1471,0.1714,0.1592,0.4089,0.6667,DROWSY,20,0,Windows,unspecified
22:50:23.702,72.231,0.1471,0.1714,0.1592,0.4186,0.6667,DROWSY,21,0,Windows,unspecified
22:50:23.733,72.261,0.1471,0.1784,0.1628,0.4146,0.6667,DROWSY,22,0,Windows,unspecified
22:50:23.765,72.294,0.1658,0.1784,0.1721,0.395,0.6667,DROWSY,23,0,Windows,unspecified
22:50:23.797,72.326,0.1658,0.1714,0.1686,0.395,0.6667,DROWSY,24,0,Windows,unspecified
22:50:23.828,72.356,0.1867,0.1707,0.1787,0.3977,0.6667,DROWSY,25,0,Windows,unspecified
22:50:23.868,72.396,0.168,0.1714,0.1697,0.4016,0.6667,DROWSY,26,0,Windows,unspecified
22:50:23.891,72.42,0.1518,0.1349,0.1434,0.4016,0.6667,DROWSY,27,0,Windows,unspecified
22:50:23.930,72.458,0.1124,0.1438,0.1281,0.392,0.6667,DROWSY,28,0,Windows,unspecified
22:50:23.965,72.494,0.141,0.1349,0.138,0.4122,0.6667,DROWSY,29,0,Windows,unspecified
22:50:23.996,72.525,0.141,0.1648,0.1529,0.4023,0.6667,DROWSY,30,0,Windows,unspecified
22:50:24.029,72.557,0.1589,0.1648,0.1619,0.4019,0.6667,DROWSY,31,0,Windows,unspecified
22:50:24.073,72.602,0.1248,0.1298,0.1273,0.4083,0.6733,DROWSY,32,0,Windows,unspecified
22:50:24.108,72.636,0.1409,0.1485,0.1447,0.4033,0.68,DROWSY,33,0,Windows,unspecified
22:50:24.135,72.664,0.1609,0.1482,0.1545,0.4068,0.6867,DROWSY,34,0,Windows,unspecified
22:50:24.170,72.699,0.1409,0.1644,0.1526,0.3998,0.6933,DROWSY,35,0,Windows,unspecified
22:50:24.200,72.728,0.1609,0.1908,0.1758,0.3966,0.7,DROWSY,36,0,Windows,unspecified
22:50:24.233,72.761,0.1124,0.1541,0.1332,0.4185,0.7067,DROWSY,37,0,Windows,unspecified
22:50:24.267,72.795,0.1121,0.1714,0.1417,0.4147,0.7133,DROWSY,38,0,Windows,unspecified
22:50:24.296,72.825,0.1316,0.1714,0.1515,0.4194,0.72,DROWSY,39,0,Windows,unspecified
22:50:24.329,72.857,0.1409,0.1349,0.1379,0.41,0.7267,DROWSY,40,0,Windows,unspecified
22:50:24.358,72.887,0.1409,0.1349,0.1379,0.4162,0.7333,DROWSY,41,0,Windows,unspecified
22:50:24.396,72.925,0.0928,0.1349,0.1139,0.4245,0.74,DROWSY,42,0,Windows,unspecified
22:50:24.422,72.95,0.1393,0.1714,0.1554,0.4048,0.7467,DROWSY,43,0,Windows,unspecified
22:50:24.472,73.0,0.1497,0.1543,0.152,0.3991,0.7533,DROWSY,44,0,Windows,unspecified
22:50:24.500,73.028,0.1677,0.1709,0.1693,0.4099,0.76,DROWSY,45,0,Windows,unspecified
22:50:24.530,73.059,0.1677,0.1709,0.1693,0.4061,0.7667,DROWSY,46,0,Windows,unspecified
22:50:24.562,73.091,0.1677,0.1549,0.1613,0.4133,0.7733,DROWSY,47,0,Windows,unspecified
22:50:24.592,73.121,0.1677,0.1549,0.1613,0.4099,0.78,DROWSY,48,0,Windows,unspecified
22:50:24.624,73.153,0.1336,0.1149,0.1242,0.4164,0.7867,DROWSY,49,0,Windows,unspecified
22:50:24.664,73.193,0.1535,0.1298,0.1416,0.4103,0.7933,DROWSY,50,0,Windows,unspecified
22:50:24.702,73.231,0.1349,0.1298,0.1323,0.4005,0.8,DROWSY,51,0,Windows,unspecified
22:50:24.735,73.264,0.1535,0.1293,0.1414,0.4029,0.8067,DROWSY,52,0,Windows,unspecified
22:50:24.766,73.295,0.1541,0.0968,0.1254,0.409,0.8133,DROWSY,53,0,Windows,unspecified
22:50:24.793,73.322,0.1491,0.0932,0.1211,0.4001,0.82,DROWSY,54,0,Windows,unspecified
22:50:24.826,73.355,0.167,0.0932,0.1301,0.4175,0.8267,DROWSY,55,0,Windows,unspecified
22:50:24.875,73.403,0.1677,0.0968,0.1322,0.4099,0.8333,DROWSY,56,0,Windows,unspecified
22:50:24.906,73.435,0.1174,0.0857,0.1016,0.4133,0.84,DROWSY,57,0,Windows,unspecified
22:50:24.935,73.463,0.1336,0.1035,0.1185,0.4133,0.8467,DROWSY,58,0,Windows,unspecified
22:50:24.967,73.496,0.1307,0.0971,0.1139,0.4103,0.8467,DROWSY,59,0,Windows,unspecified
22:50:25.000,73.528,0.1307,0.0935,0.1121,0.4135,0.8467,DROWSY,60,0,Windows,unspecified
22:50:25.031,73.56,0.1315,0.1106,0.121,0.4103,0.8467,DROWSY,61,0,Windows,unspecified
22:50:25.068,73.596,0.1432,0.1103,0.1267,0.3937,0.8467,DROWSY,62,0,Windows,unspecified
22:50:25.092,73.621,0.1344,0.1106,0.1225,0.3878,0.8467,DROWSY,63,0,Windows,unspecified
22:50:25.128,73.657,0.1838,0.1279,0.1559,0.3968,0.8467,DROWSY,64,0,Windows,unspecified
22:50:25.154,73.682,0.1849,0.1487,0.1668,0.407,0.8467,DROWSY,65,0,Windows,unspecified
22:50:25.195,73.724,0.1432,0.0932,0.1182,0.3977,0.8467,DROWSY,66,0,Windows,unspecified
22:50:25.218,73.747,0.1604,0.125,0.1427,0.3911,0.8467,DROWSY,67,0,Windows,unspecified
22:50:25.273,73.802,0.1432,0.1041,0.1237,0.3911,0.8467,DROWSY,68,0,Windows,unspecified
22:50:25.298,73.827,0.1432,0.1146,0.1289,0.3991,0.8467,DROWSY,69,0,Windows,unspecified
22:50:25.330,73.859,0.1499,0.1106,0.1303,0.3786,0.8467,DROWSY,70,0,Windows,unspecified
22:50:25.359,73.888,0.1116,0.0823,0.097,0.3768,0.8467,DROWSY,71,0,Windows,unspecified
22:50:25.393,73.922,0.1278,0.0823,0.105,0.3797,0.8467,DROWSY,72,0,Windows,unspecified
22:50:25.423,73.952,0.1432,0.1293,0.1362,0.3889,0.8467,DROWSY,73,0,Windows,unspecified
22:50:25.464,73.992,0.1558,0.1081,0.132,0.3797,0.8467,DROWSY,74,0,Windows,unspecified
22:50:25.502,74.031,0.1731,0.1079,0.1405,0.3797,0.8467,DROWSY,75,0,Windows,unspecified
22:50:25.531,74.059,0.1604,0.1188,0.1396,0.3873,0.8467,DROWSY,76,0,Windows,unspecified
22:50:25.561,74.09,0.1604,0.1106,0.1355,0.4019,0.8467,DROWSY,77,0,Windows,unspecified
22:50:25.596,74.125,0.1604,0.1106,0.1355,0.4019,0.8467,DROWSY,78,0,Windows,unspecified
22:50:25.627,74.156,0.1604,0.1106,0.1355,0.4019,0.8467,DROWSY,79,0,Windows,unspecified
22:50:25.672,74.201,0.1731,0.1106,0.1418,0.3914,0.8467,DROWSY,80,0,Windows,unspecified
22:50:25.705,74.234,0.1881,0.1106,0.1494,0.3814,0.8467,DROWSY,81,0,Windows,unspecified
22:50:25.736,74.265,0.1881,0.1246,0.1563,0.3774,0.8467,DROWSY,82,0,Windows,unspecified
22:50:25.767,74.296,0.2151,0.1444,0.1798,0.3698,0.8467,DROWSY,83,0,Windows,unspecified
22:50:25.798,74.326,0.2151,0.1665,0.1908,0.3716,0.8467,DROWSY,84,0,Windows,unspecified
22:50:25.830,74.359,0.2151,0.1665,0.1908,0.3809,0.8467,DROWSY,85,0,Windows,unspecified
22:50:25.866,74.395,0.2147,0.1665,0.1906,0.4058,0.8467,DROWSY,86,0,Windows,unspecified
22:50:25.892,74.42,0.2249,0.1665,0.1957,0.3918,0.8467,DROWSY,87,0,Windows,unspecified
22:50:25.930,74.458,0.2062,0.1665,0.1864,0.3815,0.8467,DROWSY,88,0,Windows,unspecified
22:50:25.954,74.483,0.2062,0.1665,0.1864,0.3894,0.8467,DROWSY,89,0,Windows,unspecified
22:50:25.994,74.523,0.1849,0.1383,0.1616,0.4063,0.8467,DROWSY,90,0,Windows,unspecified
22:50:26.031,74.559,0.1849,0.1234,0.1541,0.4058,0.8467,DROWSY,91,0,Windows,unspecified
22:50:26.064,74.593,0.1849,0.112,0.1485,0.4058,0.8467,DROWSY,92,0,Windows,unspecified
22:50:26.093,74.622,0.1432,0.1415,0.1423,0.3941,0.8467,DROWSY,93,0,Windows,unspecified
22:50:26.126,74.655,0.1432,0.1344,0.1388,0.3984,0.8467,DROWSY,94,0,Windows,unspecified
22:50:26.157,74.686,0.113,0.0971,0.1051,0.3966,0.8467,DROWSY,95,0,Windows,unspecified
22:50:26.189,74.717,0.1177,0.0857,0.1017,0.3957,0.8467,DROWSY,96,0,Windows,unspecified
22:50:26.219,74.748,0.1441,0.0971,0.1206,0.3974,0.8467,DROWSY,97,0,Windows,unspecified
22:50:26.268,74.797,0.1352,0.1298,0.1325,0.3984,0.8467,DROWSY,98,0,Windows,unspecified
22:50:26.298,74.827,0.1149,0.1298,0.1223,0.3805,0.8467,DROWSY,99,0,Windows,unspecified
22:50:26.331,74.86,0.1522,0.1485,0.1504,0.3854,0.8467,DROWSY,100,0,Windows,unspecified
22:50:26.358,74.887,0.1194,0.1349,0.1272,0.395,0.8467,DROWSY,101,0,Windows,unspecified
22:50:26.392,74.921,0.1787,0.1714,0.175,0.3919,0.8467,DROWSY,102,0,Windows,unspecified
22:50:26.420,74.949,0.1862,0.1352,0.1607,0.3919,0.8467,DROWSY,103,0,Windows,unspecified
22:50:26.454,74.982,0.1862,0.1522,0.1692,0.3919,0.8467,DROWSY,104,0,Windows,unspecified
22:50:26.484,75.013,0.1857,0.209,0.1974,0.3913,0.8467,DROWSY,105,0,Windows,unspecified
22:50:26.521,75.05,0.2242,0.209,0.2166,0.3916,0.84,DROWSY,0,0,Windows,unspecified
22:50:26.546,75.074,0.2135,0.2177,0.2156,0.3943,0.8333,DROWSY,0,0,Windows,unspecified
22:50:26.578,75.106,0.2052,0.2095,0.2073,0.3815,0.8333,DROWSY,1,0,Windows,unspecified
22:50:26.608,75.137,0.2429,0.2522,0.2475,0.3855,0.8267,DROWSY,0,0,Windows,unspecified
22:50:26.669,75.197,0.2687,0.2177,0.2432,0.3915,0.82,DROWSY,0,0,Windows,unspecified
22:50:26.701,75.229,0.2372,0.2372,0.2372,0.3875,0.8133,DROWSY,0,0,Windows,unspecified
22:50:26.734,75.263,0.2536,0.2512,0.2524,0.3835,0.8067,DROWSY,0,0,Windows,unspecified
22:50:26.764,75.293,0.2687,0.2522,0.2604,0.3835,0.8,DROWSY,0,0,Windows,unspecified
22:50:26.792,75.321,0.2902,0.2891,0.2897,0.3864,0.7933,DROWSY,0,0,Windows,unspecified
22:50:26.825,75.354,0.2901,0.2522,0.2711,0.3922,0.7867,DROWSY,0,0,Windows,unspecified
22:50:26.858,75.386,0.2687,0.2522,0.2604,0.389,0.78,DROWSY,0,0,Windows,unspecified
22:50:26.889,75.418,0.3108,0.3275,0.3192,0.3922,0.7733,DROWSY,0,0,Windows,unspecified
22:50:26.923,75.452,0.3108,0.3275,0.3192,0.389,0.7667,DROWSY,0,0,Windows,unspecified
22:50:26.954,75.483,0.3019,0.2967,0.2993,0.3839,0.76,DROWSY,0,0,Windows,unspecified
22:50:26.985,75.514,0.2946,0.2924,0.2935,0.4048,0.7533,DROWSY,0,0,Windows,unspecified
22:50:27.016,75.545,0.3296,0.2924,0.311,0.3961,0.7467,DROWSY,0,0,Windows,unspecified
22:50:27.065,75.594,0.3153,0.319,0.3171,0.3916,0.74,DROWSY,0,0,Windows,unspecified
22:50:27.095,75.623,0.3363,0.3184,0.3273,0.3795,0.7333,DROWSY,0,0,Windows,unspecified
22:50:27.127,75.656,0.3372,0.3202,0.3287,0.3977,0.7267,DROWSY,0,0,Windows,unspecified
22:50:27.155,75.684,0.3372,0.3065,0.3218,0.3901,0.72,DROWSY,0,0,Windows,unspecified
22:50:27.194,75.722,0.3572,0.3381,0.3476,0.4012,0.7133,DROWSY,0,0,Windows,unspecified
22:50:27.219,75.747,0.3572,0.3541,0.3556,0.3934,0.7067,DROWSY,0,0,Windows,unspecified
22:50:27.249,75.778,0.3572,0.3345,0.3458,0.3855,0.7067,DROWSY,0,0,Windows,unspecified
22:50:27.280,75.809,0.3572,0.3722,0.3647,0.3912,0.7067,DROWSY,0,0,Windows,unspecified
22:50:27.311,75.84,0.3572,0.3577,0.3574,0.3912,0.7067,DROWSY,0,0,Windows,unspecified
22:50:27.341,75.87,0.3572,0.3381,0.3476,0.3912,0.7067,DROWSY,0,0,Windows,unspecified
22:50:27.374,75.903,0.3532,0.3381,0.3456,0.3912,0.7067,DROWSY,0,0,Windows,unspecified
22:50:27.404,75.933,0.3691,0.3518,0.3604,0.3912,0.7067,DROWSY,0,0,Windows,unspecified
22:50:27.468,75.997,0.2863,0.2906,0.2885,0.3912,0.7067,DROWSY,0,0,Windows,unspecified
22:50:27.498,76.026,0.2594,0.2224,0.2409,0.3836,0.7067,DROWSY,0,0,Windows,unspecified
22:50:27.532,76.06,0.147,0.1025,0.1247,0.3759,0.7133,DROWSY,1,0,Windows,unspecified
22:50:27.563,76.091,0.1301,0.0672,0.0986,0.3759,0.72,DROWSY,2,0,Windows,unspecified
22:50:27.592,76.121,0.0589,0.0199,0.0394,0.3912,0.7267,DROWSY,3,0,Windows,unspecified
22:50:27.622,76.151,0.0566,0.02,0.0383,0.3855,0.7333,DROWSY,4,0,Windows,unspecified
22:50:27.656,76.185,0.0503,0.02,0.0351,0.3855,0.74,DROWSY,5,0,Windows,unspecified
22:50:27.686,76.215,0.076,0.0647,0.0704,0.3957,0.7467,DROWSY,6,0,Windows,unspecified
22:50:27.717,76.245,0.076,0.0565,0.0663,0.3926,0.7533,DROWSY,7,0,Windows,unspecified
22:50:27.748,76.276,0.1397,0.1124,0.1261,0.3957,0.76,DROWSY,8,0,Windows,unspecified
22:50:27.779,76.307,0.147,0.1466,0.1468,0.3912,0.7667,DROWSY,9,0,Windows,unspecified
22:50:27.809,76.337,0.1867,0.1786,0.1826,0.3974,0.7733,DROWSY,10,0,Windows,unspecified
22:50:27.865,76.393,0.1867,0.1862,0.1864,0.38,0.78,DROWSY,11,0,Windows,unspecified
22:50:27.906,76.434,0.2173,0.1862,0.2017,0.3784,0.7867,DROWSY,12,0,Windows,unspecified
22:50:27.938,76.467,0.0589,0.0674,0.0631,0.389,0.7933,DROWSY,13,0,Windows,unspecified
22:50:27.968,76.497,0.0503,0.0503,0.0503,0.4062,0.8,DROWSY,14,0,Windows,unspecified
22:50:28.000,76.528,0.076,0.0729,0.0745,0.387,0.8067,DROWSY,15,0,Windows,unspecified
22:50:28.030,76.559,0.076,0.0565,0.0663,0.3713,0.8067,DROWSY,16,0,Windows,unspecified
22:50:28.058,76.587,0.076,0.0729,0.0745,0.3713,0.8067,DROWSY,17,0,Windows,unspecified
22:50:28.091,76.62,0.0932,0.0894,0.0913,0.3746,0.8067,DROWSY,18,0,Windows,unspecified
22:50:28.123,76.651,0.0932,0.1264,0.1098,0.3746,0.8067,DROWSY,19,0,Windows,unspecified
22:50:28.155,76.684,0.1125,0.1264,0.1194,0.3834,0.8067,DROWSY,20,0,Windows,unspecified
22:50:28.185,76.714,0.1124,0.1261,0.1192,0.3932,0.8067,DROWSY,21,0,Windows,unspecified
22:50:28.217,76.746,0.1516,0.1497,0.1507,0.3916,0.8067,DROWSY,22,0,Windows,unspecified
22:50:28.267,76.796,0.1582,0.1862,0.1722,0.4018,0.8067,DROWSY,23,0,Windows,unspecified
22:50:28.293,76.822,0.1943,0.2024,0.1984,0.3935,0.8067,DROWSY,24,0,Windows,unspecified
22:50:28.332,76.861,0.2071,0.1862,0.1966,0.3872,0.8067,DROWSY,25,0,Windows,unspecified
22:50:28.358,76.886,0.2151,0.1937,0.2044,0.3972,0.8067,DROWSY,26,0,Windows,unspecified
22:50:28.392,76.921,0.1943,0.1862,0.1902,0.4052,0.8067,DROWSY,27,0,Windows,unspecified
22:50:28.418,76.947,0.1867,0.1862,0.1864,0.3935,0.8067,DROWSY,28,0,Windows,unspecified
22:50:28.449,76.977,0.1867,0.1862,0.1864,0.3935,0.8067,DROWSY,29,0,Windows,unspecified
22:50:28.480,77.009,0.1943,0.1784,0.1864,0.3935,0.8067,DROWSY,30,0,Windows,unspecified
22:50:28.512,77.04,0.1943,0.1862,0.1902,0.4014,0.8067,DROWSY,31,0,Windows,unspecified
22:50:28.542,77.07,0.1943,0.1674,0.1808,0.4014,0.8067,DROWSY,32,0,Windows,unspecified
22:50:28.573,77.102,0.1943,0.1653,0.1798,0.4117,0.8067,DROWSY,33,0,Windows,unspecified
22:50:28.605,77.134,0.1943,0.1857,0.19,0.3834,0.8067,DROWSY,34,0,Windows,unspecified
22:50:28.673,77.202,0.2238,0.2051,0.2145,0.3912,0.8,DROWSY,0,0,Windows,unspecified
22:50:28.698,77.227,0.2339,0.1862,0.21,0.4018,0.7933,DROWSY,0,0,Windows,unspecified
22:50:28.732,77.261,0.2238,0.1862,0.205,0.3939,0.7933,DROWSY,1,0,Windows,unspecified
22:50:28.760,77.289,0.2238,0.1987,0.2113,0.4005,0.7867,DROWSY,0,0,Windows,unspecified
22:50:28.792,77.321,0.2339,0.1987,0.2163,0.3939,0.78,DROWSY,0,0,Windows,unspecified
22:50:28.824,77.353,0.2339,0.2484,0.2411,0.3964,0.7733,DROWSY,0,0,Windows,unspecified
22:50:28.856,77.385,0.2339,0.2472,0.2406,0.4004,0.7667,DROWSY,0,0,Windows,unspecified
22:50:28.887,77.415,0.2659,0.2675,0.2667,0.3959,0.76,DROWSY,0,0,Windows,unspecified
22:50:28.918,77.447,0.2863,0.2675,0.2769,0.3959,0.7533,DROWSY,0,0,Windows,unspecified
22:50:28.949,77.478,0.2872,0.2675,0.2773,0.4014,0.7467,DROWSY,0,0,Windows,unspecified
22:50:28.978,77.506,0.3079,0.2894,0.2987,0.398,0.74,DROWSY,0,0,Windows,unspecified
22:50:29.010,77.538,0.3514,0.2924,0.3219,0.3926,0.7333,DROWSY,0,0,Windows,unspecified
22:50:29.065,77.594,0.3765,0.3609,0.3687,0.3897,0.7267,DROWSY,0,0,Windows,unspecified
22:50:29.103,77.631,0.3424,0.3491,0.3458,0.3866,0.72,DROWSY,0,0,Windows,unspecified
22:50:29.136,77.665,0.3794,0.3631,0.3713,0.3864,0.7133,DROWSY,0,0,Windows,unspecified
22:50:29.166,77.695,0.3828,0.365,0.3739,0.392,0.7067,DROWSY,0,0,Windows,unspecified
22:50:29.197,77.726,0.3643,0.384,0.3742,0.3876,0.7,DROWSY,0,0,Windows,unspecified
22:50:29.229,77.758,0.3573,0.346,0.3516,0.3911,0.6933,DROWSY,0,0,Windows,unspecified
22:50:29.262,77.791,0.3573,0.3491,0.3532,0.3963,0.6867,DROWSY,0,0,Windows,unspecified
22:50:29.291,77.819,0.3676,0.3491,0.3584,0.4066,0.68,DROWSY,0,0,Windows,unspecified
22:50:29.326,77.855,0.3676,0.3491,0.3584,0.3974,0.6733,DROWSY,0,0,Windows,unspecified
22:50:29.354,77.882,0.3828,0.4021,0.3924,0.4028,0.6667,DROWSY,0,0,Windows,unspecified
22:50:29.385,77.913,0.4014,0.3911,0.3962,0.4077,0.66,DROWSY,0,0,Windows,unspecified
22:50:29.416,77.945,0.3812,0.3991,0.3902,0.4008,0.6533,DROWSY,0,0,Windows,unspecified
22:50:29.466,77.994,0.3778,0.3854,0.3816,0.4085,0.6467,DROWSY,0,0,Windows,unspecified
22:50:29.493,78.022,0.376,0.3991,0.3876,0.4102,0.64,DROWSY,0,0,Windows,unspecified
22:50:29.527,78.056,0.3842,0.3491,0.3666,0.4147,0.6333,DROWSY,0,0,Windows,unspecified
22:50:29.558,78.086,0.3838,0.3681,0.376,0.4003,0.6267,DROWSY,0,0,Windows,unspecified
22:50:29.593,78.121,0.3778,0.3882,0.383,0.3946,0.62,DROWSY,0,0,Windows,unspecified
22:50:29.616,78.145,0.3596,0.3854,0.3725,0.3973,0.6133,DROWSY,0,0,Windows,unspecified
22:50:29.648,78.177,0.3643,0.3854,0.3749,0.3972,0.6067,DROWSY,0,0,Windows,unspecified
22:50:29.682,78.21,0.3554,0.3611,0.3582,0.3996,0.6,DROWSY,0,0,Windows,unspecified
22:50:29.709,78.238,0.3539,0.3473,0.3506,0.3953,0.5933,DROWSY,0,0,Windows,unspecified
22:50:29.742,78.271,0.2635,0.192,0.2277,0.387,0.5867,DROWSY,0,0,Windows,unspecified
22:50:29.772,78.301,0.2209,0.1791,0.2,0.3929,0.5867,DROWSY,1,0,Windows,unspecified
22:50:29.806,78.334,0.0931,0.0728,0.0829,0.394,0.5867,DROWSY,2,0,Windows,unspecified
22:50:29.867,78.396,0.1437,0.0931,0.1184,0.3987,0.5867,DROWSY,3,0,Windows,unspecified
22:50:29.898,78.427,0.0972,0.147,0.1221,0.3898,0.5867,DROWSY,4,0,Windows,unspecified
22:50:29.928,78.456,0.1869,0.1589,0.1729,0.3944,0.5867,DROWSY,5,0,Windows,unspecified
22:50:29.961,78.49,0.2184,0.1648,0.1916,0.4024,0.5867,DROWSY,6,0,Windows,unspecified
22:50:29.992,78.521,0.2532,0.2236,0.2384,0.3928,0.58,DROWSY,0,0,Windows,unspecified
22:50:30.024,78.552,0.2576,0.2673,0.2624,0.3885,0.5733,DROWSY,0,0,Windows,unspecified
22:50:30.053,78.582,0.2825,0.2629,0.2727,0.392,0.5667,DROWSY,0,0,Windows,unspecified
22:50:30.087,78.615,0.3334,0.2984,0.3159,0.3885,0.56,DROWSY,0,0,Windows,unspecified
22:50:30.118,78.647,0.3371,0.3321,0.3346,0.4002,0.5533,DROWSY,0,0,Windows,unspecified
22:50:30.149,78.678,0.3596,0.3512,0.3554,0.3927,0.5467,DROWSY,0,0,Windows,unspecified
22:50:30.179,78.708,0.3596,0.3512,0.3554,0.4024,0.54,DROWSY,0,0,Windows,unspecified
22:50:30.214,78.743,0.3491,0.3543,0.3517,0.4017,0.5333,DROWSY,0,0,Windows,unspecified
22:50:30.265,78.794,0.346,0.3731,0.3596,0.4014,0.5267,DROWSY,0,0,Windows,unspecified
22:50:30.286,78.815,0.3596,0.3593,0.3595,0.3955,0.52,DROWSY,0,0,Windows,unspecified
22:50:30.330,78.859,0.1431,0.1123,0.1277,0.3972,0.52,DROWSY,1,0,Windows,unspecified
22:50:30.368,78.896,0.1151,0.0812,0.0982,0.4014,0.52,DROWSY,2,0,Windows,unspecified
22:50:30.398,78.927,0.0894,0.0857,0.0876,0.4064,0.52,DROWSY,3,0,Windows,unspecified
22:50:30.430,78.958,0.073,0.0857,0.0794,0.3998,0.52,DROWSY,4,0,Windows,unspecified
22:50:30.463,78.992,0.0702,0.0674,0.0688,0.3955,0.52,DROWSY,5,0,Windows,unspecified
22:50:30.492,79.02,0.0894,0.1616,0.1255,0.4082,0.52,DROWSY,6,0,Windows,unspecified
22:50:30.522,79.05,0.108,0.1649,0.1364,0.3997,0.52,DROWSY,7,0,Windows,unspecified
22:50:30.555,79.083,0.19,0.2386,0.2143,0.4078,0.5133,DROWSY,0,0,Windows,unspecified
22:50:30.584,79.112,0.2229,0.276,0.2495,0.4004,0.5067,DROWSY,0,0,Windows,unspecified
22:50:30.616,79.144,0.2861,0.3099,0.298,0.4016,0.5,DROWSY,0,0,Windows,unspecified
22:50:30.663,79.192,0.3251,0.3405,0.3328,0.4108,0.4933,DROWSY,0,0,Windows,unspecified
22:50:30.695,79.224,0.3449,0.3516,0.3483,0.4048,0.4867,DROWSY,0,0,Windows,unspecified
22:50:30.728,79.257,0.3454,0.3394,0.3424,0.397,0.48,DROWSY,0,0,Windows,unspecified
22:50:30.757,79.286,0.3619,0.3663,0.3641,0.4047,0.4733,DROWSY,0,0,Windows,unspecified
22:50:30.794,79.323,0.3321,0.3317,0.3319,0.3867,0.4667,DROWSY,0,0,Windows,unspecified
22:50:30.818,79.347,0.3454,0.3473,0.3463,0.412,0.46,DROWSY,0,0,Windows,unspecified
22:50:30.850,79.379,0.3259,0.3215,0.3237,0.4027,0.4533,DROWSY,0,0,Windows,unspecified
22:50:30.883,79.412,0.3436,0.327,0.3353,0.3966,0.4467,DROWSY,0,0,Windows,unspecified
22:50:30.916,79.445,0.3235,0.3436,0.3335,0.3898,0.44,DROWSY,0,0,Windows,unspecified
22:50:30.946,79.474,0.3225,0.3215,0.322,0.3984,0.4333,DROWSY,0,0,Windows,unspecified
22:50:30.974,79.503,0.346,0.3402,0.3431,0.3957,0.4267,DROWSY,0,0,Windows,unspecified
22:50:31.004,79.532,0.3359,0.3462,0.3411,0.4047,0.42,DROWSY,0,0,Windows,unspecified
22:50:31.070,79.598,0.3225,0.327,0.3248,0.4125,0.4133,DROWSY,0,0,Windows,unspecified
22:50:31.098,79.627,0.3356,0.3215,0.3285,0.4033,0.4067,DROWSY,0,0,Windows,unspecified
22:50:31.132,79.661,0.3356,0.3282,0.3319,0.4123,0.4,DROWSY,0,0,Windows,unspecified
22:50:31.158,79.687,0.3563,0.3282,0.3423,0.4029,0.3933,DROWSY,0,0,Windows,unspecified
22:50:31.192,79.721,0.3718,0.308,0.3399,0.4139,0.3867,DROWSY,0,0,Windows,unspecified
22:50:31.225,79.753,0.3502,0.3087,0.3294,0.4245,0.38,DROWSY,0,0,Windows,unspecified
22:50:31.256,79.784,0.3502,0.3289,0.3396,0.4218,0.3733,DROWSY,0,0,Windows,unspecified
22:50:31.285,79.813,0.329,0.3222,0.3256,0.4388,0.3667,DROWSY,0,0,Windows,unspecified
22:50:31.316,79.845,0.3287,0.3289,0.3288,0.4257,0.36,DROWSY,0,0,Windows,unspecified
22:50:31.347,79.875,0.3502,0.3289,0.3396,0.4297,0.3533,DROWSY,0,0,Windows,unspecified
22:50:31.379,79.908,0.3287,0.3099,0.3193,0.4297,0.3467,NORMAL,0,0,Windows,unspecified
22:50:31.410,79.939,0.3232,0.3473,0.3352,0.4171,0.34,NORMAL,0,0,Windows,unspecified
22:50:31.464,79.993,0.3601,0.3611,0.3606,0.4081,0.3333,NORMAL,0,0,Windows,unspecified
22:50:31.492,80.021,0.3597,0.3289,0.3443,0.4085,0.3267,NORMAL,0,0,Windows,unspecified
22:50:31.534,80.063,0.3413,0.3695,0.3554,0.413,0.3267,NORMAL,0,0,Windows,unspecified
22:50:31.570,80.099,0.3592,0.3504,0.3548,0.4016,0.3267,NORMAL,0,0,Windows,unspecified
22:50:31.602,80.131,0.3449,0.3282,0.3366,0.4155,0.32,NORMAL,0,0,Windows,unspecified
22:50:31.633,80.161,0.3597,0.3289,0.3443,0.4256,0.32,NORMAL,0,0,Windows,unspecified
22:50:31.664,80.193,0.3433,0.3099,0.3266,0.4248,0.32,NORMAL,0,0,Windows,unspecified
22:50:31.696,80.224,0.3259,0.3092,0.3175,0.4202,0.32,NORMAL,0,0,Windows,unspecified
22:50:31.730,80.258,0.3449,0.3161,0.3305,0.4114,0.32,NORMAL,0,0,Windows,unspecified
22:50:31.758,80.287,0.3282,0.3405,0.3344,0.4064,0.32,NORMAL,0,0,Windows,unspecified
22:50:31.790,80.319,0.3504,0.3375,0.344,0.4016,0.32,NORMAL,0,0,Windows,unspecified
22:50:31.820,80.349,0.3317,0.3226,0.3272,0.3953,0.32,NORMAL,0,0,Windows,unspecified
22:50:31.866,80.394,0.3504,0.3345,0.3424,0.4019,0.32,NORMAL,0,0,Windows,unspecified
22:50:31.898,80.427,0.3317,0.3161,0.3239,0.402,0.32,NORMAL,0,0,Windows,unspecified
22:50:31.931,80.46,0.3305,0.3226,0.3265,0.3994,0.32,NORMAL,0,0,Windows,unspecified
22:50:31.960,80.489,0.3468,0.3232,0.335,0.4091,0.32,NORMAL,0,0,Windows,unspecified
22:50:31.994,80.523,0.3468,0.3226,0.3347,0.3954,0.32,NORMAL,0,0,Windows,unspecified
22:50:32.023,80.551,0.3436,0.3226,0.3331,0.3954,0.32,NORMAL,0,0,Windows,unspecified
22:50:32.054,80.582,0.3436,0.3046,0.3241,0.4026,0.32,NORMAL,0,0,Windows,unspecified
22:50:32.084,80.613,0.3449,0.3192,0.332,0.3909,0.32,NORMAL,0,0,Windows,unspecified
22:50:32.115,80.644,0.3317,0.3161,0.3239,0.395,0.32,NORMAL,0,0,Windows,unspecified
22:50:32.147,80.675,0.2942,0.3161,0.3052,0.3838,0.32,NORMAL,0,0,Windows,unspecified
22:50:32.178,80.706,0.3317,0.3161,0.3239,0.393,0.32,NORMAL,0,0,Windows,unspecified
22:50:32.210,80.738,0.3302,0.3192,0.3247,0.3864,0.32,NORMAL,0,0,Windows,unspecified
22:50:32.268,80.797,0.3251,0.3226,0.3238,0.3902,0.32,NORMAL,0,0,Windows,unspecified
22:50:32.302,80.831,0.3288,0.3215,0.3251,0.3974,0.32,NORMAL,0,0,Windows,unspecified
22:50:32.334,80.863,0.3251,0.2978,0.3115,0.3927,0.32,NORMAL,0,0,Windows,unspecified
22:50:32.364,80.893,0.3251,0.2978,0.3115,0.3989,0.32,NORMAL,0,0,Windows,unspecified
22:50:32.392,80.921,0.3251,0.3035,0.3143,0.4,0.32,NORMAL,0,0,Windows,unspecified
22:50:32.425,80.953,0.3095,0.3035,0.3065,0.3989,0.32,NORMAL,0,0,Windows,unspecified
22:50:32.457,80.985,0.2942,0.3192,0.3067,0.3989,0.32,NORMAL,0,0,Windows,unspecified
22:50:32.485,81.014,0.3127,0.3192,0.3159,0.3972,0.32,NORMAL,0,0,Windows,unspecified
22:50:32.519,81.048,0.3116,0.3192,0.3154,0.4078,0.3133,NORMAL,0,0,Windows,unspecified
22:50:32.548,81.077,0.3059,0.3127,0.3093,0.4078,0.3067,NORMAL,0,0,Windows,unspecified
22:50:32.582,81.111,0.2903,0.3127,0.3015,0.4078,0.3,NORMAL,0,0,Windows,unspecified
22:50:32.614,81.143,0.2528,0.2819,0.2674,0.4003,0.2933,NORMAL,0,0,Windows,unspecified
22:50:32.666,81.195,0.2633,0.2425,0.2529,0.4078,0.2867,NORMAL,0,0,Windows,unspecified
22:50:32.694,81.223,0.2437,0.2409,0.2423,0.4078,0.28,NORMAL,0,0,Windows,unspecified
22:50:32.733,81.262,0.2633,0.2457,0.2545,0.3981,0.2733,NORMAL,0,0,Windows,unspecified
22:50:32.754,81.283,0.2583,0.2474,0.2528,0.4072,0.2667,NORMAL,0,0,Windows,unspecified
22:50:32.791,81.32,0.2583,0.2474,0.2528,0.4141,0.26,NORMAL,0,0,Windows,unspecified
22:50:32.818,81.346,0.2182,0.2474,0.2328,0.411,0.2533,NORMAL,0,0,Windows,unspecified
22:50:32.849,81.378,0.2378,0.2474,0.2426,0.411,0.2467,NORMAL,0,0,Windows,unspecified
22:50:32.878,81.407,0.2583,0.2277,0.243,0.411,0.24,NORMAL,0,0,Windows,unspecified
22:50:32.910,81.439,0.2583,0.2479,0.2531,0.4043,0.2333,NORMAL,0,0,Windows,unspecified
22:50:32.942,81.471,0.2583,0.2338,0.246,0.4074,0.2267,NORMAL,0,0,Windows,unspecified
22:50:32.972,81.5,0.2633,0.2338,0.2485,0.4045,0.22,NORMAL,0,0,Windows,unspecified
22:50:33.004,81.533,0.2321,0.2333,0.2327,0.3983,0.2133,NORMAL,0,0,Windows,unspecified
22:50:33.064,81.593,0.2633,0.2409,0.2521,0.3989,0.2067,NORMAL,0,0,Windows,unspecified
22:50:33.098,81.627,0.2583,0.2474,0.2528,0.3954,0.2,NORMAL,0,0,Windows,unspecified
22:50:33.130,81.658,0.2832,0.2792,0.2812,0.3954,0.1933,NORMAL,0,0,Windows,unspecified
22:50:33.161,81.69,0.2677,0.2379,0.2528,0.3972,0.1867,NORMAL,0,0,Windows,unspecified
22:50:33.193,81.721,0.3031,0.2752,0.2891,0.3847,0.18,NORMAL,0,0,Windows,unspecified
22:50:33.223,81.752,0.291,0.2752,0.2831,0.3896,0.1733,NORMAL,0,0,Windows,unspecified
22:50:33.254,81.783,0.2868,0.3005,0.2937,0.3923,0.1667,NORMAL,0,0,Windows,unspecified
22:50:33.285,81.813,0.2677,0.2931,0.2804,0.3923,0.16,NORMAL,0,0,Windows,unspecified
22:50:33.316,81.844,0.291,0.2926,0.2918,0.3795,0.1533,NORMAL,0,0,Windows,unspecified
22:50:33.344,81.873,0.2861,0.2931,0.2896,0.3957,0.1467,NORMAL,0,0,Windows,unspecified
22:50:33.378,81.906,0.3054,0.3116,0.3085,0.3957,0.14,NORMAL,0,0,Windows,unspecified
22:50:33.410,81.938,0.3095,0.3116,0.3105,0.3845,0.1333,NORMAL,0,0,Windows,unspecified
22:50:33.465,81.994,0.3095,0.308,0.3088,0.3898,0.1267,NORMAL,0,0,Windows,unspecified
22:50:33.502,82.03,0.3095,0.3116,0.3105,0.3907,0.12,NORMAL,0,0,Windows,unspecified
22:50:33.533,82.061,0.3095,0.3238,0.3167,0.3865,0.1133,NORMAL,0,0,Windows,unspecified
22:50:33.565,82.093,0.3095,0.3238,0.3167,0.3893,0.1067,NORMAL,0,0,Windows,unspecified
22:50:33.592,82.12,0.3103,0.2891,0.2997,0.3724,0.1,NORMAL,0,0,Windows,unspecified
22:50:33.627,82.156,0.3169,0.2926,0.3048,0.3659,0.0933,NORMAL,0,0,Windows,unspecified
22:50:33.657,82.186,0.3169,0.2926,0.3048,0.3659,0.0933,NORMAL,0,0,Windows,unspecified
22:50:33.686,82.215,0.3095,0.3116,0.3105,0.3659,0.0933,NORMAL,0,0,Windows,unspecified
22:50:33.720,82.249,0.3095,0.308,0.3088,0.3755,0.0867,NORMAL,0,0,Windows,unspecified
22:50:33.751,82.28,0.3103,0.308,0.3092,0.3712,0.0867,NORMAL,0,0,Windows,unspecified
22:50:33.785,82.313,0.3296,0.308,0.3188,0.3795,0.0867,NORMAL,0,0,Windows,unspecified
22:50:33.813,82.341,0.3296,0.3065,0.318,0.3833,0.0867,NORMAL,0,0,Windows,unspecified
22:50:33.867,82.396,0.3296,0.3065,0.318,0.3833,0.0867,NORMAL,0,0,Windows,unspecified
22:50:33.893,82.422,0.3169,0.31,0.3135,0.3894,0.0867,NORMAL,0,0,Windows,unspecified
22:50:33.932,82.461,0.3296,0.31,0.3198,0.3894,0.0867,NORMAL,0,0,Windows,unspecified
22:50:33.969,82.498,0.3296,0.3285,0.329,0.3894,0.0867,NORMAL,0,0,Windows,unspecified
22:50:34.001,82.529,0.3296,0.327,0.3283,0.3894,0.0867,NORMAL,0,0,Windows,unspecified
22:50:34.032,82.56,0.3296,0.327,0.3283,0.3894,0.0867,NORMAL,0,0,Windows,unspecified
22:50:34.063,82.592,0.349,0.327,0.338,0.3894,0.0867,NORMAL,0,0,Windows,unspecified
22:50:34.094,82.623,0.3296,0.346,0.3378,0.3957,0.0867,NORMAL,0,0,Windows,unspecified
22:50:34.129,82.657,0.3103,0.308,0.3092,0.3775,0.0867,NORMAL,0,0,Windows,unspecified
22:50:34.158,82.686,0.2977,0.3116,0.3046,0.3795,0.0867,NORMAL,0,0,Windows,unspecified
22:50:34.192,82.72,0.3095,0.327,0.3183,0.3832,0.0867,NORMAL,0,0,Windows,unspecified
22:50:34.222,82.75,0.3251,0.2891,0.3071,0.3767,0.0867,NORMAL,0,0,Windows,unspecified
22:50:34.263,82.792,0.321,0.3116,0.3163,0.3796,0.0867,NORMAL,0,0,Windows,unspecified
22:50:34.299,82.828,0.3023,0.2808,0.2916,0.3838,0.0867,NORMAL,0,0,Windows,unspecified
22:50:34.328,82.856,0.3275,0.3238,0.3257,0.3853,0.0867,NORMAL,0,0,Windows,unspecified
22:50:34.363,82.891,0.2936,0.2861,0.2899,0.3821,0.0867,NORMAL,0,0,Windows,unspecified
22:50:34.394,82.922,0.3333,0.3333,0.3333,0.38,0.0867,NORMAL,0,0,Windows,unspecified
22:50:34.424,82.953,0.3128,0.3142,0.3135,0.3769,0.0867,NORMAL,0,0,Windows,unspecified
22:50:34.456,82.985,0.3348,0.3333,0.3341,0.38,0.0867,NORMAL,0,0,Windows,unspecified
22:50:34.488,83.016,0.2532,0.2677,0.2605,0.391,0.0867,NORMAL,0,0,Windows,unspecified
22:50:34.518,83.047,0.274,0.291,0.2825,0.4062,0.0867,NORMAL,0,0,Windows,unspecified
22:50:34.550,83.079,0.2784,0.2719,0.2751,0.4144,0.0867,NORMAL,0,0,Windows,unspecified
22:50:34.579,83.108,0.2585,0.2903,0.2744,0.4134,0.0867,NORMAL,0,0,Windows,unspecified
22:50:34.613,83.142,0.3031,0.2752,0.2891,0.4082,0.0867,NORMAL,0,0,Windows,unspecified
22:50:34.666,83.194,0.3372,0.2908,0.314,0.3926,0.0867,NORMAL,0,0,Windows,unspecified
22:50:34.692,83.221,0.3033,0.2948,0.2991,0.4002,0.0867,NORMAL,0,0,Windows,unspecified
22:50:34.729,83.257,0.141,0.1787,0.1599,0.3947,0.0933,NORMAL,1,0,Windows,unspecified
22:50:34.755,83.284,0.1791,0.2047,0.1919,0.3888,0.1,NORMAL,2,0,Windows,unspecified
22:50:34.793,83.321,0.2825,0.2903,0.2864,0.3896,0.0933,NORMAL,0,0,Windows,unspecified
22:50:34.817,83.346,0.2825,0.2891,0.2858,0.3837,0.0867,NORMAL,0,0,Windows,unspecified
22:50:34.848,83.376,0.2832,0.285,0.2841,0.3984,0.08,NORMAL,0,0,Windows,unspecified
22:50:34.879,83.408,0.2788,0.285,0.2819,0.3874,0.0733,NORMAL,0,0,Windows,unspecified
22:50:34.909,83.438,0.2526,0.2664,0.2595,0.3837,0.0667,NORMAL,0,0,Windows,unspecified
22:50:34.940,83.469,0.2244,0.2431,0.2337,0.3998,0.06,NORMAL,0,0,Windows,unspecified
22:50:34.971,83.5,0.2279,0.2832,0.2556,0.3897,0.06,NORMAL,0,0,Windows,unspecified
22:50:35.004,83.533,0.2433,0.2861,0.2647,0.3856,0.06,NORMAL,0,0,Windows,unspecified
22:50:35.066,83.594,0.3259,0.3251,0.3255,0.3924,0.06,NORMAL,0,0,Windows,unspecified
22:50:35.095,83.624,0.3259,0.3413,0.3336,0.4016,0.06,NORMAL,0,0,Windows,unspecified
22:50:35.130,83.658,0.3066,0.3251,0.3159,0.3841,0.06,NORMAL,0,0,Windows,unspecified
22:50:35.155,83.683,0.2679,0.3017,0.2848,0.3862,0.06,NORMAL,0,0,Windows,unspecified
22:50:35.192,83.721,0.2431,0.2182,0.2307,0.3927,0.06,NORMAL,0,0,Windows,unspecified
22:50:35.219,83.747,0.2493,0.2378,0.2435,0.3851,0.06,NORMAL,0,0,Windows,unspecified
22:50:35.251,83.779,0.2341,0.2182,0.2262,0.387,0.06,NORMAL,0,0,Windows,unspecified
22:50:35.283,83.811,0.2747,0.2769,0.2758,0.389,0.06,NORMAL,0,0,Windows,unspecified
22:50:35.313,83.842,0.2894,0.2924,0.2909,0.3874,0.0533,NORMAL,0,0,Windows,unspecified
22:50:35.344,83.873,0.3232,0.308,0.3156,0.3907,0.0467,NORMAL,0,0,Windows,unspecified
22:50:35.375,83.904,0.298,0.2902,0.2941,0.4005,0.04,NORMAL,0,0,Windows,unspecified
22:50:35.406,83.935,0.3232,0.3151,0.3191,0.386,0.0333,NORMAL,0,0,Windows,unspecified
22:50:35.468,83.997,0.2955,0.3127,0.3041,0.3916,0.0267,NORMAL,0,0,Windows,unspecified
22:50:35.502,84.03,0.2834,0.3127,0.2981,0.3893,0.02,NORMAL,0,0,Windows,unspecified
22:50:35.531,84.06,0.349,0.3364,0.3427,0.4013,0.0133,NORMAL,0,0,Windows,unspecified
22:50:35.564,84.092,0.3458,0.308,0.3269,0.3996,0.0133,NORMAL,0,0,Windows,unspecified
22:50:35.593,84.121,0.3024,0.3092,0.3058,0.3877,0.0133,NORMAL,0,0,Windows,unspecified
22:50:35.625,84.153,0.3061,0.3092,0.3076,0.3881,0.0133,NORMAL,0,0,Windows,unspecified
22:50:35.658,84.187,0.3061,0.3282,0.3172,0.3881,0.0133,NORMAL,0,0,Windows,unspecified
22:50:35.689,84.218,0.1054,0.1585,0.1319,0.3865,0.02,NORMAL,1,0,Windows,unspecified
22:50:35.718,84.247,0.1051,0.1215,0.1133,0.3804,0.0267,NORMAL,2,0,Windows,unspecified
22:50:35.752,84.281,0.0483,0.0566,0.0524,0.3836,0.0333,NORMAL,3,0,Windows,unspecified
22:50:35.780,84.309,0.0482,0.0417,0.045,0.3962,0.04,NORMAL,4,0,Windows,unspecified
22:50:35.814,84.342,0.0565,0.0702,0.0634,0.3889,0.0467,NORMAL,5,0,Windows,unspecified
22:50:35.870,84.399,0.0971,0.1109,0.104,0.414,0.0533,NORMAL,6,0,Windows,unspecified
22:50:35.892,84.421,0.0973,0.1301,0.1137,0.4043,0.06,NORMAL,7,0,Windows,unspecified
22:50:35.929,84.458,0.0859,0.1,0.093,0.4138,0.0667,NORMAL,8,0,Windows,unspecified
22:50:35.954,84.482,0.0701,0.1152,0.0927,0.414,0.0733,NORMAL,9,0,Windows,unspecified
22:50:35.993,84.521,0.0971,0.0938,0.0954,0.4044,0.08,WARNING,10,0,Windows,unspecified
22:50:36.018,84.546,0.101,0.0904,0.0957,0.4044,0.0867,WARNING,11,0,Windows,unspecified
22:50:36.048,84.576,0.1012,0.0904,0.0958,0.4044,0.0933,WARNING,12,0,Windows,unspecified
22:50:36.080,84.608,0.0812,0.0904,0.0858,0.3998,0.1,WARNING,13,0,Windows,unspecified
22:50:36.109,84.638,0.0809,0.0904,0.0857,0.4074,0.1067,WARNING,14,0,Windows,unspecified
22:50:36.140,84.668,0.078,0.0629,0.0704,0.4229,0.1133,WARNING,15,0,Windows,unspecified
22:50:36.172,84.701,0.0805,0.0608,0.0707,0.406,0.12,WARNING,16,0,Windows,unspecified
22:50:36.203,84.732,0.0436,0.0555,0.0496,0.4138,0.1267,WARNING,17,0,Windows,unspecified
22:50:36.266,84.795,0.0861,0.089,0.0876,0.3934,0.1333,WARNING,18,0,Windows,unspecified
22:50:36.296,84.825,0.1174,0.1268,0.1221,0.4009,0.14,WARNING,19,0,Windows,unspecified
22:50:36.328,84.856,0.0969,0.075,0.0859,0.3789,0.1467,DROWSY,20,0,Windows,unspecified
22:50:36.359,84.888,0.112,0.0849,0.0984,0.3842,0.1533,DROWSY,21,0,Windows,unspecified
22:50:36.391,84.92,0.0769,0.072,0.0745,0.3798,0.16,DROWSY,22,0,Windows,unspecified
22:50:36.421,84.95,0.0769,0.0727,0.0748,0.3827,0.1667,DROWSY,23,0,Windows,unspecified
22:50:36.452,84.98,0.103,0.0858,0.0944,0.3875,0.1733,DROWSY,24,0,Windows,unspecified
22:50:36.483,85.011,0.133,0.2033,0.1682,0.3646,0.18,DROWSY,25,0,Windows,unspecified
22:50:36.513,85.042,0.1448,0.1907,0.1677,0.3728,0.1867,DROWSY,26,0,Windows,unspecified
22:50:36.545,85.074,0.1475,0.1458,0.1466,0.3629,0.1933,DROWSY,27,0,Windows,unspecified
22:50:36.578,85.107,0.1383,0.1401,0.1392,0.3487,0.2,DROWSY,28,0,Windows,unspecified
22:50:36.610,85.138,0.144,0.1589,0.1515,0.3551,0.2067,DROWSY,29,0,Windows,unspecified
22:50:36.689,85.218,0.1094,0.0984,0.1039,0.3504,0.2133,NORMAL,1,0,Windows,unspecified
22:50:36.943,85.471,0.1601,0.1608,0.1605,0.3471,0.22,NORMAL,1,0,Windows,unspecified
22:50:37.070,85.599,0.3325,0.3588,0.3457,0.3462,0.22,NORMAL,0,0,Windows,unspecified
22:50:37.095,85.623,0.3151,0.3614,0.3383,0.3434,0.22,NORMAL,0,0,Windows,unspecified
22:50:37.132,85.661,0.3055,0.2716,0.2886,0.3384,0.22,NORMAL,0,0,Windows,unspecified
22:50:37.157,85.686,0.2936,0.2403,0.2669,0.3621,0.22,NORMAL,0,0,Windows,unspecified
22:50:37.191,85.72,0.2261,0.1445,0.1853,0.3563,0.2267,NORMAL,1,0,Windows,unspecified
22:50:37.219,85.748,0.2402,0.1715,0.2058,0.365,0.2333,NORMAL,2,0,Windows,unspecified
22:50:37.254,85.782,0.23,0.197,0.2135,0.3648,0.2333,NORMAL,0,0,Windows,unspecified
22:50:37.284,85.813,0.1976,0.0975,0.1476,0.3582,0.24,NORMAL,1,0,Windows,unspecified
22:50:37.314,85.843,0.177,0.101,0.139,0.3709,0.2467,NORMAL,2,0,Windows,unspecified
22:50:37.344,85.872,0.1571,0.1237,0.1404,0.3701,0.2533,NORMAL,3,0,Windows,unspecified
22:50:37.376,85.905,0.1255,0.1305,0.128,0.378,0.26,NORMAL,4,0,Windows,unspecified
22:50:37.409,85.938,0.0911,0.0899,0.0905,0.3661,0.2667,NORMAL,5,0,Windows,unspecified
22:50:37.464,85.993,0.1201,0.1059,0.113,0.3719,0.2733,NORMAL,6,0,Windows,unspecified
22:50:37.503,86.032,0.0941,0.0935,0.0938,0.3825,0.28,NORMAL,7,0,Windows,unspecified
22:50:37.534,86.063,0.1202,0.0935,0.1068,0.3861,0.2867,NORMAL,8,0,Windows,unspecified
22:50:37.567,86.096,0.1201,0.1099,0.115,0.4088,0.2933,NORMAL,9,0,Windows,unspecified
22:50:37.591,86.12,0.1786,0.1488,0.1637,0.4104,0.3,WARNING,10,0,Windows,unspecified
22:50:37.628,86.157,0.1555,0.1581,0.1568,0.4107,0.3067,WARNING,11,0,Windows,unspecified
22:50:37.659,86.188,0.1334,0.142,0.1377,0.4178,0.3133,WARNING,12,0,Windows,unspecified
22:50:37.691,86.219,0.1302,0.1814,0.1558,0.4161,0.32,WARNING,13,0,Windows,unspecified
22:50:37.721,86.25,0.1442,0.181,0.1626,0.4052,0.3267,WARNING,14,0,Windows,unspecified
22:50:37.753,86.282,0.2242,0.2324,0.2283,0.4285,0.3267,NORMAL,0,0,Windows,unspecified
22:50:37.785,86.314,0.2341,0.201,0.2176,0.4479,0.3267,NORMAL,0,0,Windows,unspecified
22:50:37.817,86.346,0.2031,0.2082,0.2056,0.4501,0.3333,NORMAL,1,0,Windows,unspecified
22:50:37.863,86.392,0.2231,0.1714,0.1972,0.4267,0.34,NORMAL,2,0,Windows,unspecified
22:50:37.894,86.423,0.1951,0.209,0.2021,0.4436,0.3467,NORMAL,3,0,Windows,unspecified
22:50:37.928,86.457,0.2215,0.2415,0.2315,0.4329,0.3467,NORMAL,0,0,Windows,unspecified
22:50:37.957,86.485,0.2531,0.2425,0.2478,0.4496,0.3467,NORMAL,0,0,Windows,unspecified
22:50:37.994,86.522,0.2277,0.1772,0.2025,0.4407,0.3533,DROWSY,1,0,Windows,unspecified
22:50:38.020,86.549,0.2333,0.2033,0.2183,0.4329,0.3533,DROWSY,0,0,Windows,unspecified
22:50:38.050,86.579,0.2345,0.2038,0.2191,0.4334,0.3533,DROWSY,0,0,Windows,unspecified
22:50:38.082,86.611,0.1582,0.1231,0.1407,0.4294,0.36,DROWSY,1,0,Windows,unspecified
22:50:38.114,86.642,0.1374,0.0999,0.1186,0.4159,0.3667,DROWSY,2,0,Windows,unspecified
22:50:38.144,86.672,0.1557,0.1265,0.1411,0.4187,0.3733,DROWSY,3,0,Windows,unspecified
22:50:38.174,86.703,0.1304,0.1265,0.1285,0.4284,0.38,DROWSY,4,0,Windows,unspecified
22:50:38.206,86.735,0.1284,0.132,0.1302,0.4165,0.3867,DROWSY,5,0,Windows,unspecified
22:50:38.265,86.794,0.1764,0.1516,0.164,0.4338,0.3933,DROWSY,6,0,Windows,unspecified
22:50:38.301,86.83,0.1764,0.1526,0.1645,0.4294,0.4,DROWSY,7,0,Windows,unspecified
22:50:38.332,86.861,0.2096,0.2182,0.2139,0.4237,0.4,DROWSY,0,0,Windows,unspecified
22:50:38.362,86.89,0.2005,0.1719,0.1862,0.4149,0.4067,DROWSY,1,0,Windows,unspecified
22:50:38.392,86.921,0.2293,0.2184,0.2239,0.4213,0.4067,DROWSY,0,0,Windows,unspecified
22:50:38.425,86.954,0.2508,0.2285,0.2397,0.4173,0.4067,DROWSY,0,0,Windows,unspecified
22:50:38.456,86.985,0.2508,0.2097,0.2303,0.42,0.4067,DROWSY,0,0,Windows,unspecified
22:50:38.490,87.018,0.2735,0.2479,0.2607,0.4169,0.4067,DROWSY,0,0,Windows,unspecified
22:50:38.519,87.048,0.3185,0.287,0.3027,0.4173,0.4067,DROWSY,0,0,Windows,unspecified
22:50:38.548,87.076,0.2531,0.2292,0.2411,0.4131,0.4067,DROWSY,0,0,Windows,unspecified
22:50:38.582,87.11,0.2635,0.2361,0.2498,0.4221,0.4067,DROWSY,0,0,Windows,unspecified
22:50:38.610,87.139,0.2563,0.2528,0.2545,0.4066,0.4067,DROWSY,0,0,Windows,unspecified
22:50:38.663,87.192,0.2808,0.2474,0.2641,0.4316,0.4067,DROWSY,0,0,Windows,unspecified
22:50:38.688,87.217,0.2762,0.2522,0.2642,0.4208,0.4067,DROWSY,0,0,Windows,unspecified
22:50:38.734,87.263,0.1997,0.2334,0.2166,0.4142,0.4067,DROWSY,0,0,Windows,unspecified
22:50:38.767,87.296,0.2429,0.2381,0.2405,0.405,0.4067,DROWSY,0,0,Windows,unspecified
22:50:38.796,87.325,0.2271,0.2522,0.2396,0.3985,0.4067,DROWSY,0,0,Windows,unspecified
22:50:38.829,87.358,0.2687,0.2522,0.2604,0.4097,0.4067,DROWSY,0,0,Windows,unspecified
22:50:38.860,87.389,0.2695,0.2522,0.2608,0.413,0.4067,DROWSY,0,0,Windows,unspecified
22:50:38.891,87.42,0.2177,0.255,0.2363,0.4028,0.4067,DROWSY,0,0,Windows,unspecified
22:50:38.926,87.455,0.2177,0.2528,0.2352,0.3896,0.4067,DROWSY,0,0,Windows,unspecified
22:50:38.954,87.483,0.2361,0.2096,0.2228,0.4033,0.4067,DROWSY,0,0,Windows,unspecified
22:50:38.985,87.513,0.2484,0.2334,0.2409,0.4131,0.4067,DROWSY,0,0,Windows,unspecified
22:50:39.016,87.544,0.2463,0.2644,0.2553,0.4089,0.4067,DROWSY,0,0,Windows,unspecified
22:50:39.068,87.597,0.2271,0.2656,0.2463,0.4073,0.4067,DROWSY,0,0,Windows,unspecified
22:50:39.095,87.624,0.2809,0.2656,0.2732,0.4014,0.4067,DROWSY,0,0,Windows,unspecified
22:50:39.131,87.659,0.2536,0.2644,0.259,0.3915,0.4067,DROWSY,0,0,Windows,unspecified
22:50:39.157,87.686,0.2727,0.2904,0.2815,0.3952,0.4067,DROWSY,0,0,Windows,unspecified
22:50:39.192,87.721,0.2536,0.2588,0.2562,0.3971,0.4067,DROWSY,0,0,Windows,unspecified
22:50:39.218,87.747,0.2333,0.2588,0.246,0.394,0.4067,DROWSY,0,0,Windows,unspecified
22:50:39.251,87.779,0.2271,0.2401,0.2336,0.3867,0.4067,DROWSY,0,0,Windows,unspecified
22:50:39.282,87.81,0.226,0.2236,0.2248,0.4005,0.4067,DROWSY,0,0,Windows,unspecified
22:50:39.312,87.84,0.2418,0.2375,0.2396,0.4016,0.4067,DROWSY,0,0,Windows,unspecified
22:50:39.342,87.87,0.2329,0.254,0.2434,0.4016,0.4067,DROWSY,0,0,Windows,unspecified
22:50:39.376,87.904,0.2524,0.2345,0.2434,0.3938,0.4067,DROWSY,0,0,Windows,unspecified
22:50:39.408,87.936,0.25,0.2151,0.2325,0.3989,0.4067,DROWSY,0,0,Windows,unspecified
22:50:39.468,87.997,0.2329,0.2151,0.224,0.3896,0.4067,DROWSY,0,0,Windows,unspecified
22:50:39.499,88.028,0.2139,0.1991,0.2065,0.3868,0.4133,DROWSY,1,0,Windows,unspecified
22:50:39.527,88.056,0.2329,0.2151,0.224,0.3896,0.4133,DROWSY,0,0,Windows,unspecified
22:50:39.565,88.093,0.2329,0.249,0.2409,0.3896,0.4133,DROWSY,0,0,Windows,unspecified
22:50:39.592,88.121,0.2236,0.2139,0.2187,0.3981,0.4133,DROWSY,0,0,Windows,unspecified
22:50:39.624,88.153,0.2047,0.2227,0.2137,0.3981,0.4133,DROWSY,0,0,Windows,unspecified
22:50:39.656,88.184,0.2047,0.2143,0.2095,0.3886,0.4133,DROWSY,0,0,Windows,unspecified
22:50:39.686,88.215,0.2156,0.2143,0.2149,0.3907,0.4133,DROWSY,0,0,Windows,unspecified
22:50:39.718,88.246,0.2156,0.2143,0.2149,0.3949,0.4133,DROWSY,0,0,Windows,unspecified
22:50:39.749,88.278,0.2156,0.2151,0.2153,0.4044,0.4133,DROWSY,0,0,Windows,unspecified
22:50:39.782,88.311,0.2156,0.2151,0.2153,0.4044,0.4133,DROWSY,0,0,Windows,unspecified
22:50:39.814,88.343,0.1967,0.2054,0.201,0.4069,0.42,DROWSY,1,0,Windows,unspecified
22:50:39.867,88.396,0.1677,0.1648,0.1663,0.4012,0.4267,DROWSY,2,0,Windows,unspecified
22:50:39.904,88.433,0.1501,0.182,0.1661,0.3938,0.4333,DROWSY,3,0,Windows,unspecified
22:50:39.936,88.465,0.1167,0.1613,0.139,0.4001,0.44,DROWSY,4,0,Windows,unspecified
22:50:39.970,88.499,0.1286,0.1675,0.148,0.3977,0.4467,DROWSY,5,0,Windows,unspecified
22:50:39.998,88.526,0.0894,0.0847,0.087,0.3981,0.4533,DROWSY,6,0,Windows,unspecified
22:50:40.029,88.558,0.0894,0.0828,0.0861,0.3981,0.46,DROWSY,7,0,Windows,unspecified
22:50:40.059,88.588,0.1012,0.0676,0.0844,0.4042,0.46,DROWSY,8,0,Windows,unspecified
22:50:40.093,88.622,0.0847,0.0651,0.0749,0.3922,0.46,DROWSY,9,0,Windows,unspecified
22:50:40.127,88.655,0.0847,0.0798,0.0822,0.3854,0.4667,DROWSY,10,0,Windows,unspecified
22:50:40.157,88.685,0.0854,0.0828,0.0841,0.3953,0.4733,DROWSY,11,0,Windows,unspecified
22:50:40.188,88.716,0.1031,0.0828,0.0929,0.3953,0.48,DROWSY,12,0,Windows,unspecified
22:50:40.218,88.746,0.1,0.0859,0.093,0.4087,0.4867,DROWSY,13,0,Windows,unspecified
22:50:40.265,88.794,0.1231,0.0857,0.1044,0.401,0.4933,DROWSY,14,0,Windows,unspecified
22:50:40.295,88.824,0.1222,0.1149,0.1185,0.3991,0.5,DROWSY,15,0,Windows,unspecified
22:50:40.332,88.86,0.1327,0.108,0.1203,0.3879,0.5067,DROWSY,16,0,Windows,unspecified
22:50:40.359,88.888,0.1576,0.1038,0.1307,0.3739,0.5133,DROWSY,17,0,Windows,unspecified
22:50:40.393,88.921,0.1146,0.0859,0.1003,0.3814,0.52,DROWSY,18,0,Windows,unspecified
22:50:40.422,88.951,0.1211,0.1237,0.1224,0.3823,0.5267,DROWSY,19,0,Windows,unspecified
22:50:40.455,88.983,0.1211,0.086,0.1035,0.3821,0.5333,DROWSY,20,0,Windows,unspecified
22:50:40.487,89.016,0.1211,0.1237,0.1224,0.3783,0.54,DROWSY,21,0,Windows,unspecified
22:50:40.518,89.047,0.1571,0.1287,0.1429,0.3842,0.5467,DROWSY,22,0,Windows,unspecified
22:50:40.547,89.076,0.1546,0.1508,0.1527,0.3671,0.5533,DROWSY,23,0,Windows,unspecified
22:50:40.580,89.108,0.1488,0.1301,0.1395,0.3671,0.56,DROWSY,24,0,Windows,unspecified
22:50:40.611,89.14,0.1488,0.1386,0.1437,0.3571,0.5667,DROWSY,25,0,Windows,unspecified
22:50:40.665,89.194,0.1454,0.1149,0.1302,0.3567,0.5733,DROWSY,26,0,Windows,unspecified
22:50:40.689,89.217,0.1454,0.0994,0.1224,0.3622,0.58,DROWSY,27,0,Windows,unspecified
22:50:40.734,89.263,0.1274,0.124,0.1257,0.3744,0.5867,DROWSY,28,0,Windows,unspecified
22:50:40.771,89.299,0.1257,0.1122,0.1189,0.3702,0.5933,DROWSY,29,0,Windows,unspecified
22:50:40.804,89.333,0.1435,0.1112,0.1273,0.3573,0.6,DROWSY,30,0,Windows,unspecified
22:50:40.850,89.378,0.1174,0.1114,0.1144,0.354,0.6067,DROWSY,31,0,Windows,unspecified
22:50:40.878,89.406,0.0969,0.1114,0.1041,0.3687,0.6133,DROWSY,32,0,Windows,unspecified
22:50:40.907,89.436,0.1199,0.1182,0.119,0.3651,0.62,DROWSY,33,0,Windows,unspecified
22:50:40.934,89.463,0.1339,0.1232,0.1286,0.3696,0.6267,DROWSY,34,0,Windows,unspecified
22:50:40.970,89.499,0.122,0.144,0.133,0.3622,0.6333,DROWSY,35,0,Windows,unspecified
22:50:40.998,89.527,0.1394,0.144,0.1417,0.3721,0.64,DROWSY,36,0,Windows,unspecified
22:50:41.031,89.56,0.1712,0.1616,0.1664,0.3519,0.64,DROWSY,37,0,Windows,unspecified
22:50:41.066,89.594,0.1492,0.1671,0.1582,0.3505,0.64,DROWSY,38,0,Windows,unspecified
22:50:41.093,89.622,0.1671,0.1671,0.1671,0.3533,0.64,DROWSY,39,0,Windows,unspecified
22:50:41.134,89.662,0.1737,0.1501,0.1619,0.3472,0.64,DROWSY,40,0,Windows,unspecified
22:50:41.156,89.685,0.1803,0.1799,0.1801,0.3509,0.64,DROWSY,41,0,Windows,unspecified
22:50:41.192,89.721,0.1514,0.1489,0.1501,0.3572,0.64,DROWSY,42,0,Windows,unspecified
22:50:41.218,89.747,0.1726,0.1479,0.1603,0.3404,0.64,DROWSY,43,0,Windows,unspecified
22:50:41.248,89.777,0.1646,0.1489,0.1568,0.3426,0.64,DROWSY,44,0,Windows,unspecified
22:50:41.282,89.81,0.1492,0.1451,0.1472,0.3624,0.64,DROWSY,45,0,Windows,unspecified
22:50:41.313,89.842,0.1478,0.1724,0.1601,0.3569,0.64,DROWSY,46,0,Windows,unspecified
22:50:41.344,89.873,0.1635,0.1413,0.1524,0.3397,0.64,DROWSY,47,0,Windows,unspecified
22:50:41.376,89.905,0.1803,0.1609,0.1706,0.3481,0.64,DROWSY,48,0,Windows,unspecified
22:50:41.406,89.935,0.1455,0.1451,0.1453,0.3502,0.64,DROWSY,49,0,Windows,unspecified
22:50:41.464,89.993,0.1455,0.155,0.1502,0.3505,0.64,DROWSY,50,0,Windows,unspecified
22:50:41.499,90.028,0.1501,0.1387,0.1444,0.3499,0.64,DROWSY,51,0,Windows,unspecified
22:50:41.530,90.059,0.1501,0.1733,0.1617,0.3407,0.64,DROWSY,52,0,Windows,unspecified
22:50:41.561,90.089,0.162,0.1511,0.1565,0.3399,0.64,DROWSY,53,0,Windows,unspecified
22:50:41.593,90.121,0.122,0.1439,0.133,0.3433,0.64,DROWSY,54,0,Windows,unspecified
22:50:41.623,90.152,0.1145,0.1439,0.1292,0.3367,0.64,DROWSY,55,0,Windows,unspecified
22:50:41.655,90.183,0.1182,0.143,0.1306,0.333,0.64,DROWSY,56,0,Windows,unspecified
22:50:41.687,90.216,0.1308,0.1337,0.1322,0.3314,0.64,DROWSY,57,0,Windows,unspecified
22:50:41.715,90.243,0.1367,0.1439,0.1403,0.3452,0.64,DROWSY,58,0,Windows,unspecified
22:50:41.747,90.276,0.1475,0.1439,0.1457,0.3488,0.64,DROWSY,59,0,Windows,unspecified
22:50:41.780,90.309,0.1475,0.1558,0.1516,0.3488,0.64,DROWSY,60,0,Windows,unspecified
22:50:41.811,90.34,0.1475,0.1558,0.1516,0.3482,0.64,DROWSY,61,0,Windows,unspecified
22:50:41.865,90.394,0.1475,0.1558,0.1516,0.3466,0.64,DROWSY,62,0,Windows,unspecified
22:50:41.892,90.42,0.1475,0.1725,0.16,0.3477,0.64,DROWSY,63,0,Windows,unspecified
22:50:41.928,90.457,0.1475,0.1725,0.16,0.3455,0.64,DROWSY,64,0,Windows,unspecified
22:50:41.954,90.482,0.1603,0.1626,0.1615,0.3592,0.64,DROWSY,65,0,Windows,unspecified
22:50:41.992,90.521,0.1308,0.1683,0.1495,0.3592,0.64,DROWSY,66,0,Windows,unspecified
22:50:42.018,90.546,0.1308,0.1609,0.1459,0.3607,0.64,DROWSY,67,0,Windows,unspecified
22:50:42.048,90.576,0.129,0.1489,0.1389,0.3607,0.6467,DROWSY,68,0,Windows,unspecified
22:50:42.080,90.608,0.1455,0.1609,0.1532,0.3455,0.6533,DROWSY,69,0,Windows,unspecified
22:50:42.109,90.638,0.1455,0.1439,0.1447,0.3454,0.66,DROWSY,70,0,Windows,unspecified
22:50:42.139,90.668,0.1455,0.146,0.1457,0.3448,0.6667,DROWSY,71,0,Windows,unspecified
22:50:42.169,90.698,0.1455,0.155,0.1502,0.337,0.6667,DROWSY,72,0,Windows,unspecified
22:50:42.204,90.733,0.1455,0.1674,0.1564,0.3412,0.6667,DROWSY,73,0,Windows,unspecified
22:50:42.267,90.796,0.1501,0.1674,0.1588,0.3561,0.6733,DROWSY,74,0,Windows,unspecified
22:50:42.296,90.824,0.1501,0.152,0.151,0.3492,0.6733,DROWSY,75,0,Windows,unspecified
22:50:42.333,90.861,0.1757,0.1572,0.1665,0.3492,0.6733,DROWSY,76,0,Windows,unspecified
22:50:42.357,90.886,0.1544,0.175,0.1647,0.346,0.6733,DROWSY,77,0,Windows,unspecified
22:50:42.392,90.921,0.1455,0.1593,0.1524,0.3534,0.6733,DROWSY,78,0,Windows,unspecified
22:50:42.420,90.948,0.1455,0.1501,0.1478,0.3328,0.6733,DROWSY,79,0,Windows,unspecified
22:50:42.454,90.982,0.1367,0.1501,0.1434,0.3463,0.6733,DROWSY,80,0,Windows,unspecified
22:50:42.485,91.014,0.1348,0.1626,0.1487,0.3431,0.6733,DROWSY,81,0,Windows,unspecified
22:50:42.517,91.046,0.1348,0.1511,0.1429,0.3399,0.6733,DROWSY,82,0,Windows,unspecified
22:50:42.548,91.076,0.1328,0.1359,0.1343,0.3511,0.6733,DROWSY,83,0,Windows,unspecified
22:50:42.595,91.124,0.1293,0.1511,0.1402,0.3493,0.6733,DROWSY,84,0,Windows,unspecified
22:50:42.626,91.155,0.1328,0.1511,0.142,0.3492,0.6733,DROWSY,85,0,Windows,unspecified
22:50:42.664,91.193,0.1145,0.1489,0.1317,0.3412,0.6733,DROWSY,86,0,Windows,unspecified
22:50:42.703,91.232,0.1129,0.1314,0.1221,0.3553,0.6733,DROWSY,87,0,Windows,unspecified
22:50:42.734,91.262,0.1129,0.1305,0.1217,0.3472,0.6733,DROWSY,88,0,Windows,unspecified
22:50:42.764,91.293,0.1203,0.1351,0.1277,0.3472,0.68,DROWSY,89,0,Windows,unspecified
22:50:42.793,91.322,0.1203,0.1328,0.1266,0.3452,0.6867,DROWSY,90,0,Windows,unspecified
22:50:42.825,91.354,0.1203,0.1489,0.1346,0.3443,0.6867,DROWSY,91,0,Windows,unspecified
22:50:42.857,91.386,0.1309,0.1489,0.1399,0.3443,0.6867,DROWSY,92,0,Windows,unspecified
22:50:42.890,91.419,0.1328,0.1565,0.1447,0.3385,0.6867,DROWSY,93,0,Windows,unspecified
22:50:42.919,91.448,0.1603,0.1565,0.1584,0.3385,0.6933,DROWSY,94,0,Windows,unspecified
22:50:42.950,91.479,0.1293,0.1501,0.1397,0.3529,0.7,DROWSY,95,0,Windows,unspecified
22:50:42.982,91.51,0.1349,0.1501,0.1425,0.3551,0.7,DROWSY,96,0,Windows,unspecified
22:50:43.011,91.539,0.1461,0.1501,0.1481,0.3548,0.7067,DROWSY,97,0,Windows,unspecified
22:50:43.068,91.596,0.1394,0.1479,0.1436,0.3513,0.7133,DROWSY,98,0,Windows,unspecified
22:50:43.107,91.636,0.155,0.1565,0.1557,0.3551,0.7133,DROWSY,99,0,Windows,unspecified
22:50:43.137,91.666,0.1002,0.1056,0.1029,0.3634,0.7133,DROWSY,100,0,Windows,unspecified
22:50:43.168,91.696,0.083,0.0433,0.0632,0.3629,0.7133,DROWSY,101,0,Windows,unspecified
22:50:43.198,91.726,0.0972,0.0585,0.0779,0.3537,0.7133,DROWSY,102,0,Windows,unspecified
22:50:43.231,91.759,0.0593,0.0422,0.0507,0.3594,0.7133,DROWSY,103,0,Windows,unspecified
22:50:43.266,91.795,0.0593,0.0422,0.0507,0.3517,0.7133,DROWSY,104,0,Windows,unspecified
22:50:43.293,91.822,0.1442,0.0959,0.12,0.4017,0.7133,DROWSY,105,0,Windows,unspecified
22:50:43.324,91.853,0.0794,0.0645,0.072,0.4086,0.72,DROWSY,106,0,Windows,unspecified
22:50:43.356,91.884,0.1479,0.1332,0.1405,0.383,0.72,DROWSY,107,0,Windows,unspecified
22:50:43.387,91.916,0.1247,0.1184,0.1216,0.3938,0.7267,DROWSY,108,0,Windows,unspecified
22:50:43.420,91.949,0.2171,0.1298,0.1734,0.3856,0.7333,DROWSY,109,0,Windows,unspecified
22:50:43.473,92.001,0.2533,0.2242,0.2387,0.4092,0.7333,DROWSY,0,0,Windows,unspecified
22:50:43.499,92.027,0.2277,0.1791,0.2034,0.4089,0.74,DROWSY,1,0,Windows,unspecified
22:50:43.529,92.058,0.2576,0.2285,0.243,0.4129,0.74,DROWSY,0,0,Windows,unspecified
22:50:43.562,92.09,0.2612,0.2431,0.2521,0.4014,0.74,DROWSY,0,0,Windows,unspecified
22:50:43.593,92.122,0.2819,0.2479,0.2649,0.4137,0.74,DROWSY,0,0,Windows,unspecified
22:50:43.622,92.151,0.2757,0.207,0.2413,0.4058,0.74,DROWSY,0,0,Windows,unspecified
22:50:43.656,92.184,0.2721,0.2015,0.2368,0.4072,0.74,DROWSY,0,0,Windows,unspecified
22:50:43.688,92.216,0.2576,0.234,0.2458,0.4278,0.74,DROWSY,0,0,Windows,unspecified
22:50:43.717,92.245,0.2509,0.2629,0.2569,0.4002,0.74,DROWSY,0,0,Windows,unspecified
22:50:43.746,92.274,0.2624,0.2425,0.2525,0.4239,0.74,DROWSY,0,0,Windows,unspecified
22:50:43.778,92.307,0.2762,0.2583,0.2672,0.4128,0.74,DROWSY,0,0,Windows,unspecified
22:50:43.810,92.338,0.2817,0.2583,0.27,0.4264,0.74,DROWSY,0,0,Windows,unspecified
22:50:43.864,92.393,0.2541,0.2182,0.2362,0.4204,0.74,DROWSY,0,0,Windows,unspecified
22:50:43.902,92.43,0.2539,0.2283,0.2411,0.4267,0.74,DROWSY,0,0,Windows,unspecified
22:50:43.935,92.463,0.299,0.2612,0.2801,0.4228,0.74,DROWSY,0,0,Windows,unspecified
22:50:43.966,92.495,0.299,0.2431,0.271,0.4251,0.74,DROWSY,0,0,Windows,unspecified
22:50:43.993,92.522,0.2857,0.274,0.2799,0.4273,0.74,DROWSY,0,0,Windows,unspecified
22:50:44.028,92.557,0.3074,0.2944,0.3009,0.4176,0.74,DROWSY,0,0,Windows,unspecified
22:50:44.058,92.587,0.286,0.2944,0.2902,0.4218,0.74,DROWSY,0,0,Windows,unspecified
22:50:44.089,92.618,0.3071,0.2868,0.297,0.4288,0.74,DROWSY,0,0,Windows,unspecified
22:50:44.123,92.651,0.3274,0.2854,0.3064,0.4242,0.74,DROWSY,0,0,Windows,unspecified
22:50:44.153,92.682,0.3475,0.3421,0.3448,0.4317,0.74,DROWSY,0,0,Windows,unspecified
22:50:44.184,92.713,0.3502,0.3212,0.3357,0.4248,0.74,DROWSY,0,0,Windows,unspecified
22:50:44.215,92.744,0.3502,0.3421,0.3461,0.423,0.74,DROWSY,0,0,Windows,unspecified
22:50:44.270,92.798,0.3114,0.3027,0.307,0.403,0.74,DROWSY,0,0,Windows,unspecified
22:50:44.295,92.823,0.3502,0.3027,0.3265,0.4128,0.74,DROWSY,0,0,Windows,unspecified
22:50:44.328,92.856,0.3718,0.3259,0.3488,0.4181,0.74,DROWSY,0,0,Windows,unspecified
22:50:44.356,92.884,0.3356,0.2948,0.3152,0.4085,0.74,DROWSY,0,0,Windows,unspecified
22:50:44.395,92.924,0.333,0.3027,0.3179,0.4026,0.74,DROWSY,0,0,Windows,unspecified
22:50:44.418,92.947,0.333,0.3225,0.3278,0.4051,0.74,DROWSY,0,0,Windows,unspecified
22:50:44.450,92.979,0.333,0.3225,0.3278,0.4026,0.74,DROWSY,0,0,Windows,unspecified
22:50:44.480,93.009,0.3563,0.3421,0.3492,0.415,0.7333,DROWSY,0,0,Windows,unspecified
22:50:44.510,93.038,0.3539,0.3655,0.3597,0.4149,0.7333,DROWSY,0,0,Windows,unspecified
22:50:44.542,93.071,0.3529,0.3321,0.3425,0.4064,0.7333,DROWSY,0,0,Windows,unspecified
22:50:44.574,93.103,0.3529,0.3622,0.3576,0.405,0.7333,DROWSY,0,0,Windows,unspecified
22:50:44.606,93.135,0.3465,0.3454,0.3459,0.3944,0.7333,DROWSY,0,0,Windows,unspecified
22:50:44.664,93.193,0.3541,0.3262,0.3401,0.3955,0.7333,DROWSY,0,0,Windows,unspecified
22:50:44.698,93.226,0.3529,0.346,0.3495,0.4003,0.7333,DROWSY,0,0,Windows,unspecified
22:50:44.732,93.261,0.3542,0.3136,0.3339,0.4008,0.7333,DROWSY,0,0,Windows,unspecified
22:50:44.762,93.291,0.3737,0.3136,0.3437,0.4008,0.7333,DROWSY,0,0,Windows,unspecified
22:50:44.792,93.321,0.3721,0.3454,0.3587,0.4161,0.7333,DROWSY,0,0,Windows,unspecified
22:50:44.824,93.352,0.3514,0.3458,0.3486,0.3932,0.7267,DROWSY,0,0,Windows,unspecified
22:50:44.854,93.383,0.3514,0.3325,0.342,0.3973,0.72,DROWSY,0,0,Windows,unspecified
22:50:44.886,93.415,0.3388,0.3136,0.3262,0.4,0.7133,DROWSY,0,0,Windows,unspecified
22:50:44.919,93.448,0.3177,0.3136,0.3157,0.4062,0.7067,DROWSY,0,0,Windows,unspecified
22:50:44.949,93.478,0.319,0.3136,0.3163,0.3974,0.7,DROWSY,0,0,Windows,unspecified
22:50:44.982,93.51,0.3335,0.3136,0.3235,0.4049,0.6933,DROWSY,0,0,Windows,unspecified
22:50:45.011,93.54,0.3322,0.3262,0.3292,0.4049,0.6867,DROWSY,0,0,Windows,unspecified
22:50:45.064,93.593,0.3348,0.2826,0.3087,0.3853,0.68,DROWSY,0,0,Windows,unspecified
22:50:45.093,93.621,0.3127,0.3188,0.3158,0.3931,0.6733,DROWSY,0,0,Windows,unspecified
22:50:45.129,93.658,0.2936,0.2738,0.2837,0.391,0.6667,DROWSY,0,0,Windows,unspecified
22:50:45.156,93.685,0.3047,0.2631,0.2839,0.4045,0.66,DROWSY,0,0,Windows,unspecified
22:50:45.194,93.723,0.2066,0.1518,0.1792,0.4071,0.66,DROWSY,1,0,Windows,unspecified
22:50:45.216,93.744,0.1867,0.1719,0.1793,0.3973,0.66,DROWSY,2,0,Windows,unspecified
22:50:45.251,93.78,0.1862,0.1527,0.1694,0.4118,0.66,DROWSY,3,0,Windows,unspecified
22:50:45.282,93.811,0.1759,0.1321,0.154,0.4117,0.66,DROWSY,4,0,Windows,unspecified
22:50:45.312,93.84,0.1862,0.1354,0.1608,0.4055,0.66,DROWSY,5,0,Windows,unspecified
22:50:45.343,93.872,0.1686,0.1789,0.1738,0.4251,0.66,DROWSY,6,0,Windows,unspecified
22:50:45.374,93.902,0.1712,0.1719,0.1716,0.4103,0.66,DROWSY,7,0,Windows,unspecified
22:50:45.406,93.935,0.2177,0.1789,0.1983,0.4251,0.66,DROWSY,8,0,Windows,unspecified
22:50:45.465,93.993,0.2097,0.1841,0.1969,0.4123,0.66,DROWSY,9,0,Windows,unspecified
22:50:45.500,94.029,0.2321,0.2097,0.2209,0.4156,0.6533,DROWSY,0,0,Windows,unspecified
22:50:45.532,94.06,0.2576,0.2285,0.243,0.4156,0.6467,DROWSY,0,0,Windows,unspecified
22:50:45.561,94.09,0.2559,0.2097,0.2328,0.4055,0.64,DROWSY,0,0,Windows,unspecified
22:50:45.592,94.121,0.2617,0.2285,0.2451,0.4003,0.6333,DROWSY,0,0,Windows,unspecified
22:50:45.623,94.151,0.2849,0.2285,0.2567,0.4003,0.6267,DROWSY,0,0,Windows,unspecified
22:50:45.656,94.184,0.2924,0.2197,0.256,0.3975,0.62,DROWSY,0,0,Windows,unspecified
22:50:45.686,94.215,0.3071,0.2197,0.2634,0.4048,0.6133,DROWSY,0,0,Windows,unspecified
22:50:45.718,94.247,0.3056,0.2197,0.2626,0.4048,0.6067,DROWSY,0,0,Windows,unspecified
22:50:45.749,94.278,0.2714,0.225,0.2482,0.4004,0.6,DROWSY,0,0,Windows,unspecified
22:50:45.781,94.31,0.2731,0.2528,0.2629,0.4004,0.5933,DROWSY,0,0,Windows,unspecified
22:50:45.811,94.34,0.2235,0.2528,0.2381,0.3863,0.5867,DROWSY,0,0,Windows,unspecified
22:50:45.868,94.397,0.2117,0.1992,0.2055,0.3848,0.5867,DROWSY,1,0,Windows,unspecified
22:50:45.906,94.434,0.1789,0.1971,0.188,0.381,0.5867,DROWSY,2,0,Windows,unspecified
22:50:45.938,94.466,0.1644,0.1456,0.155,0.3748,0.5867,DROWSY,3,0,Windows,unspecified
22:50:45.969,94.498,0.1522,0.1585,0.1553,0.3825,0.5867,DROWSY,4,0,Windows,unspecified
22:50:46.000,94.529,0.0997,0.1168,0.1082,0.3804,0.5867,DROWSY,5,0,Windows,unspecified
22:50:46.031,94.559,0.0828,0.1134,0.0981,0.3694,0.5867,DROWSY,6,0,Windows,unspecified
22:50:46.063,94.591,0.0828,0.1031,0.0929,0.3841,0.5867,DROWSY,7,0,Windows,unspecified
22:50:46.095,94.624,0.0464,0.0892,0.0678,0.3801,0.5867,DROWSY,8,0,Windows,unspecified
22:50:46.127,94.656,0.0757,0.0725,0.0741,0.3747,0.5867,DROWSY,9,0,Windows,unspecified
22:50:46.157,94.686,0.0828,0.104,0.0934,0.3685,0.5867,DROWSY,10,0,Windows,unspecified
22:50:46.188,94.717,0.0938,0.119,0.1064,0.3547,0.5867,DROWSY,11,0,Windows,unspecified
22:50:46.220,94.748,0.0938,0.0888,0.0913,0.3656,0.5867,DROWSY,12,0,Windows,unspecified
22:50:46.263,94.792,0.0828,0.0755,0.0791,0.3681,0.5867,DROWSY,13,0,Windows,unspecified
22:50:46.295,94.823,0.0828,0.0702,0.0765,0.3653,0.5867,DROWSY,14,0,Windows,unspecified
22:50:46.330,94.859,0.0828,0.0925,0.0876,0.3896,0.5867,DROWSY,15,0,Windows,unspecified
22:50:46.357,94.886,0.0828,0.0758,0.0793,0.381,0.5867,DROWSY,16,0,Windows,unspecified
22:50:46.409,94.938,0.0799,0.0888,0.0843,0.3715,0.5867,DROWSY,17,0,Windows,unspecified
22:50:46.437,94.966,0.0938,0.0925,0.0931,0.376,0.5867,DROWSY,18,0,Windows,unspecified
22:50:46.467,94.996,0.0862,0.0925,0.0893,0.3666,0.5867,DROWSY,19,0,Windows,unspecified
22:50:46.501,95.03,0.0828,0.0913,0.087,0.371,0.5867,DROWSY,20,0,Windows,unspecified
22:50:46.530,95.059,0.0904,0.1459,0.1181,0.3718,0.5867,DROWSY,21,0,Windows,unspecified
22:50:46.561,95.09,0.0798,0.1265,0.1032,0.3927,0.5867,DROWSY,22,0,Windows,unspecified
22:50:46.593,95.122,0.0937,0.1194,0.1066,0.3699,0.5867,DROWSY,23,0,Windows,unspecified
22:50:46.622,95.151,0.0904,0.1225,0.1064,0.3915,0.5867,DROWSY,24,0,Windows,unspecified
22:50:46.666,95.194,0.0797,0.116,0.0978,0.367,0.5867,DROWSY,25,0,Windows,unspecified
22:50:46.703,95.231,0.1274,0.1278,0.1276,0.3647,0.5867,DROWSY,26,0,Windows,unspecified
22:50:46.734,95.262,0.1393,0.12,0.1297,0.3699,0.5867,DROWSY,27,0,Windows,unspecified
22:50:46.764,95.293,0.1205,0.1378,0.1292,0.3805,0.5867,DROWSY,28,0,Windows,unspecified
22:50:46.807,95.335,0.1445,0.1613,0.1529,0.3656,0.5867,DROWSY,29,0,Windows,unspecified
22:50:46.842,95.37,0.1488,0.167,0.1579,0.36,0.5867,DROWSY,30,0,Windows,unspecified
22:50:46.872,95.401,0.1571,0.1509,0.154,0.3446,0.5867,DROWSY,31,0,Windows,unspecified
22:50:46.904,95.433,0.1393,0.1482,0.1438,0.3605,0.5867,DROWSY,32,0,Windows,unspecified
22:50:46.935,95.463,0.132,0.1613,0.1466,0.3535,0.5867,DROWSY,33,0,Windows,unspecified
22:50:46.968,95.496,0.1785,0.207,0.1928,0.3696,0.5867,DROWSY,34,0,Windows,unspecified
22:50:47.000,95.529,0.184,0.207,0.1955,0.3654,0.5867,DROWSY,35,0,Windows,unspecified
22:50:47.029,95.558,0.1543,0.1604,0.1574,0.367,0.5867,DROWSY,36,0,Windows,unspecified
22:50:47.068,95.597,0.1277,0.1604,0.144,0.3479,0.5867,DROWSY,37,0,Windows,unspecified
22:50:47.091,95.62,0.1271,0.1731,0.1501,0.355,0.5867,DROWSY,38,0,Windows,unspecified
22:50:47.128,95.657,0.1315,0.1881,0.1598,0.3721,0.5867,DROWSY,39,0,Windows,unspecified
22:50:47.153,95.682,0.1413,0.199,0.1702,0.3621,0.5867,DROWSY,40,0,Windows,unspecified
22:50:47.209,95.738,0.0718,0.167,0.1194,0.3731,0.5867,DROWSY,41,0,Windows,unspecified
22:50:47.230,95.759,0.0864,0.1677,0.127,0.3616,0.5867,DROWSY,42,0,Windows,unspecified
22:50:47.263,95.792,0.0864,0.1491,0.1177,0.3615,0.5867,DROWSY,43,0,Windows,unspecified
22:50:47.295,95.823,0.0715,0.1629,0.1172,0.3562,0.5867,DROWSY,44,0,Windows,unspecified
22:50:47.328,95.857,0.0715,0.1497,0.1106,0.3584,0.5867,DROWSY,45,0,Windows,unspecified
22:50:47.356,95.885,0.093,0.1509,0.122,0.3496,0.5867,DROWSY,46,0,Windows,unspecified
22:50:47.389,95.917,0.1118,0.1497,0.1308,0.3498,0.5867,DROWSY,47,0,Windows,unspecified
22:50:47.419,95.948,0.1158,0.167,0.1414,0.3526,0.5867,DROWSY,48,0,Windows,unspecified
22:50:47.464,95.993,0.0546,0.1123,0.0835,0.3509,0.5867,DROWSY,49,0,Windows,unspecified
22:50:47.498,96.027,0.0715,0.1336,0.1026,0.3579,0.5867,DROWSY,50,0,Windows,unspecified
22:50:47.528,96.057,0.0712,0.1622,0.1167,0.3537,0.5867,DROWSY,51,0,Windows,unspecified
22:50:47.559,96.088,0.0715,0.1677,0.1196,0.3503,0.5867,DROWSY,52,0,Windows,unspecified
22:50:47.613,96.142,0.0603,0.1497,0.105,0.3365,0.5867,DROWSY,53,0,Windows,unspecified
22:50:47.636,96.165,0.0764,0.1779,0.1271,0.3562,0.5867,DROWSY,54,0,Windows,unspecified
22:50:47.668,96.196,0.0764,0.1554,0.1159,0.362,0.5867,DROWSY,55,0,Windows,unspecified
22:50:47.700,96.228,0.0869,0.1644,0.1256,0.3557,0.5867,DROWSY,56,0,Windows,unspecified
22:50:47.731,96.26,0.0892,0.1387,0.1139,0.3396,0.5867,DROWSY,57,0,Windows,unspecified
22:50:47.764,96.293,0.0865,0.1749,0.1307,0.342,0.5867,DROWSY,58,0,Windows,unspecified
22:50:47.794,96.323,0.0865,0.1887,0.1376,0.3509,0.5867,DROWSY,59,0,Windows,unspecified
22:50:47.825,96.354,0.1063,0.2002,0.1532,0.3545,0.5867,DROWSY,60,0,Windows,unspecified
22:50:47.866,96.395,0.099,0.2044,0.1517,0.3416,0.5867,DROWSY,61,0,Windows,unspecified
22:50:47.889,96.418,0.1027,0.2051,0.1539,0.3416,0.5867,DROWSY,62,0,Windows,unspecified
22:50:47.931,96.459,0.0892,0.1887,0.139,0.3425,0.5867,DROWSY,63,0,Windows,unspecified
22:50:51.530,100.059,0.1783,0.1303,0.1543,0.3273,0.5867,DROWSY,1,0,Windows,unspecified
22:50:51.563,100.092,0.1225,0.1191,0.1208,0.3354,0.5867,DROWSY,2,0,Windows,unspecified
22:50:51.592,100.121,0.1137,0.1499,0.1318,0.3446,0.5867,DROWSY,3,0,Windows,unspecified
22:50:51.626,100.155,0.1059,0.1685,0.1372,0.3394,0.5867,DROWSY,4,0,Windows,unspecified
22:50:51.655,100.184,0.0764,0.111,0.0937,0.3496,0.5867,DROWSY,5,0,Windows,unspecified
22:50:51.689,100.218,0.0959,0.1391,0.1175,0.3514,0.5867,DROWSY,6,0,Windows,unspecified
22:50:51.721,100.25,0.0749,0.1183,0.0966,0.3411,0.5867,DROWSY,7,0,Windows,unspecified
22:50:51.752,100.281,0.1004,0.1223,0.1114,0.3558,0.5867,DROWSY,8,0,Windows,unspecified
22:50:51.784,100.313,0.1142,0.1031,0.1087,0.3655,0.5867,DROWSY,9,0,Windows,unspecified
22:50:51.812,100.341,0.1179,0.1006,0.1092,0.3524,0.5867,DROWSY,10,0,Windows,unspecified
22:50:51.865,100.393,0.0932,0.1278,0.1105,0.3506,0.5867,DROWSY,11,0,Windows,unspecified
22:50:51.894,100.422,0.0899,0.119,0.1044,0.3605,0.5867,DROWSY,12,0,Windows,unspecified
22:50:51.931,100.459,0.0784,0.0841,0.0812,0.3525,0.5867,DROWSY,13,0,Windows,unspecified
22:50:51.972,100.501,0.0726,0.1006,0.0866,0.3486,0.5867,DROWSY,14,0,Windows,unspecified
22:50:52.003,100.532,0.0933,0.1072,0.1002,0.3539,0.5867,DROWSY,15,0,Windows,unspecified
22:50:52.033,100.562,0.0767,0.1162,0.0964,0.3539,0.5933,DROWSY,16,0,Windows,unspecified
22:50:52.066,100.595,0.1004,0.1349,0.1177,0.3478,0.5933,DROWSY,17,0,Windows,unspecified
22:50:52.097,100.626,0.0794,0.0926,0.086,0.3585,0.6,DROWSY,18,0,Windows,unspecified
22:50:52.128,100.657,0.0857,0.1031,0.0944,0.3654,0.6067,DROWSY,19,0,Windows,unspecified
22:50:52.160,100.688,0.0626,0.1177,0.0902,0.3574,0.6133,DROWSY,20,0,Windows,unspecified
22:50:52.191,100.72,0.0767,0.1075,0.0921,0.3575,0.62,DROWSY,21,0,Windows,unspecified
22:50:52.221,100.749,0.0857,0.1262,0.106,0.3573,0.6267,DROWSY,22,0,Windows,unspecified
22:50:52.265,100.794,0.1038,0.1031,0.1035,0.3654,0.6333,DROWSY,23,0,Windows,unspecified
22:50:52.297,100.826,0.086,0.0986,0.0923,0.3573,0.64,DROWSY,24,0,Windows,unspecified
22:50:52.327,100.855,0.0648,0.0841,0.0745,0.3577,0.6467,DROWSY,25,0,Windows,unspecified
22:50:52.357,100.886,0.0648,0.119,0.0919,0.3611,0.6533,DROWSY,26,0,Windows,unspecified
22:50:52.392,100.921,0.0794,0.119,0.0992,0.3577,0.66,DROWSY,27,0,Windows,unspecified
22:50:52.422,100.95,0.071,0.0892,0.0801,0.3654,0.6667,DROWSY,28,0,Windows,unspecified
22:50:52.454,100.983,0.0604,0.0892,0.0748,0.3623,0.6733,DROWSY,29,0,Windows,unspecified
22:50:52.485,101.013,0.0794,0.1006,0.09,0.3694,0.68,DROWSY,30,0,Windows,unspecified
22:50:52.516,101.045,0.0932,0.116,0.1046,0.3654,0.6867,DROWSY,31,0,Windows,unspecified
22:50:52.547,101.076,0.0823,0.1144,0.0984,0.3656,0.6933,DROWSY,32,0,Windows,unspecified
22:50:52.578,101.107,0.1004,0.1234,0.1119,0.3575,0.7,DROWSY,33,0,Windows,unspecified
22:50:52.609,101.138,0.0823,0.112,0.0972,0.3595,0.7067,DROWSY,34,0,Windows,unspecified
22:50:52.664,101.193,0.0672,0.1194,0.0933,0.3361,0.7133,DROWSY,35,0,Windows,unspecified
22:50:52.687,101.216,0.0672,0.1051,0.0862,0.3438,0.72,DROWSY,36,0,Windows,unspecified
22:50:52.731,101.26,0.0794,0.1002,0.0898,0.3444,0.7267,DROWSY,37,0,Windows,unspecified
22:50:52.766,101.294,0.0823,0.1051,0.0937,0.3628,0.7333,DROWSY,38,0,Windows,unspecified
22:50:52.796,101.325,0.0928,0.0876,0.0902,0.3575,0.74,DROWSY,39,0,Windows,unspecified
22:50:52.830,101.358,0.0726,0.0854,0.079,0.3623,0.7467,DROWSY,40,0,Windows,unspecified
22:50:52.862,101.39,0.0726,0.0854,0.079,0.3548,0.7533,DROWSY,41,0,Windows,unspecified
22:50:52.891,101.419,0.0485,0.1031,0.0758,0.3518,0.76,DROWSY,42,0,Windows,unspecified
22:50:52.923,101.452,0.0729,0.0809,0.0769,0.3609,0.7667,DROWSY,43,0,Windows,unspecified
22:50:52.954,101.482,0.0767,0.078,0.0773,0.3712,0.7733,DROWSY,44,0,Windows,unspecified
22:50:52.984,101.513,0.0926,0.0932,0.0929,0.3737,0.78,DROWSY,45,0,Windows,unspecified
22:50:53.015,101.544,0.0926,0.1041,0.0983,0.3808,0.7867,DROWSY,46,0,Windows,unspecified
22:50:53.066,101.594,0.0926,0.1081,0.1003,0.3661,0.7933,DROWSY,47,0,Windows,unspecified
22:50:53.094,101.623,0.0899,0.1072,0.0986,0.3642,0.8,DROWSY,48,0,Windows,unspecified
22:50:53.131,101.66,0.0826,0.1116,0.0971,0.3656,0.8067,DROWSY,49,0,Windows,unspecified
22:50:53.158,101.686,0.0902,0.1116,0.1009,0.3727,0.8133,DROWSY,50,0,Windows,unspecified
22:50:53.188,101.717,0.0871,0.1116,0.0994,0.3727,0.82,DROWSY,51,0,Windows,unspecified
22:50:53.220,101.749,0.1004,0.1779,0.1392,0.3582,0.8267,DROWSY,52,0,Windows,unspecified
22:50:53.253,101.781,0.1184,0.133,0.1257,0.361,0.8333,DROWSY,53,0,Windows,unspecified
22:50:53.282,101.811,0.1184,0.1278,0.1231,0.3542,0.84,DROWSY,54,0,Windows,unspecified
22:50:53.315,101.844,0.0794,0.101,0.0902,0.3593,0.8467,DROWSY,55,0,Windows,unspecified
22:50:53.345,101.873,0.0899,0.1278,0.1088,0.3607,0.8533,DROWSY,56,0,Windows,unspecified
22:50:53.377,101.906,0.0994,0.1278,0.1136,0.3594,0.86,DROWSY,57,0,Windows,unspecified
22:50:53.408,101.936,0.0899,0.1244,0.1071,0.3488,0.8667,DROWSY,58,0,Windows,unspecified
22:50:53.464,101.993,0.0964,0.1194,0.1079,0.3378,0.8733,DROWSY,59,0,Windows,unspecified
22:50:53.488,102.017,0.0782,0.101,0.0896,0.3488,0.88,DROWSY,60,0,Windows,unspecified
22:50:53.528,102.057,0.093,0.1128,0.1029,0.3525,0.8867,DROWSY,61,0,Windows,unspecified
22:50:53.563,102.091,0.0959,0.119,0.1074,0.3495,0.8933,DROWSY,62,0,Windows,unspecified
22:50:53.600,102.129,0.0959,0.0968,0.0963,0.3454,0.9,DROWSY,63,0,Windows,unspecified
22:50:53.628,102.156,0.0794,0.0968,0.0881,0.358,0.9067,DROWSY,64,0,Windows,unspecified
22:50:53.659,102.188,0.0726,0.0968,0.0847,0.3629,0.9133,DROWSY,65,0,Windows,unspecified
22:50:53.690,102.218,0.0791,0.1298,0.1044,0.3554,0.92,DROWSY,66,0,Windows,unspecified
22:50:53.721,102.25,0.1385,0.148,0.1432,0.3637,0.9267,DROWSY,67,0,Windows,unspecified
22:50:53.753,102.282,0.1012,0.1123,0.1067,0.3617,0.9267,DROWSY,68,0,Windows,unspecified
22:50:53.784,102.312,0.1123,0.0973,0.1048,0.3672,0.9267,DROWSY,69,0,Windows,unspecified
22:50:53.815,102.344,0.0911,0.0904,0.0908,0.3557,0.9267,DROWSY,70,0,Windows,unspecified
22:50:53.869,102.397,0.1514,0.1968,0.1741,0.3682,0.9267,DROWSY,71,0,Windows,unspecified
22:50:53.892,102.421,0.1525,0.1511,0.1518,0.3646,0.9267,DROWSY,72,0,Windows,unspecified
22:50:53.928,102.457,0.202,0.2069,0.2044,0.362,0.9267,DROWSY,73,0,Windows,unspecified
22:50:53.955,102.484,0.2102,0.1922,0.2012,0.364,0.9267,DROWSY,74,0,Windows,unspecified
22:50:53.986,102.515,0.1775,0.2039,0.1907,0.364,0.9267,DROWSY,75,0,Windows,unspecified
22:50:54.019,102.548,0.1206,0.1202,0.1204,0.3768,0.9267,DROWSY,76,0,Windows,unspecified
22:50:54.050,102.578,0.1414,0.1205,0.131,0.3607,0.9333,DROWSY,77,0,Windows,unspecified
22:50:54.082,102.611,0.1313,0.1589,0.1451,0.3606,0.94,DROWSY,78,0,Windows,unspecified
22:50:54.114,102.642,0.1532,0.1701,0.1617,0.3518,0.9467,DROWSY,79,0,Windows,unspecified
22:50:54.143,102.672,0.1407,0.1344,0.1375,0.3807,0.9533,DROWSY,80,0,Windows,unspecified
22:50:54.176,102.705,0.1376,0.1337,0.1357,0.3633,0.96,DROWSY,81,0,Windows,unspecified
22:50:54.207,102.736,0.1359,0.1075,0.1217,0.3483,0.9667,DROWSY,82,0,Windows,unspecified
22:50:54.268,102.797,0.1103,0.1184,0.1143,0.3475,0.9733,DROWSY,83,0,Windows,unspecified
22:50:54.302,102.83,0.1469,0.1371,0.142,0.3434,0.98,DROWSY,84,0,Windows,unspecified
22:50:54.333,102.862,0.0989,0.1103,0.1046,0.3652,0.9867,DROWSY,85,0,Windows,unspecified
22:50:54.364,102.893,0.1215,0.1223,0.1219,0.3729,0.9933,DROWSY,86,0,Windows,unspecified
22:50:54.396,102.925,0.1215,0.1371,0.1293,0.376,1.0,DROWSY,87,0,Windows,unspecified
22:50:54.429,102.957,0.1278,0.1395,0.1336,0.3527,1.0,DROWSY,88,0,Windows,unspecified
22:50:54.459,102.987,0.1223,0.1223,0.1223,0.3497,1.0,DROWSY,89,0,Windows,unspecified
22:50:54.489,103.018,0.1139,0.1438,0.1288,0.3506,1.0,DROWSY,90,0,Windows,unspecified
22:50:54.519,103.048,0.1407,0.1496,0.1451,0.356,1.0,DROWSY,91,0,Windows,unspecified
22:50:54.554,103.082,0.1091,0.1238,0.1164,0.3499,1.0,DROWSY,92,0,Windows,unspecified
22:50:54.583,103.111,0.1131,0.1293,0.1212,0.3505,1.0,DROWSY,93,0,Windows,unspecified
22:50:54.614,103.143,0.1131,0.1229,0.118,0.3614,1.0,DROWSY,94,0,Windows,unspecified
22:50:54.668,103.197,0.0981,0.0928,0.0954,0.3665,1.0,DROWSY,95,0,Windows,unspecified
22:50:54.691,103.22,0.0928,0.1246,0.1087,0.3806,1.0,DROWSY,96,0,Windows,unspecified
22:50:54.728,103.257,0.1633,0.1864,0.1749,0.3472,1.0,DROWSY,97,0,Windows,unspecified
22:50:54.755,103.283,0.1362,0.1701,0.1531,0.3501,1.0,DROWSY,98,0,Windows,unspecified
22:50:54.785,103.314,0.1646,0.1701,0.1673,0.3565,1.0,DROWSY,99,0,Windows,unspecified
22:50:54.816,103.345,0.2037,0.1984,0.201,0.37,1.0,DROWSY,100,0,Windows,unspecified
22:50:54.849,103.378,0.2124,0.1841,0.1982,0.3693,1.0,DROWSY,101,0,Windows,unspecified
22:50:54.884,103.413,0.2609,0.2195,0.2402,0.3671,0.9933,DROWSY,0,0,Windows,unspecified
22:50:54.910,103.439,0.2556,0.2227,0.2392,0.3581,0.9867,DROWSY,0,0,Windows,unspecified
22:50:54.941,103.47,0.2908,0.2601,0.2754,0.3551,0.98,DROWSY,0,0,Windows,unspecified
22:50:54.974,103.502,0.2631,0.2395,0.2513,0.3523,0.9733,DROWSY,0,0,Windows,unspecified
22:50:55.004,103.533,0.2944,0.2476,0.271,0.3693,0.9667,DROWSY,0,0,Windows,unspecified
22:50:55.067,103.596,0.3107,0.265,0.2878,0.3717,0.96,DROWSY,0,0,Windows,unspecified
22:50:55.097,103.626,0.2769,0.2664,0.2716,0.3659,0.9533,DROWSY,0,0,Windows,unspecified
22:50:55.127,103.656,0.3107,0.2895,0.3001,0.3715,0.9467,DROWSY,0,0,Windows,unspecified
22:50:55.159,103.687,0.3107,0.2895,0.3001,0.3753,0.94,DROWSY,0,0,Windows,unspecified
22:50:55.190,103.719,0.2736,0.2895,0.2816,0.3753,0.9333,DROWSY,0,0,Windows,unspecified
22:50:55.220,103.749,0.3111,0.298,0.3045,0.3592,0.9267,DROWSY,0,0,Windows,unspecified
22:50:55.252,103.78,0.2942,0.298,0.2961,0.3572,0.92,DROWSY,0,0,Windows,unspecified
22:50:55.283,103.812,0.3533,0.3227,0.338,0.3696,0.9133,DROWSY,0,0,Windows,unspecified
22:50:55.314,103.843,0.313,0.3251,0.319,0.3708,0.9067,DROWSY,0,0,Windows,unspecified
22:50:55.347,103.875,0.3512,0.3606,0.3559,0.3726,0.9,DROWSY,0,0,Windows,unspecified
22:50:55.379,103.907,0.3684,0.3191,0.3437,0.3737,0.8933,DROWSY,0,0,Windows,unspecified
22:50:55.410,103.938,0.3747,0.3248,0.3498,0.3873,0.8867,DROWSY,0,0,Windows,unspecified
22:50:55.465,103.993,0.3969,0.3584,0.3777,0.3936,0.88,DROWSY,0,0,Windows,unspecified
22:50:55.503,104.032,0.3747,0.3877,0.3812,0.3779,0.8733,DROWSY,0,0,Windows,unspecified
22:50:55.531,104.06,0.4037,0.3961,0.3999,0.3765,0.8667,DROWSY,0,0,Windows,unspecified
22:50:55.563,104.092,0.3877,0.3713,0.3795,0.3652,0.86,DROWSY,0,0,Windows,unspecified
22:50:55.595,104.124,0.4028,0.3763,0.3896,0.3713,0.8533,DROWSY,0,0,Windows,unspecified
22:50:55.626,104.155,0.4063,0.3799,0.3931,0.3732,0.8467,DROWSY,0,0,Windows,unspecified
22:50:55.659,104.187,0.4124,0.3877,0.4,0.3732,0.84,DROWSY,0,0,Windows,unspecified
22:50:55.688,104.216,0.3849,0.3781,0.3815,0.3713,0.8333,DROWSY,0,0,Windows,unspecified
22:50:55.720,104.248,0.425,0.401,0.413,0.378,0.8267,DROWSY,0,0,Windows,unspecified
22:50:55.754,104.282,0.3877,0.401,0.3943,0.371,0.82,DROWSY,0,0,Windows,unspecified
22:50:55.784,104.312,0.3877,0.3835,0.3856,0.3666,0.8133,DROWSY,0,0,Windows,unspecified
22:50:55.815,104.344,0.3527,0.3839,0.3683,0.3695,0.8067,DROWSY,0,0,Windows,unspecified
22:50:55.866,104.394,0.3714,0.3664,0.3689,0.3733,0.8,DROWSY,0,0,Windows,unspecified
22:50:55.893,104.422,0.3736,0.3581,0.3659,0.3798,0.7933,DROWSY,0,0,Windows,unspecified
22:50:55.928,104.456,0.3736,0.3664,0.37,0.3851,0.7867,DROWSY,0,0,Windows,unspecified
22:50:55.957,104.485,0.366,0.3664,0.3662,0.3695,0.78,DROWSY,0,0,Windows,unspecified
22:50:55.988,104.516,0.366,0.3664,0.3662,0.3695,0.7733,DROWSY,0,0,Windows,unspecified
22:50:56.019,104.547,0.3896,0.3502,0.3699,0.3748,0.7667,DROWSY,0,0,Windows,unspecified
22:50:56.049,104.578,0.3557,0.3664,0.3611,0.3752,0.76,DROWSY,0,0,Windows,unspecified
22:50:56.080,104.609,0.3754,0.3459,0.3606,0.3819,0.7533,DROWSY,0,0,Windows,unspecified
22:50:56.111,104.64,0.3378,0.3284,0.3331,0.3748,0.7467,DROWSY,0,0,Windows,unspecified
22:50:56.142,104.67,0.3378,0.3506,0.3442,0.3838,0.74,DROWSY,0,0,Windows,unspecified
22:50:56.171,104.7,0.3474,0.3506,0.349,0.3838,0.7333,DROWSY,0,0,Windows,unspecified
22:50:56.205,104.733,0.3474,0.334,0.3407,0.3841,0.7267,DROWSY,0,0,Windows,unspecified
22:50:56.265,104.794,0.3756,0.333,0.3543,0.3805,0.72,DROWSY,0,0,Windows,unspecified
22:50:56.298,104.827,0.3394,0.3143,0.3269,0.3907,0.7133,DROWSY,0,0,Windows,unspecified
22:50:56.328,104.857,0.3754,0.334,0.3547,0.3952,0.7067,DROWSY,0,0,Windows,unspecified
22:50:56.359,104.888,0.3394,0.3508,0.3451,0.389,0.7,DROWSY,0,0,Windows,unspecified
22:50:56.392,104.921,0.3378,0.3483,0.343,0.394,0.6933,DROWSY,0,0,Windows,unspecified
22:50:56.423,104.952,0.3595,0.3472,0.3534,0.3951,0.6867,DROWSY,0,0,Windows,unspecified
22:50:56.456,104.984,0.3544,0.3302,0.3423,0.3923,0.68,DROWSY,0,0,Windows,unspecified
22:50:56.485,105.014,0.3427,0.3459,0.3443,0.3925,0.6733,DROWSY,0,0,Windows,unspecified
22:50:56.516,105.044,0.3378,0.3386,0.3382,0.3959,0.6667,DROWSY,0,0,Windows,unspecified
22:50:56.546,105.075,0.1828,0.1856,0.1842,0.4063,0.6667,DROWSY,1,0,Windows,unspecified
22:50:56.580,105.108,0.1246,0.1362,0.1304,0.4071,0.6667,DROWSY,2,0,Windows,unspecified
22:50:56.611,105.139,0.0826,0.1243,0.1034,0.4171,0.6667,DROWSY,3,0,Windows,unspecified
22:50:56.664,105.192,0.0797,0.1243,0.102,0.4028,0.6667,DROWSY,4,0,Windows,unspecified
22:50:56.688,105.217,0.1008,0.1243,0.1125,0.3923,0.6667,DROWSY,5,0,Windows,unspecified
22:50:56.729,105.258,0.1332,0.1442,0.1387,0.3838,0.6667,DROWSY,6,0,Windows,unspecified
22:50:56.765,105.294,0.125,0.1502,0.1376,0.3904,0.6667,DROWSY,7,0,Windows,unspecified
22:50:56.798,105.327,0.1298,0.169,0.1494,0.3904,0.6667,DROWSY,8,0,Windows,unspecified
22:50:56.828,105.357,0.2003,0.1918,0.1961,0.4003,0.6667,DROWSY,9,0,Windows,unspecified
22:50:56.860,105.388,0.2425,0.2122,0.2274,0.3977,0.66,DROWSY,0,0,Windows,unspecified
22:50:56.889,105.418,0.2291,0.2253,0.2272,0.3991,0.6533,DROWSY,0,0,Windows,unspecified
22:50:56.920,105.448,0.2425,0.2454,0.244,0.4025,0.6467,DROWSY,0,0,Windows,unspecified
22:50:56.953,105.481,0.2425,0.2253,0.2339,0.3948,0.64,DROWSY,0,0,Windows,unspecified
22:50:56.983,105.511,0.2499,0.2641,0.257,0.3803,0.6333,DROWSY,0,0,Windows,unspecified
22:50:57.015,105.543,0.2379,0.2314,0.2347,0.394,0.6267,DROWSY,0,0,Windows,unspecified
22:50:57.068,105.597,0.2095,0.1936,0.2016,0.4107,0.6267,DROWSY,1,0,Windows,unspecified
22:50:57.094,105.623,0.2204,0.2291,0.2248,0.4095,0.62,DROWSY,0,0,Windows,unspecified
22:50:57.128,105.657,0.1719,0.1648,0.1684,0.4149,0.62,DROWSY,1,0,Windows,unspecified
22:50:57.154,105.682,0.1718,0.2147,0.1933,0.4012,0.62,DROWSY,2,0,Windows,unspecified
22:50:57.185,105.714,0.1718,0.2147,0.1933,0.4047,0.62,DROWSY,3,0,Windows,unspecified
22:50:57.218,105.746,0.2182,0.2147,0.2165,0.4284,0.6133,DROWSY,0,0,Windows,unspecified
22:50:57.250,105.779,0.2483,0.2334,0.2409,0.4121,0.6067,DROWSY,0,0,Windows,unspecified
22:50:57.280,105.809,0.233,0.2522,0.2426,0.4261,0.6,DROWSY,0,0,Windows,unspecified
22:50:57.310,105.838,0.2583,0.2147,0.2365,0.4073,0.5933,DROWSY,0,0,Windows,unspecified
22:50:57.344,105.872,0.2003,0.2321,0.2162,0.4034,0.5867,DROWSY,0,0,Windows,unspecified
22:50:57.376,105.905,0.2217,0.2177,0.2197,0.4118,0.58,DROWSY,0,0,Windows,unspecified
22:50:57.405,105.934,0.1872,0.2277,0.2075,0.4134,0.58,DROWSY,1,0,Windows,unspecified
22:50:57.468,105.997,0.2425,0.2209,0.2317,0.4139,0.5733,DROWSY,0,0,Windows,unspecified
22:50:57.499,106.028,0.2659,0.2339,0.2499,0.4329,0.5667,DROWSY,0,0,Windows,unspecified
22:50:57.528,106.056,0.2539,0.2277,0.2408,0.4153,0.56,DROWSY,0,0,Windows,unspecified
22:50:57.562,106.091,0.2594,0.2429,0.2511,0.4142,0.5533,DROWSY,0,0,Windows,unspecified
22:50:57.592,106.121,0.2594,0.2642,0.2618,0.4142,0.5467,DROWSY,0,0,Windows,unspecified
22:50:57.623,106.152,0.2762,0.2894,0.2828,0.4259,0.54,DROWSY,0,0,Windows,unspecified
22:50:57.655,106.183,0.2604,0.2687,0.2645,0.4124,0.5333,DROWSY,0,0,Windows,unspecified
22:50:57.686,106.214,0.2315,0.2381,0.2348,0.4117,0.5267,DROWSY,0,0,Windows,unspecified
22:50:57.718,106.246,0.2315,0.2378,0.2347,0.4097,0.52,DROWSY,0,0,Windows,unspecified
22:50:57.748,106.277,0.2425,0.2429,0.2427,0.4114,0.5133,DROWSY,0,0,Windows,unspecified
22:50:57.778,106.307,0.2643,0.2543,0.2593,0.4067,0.5067,DROWSY,0,0,Windows,unspecified
22:50:57.813,106.342,0.2546,0.2445,0.2496,0.4206,0.5,DROWSY,0,0,Windows,unspecified
22:50:57.865,106.394,0.255,0.2238,0.2394,0.4203,0.4933,DROWSY,0,0,Windows,unspecified
22:50:57.888,106.416,0.2618,0.2445,0.2532,0.436,0.4867,DROWSY,0,0,Windows,unspecified
22:50:57.936,106.465,0.2717,0.224,0.2479,0.4243,0.48,DROWSY,0,0,Windows,unspecified
22:50:57.966,106.494,0.2717,0.2448,0.2582,0.4243,0.4733,DROWSY,0,0,Windows,unspecified
22:50:57.998,106.526,0.2852,0.2445,0.2649,0.4206,0.4667,DROWSY,0,0,Windows,unspecified
22:50:58.028,106.557,0.2546,0.224,0.2393,0.4241,0.46,DROWSY,0,0,Windows,unspecified
22:50:58.059,106.588,0.255,0.224,0.2395,0.421,0.4533,DROWSY,0,0,Windows,unspecified
22:50:58.091,106.62,0.255,0.224,0.2395,0.4008,0.4467,DROWSY,0,0,Windows,unspecified
22:50:58.124,106.652,0.2775,0.224,0.2508,0.4007,0.44,DROWSY,0,0,Windows,unspecified
22:50:58.155,106.684,0.2525,0.2161,0.2343,0.4231,0.4333,DROWSY,0,0,Windows,unspecified
22:50:58.186,106.715,0.2525,0.2383,0.2454,0.421,0.4267,DROWSY,0,0,Windows,unspecified
22:50:58.218,106.747,0.2525,0.2196,0.236,0.4118,0.42,DROWSY,0,0,Windows,unspecified
22:50:58.266,106.795,0.2377,0.2196,0.2286,0.4154,0.4133,DROWSY,0,0,Windows,unspecified
22:50:58.295,106.824,0.2428,0.2196,0.2312,0.412,0.4067,DROWSY,0,0,Windows,unspecified
22:50:58.328,106.857,0.2496,0.2594,0.2545,0.4199,0.4,DROWSY,0,0,Windows,unspecified
22:50:58.361,106.89,0.272,0.2315,0.2518,0.4145,0.3933,DROWSY,0,0,Windows,unspecified
22:50:58.389,106.918,0.2717,0.2315,0.2516,0.4185,0.3867,DROWSY,0,0,Windows,unspecified
22:50:58.421,106.95,0.2493,0.2539,0.2516,0.4162,0.38,DROWSY,0,0,Windows,unspecified
22:50:58.452,106.981,0.2493,0.2539,0.2516,0.4203,0.3733,DROWSY,0,0,Windows,unspecified
22:50:58.482,107.011,0.273,0.2315,0.2523,0.3937,0.3667,DROWSY,0,0,Windows,unspecified
22:50:58.514,107.043,0.273,0.2539,0.2635,0.4009,0.36,DROWSY,0,0,Windows,unspecified
22:50:58.545,107.073,0.2717,0.2539,0.2628,0.4218,0.3533,DROWSY,0,0,Windows,unspecified
22:50:58.575,107.103,0.2493,0.2215,0.2354,0.4243,0.3467,NORMAL,0,0,Windows,unspecified
22:50:58.607,107.136,0.2546,0.2493,0.252,0.421,0.34,NORMAL,0,0,Windows,unspecified
22:50:58.665,107.194,0.2767,0.2594,0.268,0.4014,0.3333,NORMAL,0,0,Windows,unspecified
22:50:58.702,107.23,0.2767,0.2594,0.268,0.4012,0.3267,NORMAL,0,0,Windows,unspecified
22:50:58.733,107.262,0.2546,0.2659,0.2602,0.4122,0.32,NORMAL,0,0,Windows,unspecified
22:50:58.765,107.294,0.2493,0.2594,0.2543,0.4066,0.3133,NORMAL,0,0,Windows,unspecified
22:50:58.796,107.325,0.2493,0.2594,0.2543,0.3989,0.3067,NORMAL,0,0,Windows,unspecified
22:50:58.829,107.357,0.2659,0.2383,0.2521,0.4007,0.3,NORMAL,0,0,Windows,unspecified
22:50:58.858,107.387,0.2428,0.238,0.2404,0.4106,0.2933,NORMAL,0,0,Windows,unspecified
22:50:58.889,107.418,0.2727,0.2659,0.2693,0.4043,0.2867,NORMAL,0,0,Windows,unspecified
22:50:58.921,107.45,0.2792,0.2539,0.2665,0.4017,0.28,NORMAL,0,0,Windows,unspecified
22:50:58.954,107.482,0.2546,0.2484,0.2515,0.4185,0.2733,NORMAL,0,0,Windows,unspecified
22:50:58.985,107.513,0.2546,0.2491,0.2519,0.4185,0.2667,NORMAL,0,0,Windows,unspecified
22:50:59.018,107.547,0.2718,0.2659,0.2688,0.4098,0.26,NORMAL,0,0,Windows,unspecified
22:50:59.068,107.596,0.2951,0.2315,0.2633,0.4158,0.2533,NORMAL,0,0,Windows,unspecified
22:50:59.094,107.623,0.2717,0.2333,0.2525,0.4106,0.2467,NORMAL,0,0,Windows,unspecified
22:50:59.130,107.659,0.2717,0.2277,0.2497,0.3989,0.24,NORMAL,0,0,Windows,unspecified
22:50:59.157,107.686,0.2717,0.2215,0.2466,0.3989,0.2333,NORMAL,0,0,Windows,unspecified
22:50:59.188,107.716,0.2717,0.2429,0.2573,0.4058,0.2267,NORMAL,0,0,Windows,unspecified
22:50:59.220,107.748,0.2546,0.2594,0.257,0.4044,0.22,NORMAL,0,0,Windows,unspecified
22:50:59.252,107.781,0.2546,0.2445,0.2496,0.4044,0.2133,NORMAL,0,0,Windows,unspecified
22:50:59.282,107.81,0.2546,0.2594,0.257,0.4137,0.2067,NORMAL,0,0,Windows,unspecified
22:50:59.315,107.843,0.2792,0.2594,0.2693,0.4137,0.2,NORMAL,0,0,Windows,unspecified
22:50:59.344,107.873,0.255,0.238,0.2465,0.4137,0.1933,NORMAL,0,0,Windows,unspecified
22:50:59.375,107.904,0.2546,0.238,0.2463,0.4137,0.1867,NORMAL,0,0,Windows,unspecified
22:50:59.436,107.965,0.2546,0.2264,0.2405,0.4137,0.18,NORMAL,0,0,Windows,unspecified
22:50:59.468,107.997,0.2546,0.2493,0.252,0.4137,0.1733,NORMAL,0,0,Windows,unspecified
22:50:59.530,108.059,0.2294,0.2448,0.2371,0.4049,0.1667,NORMAL,0,0,Windows,unspecified
22:50:59.562,108.091,0.2512,0.2161,0.2337,0.4137,0.16,NORMAL,0,0,Windows,unspecified
22:50:59.592,108.121,0.2512,0.2096,0.2304,0.4102,0.1533,NORMAL,0,0,Windows,unspecified
22:50:59.625,108.154,0.2512,0.2096,0.2304,0.4102,0.1467,NORMAL,0,0,Windows,unspecified
22:50:59.655,108.184,0.2512,0.2096,0.2304,0.4044,0.14,NORMAL,0,0,Windows,unspecified
22:50:59.688,108.216,0.2512,0.2161,0.2337,0.4102,0.1333,NORMAL,0,0,Windows,unspecified
22:50:59.718,108.247,0.2512,0.2448,0.248,0.4022,0.1267,NORMAL,0,0,Windows,unspecified
22:50:59.747,108.276,0.2417,0.2445,0.2431,0.3913,0.12,NORMAL,0,0,Windows,unspecified
22:50:59.780,108.308,0.2417,0.2445,0.2431,0.3969,0.1133,NORMAL,0,0,Windows,unspecified
22:50:59.810,108.339,0.2485,0.2445,0.2465,0.3936,0.1067,NORMAL,0,0,Windows,unspecified
22:50:59.843,108.372,0.2485,0.238,0.2433,0.397,0.1,NORMAL,0,0,Windows,unspecified
22:50:59.875,108.403,0.2485,0.238,0.2433,0.4003,0.0933,NORMAL,0,0,Windows,unspecified
22:50:59.929,108.457,0.2537,0.238,0.2459,0.4155,0.0933,NORMAL,0,0,Windows,unspecified
22:50:59.952,108.481,0.2546,0.2315,0.2431,0.4155,0.0933,NORMAL,0,0,Windows,unspecified
22:50:59.983,108.512,0.2493,0.238,0.2437,0.4157,0.0933,NORMAL,0,0,Windows,unspecified
22:51:00.015,108.544,0.2618,0.238,0.2499,0.4083,0.0933,NORMAL,0,0,Windows,unspecified
22:51:00.045,108.574,0.2493,0.2493,0.2493,0.4103,0.0933,NORMAL,0,0,Windows,unspecified
22:51:00.076,108.604,0.2264,0.2493,0.2379,0.4044,0.0933,NORMAL,0,0,Windows,unspecified
22:51:00.107,108.636,0.2264,0.2493,0.2379,0.4103,0.0933,NORMAL,0,0,Windows,unspecified
22:51:00.135,108.664,0.2261,0.238,0.2321,0.4014,0.0933,NORMAL,0,0,Windows,unspecified
22:51:00.170,108.698,0.2493,0.2315,0.2404,0.4014,0.0933,NORMAL,0,0,Windows,unspecified
22:51:00.202,108.731,0.2493,0.2315,0.2404,0.4014,0.0933,NORMAL,0,0,Windows,unspecified
22:51:00.233,108.762,0.2546,0.238,0.2463,0.4185,0.0933,NORMAL,0,0,Windows,unspecified
22:51:00.266,108.794,0.2522,0.2493,0.2508,0.4163,0.0933,NORMAL,0,0,Windows,unspecified
22:51:00.345,108.874,0.2493,0.238,0.2437,0.4044,0.0933,NORMAL,0,0,Windows,unspecified
22:51:00.373,108.901,0.2425,0.2315,0.237,0.4247,0.0933,NORMAL,0,0,Windows,unspecified
22:51:00.406,108.935,0.2546,0.2315,0.2431,0.4247,0.0933,NORMAL,0,0,Windows,unspecified
22:51:00.438,108.967,0.2522,0.2315,0.2418,0.4157,0.0933,NORMAL,0,0,Windows,unspecified
22:51:00.466,108.995,0.2546,0.2276,0.2411,0.4106,0.0933,NORMAL,0,0,Windows,unspecified
22:51:00.499,109.027,0.2755,0.1961,0.2358,0.4106,0.0933,NORMAL,0,0,Windows,unspecified
22:51:00.530,109.059,0.2755,0.2193,0.2474,0.427,0.0933,NORMAL,0,0,Windows,unspecified
22:51:00.560,109.088,0.2546,0.2173,0.236,0.4158,0.0933,NORMAL,0,0,Windows,unspecified
22:51:00.593,109.122,0.2546,0.2094,0.232,0.4126,0.0933,NORMAL,0,0,Windows,unspecified
22:51:00.624,109.152,0.2546,0.2094,0.232,0.4126,0.0933,NORMAL,0,0,Windows,unspecified
22:51:00.653,109.182,0.2522,0.2094,0.2308,0.4011,0.0933,NORMAL,0,0,Windows,unspecified
22:51:00.688,109.217,0.2522,0.2094,0.2308,0.4011,0.0933,NORMAL,0,0,Windows,unspecified
22:51:00.746,109.274,0.2546,0.2159,0.2353,0.4011,0.0933,NORMAL,0,0,Windows,unspecified
22:51:00.779,109.308,0.2546,0.2159,0.2353,0.4156,0.0933,NORMAL,0,0,Windows,unspecified
22:51:00.812,109.341,0.2717,0.2261,0.2489,0.4156,0.0933,NORMAL,0,0,Windows,unspecified
22:51:00.840,109.369,0.2717,0.2261,0.2489,0.4091,0.0933,NORMAL,0,0,Windows,unspecified
22:51:00.873,109.402,0.2254,0.1872,0.2063,0.414,0.1,NORMAL,1,0,Windows,unspecified
22:51:00.905,109.434,0.2485,0.1951,0.2218,0.4149,0.1,NORMAL,0,0,Windows,unspecified
22:51:00.934,109.463,0.2493,0.1872,0.2183,0.403,0.1,NORMAL,0,0,Windows,unspecified
22:51:00.967,109.496,0.2044,0.1866,0.1955,0.4288,0.1067,NORMAL,1,0,Windows,unspecified
22:51:00.998,109.527,0.2031,0.1649,0.184,0.4136,0.1133,NORMAL,2,0,Windows,unspecified
22:51:01.030,109.559,0.1951,0.1537,0.1744,0.4136,0.12,NORMAL,3,0,Windows,unspecified
22:51:01.060,109.588,0.2044,0.1838,0.1941,0.4209,0.1267,NORMAL,4,0,Windows,unspecified
22:51:01.092,109.62,0.1872,0.1755,0.1813,0.3974,0.1333,NORMAL,5,0,Windows,unspecified
22:51:01.122,109.651,0.1866,0.1816,0.1841,0.3974,0.14,NORMAL,6,0,Windows,unspecified
22:51:01.152,109.681,0.1862,0.1838,0.185,0.3725,0.1467,NORMAL,7,0,Windows,unspecified
22:51:01.184,109.713,0.1566,0.1735,0.1651,0.3754,0.1533,NORMAL,8,0,Windows,unspecified
22:51:01.215,109.744,0.147,0.1818,0.1644,0.3558,0.16,NORMAL,9,0,Windows,unspecified
22:51:01.247,109.776,0.1352,0.1375,0.1364,0.3716,0.1667,WARNING,10,0,Windows,unspecified
22:51:01.278,109.807,0.1264,0.1471,0.1368,0.3743,0.1733,WARNING,11,0,Windows,unspecified
22:51:01.310,109.839,0.1354,0.1471,0.1412,0.3743,0.18,WARNING,12,0,Windows,unspecified
22:51:01.337,109.865,0.1504,0.1291,0.1397,0.3693,0.1867,WARNING,13,0,Windows,unspecified
22:51:01.370,109.898,0.1611,0.135,0.148,0.3606,0.1933,WARNING,14,0,Windows,unspecified
22:51:01.402,109.931,0.184,0.1348,0.1594,0.376,0.2,WARNING,15,0,Windows,unspecified
22:51:01.431,109.96,0.2496,0.199,0.2243,0.3652,0.2,NORMAL,0,0,Windows,unspecified
22:51:01.464,109.993,0.2264,0.2126,0.2195,0.3751,0.2,NORMAL,0,0,Windows,unspecified
22:51:01.495,110.023,0.2546,0.2126,0.2336,0.3751,0.2,NORMAL,0,0,Windows,unspecified
22:51:01.546,110.075,0.2161,0.2021,0.2091,0.3781,0.2,NORMAL,0,0,Windows,unspecified
22:51:01.573,110.102,0.2264,0.2051,0.2158,0.383,0.1933,NORMAL,0,0,Windows,unspecified
22:51:01.604,110.132,0.2264,0.1955,0.2109,0.373,0.1867,NORMAL,0,0,Windows,unspecified
22:51:01.640,110.169,0.1953,0.1649,0.1801,0.3834,0.1867,NORMAL,1,0,Windows,unspecified
22:51:01.668,110.197,0.1836,0.1649,0.1742,0.3942,0.1867,NORMAL,2,0,Windows,unspecified
22:51:01.696,110.225,0.1757,0.1649,0.1703,0.3988,0.1867,NORMAL,3,0,Windows,unspecified
22:51:01.738,110.266,0.1836,0.1582,0.1709,0.4,0.1867,NORMAL,4,0,Windows,unspecified
22:51:01.776,110.305,0.1757,0.1374,0.1565,0.3971,0.1867,NORMAL,5,0,Windows,unspecified
22:51:01.808,110.336,0.1836,0.1374,0.1605,0.3737,0.1867,NORMAL,6,0,Windows,unspecified
22:51:01.838,110.367,0.1836,0.1582,0.1709,0.3949,0.1867,NORMAL,7,0,Windows,unspecified
22:51:01.870,110.399,0.1836,0.1862,0.1849,0.3998,0.1933,NORMAL,8,0,Windows,unspecified
22:51:01.900,110.428,0.1836,0.1828,0.1832,0.3899,0.2,NORMAL,9,0,Windows,unspecified
22:51:01.948,110.476,0.1568,0.1526,0.1547,0.389,0.2067,WARNING,10,0,Windows,unspecified
22:51:01.980,110.508,0.0972,0.1614,0.1293,0.3853,0.2133,WARNING,11,0,Windows,unspecified
22:51:02.009,110.538,0.1101,0.1352,0.1227,0.3853,0.22,WARNING,12,0,Windows,unspecified
22:51:02.042,110.571,0.1065,0.1951,0.1508,0.4133,0.2267,WARNING,13,0,Windows,unspecified
22:51:02.072,110.6,0.1059,0.1793,0.1426,0.3978,0.2267,WARNING,14,0,Windows,unspecified
22:51:02.103,110.632,0.1065,0.1584,0.1324,0.4167,0.2333,WARNING,15,0,Windows,unspecified
22:51:02.135,110.664,0.1619,0.1963,0.1791,0.4318,0.2333,WARNING,16,0,Windows,unspecified
22:51:02.165,110.693,0.184,0.2196,0.2018,0.4383,0.2333,WARNING,17,0,Windows,unspecified
22:51:02.196,110.725,0.2135,0.2428,0.2281,0.444,0.2267,NORMAL,0,0,Windows,unspecified
22:51:02.231,110.76,0.2126,0.1951,0.2039,0.4434,0.2333,NORMAL,1,0,Windows,unspecified
22:51:02.261,110.79,0.2158,0.1963,0.2061,0.4541,0.24,NORMAL,2,0,Windows,unspecified
22:51:02.294,110.822,0.2126,0.1963,0.2045,0.4541,0.2467,NORMAL,3,0,Windows,unspecified
22:51:02.345,110.874,0.1649,0.141,0.1529,0.4042,0.2533,NORMAL,4,0,Windows,unspecified
22:51:02.369,110.898,0.1691,0.1409,0.155,0.3995,0.26,NORMAL,5,0,Windows,unspecified
22:51:02.401,110.929,0.1431,0.1409,0.142,0.3919,0.2667,NORMAL,6,0,Windows,unspecified
22:51:02.439,110.968,0.1466,0.1316,0.1391,0.3761,0.2667,NORMAL,7,0,Windows,unspecified
22:51:02.464,110.992,0.1431,0.1591,0.1511,0.3965,0.2733,NORMAL,8,0,Windows,unspecified
22:51:02.494,111.023,0.1649,0.161,0.163,0.3852,0.28,NORMAL,9,0,Windows,unspecified
22:51:02.541,111.07,0.1679,0.1591,0.1635,0.3819,0.2867,WARNING,10,0,Windows,unspecified
22:51:02.570,111.099,0.1828,0.1754,0.1791,0.3973,0.2933,WARNING,11,0,Windows,unspecified
22:51:02.603,111.132,0.1578,0.1756,0.1667,0.3973,0.3,WARNING,12,0,Windows,unspecified
22:51:02.651,111.18,0.1582,0.1584,0.1583,0.3875,0.3067,WARNING,13,0,Windows,unspecified
22:51:02.680,111.209,0.1654,0.1836,0.1745,0.3765,0.3133,WARNING,14,0,Windows,unspecified
22:51:02.712,111.241,0.1654,0.2033,0.1843,0.3794,0.32,WARNING,15,0,Windows,unspecified
22:51:02.744,111.273,0.1816,0.1932,0.1874,0.393,0.3267,WARNING,16,0,Windows,unspecified
22:51:02.775,111.304,0.2044,0.2026,0.2035,0.3904,0.3333,WARNING,17,0,Windows,unspecified
22:51:02.807,111.335,0.2146,0.1961,0.2054,0.3839,0.34,WARNING,18,0,Windows,unspecified
22:51:02.840,111.368,0.2621,0.2263,0.2442,0.3952,0.34,NORMAL,0,0,Windows,unspecified
22:51:02.870,111.399,0.2867,0.2537,0.2702,0.3991,0.34,NORMAL,0,0,Windows,unspecified
22:51:02.900,111.429,0.2795,0.2537,0.2666,0.3991,0.34,NORMAL,0,0,Windows,unspecified
22:51:02.936,111.465,0.2046,0.2537,0.2292,0.3972,0.34,NORMAL,0,0,Windows,unspecified
22:51:02.964,111.493,0.213,0.2537,0.2333,0.4009,0.34,NORMAL,0,0,Windows,unspecified
22:51:02.997,111.526,0.213,0.2537,0.2333,0.3985,0.34,NORMAL,0,0,Windows,unspecified
22:51:03.049,111.578,0.2033,0.2059,0.2046,0.4156,0.3467,NORMAL,1,0,Windows,unspecified
22:51:03.074,111.603,0.2031,0.1436,0.1733,0.4191,0.3533,DROWSY,2,0,Windows,unspecified
22:51:03.106,111.634,0.1951,0.137,0.1661,0.4011,0.36,DROWSY,3,0,Windows,unspecified
22:51:03.145,111.674,0.1756,0.1609,0.1682,0.3859,0.3667,DROWSY,4,0,Windows,unspecified
22:51:03.169,111.698,0.161,0.1578,0.1594,0.3862,0.3733,DROWSY,5,0,Windows,unspecified
22:51:03.200,111.729,0.1639,0.137,0.1504,0.3827,0.38,DROWSY,6,0,Windows,unspecified
22:51:03.240,111.768,0.2141,0.2065,0.2103,0.3921,0.38,DROWSY,0,0,Windows,unspecified
22:51:03.264,111.792,0.2065,0.1712,0.1889,0.3921,0.3867,DROWSY,1,0,Windows,unspecified
22:51:03.295,111.823,0.1867,0.1513,0.169,0.3921,0.3933,DROWSY,2,0,Windows,unspecified
22:51:03.336,111.865,0.1716,0.1354,0.1535,0.3881,0.4,DROWSY,3,0,Windows,unspecified
22:51:03.358,111.887,0.1828,0.141,0.1619,0.3894,0.4067,DROWSY,4,0,Windows,unspecified
22:51:03.389,111.917,0.1937,0.141,0.1674,0.3988,0.4133,DROWSY,5,0,Windows,unspecified
22:51:03.449,111.978,0.1944,0.1981,0.1963,0.4045,0.42,DROWSY,6,0,Windows,unspecified
22:51:03.482,112.01,0.2008,0.224,0.2124,0.4222,0.42,DROWSY,0,0,Windows,unspecified
22:51:03.512,112.04,0.2039,0.224,0.214,0.4228,0.42,DROWSY,0,0,Windows,unspecified
22:51:03.544,112.073,0.2451,0.2872,0.2662,0.4064,0.42,DROWSY,0,0,Windows,unspecified
22:51:03.575,112.104,0.2951,0.2739,0.2845,0.4278,0.42,DROWSY,0,0,Windows,unspecified
22:51:03.608,112.136,0.2799,0.2863,0.2831,0.418,0.42,DROWSY,0,0,Windows,unspecified
22:51:03.641,112.169,0.2931,0.2962,0.2946,0.3987,0.42,DROWSY,0,0,Windows,unspecified
22:51:03.668,112.196,0.2779,0.2875,0.2827,0.4022,0.42,DROWSY,0,0,Windows,unspecified
22:51:03.703,112.231,0.2931,0.2875,0.2903,0.4015,0.42,DROWSY,0,0,Windows,unspecified
22:51:03.738,112.266,0.2826,0.2747,0.2787,0.4003,0.42,DROWSY,0,0,Windows,unspecified
22:51:03.762,112.291,0.2362,0.2659,0.251,0.4097,0.42,DROWSY,0,0,Windows,unspecified
22:51:03.793,112.322,0.259,0.2546,0.2568,0.4097,0.42,DROWSY,0,0,Windows,unspecified
22:51:03.848,112.377,0.2145,0.2279,0.2212,0.384,0.42,DROWSY,0,0,Windows,unspecified
22:51:03.872,112.401,0.2166,0.2143,0.2155,0.3858,0.42,DROWSY,0,0,Windows,unspecified
22:51:03.904,112.432,0.2184,0.1869,0.2026,0.3832,0.4267,DROWSY,1,0,Windows,unspecified
22:51:03.944,112.473,0.2174,0.2238,0.2206,0.3836,0.4267,DROWSY,0,0,Windows,unspecified
22:51:03.979,112.508,0.2174,0.2238,0.2206,0.3866,0.4267,DROWSY,0,0,Windows,unspecified
22:51:04.011,112.539,0.2241,0.2141,0.2191,0.3866,0.4267,DROWSY,0,0,Windows,unspecified
22:51:04.039,112.568,0.2141,0.2065,0.2103,0.3899,0.4267,DROWSY,0,0,Windows,unspecified
22:51:04.075,112.604,0.2373,0.2079,0.2226,0.3899,0.4267,DROWSY,0,0,Windows,unspecified
22:51:04.105,112.634,0.1945,0.1754,0.185,0.3754,0.4333,DROWSY,1,0,Windows,unspecified
22:51:04.137,112.666,0.2146,0.1791,0.1969,0.4224,0.44,DROWSY,2,0,Windows,unspecified
22:51:04.170,112.698,0.2377,0.1649,0.2013,0.4172,0.4467,DROWSY,3,0,Windows,unspecified
22:51:04.202,112.731,0.2149,0.1778,0.1963,0.4248,0.4533,DROWSY,4,0,Windows,unspecified
22:51:04.248,112.777,0.3098,0.2477,0.2788,0.4245,0.4533,DROWSY,0,0,Windows,unspecified
22:51:04.278,112.806,0.3038,0.2477,0.2757,0.4327,0.4533,DROWSY,0,0,Windows,unspecified
22:51:04.307,112.835,0.3098,0.2518,0.2808,0.4295,0.4533,DROWSY,0,0,Windows,unspecified
22:51:04.344,112.872,0.2834,0.2571,0.2703,0.4384,0.4533,DROWSY,0,0,Windows,unspecified
22:51:04.371,112.9,0.2755,0.2826,0.2791,0.4457,0.4533,DROWSY,0,0,Windows,unspecified
22:51:04.403,112.932,0.2939,0.2702,0.282,0.4453,0.4533,DROWSY,0,0,Windows,unspecified
22:51:04.443,112.971,0.2138,0.1831,0.1985,0.4389,0.46,DROWSY,1,0,Windows,unspecified
22:51:04.481,113.009,0.1899,0.1759,0.1829,0.4179,0.4667,DROWSY,2,0,Windows,unspecified
22:51:04.514,113.042,0.1899,0.1543,0.1721,0.4433,0.4733,DROWSY,3,0,Windows,unspecified
22:51:04.545,113.074,0.1499,0.1335,0.1417,0.3942,0.48,DROWSY,4,0,Windows,unspecified
22:51:04.575,113.104,0.1064,0.0882,0.0973,0.4083,0.4867,DROWSY,5,0,Windows,unspecified
22:51:04.607,113.136,0.1284,0.0882,0.1083,0.3995,0.4933,DROWSY,6,0,Windows,unspecified
22:51:04.650,113.178,0.1064,0.1399,0.1231,0.4026,0.5,DROWSY,7,0,Windows,unspecified
22:51:04.688,113.217,0.1227,0.1172,0.1199,0.413,0.5067,DROWSY,8,0,Windows,unspecified
22:51:04.715,113.244,0.1226,0.0962,0.1094,0.4056,0.5133,DROWSY,9,0,Windows,unspecified
22:51:04.750,113.279,0.1467,0.1284,0.1376,0.414,0.52,DROWSY,10,0,Windows,unspecified
22:51:04.781,113.309,0.1581,0.1284,0.1433,0.3933,0.5267,DROWSY,11,0,Windows,unspecified
22:51:04.812,113.341,0.1506,0.1015,0.1261,0.3933,0.5333,DROWSY,12,0,Windows,unspecified
22:51:04.840,113.369,0.1289,0.1819,0.1554,0.3953,0.54,DROWSY,13,0,Windows,unspecified
22:51:04.874,113.402,0.1539,0.1733,0.1636,0.4183,0.5467,DROWSY,14,0,Windows,unspecified
22:51:04.904,113.433,0.1539,0.1733,0.1636,0.4126,0.5533,DROWSY,15,0,Windows,unspecified
22:51:04.953,113.482,0.1577,0.1579,0.1578,0.4163,0.56,DROWSY,16,0,Windows,unspecified
22:51:04.981,113.509,0.1357,0.1348,0.1352,0.4018,0.5667,DROWSY,17,0,Windows,unspecified
22:51:05.010,113.538,0.1533,0.1348,0.144,0.4109,0.5733,DROWSY,18,0,Windows,unspecified
22:51:05.047,113.576,0.2028,0.1906,0.1967,0.4018,0.58,DROWSY,19,0,Windows,unspecified
22:51:05.072,113.601,0.2059,0.2044,0.2052,0.4052,0.5867,DROWSY,20,0,Windows,unspecified
22:51:05.103,113.632,0.2059,0.1961,0.201,0.4011,0.5933,DROWSY,21,0,Windows,unspecified
22:51:05.145,113.673,0.2059,0.2051,0.2055,0.4049,0.6,DROWSY,22,0,Windows,unspecified
22:51:05.175,113.703,0.2167,0.2138,0.2153,0.4072,0.6,DROWSY,0,0,Windows,unspecified
22:51:05.198,113.727,0.2167,0.2365,0.2266,0.4072,0.6,DROWSY,0,0,Windows,unspecified
22:51:05.241,113.77,0.2028,0.2259,0.2144,0.4292,0.6,DROWSY,0,0,Windows,unspecified
22:51:05.276,113.805,0.2028,0.2146,0.2087,0.42,0.6,DROWSY,0,0,Windows,unspecified
22:51:05.306,113.835,0.2028,0.2146,0.2087,0.4173,0.6,DROWSY,0,0,Windows,unspecified
22:51:05.351,113.879,0.2135,0.2059,0.2097,0.4166,0.6,DROWSY,0,0,Windows,unspecified
22:51:05.384,113.912,0.1779,0.1816,0.1797,0.4099,0.6067,DROWSY,1,0,Windows,unspecified
22:51:05.416,113.945,0.1872,0.1816,0.1844,0.3898,0.6133,DROWSY,2,0,Windows,unspecified
22:51:05.450,113.979,0.1915,0.1819,0.1867,0.429,0.62,DROWSY,3,0,Windows,unspecified
22:51:05.479,114.007,0.1915,0.169,0.1802,0.4318,0.6267,DROWSY,4,0,Windows,unspecified
22:51:05.507,114.036,0.184,0.1571,0.1705,0.4174,0.6333,DROWSY,5,0,Windows,unspecified
22:51:05.543,114.072,0.1915,0.1579,0.1747,0.4279,0.64,DROWSY,6,0,Windows,unspecified
22:51:05.571,114.1,0.2167,0.1579,0.1873,0.4231,0.6467,DROWSY,7,0,Windows,unspecified
22:51:05.604,114.133,0.2138,0.1579,0.1858,0.4279,0.6533,DROWSY,8,0,Windows,unspecified
22:51:05.641,114.17,0.2021,0.1875,0.1948,0.4169,0.66,DROWSY,9,0,Windows,unspecified
22:51:05.666,114.195,0.1872,0.1285,0.1579,0.4135,0.6667,DROWSY,10,0,Windows,unspecified
22:51:05.697,114.225,0.1875,0.1285,0.158,0.4173,0.6733,DROWSY,11,0,Windows,unspecified
22:51:05.752,114.28,0.2138,0.1819,0.1978,0.4173,0.68,DROWSY,12,0,Windows,unspecified
22:51:05.775,114.304,0.217,0.1733,0.1951,0.4173,0.6867,DROWSY,13,0,Windows,unspecified
22:51:05.807,114.336,0.2291,0.1961,0.2126,0.4253,0.6867,DROWSY,0,0,Windows,unspecified
22:51:05.848,114.377,0.217,0.1819,0.1995,0.4235,0.6867,DROWSY,1,0,Windows,unspecified
22:51:05.881,114.41,0.2167,0.1872,0.2019,0.4263,0.6933,DROWSY,2,0,Windows,unspecified
22:51:05.916,114.444,0.1872,0.1875,0.1873,0.4315,0.7,DROWSY,3,0,Windows,unspecified
22:51:05.946,114.475,0.2135,0.1821,0.1978,0.4291,0.7,DROWSY,4,0,Windows,unspecified
22:51:05.978,114.506,0.2287,0.1842,0.2065,0.4325,0.7,DROWSY,5,0,Windows,unspecified
22:51:06.008,114.536,0.2021,0.2394,0.2208,0.4415,0.6933,DROWSY,0,0,Windows,unspecified
22:51:06.042,114.571,0.1915,0.2365,0.214,0.4133,0.6867,DROWSY,0,0,Windows,unspecified
22:51:06.073,114.602,0.2021,0.2059,0.204,0.4084,0.6867,DROWSY,1,0,Windows,unspecified
22:51:06.104,114.632,0.1872,0.2102,0.1987,0.4173,0.6867,DROWSY,2,0,Windows,unspecified
22:51:06.153,114.682,0.2021,0.2102,0.2061,0.4025,0.6867,DROWSY,3,0,Windows,unspecified
22:51:06.182,114.711,0.1915,0.2059,0.1987,0.4022,0.6867,DROWSY,4,0,Windows,unspecified
22:51:06.213,114.741,0.1915,0.2059,0.1987,0.4022,0.6867,DROWSY,5,0,Windows,unspecified
22:51:06.250,114.778,0.1915,0.2059,0.1987,0.4173,0.6867,DROWSY,6,0,Windows,unspecified
22:51:06.274,114.803,0.1872,0.2062,0.1967,0.4173,0.6867,DROWSY,7,0,Windows,unspecified
22:51:06.305,114.833,0.1915,0.1821,0.1868,0.4084,0.6867,DROWSY,8,0,Windows,unspecified
22:51:06.343,114.872,0.1872,0.2062,0.1967,0.3941,0.6867,DROWSY,9,0,Windows,unspecified
22:51:06.367,114.896,0.1915,0.2138,0.2026,0.4035,0.6867,DROWSY,10,0,Windows,unspecified
22:51:06.398,114.927,0.1819,0.2138,0.1978,0.389,0.6867,DROWSY,11,0,Windows,unspecified
22:51:06.443,114.971,0.2138,0.2427,0.2282,0.3941,0.6867,DROWSY,0,0,Windows,unspecified
22:51:06.478,115.007,0.2138,0.2303,0.222,0.3971,0.6867,DROWSY,0,0,Windows,unspecified
22:51:06.509,115.038,0.2394,0.2303,0.2349,0.3896,0.6867,DROWSY,0,0,Windows,unspecified
22:51:06.551,115.08,0.255,0.2522,0.2536,0.4155,0.6867,DROWSY,0,0,Windows,unspecified
22:51:06.574,115.102,0.2767,0.2771,0.2769,0.3993,0.6867,DROWSY,0,0,Windows,unspecified
22:51:06.605,115.134,0.2771,0.2771,0.2771,0.401,0.6867,DROWSY,0,0,Windows,unspecified
22:51:06.648,115.177,0.2771,0.3017,0.2894,0.4066,0.68,DROWSY,0,0,Windows,unspecified
22:51:06.683,115.212,0.3021,0.3038,0.3029,0.4222,0.6733,DROWSY,0,0,Windows,unspecified
22:51:06.712,115.24,0.3021,0.3026,0.3023,0.4297,0.6667,DROWSY,0,0,Windows,unspecified
22:51:06.750,115.279,0.3128,0.3352,0.324,0.4084,0.66,DROWSY,0,0,Windows,unspecified
22:51:06.778,115.306,0.3109,0.3346,0.3228,0.3992,0.6533,DROWSY,0,0,Windows,unspecified
22:51:06.806,115.335,0.3128,0.3111,0.312,0.4012,0.6467,DROWSY,0,0,Windows,unspecified
22:51:06.842,115.371,0.3599,0.2839,0.3219,0.3959,0.64,DROWSY,0,0,Windows,unspecified
22:51:06.867,115.396,0.3599,0.3425,0.3512,0.404,0.6333,DROWSY,0,0,Windows,unspecified
22:51:06.899,115.427,0.3352,0.3425,0.3389,0.3931,0.6267,DROWSY,0,0,Windows,unspecified
22:51:06.954,115.482,0.3363,0.3025,0.3194,0.406,0.62,DROWSY,0,0,Windows,unspecified
22:51:06.994,115.523,0.3158,0.2977,0.3068,0.4004,0.6133,DROWSY,0,0,Windows,unspecified
22:51:07.026,115.554,0.3128,0.3201,0.3165,0.4127,0.6067,DROWSY,0,0,Windows,unspecified
22:51:07.054,115.583,0.3417,0.3201,0.3309,0.4166,0.6,DROWSY,0,0,Windows,unspecified
22:51:07.086,115.614,0.3284,0.3185,0.3235,0.4113,0.5933,DROWSY,0,0,Windows,unspecified
22:51:07.116,115.645,0.3284,0.3185,0.3235,0.4113,0.5867,DROWSY,0,0,Windows,unspecified
22:51:07.143,115.672,0.3239,0.3031,0.3135,0.4243,0.58,DROWSY,0,0,Windows,unspecified
22:51:07.178,115.707,0.3363,0.2831,0.3097,0.4161,0.5733,DROWSY,0,0,Windows,unspecified
22:51:07.209,115.738,0.3363,0.3047,0.3205,0.4113,0.5733,DROWSY,0,0,Windows,unspecified
22:51:07.257,115.786,0.2852,0.265,0.2751,0.3908,0.5667,DROWSY,0,0,Windows,unspecified
22:51:07.287,115.816,0.2493,0.2402,0.2448,0.3881,0.56,DROWSY,0,0,Windows,unspecified
22:51:07.318,115.846,0.2493,0.2425,0.2459,0.3781,0.5533,DROWSY,0,0,Windows,unspecified
22:51:07.352,115.881,0.2096,0.2546,0.2321,0.3888,0.5467,DROWSY,0,0,Windows,unspecified
22:51:07.380,115.908,0.2096,0.2254,0.2175,0.374,0.54,DROWSY,0,0,Windows,unspecified
22:51:07.413,115.942,0.1953,0.2186,0.207,0.374,0.54,DROWSY,1,0,Windows,unspecified
22:51:07.447,115.976,0.224,0.2094,0.2167,0.3611,0.5333,DROWSY,0,0,Windows,unspecified
22:51:07.473,116.001,0.1872,0.2158,0.2015,0.3613,0.5333,DROWSY,1,0,Windows,unspecified
22:51:07.504,116.033,0.1436,0.2126,0.1781,0.3613,0.5333,DROWSY,2,0,Windows,unspecified
22:51:07.545,116.074,0.2193,0.2209,0.2201,0.3527,0.5267,DROWSY,0,0,Windows,unspecified
22:51:07.570,116.099,0.2193,0.2094,0.2143,0.3718,0.52,DROWSY,0,0,Windows,unspecified
22:51:07.597,116.126,0.2193,0.2094,0.2143,0.3747,0.5133,DROWSY,0,0,Windows,unspecified
22:51:07.655,116.184,0.2159,0.2339,0.2249,0.3718,0.5067,DROWSY,0,0,Windows,unspecified
22:51:07.676,116.205,0.2159,0.2094,0.2126,0.3718,0.5,DROWSY,0,0,Windows,unspecified
22:51:07.709,116.238,0.2383,0.2355,0.2369,0.3718,0.4933,DROWSY,0,0,Windows,unspecified
22:51:07.754,116.283,0.2405,0.2381,0.2393,0.3751,0.4867,DROWSY,0,0,Windows,unspecified
22:51:07.786,116.315,0.2383,0.2355,0.2369,0.3917,0.48,DROWSY,0,0,Windows,unspecified
22:51:07.818,116.347,0.2596,0.2414,0.2505,0.387,0.4733,DROWSY,0,0,Windows,unspecified
22:51:07.848,116.377,0.2462,0.2512,0.2487,0.3725,0.4733,DROWSY,0,0,Windows,unspecified
22:51:07.882,116.411,0.2481,0.2126,0.2303,0.3679,0.4733,DROWSY,0,0,Windows,unspecified
22:51:07.912,116.44,0.2277,0.2381,0.2329,0.3572,0.4733,DROWSY,0,0,Windows,unspecified
22:51:07.945,116.474,0.2277,0.2381,0.2329,0.358,0.4733,DROWSY,0,0,Windows,unspecified
22:51:07.973,116.502,0.2318,0.1533,0.1925,0.3834,0.48,DROWSY,1,0,Windows,unspecified
22:51:08.004,116.533,0.2428,0.1533,0.1981,0.3821,0.4867,DROWSY,2,0,Windows,unspecified
22:51:08.058,116.587,0.2066,0.1579,0.1822,0.3734,0.4867,DROWSY,3,0,Windows,unspecified
22:51:08.082,116.61,0.2094,0.1579,0.1836,0.3791,0.4867,DROWSY,4,0,Windows,unspecified
22:51:08.115,116.644,0.1976,0.1812,0.1894,0.3899,0.4867,DROWSY,5,0,Windows,unspecified
22:51:08.152,116.68,0.1501,0.1015,0.1258,0.385,0.4867,DROWSY,6,0,Windows,unspecified
22:51:08.177,116.705,0.1437,0.1064,0.125,0.3966,0.4867,DROWSY,7,0,Windows,unspecified
22:51:08.208,116.736,0.1172,0.1015,0.1094,0.3936,0.4867,DROWSY,8,0,Windows,unspecified
22:51:08.249,116.778,0.1537,0.1015,0.1276,0.3825,0.4933,DROWSY,9,0,Windows,unspecified
22:51:08.285,116.814,0.1538,0.1226,0.1382,0.3912,0.4933,DROWSY,10,0,Windows,unspecified
22:51:08.317,116.845,0.1757,0.1227,0.1492,0.3829,0.4933,DROWSY,11,0,Windows,unspecified
22:51:08.344,116.873,0.2044,0.1818,0.1931,0.3937,0.4933,DROWSY,12,0,Windows,unspecified
22:51:08.377,116.906,0.2276,0.1874,0.2075,0.4203,0.4933,DROWSY,13,0,Windows,unspecified
22:51:08.407,116.936,0.2276,0.1874,0.2075,0.4203,0.4933,DROWSY,14,0,Windows,unspecified
22:51:08.462,116.991,0.2546,0.2094,0.232,0.4073,0.4867,DROWSY,0,0,Windows,unspecified
22:51:08.501,117.03,0.2546,0.2315,0.2431,0.3986,0.4867,DROWSY,0,0,Windows,unspecified
22:51:08.534,117.063,0.2522,0.2318,0.242,0.406,0.4867,DROWSY,0,0,Windows,unspecified
22:51:08.566,117.094,0.2402,0.2318,0.236,0.4035,0.4867,DROWSY,0,0,Windows,unspecified
22:51:08.596,117.124,0.2522,0.2383,0.2452,0.3931,0.4867,DROWSY,0,0,Windows,unspecified
22:51:08.627,117.156,0.2402,0.2383,0.2392,0.3931,0.4867,DROWSY,0,0,Windows,unspecified
22:51:08.658,117.187,0.255,0.2318,0.2434,0.4144,0.4867,DROWSY,0,0,Windows,unspecified
22:51:08.691,117.22,0.2525,0.2217,0.2371,0.4038,0.4867,DROWSY,0,0,Windows,unspecified
22:51:08.721,117.25,0.255,0.2217,0.2383,0.4076,0.4867,DROWSY,0,0,Windows,unspecified
22:51:08.753,117.282,0.2428,0.238,0.2404,0.4004,0.4867,DROWSY,0,0,Windows,unspecified
22:51:08.782,117.311,0.273,0.2339,0.2535,0.3977,0.4867,DROWSY,0,0,Windows,unspecified
22:51:08.814,117.343,0.273,0.2215,0.2473,0.3977,0.4867,DROWSY,0,0,Windows,unspecified
22:51:08.855,117.384,0.2659,0.2594,0.2626,0.3977,0.4867,DROWSY,0,0,Windows,unspecified
22:51:08.875,117.403,0.2659,0.2594,0.2626,0.3977,0.4867,DROWSY,0,0,Windows,unspecified
22:51:08.907,117.435,0.2893,0.238,0.2637,0.3977,0.48,DROWSY,0,0,Windows,unspecified
22:51:08.950,117.479,0.2792,0.2539,0.2665,0.3977,0.48,DROWSY,0,0,Windows,unspecified
22:51:08.984,117.513,0.2792,0.2539,0.2665,0.3977,0.48,DROWSY,0,0,Windows,unspecified
22:51:09.015,117.544,0.2792,0.2539,0.2665,0.4033,0.48,DROWSY,0,0,Windows,unspecified
22:51:09.050,117.579,0.3038,0.2594,0.2816,0.409,0.48,DROWSY,0,0,Windows,unspecified
22:51:09.079,117.607,0.2874,0.2539,0.2706,0.403,0.48,DROWSY,0,0,Windows,unspecified
22:51:09.109,117.637,0.2951,0.2481,0.2716,0.403,0.4733,DROWSY,0,0,Windows,unspecified
22:51:09.145,117.674,0.2951,0.238,0.2666,0.4022,0.4667,DROWSY,0,0,Windows,unspecified
22:51:09.172,117.701,0.2659,0.2448,0.2554,0.399,0.46,DROWSY,0,0,Windows,unspecified
22:51:09.203,117.732,0.2539,0.2318,0.2428,0.3948,0.4533,DROWSY,0,0,Windows,unspecified
22:51:09.257,117.786,0.2717,0.2383,0.255,0.417,0.4533,DROWSY,0,0,Windows,unspecified
22:51:09.284,117.812,0.2762,0.2539,0.265,0.4144,0.4533,DROWSY,0,0,Windows,unspecified
22:51:09.314,117.842,0.2762,0.2429,0.2595,0.4198,0.4533,DROWSY,0,0,Windows,unspecified
22:51:09.356,117.885,0.265,0.2539,0.2595,0.4364,0.4533,DROWSY,0,0,Windows,unspecified
22:51:09.392,117.921,0.2485,0.2604,0.2544,0.4445,0.4533,DROWSY,0,0,Windows,unspecified
22:51:09.423,117.951,0.2485,0.2727,0.2606,0.4445,0.4533,DROWSY,0,0,Windows,unspecified
22:51:09.454,117.982,0.265,0.2539,0.2595,0.4706,0.4467,DROWSY,0,0,Windows,unspecified
22:51:09.485,118.014,0.2782,0.2539,0.266,0.4633,0.44,DROWSY,0,0,Windows,unspecified
22:51:09.518,118.046,0.2757,0.2659,0.2708,0.4633,0.4333,DROWSY,0,0,Windows,unspecified
22:51:09.562,118.091,0.2627,0.2659,0.2643,0.4607,0.4267,DROWSY,0,0,Windows,unspecified
22:51:09.595,118.124,0.265,0.238,0.2515,0.4605,0.42,DROWSY,0,0,Windows,unspecified
22:51:09.627,118.156,0.2708,0.2539,0.2623,0.453,0.4133,DROWSY,0,0,Windows,unspecified
22:51:09.654,118.183,0.2884,0.2539,0.2711,0.4532,0.4067,DROWSY,0,0,Windows,unspecified
22:51:09.689,118.217,0.2893,0.2762,0.2828,0.4736,0.4,DROWSY,0,0,Windows,unspecified
22:51:09.723,118.252,0.2762,0.2539,0.265,0.4803,0.3933,DROWSY,0,0,Windows,unspecified
22:51:09.752,118.281,0.2977,0.2762,0.287,0.4604,0.3867,DROWSY,0,0,Windows,unspecified
22:51:09.782,118.31,0.2893,0.2539,0.2716,0.4684,0.38,DROWSY,0,0,Windows,unspecified
22:51:09.814,118.343,0.2893,0.2308,0.2601,0.4631,0.3733,DROWSY,0,0,Windows,unspecified
22:51:09.849,118.378,0.2417,0.2539,0.2478,0.4629,0.3667,DROWSY,0,0,Windows,unspecified
22:51:09.876,118.405,0.2884,0.2315,0.2599,0.4687,0.36,DROWSY,0,0,Windows,unspecified
22:51:09.908,118.437,0.2884,0.2539,0.2711,0.4716,0.3533,DROWSY,0,0,Windows,unspecified
22:51:09.961,118.49,0.2754,0.2594,0.2674,0.4463,0.3467,NORMAL,0,0,Windows,unspecified
22:51:09.985,118.514,0.279,0.2659,0.2724,0.4515,0.34,NORMAL,0,0,Windows,unspecified
22:51:10.017,118.545,0.2754,0.2445,0.2599,0.4515,0.3333,NORMAL,0,0,Windows,unspecified
22:51:10.058,118.586,0.2417,0.2209,0.2313,0.4457,0.3267,NORMAL,0,0,Windows,unspecified
22:51:10.092,118.621,0.2884,0.2315,0.2599,0.4424,0.32,NORMAL,0,0,Windows,unspecified
22:51:10.125,118.654,0.2884,0.2539,0.2711,0.4555,0.3133,NORMAL,0,0,Windows,unspecified
22:51:10.152,118.68,0.2659,0.238,0.252,0.455,0.3067,NORMAL,0,0,Windows,unspecified
22:51:10.187,118.715,0.265,0.2445,0.2548,0.455,0.3067,NORMAL,0,0,Windows,unspecified
22:51:10.219,118.748,0.2718,0.238,0.2549,0.455,0.3067,NORMAL,0,0,Windows,unspecified
22:51:10.247,118.776,0.2659,0.2594,0.2626,0.4261,0.3067,NORMAL,0,0,Windows,unspecified
22:51:10.280,118.808,0.2659,0.2429,0.2544,0.4387,0.3067,NORMAL,0,0,Windows,unspecified
22:51:10.311,118.839,0.2659,0.2215,0.2437,0.4397,0.3067,NORMAL,0,0,Windows,unspecified
22:51:10.361,118.889,0.265,0.2315,0.2483,0.4482,0.3067,NORMAL,0,0,Windows,unspecified
22:51:10.389,118.918,0.2808,0.2315,0.2562,0.4482,0.3,NORMAL,0,0,Windows,unspecified
22:51:10.423,118.951,0.2808,0.238,0.2594,0.4482,0.2933,NORMAL,0,0,Windows,unspecified
22:51:10.455,118.984,0.2941,0.2308,0.2625,0.4558,0.2867,NORMAL,0,0,Windows,unspecified
22:51:10.486,119.014,0.2718,0.2373,0.2546,0.4432,0.28,NORMAL,0,0,Windows,unspecified
22:51:10.519,119.048,0.2718,0.2373,0.2546,0.4432,0.2733,NORMAL,0,0,Windows,unspecified
22:51:10.553,119.082,0.265,0.2209,0.2429,0.463,0.2667,NORMAL,0,0,Windows,unspecified
22:51:10.580,119.109,0.2596,0.2308,0.2452,0.4505,0.26,NORMAL,0,0,Windows,unspecified
22:51:10.613,119.142,0.265,0.2373,0.2512,0.4551,0.2533,NORMAL,0,0,Windows,unspecified
22:51:10.648,119.177,0.2417,0.2539,0.2478,0.4455,0.2467,NORMAL,0,0,Windows,unspecified
22:51:10.675,119.203,0.2553,0.2594,0.2573,0.4488,0.24,NORMAL,0,0,Windows,unspecified
22:51:10.706,119.234,0.2438,0.2481,0.2459,0.4373,0.2333,NORMAL,0,0,Windows,unspecified
22:51:10.761,119.29,0.2485,0.2159,0.2322,0.4531,0.2267,NORMAL,0,0,Windows,unspecified
22:51:10.783,119.312,0.2445,0.2315,0.238,0.453,0.22,NORMAL,0,0,Windows,unspecified
22:51:10.814,119.342,0.2315,0.238,0.2348,0.453,0.22,NORMAL,0,0,Windows,unspecified
22:51:10.855,119.383,0.239,0.1951,0.2171,0.485,0.2133,NORMAL,0,0,Windows,unspecified
22:51:10.876,119.405,0.2425,0.2159,0.2292,0.4775,0.2067,NORMAL,0,0,Windows,unspecified
22:51:10.908,119.437,0.2425,0.2445,0.2435,0.4776,0.2,NORMAL,0,0,Windows,unspecified
22:51:10.952,119.481,0.2493,0.2005,0.2249,0.485,0.1933,NORMAL,0,0,Windows,unspecified
22:51:10.985,119.514,0.2717,0.2005,0.2361,0.4782,0.1867,NORMAL,0,0,Windows,unspecified
22:51:11.016,119.545,0.2717,0.2217,0.2467,0.4896,0.1867,NORMAL,0,0,Windows,unspecified
22:51:11.050,119.578,0.2717,0.2315,0.2516,0.4845,0.1867,NORMAL,0,0,Windows,unspecified
22:51:11.079,119.608,0.2425,0.2173,0.2299,0.4906,0.18,NORMAL,0,0,Windows,unspecified
22:51:11.111,119.64,0.2425,0.2151,0.2288,0.4888,0.1733,NORMAL,0,0,Windows,unspecified
22:51:11.160,119.689,0.2425,0.2215,0.232,0.4898,0.1667,NORMAL,0,0,Windows,unspecified
22:51:11.189,119.718,0.2425,0.2215,0.232,0.4929,0.16,NORMAL,0,0,Windows,unspecified
22:51:11.220,119.748,0.2425,0.2215,0.232,0.4929,0.1533,NORMAL,0,0,Windows,unspecified
22:51:11.255,119.784,0.2493,0.2003,0.2248,0.4857,0.1467,NORMAL,0,0,Windows,unspecified
22:51:11.283,119.811,0.238,0.2003,0.2192,0.4931,0.14,NORMAL,0,0,Windows,unspecified
22:51:11.314,119.843,0.238,0.2003,0.2192,0.4835,0.1333,NORMAL,0,0,Windows,unspecified
22:51:11.354,119.882,0.2238,0.1791,0.2014,0.4964,0.1333,NORMAL,1,0,Windows,unspecified
22:51:11.394,119.923,0.2152,0.1791,0.1972,0.5104,0.1333,NORMAL,2,0,Windows,unspecified
22:51:11.424,119.953,0.2152,0.2003,0.2078,0.5104,0.1333,NORMAL,3,0,Windows,unspecified
22:51:11.464,119.992,0.2193,0.2005,0.2099,0.4796,0.1333,NORMAL,0,0,Windows,unspecified
22:51:11.505,120.033,0.2193,0.2005,0.2099,0.4798,0.1333,NORMAL,0,0,Windows,unspecified
22:51:11.535,120.064,0.2094,0.2067,0.208,0.4921,0.1333,NORMAL,0,0,Windows,unspecified
22:51:11.566,120.095,0.2159,0.1793,0.1976,0.4914,0.14,NORMAL,1,0,Windows,unspecified
22:51:11.597,120.126,0.2193,0.1793,0.1993,0.4896,0.1467,NORMAL,2,0,Windows,unspecified
22:51:11.628,120.156,0.2193,0.1793,0.1993,0.4946,0.1533,NORMAL,3,0,Windows,unspecified
22:51:11.655,120.184,0.238,0.1867,0.2124,0.4797,0.1533,NORMAL,0,0,Windows,unspecified
22:51:11.689,120.217,0.2425,0.1867,0.2146,0.4878,0.1533,NORMAL,0,0,Windows,unspecified
22:51:11.722,120.251,0.2425,0.1872,0.2149,0.4878,0.1533,NORMAL,0,0,Windows,unspecified
22:51:11.752,120.281,0.2293,0.2003,0.2148,0.4826,0.1533,NORMAL,0,0,Windows,unspecified
22:51:11.785,120.313,0.2493,0.2094,0.2294,0.4801,0.1533,NORMAL,0,0,Windows,unspecified
22:51:11.816,120.344,0.2493,0.2096,0.2295,0.4761,0.1533,NORMAL,0,0,Windows,unspecified
22:51:11.867,120.396,0.2261,0.2096,0.2179,0.4933,0.1533,NORMAL,0,0,Windows,unspecified
22:51:11.892,120.42,0.2254,0.2094,0.2174,0.5054,0.1533,NORMAL,0,0,Windows,unspecified
22:51:11.925,120.453,0.2485,0.2003,0.2244,0.5123,0.1533,NORMAL,0,0,Windows,unspecified
22:51:11.963,120.492,0.2485,0.2094,0.2289,0.5082,0.1533,NORMAL,0,0,Windows,unspecified
22:51:11.986,120.514,0.2254,0.2151,0.2202,0.515,0.1533,NORMAL,0,0,Windows,unspecified
22:51:12.018,120.546,0.2254,0.2079,0.2166,0.515,0.1533,NORMAL,0,0,Windows,unspecified
22:51:12.055,120.584,0.2493,0.2003,0.2248,0.5121,0.1533,NORMAL,0,0,Windows,unspecified
22:51:12.081,120.609,0.2493,0.2005,0.2249,0.5121,0.1533,NORMAL,0,0,Windows,unspecified
22:51:12.112,120.641,0.2493,0.2005,0.2249,0.4995,0.1533,NORMAL,0,0,Windows,unspecified
22:51:12.154,120.683,0.2493,0.2005,0.2249,0.5168,0.1533,NORMAL,0,0,Windows,unspecified
22:51:12.189,120.718,0.2493,0.2005,0.2249,0.5218,0.1533,NORMAL,0,0,Windows,unspecified
22:51:12.220,120.749,0.2425,0.2217,0.2321,0.5162,0.1533,NORMAL,0,0,Windows,unspecified
22:51:12.263,120.792,0.2394,0.2005,0.2199,0.4939,0.1533,NORMAL,0,0,Windows,unspecified
22:51:12.301,120.83,0.2164,0.1867,0.2015,0.4895,0.16,NORMAL,1,0,Windows,unspecified
22:51:12.331,120.859,0.2164,0.1923,0.2044,0.4931,0.1667,NORMAL,2,0,Windows,unspecified
22:51:12.361,120.889,0.2164,0.2151,0.2157,0.4467,0.1667,NORMAL,0,0,Windows,unspecified
22:51:12.393,120.921,0.2193,0.2079,0.2136,0.441,0.1667,NORMAL,0,0,Windows,unspecified
22:51:12.424,120.953,0.2044,0.2079,0.2061,0.4336,0.1667,NORMAL,1,0,Windows,unspecified
22:51:12.455,120.984,0.2493,0.2141,0.2317,0.418,0.1667,NORMAL,0,0,Windows,unspecified
22:51:12.485,121.014,0.238,0.2141,0.2261,0.426,0.16,NORMAL,0,0,Windows,unspecified
22:51:12.518,121.047,0.238,0.2141,0.2261,0.4276,0.1533,NORMAL,0,0,Windows,unspecified
22:51:12.553,121.081,0.2425,0.2065,0.2245,0.4177,0.1533,NORMAL,0,0,Windows,unspecified
22:51:12.578,121.107,0.2425,0.2003,0.2214,0.4203,0.1533,NORMAL,0,0,Windows,unspecified
22:51:12.609,121.138,0.2425,0.2003,0.2214,0.4088,0.1533,NORMAL,0,0,Windows,unspecified
22:51:12.643,121.171,0.2425,0.2003,0.2214,0.3932,0.1533,NORMAL,0,0,Windows,unspecified
22:51:12.673,121.202,0.2425,0.2065,0.2245,0.3964,0.1533,NORMAL,0,0,Windows,unspecified
22:51:12.702,121.231,0.2417,0.2141,0.2279,0.3964,0.1533,NORMAL,0,0,Windows,unspecified
22:51:12.758,121.287,0.2531,0.2159,0.2345,0.3991,0.1533,NORMAL,0,0,Windows,unspecified
22:51:12.783,121.311,0.2808,0.2152,0.248,0.3923,0.1533,NORMAL,0,0,Windows,unspecified
22:51:12.812,121.34,0.2872,0.2373,0.2622,0.3845,0.1533,NORMAL,0,0,Windows,unspecified
22:51:12.859,121.388,0.2659,0.2438,0.2549,0.3918,0.1533,NORMAL,0,0,Windows,unspecified
22:51:12.893,121.421,0.2594,0.265,0.2622,0.3943,0.1533,NORMAL,0,0,Windows,unspecified
22:51:12.921,121.45,0.2708,0.265,0.2679,0.3943,0.1533,NORMAL,0,0,Windows,unspecified
22:51:12.951,121.48,0.2539,0.2754,0.2646,0.3991,0.1533,NORMAL,0,0,Windows,unspecified
22:51:12.982,121.511,0.2817,0.2754,0.2785,0.3927,0.1467,NORMAL,0,0,Windows,unspecified
22:51:13.017,121.545,0.2817,0.2754,0.2785,0.3961,0.14,NORMAL,0,0,Windows,unspecified
22:51:13.047,121.576,0.2817,0.2754,0.2785,0.3961,0.1333,NORMAL,0,0,Windows,unspecified
22:51:13.076,121.604,0.2951,0.265,0.2801,0.4029,0.1267,NORMAL,0,0,Windows,unspecified
22:51:13.109,121.637,0.2951,0.2373,0.2662,0.4029,0.12,NORMAL,0,0,Windows,unspecified
22:51:13.159,121.688,0.2817,0.265,0.2734,0.3986,0.1133,NORMAL,0,0,Windows,unspecified
22:51:13.188,121.717,0.2817,0.2659,0.2738,0.3904,0.1067,NORMAL,0,0,Windows,unspecified
22:51:13.219,121.748,0.2659,0.2659,0.2659,0.39,0.1,NORMAL,0,0,Windows,unspecified
22:51:13.255,121.783,0.2539,0.2872,0.2705,0.39,0.0933,NORMAL,0,0,Windows,unspecified
22:51:13.282,121.811,0.2539,0.2872,0.2705,0.39,0.0867,NORMAL,0,0,Windows,unspecified
22:51:13.313,121.841,0.2539,0.2872,0.2705,0.3959,0.08,NORMAL,0,0,Windows,unspecified
22:51:13.354,121.883,0.2539,0.2817,0.2678,0.3959,0.0733,NORMAL,0,0,Windows,unspecified
22:51:13.378,121.907,0.2539,0.2817,0.2678,0.3959,0.0667,NORMAL,0,0,Windows,unspecified
22:51:13.409,121.938,0.2539,0.2817,0.2678,0.3959,0.06,NORMAL,0,0,Windows,unspecified
22:51:13.440,121.969,0.2539,0.2951,0.2745,0.3959,0.06,NORMAL,0,0,Windows,unspecified
22:51:13.472,122.001,0.2539,0.2893,0.2716,0.3864,0.06,NORMAL,0,0,Windows,unspecified
22:51:13.500,122.029,0.2539,0.2539,0.2539,0.3802,0.06,NORMAL,0,0,Windows,unspecified
22:51:13.565,122.094,0.2659,0.2539,0.2599,0.3735,0.06,NORMAL,0,0,Windows,unspecified
22:51:13.596,122.125,0.2659,0.2531,0.2595,0.3735,0.06,NORMAL,0,0,Windows,unspecified
22:51:13.627,122.155,0.2659,0.2438,0.2549,0.3815,0.06,NORMAL,0,0,Windows,unspecified
22:51:13.658,122.187,0.2863,0.2373,0.2618,0.3815,0.06,NORMAL,0,0,Windows,unspecified
22:51:13.690,122.219,0.2546,0.2308,0.2427,0.3918,0.06,NORMAL,0,0,Windows,unspecified
22:51:13.722,122.251,0.2792,0.2308,0.255,0.398,0.06,NORMAL,0,0,Windows,unspecified
22:51:13.768,122.296,0.2662,0.2659,0.266,0.3881,0.06,NORMAL,0,0,Windows,unspecified
22:51:13.798,122.327,0.2596,0.2594,0.2595,0.3981,0.06,NORMAL,0,0,Windows,unspecified
22:51:13.830,122.358,0.2659,0.2481,0.257,0.3981,0.06,NORMAL,0,0,Windows,unspecified
22:51:13.863,122.391,0.2659,0.2481,0.257,0.3945,0.06,NORMAL,0,0,Windows,unspecified
22:51:13.893,122.422,0.2561,0.2389,0.2475,0.3923,0.06,NORMAL,0,0,Windows,unspecified
22:51:13.924,122.453,0.2186,0.2241,0.2213,0.3677,0.06,NORMAL,0,0,Windows,unspecified
22:51:13.959,122.488,0.2193,0.2186,0.219,0.3799,0.06,NORMAL,0,0,Windows,unspecified
22:51:13.986,122.515,0.2264,0.2138,0.2201,0.3904,0.06,NORMAL,0,0,Windows,unspecified
22:51:14.017,122.545,0.2161,0.2051,0.2106,0.3904,0.06,NORMAL,0,0,Windows,unspecified
22:51:14.056,122.584,0.2659,0.2417,0.2538,0.3868,0.06,NORMAL,0,0,Windows,unspecified
22:51:14.083,122.611,0.2493,0.2417,0.2455,0.3822,0.06,NORMAL,0,0,Windows,unspecified
22:51:14.112,122.64,0.238,0.2417,0.2399,0.3822,0.06,NORMAL,0,0,Windows,unspecified
22:51:14.172,122.701,0.2094,0.2512,0.2303,0.3891,0.06,NORMAL,0,0,Windows,unspecified
22:51:14.208,122.736,0.2094,0.2394,0.2244,0.3884,0.06,NORMAL,0,0,Windows,unspecified
22:51:14.238,122.767,0.2094,0.2417,0.2255,0.3884,0.06,NORMAL,0,0,Windows,unspecified
22:51:14.268,122.797,0.2094,0.2417,0.2255,0.3929,0.06,NORMAL,0,0,Windows,unspecified
22:51:14.301,122.83,0.2318,0.2186,0.2252,0.3822,0.06,NORMAL,0,0,Windows,unspecified
22:51:14.333,122.861,0.2318,0.2037,0.2178,0.3931,0.06,NORMAL,0,0,Windows,unspecified
22:51:14.360,122.889,0.2318,0.2493,0.2406,0.3931,0.06,NORMAL,0,0,Windows,unspecified
22:51:14.396,122.925,0.2318,0.2485,0.2401,0.3868,0.06,NORMAL,0,0,Windows,unspecified
22:51:14.425,122.954,0.2196,0.2485,0.234,0.3953,0.06,NORMAL,0,0,Windows,unspecified
22:51:14.457,122.986,0.2096,0.2485,0.229,0.3904,0.06,NORMAL,0,0,Windows,unspecified
22:51:14.488,123.017,0.2096,0.2485,0.229,0.3904,0.06,NORMAL,0,0,Windows,unspecified
22:51:14.520,123.048,0.2094,0.2485,0.2289,0.3904,0.06,NORMAL,0,0,Windows,unspecified
22:51:14.569,123.098,0.2094,0.2044,0.2069,0.3822,0.0667,NORMAL,1,0,Windows,unspecified
22:51:14.598,123.127,0.2015,0.2044,0.203,0.3822,0.0733,NORMAL,2,0,Windows,unspecified
22:51:14.632,123.161,0.1872,0.2037,0.1955,0.3781,0.08,NORMAL,3,0,Windows,unspecified
22:51:14.663,123.191,0.1872,0.2037,0.1955,0.3781,0.0867,NORMAL,4,0,Windows,unspecified
22:51:14.694,123.223,0.2094,0.2193,0.2144,0.3931,0.0867,NORMAL,0,0,Windows,unspecified
22:51:14.724,123.253,0.1867,0.1961,0.1914,0.3931,0.0933,NORMAL,1,0,Windows,unspecified
22:51:14.764,123.293,0.1961,0.1945,0.1953,0.3803,0.1,NORMAL,2,0,Windows,unspecified
22:51:14.790,123.318,0.2094,0.1955,0.2024,0.3739,0.1067,NORMAL,3,0,Windows,unspecified
22:51:14.820,123.349,0.2094,0.1955,0.2024,0.3806,0.1133,NORMAL,4,0,Windows,unspecified
22:51:14.857,123.385,0.2264,0.2485,0.2374,0.3944,0.1133,NORMAL,0,0,Windows,unspecified
22:51:14.883,123.412,0.2196,0.2546,0.2371,0.365,0.1133,NORMAL,0,0,Windows,unspecified
22:51:14.914,123.442,0.2196,0.2618,0.2407,0.3732,0.1133,NORMAL,0,0,Windows,unspecified
22:51:14.944,123.472,0.2196,0.2493,0.2345,0.3732,0.1133,NORMAL,0,0,Windows,unspecified
22:51:14.972,123.501,0.2493,0.2493,0.2493,0.365,0.1133,NORMAL,0,0,Windows,unspecified
22:51:15.006,123.534,0.2425,0.2493,0.2459,0.3816,0.1133,NORMAL,0,0,Windows,unspecified
22:51:15.038,123.567,0.2425,0.2493,0.2459,0.382,0.1133,NORMAL,0,0,Windows,unspecified
22:51:15.070,123.599,0.2618,0.2425,0.2522,0.382,0.1133,NORMAL,0,0,Windows,unspecified
22:51:15.099,123.627,0.2374,0.2425,0.24,0.389,0.1133,NORMAL,0,0,Windows,unspecified
22:51:15.162,123.691,0.2618,0.2261,0.244,0.4037,0.1133,NORMAL,0,0,Windows,unspecified
22:51:15.196,123.724,0.2493,0.2238,0.2366,0.3929,0.1133,NORMAL,0,0,Windows,unspecified
22:51:15.226,123.755,0.2496,0.2261,0.2379,0.3929,0.1133,NORMAL,0,0,Windows,unspecified
22:51:15.256,123.784,0.2717,0.2717,0.2717,0.4119,0.1133,NORMAL,0,0,Windows,unspecified
22:51:15.287,123.815,0.2727,0.2893,0.281,0.3989,0.1133,NORMAL,0,0,Windows,unspecified
22:51:15.317,123.846,0.2893,0.2659,0.2776,0.3989,0.1133,NORMAL,0,0,Windows,unspecified
22:51:15.349,123.877,0.2893,0.265,0.2772,0.3989,0.1133,NORMAL,0,0,Windows,unspecified
22:51:15.377,123.906,0.2893,0.2884,0.2888,0.4048,0.1133,NORMAL,0,0,Windows,unspecified
22:51:15.411,123.94,0.2893,0.2893,0.2893,0.4093,0.1133,NORMAL,0,0,Windows,unspecified
22:51:15.442,123.97,0.2884,0.2884,0.2884,0.4093,0.1133,NORMAL,0,0,Windows,unspecified
22:51:15.472,124.0,0.3118,0.2754,0.2936,0.4284,0.1133,NORMAL,0,0,Windows,unspecified
22:51:15.504,124.032,0.3118,0.2754,0.2936,0.4281,0.1133,NORMAL,0,0,Windows,unspecified
22:51:15.560,124.089,0.2708,0.2531,0.2619,0.4453,0.1133,NORMAL,0,0,Windows,unspecified
22:51:15.584,124.113,0.265,0.2586,0.2618,0.4618,0.1133,NORMAL,0,0,Windows,unspecified
22:51:15.613,124.142,0.2594,0.2586,0.259,0.4618,0.1133,NORMAL,0,0,Windows,unspecified
22:51:15.658,124.187,0.2893,0.2543,0.2718,0.4805,0.1133,NORMAL,0,0,Windows,unspecified
22:51:15.690,124.219,0.2493,0.2543,0.2518,0.4834,0.1133,NORMAL,0,0,Windows,unspecified
22:51:15.724,124.253,0.2788,0.2695,0.2741,0.4772,0.1133,NORMAL,0,0,Windows,unspecified
22:51:15.755,124.284,0.2539,0.2695,0.2617,0.4772,0.1133,NORMAL,0,0,Windows,unspecified
22:51:15.786,124.315,0.2659,0.2277,0.2468,0.5019,0.1133,NORMAL,0,0,Windows,unspecified
22:51:15.815,124.344,0.2315,0.2339,0.2327,0.4962,0.1133,NORMAL,0,0,Windows,unspecified
22:51:15.850,124.378,0.2659,0.2277,0.2468,0.4962,0.1133,NORMAL,0,0,Windows,unspecified
22:51:15.881,124.41,0.2893,0.2539,0.2716,0.4919,0.1133,NORMAL,0,0,Windows,unspecified
22:51:15.911,124.44,0.2893,0.2539,0.2716,0.4964,0.1133,NORMAL,0,0,Windows,unspecified
22:51:15.962,124.491,0.2546,0.2094,0.232,0.5072,0.1133,NORMAL,0,0,Windows,unspecified
22:51:15.991,124.52,0.2425,0.2065,0.2245,0.4964,0.1133,NORMAL,0,0,Windows,unspecified
22:51:16.021,124.55,0.2493,0.2215,0.2354,0.5028,0.1133,NORMAL,0,0,Windows,unspecified
22:51:16.072,124.6,0.2428,0.2308,0.2368,0.5084,0.1133,NORMAL,0,0,Windows,unspecified
22:51:16.100,124.629,0.2539,0.2315,0.2427,0.5088,0.1133,NORMAL,0,0,Windows,unspecified
22:51:16.131,124.66,0.2539,0.2315,0.2427,0.5088,0.1133,NORMAL,0,0,Windows,unspecified
22:51:16.165,124.694,0.2539,0.2539,0.2539,0.5088,0.1133,NORMAL,0,0,Windows,unspecified
22:51:16.211,124.74,0.2643,0.2539,0.2591,0.4964,0.1133,NORMAL,0,0,Windows,unspecified
22:51:16.244,124.772,0.2636,0.2743,0.269,0.4939,0.1133,NORMAL,0,0,Windows,unspecified
22:51:16.274,124.803,0.2792,0.2473,0.2632,0.5007,0.1133,NORMAL,0,0,Windows,unspecified
22:51:16.305,124.834,0.2897,0.2193,0.2545,0.4919,0.1133,NORMAL,0,0,Windows,unspecified
22:51:16.336,124.864,0.2662,0.2193,0.2428,0.4882,0.1133,NORMAL,0,0,Windows,unspecified
22:51:16.367,124.896,0.2897,0.252,0.2708,0.4985,0.1067,NORMAL,0,0,Windows,unspecified
22:51:16.397,124.926,0.2897,0.2315,0.2606,0.4996,0.1,NORMAL,0,0,Windows,unspecified
22:51:16.429,124.958,0.2795,0.2315,0.2555,0.4996,0.0933,NORMAL,0,0,Windows,unspecified
22:51:16.473,125.002,0.2402,0.2215,0.2308,0.4985,0.0933,NORMAL,0,0,Windows,unspecified
22:51:16.508,125.036,0.2425,0.224,0.2333,0.4927,0.0933,NORMAL,0,0,Windows,unspecified
22:51:16.539,125.068,0.2425,0.2383,0.2404,0.4891,0.0933,NORMAL,0,0,Windows,unspecified
22:51:16.567,125.096,0.2186,0.2161,0.2173,0.4891,0.0867,NORMAL,0,0,Windows,unspecified
22:51:16.603,125.132,0.2261,0.2215,0.2238,0.519,0.08,NORMAL,0,0,Windows,unspecified
22:51:16.633,125.162,0.2425,0.2094,0.226,0.5212,0.0733,NORMAL,0,0,Windows,unspecified
22:51:16.661,125.19,0.2425,0.1951,0.2188,0.5274,0.0733,NORMAL,0,0,Windows,unspecified
22:51:16.695,125.224,0.2286,0.238,0.2333,0.5418,0.0733,NORMAL,0,0,Windows,unspecified
22:51:16.728,125.256,0.2254,0.2161,0.2207,0.5352,0.0733,NORMAL,0,0,Windows,unspecified
22:51:16.761,125.29,0.2485,0.2383,0.2434,0.5582,0.0733,NORMAL,0,0,Windows,unspecified
22:51:16.789,125.318,0.2485,0.238,0.2433,0.565,0.0733,NORMAL,0,0,Windows,unspecified
22:51:16.821,125.35,0.2493,0.238,0.2437,0.5593,0.0733,NORMAL,0,0,Windows,unspecified
22:51:16.872,125.4,0.2425,0.238,0.2403,0.5887,0.0733,NORMAL,0,0,Windows,unspecified
22:51:16.899,125.427,0.2427,0.238,0.2404,0.593,0.0733,NORMAL,0,0,Windows,unspecified
22:51:16.932,125.461,0.2378,0.238,0.2379,0.6,0.0733,NORMAL,0,0,Windows,unspecified
22:51:16.963,125.492,0.2394,0.238,0.2387,0.6,0.0733,NORMAL,0,0,Windows,unspecified
22:51:16.994,125.522,0.2425,0.2067,0.2246,0.6046,0.0733,NORMAL,0,0,Windows,unspecified
22:51:17.023,125.552,0.1961,0.1793,0.1877,0.5976,0.08,NORMAL,1,0,Windows,unspecified
22:51:17.055,125.584,0.1961,0.1791,0.1876,0.5976,0.0867,NORMAL,2,0,Windows,unspecified
22:51:17.085,125.613,0.1934,0.1869,0.1901,0.5978,0.0933,NORMAL,3,0,Windows,unspecified
22:51:17.118,125.646,0.1934,0.2033,0.1983,0.6048,0.1,NORMAL,4,0,Windows,unspecified
22:51:17.163,125.691,0.1961,0.1793,0.1877,0.5696,0.1067,NORMAL,5,0,Windows,unspecified
22:51:17.195,125.724,0.1961,0.1793,0.1877,0.5756,0.1133,NORMAL,6,0,Windows,unspecified
22:51:17.227,125.756,0.2193,0.1869,0.2031,0.5756,0.12,NORMAL,7,0,Windows,unspecified
22:51:17.257,125.786,0.2193,0.1869,0.2031,0.5803,0.1267,NORMAL,8,0,Windows,unspecified
22:51:17.289,125.817,0.1961,0.1516,0.1739,0.4732,0.1267,NORMAL,9,0,Windows,unspecified
22:51:17.319,125.848,0.1961,0.2003,0.1982,0.4599,0.1267,WARNING,10,0,Windows,unspecified
22:51:17.351,125.879,0.2044,0.2003,0.2024,0.4489,0.1333,WARNING,11,0,Windows,unspecified
22:51:17.382,125.911,0.0673,0.0615,0.0644,0.4246,0.14,WARNING,12,0,Windows,unspecified
22:51:17.414,125.942,0.0812,0.0794,0.0803,0.4005,0.14,WARNING,13,0,Windows,unspecified
22:51:17.444,125.972,0.0775,0.0615,0.0695,0.407,0.1467,WARNING,14,0,Windows,unspecified
22:51:17.476,126.005,0.0735,0.0435,0.0585,0.3758,0.1533,WARNING,15,0,Windows,unspecified
22:51:17.506,126.035,0.0829,0.0642,0.0735,0.3867,0.16,WARNING,16,0,Windows,unspecified
22:51:17.559,126.088,0.0548,0.0775,0.0662,0.3892,0.1667,WARNING,17,0,Windows,unspecified
22:51:17.583,126.112,0.0642,0.0793,0.0717,0.3805,0.1733,WARNING,18,0,Windows,unspecified
22:51:17.615,126.144,0.0775,0.0829,0.0802,0.3819,0.18,WARNING,19,0,Windows,unspecified
22:51:17.646,126.174,0.0742,0.0829,0.0785,0.3864,0.1867,DROWSY,20,0,Windows,unspecified
22:51:17.674,126.203,0.0642,0.0433,0.0538,0.3885,0.1933,DROWSY,21,0,Windows,unspecified
22:51:17.709,126.238,0.0963,0.0791,0.0877,0.4005,0.2,DROWSY,22,0,Windows,unspecified
22:51:17.740,126.268,0.1146,0.0826,0.0986,0.4005,0.2067,DROWSY,23,0,Windows,unspecified
22:51:17.768,126.296,0.1146,0.1297,0.1222,0.4003,0.2133,DROWSY,24,0,Windows,unspecified
22:51:17.802,126.33,0.1297,0.1393,0.1345,0.4003,0.22,DROWSY,25,0,Windows,unspecified
22:51:17.833,126.361,0.1297,0.1393,0.1345,0.4003,0.2267,DROWSY,26,0,Windows,unspecified
22:51:17.863,126.392,0.11,0.1225,0.1163,0.4003,0.2333,DROWSY,27,0,Windows,unspecified
22:51:17.895,126.424,0.11,0.1225,0.1163,0.3933,0.24,DROWSY,28,0,Windows,unspecified
22:51:17.961,126.49,0.1225,0.1097,0.1161,0.4003,0.2467,DROWSY,29,0,Windows,unspecified
22:51:17.991,126.519,0.1097,0.1097,0.1097,0.405,0.2533,DROWSY,30,0,Windows,unspecified
22:51:18.020,126.549,0.1225,0.1225,0.1225,0.4011,0.26,DROWSY,31,0,Windows,unspecified
22:51:18.052,126.581,0.1225,0.1225,0.1225,0.4045,0.2667,DROWSY,32,0,Windows,unspecified
22:51:18.083,126.612,0.1225,0.1225,0.1225,0.4118,0.2733,DROWSY,33,0,Windows,unspecified
22:51:18.110,126.639,0.1225,0.1225,0.1225,0.4211,0.28,DROWSY,34,0,Windows,unspecified
22:51:18.145,126.674,0.1297,0.1225,0.1261,0.4211,0.2867,DROWSY,35,0,Windows,unspecified
22:51:18.173,126.702,0.1491,0.1222,0.1356,0.424,0.2933,DROWSY,36,0,Windows,unspecified
22:51:18.207,126.736,0.1146,0.1222,0.1184,0.4345,0.3,DROWSY,37,0,Windows,unspecified
22:51:18.240,126.769,0.114,0.0999,0.107,0.4256,0.3067,DROWSY,38,0,Windows,unspecified
22:51:18.267,126.796,0.174,0.1431,0.1586,0.4392,0.3133,DROWSY,39,0,Windows,unspecified
22:51:18.303,126.831,0.2026,0.1632,0.1829,0.4424,0.32,DROWSY,40,0,Windows,unspecified
22:51:18.381,126.91,0.2404,0.2438,0.2421,0.3919,0.32,NORMAL,0,0,Windows,unspecified
22:51:18.409,126.937,0.2924,0.2373,0.2649,0.3864,0.32,NORMAL,0,0,Windows,unspecified
22:51:18.442,126.971,0.3068,0.2373,0.272,0.3801,0.32,NORMAL,0,0,Windows,unspecified
22:51:18.474,127.003,0.3127,0.2373,0.275,0.3801,0.32,NORMAL,0,0,Windows,unspecified
22:51:18.505,127.034,0.2867,0.2596,0.2732,0.3801,0.32,NORMAL,0,0,Windows,unspecified
22:51:18.536,127.065,0.2775,0.2659,0.2717,0.3766,0.32,NORMAL,0,0,Windows,unspecified
22:51:18.565,127.094,0.2998,0.2659,0.2828,0.3705,0.32,NORMAL,0,0,Windows,unspecified
22:51:18.599,127.128,0.265,0.2594,0.2622,0.3933,0.32,NORMAL,0,0,Windows,unspecified
22:51:18.629,127.157,0.2485,0.265,0.2568,0.3716,0.32,NORMAL,0,0,Windows,unspecified
22:51:18.659,127.188,0.2471,0.2438,0.2454,0.3716,0.32,NORMAL,0,0,Windows,unspecified
22:51:18.692,127.221,0.3068,0.2271,0.2669,0.3904,0.32,NORMAL,0,0,Windows,unspecified
22:51:18.724,127.252,0.2537,0.2429,0.2483,0.3971,0.32,NORMAL,0,0,Windows,unspecified
22:51:18.782,127.311,0.2941,0.2687,0.2814,0.3998,0.32,NORMAL,0,0,Windows,unspecified
22:51:18.815,127.344,0.2941,0.2695,0.2818,0.3863,0.32,NORMAL,0,0,Windows,unspecified
22:51:18.848,127.376,0.2941,0.2695,0.2818,0.3863,0.32,NORMAL,0,0,Windows,unspecified
22:51:18.880,127.408,0.2884,0.2481,0.2682,0.3829,0.32,NORMAL,0,0,Windows,unspecified
22:51:18.969,127.497,0.2808,0.2536,0.2672,0.3802,0.32,NORMAL,0,0,Windows,unspecified
22:51:19.005,127.534,0.2754,0.2809,0.2781,0.376,0.32,NORMAL,0,0,Windows,unspecified
22:51:19.038,127.566,0.2594,0.2565,0.2579,0.376,0.32,NORMAL,0,0,Windows,unspecified
22:51:19.069,127.597,0.2977,0.2635,0.2806,0.3724,0.32,NORMAL,0,0,Windows,unspecified
22:51:19.099,127.627,0.2491,0.2373,0.2432,0.3713,0.32,NORMAL,0,0,Windows,unspecified
22:51:19.175,127.704,0.2539,0.2884,0.2711,0.3578,0.32,NORMAL,0,0,Windows,unspecified
22:51:19.207,127.736,0.2594,0.2308,0.2451,0.369,0.32,NORMAL,0,0,Windows,unspecified
22:51:19.237,127.765,0.2594,0.2308,0.2451,0.369,0.32,NORMAL,0,0,Windows,unspecified
22:51:19.270,127.798,0.2539,0.2417,0.2478,0.369,0.32,NORMAL,0,0,Windows,unspecified
22:51:19.302,127.831,0.2594,0.2867,0.2731,0.3596,0.32,NORMAL,0,0,Windows,unspecified
22:51:19.332,127.861,0.2765,0.2754,0.2759,0.3707,0.32,NORMAL,0,0,Windows,unspecified
22:51:19.363,127.891,0.2765,0.2754,0.2759,0.3555,0.32,NORMAL,0,0,Windows,unspecified
22:51:19.393,127.922,0.2897,0.2884,0.289,0.3754,0.32,NORMAL,0,0,Windows,unspecified
22:51:19.425,127.953,0.2875,0.265,0.2763,0.3673,0.32,NORMAL,0,0,Windows,unspecified
22:51:19.460,127.989,0.282,0.265,0.2735,0.368,0.32,NORMAL,0,0,Windows,unspecified
22:51:19.486,128.015,0.2238,0.2884,0.2561,0.3822,0.32,NORMAL,0,0,Windows,unspecified
22:51:19.518,128.047,0.2315,0.2417,0.2366,0.3773,0.32,NORMAL,0,0,Windows,unspecified
22:51:19.551,128.08,0.2659,0.2417,0.2538,0.3657,0.32,NORMAL,0,0,Windows,unspecified
22:51:19.581,128.11,0.2193,0.2417,0.2305,0.3904,0.32,NORMAL,0,0,Windows,unspecified
22:51:19.612,128.141,0.2417,0.2417,0.2417,0.3904,0.32,NORMAL,0,0,Windows,unspecified
22:51:19.644,128.173,0.2425,0.2417,0.2421,0.3843,0.3133,NORMAL,0,0,Windows,unspecified
22:51:19.675,128.204,0.238,0.2402,0.2391,0.3776,0.3067,NORMAL,0,0,Windows,unspecified
22:51:19.707,128.236,0.2659,0.2402,0.2531,0.368,0.3,NORMAL,0,0,Windows,unspecified
22:51:19.735,128.264,0.2636,0.2425,0.2531,0.368,0.2933,NORMAL,0,0,Windows,unspecified
22:51:19.768,128.297,0.2618,0.2193,0.2406,0.3844,0.2933,NORMAL,0,0,Windows,unspecified
22:51:19.797,128.326,0.2193,0.1872,0.2033,0.3844,0.2933,NORMAL,1,0,Windows,unspecified
22:51:19.829,128.358,0.2193,0.2044,0.2119,0.3869,0.2867,NORMAL,0,0,Windows,unspecified
22:51:19.868,128.396,0.1872,0.2315,0.2094,0.3806,0.28,NORMAL,0,0,Windows,unspecified
22:51:19.893,128.422,0.2096,0.2293,0.2194,0.3861,0.2733,NORMAL,0,0,Windows,unspecified
22:51:19.924,128.452,0.2315,0.2659,0.2487,0.381,0.2733,NORMAL,0,0,Windows,unspecified
22:51:19.982,128.511,0.2096,0.2425,0.2261,0.381,0.2733,NORMAL,0,0,Windows,unspecified
22:51:20.018,128.546,0.2096,0.2425,0.2261,0.3897,0.2733,NORMAL,0,0,Windows,unspecified
22:51:20.048,128.576,0.2096,0.2193,0.2145,0.3962,0.2733,NORMAL,0,0,Windows,unspecified
22:51:20.079,128.608,0.2096,0.2425,0.2261,0.3919,0.2733,NORMAL,0,0,Windows,unspecified
22:51:20.111,128.64,0.2068,0.2425,0.2247,0.3865,0.2733,NORMAL,0,0,Windows,unspecified
22:51:20.144,128.672,0.2166,0.2193,0.218,0.3915,0.2733,NORMAL,0,0,Windows,unspecified
22:51:20.175,128.703,0.2068,0.2193,0.2131,0.3865,0.2733,NORMAL,0,0,Windows,unspecified
22:51:20.206,128.734,0.2161,0.2193,0.2177,0.3869,0.2733,NORMAL,0,0,Windows,unspecified
22:51:20.237,128.766,0.2161,0.2193,0.2177,0.3739,0.2733,NORMAL,0,0,Windows,unspecified
22:51:20.265,128.794,0.2196,0.2425,0.2311,0.3789,0.2733,NORMAL,0,0,Windows,unspecified
22:51:20.299,128.828,0.2196,0.2425,0.2311,0.3754,0.2733,NORMAL,0,0,Windows,unspecified
22:51:20.331,128.86,0.2196,0.2425,0.2311,0.3754,0.2733,NORMAL,0,0,Windows,unspecified
22:51:20.374,128.903,0.2196,0.2425,0.2311,0.3789,0.2733,NORMAL,0,0,Windows,unspecified
22:51:20.409,128.938,0.2193,0.2193,0.2193,0.3789,0.2733,NORMAL,0,0,Windows,unspecified
22:51:20.440,128.969,0.2193,0.2193,0.2193,0.3848,0.2733,NORMAL,0,0,Windows,unspecified
22:51:20.476,129.005,0.2425,0.2425,0.2425,0.3885,0.2733,NORMAL,0,0,Windows,unspecified
22:51:20.503,129.032,0.2425,0.2425,0.2425,0.3858,0.2733,NORMAL,0,0,Windows,unspecified
22:51:20.534,129.063,0.2425,0.2315,0.237,0.3858,0.2733,NORMAL,0,0,Windows,unspecified
22:51:20.569,129.097,0.2425,0.2315,0.237,0.3858,0.2733,NORMAL,0,0,Windows,unspecified
22:51:20.595,129.124,0.2402,0.2315,0.2359,0.3854,0.2733,NORMAL,0,0,Windows,unspecified
22:51:20.628,129.156,0.2402,0.2315,0.2359,0.3854,0.2733,NORMAL,0,0,Windows,unspecified
22:51:20.681,129.21,0.217,0.2315,0.2243,0.3854,0.2733,NORMAL,0,0,Windows,unspecified
22:51:20.704,129.233,0.1961,0.2425,0.2193,0.3854,0.2733,NORMAL,0,0,Windows,unspecified
22:51:20.736,129.265,0.1961,0.2425,0.2193,0.3854,0.2733,NORMAL,0,0,Windows,unspecified
22:51:20.777,129.305,0.2193,0.2417,0.2305,0.3886,0.2733,NORMAL,0,0,Windows,unspecified
22:51:20.802,129.33,0.2193,0.2417,0.2305,0.4087,0.2733,NORMAL,0,0,Windows,unspecified
22:51:20.833,129.361,0.2193,0.2417,0.2305,0.4087,0.2733,NORMAL,0,0,Windows,unspecified
22:51:20.872,129.401,0.2193,0.2417,0.2305,0.4046,0.2733,NORMAL,0,0,Windows,unspecified
22:51:20.896,129.425,0.2193,0.2417,0.2305,0.4103,0.2733,NORMAL,0,0,Windows,unspecified
22:51:20.928,129.457,0.2193,0.2308,0.2251,0.4103,0.2733,NORMAL,0,0,Windows,unspecified
22:51:20.968,129.496,0.2193,0.2762,0.2478,0.4138,0.2733,NORMAL,0,0,Windows,unspecified
22:51:21.004,129.532,0.2094,0.2762,0.2428,0.4138,0.2733,NORMAL,0,0,Windows,unspecified
22:51:21.034,129.563,0.2094,0.2762,0.2428,0.41,0.2733,NORMAL,0,0,Windows,unspecified
22:51:21.082,129.611,0.2094,0.2762,0.2428,0.4046,0.2733,NORMAL,0,0,Windows,unspecified
22:51:21.114,129.642,0.2159,0.2539,0.2349,0.4169,0.2733,NORMAL,0,0,Windows,unspecified
22:51:21.144,129.673,0.2159,0.2539,0.2349,0.4028,0.2733,NORMAL,0,0,Windows,unspecified
22:51:21.175,129.703,0.2193,0.2425,0.2309,0.41,0.2733,NORMAL,0,0,Windows,unspecified
22:51:21.205,129.734,0.2193,0.2193,0.2193,0.4273,0.2733,NORMAL,0,0,Windows,unspecified
22:51:21.237,129.766,0.2094,0.2193,0.2144,0.4273,0.2733,NORMAL,0,0,Windows,unspecified
22:51:21.272,129.801,0.1961,0.2193,0.2077,0.4434,0.28,NORMAL,1,0,Windows,unspecified
22:51:21.300,129.828,0.1951,0.2096,0.2024,0.448,0.2867,NORMAL,2,0,Windows,unspecified
22:51:21.329,129.858,0.1961,0.2264,0.2113,0.448,0.2867,NORMAL,0,0,Windows,unspecified
22:51:21.370,129.899,0.1872,0.1951,0.1912,0.4553,0.2933,NORMAL,1,0,Windows,unspecified
22:51:21.394,129.922,0.1872,0.1872,0.1872,0.4602,0.3,NORMAL,2,0,Windows,unspecified
22:51:21.425,129.953,0.1951,0.1654,0.1803,0.4552,0.3067,NORMAL,3,0,Windows,unspecified
22:51:21.480,130.009,0.1874,0.1951,0.1913,0.4217,0.3133,NORMAL,4,0,Windows,unspecified
22:51:21.504,130.032,0.2173,0.2315,0.2244,0.4145,0.3133,NORMAL,0,0,Windows,unspecified
22:51:21.534,130.062,0.238,0.2315,0.2348,0.4091,0.3133,NORMAL,0,0,Windows,unspecified
22:51:21.575,130.104,0.2193,0.2238,0.2216,0.4075,0.3133,NORMAL,0,0,Windows,unspecified
22:51:21.597,130.126,0.2261,0.2425,0.2343,0.4026,0.3133,NORMAL,0,0,Windows,unspecified
22:51:21.629,130.157,0.2261,0.2425,0.2343,0.4026,0.3133,NORMAL,0,0,Windows,unspecified
22:51:21.672,130.201,0.2546,0.2493,0.252,0.4138,0.3133,NORMAL,0,0,Windows,unspecified
22:51:21.706,130.234,0.2425,0.2094,0.226,0.3975,0.3133,NORMAL,0,0,Windows,unspecified
22:51:21.739,130.268,0.2196,0.2094,0.2145,0.3929,0.3133,NORMAL,0,0,Windows,unspecified
22:51:21.768,130.296,0.2193,0.2238,0.2216,0.3986,0.3133,NORMAL,0,0,Windows,unspecified
22:51:21.799,130.328,0.2159,0.2003,0.2081,0.3986,0.3133,NORMAL,0,0,Windows,unspecified
22:51:21.831,130.36,0.2493,0.1867,0.218,0.403,0.3133,NORMAL,0,0,Windows,unspecified
22:51:21.878,130.406,0.2046,0.1951,0.1999,0.3961,0.32,NORMAL,1,0,Windows,unspecified
22:51:21.909,130.438,0.1963,0.1961,0.1962,0.4037,0.3267,NORMAL,2,0,Windows,unspecified
22:51:21.937,130.466,0.1961,0.1951,0.1956,0.4063,0.3333,NORMAL,3,0,Windows,unspecified
22:51:21.975,130.504,0.2146,0.1791,0.1969,0.402,0.34,NORMAL,4,0,Windows,unspecified
22:51:22.000,130.529,0.2149,0.1872,0.2011,0.3902,0.3467,NORMAL,5,0,Windows,unspecified
22:51:22.034,130.563,0.2046,0.1951,0.1999,0.408,0.3533,DROWSY,6,0,Windows,unspecified
22:51:22.074,130.602,0.1654,0.1733,0.1694,0.3813,0.36,DROWSY,7,0,Windows,unspecified
22:51:22.096,130.624,0.1791,0.1649,0.172,0.3777,0.36,DROWSY,8,0,Windows,unspecified
22:51:22.126,130.655,0.1679,0.1649,0.1664,0.3715,0.36,DROWSY,9,0,Windows,unspecified
22:51:22.168,130.696,0.1518,0.1491,0.1504,0.3774,0.36,DROWSY,10,0,Windows,unspecified
22:51:22.204,130.732,0.161,0.1688,0.1649,0.3646,0.36,DROWSY,11,0,Windows,unspecified
22:51:22.235,130.764,0.147,0.1772,0.1621,0.3725,0.36,DROWSY,12,0,Windows,unspecified
22:51:22.281,130.81,0.147,0.1272,0.1371,0.3752,0.36,DROWSY,13,0,Windows,unspecified
22:51:22.313,130.842,0.1409,0.0901,0.1155,0.3692,0.36,DROWSY,14,0,Windows,unspecified
22:51:22.345,130.874,0.1409,0.0954,0.1181,0.3611,0.36,DROWSY,15,0,Windows,unspecified
22:51:22.379,130.908,0.1437,0.1116,0.1277,0.4209,0.36,DROWSY,16,0,Windows,unspecified
22:51:22.408,130.936,0.1538,0.1029,0.1284,0.4181,0.36,DROWSY,17,0,Windows,unspecified
22:51:22.439,130.967,0.1437,0.1261,0.1349,0.4268,0.36,DROWSY,18,0,Windows,unspecified
22:51:22.472,131.0,0.135,0.0894,0.1122,0.4426,0.36,DROWSY,19,0,Windows,unspecified
22:51:22.501,131.03,0.1059,0.076,0.0909,0.4503,0.36,DROWSY,20,0,Windows,unspecified
22:51:22.534,131.063,0.1419,0.076,0.1089,0.4417,0.36,DROWSY,21,0,Windows,unspecified
22:51:22.569,131.098,0.1812,0.0703,0.1258,0.4638,0.36,DROWSY,22,0,Windows,unspecified
22:51:22.596,131.124,0.2103,0.0921,0.1512,0.4797,0.36,DROWSY,23,0,Windows,unspecified
22:51:22.625,131.154,0.1762,0.1091,0.1426,0.4636,0.36,DROWSY,24,0,Windows,unspecified
22:51:22.680,131.209,0.1762,0.076,0.1261,0.4784,0.36,DROWSY,25,0,Windows,unspecified
22:51:22.704,131.233,0.1765,0.0503,0.1134,0.4769,0.36,DROWSY,26,0,Windows,unspecified
22:51:22.737,131.266,0.1765,0.0483,0.1124,0.4749,0.36,DROWSY,27,0,Windows,unspecified
22:51:22.775,131.303,0.1506,0.0882,0.1194,0.4087,0.36,DROWSY,28,0,Windows,unspecified
22:51:22.799,131.328,0.1328,0.1261,0.1294,0.4254,0.36,DROWSY,29,0,Windows,unspecified
22:51:22.830,131.359,0.1284,0.1038,0.1161,0.4241,0.36,DROWSY,30,0,Windows,unspecified
22:51:22.874,131.403,0.161,0.132,0.1465,0.4262,0.36,DROWSY,31,0,Windows,unspecified
22:51:22.908,131.436,0.1692,0.1578,0.1635,0.422,0.36,DROWSY,32,0,Windows,unspecified
22:51:22.938,131.467,0.1692,0.1578,0.1635,0.422,0.36,DROWSY,33,0,Windows,unspecified
22:51:22.988,131.516,0.1712,0.1072,0.1392,0.4643,0.36,DROWSY,34,0,Windows,unspecified
22:51:23.016,131.545,0.1389,0.0674,0.1031,0.4684,0.36,DROWSY,35,0,Windows,unspecified
22:51:23.046,131.575,0.1389,0.0503,0.0946,0.4684,0.36,DROWSY,36,0,Windows,unspecified
22:51:23.081,131.609,0.15,0.0882,0.1191,0.442,0.36,DROWSY,37,0,Windows,unspecified
22:51:23.111,131.64,0.1358,0.0882,0.112,0.455,0.36,DROWSY,38,0,Windows,unspecified
22:51:23.142,131.67,0.1316,0.0882,0.1099,0.4548,0.36,DROWSY,39,0,Windows,unspecified
22:51:23.180,131.708,0.1664,0.1374,0.1519,0.4325,0.36,DROWSY,40,0,Windows,unspecified
22:51:23.204,131.733,0.1581,0.1374,0.1477,0.4324,0.36,DROWSY,41,0,Windows,unspecified
22:51:23.234,131.763,0.1821,0.1374,0.1597,0.4362,0.36,DROWSY,42,0,Windows,unspecified
22:51:23.271,131.8,0.217,0.1374,0.1772,0.4327,0.36,DROWSY,43,0,Windows,unspecified
22:51:23.297,131.826,0.2031,0.1374,0.1702,0.443,0.36,DROWSY,44,0,Windows,unspecified
22:51:23.328,131.857,0.2062,0.1582,0.1822,0.4516,0.36,DROWSY,45,0,Windows,unspecified
22:51:23.385,131.914,0.1953,0.1658,0.1806,0.4011,0.36,DROWSY,46,0,Windows,unspecified
22:51:23.410,131.938,0.1953,0.1582,0.1768,0.392,0.36,DROWSY,47,0,Windows,unspecified
22:51:23.440,131.968,0.1874,0.1658,0.1766,0.3916,0.3667,DROWSY,48,0,Windows,unspecified
22:51:23.480,132.009,0.2044,0.1499,0.1772,0.3925,0.3733,DROWSY,49,0,Windows,unspecified
22:51:23.504,132.032,0.2196,0.1612,0.1904,0.3812,0.38,DROWSY,50,0,Windows,unspecified
22:51:23.534,132.063,0.2096,0.1839,0.1967,0.3847,0.3867,DROWSY,51,0,Windows,unspecified
22:51:23.580,132.109,0.1518,0.2037,0.1778,0.3693,0.3933,DROWSY,52,0,Windows,unspecified
22:51:23.611,132.14,0.141,0.1925,0.1668,0.369,0.4,DROWSY,53,0,Windows,unspecified
22:51:23.642,132.171,0.1217,0.1461,0.1339,0.369,0.4067,DROWSY,54,0,Windows,unspecified
22:51:23.674,132.202,0.1318,0.1573,0.1445,0.3523,0.4133,DROWSY,55,0,Windows,unspecified
22:51:23.706,132.235,0.1287,0.1643,0.1465,0.3545,0.42,DROWSY,56,0,Windows,unspecified
22:51:23.736,132.265,0.1442,0.1573,0.1508,0.362,0.4267,DROWSY,57,0,Windows,unspecified
22:51:23.784,132.313,0.1557,0.1656,0.1607,0.3715,0.4333,DROWSY,58,0,Windows,unspecified
22:51:23.815,132.343,0.1874,0.1754,0.1814,0.3686,0.44,DROWSY,59,0,Windows,unspecified
22:51:23.847,132.376,0.1872,0.1419,0.1645,0.3686,0.4467,DROWSY,60,0,Windows,unspecified
22:51:23.882,132.41,0.1874,0.1819,0.1847,0.3762,0.4533,DROWSY,61,0,Windows,unspecified
22:51:23.911,132.44,0.1584,0.1579,0.1581,0.3635,0.46,DROWSY,62,0,Windows,unspecified
22:51:23.942,132.471,0.166,0.1579,0.1619,0.3632,0.4667,DROWSY,63,0,Windows,unspecified
22:51:23.982,132.51,0.2445,0.2158,0.2302,0.3896,0.4667,DROWSY,0,0,Windows,unspecified
22:51:24.004,132.533,0.238,0.2158,0.2269,0.3733,0.4667,DROWSY,0,0,Windows,unspecified
22:51:24.037,132.565,0.2659,0.2158,0.2409,0.3942,0.4667,DROWSY,0,0,Windows,unspecified
22:51:24.072,132.601,0.2425,0.2277,0.2351,0.3959,0.4667,DROWSY,0,0,Windows,unspecified
22:51:24.098,132.627,0.2383,0.2126,0.2254,0.3727,0.4667,DROWSY,0,0,Windows,unspecified
22:51:24.128,132.656,0.2196,0.2094,0.2145,0.3721,0.4667,DROWSY,0,0,Windows,unspecified
22:51:24.184,132.712,0.2161,0.2158,0.216,0.3961,0.4667,DROWSY,0,0,Windows,unspecified
22:51:24.208,132.737,0.2096,0.2135,0.2115,0.3925,0.4667,DROWSY,0,0,Windows,unspecified
22:51:24.237,132.766,0.1874,0.2135,0.2004,0.3925,0.4733,DROWSY,1,0,Windows,unspecified
22:51:24.279,132.807,0.1951,0.2059,0.2005,0.4,0.48,DROWSY,2,0,Windows,unspecified
22:51:24.314,132.843,0.1874,0.2126,0.2,0.3898,0.4867,DROWSY,3,0,Windows,unspecified
22:51:24.347,132.876,0.2094,0.2391,0.2242,0.388,0.4867,DROWSY,0,0,Windows,unspecified
22:51:24.377,132.906,0.2496,0.2158,0.2327,0.3867,0.4867,DROWSY,0,0,Windows,unspecified
22:51:24.411,132.939,0.2496,0.2158,0.2327,0.4009,0.4867,DROWSY,0,0,Windows,unspecified
22:51:24.441,132.969,0.2493,0.2158,0.2326,0.4077,0.4867,DROWSY,0,0,Windows,unspecified
22:51:24.474,133.002,0.2496,0.2643,0.257,0.3826,0.4867,DROWSY,0,0,Windows,unspecified
22:51:24.503,133.031,0.2261,0.2617,0.2439,0.3981,0.4867,DROWSY,0,0,Windows,unspecified
22:51:24.532,133.06,0.2193,0.2628,0.2411,0.3867,0.4867,DROWSY,0,0,Windows,unspecified
22:51:24.586,133.115,0.2315,0.2391,0.2353,0.4032,0.4867,DROWSY,0,0,Windows,unspecified
22:51:24.612,133.14,0.2159,0.2424,0.2291,0.3948,0.4867,DROWSY,0,0,Windows,unspecified
22:51:24.642,133.17,0.2159,0.2424,0.2291,0.4093,0.4867,DROWSY,0,0,Windows,unspecified
22:51:24.679,133.208,0.2094,0.2167,0.213,0.3969,0.4867,DROWSY,0,0,Windows,unspecified
22:51:24.705,133.234,0.2094,0.2167,0.213,0.3779,0.4867,DROWSY,0,0,Windows,unspecified
22:51:24.733,133.262,0.2094,0.2135,0.2114,0.3782,0.4867,DROWSY,0,0,Windows,unspecified
22:51:24.778,133.306,0.2094,0.2094,0.2094,0.389,0.4867,DROWSY,0,0,Windows,unspecified
22:51:24.812,133.34,0.2094,0.2102,0.2098,0.3877,0.48,DROWSY,0,0,Windows,unspecified
22:51:24.841,133.37,0.1874,0.184,0.1857,0.3877,0.4867,DROWSY,1,0,Windows,unspecified
22:51:24.872,133.401,0.1872,0.1466,0.1669,0.3863,0.4933,DROWSY,2,0,Windows,unspecified
22:51:24.909,133.438,0.1867,0.1504,0.1685,0.38,0.5,DROWSY,3,0,Windows,unspecified
22:51:24.938,133.466,0.1791,0.1504,0.1648,0.3911,0.5067,DROWSY,4,0,Windows,unspecified
22:51:24.984,133.513,0.2031,0.1436,0.1733,0.3986,0.5133,DROWSY,5,0,Windows,unspecified
22:51:25.017,133.545,0.1791,0.1436,0.1613,0.3865,0.52,DROWSY,6,0,Windows,unspecified
22:51:25.047,133.575,0.1872,0.1537,0.1704,0.3781,0.5267,DROWSY,7,0,Windows,unspecified
22:51:25.080,133.609,0.217,0.1504,0.1837,0.3858,0.5333,DROWSY,8,0,Windows,unspecified
22:51:25.110,133.638,0.1961,0.1611,0.1786,0.3919,0.54,DROWSY,9,0,Windows,unspecified
22:51:25.141,133.67,0.2044,0.1735,0.1889,0.4118,0.5467,DROWSY,10,0,Windows,unspecified
22:51:25.181,133.71,0.2193,0.1951,0.2072,0.4076,0.5533,DROWSY,11,0,Windows,unspecified
22:51:25.205,133.733,0.2094,0.1951,0.2023,0.3973,0.56,DROWSY,12,0,Windows,unspecified
22:51:25.234,133.762,0.2315,0.1951,0.2133,0.3973,0.56,DROWSY,0,0,Windows,unspecified
22:51:25.287,133.816,0.1955,0.1435,0.1695,0.3942,0.5667,DROWSY,1,0,Windows,unspecified
22:51:25.311,133.84,0.1604,0.1374,0.1489,0.4057,0.5733,DROWSY,2,0,Windows,unspecified
22:51:25.345,133.874,0.1733,0.1374,0.1553,0.4029,0.58,DROWSY,3,0,Windows,unspecified
22:51:25.385,133.914,0.137,0.1172,0.1271,0.4075,0.5867,DROWSY,4,0,Windows,unspecified
22:51:25.405,133.934,0.1712,0.0917,0.1315,0.3978,0.5933,DROWSY,5,0,Windows,unspecified
22:51:25.438,133.966,0.1786,0.1338,0.1562,0.3873,0.6,DROWSY,6,0,Windows,unspecified
22:51:25.481,134.01,0.1712,0.1316,0.1514,0.3916,0.6067,DROWSY,7,0,Windows,unspecified
22:51:25.517,134.045,0.2167,0.1501,0.1834,0.3713,0.6133,DROWSY,8,0,Windows,unspecified
22:51:25.548,134.076,0.2167,0.1247,0.1707,0.3722,0.62,DROWSY,9,0,Windows,unspecified
22:51:25.575,134.103,0.1202,0.0892,0.1047,0.4075,0.6267,DROWSY,10,0,Windows,unspecified
22:51:25.609,134.138,0.1361,0.1079,0.122,0.4069,0.6333,DROWSY,11,0,Windows,unspecified
22:51:25.641,134.17,0.1354,0.1197,0.1276,0.4106,0.64,DROWSY,12,0,Windows,unspecified
22:51:25.689,134.217,0.1237,0.1079,0.1158,0.4125,0.6467,DROWSY,13,0,Windows,unspecified
22:51:25.720,134.249,0.124,0.0894,0.1067,0.403,0.6533,DROWSY,14,0,Windows,unspecified
22:51:25.751,134.28,0.1164,0.0729,0.0947,0.4145,0.66,DROWSY,15,0,Windows,unspecified
22:51:25.783,134.312,0.0392,0.0481,0.0437,0.3883,0.6667,DROWSY,16,0,Windows,unspecified
22:51:25.812,134.341,0.0864,0.0503,0.0683,0.3794,0.6733,DROWSY,17,0,Windows,unspecified
22:51:25.844,134.373,0.0577,0.0503,0.054,0.3791,0.68,DROWSY,18,0,Windows,unspecified
22:51:25.880,134.408,0.1971,0.2,0.1986,0.3442,0.6867,DROWSY,19,0,Windows,unspecified
22:51:25.905,134.434,0.2154,0.1768,0.1961,0.378,0.6933,DROWSY,20,0,Windows,unspecified
22:51:25.941,134.47,0.224,0.1926,0.2083,0.3674,0.6933,DROWSY,0,0,Windows,unspecified
22:51:25.978,134.506,0.1576,0.1128,0.1352,0.3901,0.7,DROWSY,1,0,Windows,unspecified
22:51:26.002,134.53,0.1503,0.0813,0.1158,0.3835,0.7067,DROWSY,2,0,Windows,unspecified
22:51:26.031,134.559,0.1316,0.0823,0.107,0.3847,0.7133,DROWSY,3,0,Windows,unspecified
22:51:26.087,134.616,0.1777,0.1178,0.1477,0.3709,0.72,DROWSY,4,0,Windows,unspecified
22:51:26.125,134.653,0.1604,0.0674,0.1139,0.3968,0.7267,DROWSY,5,0,Windows,unspecified
22:51:26.156,134.685,0.1417,0.0676,0.1046,0.3872,0.7333,DROWSY,6,0,Windows,unspecified
22:51:26.185,134.714,0.2249,0.1653,0.1951,0.4128,0.74,DROWSY,7,0,Windows,unspecified
22:51:26.221,134.749,0.2277,0.1655,0.1966,0.3889,0.7467,DROWSY,8,0,Windows,unspecified
22:51:26.249,134.778,0.2325,0.1655,0.199,0.3889,0.7533,DROWSY,9,0,Windows,unspecified
22:51:26.279,134.808,0.2167,0.1301,0.1734,0.4291,0.7533,DROWSY,10,0,Windows,unspecified
22:51:26.313,134.841,0.1915,0.1649,0.1782,0.4141,0.7533,DROWSY,11,0,Windows,unspecified
22:51:26.345,134.874,0.2117,0.1648,0.1883,0.4141,0.76,DROWSY,12,0,Windows,unspecified
22:51:26.392,134.92,0.2123,0.1844,0.1984,0.401,0.76,DROWSY,13,0,Windows,unspecified
22:51:26.421,134.95,0.2532,0.1981,0.2257,0.4025,0.7533,DROWSY,0,0,Windows,unspecified
22:51:26.453,134.981,0.2328,0.1981,0.2154,0.4025,0.7467,DROWSY,0,0,Windows,unspecified
22:51:26.492,135.02,0.2328,0.2097,0.2212,0.4021,0.74,DROWSY,0,0,Windows,unspecified
22:51:26.518,135.047,0.2429,0.204,0.2234,0.3923,0.74,DROWSY,0,0,Windows,unspecified
22:51:26.547,135.076,0.2123,0.1844,0.1984,0.4021,0.7467,DROWSY,1,0,Windows,unspecified
22:51:26.588,135.116,0.2217,0.1913,0.2065,0.404,0.7533,DROWSY,2,0,Windows,unspecified
22:51:26.625,135.154,0.2005,0.192,0.1962,0.3908,0.76,DROWSY,3,0,Windows,unspecified
22:51:26.656,135.184,0.2005,0.192,0.1962,0.4027,0.7667,DROWSY,4,0,Windows,unspecified
22:51:26.688,135.216,0.076,0.1844,0.1302,0.3929,0.7733,DROWSY,5,0,Windows,unspecified
22:51:26.720,135.249,0.0614,0.1994,0.1304,0.3977,0.78,DROWSY,6,0,Windows,unspecified
22:51:26.749,135.278,0.0742,0.1718,0.123,0.3977,0.7867,DROWSY,7,0,Windows,unspecified
22:51:26.780,135.309,0.1471,0.1648,0.156,0.4006,0.7933,DROWSY,8,0,Windows,unspecified
22:51:26.810,135.339,0.168,0.1712,0.1696,0.3904,0.8,DROWSY,9,0,Windows,unspecified
22:51:26.844,135.373,0.1471,0.1716,0.1594,0.389,0.8067,DROWSY,10,0,Windows,unspecified
22:51:26.890,135.418,0.2182,0.2177,0.2179,0.386,0.8,DROWSY,0,0,Windows,unspecified
22:51:26.921,135.449,0.2123,0.1714,0.1918,0.385,0.8,DROWSY,1,0,Windows,unspecified
22:51:26.954,135.482,0.2242,0.2177,0.2209,0.3795,0.7933,DROWSY,0,0,Windows,unspecified
22:51:26.988,135.517,0.2123,0.1862,0.1992,0.3894,0.7933,DROWSY,1,0,Windows,unspecified
22:51:27.015,135.544,0.2073,0.1705,0.1889,0.3874,0.7933,DROWSY,2,0,Windows,unspecified
22:51:27.046,135.575,0.2277,0.1862,0.2069,0.3798,0.7933,DROWSY,3,0,Windows,unspecified
22:51:27.082,135.611,0.1172,0.1352,0.1262,0.386,0.7933,DROWSY,4,0,Windows,unspecified
22:51:27.109,135.637,0.147,0.1215,0.1343,0.4016,0.7933,DROWSY,5,0,Windows,unspecified
22:51:27.140,135.668,0.0847,0.1264,0.1055,0.4016,0.7933,DROWSY,6,0,Windows,unspecified
22:51:27.175,135.704,0.1316,0.1298,0.1307,0.4113,0.7933,DROWSY,7,0,Windows,unspecified
22:51:27.202,135.731,0.1513,0.1787,0.165,0.398,0.7933,DROWSY,8,0,Windows,unspecified
22:51:27.234,135.762,0.1605,0.1862,0.1733,0.398,0.7933,DROWSY,9,0,Windows,unspecified
22:51:27.288,135.816,0.1857,0.2082,0.1969,0.3896,0.7933,DROWSY,10,0,Windows,unspecified
22:51:27.313,135.841,0.2553,0.1784,0.2169,0.4111,0.7867,DROWSY,0,0,Windows,unspecified
22:51:27.342,135.871,0.2553,0.1987,0.227,0.4155,0.78,DROWSY,0,0,Windows,unspecified
22:51:27.384,135.912,0.2828,0.2325,0.2577,0.3878,0.7733,DROWSY,0,0,Windows,unspecified
22:51:27.408,135.936,0.2727,0.2522,0.2624,0.3818,0.7667,DROWSY,0,0,Windows,unspecified
22:51:27.438,135.967,0.2933,0.2522,0.2727,0.3818,0.76,DROWSY,0,0,Windows,unspecified
22:51:27.481,136.009,0.2472,0.2785,0.2629,0.374,0.7533,DROWSY,0,0,Windows,unspecified
22:51:27.516,136.044,0.2809,0.2703,0.2756,0.38,0.7467,DROWSY,0,0,Windows,unspecified
22:51:27.547,136.075,0.262,0.2619,0.262,0.3859,0.74,DROWSY,0,0,Windows,unspecified
22:51:27.591,136.12,0.2209,0.1819,0.2014,0.39,0.74,DROWSY,1,0,Windows,unspecified
22:51:27.622,136.151,0.2177,0.19,0.2038,0.4067,0.74,DROWSY,2,0,Windows,unspecified
22:51:27.655,136.184,0.2177,0.1716,0.1947,0.399,0.74,DROWSY,3,0,Windows,unspecified
22:51:27.689,136.218,0.2156,0.1789,0.1972,0.4283,0.74,DROWSY,4,0,Windows,unspecified
22:51:27.718,136.246,0.1763,0.1862,0.1813,0.4055,0.74,DROWSY,5,0,Windows,unspecified
22:51:27.749,136.278,0.1691,0.1862,0.1776,0.3971,0.74,DROWSY,6,0,Windows,unspecified
22:51:27.784,136.312,0.2102,0.2018,0.206,0.4113,0.74,DROWSY,7,0,Windows,unspecified
22:51:27.811,136.339,0.2013,0.1843,0.1928,0.3874,0.74,DROWSY,8,0,Windows,unspecified
22:51:27.843,136.372,0.2117,0.1843,0.198,0.3817,0.74,DROWSY,9,0,Windows,unspecified
22:51:27.879,136.408,0.2097,0.2038,0.2067,0.4018,0.74,DROWSY,10,0,Windows,unspecified
22:51:27.905,136.433,0.1915,0.2038,0.1976,0.3894,0.74,DROWSY,11,0,Windows,unspecified
22:51:27.936,136.465,0.1894,0.2038,0.1966,0.3894,0.74,DROWSY,12,0,Windows,unspecified
22:51:27.994,136.523,0.2102,0.18,0.1951,0.4029,0.74,DROWSY,13,0,Windows,unspecified
22:51:28.029,136.558,0.1718,0.1562,0.164,0.4142,0.74,DROWSY,14,0,Windows,unspecified
22:51:28.061,136.59,0.1718,0.1562,0.164,0.4142,0.74,DROWSY,15,0,Windows,unspecified
22:51:28.091,136.62,0.1799,0.1942,0.187,0.3943,0.74,DROWSY,16,0,Windows,unspecified
22:51:28.122,136.651,0.1843,0.1889,0.1866,0.4188,0.74,DROWSY,17,0,Windows,unspecified
22:51:28.155,136.684,0.1818,0.1961,0.189,0.4154,0.74,DROWSY,18,0,Windows,unspecified
22:51:28.183,136.712,0.1818,0.1318,0.1568,0.3955,0.74,DROWSY,19,0,Windows,unspecified
22:51:28.215,136.744,0.1401,0.117,0.1286,0.3997,0.74,DROWSY,20,0,Windows,unspecified
22:51:28.244,136.773,0.137,0.1007,0.1188,0.4043,0.74,DROWSY,21,0,Windows,unspecified
22:51:28.281,136.809,0.1199,0.1318,0.1259,0.4134,0.74,DROWSY,22,0,Windows,unspecified
22:51:28.307,136.836,0.1153,0.114,0.1147,0.4073,0.74,DROWSY,23,0,Windows,unspecified
22:51:28.341,136.87,0.1346,0.114,0.1243,0.4028,0.74,DROWSY,24,0,Windows,unspecified
22:51:28.396,136.925,0.1346,0.1473,0.1409,0.4028,0.74,DROWSY,25,0,Windows,unspecified
22:51:28.434,136.963,0.1296,0.1301,0.1299,0.4031,0.74,DROWSY,26,0,Windows,unspecified
22:51:28.465,136.994,0.1296,0.11,0.1198,0.4031,0.74,DROWSY,27,0,Windows,unspecified
22:51:28.496,137.025,0.1325,0.109,0.1208,0.3931,0.74,DROWSY,28,0,Windows,unspecified
22:51:28.528,137.057,0.1325,0.109,0.1208,0.3944,0.74,DROWSY,29,0,Windows,unspecified
22:51:28.559,137.087,0.1325,0.109,0.1208,0.4002,0.74,DROWSY,30,0,Windows,unspecified
22:51:28.588,137.117,0.1707,0.1568,0.1637,0.4021,0.74,DROWSY,31,0,Windows,unspecified
22:51:28.622,137.15,0.1865,0.1646,0.1755,0.3905,0.74,DROWSY,32,0,Windows,unspecified
22:51:28.653,137.182,0.1865,0.1646,0.1755,0.3928,0.74,DROWSY,33,0,Windows,unspecified
22:51:28.686,137.215,0.2603,0.221,0.2406,0.4119,0.7333,DROWSY,0,0,Windows,unspecified
22:51:28.712,137.24,0.2698,0.2385,0.2541,0.387,0.7267,DROWSY,0,0,Windows,unspecified
22:51:28.743,137.271,0.2599,0.2385,0.2492,0.3986,0.72,DROWSY,0,0,Windows,unspecified
22:51:28.792,137.32,0.299,0.2964,0.2977,0.4063,0.7133,DROWSY,0,0,Windows,unspecified
22:51:28.820,137.349,0.3002,0.2837,0.2919,0.4055,0.7067,DROWSY,0,0,Windows,unspecified
22:51:28.852,137.38,0.2896,0.2976,0.2936,0.3903,0.7,DROWSY,0,0,Windows,unspecified
22:51:28.888,137.416,0.3458,0.3385,0.3422,0.4075,0.6933,DROWSY,0,0,Windows,unspecified
22:51:28.917,137.446,0.3626,0.3382,0.3504,0.4014,0.6867,DROWSY,0,0,Windows,unspecified
22:51:28.948,137.477,0.3603,0.337,0.3486,0.3847,0.68,DROWSY,0,0,Windows,unspecified
22:51:28.980,137.509,0.3577,0.3162,0.337,0.3926,0.68,DROWSY,0,0,Windows,unspecified
22:51:29.009,137.538,0.3676,0.3547,0.3612,0.374,0.68,DROWSY,0,0,Windows,unspecified
22:51:29.042,137.57,0.3561,0.3397,0.3479,0.3697,0.68,DROWSY,0,0,Windows,unspecified
22:51:29.074,137.603,0.3767,0.3542,0.3655,0.3732,0.68,DROWSY,0,0,Windows,unspecified
22:51:29.106,137.634,0.352,0.3442,0.3481,0.3803,0.68,DROWSY,0,0,Windows,unspecified
22:51:29.135,137.664,0.377,0.3583,0.3677,0.3723,0.68,DROWSY,0,0,Windows,unspecified
22:51:29.168,137.697,0.352,0.3599,0.356,0.3715,0.68,DROWSY,0,0,Windows,unspecified
22:51:29.199,137.727,0.3836,0.3613,0.3724,0.3715,0.68,DROWSY,0,0,Windows,unspecified
22:51:29.230,137.759,0.367,0.3613,0.3641,0.3755,0.6733,DROWSY,0,0,Windows,unspecified
22:51:29.262,137.79,0.3612,0.3511,0.3562,0.3699,0.6667,DROWSY,0,0,Windows,unspecified
22:51:29.294,137.823,0.3788,0.3636,0.3712,0.3804,0.66,DROWSY,0,0,Windows,unspecified
22:51:29.326,137.854,0.3831,0.3442,0.3636,0.367,0.66,DROWSY,0,0,Windows,unspecified
22:51:29.355,137.884,0.3706,0.3636,0.3671,0.3721,0.66,DROWSY,0,0,Windows,unspecified
22:51:29.387,137.916,0.361,0.3747,0.3679,0.3666,0.66,DROWSY,0,0,Windows,unspecified
22:51:29.416,137.944,0.3754,0.3774,0.3764,0.3602,0.66,DROWSY,0,0,Windows,unspecified
22:51:29.449,137.978,0.3624,0.3757,0.3691,0.3557,0.66,DROWSY,0,0,Windows,unspecified
22:51:29.483,138.012,0.3729,0.3837,0.3783,0.3557,0.66,DROWSY,0,0,Windows,unspecified
22:51:29.512,138.041,0.3851,0.3927,0.3889,0.3615,0.66,DROWSY,0,0,Windows,unspecified
22:51:29.560,138.089,0.3832,0.4225,0.4029,0.3581,0.66,DROWSY,0,0,Windows,unspecified
22:51:29.592,138.121,0.3957,0.3949,0.3953,0.3529,0.66,DROWSY,0,0,Windows,unspecified
22:51:29.625,138.154,0.3621,0.3955,0.3788,0.3547,0.66,DROWSY,0,0,Windows,unspecified
22:51:29.656,138.185,0.3763,0.382,0.3791,0.3577,0.66,DROWSY,0,0,Windows,unspecified
22:51:29.692,138.22,0.403,0.3955,0.3992,0.3574,0.66,DROWSY,0,0,Windows,unspecified
22:51:29.717,138.246,0.4043,0.4097,0.407,0.3511,0.66,DROWSY,0,0,Windows,unspecified
22:51:29.754,138.283,0.3733,0.3927,0.383,0.352,0.66,DROWSY,0,0,Windows,unspecified
22:51:29.778,138.306,0.3531,0.3837,0.3684,0.352,0.66,DROWSY,0,0,Windows,unspecified
22:51:29.820,138.348,0.3231,0.3223,0.3227,0.3456,0.6533,DROWSY,0,0,Windows,unspecified
22:51:29.841,138.369,0.3076,0.2934,0.3005,0.3503,0.6467,DROWSY,0,0,Windows,unspecified
22:51:29.885,138.414,0.2027,0.1562,0.1795,0.3583,0.6467,DROWSY,1,0,Windows,unspecified
22:51:29.920,138.449,0.2087,0.1629,0.1858,0.361,0.6467,DROWSY,2,0,Windows,unspecified
22:51:29.960,138.489,0.2176,0.1634,0.1905,0.3726,0.6467,DROWSY,3,0,Windows,unspecified
22:51:29.998,138.527,0.2116,0.1921,0.2018,0.3719,0.6467,DROWSY,4,0,Windows,unspecified
22:51:30.029,138.558,0.168,0.1315,0.1497,0.3648,0.6467,DROWSY,5,0,Windows,unspecified
22:51:30.062,138.591,0.1847,0.1353,0.16,0.3712,0.6467,DROWSY,6,0,Windows,unspecified
22:51:30.089,138.618,0.2431,0.1903,0.2167,0.3663,0.64,DROWSY,0,0,Windows,unspecified
22:51:30.123,138.652,0.2763,0.2317,0.254,0.3557,0.6333,DROWSY,0,0,Windows,unspecified
22:51:30.158,138.686,0.3459,0.2714,0.3086,0.357,0.6267,DROWSY,0,0,Windows,unspecified
22:51:30.184,138.713,0.3364,0.2842,0.3103,0.3583,0.62,DROWSY,0,0,Windows,unspecified
22:51:30.219,138.747,0.3789,0.3513,0.3651,0.3575,0.62,DROWSY,0,0,Windows,unspecified
22:51:30.247,138.776,0.3808,0.3413,0.3611,0.3612,0.6133,DROWSY,0,0,Windows,unspecified
22:51:30.279,138.808,0.409,0.3816,0.3953,0.3521,0.6067,DROWSY,0,0,Windows,unspecified
22:51:30.309,138.838,0.3788,0.3716,0.3752,0.3406,0.6,DROWSY,0,0,Windows,unspecified
22:51:30.364,138.893,0.3561,0.3494,0.3528,0.3539,0.5933,DROWSY,0,0,Windows,unspecified
22:51:30.387,138.916,0.3675,0.3483,0.3579,0.3398,0.5867,DROWSY,0,0,Windows,unspecified
22:51:30.428,138.956,0.3862,0.3499,0.368,0.3486,0.58,DROWSY,0,0,Windows,unspecified
22:51:30.452,138.98,0.3561,0.3333,0.3447,0.3482,0.5733,DROWSY,0,0,Windows,unspecified
22:51:30.492,139.021,0.3636,0.3146,0.3391,0.3514,0.5667,DROWSY,0,0,Windows,unspecified
22:51:30.515,139.043,0.3468,0.3383,0.3425,0.3505,0.56,DROWSY,0,0,Windows,unspecified
22:51:30.556,139.084,0.409,0.3599,0.3845,0.3637,0.5533,DROWSY,0,0,Windows,unspecified
22:51:30.589,139.118,0.3957,0.3852,0.3904,0.35,0.5467,DROWSY,0,0,Windows,unspecified
22:51:30.623,139.152,0.4249,0.366,0.3954,0.3547,0.54,DROWSY,0,0,Windows,unspecified
22:51:30.655,139.183,0.4113,0.366,0.3886,0.3432,0.5333,DROWSY,0,0,Windows,unspecified
22:51:30.684,139.213,0.3816,0.3721,0.3769,0.3413,0.5267,DROWSY,0,0,Windows,unspecified
22:51:30.716,139.244,0.3767,0.3686,0.3726,0.3454,0.52,DROWSY,0,0,Windows,unspecified
22:51:30.760,139.289,0.2171,0.2391,0.2281,0.3574,0.5133,DROWSY,0,0,Windows,unspecified
22:51:30.793,139.322,0.1952,0.2317,0.2134,0.3738,0.5067,DROWSY,0,0,Windows,unspecified
22:51:30.831,139.359,0.1491,0.1532,0.1511,0.3587,0.5067,DROWSY,1,0,Windows,unspecified
22:51:30.855,139.384,0.1966,0.191,0.1938,0.3658,0.5067,DROWSY,2,0,Windows,unspecified
22:51:30.891,139.42,0.1625,0.1298,0.1461,0.3761,0.5067,DROWSY,3,0,Windows,unspecified
22:51:30.918,139.447,0.1353,0.1115,0.1234,0.3775,0.5133,DROWSY,4,0,Windows,unspecified
22:51:30.955,139.484,0.1968,0.1638,0.1803,0.3774,0.5133,DROWSY,5,0,Windows,unspecified
22:51:30.978,139.507,0.2238,0.1968,0.2103,0.3722,0.5067,DROWSY,0,0,Windows,unspecified
22:51:31.019,139.548,0.2655,0.2717,0.2686,0.3853,0.5,DROWSY,0,0,Windows,unspecified
22:51:31.043,139.571,0.2655,0.2869,0.2762,0.3838,0.4933,DROWSY,0,0,Windows,unspecified
22:51:31.080,139.608,0.2859,0.2481,0.267,0.3949,0.4867,DROWSY,0,0,Windows,unspecified
22:51:31.105,139.633,0.2804,0.2774,0.2789,0.3969,0.48,DROWSY,0,0,Windows,unspecified
22:51:31.160,139.689,0.296,0.2627,0.2794,0.398,0.4733,DROWSY,0,0,Windows,unspecified
22:51:31.183,139.712,0.2648,0.2616,0.2632,0.3933,0.4667,DROWSY,0,0,Windows,unspecified
22:51:31.227,139.756,0.2655,0.2557,0.2606,0.3887,0.46,DROWSY,0,0,Windows,unspecified
22:51:31.262,139.791,0.2465,0.2529,0.2497,0.4081,0.4533,DROWSY,0,0,Windows,unspecified
22:51:31.293,139.822,0.2702,0.2688,0.2695,0.403,0.4467,DROWSY,0,0,Windows,unspecified
22:51:31.324,139.853,0.2743,0.2566,0.2654,0.4089,0.44,DROWSY,0,0,Windows,unspecified
22:51:31.352,139.881,0.2934,0.3014,0.2974,0.4141,0.4333,DROWSY,0,0,Windows,unspecified
22:51:31.388,139.917,0.2899,0.2917,0.2908,0.4084,0.4333,DROWSY,0,0,Windows,unspecified
22:51:31.417,139.946,0.2977,0.2794,0.2886,0.4052,0.4333,DROWSY,0,0,Windows,unspecified
22:51:31.448,139.976,0.2726,0.2873,0.28,0.4095,0.4333,DROWSY,0,0,Windows,unspecified
22:51:31.482,140.011,0.2252,0.2674,0.2463,0.4089,0.4333,DROWSY,0,0,Windows,unspecified
22:51:31.513,140.042,0.1765,0.2172,0.1968,0.3984,0.4333,DROWSY,1,0,Windows,unspecified
22:51:31.565,140.094,0.2221,0.2154,0.2187,0.3935,0.4267,DROWSY,0,0,Windows,unspecified
22:51:31.593,140.121,0.1961,0.23,0.213,0.3896,0.42,DROWSY,0,0,Windows,unspecified
22:51:31.628,140.156,0.1394,0.1687,0.1541,0.3891,0.42,DROWSY,1,0,Windows,unspecified
22:51:31.654,140.182,0.1115,0.1679,0.1397,0.3942,0.42,DROWSY,2,0,Windows,unspecified
22:51:31.688,140.217,0.1453,0.1425,0.1439,0.3915,0.42,DROWSY,3,0,Windows,unspecified
22:51:31.715,140.244,0.1647,0.1567,0.1607,0.3956,0.42,DROWSY,4,0,Windows,unspecified
22:51:31.752,140.28,0.1961,0.1696,0.1829,0.4016,0.42,DROWSY,5,0,Windows,unspecified
22:51:31.780,140.308,0.2414,0.1916,0.2165,0.4126,0.4133,DROWSY,0,0,Windows,unspecified
22:51:31.818,140.346,0.2182,0.1824,0.2003,0.4082,0.4133,DROWSY,1,0,Windows,unspecified
22:51:31.840,140.369,0.2138,0.1991,0.2064,0.3998,0.42,DROWSY,2,0,Windows,unspecified
22:51:31.882,140.411,0.2985,0.2247,0.2616,0.3838,0.4133,DROWSY,0,0,Windows,unspecified
22:51:31.918,140.446,0.3512,0.249,0.3001,0.39,0.4133,DROWSY,0,0,Windows,unspecified
22:51:31.960,140.489,0.2249,0.2615,0.2432,0.3913,0.4067,DROWSY,0,0,Windows,unspecified
22:51:31.996,140.525,0.23,0.2294,0.2297,0.3866,0.4,DROWSY,0,0,Windows,unspecified
22:51:32.027,140.556,0.1971,0.1817,0.1894,0.3808,0.4,DROWSY,1,0,Windows,unspecified
22:51:32.058,140.587,0.2446,0.1815,0.2131,0.3877,0.3933,DROWSY,0,0,Windows,unspecified
22:51:32.091,140.62,0.2618,0.1837,0.2228,0.3537,0.3867,DROWSY,0,0,Windows,unspecified
22:51:32.119,140.648,0.2618,0.1825,0.2221,0.3551,0.38,DROWSY,0,0,Windows,unspecified
22:51:32.155,140.684,0.3067,0.2542,0.2805,0.3433,0.3733,DROWSY,0,0,Windows,unspecified
22:51:32.183,140.712,0.316,0.2683,0.2921,0.3397,0.3667,DROWSY,0,0,Windows,unspecified
22:51:32.220,140.749,0.3714,0.3625,0.3669,0.3475,0.36,DROWSY,0,0,Windows,unspecified
22:51:32.245,140.774,0.3354,0.3241,0.3297,0.3486,0.3533,DROWSY,0,0,Windows,unspecified
22:51:32.283,140.812,0.3531,0.3491,0.3511,0.3634,0.3533,DROWSY,0,0,Windows,unspecified
22:51:32.305,140.833,0.3677,0.3396,0.3536,0.3606,0.3533,DROWSY,0,0,Windows,unspecified
22:51:32.361,140.89,0.3567,0.3413,0.349,0.3666,0.3533,DROWSY,0,0,Windows,unspecified
22:51:32.386,140.915,0.3388,0.3482,0.3435,0.3645,0.3533,DROWSY,0,0,Windows,unspecified
22:51:32.424,140.952,0.3366,0.3445,0.3405,0.3621,0.3533,DROWSY,0,0,Windows,unspecified
22:51:32.445,140.973,0.3164,0.3293,0.3228,0.3729,0.3533,DROWSY,0,0,Windows,unspecified
22:51:32.488,141.016,0.3313,0.3221,0.3267,0.3656,0.3533,DROWSY,0,0,Windows,unspecified
22:51:32.525,141.054,0.311,0.2873,0.2991,0.3734,0.3533,DROWSY,0,0,Windows,unspecified
22:51:32.556,141.084,0.2956,0.2738,0.2847,0.3695,0.3467,NORMAL,0,0,Windows,unspecified
22:51:32.588,141.117,0.2603,0.2762,0.2683,0.3718,0.34,NORMAL,0,0,Windows,unspecified
22:51:32.619,141.148,0.2956,0.2989,0.2973,0.3638,0.3333,NORMAL,0,0,Windows,unspecified
22:51:32.652,141.18,0.2729,0.2709,0.2719,0.3652,0.3267,NORMAL,0,0,Windows,unspecified
22:51:32.684,141.212,0.2992,0.3098,0.3045,0.3627,0.32,NORMAL,0,0,Windows,unspecified
22:51:32.715,141.243,0.2992,0.2814,0.2903,0.371,0.3133,NORMAL,0,0,Windows,unspecified
22:51:32.762,141.29,0.2842,0.268,0.2761,0.3654,0.3067,NORMAL,0,0,Windows,unspecified
22:51:32.789,141.318,0.2847,0.2672,0.2759,0.3554,0.3,NORMAL,0,0,Windows,unspecified
22:51:32.823,141.352,0.2686,0.2667,0.2677,0.3543,0.2933,NORMAL,0,0,Windows,unspecified
22:51:32.852,141.381,0.2852,0.2525,0.2689,0.3592,0.2867,NORMAL,0,0,Windows,unspecified
22:51:32.891,141.42,0.2784,0.2672,0.2728,0.3721,0.28,NORMAL,0,0,Windows,unspecified
22:51:32.916,141.445,0.2565,0.2525,0.2545,0.3679,0.2733,NORMAL,0,0,Windows,unspecified
22:51:32.956,141.484,0.238,0.2537,0.2459,0.3966,0.2667,NORMAL,0,0,Windows,unspecified
22:51:32.997,141.525,0.2639,0.2537,0.2588,0.3829,0.26,NORMAL,0,0,Windows,unspecified
22:51:33.025,141.554,0.2497,0.2459,0.2478,0.4002,0.2533,NORMAL,0,0,Windows,unspecified
22:51:33.055,141.584,0.2181,0.2304,0.2243,0.414,0.2467,NORMAL,0,0,Windows,unspecified
22:51:33.086,141.615,0.296,0.2934,0.2947,0.4067,0.24,NORMAL,0,0,Windows,unspecified
22:51:33.116,141.645,0.3031,0.2843,0.2937,0.401,0.2333,NORMAL,0,0,Windows,unspecified
22:51:33.164,141.693,0.2897,0.2843,0.287,0.403,0.2267,NORMAL,0,0,Windows,unspecified
22:51:33.199,141.727,0.3031,0.3002,0.3017,0.403,0.22,NORMAL,0,0,Windows,unspecified
22:51:33.225,141.754,0.296,0.2859,0.291,0.4024,0.2133,NORMAL,0,0,Windows,unspecified
22:51:33.258,141.787,0.296,0.2859,0.291,0.4012,0.2067,NORMAL,0,0,Windows,unspecified
22:51:33.292,141.82,0.2968,0.2717,0.2842,0.4065,0.2,NORMAL,0,0,Windows,unspecified
22:51:33.321,141.849,0.2905,0.2859,0.2882,0.399,0.1933,NORMAL,0,0,Windows,unspecified
22:51:33.352,141.881,0.2869,0.2708,0.2789,0.398,0.1867,NORMAL,0,0,Windows,unspecified
22:51:33.385,141.913,0.2874,0.2859,0.2866,0.393,0.18,NORMAL,0,0,Windows,unspecified
22:51:33.420,141.949,0.2897,0.2859,0.2878,0.3882,0.1733,NORMAL,0,0,Windows,unspecified
22:51:33.447,141.976,0.2735,0.2859,0.2797,0.3933,0.1667,NORMAL,0,0,Windows,unspecified
22:51:33.483,142.011,0.3003,0.2774,0.2888,0.3943,0.16,NORMAL,0,0,Windows,unspecified
22:51:33.508,142.037,0.2854,0.3021,0.2937,0.4023,0.1533,NORMAL,0,0,Windows,unspecified
22:51:33.561,142.09,0.2995,0.2833,0.2914,0.3949,0.1467,NORMAL,0,0,Windows,unspecified
22:51:33.585,142.114,0.2837,0.2923,0.288,0.403,0.14,NORMAL,0,0,Windows,unspecified
22:51:33.628,142.156,0.2888,0.274,0.2814,0.3976,0.1333,NORMAL,0,0,Windows,unspecified
22:51:33.664,142.192,0.2837,0.2505,0.2671,0.3989,0.1333,NORMAL,0,0,Windows,unspecified
22:51:33.694,142.223,0.2766,0.2651,0.2708,0.404,0.1333,NORMAL,0,0,Windows,unspecified
22:51:33.727,142.255,0.2905,0.2841,0.2873,0.3941,0.1333,NORMAL,0,0,Windows,unspecified
22:51:33.757,142.285,0.3041,0.3025,0.3033,0.3918,0.1333,NORMAL,0,0,Windows,unspecified
22:51:33.790,142.319,0.3254,0.3091,0.3172,0.3929,0.1333,NORMAL,0,0,Windows,unspecified
22:51:33.819,142.347,0.3254,0.2957,0.3105,0.3834,0.1333,NORMAL,0,0,Windows,unspecified
22:51:33.853,142.381,0.3147,0.2878,0.3012,0.3969,0.1333,NORMAL,0,0,Windows,unspecified
22:51:33.879,142.408,0.3305,0.2848,0.3076,0.4078,0.1333,NORMAL,0,0,Windows,unspecified
22:51:33.913,142.442,0.3305,0.2996,0.3151,0.4046,0.1333,NORMAL,0,0,Windows,unspecified
22:51:33.969,142.498,0.3305,0.304,0.3173,0.3995,0.1333,NORMAL,0,0,Windows,unspecified
22:51:34.006,142.535,0.3305,0.304,0.3173,0.3995,0.1333,NORMAL,0,0,Windows,unspecified
22:51:34.038,142.566,0.3417,0.3087,0.3252,0.3811,0.1333,NORMAL,0,0,Windows,unspecified
22:51:34.070,142.599,0.338,0.2939,0.3159,0.3797,0.1333,NORMAL,0,0,Windows,unspecified
22:51:34.099,142.628,0.3264,0.3132,0.3198,0.3911,0.1333,NORMAL,0,0,Windows,unspecified
22:51:34.134,142.662,0.3264,0.323,0.3247,0.3728,0.1333,NORMAL,0,0,Windows,unspecified
22:51:34.163,142.692,0.3417,0.3385,0.3401,0.3665,0.1333,NORMAL,0,0,Windows,unspecified
22:51:34.196,142.724,0.3403,0.3459,0.3431,0.3539,0.1333,NORMAL,0,0,Windows,unspecified
22:51:34.226,142.754,0.3694,0.3502,0.3598,0.3562,0.1333,NORMAL,0,0,Windows,unspecified
22:51:34.259,142.787,0.3663,0.352,0.3592,0.3548,0.1333,NORMAL,0,0,Windows,unspecified
22:51:34.288,142.816,0.393,0.3597,0.3764,0.3444,0.1333,NORMAL,0,0,Windows,unspecified
22:51:34.320,142.849,0.3677,0.3399,0.3538,0.3336,0.1333,NORMAL,0,0,Windows,unspecified
22:51:34.362,142.891,0.3971,0.3493,0.3732,0.3393,0.1333,NORMAL,0,0,Windows,unspecified
22:51:34.383,142.911,0.3805,0.3583,0.3694,0.3537,0.1333,NORMAL,0,0,Windows,unspecified
22:51:34.428,142.956,0.3819,0.3392,0.3605,0.353,0.1333,NORMAL,0,0,Windows,unspecified
22:51:34.462,142.991,0.4027,0.3392,0.3709,0.3428,0.1333,NORMAL,0,0,Windows,unspecified
22:51:34.493,143.022,0.3981,0.3512,0.3746,0.3435,0.1333,NORMAL,0,0,Windows,unspecified
22:51:34.525,143.054,0.3882,0.3437,0.3659,0.3504,0.1333,NORMAL,0,0,Windows,unspecified
22:51:34.556,143.085,0.3829,0.3534,0.3681,0.3421,0.1333,NORMAL,0,0,Windows,unspecified
22:51:34.587,143.116,0.3893,0.3363,0.3628,0.3318,0.1333,NORMAL,0,0,Windows,unspecified
22:51:34.615,143.144,0.3882,0.3606,0.3744,0.3477,0.1333,NORMAL,0,0,Windows,unspecified
22:51:34.649,143.178,0.3882,0.346,0.3671,0.3549,0.1333,NORMAL,0,0,Windows,unspecified
22:51:34.682,143.211,0.3882,0.3363,0.3622,0.3465,0.1333,NORMAL,0,0,Windows,unspecified
22:51:34.709,143.238,0.3893,0.3363,0.3628,0.3549,0.1333,NORMAL,0,0,Windows,unspecified
22:51:34.761,143.29,0.3893,0.3395,0.3644,0.3564,0.1333,NORMAL,0,0,Windows,unspecified
22:51:34.790,143.318,0.3893,0.3395,0.3644,0.3564,0.1333,NORMAL,0,0,Windows,unspecified
22:51:34.829,143.358,0.3768,0.3493,0.363,0.3546,0.1333,NORMAL,0,0,Windows,unspecified
22:51:34.865,143.394,0.3829,0.3493,0.3661,0.3485,0.1333,NORMAL,0,0,Windows,unspecified
22:51:34.895,143.423,0.3829,0.3392,0.361,0.3488,0.1267,NORMAL,0,0,Windows,unspecified
22:51:34.928,143.457,0.3956,0.3403,0.3679,0.3527,0.12,NORMAL,0,0,Windows,unspecified
22:51:34.960,143.489,0.3829,0.3505,0.3667,0.3432,0.1133,NORMAL,0,0,Windows,unspecified
22:51:34.990,143.518,0.3848,0.3345,0.3596,0.3494,0.1067,NORMAL,0,0,Windows,unspecified
22:51:35.024,143.552,0.3971,0.3606,0.3788,0.3414,0.1,NORMAL,0,0,Windows,unspecified
22:51:35.054,143.582,0.3945,0.3753,0.3849,0.3443,0.0933,NORMAL,0,0,Windows,unspecified
22:51:35.085,143.613,0.4185,0.3624,0.3905,0.3383,0.0933,NORMAL,0,0,Windows,unspecified
22:51:35.115,143.643,0.4061,0.3789,0.3925,0.342,0.0933,NORMAL,0,0,Windows,unspecified
22:51:35.161,143.689,0.3768,0.3505,0.3636,0.3373,0.0933,NORMAL,0,0,Windows,unspecified
22:51:35.195,143.724,0.3768,0.3505,0.3636,0.345,0.0933,NORMAL,0,0,Windows,unspecified
22:51:35.227,143.756,0.38,0.3505,0.3653,0.3453,0.0933,NORMAL,0,0,Windows,unspecified
22:51:35.259,143.788,0.3956,0.3524,0.374,0.3427,0.0933,NORMAL,0,0,Windows,unspecified
22:51:35.292,143.82,0.3683,0.349,0.3587,0.3491,0.0933,NORMAL,0,0,Windows,unspecified
22:51:35.317,143.846,0.3458,0.3553,0.3506,0.353,0.0933,NORMAL,0,0,Windows,unspecified
22:51:35.356,143.884,0.3758,0.3583,0.367,0.3501,0.0933,NORMAL,0,0,Windows,unspecified
22:51:35.380,143.908,0.3768,0.3553,0.3661,0.3487,0.0933,NORMAL,0,0,Windows,unspecified
22:51:35.421,143.949,0.4039,0.3703,0.3871,0.3368,0.0933,NORMAL,0,0,Windows,unspecified
22:51:35.442,143.971,0.4039,0.3703,0.3871,0.3401,0.0933,NORMAL,0,0,Windows,unspecified
22:51:35.479,144.007,0.3971,0.3563,0.3767,0.3382,0.0933,NORMAL,0,0,Windows,unspecified
22:51:35.503,144.031,0.3971,0.3534,0.3752,0.339,0.0933,NORMAL,0,0,Windows,unspecified
22:51:35.560,144.088,0.3956,0.3534,0.3745,0.3531,0.0933,NORMAL,0,0,Windows,unspecified
22:51:35.596,144.124,0.4012,0.3563,0.3788,0.3509,0.0933,NORMAL,0,0,Windows,unspecified
22:51:35.625,144.154,0.3805,0.3534,0.367,0.3489,0.0933,NORMAL,0,0,Windows,unspecified
22:51:35.658,144.187,0.3805,0.3534,0.367,0.3486,0.0933,NORMAL,0,0,Windows,unspecified
22:51:35.692,144.22,0.3688,0.3534,0.3611,0.3546,0.0933,NORMAL,0,0,Windows,unspecified
22:51:35.723,144.251,0.3956,0.3534,0.3745,0.3571,0.0933,NORMAL,0,0,Windows,unspecified
22:51:35.755,144.284,0.3795,0.3487,0.3641,0.3528,0.0933,NORMAL,0,0,Windows,unspecified
22:51:35.783,144.312,0.3925,0.3583,0.3754,0.3463,0.0933,NORMAL,0,0,Windows,unspecified
22:51:35.817,144.345,0.3795,0.3613,0.3704,0.3439,0.0867,NORMAL,0,0,Windows,unspecified
22:51:35.846,144.375,0.3674,0.3233,0.3453,0.3457,0.08,NORMAL,0,0,Windows,unspecified
22:51:35.885,144.413,0.4019,0.3468,0.3743,0.3464,0.0733,NORMAL,0,0,Windows,unspecified
22:51:35.907,144.436,0.4019,0.3613,0.3816,0.3493,0.0667,NORMAL,0,0,Windows,unspecified
22:51:35.961,144.49,0.4207,0.3583,0.3895,0.3437,0.06,NORMAL,0,0,Windows,unspecified
22:51:35.984,144.513,0.4282,0.3874,0.4078,0.3517,0.06,NORMAL,0,0,Windows,unspecified
22:51:36.025,144.553,0.4195,0.3758,0.3977,0.3514,0.06,NORMAL,0,0,Windows,unspecified
22:51:36.048,144.577,0.4102,0.3636,0.3869,0.3572,0.06,NORMAL,0,0,Windows,unspecified
22:51:36.088,144.617,0.3945,0.3493,0.3719,0.3529,0.06,NORMAL,0,0,Windows,unspecified
22:51:36.113,144.642,0.3869,0.3325,0.3597,0.3593,0.06,NORMAL,0,0,Windows,unspecified
22:51:36.154,144.683,0.1674,0.1044,0.1359,0.3676,0.0667,NORMAL,1,0,Windows,unspecified
22:51:36.190,144.719,0.1246,0.0762,0.1004,0.3604,0.0733,NORMAL,2,0,Windows,unspecified
22:51:36.218,144.747,0.1201,0.094,0.107,0.3674,0.08,NORMAL,3,0,Windows,unspecified
22:51:36.253,144.782,0.1452,0.1306,0.1379,0.3592,0.0867,NORMAL,4,0,Windows,unspecified
22:51:36.282,144.811,0.2256,0.2085,0.2171,0.3402,0.0867,NORMAL,0,0,Windows,unspecified
22:51:36.313,144.842,0.2844,0.2392,0.2618,0.3496,0.0867,NORMAL,0,0,Windows,unspecified
22:51:36.366,144.894,0.3612,0.3286,0.3449,0.3594,0.0867,NORMAL,0,0,Windows,unspecified
22:51:36.393,144.921,0.3812,0.337,0.3591,0.3645,0.0867,NORMAL,0,0,Windows,unspecified
22:51:36.427,144.956,0.3458,0.3527,0.3493,0.3658,0.0867,NORMAL,0,0,Windows,unspecified
22:51:36.455,144.983,0.3494,0.3671,0.3582,0.3663,0.0867,NORMAL,0,0,Windows,unspecified
22:51:36.488,145.016,0.3694,0.3468,0.3581,0.3581,0.0867,NORMAL,0,0,Windows,unspecified
22:51:36.518,145.047,0.3547,0.3576,0.3561,0.3474,0.08,NORMAL,0,0,Windows,unspecified
22:51:36.552,145.081,0.3705,0.3832,0.3768,0.3551,0.08,NORMAL,0,0,Windows,unspecified
22:51:36.580,145.108,0.3846,0.3875,0.3861,0.3522,0.08,NORMAL,0,0,Windows,unspecified
22:51:36.619,145.147,0.3936,0.3812,0.3874,0.333,0.0733,NORMAL,0,0,Windows,unspecified
22:51:36.645,145.174,0.3712,0.3663,0.3687,0.3313,0.0667,NORMAL,0,0,Windows,unspecified
22:51:36.680,145.209,0.399,0.3669,0.383,0.3348,0.06,NORMAL,0,0,Windows,unspecified
22:51:36.708,145.236,0.3825,0.3546,0.3686,0.343,0.0533,NORMAL,0,0,Windows,unspecified
22:51:36.763,145.292,0.3983,0.3393,0.3688,0.3372,0.0467,NORMAL,0,0,Windows,unspecified
22:51:36.801,145.329,0.3833,0.3369,0.3601,0.3282,0.0467,NORMAL,0,0,Windows,unspecified
22:51:36.833,145.361,0.3833,0.346,0.3646,0.335,0.04,NORMAL,0,0,Windows,unspecified
22:51:36.864,145.393,0.3983,0.3564,0.3773,0.3317,0.0333,NORMAL,0,0,Windows,unspecified
22:51:36.893,145.422,0.3186,0.2957,0.3072,0.3336,0.0333,NORMAL,0,0,Windows,unspecified
22:51:36.928,145.456,0.319,0.2666,0.2928,0.3449,0.0333,NORMAL,0,0,Windows,unspecified
22:51:36.957,145.486,0.1707,0.1122,0.1414,0.3514,0.04,NORMAL,1,0,Windows,unspecified
22:51:36.987,145.515,0.1484,0.062,0.1052,0.3707,0.0467,NORMAL,2,0,Windows,unspecified
22:51:37.018,145.547,0.1127,0.0733,0.093,0.3697,0.0467,NORMAL,3,0,Windows,unspecified
22:51:37.051,145.58,0.1044,0.0792,0.0918,0.36,0.0533,NORMAL,4,0,Windows,unspecified
22:51:37.080,145.609,0.1057,0.1271,0.1164,0.3742,0.06,NORMAL,5,0,Windows,unspecified
22:51:37.112,145.641,0.0816,0.1427,0.1122,0.3837,0.0667,NORMAL,6,0,Windows,unspecified
22:51:37.159,145.688,0.2043,0.1935,0.1989,0.3992,0.0733,NORMAL,7,0,Windows,unspecified
22:51:37.191,145.72,0.1798,0.2092,0.1945,0.3856,0.08,NORMAL,8,0,Windows,unspecified
22:51:37.228,145.756,0.1507,0.1637,0.1572,0.4041,0.0867,NORMAL,9,0,Windows,unspecified
22:51:37.253,145.782,0.1324,0.1494,0.1409,0.4079,0.0933,WARNING,10,0,Windows,unspecified
22:51:37.292,145.82,0.1857,0.2032,0.1945,0.4042,0.1,WARNING,11,0,Windows,unspecified
22:51:37.316,145.844,0.166,0.1973,0.1816,0.4086,0.1067,WARNING,12,0,Windows,unspecified
22:51:37.354,145.883,0.2416,0.275,0.2583,0.3998,0.1067,NORMAL,0,0,Windows,unspecified
22:51:37.377,145.906,0.2266,0.2721,0.2493,0.4037,0.1067,NORMAL,0,0,Windows,unspecified
22:51:37.420,145.949,0.2482,0.2637,0.2559,0.3944,0.1067,NORMAL,0,0,Windows,unspecified
22:51:37.455,145.984,0.2698,0.2774,0.2736,0.4034,0.1067,NORMAL,0,0,Windows,unspecified
22:51:37.487,146.016,0.2934,0.2774,0.2854,0.3957,0.1067,NORMAL,0,0,Windows,unspecified
22:51:37.518,146.047,0.2741,0.2774,0.2757,0.3927,0.1067,NORMAL,0,0,Windows,unspecified
22:51:37.569,146.097,0.266,0.2774,0.2717,0.397,0.1067,NORMAL,0,0,Windows,unspecified
22:51:37.595,146.124,0.2759,0.2985,0.2872,0.4016,0.1067,NORMAL,0,0,Windows,unspecified
22:51:37.626,146.154,0.2751,0.2862,0.2806,0.4091,0.1067,NORMAL,0,0,Windows,unspecified
22:51:37.658,146.186,0.2836,0.2797,0.2817,0.4112,0.1067,NORMAL,0,0,Windows,unspecified
22:51:37.692,146.22,0.2628,0.2711,0.267,0.4055,0.1067,NORMAL,0,0,Windows,unspecified
22:51:37.720,146.249,0.2599,0.2774,0.2686,0.4035,0.1067,NORMAL,0,0,Windows,unspecified
22:51:37.755,146.284,0.2845,0.2848,0.2847,0.4011,0.1067,NORMAL,0,0,Windows,unspecified
22:51:37.782,146.31,0.28,0.2785,0.2792,0.4004,0.1067,NORMAL,0,0,Windows,unspecified
22:51:37.821,146.35,0.2973,0.2721,0.2847,0.4031,0.1067,NORMAL,0,0,Windows,unspecified
22:51:37.845,146.373,0.2936,0.2884,0.291,0.4013,0.1067,NORMAL,0,0,Windows,unspecified
22:51:37.884,146.412,0.247,0.23,0.2385,0.3965,0.1067,NORMAL,0,0,Windows,unspecified
22:51:37.908,146.436,0.2319,0.2526,0.2422,0.4059,0.1067,NORMAL,0,0,Windows,unspecified
22:51:37.960,146.489,0.1437,0.1574,0.1506,0.4162,0.1133,NORMAL,1,0,Windows,unspecified
22:51:37.984,146.513,0.0483,0.1045,0.0764,0.412,0.12,NORMAL,2,0,Windows,unspecified
22:51:38.025,146.554,0.0649,0.0981,0.0815,0.417,0.1267,NORMAL,3,0,Windows,unspecified
22:51:38.050,146.579,0.0475,0.0693,0.0584,0.4188,0.1333,NORMAL,4,0,Windows,unspecified
22:51:38.088,146.617,0.0981,0.0932,0.0956,0.404,0.14,NORMAL,5,0,Windows,unspecified
22:51:38.113,146.642,0.1359,0.0932,0.1146,0.4121,0.1467,NORMAL,6,0,Windows,unspecified
22:51:38.155,146.684,0.1387,0.1207,0.1297,0.4048,0.1533,NORMAL,7,0,Windows,unspecified
22:51:38.190,146.719,0.1749,0.1404,0.1577,0.4036,0.16,NORMAL,8,0,Windows,unspecified
22:51:38.219,146.748,0.2497,0.1885,0.2191,0.4051,0.16,NORMAL,0,0,Windows,unspecified
22:51:38.252,146.78,0.216,0.1846,0.2003,0.3943,0.1667,NORMAL,1,0,Windows,unspecified
22:51:38.286,146.814,0.2425,0.2331,0.2378,0.4007,0.1667,NORMAL,0,0,Windows,unspecified
22:51:38.314,146.843,0.2567,0.2133,0.235,0.4031,0.1667,NORMAL,0,0,Windows,unspecified
22:51:38.362,146.891,0.2826,0.2702,0.2764,0.4013,0.1667,NORMAL,0,0,Windows,unspecified
22:51:38.393,146.922,0.2832,0.2768,0.28,0.4034,0.1667,NORMAL,0,0,Windows,unspecified
22:51:38.424,146.953,0.3121,0.2873,0.2997,0.3977,0.1667,NORMAL,0,0,Windows,unspecified
22:51:38.455,146.983,0.3013,0.2805,0.2909,0.3913,0.1667,NORMAL,0,0,Windows,unspecified
22:51:38.490,147.019,0.3008,0.3224,0.3116,0.405,0.1667,NORMAL,0,0,Windows,unspecified
22:51:38.515,147.044,0.3115,0.3385,0.325,0.3989,0.1667,NORMAL,0,0,Windows,unspecified
22:51:38.557,147.086,0.3212,0.3257,0.3234,0.4203,0.1667,NORMAL,0,0,Windows,unspecified
22:51:38.580,147.109,0.3101,0.3346,0.3223,0.3878,0.1667,NORMAL,0,0,Windows,unspecified
22:51:38.620,147.149,0.3547,0.3257,0.3402,0.4033,0.1667,NORMAL,0,0,Windows,unspecified
22:51:38.656,147.185,0.3673,0.3393,0.3533,0.4059,0.1667,NORMAL,0,0,Windows,unspecified
22:51:38.686,147.214,0.399,0.3708,0.3849,0.3857,0.1667,NORMAL,0,0,Windows,unspecified
22:51:38.718,147.246,0.4004,0.3664,0.3834,0.3971,0.1667,NORMAL,0,0,Windows,unspecified
22:51:38.766,147.294,0.3993,0.3593,0.3793,0.4097,0.1667,NORMAL,0,0,Windows,unspecified
22:51:38.797,147.325,0.4141,0.3431,0.3786,0.4065,0.1667,NORMAL,0,0,Windows,unspecified
22:51:38.828,147.357,0.1492,0.1465,0.1479,0.4302,0.1733,NORMAL,1,0,Windows,unspecified
22:51:38.857,147.386,0.1444,0.183,0.1637,0.425,0.18,NORMAL,2,0,Windows,unspecified
22:51:38.889,147.418,0.0935,0.065,0.0793,0.4184,0.1867,NORMAL,3,0,Windows,unspecified
22:51:38.923,147.451,0.1142,0.1009,0.1076,0.4186,0.1933,NORMAL,4,0,Windows,unspecified
22:51:38.955,147.483,0.1213,0.0886,0.1049,0.4056,0.2,NORMAL,5,0,Windows,unspecified
22:51:38.986,147.514,0.1259,0.1098,0.1179,0.3958,0.2067,NORMAL,6,0,Windows,unspecified
22:51:39.017,147.546,0.2374,0.2152,0.2263,0.3935,0.2067,NORMAL,0,0,Windows,unspecified
22:51:39.046,147.574,0.3153,0.2536,0.2845,0.3915,0.2067,NORMAL,0,0,Windows,unspecified
22:51:39.080,147.609,0.3309,0.3272,0.329,0.3657,0.2067,NORMAL,0,0,Windows,unspecified
22:51:39.109,147.638,0.3306,0.309,0.3198,0.3617,0.2067,NORMAL,0,0,Windows,unspecified
22:51:39.162,147.69,0.3561,0.3748,0.3654,0.3643,0.2067,NORMAL,0,0,Windows,unspecified
22:51:39.190,147.718,0.3962,0.3789,0.3876,0.3696,0.2067,NORMAL,0,0,Windows,unspecified
22:51:39.228,147.757,0.3816,0.3518,0.3667,0.3653,0.2067,NORMAL,0,0,Windows,unspecified
22:51:39.250,147.779,0.3884,0.3629,0.3756,0.3818,0.2067,NORMAL,0,0,Windows,unspecified
22:51:39.291,147.82,0.3645,0.309,0.3368,0.3709,0.2067,NORMAL,0,0,Windows,unspecified
22:51:39.310,147.839,0.3147,0.3065,0.3106,0.3678,0.2067,NORMAL,0,0,Windows,unspecified
22:51:39.355,147.884,0.1712,0.1757,0.1734,0.3693,0.2133,NORMAL,1,0,Windows,unspecified
22:51:39.393,147.921,0.1287,0.1652,0.1469,0.3672,0.22,NORMAL,2,0,Windows,unspecified
22:51:39.421,147.95,0.2264,0.1456,0.186,0.3976,0.2267,NORMAL,3,0,Windows,unspecified
22:51:39.562,148.09,0.4297,0.3705,0.4001,0.3815,0.2267,NORMAL,0,0,Windows,unspecified
22:51:39.593,148.122,0.4219,0.3845,0.4032,0.3655,0.2267,NORMAL,0,0,Windows,unspecified
22:51:39.629,148.157,0.4219,0.4039,0.4129,0.3731,0.2267,NORMAL,0,0,Windows,unspecified
22:51:39.657,148.185,0.43,0.39,0.41,0.3637,0.2267,NORMAL,0,0,Windows,unspecified
22:51:39.690,148.218,0.4572,0.3865,0.4218,0.3517,0.2267,NORMAL,0,0,Windows,unspecified
22:51:39.717,148.246,0.4141,0.4009,0.4075,0.342,0.2267,NORMAL,0,0,Windows,unspecified
22:51:39.755,148.284,0.4154,0.3688,0.3921,0.3369,0.2267,NORMAL,0,0,Windows,unspecified
22:51:39.777,148.306,0.3833,0.3669,0.3751,0.3334,0.2267,NORMAL,0,0,Windows,unspecified
22:51:39.819,148.348,0.4642,0.4287,0.4465,0.3317,0.2267,NORMAL,0,0,Windows,unspecified
22:51:39.844,148.372,0.4632,0.397,0.4301,0.3429,0.2267,NORMAL,0,0,Windows,unspecified
22:51:39.882,148.411,0.4034,0.3728,0.3881,0.3353,0.2267,NORMAL,0,0,Windows,unspecified
22:51:39.904,148.433,0.4009,0.3874,0.3941,0.3275,0.2267,NORMAL,0,0,Windows,unspecified
22:51:39.964,148.493,0.3658,0.3641,0.365,0.3283,0.2267,NORMAL,0,0,Windows,unspecified
22:51:40.000,148.528,0.343,0.3323,0.3376,0.3262,0.2267,NORMAL,0,0,Windows,unspecified
22:51:40.029,148.558,0.4009,0.373,0.3869,0.3252,0.2267,NORMAL,0,0,Windows,unspecified
22:51:40.061,148.59,0.3853,0.3759,0.3806,0.3342,0.2267,NORMAL,0,0,Windows,unspecified
22:51:40.093,148.622,0.3725,0.3772,0.3749,0.331,0.2267,NORMAL,0,0,Windows,unspecified
22:51:40.125,148.653,0.3853,0.3493,0.3673,0.3302,0.2267,NORMAL,0,0,Windows,unspecified
22:51:40.155,148.684,0.3658,0.366,0.3659,0.329,0.2267,NORMAL,0,0,Windows,unspecified
22:51:40.187,148.716,0.3828,0.3641,0.3734,0.3296,0.2267,NORMAL,0,0,Windows,unspecified
22:51:40.221,148.749,0.3936,0.3586,0.3761,0.3265,0.2267,NORMAL,0,0,Windows,unspecified
22:51:40.250,148.779,0.3727,0.3808,0.3768,0.3275,0.2267,NORMAL,0,0,Windows,unspecified
22:51:40.280,148.808,0.3727,0.3669,0.3698,0.3212,0.2267,NORMAL,0,0,Windows,unspecified
22:51:40.312,148.84,0.3727,0.366,0.3693,0.3333,0.2267,NORMAL,0,0,Windows,unspecified
22:51:40.363,148.892,0.3877,0.366,0.3768,0.3289,0.2267,NORMAL,0,0,Windows,unspecified
22:51:40.390,148.919,0.3877,0.366,0.3768,0.3313,0.2267,NORMAL,0,0,Windows,unspecified
22:51:40.429,148.958,0.3957,0.3641,0.3799,0.3306,0.2267,NORMAL,0,0,Windows,unspecified
22:51:40.453,148.982,0.4028,0.3641,0.3834,0.3306,0.2267,NORMAL,0,0,Windows,unspecified
22:51:40.493,149.021,0.3658,0.38,0.3729,0.334,0.2267,NORMAL,0,0,Windows,unspecified
22:51:40.529,149.058,0.3658,0.38,0.3729,0.3346,0.2267,NORMAL,0,0,Windows,unspecified
22:51:40.562,149.09,0.3853,0.3447,0.365,0.3368,0.2267,NORMAL,0,0,Windows,unspecified
22:51:40.594,149.122,0.3577,0.3539,0.3558,0.3313,0.2267,NORMAL,0,0,Windows,unspecified
22:51:40.623,149.151,0.4196,0.3865,0.4031,0.3215,0.2267,NORMAL,0,0,Windows,unspecified
22:51:40.656,149.184,0.4743,0.3988,0.4365,0.3291,0.2267,NORMAL,0,0,Windows,unspecified
22:51:40.688,149.216,0.3844,0.3232,0.3538,0.3352,0.2267,NORMAL,0,0,Windows,unspecified
22:51:40.717,149.246,0.3873,0.357,0.3721,0.3345,0.2267,NORMAL,0,0,Windows,unspecified
22:51:40.764,149.292,0.3283,0.3242,0.3263,0.3386,0.2267,NORMAL,0,0,Windows,unspecified
22:51:40.796,149.325,0.3656,0.3269,0.3463,0.3614,0.2267,NORMAL,0,0,Windows,unspecified
22:51:40.955,149.484,0.3372,0.3061,0.3217,0.3669,0.2267,NORMAL,0,0,Windows,unspecified
22:51:40.987,149.515,0.331,0.3065,0.3188,0.3488,0.2267,NORMAL,0,0,Windows,unspecified
22:51:41.019,149.548,0.3361,0.3114,0.3238,0.3426,0.2267,NORMAL,0,0,Windows,unspecified
22:51:41.045,149.573,0.3803,0.3583,0.3693,0.3307,0.2267,NORMAL,0,0,Windows,unspecified
22:51:41.079,149.608,0.3725,0.3731,0.3728,0.3343,0.2267,NORMAL,0,0,Windows,unspecified
22:51:41.110,149.638,0.3689,0.3731,0.371,0.323,0.2267,NORMAL,0,0,Windows,unspecified
22:51:41.161,149.69,0.3899,0.3719,0.3809,0.3239,0.2267,NORMAL,0,0,Windows,unspecified
22:51:41.188,149.717,0.3899,0.3745,0.3822,0.317,0.2267,NORMAL,0,0,Windows,unspecified
22:51:41.226,149.755,0.3899,0.3636,0.3768,0.3236,0.2267,NORMAL,0,0,Windows,unspecified
22:51:41.248,149.777,0.3744,0.3523,0.3634,0.329,0.2267,NORMAL,0,0,Windows,unspecified
22:51:41.290,149.819,0.3776,0.4014,0.3895,0.329,0.2267,NORMAL,0,0,Windows,unspecified
22:51:41.312,149.841,0.3694,0.3729,0.3711,0.3355,0.2267,NORMAL,0,0,Windows,unspecified
22:51:41.354,149.883,0.3866,0.369,0.3778,0.3236,0.2267,NORMAL,0,0,Windows,unspecified
22:51:41.389,149.918,0.4003,0.369,0.3847,0.3285,0.22,NORMAL,0,0,Windows,unspecified
22:51:41.421,149.949,0.4076,0.3873,0.3975,0.327,0.2133,NORMAL,0,0,Windows,unspecified
22:51:41.451,149.98,0.3873,0.3814,0.3844,0.316,0.2067,NORMAL,0,0,Windows,unspecified
22:51:41.500,150.029,0.3931,0.374,0.3835,0.3189,0.2,NORMAL,0,0,Windows,unspecified
22:51:41.527,150.056,0.3899,0.39,0.39,0.3272,0.2,NORMAL,0,0,Windows,unspecified
22:51:41.563,150.092,0.405,0.3929,0.399,0.3355,0.2,NORMAL,0,0,Windows,unspecified
22:51:41.591,150.12,0.4254,0.4021,0.4137,0.3396,0.2,NORMAL,0,0,Windows,unspecified
22:51:41.627,150.156,0.4249,0.3901,0.4075,0.344,0.2,NORMAL,0,0,Windows,unspecified
22:51:41.653,150.182,0.405,0.3955,0.4002,0.3256,0.2,NORMAL,0,0,Windows,unspecified
22:51:41.692,150.22,0.3882,0.3893,0.3888,0.3346,0.2,NORMAL,0,0,Windows,unspecified
22:51:41.716,150.245,0.4015,0.4015,0.4015,0.3485,0.2,NORMAL,0,0,Windows,unspecified
22:51:41.755,150.284,0.4177,0.4219,0.4198,0.3272,0.2,NORMAL,0,0,Windows,unspecified
22:51:41.779,150.308,0.4351,0.409,0.4221,0.3369,0.2,NORMAL,0,0,Windows,unspecified
22:51:41.820,150.348,0.3882,0.4288,0.4085,0.3407,0.2,NORMAL,0,0,Windows,unspecified
22:51:41.855,150.384,0.3719,0.4159,0.3939,0.3411,0.2,NORMAL,0,0,Windows,unspecified
22:51:41.898,150.426,0.3792,0.3486,0.3639,0.343,0.2,NORMAL,0,0,Windows,unspecified
22:51:41.936,150.464,0.371,0.3237,0.3473,0.3466,0.2,NORMAL,0,0,Windows,unspecified
22:51:41.966,150.495,0.3712,0.3385,0.3549,0.3428,0.2,NORMAL,0,0,Windows,unspecified
22:51:41.996,150.525,0.3815,0.3437,0.3626,0.3589,0.2,NORMAL,0,0,Windows,unspecified
22:51:42.054,150.583,0.3929,0.3736,0.3833,0.3607,0.2,NORMAL,0,0,Windows,unspecified
22:51:42.091,150.619,0.3789,0.3683,0.3736,0.3444,0.2,NORMAL,0,0,Windows,unspecified
22:51:42.122,150.651,0.3625,0.3682,0.3654,0.3461,0.2,NORMAL,0,0,Windows,unspecified
22:51:42.154,150.682,0.3618,0.3497,0.3557,0.3456,0.2,NORMAL,0,0,Windows,unspecified
22:51:42.182,150.71,0.345,0.3497,0.3473,0.358,0.2,NORMAL,0,0,Windows,unspecified
22:51:42.213,150.742,0.3422,0.3497,0.3459,0.3602,0.1933,NORMAL,0,0,Windows,unspecified
22:51:42.248,150.777,0.362,0.3545,0.3583,0.362,0.1867,NORMAL,0,0,Windows,unspecified
22:51:42.277,150.806,0.3342,0.3364,0.3353,0.3484,0.18,NORMAL,0,0,Windows,unspecified
22:51:42.305,150.834,0.3365,0.3365,0.3365,0.3622,0.1733,NORMAL,0,0,Windows,unspecified
22:51:42.363,150.891,0.345,0.3398,0.3424,0.36,0.1667,NORMAL,0,0,Windows,unspecified
22:51:42.386,150.915,0.3576,0.3359,0.3468,0.3627,0.16,NORMAL,0,0,Windows,unspecified
22:51:42.418,150.947,0.3864,0.3452,0.3658,0.3693,0.1533,NORMAL,0,0,Windows,unspecified
22:51:42.455,150.984,0.3585,0.3388,0.3487,0.3787,0.1467,NORMAL,0,0,Windows,unspecified
22:51:42.480,151.008,0.3789,0.3662,0.3725,0.3747,0.14,NORMAL,0,0,Windows,unspecified
22:51:42.512,151.041,0.3805,0.3547,0.3676,0.3611,0.1333,NORMAL,0,0,Windows,unspecified
22:51:42.552,151.08,0.415,0.3777,0.3964,0.3644,0.1267,NORMAL,0,0,Windows,unspecified
22:51:42.574,151.103,0.4042,0.3774,0.3908,0.3575,0.12,NORMAL,0,0,Windows,unspecified
22:51:42.606,151.135,0.3792,0.3987,0.389,0.3642,0.12,NORMAL,0,0,Windows,unspecified
22:51:42.650,151.179,0.3498,0.3628,0.3563,0.3544,0.12,NORMAL,0,0,Windows,unspecified
22:51:42.684,151.212,0.3601,0.3461,0.3531,0.346,0.12,NORMAL,0,0,Windows,unspecified
22:51:42.715,151.244,0.3492,0.3655,0.3573,0.3554,0.12,NORMAL,0,0,Windows,unspecified
22:51:42.760,151.289,0.335,0.3215,0.3283,0.3512,0.12,NORMAL,0,0,Windows,unspecified
22:51:42.793,151.322,0.3525,0.3352,0.3439,0.3559,0.12,NORMAL,0,0,Windows,unspecified
22:51:42.824,151.353,0.3548,0.3361,0.3454,0.3514,0.12,NORMAL,0,0,Windows,unspecified
22:51:42.855,151.383,0.3386,0.3007,0.3196,0.3657,0.12,NORMAL,0,0,Windows,unspecified
22:51:42.885,151.413,0.346,0.3289,0.3374,0.3499,0.12,NORMAL,0,0,Windows,unspecified
22:51:42.917,151.446,0.345,0.3438,0.3444,0.3553,0.12,NORMAL,0,0,Windows,unspecified
22:51:42.953,151.482,0.1036,0.1885,0.146,0.3498,0.1267,NORMAL,1,0,Windows,unspecified
22:51:42.980,151.508,0.0966,0.1562,0.1264,0.3486,0.1333,NORMAL,2,0,Windows,unspecified
22:51:43.011,151.54,0.1072,0.1448,0.126,0.3622,0.14,NORMAL,3,0,Windows,unspecified
22:51:43.064,151.592,0.1352,0.1672,0.1512,0.3586,0.1467,NORMAL,4,0,Windows,unspecified
22:51:43.086,151.615,0.1462,0.2012,0.1737,0.3544,0.1533,NORMAL,5,0,Windows,unspecified
22:51:43.120,151.649,0.172,0.2096,0.1908,0.353,0.16,NORMAL,6,0,Windows,unspecified
22:51:43.161,151.689,0.2981,0.2885,0.2933,0.3588,0.16,NORMAL,0,0,Windows,unspecified
22:51:43.197,151.725,0.3201,0.276,0.2981,0.3536,0.16,NORMAL,0,0,Windows,unspecified
22:51:43.229,151.757,0.3034,0.276,0.2897,0.3584,0.1533,NORMAL,0,0,Windows,unspecified
22:51:43.257,151.786,0.3443,0.2802,0.3123,0.3885,0.1467,NORMAL,0,0,Windows,unspecified
22:51:43.291,151.82,0.313,0.2817,0.2974,0.3918,0.14,NORMAL,0,0,Windows,unspecified
22:51:43.324,151.853,0.365,0.3088,0.3369,0.391,0.1333,NORMAL,0,0,Windows,unspecified
22:51:43.352,151.88,0.365,0.3404,0.3527,0.3976,0.1267,NORMAL,0,0,Windows,unspecified
22:51:43.387,151.916,0.3427,0.326,0.3343,0.4088,0.12,NORMAL,0,0,Windows,unspecified
22:51:43.418,151.947,0.3208,0.326,0.3234,0.4124,0.1133,NORMAL,0,0,Windows,unspecified
22:51:43.464,151.993,0.3781,0.3606,0.3693,0.4042,0.1067,NORMAL,0,0,Windows,unspecified
22:51:43.496,152.024,0.3427,0.3133,0.328,0.4029,0.1067,NORMAL,0,0,Windows,unspecified
22:51:43.526,152.055,0.3364,0.3241,0.3302,0.4029,0.1,NORMAL,0,0,Windows,unspecified
22:51:43.563,152.091,0.3579,0.3288,0.3434,0.4025,0.1,NORMAL,0,0,Windows,unspecified
22:51:43.590,152.119,0.3378,0.3121,0.325,0.4022,0.1,NORMAL,0,0,Windows,unspecified
22:51:43.620,152.149,0.3394,0.3121,0.3258,0.4022,0.1,NORMAL,0,0,Windows,unspecified
22:51:43.655,152.184,0.3579,0.3316,0.3448,0.4028,0.1,NORMAL,0,0,Windows,unspecified
22:51:43.681,152.21,0.3213,0.3149,0.3181,0.4163,0.1,NORMAL,0,0,Windows,unspecified
22:51:43.716,152.245,0.3213,0.291,0.3061,0.4105,0.1,NORMAL,0,0,Windows,unspecified
22:51:43.753,152.282,0.3134,0.2897,0.3016,0.4187,0.1,NORMAL,0,0,Windows,unspecified
22:51:43.777,152.306,0.3106,0.2843,0.2974,0.418,0.1,NORMAL,0,0,Windows,unspecified
22:51:43.809,152.337,0.3003,0.2908,0.2955,0.4135,0.1,NORMAL,0,0,Windows,unspecified
22:51:43.837,152.366,0.3106,0.2908,0.3007,0.4135,0.1,NORMAL,0,0,Windows,unspecified
22:51:43.870,152.399,0.3096,0.3106,0.3101,0.4068,0.1,NORMAL,0,0,Windows,unspecified
22:51:43.900,152.429,0.2992,0.2897,0.2945,0.4153,0.1,NORMAL,0,0,Windows,unspecified
22:51:43.961,152.49,0.1691,0.1992,0.1842,0.4119,0.1067,NORMAL,1,0,Windows,unspecified
22:51:43.994,152.523,0.1637,0.1479,0.1558,0.4169,0.1133,NORMAL,2,0,Windows,unspecified
22:51:44.027,152.556,0.1481,0.1493,0.1487,0.4124,0.12,NORMAL,3,0,Windows,unspecified
22:51:44.057,152.586,0.0697,0.0657,0.0677,0.4051,0.1267,NORMAL,4,0,Windows,unspecified
22:51:44.087,152.616,0.0588,0.0658,0.0623,0.4031,0.1267,NORMAL,5,0,Windows,unspecified
22:51:44.121,152.65,0.0456,0.0642,0.0549,0.4024,0.1267,NORMAL,6,0,Windows,unspecified
22:51:44.151,152.68,0.0521,0.0623,0.0572,0.4197,0.1267,NORMAL,7,0,Windows,unspecified
22:51:44.182,152.711,0.0671,0.0521,0.0596,0.4173,0.1267,NORMAL,8,0,Windows,unspecified
22:51:44.211,152.74,0.0569,0.0462,0.0515,0.42,0.1267,NORMAL,9,0,Windows,unspecified
22:51:44.243,152.771,0.057,0.0604,0.0587,0.42,0.1267,WARNING,10,0,Windows,unspecified
22:51:44.274,152.803,0.0415,0.0677,0.0546,0.4184,0.1333,WARNING,11,0,Windows,unspecified
22:51:44.306,152.835,0.0416,0.0818,0.0617,0.4183,0.14,WARNING,12,0,Windows,unspecified
22:51:44.360,152.888,0.0609,0.087,0.074,0.4371,0.1467,WARNING,13,0,Windows,unspecified
22:51:44.402,152.931,0.0828,0.0843,0.0835,0.4389,0.1533,WARNING,14,0,Windows,unspecified
22:51:44.432,152.961,0.0828,0.0843,0.0835,0.4425,0.16,WARNING,15,0,Windows,unspecified
22:51:44.463,152.991,0.0857,0.102,0.0939,0.4354,0.1667,WARNING,16,0,Windows,unspecified
22:51:44.495,153.024,0.0828,0.087,0.0849,0.4527,0.1733,WARNING,17,0,Windows,unspecified
22:51:44.526,153.055,0.0999,0.087,0.0935,0.4399,0.18,WARNING,18,0,Windows,unspecified
22:51:44.557,153.085,0.1348,0.1174,0.1261,0.4372,0.1867,WARNING,19,0,Windows,unspecified
22:51:44.664,153.192,0.1756,0.1342,0.1549,0.4366,0.1933,DROWSY,20,0,Windows,unspecified
22:51:44.697,153.226,0.1936,0.153,0.1733,0.442,0.1933,DROWSY,21,0,Windows,unspecified
22:51:44.759,153.288,0.1799,0.1263,0.1531,0.4328,0.1933,DROWSY,22,0,Windows,unspecified
22:51:44.793,153.321,0.1621,0.1392,0.1507,0.4114,0.1933,DROWSY,23,0,Windows,unspecified
22:51:44.826,153.354,0.1628,0.1135,0.1381,0.4139,0.2,DROWSY,24,0,Windows,unspecified
22:51:44.856,153.384,0.106,0.0965,0.1013,0.4299,0.2067,DROWSY,25,0,Windows,unspecified
22:51:44.888,153.416,0.1191,0.0854,0.1023,0.4342,0.2133,DROWSY,26,0,Windows,unspecified
22:51:44.918,153.446,0.1052,0.0918,0.0985,0.4358,0.22,DROWSY,27,0,Windows,unspecified
22:51:44.952,153.48,0.1117,0.103,0.1073,0.435,0.2267,DROWSY,28,0,Windows,unspecified
22:51:44.984,153.513,0.1166,0.1102,0.1134,0.4068,0.2333,DROWSY,29,0,Windows,unspecified
22:51:45.016,153.545,0.13,0.1186,0.1243,0.4086,0.24,DROWSY,30,0,Windows,unspecified
22:51:45.045,153.573,0.1297,0.1186,0.1241,0.4086,0.2467,DROWSY,31,0,Windows,unspecified
22:51:45.076,153.605,0.1114,0.0966,0.104,0.3875,0.2533,DROWSY,32,0,Windows,unspecified
22:51:45.109,153.638,0.1293,0.094,0.1116,0.3758,0.26,DROWSY,33,0,Windows,unspecified
22:51:45.160,153.689,0.1119,0.112,0.112,0.3866,0.2667,DROWSY,34,0,Windows,unspecified
22:51:45.187,153.716,0.1462,0.121,0.1336,0.3734,0.2733,DROWSY,35,0,Windows,unspecified
22:51:45.218,153.747,0.1424,0.1121,0.1273,0.3724,0.28,DROWSY,36,0,Windows,unspecified
22:51:45.254,153.783,0.1615,0.1121,0.1368,0.3647,0.2867,DROWSY,37,0,Windows,unspecified
22:51:45.278,153.807,0.1595,0.1244,0.142,0.3693,0.2933,DROWSY,38,0,Windows,unspecified
22:51:45.312,153.841,0.161,0.1244,0.1427,0.3693,0.3,DROWSY,39,0,Windows,unspecified
22:51:45.368,153.897,0.1559,0.1121,0.134,0.3789,0.3067,DROWSY,40,0,Windows,unspecified
22:51:45.403,153.932,0.1077,0.1121,0.1099,0.3847,0.3133,DROWSY,41,0,Windows,unspecified
22:51:45.433,153.962,0.093,0.0964,0.0947,0.3806,0.32,DROWSY,42,0,Windows,unspecified
22:51:45.464,153.992,0.0788,0.116,0.0974,0.3831,0.3267,DROWSY,43,0,Windows,unspecified
22:51:45.496,154.024,0.1081,0.1104,0.1092,0.4028,0.3333,DROWSY,44,0,Windows,unspecified
22:51:45.525,154.054,0.1222,0.1137,0.1179,0.398,0.34,DROWSY,45,0,Windows,unspecified
22:51:45.559,154.088,0.1259,0.0988,0.1124,0.4021,0.3467,DROWSY,46,0,Windows,unspecified
22:51:45.588,154.117,0.112,0.1171,0.1145,0.3936,0.3533,DROWSY,47,0,Windows,unspecified
22:51:45.622,154.151,0.112,0.1171,0.1145,0.3962,0.36,DROWSY,48,0,Windows,unspecified
22:51:45.657,154.186,0.1615,0.1397,0.1506,0.3913,0.3667,DROWSY,49,0,Windows,unspecified
22:51:45.683,154.212,0.166,0.1632,0.1646,0.4032,0.3733,DROWSY,50,0,Windows,unspecified
22:51:45.715,154.244,0.166,0.1588,0.1624,0.3954,0.38,DROWSY,51,0,Windows,unspecified
22:51:45.768,154.296,0.1755,0.1589,0.1672,0.3997,0.3867,DROWSY,52,0,Windows,unspecified
22:51:45.871,154.399,0.1765,0.1632,0.1698,0.3916,0.3933,DROWSY,53,0,Windows,unspecified
22:51:45.899,154.428,0.1459,0.1315,0.1387,0.3904,0.4,DROWSY,54,0,Windows,unspecified
22:51:45.961,154.489,0.1449,0.1302,0.1376,0.3974,0.4067,DROWSY,55,0,Windows,unspecified
22:51:45.995,154.523,0.1299,0.1397,0.1348,0.3843,0.4133,DROWSY,56,0,Windows,unspecified
22:51:46.024,154.553,0.144,0.145,0.1445,0.3886,0.42,DROWSY,57,0,Windows,unspecified
22:51:46.058,154.586,0.1996,0.1631,0.1814,0.3932,0.4267,DROWSY,58,0,Windows,unspecified
22:51:46.178,154.706,0.2296,0.1973,0.2134,0.38,0.4267,DROWSY,0,0,Windows,unspecified
22:51:46.211,154.74,0.22,0.1973,0.2086,0.3644,0.4267,DROWSY,0,0,Windows,unspecified
22:51:46.243,154.771,0.2421,0.2116,0.2269,0.3642,0.4267,DROWSY,0,0,Windows,unspecified
22:51:46.274,154.803,0.2338,0.2036,0.2187,0.3639,0.4267,DROWSY,0,0,Windows,unspecified
22:51:46.304,154.833,0.2304,0.2036,0.217,0.3594,0.4267,DROWSY,0,0,Windows,unspecified
22:51:46.365,154.893,0.2575,0.2497,0.2536,0.3796,0.4267,DROWSY,0,0,Windows,unspecified
22:51:46.399,154.928,0.2493,0.2291,0.2392,0.3736,0.4267,DROWSY,0,0,Windows,unspecified
22:51:46.432,154.96,0.2484,0.2446,0.2465,0.3681,0.4267,DROWSY,0,0,Windows,unspecified
22:51:46.464,154.993,0.2349,0.2487,0.2418,0.3774,0.4267,DROWSY,0,0,Windows,unspecified
22:51:46.568,155.097,0.168,0.2058,0.1869,0.3507,0.4333,DROWSY,1,0,Windows,unspecified
22:51:46.603,155.132,0.1635,0.1942,0.1788,0.356,0.44,DROWSY,2,0,Windows,unspecified
22:51:46.635,155.164,0.1283,0.1795,0.1539,0.3525,0.4467,DROWSY,3,0,Windows,unspecified
22:51:46.664,155.193,0.1222,0.1844,0.1533,0.3571,0.4533,DROWSY,4,0,Windows,unspecified
22:51:46.695,155.224,0.1205,0.1844,0.1525,0.3592,0.46,DROWSY,5,0,Windows,unspecified
22:51:46.729,155.257,0.1222,0.1628,0.1425,0.3553,0.4667,DROWSY,6,0,Windows,unspecified
22:51:46.755,155.283,0.1222,0.1635,0.1428,0.3672,0.4733,DROWSY,7,0,Windows,unspecified
22:51:46.793,155.322,0.1222,0.1445,0.1333,0.3671,0.48,DROWSY,8,0,Windows,unspecified
22:51:46.820,155.349,0.126,0.1237,0.1248,0.3636,0.4867,DROWSY,9,0,Windows,unspecified
22:51:46.855,155.384,0.0984,0.1001,0.0992,0.3816,0.4933,DROWSY,10,0,Windows,unspecified
22:51:46.883,155.412,0.1055,0.088,0.0968,0.3751,0.5,DROWSY,11,0,Windows,unspecified
22:51:46.912,155.441,0.1125,0.1003,0.1064,0.377,0.5067,DROWSY,12,0,Windows,unspecified
22:51:46.944,155.473,0.1087,0.1089,0.1088,0.3706,0.5133,DROWSY,13,0,Windows,unspecified
22:51:46.976,155.504,0.1087,0.1089,0.1088,0.3845,0.52,DROWSY,14,0,Windows,unspecified
22:51:47.006,155.534,0.1087,0.1055,0.1071,0.3902,0.5267,DROWSY,15,0,Windows,unspecified
22:51:47.065,155.594,0.1531,0.1091,0.1311,0.3822,0.5333,DROWSY,16,0,Windows,unspecified
22:51:47.102,155.63,0.1431,0.0971,0.1201,0.3744,0.54,DROWSY,17,0,Windows,unspecified
22:51:47.133,155.662,0.184,0.1689,0.1764,0.3763,0.5467,DROWSY,18,0,Windows,unspecified
22:51:47.164,155.693,0.208,0.1745,0.1912,0.3762,0.5533,DROWSY,19,0,Windows,unspecified
22:51:47.194,155.723,0.2474,0.2312,0.2393,0.3728,0.5533,DROWSY,0,0,Windows,unspecified
22:51:47.228,155.756,0.2531,0.2307,0.2419,0.3728,0.5533,DROWSY,0,0,Windows,unspecified
22:51:47.258,155.786,0.2638,0.2445,0.2542,0.3622,0.5533,DROWSY,0,0,Windows,unspecified
22:51:47.290,155.818,0.2672,0.2514,0.2593,0.3747,0.5533,DROWSY,0,0,Windows,unspecified
22:51:47.318,155.847,0.2822,0.2711,0.2767,0.3771,0.5533,DROWSY,0,0,Windows,unspecified
22:51:47.350,155.879,0.2822,0.2585,0.2703,0.3636,0.5533,DROWSY,0,0,Windows,unspecified
22:51:47.382,155.91,0.2984,0.2537,0.2761,0.3703,0.5533,DROWSY,0,0,Windows,unspecified
22:51:47.413,155.942,0.3145,0.2656,0.2901,0.3695,0.5533,DROWSY,0,0,Windows,unspecified
22:51:47.463,155.992,0.2664,0.2577,0.2621,0.3669,0.5533,DROWSY,0,0,Windows,unspecified
22:51:47.492,156.021,0.2504,0.2504,0.2504,0.3718,0.5533,DROWSY,0,0,Windows,unspecified
22:51:47.534,156.062,0.2722,0.2496,0.2609,0.3675,0.5533,DROWSY,0,0,Windows,unspecified
22:51:47.572,156.1,0.2875,0.2722,0.2799,0.3655,0.5533,DROWSY,0,0,Windows,unspecified
22:51:47.601,156.13,0.2823,0.2577,0.27,0.3497,0.5533,DROWSY,0,0,Windows,unspecified
22:51:47.633,156.162,0.2987,0.2588,0.2787,0.3621,0.5533,DROWSY,0,0,Windows,unspecified
22:51:47.664,156.193,0.2823,0.2504,0.2664,0.3679,0.5533,DROWSY,0,0,Windows,unspecified
22:51:47.695,156.224,0.276,0.2504,0.2632,0.3591,0.5533,DROWSY,0,0,Windows,unspecified
22:51:47.729,156.258,0.2822,0.2504,0.2663,0.3616,0.5533,DROWSY,0,0,Windows,unspecified
22:51:47.757,156.286,0.2743,0.2504,0.2624,0.3664,0.5533,DROWSY,0,0,Windows,unspecified
22:51:47.789,156.317,0.2919,0.2657,0.2788,0.3529,0.5533,DROWSY,0,0,Windows,unspecified
22:51:47.837,156.366,0.2987,0.273,0.2858,0.3558,0.5533,DROWSY,0,0,Windows,unspecified
22:51:47.867,156.396,0.267,0.2746,0.2708,0.3591,0.5533,DROWSY,0,0,Windows,unspecified
22:51:47.901,156.429,0.267,0.2657,0.2663,0.3716,0.5533,DROWSY,0,0,Windows,unspecified
22:51:47.927,156.456,0.2955,0.2425,0.269,0.3546,0.5533,DROWSY,0,0,Windows,unspecified
22:51:47.962,156.49,0.2955,0.2875,0.2915,0.3591,0.5533,DROWSY,0,0,Windows,unspecified
22:51:47.994,156.522,0.281,0.2875,0.2842,0.3591,0.5533,DROWSY,0,0,Windows,unspecified
22:51:48.025,156.554,0.2955,0.2809,0.2882,0.3657,0.5533,DROWSY,0,0,Windows,unspecified
22:51:48.054,156.583,0.2722,0.2489,0.2606,0.3668,0.5533,DROWSY,0,0,Windows,unspecified
22:51:48.087,156.616,0.2577,0.2858,0.2718,0.3591,0.5533,DROWSY,0,0,Windows,unspecified
22:51:48.119,156.648,0.2577,0.2875,0.2726,0.3525,0.5533,DROWSY,0,0,Windows,unspecified
22:51:48.151,156.68,0.2722,0.2412,0.2567,0.3591,0.5533,DROWSY,0,0,Windows,unspecified
22:51:48.183,156.712,0.2875,0.2769,0.2822,0.3601,0.5533,DROWSY,0,0,Windows,unspecified
22:51:48.204,156.733,0.267,0.2809,0.2739,0.3543,0.5533,DROWSY,0,0,Windows,unspecified
22:51:48.263,156.791,0.2823,0.2823,0.2823,0.3471,0.5533,DROWSY,0,0,Windows,unspecified
22:51:48.289,156.818,0.2889,0.2809,0.2849,0.3525,0.5533,DROWSY,0,0,Windows,unspecified
22:51:48.332,156.861,0.2823,0.2793,0.2808,0.3525,0.5467,DROWSY,0,0,Windows,unspecified
22:51:48.370,156.898,0.2875,0.2858,0.2867,0.3571,0.54,DROWSY,0,0,Windows,unspecified
22:51:48.400,156.928,0.2722,0.2809,0.2766,0.3535,0.5333,DROWSY,0,0,Windows,unspecified
22:51:48.431,156.959,0.273,0.273,0.273,0.3573,0.5267,DROWSY,0,0,Windows,unspecified
22:51:48.460,156.989,0.2785,0.2785,0.2785,0.352,0.52,DROWSY,0,0,Windows,unspecified
22:51:48.492,157.021,0.2935,0.2848,0.2892,0.3544,0.5133,DROWSY,0,0,Windows,unspecified
22:51:48.523,157.052,0.3079,0.2848,0.2964,0.3542,0.5133,DROWSY,0,0,Windows,unspecified
22:51:48.554,157.083,0.2875,0.2848,0.2862,0.35,0.5133,DROWSY,0,0,Windows,unspecified
22:51:48.584,157.113,0.2889,0.2769,0.2829,0.3475,0.5133,DROWSY,0,0,Windows,unspecified
22:51:48.617,157.145,0.2797,0.2848,0.2823,0.3393,0.5133,DROWSY,0,0,Windows,unspecified
22:51:48.668,157.197,0.2785,0.2848,0.2817,0.339,0.5133,DROWSY,0,0,Windows,unspecified
22:51:48.693,157.222,0.2941,0.2992,0.2967,0.3486,0.5133,DROWSY,0,0,Windows,unspecified
22:51:48.728,157.257,0.2889,0.2848,0.2869,0.3447,0.5133,DROWSY,0,0,Windows,unspecified
22:51:48.756,157.285,0.2889,0.2848,0.2869,0.3544,0.5133,DROWSY,0,0,Windows,unspecified
22:51:48.792,157.32,0.2785,0.2848,0.2817,0.3574,0.5133,DROWSY,0,0,Windows,unspecified
22:51:48.820,157.348,0.2941,0.2848,0.2895,0.353,0.5133,DROWSY,0,0,Windows,unspecified
22:51:48.858,157.387,0.2848,0.2992,0.292,0.3521,0.5133,DROWSY,0,0,Windows,unspecified
22:51:48.883,157.412,0.2848,0.2977,0.2913,0.3462,0.5133,DROWSY,0,0,Windows,unspecified
22:51:48.914,157.443,0.2875,0.2992,0.2934,0.3441,0.5133,DROWSY,0,0,Windows,unspecified
22:51:48.945,157.473,0.2875,0.2785,0.283,0.3497,0.5133,DROWSY,0,0,Windows,unspecified
22:51:48.975,157.504,0.2875,0.2992,0.2934,0.3494,0.5133,DROWSY,0,0,Windows,unspecified
22:51:49.005,157.534,0.2875,0.2862,0.2868,0.349,0.5133,DROWSY,0,0,Windows,unspecified
22:51:49.064,157.593,0.2809,0.2505,0.2657,0.3548,0.5133,DROWSY,0,0,Windows,unspecified
22:51:49.085,157.614,0.303,0.2711,0.2871,0.3621,0.5133,DROWSY,0,0,Windows,unspecified
22:51:49.128,157.656,0.2809,0.2708,0.2759,0.3535,0.5133,DROWSY,0,0,Windows,unspecified
22:51:49.162,157.69,0.2875,0.2575,0.2725,0.355,0.5133,DROWSY,0,0,Windows,unspecified
22:51:49.193,157.722,0.276,0.2568,0.2664,0.3561,0.5133,DROWSY,0,0,Windows,unspecified
22:51:49.225,157.754,0.2858,0.2568,0.2713,0.3563,0.5133,DROWSY,0,0,Windows,unspecified
22:51:49.254,157.783,0.2858,0.2505,0.2682,0.3613,0.5133,DROWSY,0,0,Windows,unspecified
22:51:49.276,157.804,0.2971,0.2437,0.2704,0.3555,0.5133,DROWSY,0,0,Windows,unspecified
22:51:49.303,157.832,0.2746,0.2437,0.2591,0.3555,0.5067,DROWSY,0,0,Windows,unspecified
22:51:49.334,157.863,0.3071,0.2568,0.2819,0.3567,0.5,DROWSY,0,0,Windows,unspecified
22:51:49.366,157.895,0.316,0.2796,0.2978,0.3561,0.4933,DROWSY,0,0,Windows,unspecified
22:51:49.405,157.934,0.3265,0.2827,0.3046,0.356,0.4867,DROWSY,0,0,Windows,unspecified
22:51:49.463,157.992,0.3563,0.3163,0.3363,0.3626,0.48,DROWSY,0,0,Windows,unspecified
22:51:49.493,158.022,0.3536,0.3197,0.3366,0.3552,0.4733,DROWSY,0,0,Windows,unspecified
22:51:49.530,158.058,0.3389,0.3101,0.3245,0.3647,0.4667,DROWSY,0,0,Windows,unspecified
22:51:49.554,158.083,0.3443,0.3101,0.3272,0.3635,0.46,DROWSY,0,0,Windows,unspecified
22:51:49.595,158.124,0.3563,0.3197,0.338,0.3586,0.4533,DROWSY,0,0,Windows,unspecified
22:51:49.617,158.145,0.3496,0.3101,0.3299,0.3652,0.4467,DROWSY,0,0,Windows,unspecified
22:51:49.657,158.186,0.3619,0.3163,0.3391,0.3662,0.44,DROWSY,0,0,Windows,unspecified
22:51:49.679,158.208,0.375,0.334,0.3545,0.3611,0.4333,DROWSY,0,0,Windows,unspecified
22:51:49.712,158.24,0.3599,0.3227,0.3413,0.3711,0.4267,DROWSY,0,0,Windows,unspecified
22:51:49.742,158.271,0.3496,0.3288,0.3392,0.3722,0.42,DROWSY,0,0,Windows,unspecified
22:51:49.774,158.303,0.3496,0.3227,0.3362,0.3662,0.4133,DROWSY,0,0,Windows,unspecified
22:51:49.805,158.333,0.3826,0.3227,0.3526,0.3643,0.4067,DROWSY,0,0,Windows,unspecified
22:51:49.868,158.397,0.3707,0.327,0.3488,0.3581,0.4,DROWSY,0,0,Windows,unspecified
22:51:49.900,158.429,0.3707,0.327,0.3488,0.365,0.3933,DROWSY,0,0,Windows,unspecified
22:51:49.930,158.458,0.3624,0.327,0.3447,0.3588,0.3867,DROWSY,0,0,Windows,unspecified
22:51:49.964,158.492,0.3767,0.3428,0.3598,0.3493,0.38,DROWSY,0,0,Windows,unspecified
22:51:49.994,158.523,0.3707,0.349,0.3598,0.3542,0.3733,DROWSY,0,0,Windows,unspecified
22:51:50.024,158.553,0.3653,0.339,0.3522,0.3581,0.3667,DROWSY,0,0,Windows,unspecified
22:51:50.059,158.588,0.343,0.349,0.346,0.3601,0.36,DROWSY,0,0,Windows,unspecified
22:51:50.086,158.614,0.3487,0.3445,0.3466,0.3601,0.3533,DROWSY,0,0,Windows,unspecified
22:51:50.117,158.646,0.3433,0.3211,0.3322,0.3601,0.3467,NORMAL,0,0,Windows,unspecified
22:51:50.140,158.669,0.2153,0.2282,0.2217,0.3497,0.34,NORMAL,0,0,Windows,unspecified
22:51:50.164,158.693,0.2161,0.2018,0.209,0.3557,0.3333,NORMAL,0,0,Windows,unspecified
22:51:50.204,158.732,0.2011,0.2155,0.2083,0.3602,0.3267,NORMAL,0,0,Windows,unspecified
22:51:50.266,158.795,0.1734,0.21,0.1917,0.3604,0.3267,NORMAL,1,0,Windows,unspecified
22:51:50.292,158.821,0.1805,0.1952,0.1879,0.3614,0.3267,NORMAL,2,0,Windows,unspecified
22:51:50.332,158.86,0.1423,0.1936,0.1679,0.3566,0.3267,NORMAL,3,0,Windows,unspecified
22:51:50.353,158.882,0.1491,0.1877,0.1684,0.3509,0.3267,NORMAL,4,0,Windows,unspecified
22:51:50.393,158.921,0.1571,0.1854,0.1712,0.3609,0.3267,NORMAL,5,0,Windows,unspecified
22:51:50.416,158.944,0.1525,0.2268,0.1896,0.3523,0.3267,NORMAL,6,0,Windows,unspecified
22:51:50.456,158.985,0.1699,0.2204,0.1951,0.3509,0.3267,NORMAL,7,0,Windows,unspecified
22:51:50.495,159.024,0.164,0.2341,0.1991,0.3469,0.3267,NORMAL,8,0,Windows,unspecified
22:51:50.526,159.055,0.1592,0.2286,0.1939,0.3509,0.3267,NORMAL,9,0,Windows,unspecified
22:51:50.555,159.084,0.1433,0.2286,0.1859,0.358,0.3267,WARNING,10,0,Windows,unspecified
22:51:50.587,159.116,0.159,0.2268,0.1929,0.3485,0.3267,WARNING,11,0,Windows,unspecified
22:51:50.619,159.147,0.185,0.2268,0.2059,0.349,0.3267,WARNING,12,0,Windows,unspecified
22:51:50.670,159.199,0.159,0.1986,0.1788,0.3571,0.3267,WARNING,13,0,Windows,unspecified
22:51:50.698,159.226,0.159,0.1986,0.1788,0.3571,0.3267,WARNING,14,0,Windows,unspecified
22:51:50.732,159.261,0.1647,0.1986,0.1816,0.365,0.3267,WARNING,15,0,Windows,unspecified
22:51:50.762,159.291,0.1483,0.1854,0.1668,0.3666,0.3267,WARNING,16,0,Windows,unspecified
22:51:50.795,159.324,0.1391,0.1986,0.1688,0.361,0.3267,WARNING,17,0,Windows,unspecified
22:51:50.820,159.349,0.147,0.1986,0.1728,0.3628,0.3267,WARNING,18,0,Windows,unspecified
22:51:50.856,159.385,0.147,0.1986,0.1728,0.3582,0.3267,WARNING,19,0,Windows,unspecified
22:51:50.885,159.413,0.147,0.1986,0.1728,0.355,0.3267,DROWSY,20,0,Windows,unspecified
22:51:50.915,159.444,0.1435,0.1986,0.171,0.3536,0.3267,DROWSY,21,0,Windows,unspecified
22:51:50.947,159.475,0.1435,0.1925,0.168,0.3479,0.3267,DROWSY,22,0,Windows,unspecified
22:51:50.976,159.505,0.132,0.1912,0.1616,0.3579,0.3267,DROWSY,23,0,Windows,unspecified
22:51:51.007,159.536,0.0657,0.1142,0.09,0.3605,0.3267,DROWSY,24,0,Windows,unspecified
22:51:51.065,159.594,0.0502,0.0769,0.0635,0.3557,0.3267,DROWSY,25,0,Windows,unspecified
22:51:51.100,159.629,0.0294,0.0806,0.055,0.357,0.3267,DROWSY,26,0,Windows,unspecified
22:51:51.130,159.658,0.0462,0.093,0.0696,0.3578,0.3267,DROWSY,27,0,Windows,unspecified
22:51:51.164,159.693,0.0462,0.0993,0.0728,0.3492,0.3267,DROWSY,28,0,Windows,unspecified
22:51:51.194,159.723,0.0521,0.0778,0.065,0.3596,0.3267,DROWSY,29,0,Windows,unspecified
22:51:51.227,159.756,0.0286,0.0671,0.0478,0.3657,0.3267,DROWSY,30,0,Windows,unspecified
22:51:51.254,159.783,0.0658,0.1094,0.0876,0.3733,0.3333,DROWSY,31,0,Windows,unspecified
22:51:51.289,159.818,0.0537,0.1515,0.1026,0.3671,0.34,DROWSY,32,0,Windows,unspecified
22:51:51.319,159.848,0.0794,0.1395,0.1094,0.3711,0.3467,DROWSY,33,0,Windows,unspecified
22:51:51.351,159.88,0.0995,0.1645,0.132,0.3625,0.3533,DROWSY,34,0,Windows,unspecified
